n_features,n_classes,standard_fidelity_train,standard_extreme_train,standard_moderate_train,standard_fidelity_test,standard_extreme_test,standard_moderate_test,kernel_fidelity_train,kernel_extreme_train,kernel_moderate_train,kernel_fidelity_test,kernel_extreme_test,kernel_moderate_test,logistic_fidelity_train,logistic_extreme_train,logistic_moderate_train,logistic_fidelity_test,logistic_extreme_test,logistic_moderate_test,combined_fidelity_train,combined_extreme_train,combined_moderate_train,combined_fidelity_test,combined_extreme_test,combined_moderate_test,standard_direction_variance,kernel_direction_variance,logistic_direction_variance,combined_direction_variance,seed
8,3,0.7427176186190391,0.8527151959338672,0.7361107154450327,0.8043550663195869,0.7997699370548744,0.8044815259193737,0.7468656809430169,0.8317645154406933,0.741766310640463,0.8043754399068159,0.7997699370548744,0.8045024614178464,0.741944008287447,0.8527151959338672,0.7352906389213661,0.8039274138941628,0.7997699370548744,0.8040420786782652,0.7465161653939063,0.8317645154406933,0.7413958017617975,0.7933994414767364,0.7997699370548744,0.7932237407985777,0.09789192673180094,0.09710185080783248,0.09106964381706054,0.09455447537899285,0
8,3,0.8713554273560842,0.9896691998566967,0.8297825790534404,0.8236517252356695,1.0,0.7813226914404688,0.8749397841458776,0.9896691998566967,0.8346263997072896,0.8376521788748874,1.0,0.79868368646312,0.8752265249787324,0.9896691998566967,0.8350138949400295,0.8343409701533202,1.0,0.7945776853566231,0.8740805849084892,0.9896691998566967,0.8334652968216382,0.8285936354205359,1.0,0.787450812738019,0.02139744694993416,0.030724360417411563,0.023126354701290843,0.027435464529573912,0
8,3,0.7465793563386915,0.8557416213417556,0.7369525893248483,0.6664344471785816,0.9671971000279855,0.6428007359908735,0.7391483873853157,0.92971782523724,0.7223425105733234,0.6753787416266023,0.9671971000279855,0.6524478666114032,0.733092113349293,0.8953909977416734,0.7187793510902075,0.676126162588181,0.9671971000279855,0.6532540193702123,0.7297320590135469,0.92971782523724,0.7120957780380068,0.6760827013545428,0.9206185836321307,0.6568672490301692,0.05981838282891219,0.05789639444004772,0.050875556079060004,0.053365046092272446,0
8,3,0.8238869964130568,1.0,0.8159635502638238,0.7982922314794821,1.0,0.7874428991768484,0.8397978952963057,1.0,0.8325902915205466,0.816379855963198,1.0,0.8065034095837414,0.8417009647258378,1.0,0.8345789813633137,0.8151002022275402,1.0,0.8051549266269172,0.8476756113767583,1.0,0.8408224315099163,0.8134868707766778,1.0,0.803454818304975,0.008308943485168925,0.008837674335106597,0.00880265096868248,0.009735204268481743,0
8,3,0.7645946702476367,0.9158999134937732,0.7584815929248376,0.7477022096633469,1.0,0.7362341687307074,0.7630804393977572,0.9158999134937732,0.7569061836909755,0.7531359912041697,1.0,0.7419149394704685,0.7656125304879681,0.9158999134937732,0.7595405770430957,0.754259284188166,1.0,0.7430892910463875,0.7680361462998131,0.9158999134937732,0.7620621124679081,0.757074346591573,1.0,0.7460323103804802,0.057108073311222834,0.04643361663691963,0.04763015719246182,0.046055042831737385,0
8,3,0.7343389083910353,0.7099237943746989,0.739166011968399,0.7152323760283531,0.7984221049525788,0.705544124499949,0.725532234624662,0.7197797153866428,0.72666956317345,0.7372272618448543,0.7984221049525788,0.7301005282933016,0.7285991799002814,0.7197797153866428,0.7303428731173491,0.7263964538723529,0.7984221049525788,0.7180083675883131,0.7285730845298831,0.7197797153866428,0.7303116184404769,0.7417771483844461,0.7984221049525788,0.7351802932901417,0.07263032974179337,0.051229112395198166,0.05027043475730403,0.05727139363666435,0
8,3,0.805708879514319,1.0,0.7945706253885174,0.8252143660797859,1.0,0.809762482987567,0.816751034332507,1.0,0.8062458010372712,0.8326572704937694,1.0,0.817863375625708,0.8239409194828536,1.0,0.8138478654356439,0.8416524408939619,1.0,0.8276537619615639,0.8310344132387054,1.0,0.8213480125470117,0.8466897058688506,1.0,0.8331363451685679,0.02271570638634548,0.028726890216010853,0.029634286128870257,0.03586924132069562,0
8,3,0.7857459779539804,1.0,0.7822776795091839,0.7978428846310573,1.0,0.7912314032678601,0.7937784025053674,1.0,0.7904401312372533,0.7978568784202557,1.0,0.7912458547192899,0.7915987704455167,1.0,0.7882252157581641,0.7978568784202557,1.0,0.7912458547192899,0.8069575900677298,1.0,0.8038326606789875,0.7933155913139616,1.0,0.7865560463254149,0.02713960982957682,0.03061070173066622,0.026893217854486128,0.03121186431866651,0
8,3,0.8457972830329301,1.0,0.8218558766806379,0.780475269707633,0.9958395089499036,0.7270945104798769,0.846494602073779,1.0,0.8226614609897164,0.7789860055567185,0.9958395089499036,0.7252361133134433,0.8503026859103354,1.0,0.8270607852683854,0.7896431644540687,0.9958395089499036,0.7385347842610432,0.8510772862797444,1.0,0.8279556495512287,0.7940909068535392,0.9958395089499036,0.7440849560469736,0.016682132790410347,0.018396269201540725,0.016723695379622955,0.019628694735923144,1
8,3,0.884378390141645,1.0,0.8695663238868356,0.8727896552592984,0.9806680095748258,0.8539438916765802,0.9041531596276321,0.9854846457626845,0.8937339364157227,0.889140041953533,0.9806680095748258,0.8731506022745362,0.896931441140468,0.9854846457626845,0.885587057200936,0.8924404869390099,0.9806680095748258,0.8770276171039704,0.9069937357575988,0.9854846457626845,0.8969384133933809,0.9060980229664681,0.9806680095748258,0.8930710506242946,0.010091893989941618,0.008256723665136185,0.007962046798798611,0.008080627078129952,1
8,3,0.8368047694936831,1.0,0.8104121048069513,0.8257281572628031,0.9753788101291159,0.8009814925888288,0.8608230259772504,1.0,0.8383147014624952,0.8413976917992609,0.9753788101291159,0.8192421866648136,0.8555540815748158,1.0,0.8321936397375445,0.833903682271963,0.9753788101291159,0.810508946053096,0.8764801500587381,1.0,0.8565039658801878,0.8474899802125772,0.9753788101291159,0.8263419135060539,0.006315750631582969,0.005753633939964145,0.005085804082549912,0.005455542383931502,1
8,3,0.8449208950205508,0.9894894790309632,0.8097889364375443,0.7922423657869037,1.0,0.7407202727953102,0.8585579359257668,0.9894894790309632,0.8267399473837364,0.7929839923178899,1.0,0.7416458162795251,0.8517901087282025,0.9894894790309632,0.8183274542552623,0.8040324065285184,1.0,0.7554341414759794,0.8612552179581493,0.9894894790309632,0.8300927023966214,0.7883015441559689,1.0,0.7358021615485141,0.012594908685928965,0.009997634444318504,0.010216541831650848,0.009679845590670668,1
8,3,0.8821481727134193,1.0,0.8602464026053697,0.8719630231911899,1.0,0.846274216512252,0.8907060261493358,1.0,0.870394661068406,0.8853733644393372,1.0,0.8623751528713467,0.8894024495729015,1.0,0.8688488257578252,0.8853733644393372,1.0,0.8623751528713467,0.9025505086184024,1.0,0.8844403409058892,0.8967350819762581,1.0,0.8760164381754952,0.008028083533985143,0.005395079758499,0.005386723133528994,0.005269154530174534,1
8,3,0.847149996312158,1.0,0.8192612512309658,0.8460444142151001,0.9871212408665224,0.8189950764050599,0.8611431706628143,1.0,0.8358075957675981,0.8513092755075038,0.9871212408665224,0.8252693948492967,0.8611431706628143,1.0,0.8358075957675981,0.855374252925964,0.9871212408665224,0.8301137699193203,0.8625003193937857,1.0,0.837412367488966,0.857893473889074,0.9871212408665224,0.8331160132218657,0.008103132846189402,0.0058694307090573624,0.005856071958725803,0.00565339157424655,1
8,3,0.8496622230766101,1.0,0.8141482851120261,0.8738561487460469,0.9921129277827353,0.8478164101823724,0.8568442338167572,1.0,0.8230268852863548,0.8664883795647196,0.9921129277827353,0.8388262834090144,0.8547068355407155,1.0,0.8203845744638167,0.8675648080167425,0.9921129277827353,0.8401397377271358,0.8549560520770497,1.0,0.8206926628339127,0.8644561289824955,0.9921129277827353,0.8363465381944482,0.012760285392789086,0.00904732319107424,0.008720447239470675,0.009216757067575338,1
8,3,0.8280037633268837,0.9697574917324592,0.8106669058338575,0.8653921220503289,1.0,0.8437861559517416,0.836809246397196,1.0,0.8168505837841277,0.8684402078673401,1.0,0.8473234912824591,0.836809246397196,1.0,0.8168505837841277,0.8734235313472976,1.0,0.8531066900728834,0.8563095773592817,1.0,0.8387358570172855,0.8750027299634373,1.0,0.8549393665112943,0.013493982991473984,0.010715755286041276,0.009929178105724414,0.010146027466813645,1
8,3,0.8765555199022032,0.978704906914096,0.848761834860085,0.8611001105414569,0.9536120988450183,0.8353097592306528,0.8823663435983475,0.978704906914096,0.8561537175167411,0.8709457989123265,0.9536120988450183,0.8479002136219889,0.8895168978575537,0.978704906914096,0.8652498561673033,0.8588378447838945,0.9536120988450183,0.8324168224680039,0.891753845595043,0.978704906914096,0.8680954519122862,0.8728135375274009,0.9536120988450183,0.850288637565774,0.009979410570202518,0.006506629295499998,0.006134580980618457,0.006727879366862871,2
8,3,0.8007599197649317,0.9422769805247543,0.7476000264373082,0.8762962084442628,0.9547824628001762,0.8420641956291216,0.8414258001911094,0.9345181876200697,0.8064562964523609,0.8871346454086758,0.9435678562978618,0.8625211329635806,0.8279390657078214,0.9345181876200697,0.7879033645606462,0.8856410104874713,0.9547824628001762,0.8554847608224923,0.8449608226875215,0.9474638007346562,0.8064562964523609,0.8871346454086758,0.9435678562978618,0.8625211329635806,0.03613638779994321,0.036459756576807646,0.03338696057968577,0.0351488802586975,2
8,3,0.8603322753665865,0.9472376620484159,0.8352549005547855,0.8518334694871637,0.8830257250550071,0.844803178362941,0.8684127405147388,0.9648036742040703,0.840598221013933,0.8514397096153549,0.9031564900464725,0.8397834822659906,0.8684127405147388,0.9648036742040703,0.840598221013933,0.8603929925835341,0.9400065970660055,0.8424492175415812,0.8717392605379726,0.9648036742040703,0.8448846399873552,0.8625217231945392,0.9483159742163415,0.8431849182573001,0.07369834738680135,0.07753857507655917,0.07043994805360868,0.07991150616991187,2
8,3,0.9182506209976854,0.9907448786736128,0.8928915409740731,0.9045442423712365,0.9392984648231365,0.8934800602172677,0.9087022203664631,0.9907448786736128,0.8800030322643996,0.9109364412006664,0.9392984648231365,0.9019072478113314,0.9172636610236623,0.9907448786736128,0.8915593343865424,0.9083874860770207,0.9392984648231365,0.8985468199571606,0.916574793017514,0.9907448786736128,0.8906294947579009,0.9097296389693964,0.9392984648231365,0.9003162539978997,0.07718159520763335,0.0881439111157082,0.08526049837505789,0.09653970935642046,2
8,3,0.7976627129220701,0.9256016247330126,0.7552451808098785,0.8347641359742698,0.9092439506885156,0.8023222116755073,0.7871384116045179,0.9338920614755599,0.738482943398059,0.8385222987866292,0.9092439506885156,0.8077173553789813,0.7834973100539335,0.9338920614755599,0.7336346521054365,0.8401052835513596,0.9198493931915613,0.8053703372018647,0.7930170363572329,0.9338920614755599,0.7463105979705077,0.8507001683253813,0.9198493931915613,0.8205801428254033,0.03529956481654742,0.03230628789097526,0.031915449389940245,0.031478405472183474,2
8,3,0.9086715516214354,0.9733667554633006,0.8885367687967279,0.8906419983836322,0.9822390388630948,0.8662902259505493,0.9101912951129421,0.9797695968171657,0.8885367687967279,0.8915987033403576,0.9867943049877551,0.8662902259505493,0.9086715516214354,0.9733667554633006,0.8885367687967279,0.8915987033403576,0.9867943049877551,0.8662902259505493,0.9122821982533553,0.9885787946648179,0.8885367687967279,0.8954773283330373,0.9867943049877551,0.8712000130056777,0.14015823595292165,0.22160527292124546,0.17921911835766174,0.2337375621269355,2
8,3,0.8599459221942397,0.9584015826933108,0.7774078084146826,0.8017520684539574,0.9635768517672859,0.7088401151733625,0.8675447156742004,0.9512915353325537,0.7973374315566718,0.7958592894971585,0.9296339838705209,0.7190523387986494,0.8614949998459827,0.9480163811468891,0.7889617236688748,0.7987353962325945,0.9377703839949533,0.7189082398301524,0.8787758190221236,0.9410476940810368,0.826571577205804,0.7794677435045113,0.905570875960909,0.7070654321191175,0.012286287073301903,0.019092432796670153,0.016104298367268316,0.02330049194510926,2
8,3,0.8415532346012952,0.8751132646005522,0.8329890674100898,0.8241350662173949,0.9185066262050032,0.7932213435044203,0.8457153145065235,0.9128263881726981,0.828589273341747,0.8203200915223154,0.9319167699578635,0.7837638581263799,0.8515199576841396,0.9279438194051145,0.8320173908154428,0.8203200915223154,0.9319167699578635,0.7837638581263799,0.8515775901260552,0.9128263881726981,0.8359475401307654,0.8313956562300939,0.9678373839091503,0.7867008166353752,0.04376830725756685,0.02579253133390408,0.02544327073112808,0.024128864672466402,2
8,3,0.8064288106190209,1.0,0.7552084810415512,0.8146247499073855,1.0,0.7605500930885709,0.8472846770495218,1.0,0.8068751037133886,0.8513564600643106,0.9960311196007504,0.8091543184035263,0.8303839752540373,1.0,0.7855023546115694,0.8415981075071239,0.9960311196007504,0.796549417747911,0.8391357555545975,1.0,0.796569918954258,0.8580630882408433,0.9960311196007504,0.8178172952127715,0.006233227424450204,0.005166308413984003,0.004621267792149237,0.005540585808277659,3
8,3,0.7671364805075663,0.9668992172042641,0.7287425854777583,0.7495863392754576,0.904669829738965,0.7204832663617773,0.7559845226459998,0.9286990559224917,0.7227892242114969,0.7515575790729246,0.895305637555552,0.7245817210063027,0.7602425566351811,0.950577083941309,0.723660739711863,0.7529784914051756,0.895305637555552,0.726269282709714,0.7566542777179703,0.9286990559224917,0.7235877045219886,0.7505954532706568,0.8834726453734109,0.7256596293555925,0.04891888408703927,0.04231960966716554,0.04107871527117125,0.042503507783879915,3
8,3,0.7767116416518376,1.0,0.735568955847142,0.7581487204676127,0.8950551305602983,0.7276813900592063,0.773332433297099,1.0,0.7315671010246876,0.7318347611745977,0.8849732042290136,0.6977551330577758,0.772469925470188,1.0,0.7305456691553891,0.7380948750721896,0.8849732042290136,0.7054083808369959,0.776364093539947,1.0,0.7351573691849423,0.7281870005652713,0.8849732042290136,0.6932955950622784,0.023465093959489466,0.018899733139574406,0.020536277316217648,0.01876905244981291,3
8,3,0.7874671228264766,0.9540804779093629,0.7458487933354582,0.7658511886006453,0.9352066362428706,0.7307765801726422,0.7889499426461849,0.9540804779093629,0.7477020065357076,0.7718089209255361,0.9352066362428706,0.7379681973906594,0.7830726139171655,0.9540804779093629,0.7403565805857323,0.7694985359017613,0.9352066362428706,0.7351793166872063,0.7953246365003388,0.9540804779093629,0.7556690343843039,0.7804202456849255,0.9352066362428706,0.7483629831971361,0.057122362786325244,0.051313875948380515,0.05044636593966302,0.051540039939659485,3
8,3,0.8241030381921006,0.9919458483506567,0.7675599104975208,0.8279782232933572,1.0,0.7667032184416526,0.8655794096689036,0.9903752739230498,0.8235379991276256,0.8496894493974652,1.0,0.7961480903104731,0.8576343838858963,0.9919458483506567,0.8123873442366984,0.8539121216662783,1.0,0.8018748992572832,0.8655794096689036,0.9903752739230498,0.8235379991276256,0.8621159785709949,1.0,0.8130010104327278,0.00529028048223245,0.0033855550677106177,0.0038653994218476413,0.0036634370439577995,3
8,3,0.7725901314139334,0.9005609866700008,0.756060755139627,0.7573768290778634,0.9211832993324224,0.7271429944840805,0.7763084785598895,0.9005609866700008,0.7602593831977564,0.7430632147903437,0.9211832993324224,0.7101875099081921,0.7730467059255258,0.9005609866700008,0.7565763031720594,0.7507109532997442,0.9211832993324224,0.7192467949868484,0.7702015976768054,0.9005609866700008,0.7533637060549547,0.7487936038119677,0.9211832993324224,0.7169755594335102,0.034255344907450955,0.03703804577379788,0.03413708690037724,0.03774477517704938,3
8,3,0.8726585392276163,0.9887588642279032,0.8393676229162383,0.8735056056611812,1.0,0.8238863245344609,0.8979904187013058,0.9887588642279032,0.8719632329571457,0.8699178282338061,1.0,0.818891188799079,0.8982639013783089,0.9887588642279032,0.872315134785109,0.8784271300965997,1.0,0.8307383891002106,0.900570784491577,0.9887588642279032,0.8752834997044249,0.8725204590176165,1.0,0.8225147396735061,0.0050756143934705695,0.005622547927999628,0.005201744146793228,0.006386640121341304,3
8,3,0.8565849345655131,1.0,0.8135720608410585,0.8563721768100259,1.0,0.8176395881209789,0.8600711286713585,1.0,0.8181038300850484,0.8723265254041417,1.0,0.8378963985095632,0.8501473334276484,1.0,0.8052037021220951,0.8700418028102164,1.0,0.8349955472399143,0.8746459286270866,1.0,0.8370498864925002,0.8616884436293155,1.0,0.8243895101436925,0.009018827033402333,0.0053251725184016345,0.00507628726070226,0.005082809250362249,3
8,3,0.6566751729365315,0.8970962574138414,0.6414719982262194,0.6183927035011167,0.644474839003843,0.6168825449928883,0.6751479133552603,0.8752824827532382,0.6624922811308839,0.6474019569104764,0.6240698135491555,0.6487528905718946,0.6983297971427801,0.8970962574138414,0.6857606781380097,0.6340207401653896,0.6656105693975038,0.6321916855857376,0.6833444319946202,0.8303846419836269,0.674046254146517,0.6526141060248529,0.6240698135491555,0.654266823692048,0.17877963277239975,0.15490529161587197,0.14464906231899383,0.15554029741667652,4
8,3,0.7710593428524014,0.9348368805842552,0.7122865444266512,0.8062929361616493,0.9329704121085767,0.7505942210757516,0.7890202073387842,0.9348368805842552,0.7366927999149351,0.8308222123083089,0.9529144202918273,0.7771395899174803,0.7890202073387842,0.9348368805842552,0.7366927999149351,0.8197640263049473,0.9529144202918273,0.7612192392162198,0.7942346753137977,0.9348368805842552,0.7437785188529148,0.8281206203817248,0.9440685062606761,0.7771395899174803,0.01471575599574298,0.015207252792960795,0.014297110834504054,0.01634195033378682,4
8,3,0.7603014293773548,0.9610074779952046,0.6941089275482774,0.7549230425563911,0.9328402879205324,0.7009220867258305,0.7657499320958396,0.9610074779952046,0.7013543368804027,0.7576182900668597,0.9504123406609822,0.6991019669908146,0.7620082071952488,0.9610074779952046,0.6963785976886039,0.7593461512234719,0.9504123406609822,0.7013542638411596,0.7592450305530988,0.9610074779952046,0.6927041302497934,0.7544449658273603,0.9504123406609822,0.6949654840550208,0.03240585251107784,0.02953129393849862,0.026507642486736288,0.0340004990824482,4
8,3,0.7186129398130727,0.9659909966792032,0.6581840758399221,0.7032121742796262,0.8459264845479658,0.6695795681697182,0.7267935637936298,0.9659909966792032,0.66836304122553,0.6931231062654614,0.8459264845479658,0.6571128713816871,0.7175092768386755,0.9659909966792032,0.6568108129640748,0.6937989444218009,0.8459264845479658,0.6579479801708277,0.724635275349115,0.9659909966792032,0.6656775317312557,0.7020785293215015,0.8459264845479658,0.6681787640579431,0.05019912135001005,0.03504197413232664,0.03687988433632425,0.03685282840876151,4
8,3,0.7127708879072975,0.9176951476982004,0.6665372495440727,0.7571617538168726,0.8801163676891499,0.7224762531289426,0.7115255662595366,0.9230532575517224,0.6638021059284386,0.7523029134818883,0.8801163676891499,0.7162467337728625,0.7197378450363509,0.9230532575517224,0.6738671840150693,0.7582822824219644,0.8801163676891499,0.723912882891028,0.7150048733162386,0.9230532575517224,0.6680663909295692,0.7523029134818883,0.8801163676891499,0.7162467337728625,0.04764483584353238,0.05670466159377405,0.04348857727366318,0.06310861464847359,4
8,3,0.6799022840350379,0.9377963128853058,0.6660362013417375,0.63884556160367,0.5587620878587566,0.6432789045854393,0.6951244215886161,0.9377963128853058,0.6820767813347459,0.6121764314183844,0.5587620878587566,0.6151333973699387,0.682313448673093,0.9377963128853058,0.6685770060819984,0.6257813396905433,0.5587620878587566,0.629491460091892,0.7019529949764183,0.9377963128853058,0.6892725038329585,0.5931032616097239,0.5587620878587566,0.5950043554873388,0.09572778869541293,0.07390230767456124,0.0741989872283777,0.07843719318662716,4
8,3,0.7460445833167515,0.8546758136327268,0.7353978427003963,0.6940453421916658,0.9436286360577656,0.6697235586958037,0.7440772612180091,0.8546758136327268,0.7332377070982701,0.7023631298847751,0.9056499011013924,0.6825529223964646,0.7462103078359494,0.8546758136327268,0.7355798095650462,0.703316771595577,0.9436286360577656,0.6798984848649274,0.7429486398525557,0.8266045813089262,0.734749679874727,0.6986761255702573,0.8106202924025441,0.687767215173473,0.05354968010156553,0.04886344451626691,0.050306642263987345,0.05028529812122456,4
8,3,0.7248139507566911,0.880307910310223,0.7120168005855597,0.7494240309698599,0.6814030924668985,0.7532677743438307,0.7268829253117997,0.880307910310223,0.7142560517106262,0.7410364743504427,0.7032653122621461,0.743170856162857,0.7269270886569422,0.880307910310223,0.7143038496983073,0.7485613703365082,0.7032653122621461,0.7511209707613501,0.7346720557649666,0.880307910310223,0.722686227464832,0.748125854358373,0.7032653122621461,0.7506608445427204,0.05018690568454892,0.05609442717390036,0.05028632862665791,0.05911452718848316,4
8,3,0.8483130532972117,0.9712395525792068,0.7712211019766063,0.8308551805756219,0.9621661437480837,0.7536743430532427,0.8443139083848747,0.9712395525792068,0.7647139389664085,0.8329774301134374,0.9755419604686087,0.749182066893496,0.8540251551646518,0.9712395525792068,0.7805154833498904,0.8302069399170785,0.9680579202795039,0.749182066893496,0.8456958628185944,0.9712395525792068,0.7669625703538677,0.83800838315117,0.9755419604686087,0.7571700705811275,0.012142483403235064,0.009680401255352272,0.010155912958169411,0.011350630633881826,5
8,3,0.8486364932031757,0.9732176878052073,0.8301205428460842,0.818753349129112,0.9388413057798464,0.7987790458675803,0.8541926649117414,0.9732176878052073,0.8365025037105488,0.8444345374929286,0.9147670218454944,0.8327360923634062,0.8589032321730707,0.9732176878052073,0.8419131816895762,0.8340722933242873,0.9147670218454944,0.8206502897858525,0.8548774887546927,0.9732176878052073,0.8372891098836499,0.8391258001744988,0.8955468277927916,0.8297412561502154,0.02439169217626453,0.021651551639814415,0.022145260194123002,0.02130079686003976,5
8,3,0.8820698268760253,0.9943725650847004,0.780273197791628,0.8767314487154672,0.9611207247821608,0.8008405112768583,0.9060213746676247,1.0,0.8208346070302672,0.8929552503454028,0.9623701511147741,0.8305307085418652,0.8861036979100925,1.0,0.782862585512753,0.8798681305711845,0.9623701511147741,0.8056743944537644,0.8959705321570804,1.0,0.8016731951484724,0.8929552503454028,0.9623701511147741,0.8305307085418652,0.03937257336840759,0.019765951229708693,0.01980114276795744,0.020952859894775563,5
8,3,0.8437792046990279,0.9808948805240059,0.824673845223933,0.7809156764850204,0.968458450314844,0.7593543141152193,0.8439023101905779,0.9808948805240059,0.8248141039304986,0.7966535667656076,0.968458450314844,0.7769015535290543,0.8511321352847415,0.9808948805240059,0.8330513149893591,0.7898303876903586,0.968458450314844,0.7692939292120551,0.8472813560711965,0.9808948805240059,0.8286639777149553,0.7980681195208326,0.968458450314844,0.7784787341687015,0.015212276806696793,0.014813727025546918,0.014575471746572758,0.01575331836981225,5
8,3,0.870559112186171,1.0,0.833559514778989,0.8137637982993763,0.9783748335067096,0.7654603666993115,0.8742432122937951,1.0,0.838296684153149,0.8414353315406352,0.9897519605059563,0.7979133274820677,0.8747257277806151,1.0,0.8389171226645756,0.8466715889746531,0.9897519605059563,0.8046861113250582,0.8715694352053226,1.0,0.8348586302005349,0.8704101846658083,0.9897519605059563,0.8353905561271497,0.010035943331249656,0.007385682699052182,0.005982221232766803,0.007999854343093775,5
8,3,0.8560149401251338,1.0,0.8346106419313879,0.8486163310256067,0.9735354116571414,0.8361025050156295,0.8747551232616512,1.0,0.8561366729080078,0.8568967938547132,0.9735354116571414,0.8452124669941187,0.8747551232616512,1.0,0.8561366729080078,0.8517639060110704,0.9735354116571414,0.8395653897641999,0.8753251293487291,1.0,0.8567914140382261,0.847591317306994,0.9735354116571414,0.8349748100791617,0.00882054833579381,0.009293336275912048,0.008158285869237412,0.009648197523675593,5
8,3,0.8426862726270768,0.8838750487764372,0.8381672286846982,0.8344127004042674,0.987967754953131,0.8185994172716838,0.8350775241421731,0.8405083935724977,0.8344816740127114,0.8260240929986107,0.9859874323354374,0.8095508770357857,0.8350775241421731,0.8405083935724977,0.8344816740127114,0.8324178814494272,0.9739551872885682,0.8178422004493257,0.8368394459338191,0.8405083935724977,0.8364369057966381,0.8270948949505228,0.9739551872885682,0.8119710464357447,0.017997446030197824,0.01459040210779866,0.014234652612036056,0.015286307812506181,5
8,3,0.8475900443680938,0.8922470460165447,0.7712806272396673,0.7662732695024246,0.8574219819228676,0.5677024713861232,0.8545637383270854,0.9025315376184213,0.7725968648305038,0.7384696679497929,0.8411698999480485,0.5147334626531714,0.8422321548966648,0.8917808124422472,0.7575639273572421,0.737218892707985,0.847189905059744,0.49764302693361784,0.8444283325306412,0.8917808124422472,0.7635129103514736,0.7331354857040261,0.8464624684573234,0.4862485158735289,0.05881427260895895,0.033525990943543436,0.03794469902749496,0.03210313310447818,5
8,3,0.7535186349064465,0.9125321822006275,0.7170120698648912,0.7278042405579087,0.8872056372873917,0.6953107810831867,0.755913431443997,0.8861131896582708,0.7260219786556967,0.7227392616296038,0.8980131099592312,0.6870102542022558,0.7517687086913639,0.8861131896582708,0.7209257043319998,0.7236916789293844,0.8980131099592312,0.6881568186900062,0.7547886567764447,0.8861131896582708,0.724638976558741,0.7073127424838543,0.8889163627347807,0.6702934315106848,0.03600327393111131,0.02032161554598233,0.022892803700663412,0.019838264015787144,6
8,3,0.8181446311679105,0.8913425143606922,0.7920838715213213,0.7988950164726727,0.9566539056143856,0.7452141281966049,0.8045861793175507,0.896729343629821,0.7717803008757672,0.7924437002475277,0.9361258692531971,0.7435527217193513,0.8244313880280626,0.8913425143606922,0.8006089125003936,0.7954734571155542,0.9314916764481923,0.7491903039111338,0.814195187292582,0.896729343629821,0.7848104193577775,0.7939931246450646,0.9361258692531971,0.7456293714189227,0.051284857679742744,0.04100298987761786,0.0399026571091224,0.04720050668972057,6
8,3,0.7201047185973687,0.8300533802511572,0.7048944168200886,0.639023994655911,0.7824232971906334,0.6171720195680557,0.7243914073906589,0.7254929621838716,0.724239018261251,0.6692733324192501,0.7824232971906334,0.6520309179327691,0.7271504796429483,0.8005284309800429,0.7169993712360974,0.6612166912665091,0.7824232971906334,0.6427465614519228,0.7220492079202436,0.7209775602090652,0.7221974597028553,0.6651202892678554,0.8068268118017324,0.6435262693147452,0.05248744150453048,0.05156587227843169,0.05070082337865367,0.05620787967473131,6
8,3,0.7645967639537153,0.92445042006904,0.7297267955106287,0.8000131680346833,0.9261058750638667,0.7751506029701212,0.7898085596966656,0.9308692643255035,0.7590380259566146,0.8200600300040324,0.9657108710609453,0.7913410533256463,0.7894135425111216,0.9308692643255035,0.7585568409777954,0.8240298753245151,0.9657108710609453,0.7960936603133356,0.7859569288021971,0.9137794387807449,0.7580741327649734,0.8155412994370114,0.9657108710609453,0.7859313336175501,0.02600955467044627,0.02351669855463903,0.022002647015510357,0.025387814255052724,6
8,3,0.7478719324929615,0.8804212561837125,0.7152135649219534,0.7750852114564866,0.8944633563758854,0.743200897367774,0.7703233282402795,0.9140725367230741,0.7349054599482805,0.7802288095629201,0.8935980974737227,0.749949381228678,0.7747209188986578,0.9140725367230741,0.7403865576978246,0.7800585287894095,0.8935980974737227,0.7497336207262814,0.7681170576442371,0.902911756237695,0.7349054599482805,0.7873581154085474,0.8787119738774468,0.7629587153457906,0.02118410428677216,0.011797732996734242,0.012576546067856062,0.012754459330265758,6
8,3,0.7846982427524674,0.8731109105066616,0.7591984408976776,0.8027661086310153,0.9128542061908284,0.7732927862119657,0.7910096559639338,0.8775135001260803,0.7660603931281486,0.7823806300001589,0.8896005231201658,0.7536751972630272,0.7960838793897367,0.8922774495857442,0.7683399254744151,0.8044528372319483,0.9128542061908284,0.7754310940207394,0.7879377115397169,0.8527018396786914,0.7692585733936594,0.7791084242743527,0.8648662479667573,0.756148921442823,0.05403078723110823,0.05452759209438006,0.05342918516681868,0.05779340142529203,6
8,3,0.728459713483458,0.7561948883753267,0.7214248114402153,0.6645586921028976,0.6752227416232377,0.6621563459204645,0.7141982347406504,0.7336335222953748,0.7092685616932372,0.6530463383226178,0.6402369388527708,0.6559319787031275,0.7227292049276032,0.7336335222953748,0.7199633739988358,0.6506161109152759,0.6402369388527708,0.652954281263568,0.7147855994084678,0.7336335222953748,0.7100049087604035,0.6557347985808232,0.6402369388527708,0.6592260824577931,0.16775501569874235,0.11087587519205061,0.1274354961454269,0.11023779539396958,6
8,3,0.8110556596921952,0.8541033549337467,0.7975198654334066,0.8089743636438612,0.8581878171062848,0.7897901831850379,0.8332415029201574,0.863939757770947,0.8235888314023785,0.8300216979414584,0.8827009506542938,0.8094864942648738,0.831765197524616,0.863939757770947,0.8216483207576349,0.8258875541328502,0.8826728125820881,0.8037517646515677,0.8378431264044418,0.8710779898170462,0.8273928509402695,0.8374611543640763,0.8940983818225203,0.8153830696980647,0.03678604630340489,0.0165925810558529,0.01635251719705457,0.016639615232023675,6
8,3,0.8929546510427406,0.9879010232771911,0.8604508535817974,0.8845680994833433,0.9466303899691852,0.8651173433092214,0.9095370732811661,0.9879010232771911,0.8827100771678159,0.892513220972614,0.9737894587386964,0.8670406792542472,0.9095370732811661,0.9879010232771911,0.8827100771678159,0.8987561000291405,0.9737894587386964,0.8752401202971658,0.9015413163968902,0.9654953463513314,0.879647390515054,0.8908661275811283,0.9737894587386964,0.8648773752668747,0.02406881545786184,0.01797156759918171,0.01795629316422369,0.01869316324286344,7
8,3,0.8815282141907491,0.979346056549973,0.8609179654731414,0.8829568983270413,0.9709877289935127,0.8630962492228921,0.8801859097553276,0.979346056549973,0.8592928370906615,0.8966924133798416,0.9709877289935127,0.8799306359171741,0.8841488548511447,0.979346056549973,0.8640907759065305,0.8868825284013372,0.9709877289935127,0.8679075412956948,0.8801528793957079,0.979346056549973,0.8592528472243649,0.8943772898879626,0.9709877289935127,0.8770931970619519,0.016201964509902862,0.013256965512858133,0.01236668720137175,0.012828239178989797,7
8,3,0.8394601856114122,0.9759472719366984,0.7686666755764501,0.8507277827680144,1.0,0.7477548178717229,0.8453082964424108,0.9759472719366984,0.7775481011623199,0.8642087923783319,1.0,0.7705354785163144,0.8402804642872377,0.9759472719366984,0.7699124187283076,0.8579323268604726,1.0,0.7599292972922906,0.8462594390151079,0.9759472719366984,0.7789925850691888,0.869591006732873,1.0,0.7796305242340633,0.011887719167026606,0.011472262759712339,0.010078550404501806,0.013795571044297593,7
8,3,0.8017828491161664,0.9730335695241396,0.7636404510730014,0.8713005015115374,0.9922855766124581,0.8499493228416177,0.805601316182467,0.9730335695241396,0.7683093991790935,0.8703982014226175,0.9922855766124581,0.8488877868271397,0.8088696035523762,0.9730335695241396,0.7723056269482346,0.8712868557609188,0.9922855766124581,0.849933268919088,0.8111768504528774,0.9730335695241396,0.7751267632469997,0.8680173643558378,0.9922855766124581,0.8460867848965999,0.01074559781371914,0.011786806513942257,0.01104017315613234,0.012042372854362769,7
8,3,0.9005271069119866,0.9965755156519466,0.8730113235767922,0.845151420584688,0.9173782838811047,0.826554182575012,0.8989429541444857,1.0,0.8699923050422871,0.8395223101773271,0.9343518659537711,0.8151052479010831,0.8947579853498562,1.0,0.8646084335679751,0.8395223101773271,0.9343518659537711,0.8151052479010831,0.8999930675082567,1.0,0.8713432530807181,0.8409444816380023,0.8973692160052001,0.8264160338172372,0.015545853780863622,0.009171676697992947,0.010549802252657675,0.008271463555296347,7
8,3,0.8479442753013339,1.0,0.8362464413121578,0.8347970477114525,1.0,0.8201017399512546,0.8782098085269848,1.0,0.8688403392473201,0.8960249543123201,1.0,0.8867760560656813,0.8740457245846192,1.0,0.8643559072038136,0.8960249543123201,1.0,0.8867760560656813,0.8802131320059745,1.0,0.870997780866421,0.8967571625500854,1.0,0.8875733964651269,0.008865527721301964,0.005903706006768665,0.005798095217220474,0.005285472670441849,7
8,3,0.7833756151522233,0.9566371758219054,0.7412948802878458,0.7325721033721119,0.9574825082585325,0.6827220652890131,0.8092036808787518,0.9566371758219054,0.7733959126302634,0.7382710009028792,0.9226111743557933,0.6974131105286506,0.7943698598150698,0.9566371758219054,0.7549593415463594,0.7418026854889963,0.9574825082585325,0.693998550396861,0.8113689760912488,0.9566371758219054,0.7760871018344109,0.740718020271497,0.9226111743557933,0.700402497017977,0.013003156672978161,0.012920592516595374,0.012532262339269722,0.014214343692114429,7
8,3,0.7772600809981938,1.0,0.737186638873562,0.8116045213011317,0.9530346774570694,0.7677818244009886,0.8184216253086215,0.9612735375543856,0.7927209432601238,0.8284908578200312,0.9642905587327572,0.786412779891114,0.8198294537189607,1.0,0.7874147254057211,0.8292966430494374,0.9642905587327572,0.7874682408815791,0.8277334253907902,0.9612735375543856,0.8037080419746219,0.8329660730882125,0.9642905587327572,0.7922746584253965,0.017568800027998484,0.01223558987459063,0.012871227471202337,0.01226785804736423,7
8,3,0.7933033354577053,0.9010984961056201,0.7826146066927092,0.8567776404703451,0.9678512361759505,0.8444891871283479,0.8020450467622474,0.9180274422357642,0.7905444899721321,0.8545767280197045,0.9678512361759505,0.8420447801749166,0.797873654156974,0.9180274422357642,0.7859594713389174,0.8567776404703451,0.9678512361759505,0.8444891871283479,0.7922014215909292,0.9180274422357642,0.7797247927871159,0.85603164507716,0.9678512361759505,0.8436606597029164,0.02781054191460152,0.016186579677898147,0.017338498184889042,0.01525110951710174,8
8,3,0.8439369565180717,0.9134795436467079,0.8294706773217099,0.8739726965689505,0.9345685955994242,0.8576949212166759,0.8395578769316399,0.9134795436467079,0.8241806596966451,0.8768481127809127,0.9345685955994242,0.8613427556927693,0.8445724671080214,0.9134795436467079,0.8302383871007614,0.881085107715356,0.9345685955994242,0.8667179275140169,0.8467086524171578,0.9134795436467079,0.8328189426062492,0.8886329935313222,0.9515030831598069,0.8717443061494384,0.018158992679158756,0.013683035118313478,0.013741456215901046,0.01368664102056398,8
8,3,0.8421149941136568,0.9717229443830214,0.8333978266412337,0.8293660358205167,0.914018325848476,0.8275030135310861,0.8441444638544857,0.9717229443830214,0.8355637943945246,0.8267700583886479,0.914018325848476,0.82484990399072,0.835864468034397,0.9717229443830214,0.8267269028740976,0.8267700583886479,0.914018325848476,0.82484990399072,0.8374651972611995,0.9717229443830214,0.8284352938972562,0.8238376973002739,0.914018325848476,0.8218530076834346,0.019906059595381692,0.019788479680469196,0.019089577360675073,0.01943888444743748,8
8,3,0.8546881765064714,0.9690046789400835,0.8101067166110837,0.9010588568308084,0.9587787954875063,0.8735703441887831,0.8578547189274257,0.9821295716063236,0.8093896745745599,0.9041991228279385,0.9587787954875063,0.8782061287808799,0.8591875648931181,0.9690046789400835,0.8163607886929349,0.9041991228279385,0.9587787954875063,0.8782061287808799,0.8570760337750867,0.9821295716063236,0.8083073156730148,0.9041991228279385,0.9587787954875063,0.8782061287808799,0.010002107836063994,0.006724791736456749,0.00687150475173297,0.007134106012483224,8
8,3,0.8597249308209035,0.9935019794771843,0.8265251496407878,0.8733778353885693,0.9945822421774811,0.8444127634283526,0.8758208175365154,1.0,0.8450029625582224,0.8658509409940865,0.9945822421774811,0.835087113992291,0.8773758834048812,1.0,0.8469439529709623,0.8698624346665361,0.9945822421774811,0.8400572626012136,0.8727481625617601,1.0,0.8411677591954698,0.865586213602677,0.9945822421774811,0.8347591228290007,0.011016302445950293,0.006970930795863177,0.006816329385923588,0.00665130764780009,8
8,3,0.7954414308399529,1.0,0.7876794725213571,0.7529000625512805,0.9380695162827662,0.7465365840204081,0.7918398805045117,1.0,0.7839412616504964,0.7482136517632533,0.9380695162827662,0.7416891214290974,0.7918398805045117,1.0,0.7839412616504964,0.7534593618855959,0.9380695162827662,0.7471151040697739,0.7961848959668838,1.0,0.7884511483722398,0.7513968728465491,0.9380695162827662,0.7449817361440876,0.010168459156202085,0.01049463769635166,0.010279385950824334,0.011262677528161999,8
8,3,0.8424945062346576,0.9887943450765253,0.7904687315039945,0.8310734534980749,0.9791087959241651,0.789350230542619,0.8578427443860716,0.9887943450765253,0.8112749659655828,0.8283403467378193,0.9791087959241651,0.7858468075805002,0.8652023950014078,0.9887943450765253,0.8212517864154237,0.8283403467378193,0.9791087959241651,0.7858468075805002,0.849700331974481,0.9887943450765253,0.8002370253207216,0.8283403467378193,0.9791087959241651,0.7858468075805002,0.012326193074633056,0.00870840111417547,0.009291876245730689,0.00867557946718017,8
8,3,0.7554708035543289,1.0,0.7441996760541097,0.7502067477565837,0.9212868956030047,0.7387680735676602,0.7653089256958949,1.0,0.7544912684995582,0.7555223124429655,0.9212868956030047,0.744439044847636,0.7653089256958949,1.0,0.7544912684995582,0.7555223124429655,0.9212868956030047,0.744439044847636,0.7704414088859419,1.0,0.7598603241450361,0.7511457509214181,0.9212868956030047,0.7397698598864729,0.017400931272981132,0.01813660795691462,0.018035996060510536,0.0195698711392299,8
8,3,0.7970585183414441,1.0,0.7798078595818704,0.8085604845345813,1.0,0.7872501056630554,0.8088370746988549,1.0,0.7925876299579309,0.8072986336640605,1.0,0.7858477899566059,0.7933857497124918,1.0,0.775822894166913,0.7994576805892075,1.0,0.7771340093449053,0.8067627357618997,1.0,0.790336965743065,0.8011571620831875,1.0,0.7790226711887928,0.011724028703537639,0.009395541398446079,0.010082521839344513,0.009747171650723592,9
8,3,0.8697157663388883,0.9875404951008645,0.844120285177215,0.8194451494197348,0.9397777699867935,0.8019000093779948,0.8729670960057327,0.9875404951008645,0.8480779126485404,0.8217690324540856,0.9397777699867935,0.8045627269950728,0.8664062583682836,0.9875404951008645,0.8400918411241253,0.8257366864725242,0.9397777699867935,0.8091088862024006,0.8688248074184117,0.9875404951008645,0.8430357801098093,0.8233604783296599,0.9397777699867935,0.8063862141959688,0.01773376718782979,0.012721839214331756,0.013080895051735564,0.012097755357913052,9
8,3,0.8466880484747256,1.0,0.7960872514762234,0.8552401108451563,1.0,0.7790945844673848,0.8621107673070443,1.0,0.8166002575107795,0.8896513521102574,1.0,0.8316065723878031,0.864793491877271,1.0,0.8201684186045806,0.8875892049049792,1.0,0.828459709759412,0.8769164414035764,1.0,0.8362925624402713,0.8819116825337724,1.0,0.8197957390564116,0.013394833131841965,0.010464949350828869,0.0081797555172691,0.008141248168750094,9
8,3,0.8739916654597985,1.0,0.838050532470448,0.8780710487693981,1.0,0.8413963487836704,0.8615410822048943,1.0,0.8220486915134851,0.8832882583528183,1.0,0.8481828296049995,0.8628234753512004,1.0,0.8236968593744893,0.8812061593811069,1.0,0.8454744613645262,0.8666162926001351,1.0,0.8285714951368238,0.8824441315926056,1.0,0.8470848000975864,0.011123992800033159,0.009218234978465738,0.007215846791568556,0.009165988394611838,9
8,3,0.8539547941120156,1.0,0.7919322747178122,0.8160973471283065,1.0,0.7671485167633223,0.9199320768219857,1.0,0.8859288085327761,0.8699022243362292,1.0,0.8352744805142264,0.9163302061171047,1.0,0.8807972943569533,0.8593843459514234,1.0,0.821957089252265,0.9207262488241181,1.0,0.8870602497256711,0.8813502568998576,1.0,0.8497696023678651,0.01533815938209456,0.011792779551863655,0.00886155043082651,0.009068242047663827,9
8,3,0.9168386719438925,1.0,0.8807656329265634,0.8847610417301807,0.9810218438047957,0.8496442218642501,0.9469833085903092,1.0,0.9239861628917565,0.904136086033931,0.9810218438047957,0.8760874593062815,0.9511610482298515,1.0,0.9299760881774893,0.9109347658702802,0.9810218438047957,0.8853663596476932,0.9471520066585486,1.0,0.9242280374248261,0.9156854934614519,0.9810218438047957,0.8918501960584024,0.01182244072501775,0.009331831057318888,0.008064720334434394,0.012925582403981447,9
8,3,0.8918255247115047,1.0,0.8702225329999498,0.8517858518222452,1.0,0.8124650814560151,0.8970803878563884,1.0,0.8765268189838308,0.8627986514490845,1.0,0.8263995438966968,0.901212683594766,1.0,0.8814843551529827,0.8555130162743492,1.0,0.8171810514934171,0.900077344549948,1.0,0.8801222831389537,0.8614700209969157,1.0,0.8247184317580385,0.018660804525660886,0.0134694794654188,0.011538533592128874,0.011230329200607314,9
8,3,0.9030292760816312,1.0,0.8671887470302007,0.9224284319810321,0.9888140238980496,0.8820555712082012,0.9283591683038881,1.0,0.9018806064666616,0.9200632960123265,0.9943669843527664,0.874874989669796,0.9193388335815894,1.0,0.889526342125148,0.9084438886210704,0.9844294770180907,0.8622327230276498,0.9190912358833522,1.0,0.8891872319359426,0.9173629208159592,0.9844294770180907,0.8765759268633178,0.011491208244021934,0.007579849468443083,0.006908971619170543,0.009261257512492078,9
8,3,0.821461732474825,1.0,0.7877363512622866,0.7526381788040771,1.0,0.7187481624899654,0.8293470618525296,1.0,0.7971111973858173,0.758670133926703,1.0,0.7256065307450766,0.8318024087684708,1.0,0.8000303524919968,0.7628123648918851,1.0,0.7303162715802467,0.825343612665635,1.0,0.7923515078037144,0.7612129406192548,1.0,0.7284977168272918,0.01915907436693195,0.015377802918855921,0.014742035964495782,0.015956405604397574,10
8,3,0.8290990296140459,1.0,0.8003526385017581,0.8010286807635688,1.0,0.7703589833643466,0.8374363265507714,1.0,0.8100923101471886,0.8122030003544894,1.0,0.7832557270805679,0.8346875197234723,1.0,0.8068811403738441,0.8122030003544894,1.0,0.7832557270805679,0.8374363265507714,1.0,0.8100923101471886,0.8095578845735527,1.0,0.7802028897199657,0.01243870253398545,0.01075943682756779,0.011228457580176095,0.011144140913774036,10
8,3,0.856479962650597,0.9014233397452966,0.8334852603456817,0.8908997365266033,0.8806634304402055,0.8961841803245624,0.8793108650910912,0.8975699088930392,0.8699688595779428,0.8820308886875035,0.8984731081769445,0.8735426719350644,0.8778336520988367,0.8975699088930392,0.8677358495095966,0.8869435165797591,0.901629012427096,0.8793621999607169,0.8829555473903224,0.8975699088930392,0.8754782968173783,0.8837713912311861,0.8984731081769445,0.8761817005480796,0.07625070530627377,0.031246820197516935,0.029010887044171246,0.03513284720667147,10
8,3,0.8110732131209341,1.0,0.7668001210436379,0.8236793810346029,0.9817587790661272,0.7867911868618485,0.8122903233904336,1.0,0.768302448861797,0.8084844817841237,0.9817587790661272,0.768050522628918,0.8145432143029379,1.0,0.7710832820976588,0.8195876756411089,0.9817587790661272,0.781744672524669,0.8128821164712188,1.0,0.7690329226981758,0.8084844817841237,0.9817587790661272,0.768050522628918,0.012234924370339243,0.011185133471899027,0.011180378365751168,0.011661152238017912,10
8,3,0.8261105242237304,0.9080324655196734,0.7854967547823566,0.8105412210510243,0.8515423571272749,0.7874559855556522,0.855140173297431,0.915704714880718,0.8251145868760809,0.8343685196458546,0.8859726034847861,0.8053134118622755,0.8550011941038453,0.9240859913474657,0.8207515903619059,0.836957822734821,0.8931607060234983,0.8053134118622755,0.855140173297431,0.915704714880718,0.8251145868760809,0.836957822734821,0.8931607060234983,0.8053134118622755,0.061867834242035,0.028358467257146677,0.03186794293880607,0.0297683324739957,10
8,3,0.7848121017337581,0.8302952792842827,0.7728671104440703,0.7431388028716945,0.868490613211567,0.7095611447317884,0.8141534475534905,0.9215907594833932,0.7859377901543438,0.7800665227862873,0.8900538182013685,0.7506045166519751,0.8030239872765454,0.9215907594833932,0.7718854622760895,0.7743322675172926,0.8900538182013685,0.7433342415792997,0.8168021577723253,0.9215907594833932,0.7892821162513292,0.7935517788560328,0.8900538182013685,0.7677020326245597,0.04164439450474941,0.02811456296990228,0.028948614034371857,0.028907036531378015,10
8,3,0.9231920254513606,0.9813323439156565,0.9049851722225749,0.9422203327061266,0.9888525934195955,0.9249632388506864,0.9231920254513606,0.9813323439156565,0.9049851722225749,0.9439846767654148,0.9888525934195955,0.9273805096726615,0.9231920254513606,0.9813323439156565,0.9049851722225749,0.9442193401780519,0.9888525934195955,0.927702014436637,0.9231920254513606,0.9813323439156565,0.9049851722225749,0.9442193401780519,0.9888525934195955,0.927702014436637,0.037516939791793644,0.03063585381916316,0.028223346597352462,0.034123583460558965,10
8,3,0.8227040484133075,0.9459872472429849,0.7723382363081456,0.814400022329677,0.9674891704487862,0.7534869065909512,0.840464719037887,0.9857273682955442,0.7811194767999964,0.8425253481644086,0.9674891704487862,0.7928031055137442,0.8420986282696121,0.9762539825274562,0.7872911327666202,0.8338087180230449,0.9674891704487862,0.7806181883828974,0.8343911317328393,0.9857273682955442,0.7725646012098114,0.8466331837328406,0.9674891704487862,0.7985454205112528,0.023127223922027984,0.015998907746565996,0.014794454805761612,0.015781283222594252,10
8,3,0.7834346283078235,0.873571948281536,0.7378802583133892,0.799070714018208,0.8789628171322809,0.757224611572499,0.7827957376181109,0.8796286202393367,0.73385750688481,0.7962362980140578,0.8528377904959329,0.76658941477211,0.7823020381301696,0.8796286202393367,0.7331142973254984,0.800788573369758,0.8796806236505564,0.7594662813093204,0.785901385086798,0.8796286202393367,0.738532713043528,0.8025061552022223,0.8528377904959329,0.7761433147628689,0.02142952779285825,0.0160336120731651,0.015277405263052104,0.016233559250204914,11
8,3,0.8196832866971631,1.0,0.7928751355838579,0.8396053120904344,1.0,0.8181891990008101,0.8196832866971631,1.0,0.7928751355838579,0.8351466580978009,1.0,0.8131352195682993,0.8196832866971631,1.0,0.7928751355838579,0.8365577778637029,1.0,0.8147347539312395,0.8160924192892113,1.0,0.78875040465135,0.8376789789984012,1.0,0.8160056593398752,0.008815242376925162,0.008618557559131108,0.00843275333597312,0.008979289583731332,11
8,3,0.7589482446056517,0.9521763372291646,0.7021245694887571,0.7678420510619014,0.8855266029480948,0.7418506766712456,0.7777751189360896,0.974467986419829,0.7199325379326982,0.7805128905519669,0.9035169581676475,0.7533466676133405,0.7739105159955979,0.974467986419829,0.7149314494068822,0.7901524921023453,0.9035169581676475,0.765115235870538,0.7866683199830287,0.974467986419829,0.7314410127743491,0.7919122795525999,0.9035169581676475,0.7672636834612651,0.06389730661930296,0.0384723993696793,0.04128979382409209,0.04098523774672208,11
8,3,0.7434547780826626,0.8494106252849675,0.7064878229172301,0.7203264133500485,0.9038441504127767,0.6474792349332247,0.7382906478846495,0.8433856279981327,0.7016240407973661,0.7355565769682818,0.9248460466353732,0.6604183151851643,0.7384626163120859,0.8494106252849675,0.6997539449014031,0.7226738817787225,0.9039310993293391,0.6507240142749969,0.7442027765543092,0.8674361007035113,0.7012078792551286,0.7263064377271206,0.9248460466353732,0.6474963426135222,0.029735048685761645,0.03318414167680373,0.03264475125746467,0.03846632922344091,11
8,3,0.8343248665840484,1.0,0.8004721279351545,0.8341869119716128,1.0,0.8049457511964963,0.831895805036072,1.0,0.7975467312761072,0.8459730198399908,1.0,0.8188103408010874,0.831895805036072,1.0,0.7975467312761072,0.8409424154530183,1.0,0.8128925886417369,0.8327856950364295,1.0,0.7986184543191625,0.8444811744571303,1.0,0.8170554082807123,0.011807087574812886,0.01093956923910069,0.01093059693626288,0.011268820650515363,11
8,3,0.8392113593691177,1.0,0.8252975453879235,0.8399775489517,1.0,0.8260624743193685,0.8362710602015149,1.0,0.8221028079993955,0.8343229604459416,1.0,0.8199161796776442,0.8396657028131045,1.0,0.8257912053541373,0.8343229604459416,1.0,0.8199161796776442,0.8387526968776015,1.0,0.8247991926262362,0.8366065102875642,1.0,0.8223983001964729,0.011955453002687254,0.010876867204223258,0.011371994991110962,0.010607149274702942,11
8,3,0.8267663289736258,1.0,0.8075448629037633,0.8255498510821182,1.0,0.8107815791308265,0.8317012839214377,1.0,0.8130273850105673,0.8255498510821182,1.0,0.8107815791308265,0.8267663289736258,1.0,0.8075448629037633,0.8255498510821182,1.0,0.8107815791308265,0.8286168276298976,1.0,0.809600687100521,0.8267317349101734,1.0,0.8120635166527068,0.008651514981404923,0.008636939909006974,0.00859706751294075,0.008784127654929906,11
8,3,0.785024816473181,1.0,0.7305463991538929,0.8081273609631799,0.9561915118618755,0.7604404604028121,0.7923400917841691,1.0,0.7397154913318301,0.8049819398221638,0.9276680020049052,0.7654685396375752,0.7863993128847194,1.0,0.7322692166501408,0.8075923765970441,0.9276680020049052,0.7689197176597276,0.7923400917841691,1.0,0.7397154913318301,0.8016279601644676,0.9276680020049052,0.7610343464815589,0.14443958902454032,0.06208066832141919,0.06835228615469296,0.06087665222101578,11
8,3,0.7374844160168611,0.8633559943611933,0.7363400388925788,0.7532589412938179,1.0,0.7498522417083957,0.7488339405067591,0.8633559943611933,0.7477927489972799,0.7554453604107799,1.0,0.7520688482337217,0.7426283711984574,0.8633559943611933,0.74153076098308,0.7581672919740406,1.0,0.7548283609080335,0.7478614096800065,0.8633559943611933,0.7468113762854456,0.7565957105849693,1.0,0.7532350810400197,0.03559504599949606,0.04280210961804183,0.0385457573867381,0.04542584418191571,12
8,3,0.6658948379491014,0.7700389510733733,0.6585194449696234,0.5953979627654213,0.8254052763452353,0.5784806891228215,0.6528331371776297,0.6873835011521315,0.6503863112913516,0.5898100745503436,0.8254052763452353,0.5724818060026364,0.6631473189190652,0.7700389510733733,0.6555773490983505,0.5962369402596105,0.8254052763452353,0.5793813742715556,0.6528331371776297,0.6873835011521315,0.6503863112913516,0.5881785462456597,0.8254052763452353,0.57073027711903,0.14105221473978508,0.07933336490032727,0.09456366401188893,0.08026557403824583,12
8,3,0.7590339857974123,0.9385915557375825,0.7464630744967984,0.7072259377172873,0.8363590374489294,0.6990231319048802,0.7518338420107787,0.8706654537513591,0.7435143840709236,0.6937409759833376,0.8118907833152476,0.6862358519808084,0.7530033926152696,0.8706654537513591,0.744765815472284,0.6938158097703963,0.8363590374489294,0.6847611644552088,0.7602384000723702,0.8706654537513591,0.7525073492598134,0.6976707501697629,0.8118907833152476,0.6904152536802789,0.02831751037934757,0.030053200017258898,0.02955756680986118,0.0324813810275868,12
8,3,0.6934038500376305,0.9399718590401043,0.6620830420953836,0.6487711045428619,0.7443331031744332,0.6383110460652669,0.6892265141721364,0.9097164320413057,0.6612183293361517,0.645311589070866,0.7284955678771592,0.6362064081917235,0.6729571492174691,0.9097164320413057,0.6428823148710754,0.6403968061787452,0.7284955678771592,0.6307536612846966,0.6950284998190307,0.9097164320413057,0.6677573241306042,0.6615036998673048,0.7751224315506651,0.6490671812241555,0.11524821132806767,0.0762559126085842,0.08150710372326984,0.0781805386262546,12
8,3,0.79789032745462,0.9709345535057223,0.7388241806079751,0.8478887778226044,1.0,0.8084921887901266,0.8261637616763171,0.9709345535057223,0.7767483431764507,0.8719743188369915,0.9945773535231106,0.8402203081695168,0.8289957738432175,0.9709345535057223,0.7805470217866004,0.8670342945071751,0.9945773535231106,0.8340008246022664,0.8283594958096683,0.9709345535057223,0.7796935594376737,0.881425409304253,0.9945773535231106,0.8521192175532105,0.012291950834813933,0.01096717664141802,0.009904124376731252,0.012326783612136901,12
8,3,0.6151912062054081,0.8088995307253101,0.6026762610773865,0.5961409039114983,0.8124151948726168,0.5851878123705339,0.6391294705653726,0.7774666035035617,0.6301919009891543,0.6273180925390519,0.8378014208012187,0.6166582810928689,0.6255933611248908,0.7774666035035617,0.6157812619314537,0.6179509934250277,0.8571137863713685,0.6058387263927665,0.6285802832413794,0.7774666035035617,0.6189611606093893,0.638478520084844,0.8378014208012187,0.6283839223032265,0.1521410845516421,0.12535901508864833,0.11613387066808614,0.1333068665663779,12
8,3,0.6511714078623929,0.865282796383859,0.6272054822536264,0.6763773260316003,0.8974905272211615,0.6505659354142179,0.6492533775625003,0.865282796383859,0.6250727628995921,0.6813594243110558,0.8208247452262574,0.6650791033878616,0.6504396725955016,0.865282796383859,0.6263918423617977,0.6745917863061126,0.8208247452262574,0.6575214530853131,0.6591313415509721,0.865282796383859,0.6360563875992877,0.6856846219754199,0.8208247452262574,0.6699091979367702,0.05554230273973182,0.057216997043206215,0.055145253316964876,0.05886393315739928,12
8,3,0.6442704617200725,1.0,0.6417562510435418,0.721234651776531,0.8526197107232352,0.7190811345730743,0.6462862412188706,1.0,0.6437862775862088,0.7201635103309403,0.8526197107232352,0.7179924361727666,0.6422231986767004,1.0,0.6396945184381923,0.7248310644764038,0.8526197107232352,0.7227364956547646,0.6458079912447,1.0,0.6433046474564376,0.7243298947895899,0.8526197107232352,0.7222271113539676,0.11202716965773153,0.0974559895602912,0.09653891681012683,0.1007248475366923,12
8,3,0.7892216300315074,1.0,0.7709838399264455,0.7963548648457895,1.0,0.7793237295287979,0.7970856239021384,1.0,0.7795282730168196,0.8079480865351806,1.0,0.7918865090090118,0.7888449420813751,1.0,0.7705745587089365,0.8062684417549384,1.0,0.790066393121934,0.7949009393370704,1.0,0.777154556633404,0.8094590974675662,1.0,0.7935238879571881,0.027292970719696517,0.024508612139759044,0.024113534835314893,0.02433040568237319,13
8,3,0.8675935894922444,0.9821763543960562,0.7513420788625673,0.883162562402946,0.97656960848622,0.7969206971903625,0.871568425669962,0.97720695585912,0.7643914106494433,0.8755843325151947,0.9733400475409751,0.785327381326555,0.863602398125303,0.9675705420114173,0.7581200963649064,0.8720970253614126,0.9621908345115339,0.7889142412887206,0.8685314861271225,0.9711766708726006,0.7643914106494433,0.8682925304972312,0.9621908345115339,0.7815970913622413,0.020277097518763214,0.0161416544821118,0.01665451379421788,0.017429016755434266,13
8,3,0.7750461741228458,0.8470239253898589,0.7593249526454916,0.7268405420644151,0.8906429668585923,0.690301078060446,0.7789657153102971,0.8470239253898589,0.7641005913632609,0.7266342784518471,0.8906429668585923,0.6900488031519147,0.7778832026988293,0.8470239253898589,0.7627816387377981,0.7296145147688488,0.8906429668585923,0.6936938418231259,0.7800503366000751,0.8470239253898589,0.7654221132398938,0.7222935164106848,0.8906429668585923,0.6847397458089451,0.016094108352533713,0.012366130715364097,0.013067321427656951,0.012261066535199847,13
8,3,0.8289416921235314,1.0,0.8070000489187901,0.8421933524290042,1.0,0.8295866469881282,0.8244278706878789,1.0,0.8019072397645022,0.8401454627031263,1.0,0.8273751574206284,0.8301398297156857,1.0,0.8083518715782384,0.8428044899716969,1.0,0.8302466064981031,0.829963922630506,1.0,0.8081534008973579,0.8284294460145909,1.0,0.8147231828772992,0.009242746350401943,0.009622629298861637,0.008640030319445689,0.009810696889144474,13
8,3,0.7892877989880239,1.0,0.777214907728346,0.8179856655370532,0.9606948488669445,0.8051326831158402,0.7745082407810588,0.9234497950088045,0.765974538510364,0.8344648359256429,0.9723898569938317,0.8220427350497873,0.7916614736460572,1.0,0.7797245836046032,0.8244769172334491,0.9723898569938317,0.8111552628714068,0.7824208363411008,0.9234497950088045,0.7743404913288816,0.8329142261735265,0.9723898569938317,0.8203524709361149,0.023366882768832815,0.02210988850382526,0.020709446243053556,0.021730425290618315,13
8,3,0.780212221043893,0.9472167035099509,0.7752488350184665,0.8192101635599774,1.0,0.8097673860487825,0.7795127171346358,0.9472167035099509,0.7745285417993855,0.8090298941873133,1.0,0.7990553942044186,0.776622990956062,0.9472167035099509,0.7715529327371894,0.8145688422874043,1.0,0.8048836453736706,0.785803373290411,0.9472167035099509,0.7810061567385014,0.8090298941873133,1.0,0.7990553942044186,0.043762651296181176,0.0342848568827997,0.03435211982320069,0.03243448677328607,13
8,3,0.791231817694101,0.9340189314528492,0.7795598051387412,0.7852244077370891,0.9201870705514417,0.7711458049179305,0.7946962640217324,0.9340189314528492,0.7833074497184349,0.7954895111586165,0.9201870705514417,0.7824817105224888,0.7879012300332238,0.9340189314528492,0.7759569613899641,0.7926180666349751,0.9201870705514417,0.7793107318453075,0.7924315655105593,0.9340189314528492,0.780857625331679,0.7954895111586165,0.9201870705514417,0.7824817105224888,0.018028997127467486,0.019176252054443794,0.016740469417631652,0.01946895898263664,13
8,3,0.7906603649296381,1.0,0.7567217169718891,0.7587932486069254,1.0,0.7275344567601383,0.7824766558589968,1.0,0.747211245193155,0.7702058034542656,1.0,0.7404260028643679,0.7861768203455042,1.0,0.7515112892956324,0.7684849105333985,1.0,0.7384820936585367,0.7826349727172656,1.0,0.7473952287633999,0.7817907767276054,1.0,0.7535123116766611,0.012211922689711094,0.011354435436700552,0.010270189952529587,0.012560831170112403,13
8,3,0.8120831169942052,1.0,0.7862507120890945,0.7671519992526299,0.9599961366236269,0.7382577004933453,0.7993795670931493,1.0,0.7718008409446927,0.7943588458736233,0.9599961366236269,0.7695410140750774,0.8129027738829523,1.0,0.7871830449029351,0.7745109266095962,0.9599961366236269,0.7467192335530247,0.7993795670931493,1.0,0.7718008409446927,0.8026127987883398,0.9599961366236269,0.7790316765144607,0.030357464578313283,0.017469731243624102,0.016957605419839775,0.016564111731916537,14
8,3,0.750558466566716,0.8096285668221324,0.7370190796746922,0.7398506020710317,0.7580898202700619,0.735249465024889,0.7644310233464688,0.8096285668221324,0.7540713485695505,0.7318722871735308,0.7580898202700619,0.7252584914794077,0.7648778308903357,0.8096285668221324,0.7546205683351085,0.7388700994448335,0.7580898202700619,0.7340216147926689,0.7582926644759829,0.8096285668221324,0.7465260238183526,0.7367060281110216,0.7580898202700619,0.7313116215516874,0.04312520854078056,0.032278298146602796,0.03485335654015615,0.03506920192588643,14
8,3,0.7698726824205233,0.916595336213039,0.7427541603367087,0.8248385575735714,0.8947723487639129,0.8122166131751737,0.7772785191785558,0.916595336213039,0.7515288064945209,0.8276583583496615,0.8947723487639129,0.8155453434402071,0.7731375741271383,0.916595336213039,0.7466224969481052,0.8173276731418838,0.8947723487639129,0.8033501327709823,0.7831303776504893,0.916595336213039,0.7584622549534166,0.8069063052666352,0.8947723487639129,0.7910478726455391,0.014838357998944045,0.016182829980184076,0.01604649592064463,0.018544190085528246,14
8,3,0.8653659899037281,0.9877372926203484,0.7675864081133863,0.8453200659425868,1.0,0.7535053848877382,0.8786962761279422,0.9848081099002253,0.7939086625377919,0.8428911421238559,0.9978889335208749,0.7508877877906361,0.8713719835978178,0.9877372926203484,0.778391431797403,0.8350709113551751,1.0,0.7371725526387123,0.8840242478561006,0.9877372926203484,0.8011533629498975,0.8401551086269003,0.9978889335208749,0.7465277036732225,0.006426089724149423,0.004361634539302963,0.00491475713328344,0.00423752614186097,14
8,3,0.8451407948902628,1.0,0.8014888391299704,0.8201047621348027,0.9947311595960471,0.7618996472971531,0.8459861748328155,1.0,0.8025725160974029,0.8428371134315107,0.9947311595960471,0.7922089694126533,0.8487273232468824,1.0,0.8060863437281717,0.8302747284077678,0.9947311595960471,0.7754593877590081,0.8530622252635093,1.0,0.8116431747281023,0.8390653522551405,0.9947311595960471,0.7871800340884882,0.005396265492993048,0.0038145401715498437,0.004283721240188181,0.0050238344633313035,14
8,3,0.7459761692162611,0.7990395331463974,0.7330644265857138,0.7440980730371893,0.7261834787026512,0.7464159255466942,0.737386316026099,0.7636811050955338,0.7309880871193135,0.7406669650159587,0.7261834787026512,0.7425408888386689,0.7338722572172617,0.7636811050955338,0.7266189633547744,0.7406669650159587,0.7261834787026512,0.7425408888386689,0.7454847028710319,0.7636811050955338,0.7410570291443149,0.7406669650159587,0.7261834787026512,0.7425408888386689,0.06530718210924305,0.039330475428242265,0.045637380740079614,0.034972993876493316,14
8,3,0.7288910726574301,0.8671489600699621,0.6926016919260024,0.7961947078218156,0.8839064846576464,0.7752775618332812,0.7437862903458319,0.8484248644083685,0.7163211733502362,0.7996285757083893,0.8839064846576464,0.7795303244963598,0.7273842063161785,0.8484248644083685,0.6956139355005698,0.7961947078218156,0.8839064846576464,0.7752775618332812,0.7427060736036232,0.8484248644083685,0.7149574256112495,0.8011033673617866,0.8839064846576464,0.7813568184345543,0.04743329695624283,0.03320393399406341,0.033595232641917896,0.03400065814120837,14
8,3,0.8911035410041288,1.0,0.8713932049452332,0.8003927616379857,1.0,0.7709614867299703,0.8725695207740599,1.0,0.8495045139515275,0.7896915946444555,1.0,0.7586824762162971,0.8725695207740599,1.0,0.8495045139515275,0.7925494754699914,1.0,0.7619617399381694,0.8738366057416078,1.0,0.8510009421939241,0.7896915946444555,1.0,0.7586824762162971,0.01646429084884496,0.012673122159737826,0.011801670034947486,0.01270493011083319,14
8,3,0.7818519129649667,0.9056280912469954,0.7605944322252256,0.7543662456544272,0.7744194827570234,0.7520029653449636,0.8029973762917139,0.9327935782857957,0.7807060089036051,0.7730642870139913,0.8569080279575344,0.7631832757323765,0.7949559732228606,0.9327935782857957,0.7712835648846335,0.7720824660460494,0.8569080279575344,0.7620857468540817,0.8189855615230751,0.9584501031369875,0.7950337410000704,0.7869519055245282,0.8569080279575344,0.7787075544590861,0.17163648989627545,0.14298909791009817,0.12474641369125282,0.11264557985811167,15
8,3,0.8624842441732894,0.9808835808884657,0.818287837597345,0.8466050733045172,0.9935283177921785,0.7885578074630487,0.8953198020293774,0.9943091909611301,0.8583687902981497,0.8599522660499394,0.986292436027489,0.8100370776213379,0.8798168421319722,0.9943091909611301,0.837078845965143,0.8605803882379222,0.986292436027489,0.8109133618734916,0.8850283597281322,1.0,0.842111452428369,0.8573850396738679,0.986292436027489,0.8064555769386602,0.03572144662673335,0.02132471681237507,0.01631796668732876,0.026302074957319052,15
8,3,0.8663447456113457,1.0,0.8378132174000483,0.8597621498346759,0.9883463489196845,0.8316657351917146,0.8759836213651885,1.0,0.8495097141337312,0.8617938426373536,0.9750475111443374,0.8370472403887752,0.8698735833451365,1.0,0.8420953598491328,0.855078212417191,0.9883463489196845,0.8259583295037904,0.8748060618732657,1.0,0.848080779774296,0.8637942223604806,0.9750475111443374,0.8394847150158196,0.03307755720716726,0.022947335881225883,0.019642093761887587,0.0176223567191628,15
8,3,0.7810879684186639,0.9168154466071347,0.7593092905871707,0.7195629121839032,0.7983206108920962,0.704887245392028,0.7728415750309019,0.9039769708802512,0.7517997375442985,0.7296031694650634,0.7977729924626072,0.7169004416812079,0.771100071855179,0.9039769708802512,0.7497787947362123,0.7203517439493065,0.7977729924626072,0.7059251105607157,0.7689142673567498,0.9039769708802512,0.747242258517064,0.7174080919836177,0.7977729924626072,0.7024329400868902,0.07718230108846613,0.04454926587346498,0.03759607673811416,0.042601653058854036,15
8,3,0.9360448727715115,0.988058240792387,0.9223187295173588,0.9091001661531489,0.9762168880798051,0.8942688763388175,0.9372110041336164,0.988058240792387,0.9237925988079705,0.911211022999246,0.9762168880798051,0.8968461851918414,0.9360448727715115,0.988058240792387,0.9223187295173588,0.9091001661531489,0.9762168880798051,0.8942688763388175,0.9372110041336164,0.988058240792387,0.9237925988079705,0.911211022999246,0.9762168880798051,0.8968461851918414,0.10377017358335563,0.05780183054218174,0.06235020159187418,0.04618554776085024,15
8,3,0.7915728539965422,0.9799966622076779,0.758723160455679,0.8079195750423298,0.9753592059932843,0.7743744482652968,0.8263722908258033,1.0,0.7961021403032994,0.8454391140490767,1.0,0.8144741358981574,0.823082069219913,1.0,0.792238303439013,0.8412068382898558,1.0,0.8093939591605832,0.8496656061520383,1.0,0.8234563982316502,0.8519924372505481,1.0,0.8223403624807205,0.03822317041785342,0.022966082065440922,0.022178421452883387,0.018552680582803845,15
8,3,0.8125852394652326,1.0,0.7674942601283069,0.8228869890317516,0.9625378456396543,0.7757321018058387,0.819266853381161,1.0,0.7757834342714061,0.8371147553124139,0.970370887381054,0.7921191281283947,0.8179249232166153,1.0,0.7741186429557513,0.8242699429729969,0.970370887381054,0.7749371015962728,0.8137327970715803,1.0,0.7689179138978816,0.8255757616851953,0.970370887381054,0.7766838465985553,0.05048903152418388,0.03324661720137745,0.02405364407991696,0.03344899822356712,15
8,3,0.8291921075688905,1.0,0.7922898369777044,0.8295576443506065,0.9598147932516798,0.8011010702094687,0.8338774255472696,1.0,0.7979873966586359,0.826280723390327,0.9598147932516798,0.7971082580674186,0.8378755664120041,1.0,0.8028493177266863,0.8316292479981671,0.9598147932516798,0.8036252458907732,0.8438738052268042,1.0,0.8101434488369995,0.8316292479981671,0.9598147932516798,0.8036252458907732,0.056421187318573235,0.03505456135948356,0.027891031888086157,0.03089263383588496,15
8,3,0.8782900033425697,0.9828983460734615,0.8254563281791072,0.8707753749047018,0.9892034607216265,0.8157586855537274,0.8733141514023098,1.0,0.8093299719584519,0.8933215423328833,1.0,0.8437632342218689,0.8757252307026495,1.0,0.812958795247674,0.8913152521339625,1.0,0.8408249062900022,0.8677633840156057,1.0,0.8009757241479014,0.9019355215428523,1.0,0.8563789045425362,0.01910579172469659,0.008211421936337154,0.008878215248692495,0.009213950769132844,16
8,3,0.8289500970122736,0.946374585437696,0.7743432717395906,0.8429053885809238,0.9645490592001621,0.7891710673528156,0.851472702247891,0.946374585437696,0.8073397396701096,0.8479027218351186,0.9922449682787958,0.784141635066625,0.851472702247891,0.946374585437696,0.8073397396701096,0.8479027218351186,0.9922449682787958,0.784141635066625,0.8602253982801012,0.946374585437696,0.820162770172624,0.838701348990528,0.9922449682787958,0.7708756896745775,0.026750607510193158,0.011844757941825983,0.01334601166368304,0.011156714947373591,16
8,3,0.8480110978418335,0.9880486581194178,0.8206789322671558,0.784656932834507,0.9473995957073853,0.7573111793093731,0.8452480151762857,0.9880486581194178,0.8173765583374532,0.7983977379229079,0.9473995957073853,0.7733608606478684,0.846165627742061,0.9880486581194178,0.8184732681292262,0.7829891284044,0.9473995957073853,0.7553631326362751,0.8653295060621725,0.9880486581194178,0.8413775022100348,0.8054892482181062,0.9473995957073853,0.7816439619446527,0.013200497964101356,0.008577026958546174,0.009863915875131662,0.007730903131983005,16
8,3,0.8377227880689379,1.0,0.8139974205301725,0.8105415436830333,0.978673862691341,0.7833497926860794,0.8510592067637575,1.0,0.829283659729179,0.8087018929450613,0.978673862691341,0.7812126183959235,0.8510592067637575,1.0,0.829283659729179,0.80862718579713,0.978673862691341,0.7811258289893506,0.8507469630979212,1.0,0.8289257651944039,0.8041561788192751,0.978673862691341,0.7759317337369478,0.00759847212550558,0.006101716665872966,0.005404001971446779,0.0069071450163839315,16
8,3,0.8661104265292593,0.9646820528800979,0.8377103086370099,0.8520490786234037,0.9791267446387044,0.8087284224547038,0.8691209471649146,0.9775275467720821,0.8378872106109142,0.8546076884949867,0.9723562469300916,0.8144673162779436,0.861718955756868,0.9775275467720821,0.8283525829016493,0.8546076884949867,0.9723562469300916,0.8144673162779436,0.8646715236505425,0.9775275467720821,0.8321558344998492,0.8651310482021469,0.9896399347569832,0.8226860865222537,0.0160921040308155,0.010352434560605847,0.010245960197016646,0.011390457437480388,16
8,3,0.7957154433291138,0.9334287329780548,0.7402481906392632,0.8135642888264518,0.9715624154235989,0.7522586370241563,0.7953634030401961,0.9448810016614384,0.7351416884515353,0.8168142472804074,0.9541765423754002,0.7635156087761086,0.8005825791563835,0.9448810016614384,0.7424630099830808,0.816554887786307,0.9623457997582896,0.759985819039799,0.7931874152711083,0.9448810016614384,0.7320892706462055,0.8159467565573816,0.9541765423754002,0.7623115185923615,0.02622067833391484,0.015937565788481566,0.017367339510826953,0.017233195376481127,16
8,3,0.849851505373484,1.0,0.7957640939590575,0.890007206368519,0.9466306121873646,0.8705464440570346,0.8514602420526017,1.0,0.7979523396291734,0.9004483898761558,0.9647078244907255,0.8783632191729779,0.8502586621320624,1.0,0.7963179192218133,0.90251135390015,0.9647078244907255,0.8811351983462292,0.8458378552041956,1.0,0.7903046221149007,0.8996870784413206,0.9647078244907255,0.87734025444011,0.019887547848777366,0.012993632520209547,0.014092319102319313,0.012563549293022478,16
8,3,0.8122477042612837,0.9696354680663616,0.7744548366871848,0.7991158587235372,0.9699728416243436,0.7592252833717682,0.8379698063968907,0.9749477564957588,0.8050778622997025,0.8268309979369578,0.9699728416243436,0.7934111727436389,0.8312123628474171,0.9749477564957588,0.7966977820024258,0.8258761676534493,0.9699728416243436,0.7922334149056004,0.847102367887125,0.9749477564957588,0.8164033877070062,0.8312490914794193,0.9699728416243436,0.7988607739855489,0.009632575042411303,0.009982443058030971,0.009489445242372644,0.010621996907757274,16
8,3,0.8059350296638628,0.9257456263845988,0.7502227114859601,0.8269121547934521,0.947486322134713,0.756162463724954,0.8031192912135195,0.9257456263845988,0.7460976454740746,0.8247430144282006,0.9416323520662138,0.7561554827085365,0.8001690067651982,0.9257456263845988,0.7417754691363965,0.8365738857195875,0.9687075179344442,0.7590414103552676,0.8031192912135195,0.9257456263845988,0.7460976454740746,0.8268017076369695,0.9416323520662138,0.7594221619373369,0.047976048770033745,0.020437555579858605,0.024487841724601576,0.02055795376301575,17
8,3,0.7356108715739349,0.8156134998367257,0.7277705973874053,0.7042555827622307,0.7846280185285803,0.7008934870856411,0.7439353910496517,0.8373657346024178,0.7347791979757295,0.7157692115311832,0.7846280185285803,0.7128887476620268,0.7399178840190455,0.8373657346024178,0.7303679744216762,0.7135832185688592,0.7846280185285803,0.7106113114403614,0.7371960720356044,0.8373657346024178,0.7273794242985298,0.7306683227077404,0.7846280185285803,0.7284111102903299,0.023778506450717798,0.02196490436970685,0.02299959759134978,0.022746503955958255,17
8,3,0.7558925533090112,0.8722983367379491,0.7095459818200022,0.7798765114720343,0.8533589213431697,0.738443621729571,0.7657029813180021,0.8860774863670879,0.7177762766528744,0.8056448106234607,0.8675833643709984,0.7707208979111553,0.759870603759293,0.8730876218818311,0.7147936284611378,0.7999559132654954,0.8675833643709984,0.7618243287116961,0.7690836730496494,0.8860774863670879,0.7225029794366163,0.8056448106234607,0.8675833643709984,0.7707208979111553,0.047484775975460504,0.03910160732860607,0.03956836740343202,0.04283609627806244,17
8,3,0.7599366227991449,0.9126923151302382,0.7417296313656557,0.7494728721167039,0.8945261522262342,0.7356403386082474,0.7501230667089619,0.8851960413550473,0.7340236830804502,0.7510565427435091,0.9121035501428458,0.7356988195358313,0.7518881964840106,0.8851960413550473,0.735999199140965,0.7520213391864776,0.8945261522262342,0.7384318319378288,0.7561592720373355,0.8851960413550473,0.740779345320886,0.7492294611466966,0.9121035501428458,0.7336975042547372,0.06483298233694558,0.04988832029859089,0.05165575458532588,0.04730039498217711,17
8,3,0.8450256389244815,0.9606220937977498,0.8149156725865432,0.8574156176993566,0.9801220870828147,0.823600260968151,0.8683553953934963,0.9737526639495632,0.8409020603252798,0.8662480644800628,0.9801220870828147,0.8348667468031927,0.8667454724310963,0.9737526639495632,0.8388727929612053,0.8511932504765999,0.9801220870828147,0.815663138456555,0.8752489470280357,1.0,0.8427544383536453,0.8620844431048701,0.9608498485529813,0.8348667468031927,0.007942045797863045,0.013055026223549792,0.012106072054510208,0.015110957141521218,17
8,3,0.8507058553143697,0.972615337791195,0.805528842196476,0.80140544435531,0.9600976133484143,0.7486792583780244,0.8538831540631824,0.9807386816778015,0.806873243770007,0.8155840709640154,0.9600976133484143,0.7675687973664428,0.8507117556830036,0.9807386816778015,0.8025265938563749,0.8139463022774699,0.9600976133484143,0.7653868726770997,0.8498949223825337,0.9659882674925949,0.806873243770007,0.8196772096446601,0.9765100397450505,0.7675687973664428,0.006282105843632866,0.006532986322116188,0.006484724973804951,0.007440943960134165,17
8,3,0.8501840208546781,1.0,0.8138506869429718,0.8397120018840006,1.0,0.8190088797493297,0.8567255732851219,1.0,0.8219786950379727,0.8481250535754932,1.0,0.8285085782187565,0.8491012189244904,1.0,0.8125052841586284,0.8361916655891198,1.0,0.8150338496961846,0.8490226997283218,1.0,0.8124077225065804,0.8311410995813604,1.0,0.8093309423644529,0.006437164031421609,0.008421596039874399,0.0077782863075183195,0.009737364057463727,17
8,3,0.8709034630814744,1.0,0.8392366953865611,0.8562695907704695,0.9783140943662679,0.8264811792374147,0.8716483092739097,1.0,0.8401642488142739,0.8566348908355349,0.9783140943662679,0.8269356411110877,0.8692800193420104,1.0,0.8372150286041675,0.8556485614242524,0.9783140943662679,0.8257085701215715,0.8673739896063363,1.0,0.8348414588221071,0.8566348908355349,0.9783140943662679,0.8269356411110877,0.010446437370249688,0.010492113848050821,0.0101914162910784,0.01042188159782477,17
8,3,0.8126469424626873,0.9619908430793296,0.79656375631339,0.7381976063866247,0.9515604798679919,0.709861009117468,0.792706156843702,0.9619908430793296,0.7744755018942118,0.7592081133832876,0.8603316910390036,0.7457779507327241,0.8101269332825679,0.9619908430793296,0.7937723615823749,0.7683636429922553,0.9106875533085583,0.7494616884834883,0.7890631701944968,0.9619908430793296,0.7704401936826485,0.7602566013438896,0.8603316910390036,0.7469656877604033,0.06288279291429762,0.0595707004403226,0.05637430304086079,0.054790008383284475,18
8,3,0.6832034546253442,0.609373068999881,0.699484695590183,0.6429353868476732,0.6563648084985306,0.6412483622052713,0.7200300633245212,0.6297827607427016,0.7399315993562466,0.7326834794767689,0.6984486358601625,0.7369841132874811,0.7093537528878762,0.5820342827092672,0.7374305258307854,0.6845888316695339,0.6667858571444715,0.6868252687636002,0.718388750810852,0.6649011194512623,0.7301839623274448,0.7403231843829402,0.7620708786367568,0.7375912055177695,0.2979208323966964,0.40523483326664334,0.3382511996781451,0.43973270863783964,18
8,3,0.7956729266642523,0.9024769579042369,0.7784323254179988,0.7451678500920365,0.8280583680173672,0.7323448769882733,0.8080088916453618,0.937964587367389,0.7870310848752358,0.7640450585921721,0.8606772642733942,0.7490962778941935,0.7985152407910268,0.9024769579042369,0.7817334537291015,0.7631126520299341,0.8606772642733942,0.7480196301742381,0.8094297549400749,0.937964587367389,0.7886813078411632,0.772250124429393,0.8606772642733942,0.7585706486070346,0.046481017220087475,0.037850145419072265,0.03490295982499819,0.0379529822382757,18
8,3,0.8362704097539782,1.0,0.8096010770679721,0.7972181413592111,0.959031647611962,0.7634504550197085,0.8320783480920715,0.9744897476150268,0.8088814599397804,0.8079672087483589,0.9598477794996155,0.7762723546353646,0.8320783480920715,0.9744897476150268,0.8088814599397804,0.8008873819072846,0.9769404648354321,0.7641481416479813,0.83591464642405,0.9744897476150268,0.8133426393109443,0.8079672087483589,0.9598477794996155,0.7762723546353646,0.07864813712211703,0.0564045811846732,0.05323354642227478,0.04399229566289588,18
8,3,0.790444476688876,0.9807210199736043,0.7610600607993463,0.7906445620109906,0.9778153483609048,0.7681208357120501,0.7972279901153754,1.0,0.7659138987074311,0.7659221299493265,0.8952621578241485,0.7503576316418632,0.7887996059173317,1.0,0.75618391872529,0.7658600604427496,0.8952621578241485,0.7502880928255455,0.7951251823832745,1.0,0.7634863542743734,0.767442802248036,0.8952621578241485,0.7520612983453858,0.02021033932074738,0.017369072569498777,0.018644345015201506,0.018173421431040664,18
8,3,0.8082833398234371,0.9793089226745201,0.7881702370482816,0.7561191127864882,0.8642855222744414,0.7422291944607491,0.812337678446266,0.9501921698836527,0.7961255918795959,0.7603030853166654,0.8908339573497669,0.743541290595826,0.8082386261726656,0.9793089226745201,0.788120264942965,0.7619535574507608,0.8760353459173486,0.7473040305619935,0.8176073860475428,0.9501921698836527,0.8020150323232497,0.7622477499577877,0.8908339573497669,0.7457356744720048,0.05487416263270171,0.04368193160253203,0.041096552804564174,0.038701156786250045,18
8,3,0.8598987996647998,0.9059507513941203,0.8506307493433819,0.8111961407536469,0.839937786420475,0.8058841877594715,0.8571676148365824,0.9059507513941203,0.8473499079322299,0.8073411730557042,0.8245668448450504,0.8041575711179868,0.8586649325566242,0.9059507513941203,0.8491485639333954,0.8097388556013195,0.839937786420475,0.8041575711179868,0.8623009176692489,0.9059507513941203,0.853516298553398,0.8070218232661276,0.8225195734217827,0.8041575711179868,0.07388259274331335,0.11479932659531425,0.09576900839697046,0.13873950041605737,18
8,3,0.8262602092648463,0.7716089033271155,0.8573020944650634,0.7908792859457466,0.7250203286848974,0.8247308980550359,0.8232227546660972,0.7677896544408678,0.8547086982123375,0.7888583856942013,0.7250203286848974,0.8216712517578173,0.8246062564811609,0.7716089033271155,0.8547086982123375,0.790126210754332,0.7287547315901189,0.8216712517578173,0.8246062564811609,0.7716089033271155,0.8547086982123375,0.790126210754332,0.7287547315901189,0.8216712517578173,0.3709653246908095,0.41228359906483575,0.3552840884582655,0.36588077281361997,18
8,3,0.7610267218097767,0.9793359723615261,0.7119454583117043,0.7725618551471429,0.9758000851248153,0.7096183631466916,0.803681192064353,0.9793359723615261,0.7641896976147492,0.7963963960725512,0.9772701120666744,0.7403792614172321,0.7745825738456197,0.9793359723615261,0.7285489977177825,0.7973698247966456,0.9772701120666744,0.7416541639492553,0.801685974262486,0.9793359723615261,0.7617459060102515,0.7991339927159224,0.9664308857619883,0.7473216410225317,0.030658639579989922,0.015226418551053746,0.015317002600000101,0.014297659038789472,19
8,3,0.7463001538770584,1.0,0.7143839416385848,0.7847682772934439,1.0,0.7600532996862229,0.7344791951427165,1.0,0.7010758703435019,0.7816209888996367,1.0,0.7565446093522263,0.738216645743719,1.0,0.705283503597097,0.784929557637891,1.0,0.7602330997918434,0.7241723741744961,1.0,0.6894724199505782,0.7831223177326123,1.0,0.7582183352093093,0.018134344983710304,0.016724925292513557,0.01501817492411265,0.01873150531123201,19
8,3,0.8728351454107178,0.9887456937005156,0.8511377214730024,0.8043155238706488,0.9830882478078514,0.7731006036792951,0.8646671901319795,0.9738091943596188,0.844236777455315,0.8202943459529798,1.0,0.7889165298886949,0.865412645227329,0.9887456937005156,0.8423257952577902,0.8149141667586549,1.0,0.7825969352149426,0.869566487473933,0.9738091943596188,0.8500531796940507,0.8049711618154811,1.0,0.7709178147227745,0.012974381464479805,0.009847826062205203,0.009008099371089835,0.010042635832631921,19
8,3,0.8475153307227099,0.9766460438931823,0.8104181876621198,0.8590718670889151,1.0,0.8054861990169976,0.8482742608611634,1.0,0.804685936189119,0.849451406955063,1.0,0.7922077128184922,0.8505626599683893,1.0,0.8076317549525689,0.8566789289162605,1.0,0.8021833843847055,0.8444512951323903,1.0,0.799764694898522,0.8478544700351465,1.0,0.7900035661814324,0.013826529780981867,0.009680725946588977,0.009960378239163062,0.009747228090715364,19
8,3,0.7065067845416323,0.7539632136019601,0.702107088624443,0.6905045249073171,0.7195460188582004,0.6887652459375492,0.7160344391072683,0.7838063897749424,0.7097512867387354,0.6866875891301921,0.7195460188582004,0.6847197159931498,0.7074237325619208,0.7838063897749424,0.7003422797063557,0.685369604995347,0.7195460188582004,0.6833227985192658,0.7191906031928208,0.7838063897749424,0.7132000594869317,0.6949532580253452,0.7195460188582004,0.693480411215279,0.11920962738934818,0.0964500662478858,0.09115029812285658,0.09814367837414106,19
8,3,0.8216751253695497,0.9846400224769299,0.7735140344463175,0.7865017662607365,0.9925041544781679,0.7316594954676738,0.8343417019273789,0.9846400224769299,0.7899239701944742,0.788495544539359,0.9801444272667452,0.7374744859260499,0.8314996354238758,0.9846400224769299,0.7862419864712838,0.7899003602661689,0.9801444272667452,0.7392532938437792,0.8472901487065029,0.9846400224769299,0.8066990773999424,0.789102469760474,0.9801444272667452,0.7382429877075902,0.03055861415127564,0.018280533305657706,0.01707911064925268,0.01728566600269682,19
8,3,0.6993129374527634,0.9056185761045965,0.6810391907165211,0.7023182828634529,0.9574860837175498,0.6823911145419809,0.7318657038653735,0.8788596396870839,0.718845555833925,0.7149632247917717,0.9379882700209411,0.6975462246792583,0.7191205178167563,0.8788596396870839,0.7049714510437713,0.701773038966707,0.9574860837175498,0.6818032901673285,0.7244387265881215,0.8788596396870839,0.7107607259518329,0.7106230654693462,0.9379882700209411,0.6928671233544702,0.045296903038709924,0.05370774870153779,0.04699066430099918,0.05929288247549851,19
8,3,0.8352243454584815,0.9581052045702765,0.7730810333917946,0.8704518344112888,0.9959016468694846,0.7976153006483541,0.8424079267051223,0.9597095667062906,0.7830861375085243,0.8730975425750424,0.9959016468694846,0.8017971148310806,0.8401022292426481,0.9597095667062906,0.7796144026503353,0.8667319690658188,0.9959016468694846,0.7917356704334132,0.8504610899892677,0.9665545252667409,0.7917503141248334,0.8679226067418242,0.991888068476523,0.7959478914182276,0.011997897959257143,0.008049028053815986,0.008284467397817432,0.007998349211684897,19
8,4,0.7747574679698456,0.8225213490421872,0.7434551245758672,0.7650282847014216,0.8191490730825285,0.7280795947411257,0.7894542703284273,0.8307483799673677,0.7623919301029968,0.7643784476560118,0.81216142705337,0.7317566299784903,0.7849738444654674,0.8307483799673677,0.7549752305167768,0.7633615534023112,0.8191490730825285,0.7252749728114447,0.7951363789413575,0.8353270772730589,0.7687971658753736,0.7620526609178402,0.8064289319309111,0.7317566299784903,0.033323365159706866,0.018264802862910774,0.020806117614880625,0.019054023127872896,0
8,4,0.7919218056374128,0.9140398284613319,0.7715567631817717,0.7598768826429527,0.9770857434913036,0.7234689127455441,0.7921142752866102,0.9268873970665096,0.7696388021053545,0.7613657523040374,0.9640563167977833,0.7273913005171498,0.7921142752866102,0.9268873970665096,0.7696388021053545,0.7608024317546259,0.9640563167977833,0.7267335576797826,0.7900249524131516,0.9268873970665096,0.7672010527831409,0.7683100443094519,0.9640563167977833,0.7354995762261043,0.021824933278717987,0.021492078897710886,0.02004393693634946,0.023642840859133214,0
8,4,0.7925546538450227,0.960038418249152,0.706827316203206,0.832980196229195,0.9753175547581913,0.7600067766865783,0.7721767873920862,0.960038418249152,0.6760189447753785,0.8438520047347327,0.9775683742129564,0.7752983879577139,0.779907257888823,0.960038418249152,0.6877062922670983,0.8409198285942037,0.9775683742129564,0.7708629457604941,0.7790407532889241,0.960038418249152,0.6863962632893711,0.837754381639936,0.9742696882965406,0.7677658076661402,0.021179993450499084,0.01521869561851373,0.014380901668099171,0.015791357143061114,0
8,4,0.8231965533787056,0.9779927706719144,0.8034506893617976,0.7973725699677604,0.9384477914531216,0.77959474873332,0.814659464363601,0.9779927706719144,0.7938246060434722,0.8036219274821169,0.9185883268214349,0.789134251518172,0.8115225848731816,0.9779927706719144,0.7902875850189872,0.8045093443690435,0.9384477914531216,0.7876308752544204,0.8150991378661298,0.9779927706719144,0.7943203644642539,0.8058099712074615,0.9362120224007277,0.7893771467163173,0.038923307462800115,0.039292011256214655,0.036374465222466,0.039220853685245374,0
8,4,0.8905321565036446,0.9868183897345731,0.8813004483106271,0.8808744270580762,1.0,0.8632839354265264,0.8915908021588861,0.9868183897345731,0.8824605945380799,0.8851886105784309,1.0,0.8682351661168348,0.8950403834418238,0.9868183897345731,0.8862409139413446,0.8844077132433515,1.0,0.867338958796682,0.8915908021588861,0.9868183897345731,0.8824605945380799,0.8851886105784309,1.0,0.8682351661168348,0.13917797207276866,0.13444248437669507,0.13581790972324848,0.1420002686032318,0
8,4,0.7650369107325957,0.8798117879525984,0.6850431765818743,0.78683935370442,0.8567148994804298,0.7341839040532981,0.8181808877337711,0.8950066462132572,0.7646362493199516,0.8667059708021736,0.9310524920192199,0.8182169755386505,0.8212412127267735,0.8950066462132572,0.7698295047053413,0.8519682824649268,0.9251332134481918,0.7968340821258463,0.8201134367216986,0.8800926324115164,0.7783102133090648,0.8814749140061008,0.9393359738086756,0.8378731061438562,0.017338087090729152,0.008724392743245546,0.008382579885712664,0.00855139750215583,0
8,4,0.7934312695764062,0.9175670714331274,0.719102408682341,0.7613261261690345,0.8998317417182248,0.6994837763662286,0.8037981605462695,0.9175670714331274,0.735676688538227,0.7629600289798019,0.8998317417182248,0.7018472119743966,0.8015635706313238,0.9175670714331274,0.732104092017137,0.7739127002754397,0.8998317417182248,0.7176902187763189,0.8107590514337194,0.9175670714331274,0.7468055558090669,0.7796423631908275,0.8998317417182248,0.7259781593244262,0.01589755925416107,0.011423976200008314,0.009676780225941397,0.012723369135661793,0
8,4,0.8327895191248981,0.9645941341629486,0.8128422049094796,0.799069277897375,0.9524372376405688,0.7686715795135556,0.8254420108929131,0.9383180022502347,0.8083593551275489,0.8034519955863811,0.9524372376405688,0.7739229566711687,0.8282946138354305,0.9645941341629486,0.8076670405247469,0.7904569789489789,0.9524372376405688,0.7583523134368038,0.8254420108929131,0.9383180022502347,0.8083593551275489,0.7974584133869225,0.9524372376405688,0.7667414398845718,0.02859193706216106,0.014060985603701196,0.015134354123293451,0.013683245349515177,0
8,4,0.8425408562162797,0.8913891755207611,0.7173244933194125,0.8598518309177614,0.9080283049518003,0.7371326339830574,0.8522853393367331,0.9012950922185418,0.7266551622966129,0.8744958448042024,0.92132145049087,0.7552176941909202,0.8522853393367331,0.9012950922185418,0.7266551622966129,0.8844282910904164,0.9319950928946706,0.7632621029205233,0.844424705564043,0.8960210909683571,0.7121640298449401,0.8821605259323873,0.9319950928946706,0.7552176941909202,0.023310621160761276,0.011714073847199108,0.010423216332338269,0.015639941150634103,1
8,4,0.7375463518064734,0.80565330680094,0.6847736989591184,0.7929025356929221,0.845690321347187,0.7388130843775813,0.7607186758110834,0.8436353227799679,0.6964707377537861,0.7927579797269539,0.8655308877373955,0.7181906036546348,0.7543662055139626,0.822347836033511,0.7016906602969323,0.7815116540554186,0.8517478404603313,0.7095435512445598,0.7717266094051249,0.8573559392309124,0.7053767498817464,0.795361757225995,0.8621178746982588,0.7269595364989081,0.027245643305864403,0.01463347811319183,0.015988543555348553,0.016327849603587144,1
8,4,0.8194481812582252,0.9028790512079375,0.7878135699854031,0.8181114821148328,0.9564007960948369,0.7662777767571647,0.8044321222596592,0.8854697208030422,0.7737049713867494,0.8391821193117435,0.975868121014959,0.7879493686754461,0.817200640026755,0.8862062954086163,0.7910356595471404,0.8365672639893089,0.9665369035604546,0.787851945291964,0.8097994806166292,0.8968403091072898,0.7767960758118359,0.8432390775386253,0.975868121014959,0.7935269590562408,0.015527580402024219,0.018114080311431673,0.014259361904147044,0.02022534748515395,1
8,4,0.7764777698876238,0.8446164055137497,0.7507822011030554,0.7565376407511661,0.8534171859936863,0.7165478556562248,0.7961599904178919,0.9092347256285687,0.7535186958028179,0.7848170806387756,0.8891622785043962,0.7417456352899189,0.7821370261080774,0.8955627752100811,0.7393633616340234,0.7662651379516044,0.8488840595729621,0.7321618304665916,0.8084020115085498,0.9092347256285687,0.7703772709542754,0.7880086624803687,0.8891622785043962,0.7462546332242354,0.030073511845393187,0.02283482795121248,0.023163570696888645,0.02512850905744637,1
8,4,0.8483863633935802,0.9908304822649852,0.7933382389692285,0.8639916102806199,0.9885423389373605,0.8202820733238749,0.85822039974258,0.9908304822649852,0.8069726797211794,0.8786727591591901,1.0,0.8360944653620765,0.8643776036860106,0.9908304822649852,0.81550936083411,0.8817669507858974,0.9885423389373605,0.8442954496167663,0.8801474981017103,0.9908304822649852,0.8373735967841068,0.8841501424816328,1.0,0.8434940685811076,0.01717054174823563,0.017149266885317108,0.01683623522844393,0.017267690985314284,1
8,4,0.8130363369677159,0.8687528050244309,0.7752962788549301,0.8425573463035234,0.8804437286549026,0.8116354697640078,0.8245123008896955,0.8786982471817967,0.7878089556618793,0.8591327746697339,0.8921768540025047,0.8321630594825381,0.8151351489192452,0.8678754578998801,0.7794110193173946,0.8591327746697339,0.8921768540025047,0.8321630594825381,0.8245123008896955,0.8786982471817967,0.7878089556618793,0.8467799733704682,0.8921768540025047,0.8097282241386794,0.033487846853762375,0.023796291037687656,0.02281845412092911,0.02453853546815713,1
8,4,0.8338722050283498,0.9377027227125179,0.7547406652111359,0.7742279929700701,0.9294692801599218,0.6861061776056724,0.855292768016569,0.9348677087192592,0.7946469412489395,0.8000629921682686,0.9249141133363854,0.7291919781051098,0.8519118680163453,0.9348677087192592,0.7886893823920248,0.8000629921682686,0.9249141133363854,0.7291919781051098,0.8550056025771473,0.9254711146093155,0.8013022733876013,0.8133418321832669,0.9249141133363854,0.750008474559558,0.0351771083749871,0.013696053134272978,0.013671908100040615,0.013661969116542959,1
8,4,0.6955684718149597,0.7846427130293457,0.659969225312666,0.6436555844170103,0.6538934430025681,0.6379970203548047,0.7002282901231537,0.7796317569889066,0.6684940474110853,0.6437821418498026,0.6830472084817506,0.622079957444064,0.6926912502372803,0.8003077254452075,0.6496814487907066,0.6477182842257894,0.6924330932028987,0.6230039741958395,0.7033281356979578,0.7841344531906753,0.6710332322988676,0.6341514169654632,0.6830472084817506,0.6071262372020442,0.143381883005512,0.06292012577740652,0.07025092881835929,0.06151588748218961,1
8,4,0.8749917810941996,0.977044279707768,0.8505106446118549,0.8520311419091564,0.9836567468678671,0.8303369891463686,0.8853503395861982,0.9574928304301059,0.8680442452865024,0.8667962245508608,0.9836567468678671,0.8475356101447231,0.8896405792443596,0.9574928304301059,0.8733636605556508,0.8637060165552374,0.9836567468678671,0.8439360829756237,0.8853503395861982,0.9574928304301059,0.8680442452865024,0.8705781624430081,0.9836567468678671,0.8519408761377923,0.019364372765469616,0.01425705527405896,0.012243336666382689,0.014412735748102971,2
8,4,0.8100194492892446,0.9934391462650124,0.7874185080245958,0.8549615808252576,1.0,0.8274006825207756,0.827167780513306,0.9934391462650124,0.8066798534623538,0.8468118203813899,1.0,0.8177022653825137,0.8251801134402966,0.9934391462650124,0.8044472664188537,0.8422166815567614,1.0,0.8122339361676344,0.819977141195572,0.9934391462650124,0.7986031848928277,0.8411021722203282,1.0,0.8109076424043189,0.021287726812667947,0.012959359814225514,0.012851052781038284,0.012147427831389727,2
8,4,0.8863542561537612,0.9566220913286312,0.8369302848140981,0.8261951024823061,0.9466834792206302,0.7674237231871958,0.8905377766881535,0.9656466042370594,0.837708818304924,0.8327695756820829,0.9466834792206302,0.7772050688550843,0.8905377766881535,0.9656466042370594,0.837708818304924,0.8323572689916227,0.9466834792206302,0.7765916487166143,0.9019597652491045,0.9656466042370594,0.8571646396127288,0.8353509115599412,0.9419973202506121,0.7833313167633987,0.01239978049477106,0.010747244740523082,0.01007478820419717,0.01099255702757335,2
8,4,0.8256402061637581,1.0,0.784246898602551,0.867992941457353,0.9975910602742053,0.830315284877204,0.8500792225990983,1.0,0.8144877785383238,0.8601389204476314,0.9975910602742053,0.8201778888534071,0.8353122711361978,1.0,0.7962151280252205,0.8646959376936328,0.9975910602742053,0.8260597534999121,0.8503899386909647,1.0,0.814872259151654,0.8629555715101177,0.9975910602742053,0.8238134160879192,0.01850876781669822,0.014146949374398969,0.012199834516795141,0.015218933873181031,2
8,4,0.855535704548738,0.946265682112733,0.8149793016042803,0.8392274743077667,0.9547794307727419,0.7799355007648885,0.8563073801307232,0.9372453712859069,0.8201280062243506,0.8348591001422522,0.9512488043795657,0.7751372617985287,0.8725089885129845,0.946265682112733,0.8395396627642547,0.8440179269475419,0.9512488043795657,0.7889956621397081,0.8755621561574155,0.946265682112733,0.8439575998109174,0.8515009954933818,0.9594479989740913,0.7961112723747495,0.028106768232197828,0.024081243215829974,0.02014972943676306,0.024071822163692726,2
8,4,0.7647506823775055,0.9048284468872039,0.7310504634087758,0.736576974857158,0.9503466244469579,0.679961427160308,0.7823626111536272,0.8987000203143846,0.7543738994784006,0.7537866741109798,0.8777847410147355,0.7209465656831566,0.7826727971618537,0.8987000203143846,0.7547587107237934,0.7585351002063124,0.8887074047839691,0.7240597837487753,0.8006962313287197,0.9157650897416547,0.7730127104032468,0.7495074887845393,0.8777847410147355,0.7155340650267916,0.02671888946272468,0.02571881367899708,0.02326241741577419,0.02698556975415747,2
8,4,0.8500523419907928,0.9337478478238918,0.807699707319514,0.8777245948623682,0.9758071508334019,0.8275630289265652,0.8719445147913683,0.9373419750754296,0.8388512833654946,0.9067861579056109,0.9844600748019563,0.8670620166929903,0.8719445147913683,0.9373419750754296,0.8388512833654946,0.8960670898856429,0.9758071508334019,0.8552862773817638,0.8737928445257304,0.9340999022848222,0.8432755215231799,0.9067861579056109,0.9844600748019563,0.8670620166929903,0.03296854143225471,0.01776698168171984,0.016939724021896536,0.017069202136998064,2
8,4,0.8791583592089227,0.9351489243685057,0.7902556296103669,0.8684067117154542,0.9437445129549444,0.7800633855122535,0.8824950100283957,0.9381270470603089,0.7941615572195426,0.8692525993623087,0.9498990298930682,0.7746842179882035,0.8857778121595264,0.9332306105954239,0.810431487363244,0.867860333260167,0.9473194611232143,0.7746842179882035,0.886950522301202,0.9367815906488608,0.8078279418755101,0.870643026507672,0.959562321134525,0.7663736408641075,0.022298433187806183,0.007449171092072406,0.008097667111653186,0.008078498956589028,2
8,4,0.890478182387171,0.9740704046753366,0.8583999810589736,0.8408658318745892,0.9799368817367302,0.7792465977642824,0.8927268804818713,0.9698049988361499,0.8631484420711341,0.8379497264325997,0.9854304408043751,0.7726043603435526,0.8905588839168634,0.9698049988361499,0.8601484849673643,0.8447667332673001,0.9931808210837167,0.7790078105332526,0.8927268804818713,0.9698049988361499,0.8631484420711341,0.8423834365729507,0.9773689384075224,0.7825744163110995,0.04188640144987145,0.03065511649138028,0.029814326531173413,0.02745249318837721,3
8,4,0.8460946308755187,0.9795051144801259,0.7780065988566026,0.8634861243302328,0.9319886769845283,0.8240754895977748,0.8364042035807091,0.9717946053568963,0.7673056907643401,0.8663088367995353,0.9413600497804812,0.8231306510763426,0.8390096490374166,0.9795051144801259,0.7673056907643401,0.8643991081486048,0.9361308798580796,0.8231306510763426,0.831678885235306,0.9717946053568963,0.7601687356561547,0.8703703042302632,0.9413600497804812,0.8295287468981024,0.032349288587771106,0.021231721266611957,0.019907560135269307,0.020430663106702936,3
8,4,0.8062759649607203,1.0,0.7653103675567182,0.7594374701278213,0.8978610743150509,0.7142665910782429,0.8096944094872085,1.0,0.7694516889435383,0.7669187394041522,0.9186713138193284,0.7173983037485515,0.8056499712538487,1.0,0.7645519989167728,0.77136603600128,0.8978610743150509,0.7300877286663939,0.8012287800200554,0.9392301849002899,0.7720464950631882,0.7728627665298506,0.9144842912899632,0.7266483307526751,0.009484690296331696,0.009060948416816688,0.009451345968014946,0.009774326724902454,3
8,4,0.8575678312979551,0.8917100932908246,0.8434050340166027,0.8403158866251528,0.9853647404117084,0.7839967889600454,0.8653356874412941,0.9146376095035235,0.8448844025236686,0.8475728621713327,1.0,0.7883889483513865,0.8724340819219171,0.9349897609995856,0.8464849107229087,0.8373691842415998,1.0,0.7742234195082122,0.8826872257520096,0.9546700448171629,0.8528275148057063,0.8487252701534064,1.0,0.7899888095604123,0.04837747349153088,0.04064404476560726,0.03758785169671669,0.04222567876624028,3
8,4,0.840586654560087,0.9193056015356217,0.7979923980705178,0.8752868942453464,0.946772119011153,0.8363340957871328,0.8516851002434314,0.937292091982289,0.8053637722338151,0.8839244287793745,0.9530962625509989,0.846232213238073,0.8490918998609915,0.9299063674375315,0.8053637722338151,0.8828078088016578,0.9530962625509989,0.8445071392324237,0.8573623625426059,0.9273638040993947,0.8194850855861937,0.8859793936993772,0.9530962625509989,0.8494069429014867,0.03054531079766149,0.02565062409952125,0.021996315776649216,0.02597607513363255,3
8,4,0.8846493632887175,0.9916634364291256,0.8404669700092454,0.8888282477789674,0.9514568157304468,0.856411365678555,0.8882389511855365,0.9916634364291256,0.8455385740513653,0.887408779762832,0.9472949726509686,0.856411365678555,0.8881102352113962,0.9916634364291256,0.8453567157229166,0.887408779762832,0.9472949726509686,0.856411365678555,0.891957151351116,0.9916634364291256,0.8507918899002053,0.8889751217824533,0.9518874464653523,0.856411365678555,0.07279021405290514,0.027072211013313977,0.029634020428497998,0.024375267313446764,3
8,4,0.8219733862247377,0.9679355239875502,0.7530626497953071,0.8451076074727863,0.9429958741764689,0.7792743494961174,0.812577499817635,0.9784964119696028,0.7342448952175188,0.8218832892735858,0.9547384877546398,0.7325335556469739,0.8202276854077509,0.9784964119696028,0.7455068388355512,0.8297379733102136,0.9547384877546398,0.7456707874078744,0.8065430602371142,0.9784964119696028,0.7253615135633462,0.8252276800253784,0.9547384877546398,0.7381271652944696,0.02104023384609499,0.022359452474190678,0.021278962098037653,0.025162805688763813,3
8,4,0.7802323015669442,0.9862537289602886,0.7628845615600321,0.7724712609774267,1.0,0.7562189883391188,0.7804984835787455,1.0,0.7620156719305728,0.7824627042659358,1.0,0.7669241158025267,0.7896387061014384,0.9862537289602886,0.7730830189519832,0.7789622823408083,1.0,0.7631736603575868,0.7778904227926949,1.0,0.7591880031114595,0.7859262313384534,1.0,0.7706350410125916,0.043564196279573156,0.04500948017024841,0.04150935014822041,0.04274449936791315,3
8,4,0.8069553372519627,0.8784331517943406,0.7812206353193506,0.7867388342489459,0.9003450168388863,0.7427868555384258,0.8071229846582096,0.8784331517943406,0.7814486420980429,0.792939531626541,0.8725007085506474,0.7621588903389613,0.811197360038779,0.8784331517943406,0.7869899458766307,0.8035842054866854,0.8936758765938779,0.768729524867841,0.812457121124745,0.8784331517943406,0.7887032683405041,0.8030798093961234,0.8725007085506474,0.7762222404492116,0.0292887712703357,0.031202587968079447,0.0288282701818489,0.031363783187234165,4
8,4,0.8337283243855683,0.9853489708960349,0.7632690906748753,0.812854510154548,0.9523626786720761,0.7297054683699934,0.8403104113559943,0.9853489708960349,0.7729099220500174,0.8251912208192653,0.9573819934839262,0.7464034609581254,0.8403104113559943,0.9853489708960349,0.7729099220500174,0.8247048818343272,0.9435848896889434,0.7538505451636417,0.8520557725268919,0.9853489708960349,0.790113439262346,0.8320556123785381,0.9573819934839262,0.7573591368246377,0.01308653999373847,0.011588775535598526,0.01045063886730434,0.011876415668417132,4
8,4,0.8853972077093355,0.9812371768500929,0.8159013401712912,0.8908116086837421,0.9940358402163235,0.8111949169677258,0.9013847470925859,0.9812371768500929,0.8434818290222719,0.8994448532789585,1.0,0.8218868225909701,0.8984827952262461,0.9812371768500929,0.8384756020365534,0.8919146856872178,0.9940358402163235,0.8131487955748641,0.9028994908616469,0.9848408649150645,0.8434818290222719,0.9091954784089302,1.0,0.839158089952765,0.024973220161407107,0.011726659273108057,0.010026429521681333,0.01260174150886391,4
8,4,0.8891767674748956,0.9666737463872364,0.8541490873976039,0.9085670495156547,0.9863830025098299,0.8595492691471986,0.8656379593753303,0.9666737463872364,0.8199710279222532,0.8995258696545959,0.9863830025098299,0.8448128744664452,0.873785136974754,0.9666737463872364,0.8318006294624642,0.8995258696545959,0.9863830025098299,0.8448128744664452,0.8718874346294957,0.9666737463872364,0.8290451890277399,0.8997203219465084,0.9863830025098299,0.8451298160342755,0.008537006288327265,0.007864361799810721,0.007996487950145497,0.008356112534024691,4
8,4,0.7386033722119097,0.7769913853724307,0.7156516043620197,0.7383334202596522,0.8781014323969163,0.6372443633094953,0.7533576299271334,0.7862207658972551,0.733709124951072,0.7294570772738027,0.8596364451102652,0.6353031336945548,0.7488786686013936,0.7632318865797428,0.7402970385607762,0.7365306779522057,0.8730882165406987,0.6377636383109159,0.7607548814960071,0.7962665475363051,0.7395228497283938,0.7255208537751635,0.8644396354505118,0.6250460139496238,0.0277955125790724,0.01933505531469168,0.021510569366729897,0.020947192538616006,4
8,4,0.79361720218336,0.9091278072425619,0.7417446551582968,0.8638012715053548,0.9229673682887306,0.8325743764212451,0.8145905888721553,0.9263612402233422,0.7643975493216754,0.8424677715308481,0.9040306297185354,0.8099759051036379,0.812882315417526,0.9091278072425619,0.7696611860841136,0.857797477006061,0.914400965106257,0.827923084737614,0.8080139569561332,0.9157706932369052,0.7596234531826757,0.8329647865300965,0.9040306297185354,0.7954574005446027,0.019675617597415658,0.013427681496143838,0.011648561462497282,0.015932842785694748,4
8,4,0.829731120952712,0.8815064713699502,0.7986126790177864,0.8108092703576668,0.8992788648830511,0.7500195163783399,0.8348968943615098,0.8843064287991799,0.8052003743758447,0.8100047579664098,0.9169096401614667,0.7365476394762625,0.8346371889667511,0.8703779143774386,0.8131560076817995,0.8165525463327717,0.9224988487941984,0.7437540928505242,0.8369257000151884,0.8843064287991799,0.8084485492935163,0.812665951139525,0.9245788885292507,0.735767667977695,0.03359864925815416,0.014076195358126962,0.016660324265343338,0.013805134426475898,4
8,4,0.8099794091738765,0.9376281583011914,0.722421084800241,0.7960691428462668,0.9511868716730998,0.6823158414561459,0.8174700455413989,0.9376281583011914,0.7350497861571692,0.8070108718972668,0.9440265354286433,0.7065324534293712,0.8208423825837384,0.9376281583011914,0.7407353161032315,0.8061177838833332,0.9511868716730998,0.6997335053708397,0.8209061560078614,0.9485269425931702,0.733367012028394,0.8153856132277708,0.9440265354286433,0.7210486879459738,0.009668930051740087,0.009982073608066775,0.007760943739041041,0.010599702472323384,4
8,4,0.8590642153958702,0.9825949011824333,0.8330091732500052,0.795997060955886,0.9902571414733577,0.7476649800628028,0.8828199490425903,1.0,0.8581043802192688,0.8127944064557926,0.962837813442481,0.7754634732829208,0.8772260643321526,1.0,0.8513306356144127,0.8180544158527877,0.962837813442481,0.7820321776984537,0.8910465173965653,1.0,0.8680660930340216,0.8136433619455442,0.962837813442481,0.7765236496539569,0.049085304666525664,0.03830343668123499,0.03278970905924542,0.035333397236883085,5
8,4,0.8783214647781363,0.9885837719299552,0.8614291643843323,0.8532201519315685,0.9762465505365281,0.8294409784735909,0.8758646986155945,0.9885837719299552,0.8585960190847401,0.8555244061141136,0.9762465505365281,0.8321906107255531,0.8746436527429597,0.9885837719299552,0.8571879077115916,0.8614917526811487,0.9762465505365281,0.8393113566500466,0.8744638663890285,0.9780391884301508,0.8585960190847401,0.8607747649002009,0.9762465505365281,0.8384557857925905,0.03726844323228505,0.03940195373160253,0.03449042109521555,0.04033031027705818,5
8,4,0.8140052933318948,0.9355980208177191,0.7516615284077207,0.8438183381565003,0.9895963069636273,0.7834137065345588,0.8401466684257355,0.9449786465342066,0.7863965771590302,0.8261240773954387,0.9416735724553784,0.7782449311821201,0.8424499590053565,0.9449786465342066,0.7898808249341768,0.8261240773954387,0.9416735724553784,0.7782449311821201,0.8483855244036498,0.9449786465342066,0.7988597096290654,0.8261240773954387,0.9416735724553784,0.7782449311821201,0.02309367516598223,0.011876205471057246,0.012377475538040526,0.012694732228902402,5
8,4,0.8831231413129909,0.9811837287437976,0.8549107268699264,0.8555280114066495,1.0,0.813038331296263,0.8901388692080737,0.9811837287437976,0.8639449071135177,0.853271542930894,1.0,0.8101182281280838,0.8929185531609406,0.9811837287437976,0.8675243170088215,0.8503696849399296,1.0,0.8063629242964248,0.8947911713776677,0.9811837287437976,0.8699356948088646,0.8540674027975492,1.0,0.8111481529610769,0.021589951474294784,0.015652657645862947,0.016869754605473714,0.016208923905507957,5
8,4,0.8282674167420444,1.0,0.7805958581286985,0.8332714069727083,0.9855883943873909,0.7828213105218168,0.8194468762022181,1.0,0.7693268077757162,0.8333467792916562,0.9795788631412813,0.7849121111719186,0.8190829185717724,1.0,0.7688618184878914,0.8391734841731896,0.9855883943873909,0.7906782607084231,0.8199714653598256,1.0,0.7699970185870623,0.8344501999982351,0.9795788631412813,0.7863810044499924,0.019374136251085985,0.011880812222097043,0.01094473302201468,0.013034528627989761,5
8,4,0.8039019561888396,0.9547873703006801,0.782299406982973,0.8419539062639555,0.8697586172804225,0.8392887041070677,0.7966104294412634,0.9547873703006801,0.7739639386040761,0.8437451077007266,0.8697586172804225,0.8412515999710843,0.8004151213432076,0.9547873703006801,0.778313355418688,0.8437451077007266,0.8697586172804225,0.8412515999710843,0.7966104294412634,0.9547873703006801,0.7739639386040761,0.8497069887767349,0.8697586172804225,0.847784953208536,0.06719525927588836,0.0643858087314669,0.06395295944906863,0.06648588208078716,5
8,4,0.8275592964405406,0.8548752028341527,0.8251846276330633,0.859532781472201,0.9478094857118881,0.8472113339038988,0.8143648310128973,0.8051128628549229,0.8151691374809282,0.8716138251779872,0.9478094857118881,0.8609786202925456,0.8323907037667019,0.8548752028341527,0.8304360463660704,0.8812499320341018,0.9478094857118881,0.8719597114954681,0.8177538482286244,0.8051128628549229,0.8188527740057945,0.8733247909756872,0.9478094857118881,0.8629283985328836,0.045650239174660816,0.052965632345492425,0.042795848416106994,0.05443816313748168,5
8,4,0.8410225709872324,0.9939703268170169,0.799974059128934,0.837321261917308,0.9505366634869837,0.813526158051187,0.8515712430085216,0.9939703268170169,0.8133538108624163,0.8384452215024516,0.9505366634869837,0.8148863464064363,0.8524680690645212,0.9939703268170169,0.8144913294005959,0.8493106753600308,0.9701321686963061,0.8239169573381311,0.848502273501632,0.9939703268170169,0.8094611834305518,0.8483088534468856,0.9701321686963061,0.8227045770014131,0.048761926000446876,0.039245933790676826,0.03808392965572947,0.03743069885944027,5
8,4,0.7894970107273903,0.9529451941349174,0.7634008790902688,0.8347892740753295,0.9538956375562313,0.819444703150289,0.7856808473586508,0.9529451941349174,0.7589754272024206,0.825491399331405,0.9538956375562313,0.8089489755436738,0.7907003833742033,0.9529451941349174,0.7647963821746618,0.8293740036089837,0.9538956375562313,0.8133317789287563,0.7863346529334934,0.9529451941349174,0.7597336193540393,0.825491399331405,0.9538956375562313,0.8089489755436738,0.04060621869313691,0.03173042818193464,0.03192355022647488,0.032287778168764714,6
8,4,0.7372113515820824,0.8330792706192489,0.6738239235471701,0.6478705148725891,0.7273415692239088,0.5979368018484924,0.7279700009121903,0.8214565396624051,0.6661571305925069,0.6582118459912207,0.743190925199522,0.6048172988963657,0.7244146308806405,0.8214565396624051,0.6602509662151972,0.6510270071795066,0.743190925199522,0.5931180405607513,0.7258898397676871,0.8240897634911878,0.6609605009380409,0.6534882572531102,0.743190925199522,0.5971257575317559,0.04955994172115187,0.03069794692590555,0.03247965935737156,0.030630261151382565,6
8,4,0.7789283759367727,0.9276834433836637,0.748018169786001,0.7572323076483618,0.9293000315069193,0.7279177916789863,0.7818773236199196,0.9276834433836637,0.7515798870532595,0.7662686418995492,0.9468082681668567,0.7355108005180446,0.7799415554263475,0.9276834433836637,0.7492418805026996,0.7583317188774911,0.9293000315069193,0.7292045053685103,0.7880928042201982,0.9508277612156576,0.7542776801037543,0.7634277114774123,0.9468082681668567,0.7321858717122475,0.053208820837099546,0.05243509313727151,0.05003673773325598,0.05282069532144415,6
8,4,0.7365780413701765,0.8602598593593666,0.6766620982541541,0.7846406144695459,0.849032527500513,0.7455748775372266,0.7365852773472389,0.8872581783581672,0.663593878022191,0.7900543429574236,0.855199529322513,0.7505316048812678,0.7355732426984359,0.8662201451642417,0.6722831609088077,0.7971986191266306,0.8689308460644747,0.7536796091264834,0.7273628166602397,0.8731379639994175,0.6567440662432031,0.7833033049695795,0.8453194745825412,0.7456789006987365,0.04089473945106471,0.026054504241950834,0.02498924559314443,0.02854402452274308,6
8,4,0.7433841936723588,0.7595799275356138,0.733510803357802,0.7211373118002887,0.8016994706616657,0.6748892232923784,0.7509518046042817,0.7654788327394311,0.7420957058254363,0.7273849930399792,0.7899979638702476,0.6914409436546576,0.7509518046042817,0.7654788327394311,0.7420957058254363,0.7244175817935645,0.7899979638702476,0.6867700391068816,0.752502020888345,0.7803058434900231,0.7355520021302638,0.727254484470729,0.7926733890117235,0.6896996407318909,0.03655173240239133,0.026296466154587753,0.029816340204017876,0.025661180109540535,6
8,4,0.770291129889164,0.9139173786277536,0.7059243372358398,0.8075601929005416,0.9157329681203402,0.765171854110699,0.7734291991338298,0.9249778838451711,0.7055119287785119,0.8353839326259955,0.9248946748432653,0.8003084558368833,0.771927096568631,0.9312435651961922,0.7005286565726498,0.8336739647151695,0.9247604326172957,0.7979810276266998,0.7776513873225498,0.9249778838451711,0.7116263108668396,0.843607769796211,0.939633430235512,0.8059793719026668,0.024816057027197705,0.030950289637437157,0.026386138703571947,0.04051463162996823,6
8,4,0.72729355843439,0.9277387628482244,0.6778338260688661,0.7163189137664532,0.9690646989818258,0.6372316431426516,0.7497384263556528,0.9626827688801923,0.6971945392578515,0.7555202732003631,0.9871189408607154,0.6830501962423713,0.7570060002485506,0.9626827688801923,0.7062553825918445,0.7480001349870385,0.9871189408607154,0.6731769141160876,0.7594010116501576,0.9465384800644684,0.7132249550545394,0.7538145262313667,0.9871189408607154,0.6808107000279114,0.019677221564855622,0.019382422624930642,0.017626368516071505,0.02356871172141554,6
8,4,0.8444002633823025,0.9158212063766796,0.7676256739804369,0.867109592963603,0.9290014948567686,0.7902015266347083,0.8474701098647521,0.9211181122784045,0.7683015227736952,0.8589175363810256,0.9284191680609355,0.772553473624778,0.8496447685520191,0.9253157863324166,0.7683015227736952,0.8704554756068865,0.9370711627229649,0.7876775430089878,0.8437810673911135,0.9211181122784045,0.7606469106880458,0.86151364580765,0.9284191680609355,0.7783755585000892,0.050810686888761676,0.03094482435160602,0.029125991640883683,0.03246734088546975,6
8,4,0.7619249044203832,0.9046760382025765,0.6597734601584344,0.7550560094850008,0.8717023015932686,0.6950596778696885,0.7704788393274424,0.8896077829790034,0.6852312246501764,0.7578350598730837,0.8835458233955005,0.6931764709064956,0.7779591996658997,0.8896077829790034,0.6980644644504466,0.7527825955624662,0.8835458233955005,0.6855253014096645,0.77959173041832,0.8824135586794599,0.706013342770938,0.7761106428289257,0.8835458233955005,0.7208519920486636,0.029279630821129592,0.027088433501189228,0.025676987681807012,0.029437492421300296,7
8,4,0.8048562599859276,0.9342904669142265,0.7447164087298443,0.8225397639948792,0.939851895854068,0.7824025214181659,0.8081916313369933,0.9342904669142265,0.7496015152065558,0.81015347110204,0.9093060518731161,0.7762293481367127,0.8070258954733271,0.9302823386450814,0.7497564584781324,0.814672368141563,0.9270326685098541,0.7762293481367127,0.8052446917841549,0.9185443660489993,0.7526015326119816,0.81015347110204,0.9093060518731161,0.7762293481367127,0.01620895389870952,0.021342972720230176,0.01806329213058295,0.0228786612282232,7
8,4,0.8239589886230037,0.9314644193122146,0.7600041000383405,0.8663208850026016,0.9831332189770485,0.7941872741782153,0.8256272714801183,0.9218719131133376,0.7683714166543479,0.8569351175397848,0.9831332189770485,0.7790056350431563,0.8243270439213822,0.9218719131133376,0.7662976848352172,0.8612423095595374,0.9831332189770485,0.7859725916813156,0.8256272714801183,0.9218719131133376,0.7683714166543479,0.8636580681459614,0.9831332189770485,0.7898801224444421,0.010800692048637404,0.0078472749723465,0.007998055514397901,0.007969211240985596,7
8,4,0.8065782836383023,0.9488192112727047,0.7505207708113756,0.8173873693109857,0.9396353128033045,0.7709866101485541,0.8100344248545073,0.9488192112727047,0.7553389861069695,0.81877428838612,0.9339235926309707,0.7750679078831009,0.8088242708832035,0.9488192112727047,0.7536519073651575,0.8181190661041295,0.9396353128033045,0.7719960317500564,0.814589845983571,0.9488192112727047,0.7616897103363539,0.8181190661041295,0.9396353128033045,0.7719960317500564,0.01586953384358029,0.009719805853319573,0.010686594274041518,0.009846335282072152,7
8,4,0.7737308393420295,0.922166494364739,0.718535473124242,0.7577123741756688,0.9034203036182429,0.6832459152490681,0.7597557822266352,0.9066894269247491,0.7051189341756339,0.7604457669296363,0.8892360132707857,0.6946253711145286,0.7748953097981159,0.922166494364739,0.7201329485296021,0.7621910266955306,0.9104710994798757,0.686410031166522,0.7643335782425582,0.9235781866455365,0.7051189341756339,0.7606882133769651,0.8892360132707857,0.6949917238480905,0.041294639178436905,0.044656234836263166,0.0387109709194445,0.048783376981939304,7
8,4,0.811024390905578,0.9738709478994535,0.7264906656684468,0.7776504735341404,0.9496175533607727,0.7059867362497685,0.8134436253120289,0.966769122353854,0.7338522868272506,0.789383377251804,0.9430403827283161,0.725349986189553,0.8172130638114481,0.9738709478994535,0.7358918816250549,0.7813117388295426,0.9430403827283161,0.7139146587639632,0.8134436253120289,0.966769122353854,0.7338522868272506,0.7881993075985966,0.9430403827283161,0.7236724799051056,0.0305746139163209,0.029959180913320997,0.02975260034938354,0.032807214392522065,7
8,4,0.8022226146833141,0.8611684341565476,0.7958972032782764,0.7228952266790492,0.969399221710119,0.703080420996098,0.7856748266762288,0.8143593369806486,0.7825967232543246,0.7327842868729911,0.969399221710119,0.7137643965264233,0.7961515657813939,0.8611684341565476,0.7891746767599972,0.7252444206752269,0.969399221710119,0.7056184509685038,0.7875896436796659,0.8143593369806486,0.7847170171757236,0.7346043722824377,0.969399221710119,0.7157307864154788,0.03229019538275829,0.023972195125565584,0.026862769354246654,0.024172203898420237,7
8,4,0.8461989668653085,0.9661536024414065,0.8088355297021145,0.8243110823705757,0.944708486590617,0.7891830503743134,0.8523108080410027,0.9770523414799009,0.813456349237466,0.8276200925456194,0.944708486590617,0.7934575216907985,0.8535803415610007,0.9874392004488991,0.811886020714,0.8276200925456194,0.944708486590617,0.7934575216907985,0.8579823231830077,0.9770523414799009,0.8208944263685988,0.8328810471726638,0.944708486590617,0.8002534511262027,0.012459548752948052,0.01283806057139195,0.011023132180919394,0.014190594765306479,7
8,4,0.7695163424129899,0.9155119562596984,0.6814443864572001,0.7870043616021193,0.8279742468696802,0.7562818430973072,0.8036364475173554,0.9160651454019956,0.7358137570448906,0.7868989188760193,0.8279742468696802,0.7560973309258658,0.7906192691148904,0.9160651454019956,0.714943956685342,0.78116759408008,0.8279742468696802,0.7460681973625743,0.8054782677842247,0.9254935990943947,0.733078935402452,0.779966638777839,0.8279742468696802,0.743966669084461,0.022032300839133524,0.015141675733184371,0.013859024690334398,0.01472049776645059,8
8,4,0.8141588406098009,0.9381015146264801,0.7488072061622904,0.8141884991855409,0.931476191139934,0.7505216133445597,0.8161302563843975,0.939089372286569,0.7512972256451509,0.8184942727409537,0.9254835146675746,0.7604176601104997,0.8188682446520598,0.9517425411898459,0.7488072061622904,0.8201112760026724,0.9254835146675746,0.7629124158486535,0.8128044717618798,0.939089372286569,0.7462178443487976,0.8169766424423786,0.9310694444142507,0.7550440280530918,0.01858757535625235,0.011196899293011185,0.011740243463077164,0.012040186964020172,8
8,4,0.7540545526676304,0.8939645146910552,0.7050259143714385,0.7560049497983453,0.8613413946700857,0.7220408312124298,0.7648630803231538,0.9109821341728161,0.7136585904085796,0.7711630245349674,0.8720269533145344,0.7386410000610845,0.7664593811379791,0.9315170520462601,0.708618232959988,0.7727958326490879,0.8643714367155764,0.7432686858018765,0.7728137164688459,0.9376115041270537,0.7150636391601687,0.770617664598207,0.8630390065006994,0.7408178225770736,0.05795659574599704,0.0557609933792453,0.047919355129727406,0.05975311304994614,8
8,4,0.8259289323713668,0.946180362950917,0.7988183055829123,0.7837786569773223,0.962974292899172,0.7523238566680464,0.8115228072326739,0.9216283121100048,0.7866995744802872,0.802000646668086,0.9603505891311033,0.7742049596049715,0.8173957321089841,0.9345210981612748,0.7909898750543009,0.7895243564260063,0.9390627057149878,0.7632753973413384,0.8163842808682141,0.9345210981612748,0.7897503926211279,0.811294334824402,0.9603505891311033,0.7851299994601709,0.023878315828688972,0.019542427560439453,0.020134470699061033,0.017453987975666246,8
8,4,0.7567334792359708,0.8371220722909606,0.7291909331291901,0.7892862919828911,0.8874297383200661,0.7517702830947803,0.7564608907293309,0.840478627154654,0.7276749362631433,0.7919375557370113,0.8898714255675914,0.7545016589132062,0.7629596882594519,0.8488797089793568,0.7335219777306118,0.7934555290490037,0.8898714255675914,0.7565998879874526,0.7596174181791189,0.8488797089793568,0.729034587126451,0.7928087035087772,0.8898714255675914,0.7557058089257549,0.06727620830069281,0.05033592142331561,0.049792196758201616,0.05319990474512795,8
8,4,0.8615110503891371,1.0,0.825172000676872,0.866640243988957,0.993779646511688,0.8392065026344337,0.8615110503891371,1.0,0.825172000676872,0.866640243988957,0.993779646511688,0.8392065026344337,0.8615110503891371,1.0,0.825172000676872,0.866640243988957,0.993779646511688,0.8392065026344337,0.8615110503891371,1.0,0.825172000676872,0.866640243988957,0.993779646511688,0.8392065026344337,0.20245497882078786,0.16181971962625125,0.1728755234286073,0.17000543483297176,8
8,4,0.8109198076411874,0.9754830217175996,0.778730605776225,0.7978305104880158,0.9189881123292043,0.7756449153653856,0.8089241116821108,0.9754830217175996,0.7763445439601836,0.7982433567797745,0.9456680800111253,0.7712478965612426,0.8055136682991305,0.9754830217175996,0.7722670046461966,0.8028640940942187,0.9456680800111253,0.776714753356994,0.8099584978645925,0.9754830217175996,0.77758126008512,0.8064196827417306,0.9561321139496852,0.7790053122595715,0.014403894771089755,0.012752753451506334,0.012323677131386969,0.012662516181965813,8
8,4,0.8838282896491217,0.9831081386789724,0.8608453577985316,0.8400883685429414,0.9753743085111445,0.8193471409666235,0.8838282896491217,0.9831081386789724,0.8608453577985316,0.8400883685429414,0.9753743085111445,0.8193471409666235,0.8838282896491217,0.9831081386789724,0.8608453577985316,0.8400883685429414,0.9753743085111445,0.8193471409666235,0.8838282896491217,0.9831081386789724,0.8608453577985316,0.8400883685429414,0.9753743085111445,0.8193471409666235,0.3637320442237278,0.46161333688886774,0.4383277805033786,0.5140039094014587,8
8,4,0.8231588199701363,0.9737195292508632,0.7587155036305252,0.7763535189245794,0.937521876527661,0.7018527195689435,0.8231686884593202,0.9598349356664095,0.7646725094509411,0.7840638725141214,0.9619958235558672,0.7018140265724977,0.8187334361010233,0.9598349356664095,0.7583388709058547,0.787745427055901,0.9507776253592375,0.7123830589400838,0.829658632204916,0.9598349356664095,0.7739402927791325,0.7892805350011177,0.9619958235558672,0.7094421147948545,0.03533581776663153,0.020058196039319014,0.020687768690740543,0.01933943651183461,9
8,4,0.8015333698474939,0.9141770777270718,0.7653701547904532,0.812235423720432,0.97933045906963,0.7458230640447964,0.8155231573638015,0.9498241520020084,0.7724070717616827,0.8106692221816907,0.9879972418257204,0.7401897360823211,0.8128579335752171,0.9498241520020084,0.7688862026569412,0.8106692221816907,0.9879972418257204,0.7401897360823211,0.8096612725846376,0.9439951496201769,0.7665346303945947,0.8106007738067731,0.9879972418257204,0.7400940827214221,0.02988564914339068,0.023403885957742107,0.02159510698495426,0.028606943987763762,9
8,4,0.8614238403058053,0.9488576242343189,0.829564773447253,0.838028688535618,0.9701594256883781,0.7948922383742163,0.8495625470259588,0.9488576242343189,0.8133814696280881,0.8500906929614334,0.9701594256883781,0.8108921005912828,0.8525856255917555,0.9488576242343189,0.8175060956486434,0.8500906929614334,0.9701594256883781,0.8108921005912828,0.8456334287725003,0.9488576242343189,0.8080206617518352,0.851759646417726,0.9701594256883781,0.8131059138518907,0.0163027037303451,0.008977979169594079,0.009466061709199714,0.009519461901317992,9
8,4,0.7955014234703167,0.9407874670073456,0.7505621618790389,0.7711898561630962,0.9396521468106842,0.7220188528605849,0.7900902084126528,0.9407874670073456,0.7434771727747919,0.775831932229577,0.9396521468106842,0.7280158644246065,0.7900902084126528,0.9407874670073456,0.7434771727747919,0.775831932229577,0.9396521468106842,0.7280158644246065,0.7922302450760214,0.9407874670073456,0.7462791564847502,0.7768508773287726,0.9396521468106842,0.7293322206099567,0.0370084087072393,0.027391924828050664,0.027783571501250805,0.029911322515033742,9
8,4,0.7890636878612183,0.9727806967567885,0.7634614281340911,0.7978953329276566,0.9597759754932694,0.7770599857354105,0.7992659861590836,1.0,0.7712922868847549,0.8326471336855905,0.934506107130744,0.8195370604690517,0.7980258499919634,1.0,0.7698793290042916,0.8368280143477582,0.9597759754932694,0.8210036179502258,0.8010001870256666,1.0,0.7732681608619125,0.8394475850957613,0.934506107130744,0.8272127849442986,0.04743311042633304,0.036747388264136066,0.03525297075226218,0.03418879551756069,9
8,4,0.8228340577481694,0.9944560020541398,0.7765654062367898,0.8459006774227636,1.0,0.8161103284644867,0.8444829272056246,0.9944560020541398,0.8040507321019206,0.8516067809358872,1.0,0.8229195310179243,0.8425846886677704,0.9944560020541398,0.8016407353635133,0.8606233848199644,1.0,0.8336792170365164,0.8519177931668458,0.9944560020541398,0.8134900108646905,0.8494089122520664,1.0,0.8202967722439952,0.015023407519080656,0.010707908514796959,0.008902517248931444,0.01164742579600353,9
8,4,0.8435153717179734,0.9275836030957892,0.8144072081518797,0.8422634309023934,0.9191303930438202,0.8163759895439473,0.8494541957156142,0.9409813942927798,0.8177634057077073,0.8500731351266718,0.9305336207172225,0.8229754582526312,0.8567471746272494,0.9409813942927798,0.8275815385278374,0.8528412239599613,0.9305336207172225,0.8266757907358638,0.8614479682464541,0.9409813942927798,0.8339099561295585,0.8513120976635139,0.9267438278580508,0.825908017190236,0.01623834023209273,0.0087619999171643,0.008792718066345493,0.008780215524316884,9
8,4,0.8603913144644745,0.9721269296921436,0.7951492213612005,0.8440195658625876,0.9770840743127628,0.7759235392149821,0.8608205965974635,0.9731160910167617,0.7952515917009139,0.8515595778397983,0.9667956302131366,0.7925872990212283,0.8626193283400234,0.9731160910167617,0.7981005975532711,0.8469682096663532,0.9667956302131366,0.7856462890602814,0.8660631004482382,0.9731160910167617,0.803555177943633,0.8401253398749101,0.9555796940661317,0.7810413446671921,0.018530814910783077,0.016897005739156853,0.014844114701114838,0.016895660633259493,9
8,4,0.8396312892534075,0.8468877432782296,0.8282024639730008,0.8797057134448159,0.8978600059831267,0.8551535259032856,0.8453080473350442,0.852564935320641,0.8338785385717884,0.8667374819678492,0.8753028501979228,0.8551535259032856,0.8477959227195351,0.8566324265365155,0.8338785385717884,0.8718525362913387,0.884200060078057,0.8551535259032856,0.849923353033915,0.858242814614061,0.8368203040100671,0.8685484986742823,0.8688240032583432,0.8681759013834687,0.028666186865642797,0.02096439406859093,0.02122462286316023,0.02143604629693909,10
8,4,0.79374751706819,0.9266239741488482,0.7690655550527807,0.7561952659143588,0.9385894552216373,0.7239798703125564,0.805709635464871,0.9064356491353123,0.7869996570533581,0.7508214709718357,0.9385894552216373,0.7176569281926269,0.7972874557311572,0.9064356491353123,0.7770130472855994,0.7527044740467354,0.9385894552216373,0.719872516911881,0.8099143639109804,0.9064356491353123,0.7919854188749208,0.7497050076235139,0.9237536205178524,0.7189636504584022,0.02587274328738841,0.023002101503769364,0.02259512153921469,0.02422782155829118,10
8,4,0.8586674282141677,0.9624053880660763,0.8311370206633792,0.8538415828409759,0.9867415342425044,0.8222604840435304,0.8681237022514876,0.9624053880660763,0.8431028396978343,0.8652607897640667,0.9867415342425044,0.836393244269113,0.8702899832432702,0.9624053880660763,0.8458440172719135,0.8663282113308393,0.9867415342425044,0.8377143178922125,0.8678198985785137,0.9624053880660763,0.8427184113533868,0.8650653922312666,0.9867415342425044,0.8361514142980532,0.013577806804683588,0.012094570910482839,0.011566422725823674,0.013418543869204562,10
8,4,0.818052866344748,0.8714686640247414,0.7942510964329096,0.7928256783367997,0.8943995752648726,0.7426340834991888,0.8062544001404138,0.8503905379997354,0.786587592870807,0.8082527393194622,0.9074169908441595,0.7592518435634686,0.8194453012333504,0.8895222176848372,0.7882194333449424,0.8036494283210851,0.8993996839283664,0.7563355201184542,0.8013597056650654,0.87371129173232,0.7691202581771481,0.8058828199715184,0.8968038758357105,0.7609552063211845,0.015489270518978152,0.01478904355405797,0.014157929279002293,0.016161499938603247,10
8,4,0.8701278000548961,0.9576814349512367,0.8487049927693474,0.8246033550906544,1.0,0.7891290799714278,0.8865790445469696,0.9576814349512367,0.8691815623182091,0.8221376847215474,0.9761938023271659,0.790979568199043,0.8777652670073003,0.9576814349512367,0.8582112111775285,0.8271495163020904,1.0,0.7921902066963664,0.8890780876295477,0.9576814349512367,0.8722920765112642,0.8221376847215474,0.9761938023271659,0.790979568199043,0.01800321916550736,0.011643043495843518,0.01140920111830412,0.01102856151435704,10
8,4,0.8580957138408642,0.9649940851990574,0.8374989971484994,0.815848210710052,0.9337156062209201,0.7922971098252131,0.8626973478919969,0.9649940851990574,0.8429872541824608,0.8389198892079363,0.9337156062209201,0.8199787436507022,0.8626973478919969,0.9649940851990574,0.8429872541824608,0.8402634471338128,0.9337156062209201,0.821590758074831,0.8565744879346341,0.9905424374485907,0.830762121787818,0.8395970047711789,0.9337156062209201,0.8207911537699287,0.0061927310528743975,0.005601150800345075,0.005225201213944224,0.005492482811103111,10
8,4,0.8223416314983066,0.9479931897005138,0.7275326263879176,0.8113029495405966,0.9403510000666522,0.7378532524723399,0.8222407114364046,0.9479931897005138,0.7273555582001866,0.8275974659194747,0.9487018736499542,0.7586690162050144,0.8222407114364046,0.9479931897005138,0.7273555582001866,0.8322122069389909,0.9499117344007043,0.7652216975752377,0.8193191472589849,0.9479931897005138,0.7222295598160575,0.8266729029954369,0.9359807053348402,0.7644586739830812,0.03126970756064648,0.01953312329413578,0.018622407533628853,0.019635595645256326,10
8,4,0.8211441972758582,0.9521194434692205,0.7574299157086941,0.8415961110334714,0.9154685885658311,0.7921027751664931,0.8280768666737609,0.9581127891019177,0.7648195289994201,0.8538440683423949,0.9432661081369075,0.7939327834187049,0.8243586779694337,0.9467512484054739,0.7648195289994201,0.8606270747883983,0.9353580964030471,0.8105585286125101,0.8280768666737609,0.9581127891019177,0.7648195289994201,0.8568820750028608,0.9432661081369075,0.799006204201388,0.0437773777359208,0.024084187583184105,0.022922202686456103,0.02471370900402449,10
8,4,0.8272442204733077,0.9111472110053409,0.8099134046640641,0.7917327860715216,0.8772383235677762,0.7767270955755317,0.823471190942633,0.9253948253777752,0.802418070859509,0.8005996541328148,0.8689739226399439,0.788600394890071,0.8256241827819287,0.9253948253777752,0.8050157799224584,0.8054199765678284,0.9012614423239766,0.788600394890071,0.8292022678105802,0.9253948253777752,0.8093329462661876,0.7969030494387334,0.8689739226399439,0.7842550590430181,0.029007442155876067,0.021070978045727738,0.021123427236170444,0.021029605815558787,11
8,4,0.9444728689126419,0.9502648783276276,0.9400236516980585,0.9691266429690824,0.9606488524756615,0.9760618566215151,0.9444728689126419,0.9502648783276276,0.9400236516980585,0.9691266429690824,0.9606488524756615,0.9760618566215151,0.9444728689126419,0.9502648783276276,0.9400236516980585,0.9691266429690824,0.9606488524756615,0.9760618566215151,0.94561863179837,0.9475940935885399,0.944101151771346,0.9691266429690824,0.9606488524756615,0.9760618566215151,0.014649056664725275,0.016626656555183417,0.014973276889695759,0.021541973902844923,11
8,4,0.878552973629113,0.955771661872454,0.84790239315002,0.8611710153788824,0.9816402150050066,0.8164493988924926,0.8762207237871045,0.955771661872454,0.8446443983477424,0.8708933421832413,0.9816402150050066,0.8297809318013936,0.8749150498734442,0.955771661872454,0.8428204604712967,0.8708933421832413,0.9816402150050066,0.8297809318013936,0.8869358788329951,0.955771661872454,0.8596127429977487,0.8698651987914287,0.9816402150050066,0.8283711121420836,0.010701071207433948,0.007699945699511283,0.006458407040276795,0.008001875364128573,11
8,4,0.8183761937807118,1.0,0.7864328635028114,0.8404244663347598,0.9841574009781364,0.8123426468643536,0.8206737947266357,1.0,0.7891345580936722,0.8412633161337585,0.9841574009781364,0.8133453869274503,0.8206737947266357,1.0,0.7891345580936722,0.8412633161337585,0.9841574009781364,0.8133453869274503,0.8206737947266357,1.0,0.7891345580936722,0.8410569256278411,0.9841574009781364,0.8130986728802239,0.015252702356296222,0.011059020645921212,0.0107383266316948,0.011492289010001325,11
8,4,0.7912809288886944,0.9795209210373407,0.7646989069870556,0.7633374970533413,1.0,0.7384840995161325,0.803596379354414,0.9523770834731586,0.7825865403171137,0.7868507616482807,1.0,0.7644666378874388,0.8003923050934739,0.9523770834731586,0.7789300076215626,0.7773307280631209,1.0,0.7539468465193031,0.8113945636331453,0.9523770834731586,0.7914859332334153,0.793400795179786,1.0,0.7717045310723059,0.027977485018034112,0.024558960219223117,0.023244663965137455,0.025348590941123,11
8,4,0.8414716963232901,0.968330265835482,0.8252271655449667,0.8629331689856762,0.9856990806160947,0.8432940343008687,0.8421392493265507,0.968330265835482,0.825980200241339,0.8581620135323769,0.9856990806160947,0.8377596265464616,0.8391584970759702,0.968330265835482,0.8226177558286655,0.8564806896013214,0.9856990806160947,0.8358093375037375,0.8440311643283109,0.968330265835482,0.8281143792982136,0.8605797457144011,0.9856990806160947,0.8405641286984552,0.013352251602131791,0.013700672048537777,0.01292665548752254,0.015290412993454126,11
8,4,0.85055863115894,0.9957887954493255,0.8206490411098452,0.8382413580854691,1.0,0.7953396026141558,0.8625642381638817,1.0,0.834259875122715,0.8527135850757187,1.0,0.8136501651400677,0.8603656943617781,1.0,0.8316085497366535,0.8490460586984184,1.0,0.809009934504366,0.8730142198475461,1.0,0.8468619900750166,0.8647210705449293,1.0,0.8288422854413239,0.015140703587672114,0.012822551973729135,0.012167364731431096,0.011746838351564926,11
8,4,0.7953931653472618,0.934753090930246,0.7028007397463356,0.8116537125653838,0.9407651911490974,0.7500545764844837,0.818691052991429,0.9568096573805591,0.7269233762543384,0.8395293587082825,0.9350451595561966,0.7939587333940359,0.818691052991429,0.9568096573805591,0.7269233762543384,0.8342336601375789,0.9350451595561966,0.7861364549988383,0.8120841070804756,0.947562045192151,0.722070921060923,0.8410191832753547,0.9343196858838656,0.7965054776029994,0.021554116288448492,0.016953115095567566,0.01734008118459301,0.0182522391069546,11
8,4,0.6955742852114455,0.9416071551389277,0.6624675429956669,0.7000616567466701,0.9647226784549788,0.6776035494576867,0.6842006816401174,0.8675504100872292,0.6595287254221509,0.699302127218061,0.9647226784549788,0.6767795692006229,0.703578573189154,0.9416071551389277,0.6715489061575856,0.6978224847051951,0.9647226784549788,0.6751743699658462,0.6774167024280869,0.8675504100872292,0.6518318785472096,0.6902660997157528,0.9647226784549788,0.66697677946864,0.06291950722607265,0.07237393573107712,0.06552142212689321,0.07755606404013153,12
8,4,0.818288677584829,0.9042408903880518,0.773797729378885,0.808911649886379,0.8766787063021698,0.7808300013352508,0.8307805804983377,0.9160011654781353,0.786668340583157,0.7961709165226964,0.8766787063021698,0.7628096997635682,0.8212609519358085,0.9160011654781353,0.772221121589827,0.8071779952871042,0.8766787063021698,0.7783779463547175,0.8231479458438995,0.9160011654781353,0.7750848692718088,0.8017967863859738,0.8766787063021698,0.7707668454509807,0.016331679138414216,0.01731894030039567,0.016414087888166534,0.019980373938466064,12
8,4,0.7584531604518404,0.8599317143369304,0.7265708634494022,0.7270055942831669,0.8800888031572451,0.686087746932281,0.7769589528597513,0.9074031028660428,0.7359763119616506,0.722774792991348,0.8527835312614891,0.6880245565288061,0.7783607405171835,0.8959776294553948,0.7414081387893636,0.7258392178735029,0.8685449729452753,0.6876951761783562,0.767631963446506,0.897242587295254,0.726911197865866,0.7190507962319069,0.8527835312614891,0.6833051669234825,0.1321535152499158,0.10368284688377104,0.11115309610040786,0.09781751484622722,12
8,4,0.857487750906203,0.9444780949489046,0.7422758487484004,0.8333413521307028,0.9512909698929578,0.7067935693748106,0.8428478387964355,0.9463337240127428,0.7057888834208574,0.8464436704933719,0.9572689371081882,0.7275395822096397,0.8433648204876852,0.9463337240127428,0.7069905668992438,0.8497533569799541,0.956241245327741,0.7355028285218461,0.8394782358162265,0.9383430583999814,0.7085395162179132,0.8563146061120581,0.9659973173714467,0.7386363619611718,0.04101106761796015,0.02016040352380291,0.02078009605431367,0.020687077662320613,12
8,4,0.8829653917229485,1.0,0.8429969402369969,0.8473528086601158,1.0,0.8053809498466461,0.89292287788259,1.0,0.8563550042970788,0.8504136721520892,1.0,0.8092834281053555,0.8855848267263561,1.0,0.8465109376471623,0.8465329446149374,1.0,0.8043356560529844,0.8906436827269506,1.0,0.8532974419358216,0.8525970135922006,1.0,0.8120671009230809,0.0065411522629719755,0.006218694836214727,0.006182838402539413,0.0074479183310299,12
8,4,0.8795600140075482,0.9974207180327934,0.8195111676901237,0.8694867563596997,1.0,0.821210621058975,0.8831908947116186,0.9974207180327934,0.824991945687773,0.8833773519249174,1.0,0.8402392719832509,0.8778365995457826,0.9974207180327934,0.8169096908494533,0.884457087114192,1.0,0.8417183953160771,0.8912369655970269,1.0,0.8358232906839537,0.8910185224429927,1.0,0.8507068697013367,0.007272301410863713,0.007802243456547791,0.006864935977734019,0.009524421543540645,12
8,4,0.8242599033831558,0.9245550933448392,0.7620041994280277,0.793358983953387,0.8903989819251387,0.7285143586354498,0.8255812713821795,0.9073086902048132,0.7748510420144255,0.7956116226768868,0.8817407312207008,0.7380579346180993,0.8360062562682661,0.9309469147755639,0.7770742423641764,0.7981358003077111,0.9035534680328878,0.7276930003447536,0.8214450691748982,0.9073086902048132,0.7681473968399052,0.7952319912055223,0.886511981520343,0.7342363513178078,0.026691211137339105,0.024519487193701714,0.02444392258957334,0.026857255211237413,12
8,4,0.8471463195000921,0.9510546837670784,0.7733513501738725,0.8512981170407684,0.9350127434269392,0.7802700129518704,0.8470320419997458,0.9401456870289154,0.7809034042596248,0.8578702254504718,0.9333302613717923,0.7938457709752503,0.8494449656344276,0.9459561721812744,0.7809034042596248,0.8656192546641607,0.9350127434269392,0.8067419932379706,0.8502079779899732,0.9401456870289154,0.7863348670366915,0.8538669142664909,0.9333302613717923,0.7864458298861873,0.01089612683056389,0.007636530994840884,0.006753551692798219,0.008370304563894215,12
8,4,0.8128069546335418,0.9634387582803969,0.7331820203520945,0.8590430635029834,0.9767563539659896,0.7792235332334535,0.827234994843703,0.9634387582803969,0.7552368148447544,0.8826884681045658,0.9766838577515742,0.8189516732225679,0.8164374823323411,0.9634387582803969,0.7387316681996613,0.8826884681045658,0.9766838577515742,0.8189516732225679,0.8256197799260784,0.9634387582803969,0.7527677869968418,0.8887942492602302,0.9766838577515742,0.8291976885171028,0.012894869234856787,0.008113560352255276,0.008303687267937626,0.008053919679893332,13
8,4,0.8310839104942623,0.9469289099666025,0.7313299609756576,0.8477954462977454,0.9528514546758118,0.7385932629921963,0.8519020676813582,0.9503040255252277,0.7671682942772425,0.8645771207917811,0.9506833111618644,0.7750726352349178,0.8480345968679992,0.9503040255252277,0.7599705503399871,0.8684326703030073,0.9506833111618644,0.7829358986405591,0.8465893740819239,0.9503040255252277,0.7572808484525096,0.8657588083504859,0.9704251160606701,0.7569617057673572,0.014703441289903776,0.01018513454325265,0.009702493393710394,0.011490940659973366,13
8,4,0.8541346765389588,1.0,0.8300636580464779,0.7761899403865707,1.0,0.7513930926549991,0.8625491626257886,1.0,0.8398667212494781,0.8089013339811871,1.0,0.7877287176512525,0.8613112545718961,1.0,0.8384245308689146,0.8030601923046741,1.0,0.7812404115846256,0.8784016535083333,1.0,0.8583352252606505,0.8270802495324107,1.0,0.8079217508950739,0.013282653462601185,0.012166615509761145,0.011597738423616156,0.013191745472326585,13
8,4,0.7753182546749475,1.0,0.7486911224203834,0.8073180131057303,1.0,0.789161989962756,0.7853374725662622,1.0,0.7598977222215785,0.8177232782590426,1.0,0.8005477216245228,0.7831071944187104,1.0,0.7574031328318587,0.808355063125014,1.0,0.7902967590498883,0.7854364385747884,1.0,0.7600084167352127,0.8157345148827455,1.0,0.7983715612088452,0.011259456957209518,0.01125689807437949,0.010086448142028625,0.012434761683053424,13
8,4,0.8215610219647492,0.8948894097583889,0.763255438429848,0.7935457953199095,0.9139336126733129,0.6849868474389996,0.8373525340954385,0.9170797515594323,0.773959050647609,0.8140128781572098,0.9391099016487359,0.7012074336211754,0.8360868702846075,0.9142223176108158,0.773959050647609,0.8136316080959947,0.9493745844672185,0.6912262433253648,0.8321757616968912,0.9131510762851681,0.7677898790796652,0.8117021628472055,0.9472300041530056,0.6894907947522204,0.025370425900216063,0.014031148145336835,0.012266459647581933,0.014947704150231375,13
8,4,0.8017973532558855,0.8532371516947785,0.7740822832134965,0.8194011077468172,0.8283698714519127,0.8143530097320366,0.8017004503404811,0.8394953051899554,0.781337091984024,0.8262926562163303,0.8558420119887514,0.8096607045764328,0.8084031407615133,0.8532371516947785,0.7842471799878183,0.8255650715697357,0.8403418308308576,0.8172479242411043,0.7977465462856721,0.8394953051899554,0.7752528777191139,0.8128953625128892,0.8488331201923727,0.7926676779442334,0.028901630322084988,0.018486871452217637,0.018141737221683885,0.01862297660779557,13
8,4,0.8826215201123747,0.9376166686640964,0.8672745782150673,0.851850972422182,0.8681437799405595,0.848616255853978,0.8801169251719756,0.9504767634086719,0.8604823141606609,0.8649986229130279,0.8731241680330085,0.8633854058296221,0.8823687032374185,0.9504767634086719,0.8633624732387214,0.8700198257971978,0.8731241680330085,0.8694035006333347,0.8954069387475163,0.9504767634086719,0.8800391577408914,0.8616659249680046,0.8613293429805375,0.8617327487692547,0.017770845326352383,0.015725834958519022,0.013304248951217517,0.01627013736888945,13
8,4,0.8099613977516822,0.9343487615734285,0.7978025875616924,0.802731802183806,0.9936117482390415,0.7765482613244369,0.8178588320001609,0.9343487615734285,0.8064719925398731,0.8119370718107376,0.9693142230592902,0.7903492038591448,0.8279442496508189,0.9343487615734285,0.817543255336963,0.8114725443416135,0.9693142230592902,0.7898209558461948,0.8329903613923627,0.9343487615734285,0.8230826222852883,0.815935345700457,0.9693142230592902,0.794895932261357,0.017663529081554878,0.018891133761244905,0.01619692690328376,0.01905836237541564,13
8,4,0.8272627988585496,0.9559176528262893,0.6960212288534419,0.8146445593478548,0.9456977284586157,0.6889881350759629,0.8201982096093626,0.9531419324754312,0.6845815393231268,0.8183253714098309,0.9497223603261199,0.6923392857672931,0.8280156933069274,0.9531419324754312,0.7003736839240028,0.8170943638493245,0.9556611362010847,0.6842337451037857,0.8195472059384126,0.9531419324754312,0.6832664429948101,0.8124683452055074,0.9443101597758217,0.6860557517456577,0.017721198465307078,0.010806675436874103,0.010042193529228582,0.011642351395536453,14
8,4,0.7695381448679994,0.9035591107201731,0.7554599384823923,0.6870873008479637,0.8620389138493159,0.6724959777744476,0.7667851109423857,0.8652978719879395,0.7564368570494461,0.6987081553394572,0.8620389138493159,0.6850860353465346,0.7743158089316851,0.9035591107201731,0.7607394713417696,0.694795543276346,0.8620389138493159,0.6808471034187772,0.7667851109423857,0.8652978719879395,0.7564368570494461,0.7039102514519335,0.8620389138493159,0.6907219969360673,0.018174964395983262,0.018778234345819548,0.018694612119439086,0.019400667783723336,14
8,4,0.8551923445606203,0.9061698969597879,0.84365656490292,0.807478066004701,0.9301243776961626,0.7858199002691918,0.8657792199305064,0.9220462187880571,0.853046484240525,0.8078133370658465,0.9301243776961626,0.786214376993422,0.8603604131184499,0.9061698969597879,0.8499941227228505,0.8105662554370104,0.9301243776961626,0.7894534344218207,0.8638358745556306,0.9220462187880571,0.850663376597978,0.8058524275933869,0.9490000323518446,0.78057392956322,0.026457737472272955,0.02672133802367734,0.02579786731348327,0.027241899544203682,14
8,4,0.8232859308858355,0.9389250279369661,0.7551502884683536,0.8029563300119946,0.8962152634700103,0.7383086036705995,0.8282808522982505,0.9451172956504625,0.7594397221910446,0.8428503980847268,0.9045090892771006,0.8001081743966585,0.8315651898400378,0.9451172956504625,0.7646592222689643,0.8410982105360427,0.9045090892771006,0.7971413585336034,0.8249727281592619,0.9451172956504625,0.7541824202293765,0.8560605697714115,0.9045090892771006,0.8224757268559648,0.03291535120103291,0.01695255805488781,0.01788067112561059,0.01827121353904033,14
8,4,0.7816491314404833,0.9362418385382685,0.7402893133764515,0.7418890613454295,0.9352833785264384,0.7012159321372925,0.781588895979175,0.9216462536617014,0.7441178733091713,0.7556896874411723,0.9434515634482877,0.7162011277227818,0.7837314830015083,0.9216462536617014,0.7468336892443926,0.7498148088880682,0.9434515634482877,0.709090692210427,0.7909136841302148,0.9216462536617014,0.7559374204216976,0.7546108415616615,0.9434515634482877,0.7148953877002963,0.01475789939968947,0.01867297143917102,0.015315966029494298,0.023806977207344544,14
8,4,0.8698210504326523,0.9791926408943534,0.8435395750148302,0.8985118752794677,0.9785596993579774,0.8753348326657737,0.8687316639328724,0.9791926408943534,0.8421884140963589,0.9027755514112367,0.9785596993579774,0.8808330133519707,0.8643638489986174,0.9791926408943534,0.8367710339108386,0.8963807534791063,0.9785596993579774,0.8725866659756785,0.8744099040445459,0.9791926408943534,0.8492311084258185,0.901552746483363,0.9785596993579774,0.8792561575520366,0.030315367709924587,0.03050729595485608,0.029540524145704898,0.03410671877086503,14
8,4,0.8176714226450336,0.8585970662105247,0.8045859030734266,0.8030038755833666,0.9037608634221589,0.7742167715375602,0.8361858993858269,0.8896983074034469,0.8190759018040458,0.7986202392120086,0.9037608634221589,0.768580694030078,0.8284825025913168,0.8717499891104723,0.8146482047688616,0.7986202392120086,0.9037608634221589,0.768580694030078,0.8361858993858269,0.8896983074034469,0.8190759018040458,0.8019634088430739,0.9037608634221589,0.7728790348515153,0.03975415482568943,0.03818653416347122,0.03697334589667149,0.04462408886594439,14
8,4,0.7599401797454532,0.9236878535674264,0.7013032891107565,0.754700752919331,0.9482868181326292,0.6684412402454628,0.7885208534612222,0.9450628998369793,0.7324642473500024,0.7706547736856737,0.9482868181326292,0.6915041717434595,0.7839565011122659,0.9450628998369793,0.7262654325182691,0.7706547736856737,0.9482868181326292,0.6915041717434595,0.8006471504345298,0.9533823998760738,0.7459537315386752,0.7814596121214624,0.9482868181326292,0.7071235101122061,0.03467997934243752,0.03404401483769666,0.029525503877575063,0.036867102246108466,14
8,4,0.8152861162178414,0.951966879588627,0.744057651338777,0.8395782770245587,0.9438463882787238,0.7831749814655202,0.828229152708795,0.951966879588627,0.7637456942036225,0.8412413620668574,0.9505968355584855,0.7820860842148238,0.8262478745621589,0.9601723667684188,0.7564557856514302,0.8454593106691928,0.9505968355584855,0.7885857103004158,0.8259775951294624,0.951966879588627,0.7603207821155239,0.8370805570574679,0.9505968355584855,0.7756745132532625,0.012590458895166669,0.009867271806799471,0.01035280848078316,0.01016058941129737,15
8,4,0.7716333225599619,0.8370505464607862,0.7129536222290302,0.7690016935908519,0.8034847256026736,0.7380835805343057,0.7688788251497227,0.8221692561646451,0.721076941547896,0.7838166892697056,0.8386216291599631,0.7346775843614334,0.7744746595463002,0.8170554909366748,0.7362793605587254,0.7711112497500083,0.8162586708698089,0.7306312516478992,0.7738402764643697,0.8339784370479113,0.7198959322830019,0.7829699878872732,0.8279458113880817,0.7426438473282714,0.04200123852248073,0.03657605174552627,0.03185310970257857,0.04055811697340774,15
8,4,0.7928550460184226,0.8989190583016651,0.7493194612405613,0.8272283297202585,0.9511219563851383,0.7756443146017772,0.8157940802341576,0.8989190583016651,0.7816741704559791,0.8534338254375029,0.9413020868033198,0.8168492339234517,0.8146471646183012,0.8989190583016651,0.7800564859058511,0.8365490347027387,0.9413020868033198,0.792934337411815,0.816995142872826,0.9030462220392548,0.7816741704559791,0.8565952290278531,0.9413020868033198,0.8213269109573211,0.017307368421744115,0.01763108718039158,0.016730296613391763,0.01938614609622076,15
8,4,0.8586641968845218,0.9368687602843092,0.7942405535014635,0.8510114546407787,0.9002283806251777,0.8097939742664582,0.8668484841692481,0.9325998146958614,0.8126836108465278,0.8503632294259706,0.9057496831873126,0.80397898203037,0.8642303343953995,0.9325998146958614,0.8079086720053762,0.8425712181634918,0.9057496831873126,0.789661429709323,0.8665261914185257,0.9325998146958614,0.812095818586124,0.8426637413520295,0.9057496831873126,0.7898314378815617,0.008452292283458144,0.005322782739386699,0.0053315281056912035,0.006272433593157964,15
8,4,0.8066452747970393,0.8805777890435549,0.6794719816097864,0.7670983946480748,0.8140078207784854,0.6993834727445851,0.7889265178324233,0.8761314011383712,0.6389230679964104,0.7758685359521571,0.8001215389916004,0.7408587235921562,0.7930641833198285,0.8794753142412843,0.6444260881689616,0.7730306605741935,0.8024183130677899,0.7306088541765088,0.7968714150123424,0.8795259733332814,0.6546951007649598,0.7748268018797874,0.8009299651378802,0.7371462372840523,0.06067261547909243,0.02083887643039813,0.023511075599591164,0.02206958224656596,15
8,4,0.8548429518779838,0.9344211119001493,0.7743031002835145,0.8455648108982274,0.8968868249402112,0.8003094312601604,0.8430747784120887,0.9381885221552191,0.7468115976155939,0.8560490823037734,0.9028533277426497,0.8147774382432563,0.8527766292060373,0.9381885221552191,0.7663325447912465,0.8509127238827079,0.9028533277426497,0.8051118762310701,0.8325978869837298,0.9381885221552191,0.7257312029072355,0.8555624566385801,0.9028533277426497,0.8138617095969926,0.02301051597441538,0.014749473377291746,0.016095341314407437,0.01559910180066644,15
8,4,0.8812589414579755,1.0,0.8483177244191138,0.8482345745569434,0.9763244948474836,0.8163090304903914,0.8764546244251876,0.9809461218966352,0.8474665293282889,0.8615014729986388,0.9763244948474836,0.8328826134070717,0.881096915855495,0.9809461218966352,0.8533966880847015,0.8637526319156734,0.9763244948474836,0.8356948584192775,0.8836307617558826,0.9809461218966352,0.856633475063538,0.8623710525535274,0.9763244948474836,0.833968929769478,0.01206772902181006,0.010386945471264291,0.010542009020857246,0.011137555013445884,15
8,4,0.8683031412199353,0.9919266947661098,0.7741620443662209,0.8247449635647923,0.9459932443952487,0.738830199875929,0.8761710347058583,0.9820681086714884,0.7955289045392977,0.8357767035013396,0.9593892034439157,0.7481866886259422,0.8705253533841804,0.9820681086714884,0.785583956477073,0.8306664230598682,0.9532143637479437,0.7438307393482346,0.8780332322639203,0.9863756939212867,0.7955289045392977,0.8337810201515338,0.966942910106809,0.7394244467674753,0.010862515478564651,0.01210627628617021,0.009604679475086659,0.013245570926336466,15
8,4,0.8219562794236078,0.9005122108275841,0.7938483304702492,0.7988892207390352,0.9041042491115024,0.7593692327292524,0.8168808656671659,0.8937387320151766,0.7893804981536746,0.7952851015745211,0.8895021609467404,0.7598960785964932,0.8132953686960054,0.9005122108275841,0.7820884756874977,0.7933827948696139,0.8895021609467404,0.7572792433747785,0.8123970078227423,0.8767234144816738,0.7893804981536746,0.7996667604644699,0.8895021609467404,0.7659235395118024,0.03494047795106646,0.029013510961273473,0.027540583572062394,0.030344505503961706,16
8,4,0.8208921032763562,0.9700884436481576,0.7906856685222803,0.8410789810288994,0.9878786755135218,0.8106021513206911,0.869795975916316,0.9700884436481576,0.8494906663134288,0.8529835328005879,0.9778609137057289,0.8270579565545713,0.8567327714685609,0.9700884436481576,0.8337826729127614,0.8529835328005879,0.9778609137057289,0.8270579565545713,0.8658090657600552,0.9700884436481576,0.844696562487368,0.8408201368666025,0.9778609137057289,0.812369339108,0.01850440942102402,0.013042503442378131,0.010557356652331238,0.01508449750619363,16
8,4,0.8289743481636286,0.9728679723741706,0.7375364719874116,0.803556583073359,0.9867296134979471,0.7060790231105665,0.8357762834640056,0.9705642299262905,0.7501246527799962,0.8370174834475022,0.9866724516804951,0.7573769320745899,0.8395619336891746,0.9705642299262905,0.7563159121378465,0.832491749268885,0.9866724516804951,0.7504427782517205,0.8485584870998208,0.9705642299262905,0.7710293674702329,0.8465338224288953,0.9866724516804951,0.7719574964036495,0.02397143379827649,0.014984273177262152,0.012514035701892488,0.015882350727978476,16
8,4,0.857752394794984,0.9808888093879427,0.8170624634843237,0.8474369722813199,0.9603831825422552,0.8104011464986904,0.8633060657631649,0.9887093379773352,0.8218670604990111,0.8538387120467236,0.9603831825422552,0.8189020600044924,0.8607727015921062,0.9887093379773352,0.8184965563604941,0.8538387120467236,0.9603831825422552,0.8189020600044924,0.8639471621274203,0.9887093379773352,0.8227200045698225,0.8538387120467236,0.9603831825422552,0.8189020600044924,0.013921845082226393,0.009343700345159647,0.009315618398947793,0.009357936570573827,16
8,4,0.7751464225973408,0.8111639702649861,0.7623816752130416,0.7984684404340868,0.9398256431272374,0.7438344593365074,0.7653728900651909,0.7819226457333005,0.7595075976159479,0.794351690211746,0.9194895170835126,0.7459864315786566,0.7657442501329623,0.7819226457333005,0.7600105690165467,0.7944018060854734,0.9171496327861192,0.7469602727503137,0.7681351951086344,0.7819226457333005,0.7632488734211793,0.7927980425983052,0.9194895170835126,0.7438323055125593,0.03785478757169258,0.02961243589565294,0.029055247328176596,0.029005727181916234,16
8,4,0.837451246737141,0.9041627322581554,0.7475070383979016,0.8249807590261107,0.8469193933044482,0.797085404255869,0.8744563355372762,0.9234779007344193,0.8083626810672596,0.839530183992334,0.8731071591726026,0.796836476495234,0.865648393941314,0.9181690635958611,0.7948370483891763,0.8441569325537447,0.8650162190261979,0.8176339872773497,0.8759710201728447,0.9172589106836004,0.8203043445324509,0.8370207750500969,0.8650162190261979,0.8014240814840401,0.024801118912865357,0.010813938494422068,0.00896436629289598,0.013063965266167769,16
8,4,0.8195574436284546,0.9431806992306303,0.7166233019670191,0.8370457399545461,0.934105402306204,0.7612720448833523,0.8626005131334982,0.9727631042976878,0.7708743107337132,0.8650261649441741,0.9425315071701402,0.8045183697806092,0.8574602364498443,0.9693909214386421,0.7642618416269881,0.8674344277373311,0.9425315071701402,0.808806743900332,0.8784104773903579,0.9725694222878264,0.8000096123948824,0.8718640079033476,0.9366024454429727,0.8213232321922184,0.018566793874054945,0.015619881697963849,0.014884113351901011,0.017088235833632573,16
8,4,0.8087125020184479,0.8514047264510802,0.7906212996624639,0.764425643327131,0.8384729774203783,0.739848988679723,0.8300561085478919,0.8633074345758913,0.8159655692102994,0.7756554229608829,0.8603465397953172,0.7475460473077087,0.8344502584029654,0.8780710462341139,0.8159655692102994,0.772399031423627,0.8603465397953172,0.7432088442707828,0.8253806199512876,0.8450697963147489,0.81703715978851,0.7832752522116653,0.8579724507558597,0.7584829045298741,0.027095626330415762,0.017138065183147803,0.01656946890828925,0.017842592097900557,16
8,4,0.8350021307327546,0.9941154439526679,0.8079252661894682,0.8302191643953168,1.0,0.8118216359449836,0.8405021491920333,0.9941154439526679,0.8143612418718967,0.8312978528656424,1.0,0.8130172115878287,0.8498370840732274,0.9941154439526679,0.8252847350087358,0.8389125807952821,1.0,0.8214570748940742,0.8545721146564668,0.9843019580499682,0.8324955371174605,0.8436809536644619,1.0,0.8267421508128654,0.009342518678799589,0.00978055499514166,0.009061430674171252,0.009891621122257542,17
8,4,0.6699946169697287,0.7596772327540788,0.6351027966805154,0.7069307215368589,0.7889030575330654,0.6713820298773785,0.6705129977868148,0.7647140094011915,0.6338632553638861,0.6768736655906178,0.7777504702538863,0.6331267309572788,0.6613067916459658,0.7596772327540788,0.6230348955499795,0.6740885197504123,0.7719159752815722,0.6316639870071991,0.6627698899667465,0.7479402670066159,0.6296335963422887,0.6768164815298419,0.7624683087684188,0.6396721161830234,0.08029322603342641,0.03460370904036106,0.036284684358096064,0.036986272241000324,17
8,4,0.8604018968077123,1.0,0.8352508386075486,0.8644162673835972,0.9797457198121088,0.8421356354061426,0.8657503169737841,1.0,0.8415628709130384,0.8686330391588069,0.9865817365387146,0.8458463921817834,0.8580698254746106,1.0,0.832498603529493,0.8682844210822058,0.9865817365387146,0.8454304241706958,0.8860175053807238,1.0,0.8654815504471498,0.8809874247929057,0.9865817365387146,0.8605875360448052,0.01575890775493762,0.01478895262680894,0.014673426505867292,0.0145354719079936,17
8,4,0.6915751157428695,0.8031846823370768,0.6520771050626594,0.6331893460446498,0.7050502433600376,0.6091673461174371,0.6906134628518702,0.7444038002813148,0.6715773588052965,0.653375168298176,0.72289697921743,0.6301350892115989,0.6962279399966581,0.7704581329815535,0.6699582836868947,0.6354946880694559,0.72289697921743,0.6062774376588452,0.6940096722565443,0.7300284562214604,0.6812628230647809,0.6607296532271488,0.7201716304433744,0.6408591085261187,0.09413357748135175,0.048330223888727555,0.051718550666145016,0.049007578015468574,17
8,4,0.89850269861668,0.9617331070632598,0.8657539750396344,0.8978884939582668,0.9801927642039345,0.8589783542539549,0.8941747569108617,0.9384728091236717,0.8712316081544451,0.8969064382128124,0.9801927642039345,0.8575320221576017,0.8999346513343357,0.9617331070632598,0.8679275744566867,0.8974735513282486,0.9801927642039345,0.8583672434827808,0.9038609147004425,0.9617331070632598,0.8738873548729946,0.897992148721832,0.9801927642039345,0.859131012809417,0.03876531472096385,0.04087870093736578,0.0321826734335787,0.04506118373171119,17
8,4,0.7542227288010084,0.9009515481167657,0.6912021601823153,0.7240236588798399,0.8809552944980044,0.6574706485495327,0.7697540831123431,0.907394781955795,0.7106368957278938,0.7348260573236591,0.8864153119806555,0.6705386930111007,0.7686513739302258,0.9134752466645912,0.7064489868883176,0.7366905156817812,0.8800370194136645,0.6758988129374482,0.7661572627184182,0.8960347040486897,0.710374423044906,0.7428155941252821,0.8864153119806555,0.6819165060082673,0.08407117460057746,0.03833636509325259,0.04024072479984049,0.03785503781671765,17
8,4,0.7682837255647359,0.8382782060811468,0.7433301882901415,0.7556659316194603,0.888314528796518,0.7158618100751406,0.7574263043576528,0.8166759618344647,0.7363033740144819,0.7540229935746166,0.893216567327647,0.7122549082291042,0.7558332657721287,0.8309644383906462,0.729048460704812,0.7687933478636381,0.9053702333810456,0.7278104572264822,0.7608999312940552,0.8166759618344647,0.7410153740139608,0.762216139247287,0.9038584191340289,0.7197132659081825,0.03886715563645822,0.02597207938775746,0.024968853695405975,0.027861552536830904,17
8,4,0.8551062047807599,0.9816487369401214,0.8342114455158292,0.8608551780253731,0.9444516412863082,0.8464268607280383,0.8622160455791106,0.9816487369401214,0.8424952663931181,0.8639684926555893,0.9444516412863082,0.8500775173650682,0.863969597470625,0.9816487369401214,0.8445383655538907,0.861299144886386,0.9444516412863082,0.846947453973593,0.8662167036844594,0.9816487369401214,0.8471565149464855,0.8724018354814004,0.9720994550923338,0.8551945418540902,0.020999427151418566,0.01720927440887089,0.017015474547574853,0.015269146621698888,17
8,4,0.8454391134853342,0.9649810782749122,0.8046750715797691,0.8234948217875699,0.9745483611369431,0.7811861256863218,0.8424100581187688,0.9499547311243989,0.8057371159863672,0.8375087360265645,0.9745483611369431,0.799125207394284,0.8425526163616018,0.9649810782749122,0.8008042733370176,0.8269252170457115,0.9745483611369431,0.7855773428564093,0.8424100581187688,0.9499547311243989,0.8057371159863672,0.838075484951754,0.9848805332272275,0.7969567518166747,0.0213086245584389,0.011094502316839814,0.012888635999616283,0.011413225576138036,18
8,4,0.886057969404197,0.9515047374672368,0.8645901019596394,0.8367817886713415,0.9499846946652359,0.8078772309835692,0.8909752479997143,0.9459284134761923,0.872949495055405,0.8368638111232136,0.9499846946652359,0.8079801965611593,0.8866945522265789,0.9459284134761923,0.8672646442392028,0.8419157149668295,0.9499846946652359,0.814322023528204,0.8964964005634121,0.9459284134761923,0.880281697650855,0.8310184990934965,0.9499846946652359,0.8006423772739422,0.013705528071925589,0.013057495852702484,0.013044165129177044,0.014093906981193054,18
8,4,0.8110765776204197,0.9716351575516221,0.7599531517626897,0.795524600120379,0.9526161109788219,0.7595600155625972,0.8221240821915068,0.9716351575516221,0.7745182900914676,0.7931045015796064,0.9428087444577076,0.7588311606955164,0.8181721914564565,0.9716351575516221,0.7693080786047156,0.7863797283181317,0.9428087444577076,0.7505668155292798,0.8165765589124158,0.9716351575516221,0.7672043810161511,0.7952309661989024,0.9275733412370715,0.7649324573130412,0.013040930582616642,0.008099843872571452,0.00843124094102276,0.008986394648017655,18
8,4,0.867918967787055,0.9650449771451253,0.8195945050649465,0.84772900376049,0.9777284533172456,0.7799624166824232,0.8779349400878607,0.9632324155367629,0.8354956933828486,0.8514276667166163,0.9636558797784464,0.7929249345973547,0.875228875046747,0.9650449771451253,0.8305414127862836,0.855456088987408,0.9636558797784464,0.7990533075181806,0.8779349400878607,0.9632324155367629,0.8354956933828486,0.8628495192150869,0.9636558797784464,0.8103008120133885,0.014712970187265506,0.01185912014368978,0.011412860529597425,0.01324655370276869,18
8,4,0.7775532600178748,1.0,0.7209468930394388,0.7782954195539518,0.978533029503895,0.715635571774237,0.7883830893318435,0.9902004496108169,0.7370263126063731,0.7883770697328584,0.995097608079643,0.7236885356008924,0.7875619505920044,1.0,0.7335025106292591,0.7863098777931872,0.9708638114226239,0.7285578830941948,0.787114534565105,0.9902004496108169,0.7354349467403841,0.7958336611444313,0.995097608079643,0.7334784992641692,0.02121782361746289,0.01898420763985882,0.017966223760478038,0.020010524320605388,18
8,4,0.8256491065105509,0.9329689198994465,0.7909973459153339,0.8409354782392202,0.9413496960854486,0.808226787392701,0.8194904643931591,0.94128035870084,0.7801665583295726,0.8507777965295551,0.9413496960854486,0.8212751192643457,0.8086356282425465,0.9329689198994465,0.7684905020029216,0.8507777965295551,0.9413496960854486,0.8212751192643457,0.8262801938379248,0.94128035870084,0.7891485770804495,0.8502635573164713,0.9224333865231266,0.8267551271100885,0.014273041725879,0.014235731031200023,0.013387156373312836,0.015044852124848861,18
8,4,0.7767738141886312,0.8768633507354245,0.7274802570787212,0.8024880523848615,0.8649614434034115,0.7673784665256725,0.7854293141229642,0.8445098196904078,0.756332483667469,0.8062394659877137,0.858902795596608,0.7766430624247114,0.7896942215900143,0.857434532552313,0.756332483667469,0.8073937089423617,0.8717773225445197,0.7712105920531469,0.7840786627618347,0.85041220786314,0.7514097494411569,0.8082935754775145,0.8686596854350276,0.7743682660620348,0.023687249315333614,0.014222558828971821,0.015830718723357458,0.014153699010138736,18
8,4,0.7896114080556452,0.9408505379411488,0.7584035105876289,0.7861187542210195,0.9380100523375833,0.756960169936559,0.80648861890104,0.9408505379411488,0.7787633007496852,0.7940978996298879,0.9380100523375833,0.7664710725086581,0.8105019863616667,0.9408505379411488,0.7836048187048801,0.7946825049437836,0.9380100523375833,0.7671679045500212,0.8105019863616667,0.9408505379411488,0.7836048187048801,0.8004710968005139,0.9380100523375833,0.7740677328346163,0.02146432786565049,0.016625279388182014,0.01671503508759848,0.017002568790959717,18
8,4,0.7778135774693731,0.9048434855152789,0.7194718551221387,0.815105396619152,0.9013398416461378,0.7560170545390877,0.7914688073885698,0.9048434855152789,0.7393985973551566,0.8109226359027558,0.8930790254625158,0.7546286010904367,0.7848978905917852,0.9048434855152789,0.7298098195741204,0.8257173246888798,0.9104476069492367,0.7676596436639291,0.7983862056119122,0.9048434855152789,0.7494929869872123,0.8123221505060063,0.8930790254625158,0.756987071220067,0.05666424826637833,0.05684689283886922,0.055290537764059774,0.05452400594849665,19
8,4,0.7541570026357772,0.9520268597135496,0.7203358037506067,0.7698237927821991,0.9410186688221468,0.7406186412523574,0.7496906277138484,0.9520268597135496,0.7151060070687333,0.7666173726514646,0.9489816870571628,0.7355067602368073,0.7505827038333234,0.9520268597135496,0.7161505626224337,0.7625457839030296,0.9410186688221468,0.7320990335761417,0.7558244036605601,0.9520268597135496,0.7222882077693442,0.7548712747156191,0.938604593876985,0.7235271156419776,0.03464037838733501,0.02854378920613954,0.028885870569266087,0.027826768954828933,19
8,4,0.6530864547271125,0.8732509822084394,0.6418467402826807,0.6612426487755222,0.9535503907010583,0.6493199033054444,0.6564530687278819,0.8732509822084394,0.6453852247498064,0.6578845647522432,0.9535503907010583,0.645824848633311,0.6472369347096781,0.8732509822084394,0.635698593890757,0.6581044603548849,0.9535503907010583,0.6460537134109838,0.665048645756794,0.8732509822084394,0.6544196182965079,0.6476625992852411,0.9535503907010583,0.635185946236537,0.0887149042091917,0.07241403313307726,0.07893883414757949,0.07214125012583619,19
8,4,0.8172597261810207,0.9689632933189697,0.7658451529045511,0.8609178870679144,0.9760198998708934,0.8084431468916742,0.824804827074421,0.9737189084039765,0.7743356516234944,0.8502538150839853,0.9699758095489335,0.795672836003428,0.8225268540347231,0.9737189084039765,0.7712856399694055,0.8449504824586528,0.9699758095489335,0.7879517263574723,0.8216467313506556,0.9737189084039765,0.7701072307447774,0.8496317434187739,0.974619357241288,0.7926501807087345,0.015723002783343806,0.010965198575467926,0.010517248268268945,0.011226271291128817,19
8,4,0.718183856439325,1.0,0.7165470611638041,0.7892788277866573,1.0,0.7875626126233359,0.7272399814230067,1.0,0.7256557843499895,0.7857808625779822,1.0,0.7840361582938533,0.7272399814230067,1.0,0.7256557843499895,0.7901268664300485,1.0,0.7884175581036794,0.7296727113350474,1.0,0.7281026436187673,0.7900204455383544,1.0,0.788310270468762,0.07019909828530464,0.07291094766871414,0.07120551790749968,0.07446754114484622,19
8,4,0.7851377052047204,0.9417563394256154,0.6846007402275875,0.7986657189061063,0.9274888485851336,0.7160254641190358,0.7596669883855581,0.9316253970636341,0.6492830829403865,0.8120386888206468,0.9275664844216172,0.7379274132504872,0.7831224658879576,0.9397037167235521,0.6826094981325947,0.8130083155676875,0.9275664844216172,0.7395190571898088,0.7676489689970312,0.9316253970636341,0.6623888734303952,0.8044071989835352,0.9275664844216172,0.7254003098219715,0.03109164347460387,0.017730360667496885,0.018752291469547232,0.021895251724243017,19
8,4,0.8178871893360568,0.9117543035429689,0.780731617765796,0.7984579711332626,0.8952488409311825,0.7647500871337148,0.8096675061950431,0.9117543035429689,0.7692583241584205,0.7971641523299232,0.8952488409311825,0.7630056897351994,0.8132296113767199,0.9117543035429689,0.7742304231929694,0.7957921833628476,0.9019889438108354,0.7588086528936807,0.8182801895938483,0.9117543035429689,0.7812801799509876,0.7852617717887426,0.8898300612963465,0.748845364124337,0.02341062754851582,0.020823988281247083,0.01784998410844532,0.023940053875159444,19
8,4,0.7617078871390549,0.8972857640008318,0.7095719972601671,0.8170680940731254,0.9093231442496573,0.7808809048673762,0.7492259258904009,0.8972857640008318,0.6922901514566321,0.7943975090378732,0.9093231442496573,0.7493177470298126,0.7557237141457694,0.8972857640008318,0.7012866362602848,0.803147137711147,0.9093231442496573,0.761499431375637,0.7492259258904009,0.8972857640008318,0.6922901514566321,0.7841992681517366,0.9093231442496573,0.7351192300416495,0.01917617216413344,0.025282746383919086,0.021346477106855714,0.029142509515195286,19
8,5,0.8177114988886436,0.9098889310037843,0.7222147927374004,0.8246910826784611,0.9294076727494197,0.7275298779980035,0.8663769161570616,0.9377366970672644,0.792447496859652,0.8787831618986506,0.9440852494269056,0.818192672004981,0.8720042164728751,0.9377366970672644,0.803904734420981,0.8834740105224245,0.9440852494269056,0.8272359207876093,0.8627504403719528,0.9356901719751457,0.7871841769620551,0.8834569552438689,0.9350259827484758,0.8356086741534321,0.03439925594964584,0.012810386638781581,0.012558035760966278,0.014521626397829881,0
8,5,0.7871337662388691,0.8363161400105884,0.7475000221360361,0.7383299271778146,0.8232395416999099,0.6637049485465769,0.7889548085970727,0.8312792500458335,0.7548475471325987,0.743384884099423,0.8333190445769103,0.6643439552055064,0.8019434669690224,0.8503501765801711,0.7629347938518334,0.748846890400353,0.8232395416999099,0.6834650129204366,0.7866810950932722,0.8312792500458335,0.7507415556750937,0.7565533062449908,0.839881896332193,0.6833178512305239,0.04525673367202814,0.04208202890851488,0.037534899806764686,0.04776125061764809,0
8,5,0.777660176410256,0.8188696136159893,0.7035088768103915,0.777419889876428,0.8707293902239711,0.5725214520869885,0.7483143962577133,0.7661854288735838,0.71615767722652,0.7786589611135304,0.8587786588631936,0.6027240258290943,0.7597926164950948,0.7819819173144115,0.7198657064344117,0.7773870384184471,0.8569275103212014,0.6027240258290943,0.7402319470729402,0.759436586051121,0.7056755678758907,0.782011230909975,0.8616779993343695,0.6070708836453109,0.03520516372927393,0.028447529956718134,0.023408258758352337,0.03178824425086965,0
8,5,0.8298031907409004,0.9425880651150669,0.7622101525500773,0.7936551875421531,0.9176603745291555,0.7124803755606911,0.8293869109341458,0.9425880651150669,0.761544392331768,0.8078333120465327,0.9409507588308301,0.7206935401005394,0.8255178121225965,0.9427627838640814,0.7552517955438753,0.8154252877233397,0.950237199210408,0.7271763052918926,0.8177546148562904,0.9427627838640814,0.7428360409890494,0.8081085930436672,0.9409507588308301,0.7211490222951191,0.011256058968797698,0.007802259576297594,0.006950168271950222,0.008842323062178699,0
8,5,0.9164091887287827,0.9705927291469004,0.8841505925730528,0.9586933838632038,0.9948227772345826,0.9336775782243609,0.9164091887287827,0.9705927291469004,0.8841505925730528,0.9589827497221849,0.9948227772345826,0.9341672995117432,0.9164091887287827,0.9705927291469004,0.8841505925730528,0.9586933838632038,0.9948227772345826,0.9336775782243609,0.9164091887287827,0.9705927291469004,0.8841505925730528,0.9589827497221849,0.9948227772345826,0.9341672995117432,0.12582136131521826,0.11541679541623252,0.12259832158043897,0.11647869535484826,0
8,5,0.7311869620429913,0.7488567690332534,0.7053255999155298,0.7322570156335841,0.7196790241413213,0.7513722279213391,0.7538267513947875,0.7822532205672648,0.7122220403937176,0.7445516574155304,0.734609239936591,0.7596614959680782,0.7613758807762447,0.7936377122950106,0.7141577697769707,0.7394778625222337,0.7309307017616008,0.7524672807848852,0.7533782070374563,0.7766785881475224,0.7192759899658515,0.7505791461611706,0.7476194253468688,0.7550771370934011,0.051545814520345644,0.027781958038310038,0.031249301641871903,0.029647463991560607,0
8,5,0.836294832929205,0.9017514687130759,0.7818287859184109,0.8297854983269126,0.9095366984125351,0.7712917582301548,0.8562792269407123,0.9284098961106695,0.7962597595347966,0.8349268393049698,0.929656771190698,0.7654469065997778,0.8633682998429059,0.9337673444755209,0.8047897061135311,0.8275949503763635,0.922094734312663,0.7582838203264699,0.8560631029936532,0.9284098961106695,0.7958638002369021,0.8321524660870873,0.929656771190698,0.7606376616086304,0.01850207411020225,0.010951043153759669,0.01122497912363295,0.012029234559799463,0
8,5,0.800882539475405,0.9319206845278015,0.6955499833338803,0.7982935623686802,0.8786526445433379,0.7300164155199851,0.7980708877949853,0.9189272986476543,0.7009227277984308,0.7979306136210356,0.8849885035481825,0.7239618203740678,0.799954966314531,0.9231552503568206,0.7009227277984308,0.799025729887143,0.8759972922013192,0.7336267915085777,0.7980708877949853,0.9189272986476543,0.7009227277984308,0.7982145931700891,0.8925610232851653,0.718053086974481,0.018495153275729113,0.011204187094791661,0.01157562290811814,0.01136793228128185,0
8,5,0.7347909665054149,0.9672577024069366,0.7102966022499418,0.7477710068976889,0.9507216633384931,0.7290368487398617,0.7474520120836772,1.0,0.7208417429455167,0.7423058862123344,0.9507216633384931,0.7230672486058246,0.744574000285495,1.0,0.7176604831620138,0.7579798499108563,0.9507216633384931,0.7401880591391278,0.7646552393497864,1.0,0.739857625744434,0.7519930432062258,0.9507216633384931,0.7336486167070164,0.020647363266942803,0.0200391010401519,0.01989158718876218,0.020359762414911747,1
8,5,0.8062905005242433,0.977298038280144,0.7428700249190439,0.7568326008537711,0.939590108720027,0.7045412678021169,0.8258221178901153,0.9702446467749917,0.7722610550844586,0.8021072265462015,0.9708832150628147,0.7538163435631449,0.8179675836144563,0.9559470188684207,0.7667960298784205,0.7695059363652248,0.939590108720027,0.7208407504187814,0.8225950863583438,0.9702446467749917,0.7678372349360938,0.8065440047422582,0.9708832150628147,0.7595225910632813,0.014165935452849682,0.010684681727977052,0.010236980649060399,0.011099579931658863,1
8,5,0.8259995946661097,0.9914559579245487,0.79163589134238,0.7918001343022593,1.0,0.7574799894636631,0.8501598668137688,0.9914559579245487,0.8208140208147882,0.8065333087612324,0.9875656593572131,0.7766915196126,0.838036892701048,0.9914559579245487,0.8061732209889513,0.8065333087612324,0.9875656593572131,0.7766915196126,0.8571940010164547,0.9914559579245487,0.8293090773786337,0.8020408194163956,0.9875656593572131,0.7714584779889039,0.01111952597613134,0.010736708517181432,0.009914762437432648,0.011323855301615698,1
8,5,0.789084985505857,0.8567227943141509,0.7205162170969018,0.7739015198486024,0.7855006094694666,0.7609346157494281,0.7977739587782761,0.8624310312310991,0.732226953262701,0.7840791478015398,0.8150016246358625,0.7495101596545425,0.7937904404164811,0.8545180788194978,0.732226953262701,0.7805630066909856,0.8083402427223383,0.7495101596545425,0.8025927983599217,0.8720032849087548,0.732226953262701,0.7813375681418712,0.8067257656335842,0.7529554853330807,0.03565392048693933,0.019231489433302388,0.01915562976541891,0.020020783970928595,1
8,5,0.8791966037892737,0.9448429445145885,0.749658689641804,0.8116567314728045,0.8854672228201804,0.6826186525834865,0.8743609661825518,0.9448429445145885,0.7352810364066883,0.817153869257371,0.8858880275817291,0.6969904130556297,0.8757928456638967,0.9448429445145885,0.739538399826279,0.8125786561773899,0.8815405912618922,0.6920169926882006,0.8793569165856877,0.9448429445145885,0.7501353427708122,0.8151832732320007,0.8895566984730559,0.6851610536486424,0.008219686100506478,0.006102528204214055,0.005702935182344531,0.006006653930942368,1
8,5,0.8624402068267858,0.954044804710156,0.7927455387319875,0.8339175356361016,0.9366531012973699,0.7509633822060541,0.8660939846931675,0.9730512583171259,0.7847186841319763,0.8457013146720543,0.9528995481519964,0.7591437661708372,0.8664059856640011,0.9621500801695894,0.7935619031311596,0.8436208062702659,0.948242409181601,0.7591437661708372,0.868267147246725,0.9668776568751359,0.7932422369473408,0.8501793697971582,0.9459717263580689,0.7728315322451678,0.008743797090943257,0.005356543501891031,0.005055648863153687,0.005536981715593914,1
8,5,0.7773601907993505,0.8993963908810277,0.6398806012818536,0.8219092007709076,0.8804313140789206,0.7526101147765308,0.7994485029128025,0.9034320475253141,0.6823060892655849,0.8324568443047178,0.8810322609078783,0.7749361605474864,0.776125876902925,0.8896890377565622,0.6481915694759631,0.8221280147435001,0.8773550752032495,0.7567307726467629,0.8005672397785809,0.9034320475253141,0.6846851364735601,0.8510142658289116,0.8810322609078783,0.8154683925722932,0.01969852315376681,0.008490407324179952,0.009017396807254538,0.009777616651894635,1
8,5,0.7723184888938371,0.8640861509756557,0.7239064243880783,0.756936946530031,0.8450503330906172,0.715890622667777,0.7930011544022607,0.8548227020896526,0.7603871737625508,0.7716102715189526,0.8199781014796687,0.7490788300368246,0.789999170363383,0.8548227020896526,0.7558014919194747,0.7737580356645702,0.8349924924844682,0.7452328654915854,0.7967120280544722,0.8548227020896526,0.7660557202000121,0.764155771757428,0.8199781014796687,0.7381517613117606,0.03823733525159426,0.019395289538709826,0.02176496079381927,0.019466230623108465,1
8,5,0.8237979448596567,0.9086009081623023,0.6791417079394623,0.8175920180153461,0.9300819924732218,0.6384222786778474,0.8279115618654853,0.9181872664742967,0.6739199652814741,0.814697043925214,0.9288754074794938,0.6328381028543094,0.8249562222093101,0.9139628818386898,0.6731293527062608,0.8185970750978273,0.9307898715355817,0.6399006695721513,0.8282224420896326,0.9110573826619446,0.6869232430753832,0.8209025936878669,0.9288754074794938,0.6489276155103552,0.02334555344494558,0.010487923540087358,0.009559236647925854,0.01036741697314039,2
8,5,0.7527226131482264,0.860894523588003,0.6492405135413291,0.7744816335418457,0.8392656900573795,0.7147340382165497,0.7468578602125713,0.8706023898521124,0.6284782948530697,0.8020977571930039,0.8535211507081499,0.7546721362725282,0.7440332897124597,0.8568852021617607,0.6360740903470286,0.8065125142155432,0.8535211507081499,0.763158436977716,0.7490350959830071,0.86932134624067,0.633963875738324,0.7998288498136875,0.8596845907243821,0.7446264315308735,0.038570280528740924,0.02545418438896068,0.024845803659646476,0.027458968895608886,2
8,5,0.8086483763234787,0.8709345034571823,0.6826429261875947,0.818459198438612,0.8995061566379476,0.6957113877533929,0.8181995602140283,0.8772538257244463,0.6987321980498813,0.8138267170983323,0.8964943751458512,0.6886243126496674,0.8208876864562842,0.882925022748666,0.6953855426486798,0.8112707597825861,0.9000887798764361,0.6767534656343983,0.8297804175698592,0.8950123541362489,0.697815565867983,0.8138267170983323,0.8964943751458512,0.6886243126496674,0.014680295236900006,0.015476804347655311,0.012497910236121314,0.01840865560125042,2
8,5,0.7344664197443564,0.7886999594360565,0.6355342365817339,0.8391497213660049,0.8726517780061692,0.7740676625686854,0.7645360797326207,0.8167091793817366,0.6693625269829732,0.8318369281375179,0.8828710449180712,0.7326965850637929,0.7681689362482333,0.817106658601341,0.6788973205852755,0.8190663866170226,0.8644929568295108,0.7308194247876603,0.758325061434702,0.8128185840885228,0.6589186204203158,0.8348624862658541,0.8860796463415116,0.7353665580224678,0.03002153610671614,0.019791384516156977,0.01632254877083939,0.01939270323849593,2
8,5,0.7953587568582507,0.8226598649460037,0.7518747287825914,0.8041798499320169,0.792375789597312,0.8279624761496941,0.7966429859902012,0.8183600482432767,0.7620529854049427,0.8406904538967633,0.8318008628968134,0.8586010553326309,0.8030411418009563,0.8307245641136372,0.7589481801084983,0.8398208808339596,0.8342576992040678,0.851029487494142,0.7934928106967853,0.8132320599461696,0.7620529854049427,0.8419738264361778,0.8290122003278594,0.8680886970964974,0.15599256110584125,0.06335568117128616,0.0626463446899944,0.07105741983396122,2
8,5,0.854242827583855,0.9598653138761432,0.7753504470398892,0.8278844269211029,0.9618431355196359,0.7399646440937291,0.8467639262282769,0.9579198429045229,0.7637384722177699,0.8206450854197842,0.9658561427500546,0.7253401608040018,0.8564106658446475,0.9649354915695358,0.7753504470398892,0.830742004448554,0.9658561427500546,0.7420638899709275,0.8557690791691253,0.9599882841007608,0.7779248486072428,0.8313299515530671,0.9658561427500546,0.7430377185331193,0.019101586946352323,0.016913455888118645,0.01640425123439242,0.01706464606019649,2
8,5,0.7939952097665658,0.9143850176236015,0.6538255143990452,0.8134049296523804,0.9126142991197782,0.6979263824719709,0.8110257982291048,0.9227350433947958,0.680962870616454,0.8063627649139086,0.9147452286933193,0.6802068431066174,0.8087206623912228,0.9277983610344213,0.6700786540602236,0.8106112996706589,0.9193734019064883,0.6840134831347108,0.8127852882564177,0.9194199890903277,0.6886306459527644,0.8198252491404348,0.9221516958914896,0.7007184604128996,0.014864323748358638,0.017133479783341996,0.014285799636499365,0.019748149754791146,2
8,5,0.7787378226265667,0.8340098718552132,0.6856504634034725,0.7671374040908587,0.8681202550456046,0.629405159557981,0.8056653584984753,0.8547813499468738,0.7229458284039428,0.7658476882208355,0.8617473823445064,0.6350484485797517,0.8056653584984753,0.8547813499468738,0.7229458284039428,0.7716830385256996,0.8617473823445064,0.648842733372262,0.8053363441109621,0.8547813499468738,0.7220626988550157,0.7682608793133409,0.856697791177513,0.6476402565497066,0.0175192174756015,0.013309271776625884,0.013502102861100419,0.014789607316086298,2
8,5,0.816077959546085,0.8297517592424674,0.8107349635009734,0.8242611068816026,0.8547052493783713,0.807450258963971,0.85907226826559,0.8784855803747097,0.8514865750329341,0.8366342580296351,0.8641664590251943,0.8214313452255337,0.8370215223709053,0.8697178964059152,0.8242455127000338,0.8314471206546463,0.8546768853951832,0.818619955551968,0.8664092216937125,0.896785867915055,0.8545396386788814,0.8415864781479422,0.8641664590251943,0.8291181149956279,0.04526081404546012,0.04329568904174984,0.03513520261590071,0.04661260799377827,3
8,5,0.8518972222631699,0.9622519474121547,0.8252965223434258,0.775379791052191,0.9454989006721287,0.7398346748944382,0.8539098714475931,0.9622519474121547,0.8277943150223961,0.7909344526188051,0.9454989006721287,0.7586393667099471,0.8537231990583964,0.9622519474121547,0.8275626457723796,0.7871096918813523,0.9454989006721287,0.7540154508100195,0.8539098714475931,0.9622519474121547,0.8277943150223961,0.7954561654165472,0.9614433612784671,0.7607743817486641,0.019898214276772276,0.015219827109371399,0.015825482905631832,0.015406813609459292,3
8,5,0.7841776803061549,0.9427679155608919,0.7421439105127249,0.8005467766081926,0.8680026808619478,0.779991244673447,0.7903658793716022,0.9078240118022043,0.7592340250615072,0.8057133496674979,0.8680026808619478,0.7867322041217367,0.7782166275662608,0.9078240118022043,0.7438646578894925,0.8043974205444598,0.8680026808619478,0.7850152778819642,0.7959486588714437,0.9078240118022043,0.7662965001297859,0.8114412154307287,0.8680026808619478,0.7942054964553551,0.022684764620332414,0.014410219384377417,0.01484349756122975,0.015450956364857528,3
8,5,0.8588812005336813,0.982748866667815,0.8113718164498993,0.799425062178515,0.9785162576685253,0.7288296507256631,0.8668830568592628,0.982748866667815,0.8224427809408321,0.8272696590730221,0.9785162576685253,0.7676502242399489,0.8590302765858518,0.982748866667815,0.8115780705505572,0.8205831264478889,0.9785162576685253,0.7583279477382245,0.8707073522875479,0.982748866667815,0.8277338830509796,0.8384811976260017,0.9862833318100571,0.7802195257007896,0.017276528892313528,0.010649758113488658,0.009977889204083192,0.011800514388661795,3
8,5,0.8289317239879702,0.923611627097282,0.7577439058207306,0.8356543485655951,0.9118351875903679,0.7730648523613265,0.8307494007747663,0.9341841471397629,0.7529790009898756,0.8393614174969969,0.9242454195178912,0.7696214803907356,0.8333922563472776,0.9300314727467064,0.7607312719256483,0.8436781909961876,0.9170881637628782,0.7833652137350405,0.8342439142559219,0.9341841471397629,0.759100965303889,0.8393395265744449,0.9242454195178912,0.7695816040819432,0.017847872562583925,0.016845501030021207,0.017523910520173613,0.02202850528771332,3
8,5,0.8281438897703807,0.9194154690947801,0.6935191501415654,0.8304897926825796,0.9139449388824067,0.6784682783310887,0.8164961577333806,0.9056109280537885,0.6850526915386478,0.8305542735456236,0.9084261108962173,0.6887032891734367,0.8125149278401974,0.9056109280537885,0.675199184188018,0.8295459739713068,0.9085951504469951,0.6855503540091995,0.8213141869771157,0.9056109280537885,0.6969772695817249,0.8396845464965119,0.9180701059700761,0.6968977682440672,0.021810842575102102,0.01069681734115024,0.010204071209433611,0.01147049475306971,3
8,5,0.8810798746948263,1.0,0.838738453435557,0.8334846337922985,0.9562579404200238,0.7848321411374587,0.8814390686605403,1.0,0.8392255381428678,0.8232346894462439,0.9710054334121605,0.7646762353907397,0.8839589282299911,1.0,0.8426425918186191,0.8190491917120635,0.9562579404200238,0.7646762353907397,0.8809104741605782,0.9820133890204125,0.8449128572926615,0.8341759710594592,0.9710054334121605,0.7799533179849907,0.004787852516621002,0.004901685757249033,0.004713442925259085,0.00589633018789261,3
8,5,0.8136046159810703,0.8811308834839243,0.7891058461008992,0.7871428638217033,0.8049981805625758,0.7787434135964741,0.8447753801446275,0.9224209215175974,0.8166053017342179,0.7949474699675981,0.8388382880015726,0.7743004690338617,0.8349401438456915,0.9224209215175974,0.8032018067455128,0.8008463670489482,0.851650575038032,0.7769471877496151,0.8409334116272955,0.9224209215175974,0.8113694533820647,0.7997226136335317,0.8442459521638306,0.7787780641039109,0.1395543857924033,0.060151150060068784,0.06644390741252257,0.051649527938698855,3
8,5,0.8616752448721746,0.960373885820955,0.8296210515733081,0.7991991947878099,0.9546204757711018,0.7470448777067571,0.8666098087216231,0.968446489083378,0.8335364795870854,0.8164077061511504,0.9746999662950382,0.7632899820223144,0.8629673613715139,0.968446489083378,0.8287110806753437,0.8138071834435417,0.9546204757711018,0.7665548313150837,0.8718181514743385,0.968446489083378,0.840436327144299,0.815216662432003,0.9613164926448694,0.7661903204651717,0.01614051440942277,0.014320184005808924,0.012841450296825726,0.013608587787143458,4
8,5,0.8628400029224115,0.9909560495894831,0.815961631775946,0.8455728462209645,0.9838998783357747,0.7979784352349585,0.850355574982464,0.9909560495894831,0.798909082497998,0.8476342445685053,0.9838998783357747,0.8007491023252659,0.8610079212310751,0.9909560495894831,0.8134591812453315,0.8411011196091783,0.9838998783357747,0.7919681142434288,0.8543081861820269,0.9909560495894831,0.8043079760301114,0.8486299187359599,0.9917153573499614,0.7993982749466573,0.011268273168805458,0.008498955258068236,0.008468164225816876,0.0087505409082413,4
8,5,0.7935190051904104,0.8821092122531483,0.7519847941071318,0.8009001306718184,0.7874094196676068,0.8055953286432461,0.784290571861519,0.8821092122531483,0.738429746013939,0.798847790630636,0.7957374422951697,0.7999302911148993,0.7894526575279704,0.8821092122531483,0.7460119993581626,0.7991478583644827,0.7806223438348806,0.8055953286432461,0.7854351301434919,0.8769677686705589,0.7425214034953495,0.8008672683462013,0.7889503664624435,0.8050147305172353,0.03178604761327984,0.021558942823627688,0.020153587943997287,0.021700309942761037,4
8,5,0.7870892579486114,0.9014192558695876,0.736158346010727,0.7833164160922736,0.9325327480349609,0.7077821251369588,0.7709495041807043,0.8970775262776122,0.714762892590304,0.7810950865368715,0.9220511586138016,0.7097421935823217,0.7767158395800733,0.8970775262776122,0.7230979739511012,0.7800826647756315,0.9325327480349609,0.702911427584953,0.7791724654970591,0.8970775262776122,0.7266489600580416,0.783846634152705,0.9302383280804204,0.7097421935823217,0.021536228712488958,0.01953516537023243,0.017575457927260126,0.020241509875832942,4
8,5,0.8390799781723434,0.891650049322327,0.7767661637733233,0.8240113820503127,0.877395708830505,0.7579799442285117,0.8512698532596982,0.9003036830708218,0.793147714497395,0.8091350371686563,0.8676769589140102,0.7367241349648401,0.8492757183283192,0.8966272275138109,0.793147714497395,0.815502208542454,0.8791917867450488,0.7367241349648401,0.855946708277323,0.9031997971656898,0.7999353667219862,0.8143527767785891,0.8771130757936051,0.7367241349648401,0.017275825677360204,0.010844994778726528,0.010654682028873444,0.012054920140432936,4
8,5,0.8362784788455806,0.9037086223949307,0.8227088551011438,0.7853849053148535,0.9531925330547165,0.7260763902189022,0.8332101141057183,0.8912169912334804,0.8215368259324932,0.7812231957915405,0.9531925330547165,0.720443801121086,0.8342365278623548,0.9037086223949307,0.8202559824575382,0.7813653596329777,0.9531925330547165,0.7206362101536956,0.8333346817383207,0.899099719333279,0.820100143463177,0.7852646732863375,0.9531925330547165,0.7259136643945183,0.010832701528893787,0.01098741657735025,0.010757285560327415,0.011905428515550716,4
8,5,0.7204770274064022,0.8492579650151715,0.6396031745378956,0.751356258654563,0.8435021892318445,0.6985473022381992,0.7209448053123106,0.8555923932047634,0.6363867223031989,0.7603778159725485,0.8600477237787212,0.7032568581138096,0.7185754365430145,0.8619240462131375,0.6285531507712957,0.752673619728009,0.8494857923277974,0.697190433749352,0.7185135091845004,0.8444595285305619,0.6394199723063073,0.7587401267380532,0.8555524435454729,0.7032568581138096,0.038651431062708075,0.029334602231242186,0.03058706708121009,0.029628985596894704,4
8,5,0.7909349246936341,0.838460217666441,0.7634062097330598,0.7823537129386047,0.8497054563766564,0.7443489694203621,0.8007294773716209,0.8712749255019143,0.7598664881743527,0.8025828047442125,0.8614484239704285,0.7693665486157791,0.804781717482094,0.8571842102856194,0.7744279164347819,0.7971264137106998,0.8685149837269016,0.7568437995554288,0.8014458018614976,0.8806973141882948,0.7555398819487648,0.8062239392135068,0.8697903108801415,0.770355177274215,0.0215545270250372,0.011661601316877462,0.011470415257722707,0.012407012203018816,4
8,5,0.858713023584335,0.9554570503471351,0.7659670426470848,0.840734950180581,0.9183734152584783,0.7588066890285063,0.8755992324721745,0.9507888561753846,0.8035168968489651,0.8712745418903602,0.9153063697715544,0.8248098018928062,0.8693326884977893,0.9422352548568733,0.7994428952354721,0.8666416217689447,0.9105369160027733,0.8203209593791354,0.8637489425138578,0.9507593244768322,0.7803343535525489,0.875909488915978,0.9203290588723926,0.8290355827407254,0.04891676572093091,0.02118067852018249,0.019354766916594345,0.0221096633518832,5
8,5,0.8170411731256451,0.9222974949896287,0.6955460550901971,0.7782423566826999,0.8349744129626263,0.7239119200523153,0.824766973117599,0.917881132072475,0.7172872936774117,0.7956268673309085,0.8579133009756298,0.7359771849825435,0.8259614633666259,0.925979345891252,0.7105129636680719,0.7904684232518553,0.8602147849940488,0.7236746115109804,0.828815762809766,0.9124268597839926,0.7323052642851838,0.7992095810865391,0.858516620026143,0.7424131676982232,0.030117360392851244,0.017371775063384613,0.01803111662668009,0.01734500866390015,5
8,5,0.8559442938985613,0.9755421123819583,0.7854308510229805,0.8652646093320245,0.960090046813094,0.8172691174915983,0.8615470648977588,0.9755421123819583,0.794336948770163,0.8842977382270019,0.966448735033194,0.8427173606233488,0.8590709681699822,0.9755421123819583,0.790400975036413,0.8831870625046772,0.963143680063351,0.8427173606233488,0.8668287841891111,0.977582834840112,0.8015295210181639,0.8850666053100164,0.966448735033194,0.8438753865100499,0.030073564463136616,0.023281293588178993,0.022314998121574864,0.023712205091202504,5
8,5,0.8193423632616804,0.992109956648055,0.7550207892778839,0.7866135097221808,0.9706730003199201,0.7335333331608288,0.8270884182173516,0.992109956648055,0.7656507094142172,0.7837547894215505,0.9598059411695239,0.7329841055069958,0.8312738803675082,0.992109956648055,0.7713944239430222,0.7887084341505248,0.9598059411695239,0.7393663119253578,0.841178631250143,0.992109956648055,0.7849867249859681,0.7951553087671522,0.9691476040669623,0.744978370186935,0.011391804710976488,0.015187936200235983,0.013276318300151267,0.016095008553156077,5
8,5,0.7994603207734293,0.9687361972699595,0.7495773876522102,0.7624024426535453,0.9451131855727054,0.7084694606377743,0.8069162601303976,0.9687361972699595,0.7592304748367198,0.7728370932258226,0.9451131855727054,0.7219842356333016,0.807783029176768,0.9687361972699595,0.7603526670613157,0.7637775448344691,0.9451131855727054,0.7102504686784669,0.8030308945628786,0.9687361972699595,0.7542001532673925,0.7774694005704863,0.9451131855727054,0.7279839182330802,0.02110740148985404,0.015116809010960212,0.015230716375825449,0.014477787826814265,5
8,5,0.7927375487334272,1.0,0.7700089152967879,0.7986996373676779,0.9691673752374365,0.7770177832645008,0.8019829167630255,0.9772184634087643,0.782766389695817,0.7976566838304814,0.9691673752374365,0.7758421760843774,0.8019048550602423,1.0,0.780181518742451,0.7986996373676779,0.9691673752374365,0.7770177832645008,0.8086017849718743,0.9772184634087643,0.7901110904342198,0.798798286043822,0.9691673752374365,0.7771289791019454,0.016887964556234328,0.014685232706975457,0.01504459467802744,0.01403084810478774,5
8,5,0.7923015091429539,0.8663611297620681,0.7139936418535495,0.8179834390511653,0.918619518514909,0.7237956150548513,0.7900043746038116,0.8655110049520035,0.7101664934568712,0.8198322435673664,0.9230355154941353,0.7232417199313154,0.7923333341895988,0.8708699775222963,0.7092916308694917,0.823974583598663,0.9230355154941353,0.7312609796109097,0.7935691843202151,0.8655110049520035,0.7175005993680227,0.822483713771916,0.9230355154941353,0.7283747674219471,0.020726116443546563,0.019109399136996795,0.01712196716523133,0.02118739571152458,5
8,5,0.8750479009719707,0.9570750434425435,0.8677938096969586,0.8794702878951868,0.9560664235149655,0.8739055308124323,0.8794256929740943,0.9570750434425435,0.8725587528518585,0.8696430346320445,0.9560664235149655,0.8633643214631559,0.8796714503656339,0.9570750434425435,0.8728262438610281,0.8696430346320445,0.9560664235149655,0.8633643214631559,0.8881485552284847,0.9570750434425435,0.8820530236555033,0.8696430346320445,0.9560664235149655,0.8633643214631559,0.03189710687087698,0.025354402416302733,0.023719908510978646,0.02438481427459188,5
8,5,0.8212761104041013,0.9355358670098451,0.7738527420868192,0.7585463686513662,0.875935312257576,0.7081532635723682,0.8009137774619862,0.9186006852586619,0.7520679743519594,0.7248301500575973,0.8529551377573246,0.669828241274289,0.8106955484921614,0.9309756122752324,0.7607734592504276,0.7327540207308939,0.8564697662255635,0.679644925690791,0.8035151097244986,0.9186006852586619,0.755748986299301,0.7341246582835225,0.8529551377573246,0.6831127260286499,0.031175770133270275,0.030637912678360878,0.02415132532142645,0.03302363834226499,6
8,5,0.7588804957288359,0.8344021749163391,0.6804072870951773,0.7954557455897667,0.8392764062704738,0.7419937158338369,0.771267853721259,0.8418244802758486,0.6979537413276662,0.7971995357105675,0.8496847050086447,0.7331666425690406,0.7666150964749058,0.8418244802758486,0.6884663883196335,0.7954557455897667,0.8392764062704738,0.7419937158338369,0.7746270885859334,0.8484166026722381,0.6979537413276662,0.7942078753059079,0.8540511851862541,0.7211979123382576,0.025173105314566707,0.013795956407314808,0.015054239579341929,0.013596174675629399,6
8,5,0.8232579435133779,0.8801927823778221,0.7134416903026132,0.8135122830225237,0.8934705438326863,0.6831276562823742,0.8507402374457865,0.9163414350903585,0.7242082602741661,0.8432176351736378,0.9235557914126945,0.7122135286799922,0.8498608175420594,0.9113545098264539,0.7312514209501746,0.8481928116331451,0.9270281515386531,0.719639285538865,0.8498608175420594,0.9113545098264539,0.7312514209501746,0.8453700368269725,0.9270281515386531,0.7122135286799922,0.01667302351478045,0.01018394905544384,0.010160761179464989,0.01130418164510259,6
8,5,0.8176698161054651,0.9305442960140279,0.5906873984482549,0.8237181566850974,0.8839888071578479,0.7345440649443453,0.82158103760316,0.9387742763463772,0.5859139081992167,0.8351490451258554,0.8859911095214329,0.7599251197303549,0.8191477623679351,0.935130974892006,0.5859139081992167,0.8288000692453505,0.8839888071578479,0.7471449761102529,0.8185066967520142,0.9341711182933684,0.5859139081992167,0.8451056762080877,0.8859911095214329,0.7846131918471789,0.013056272307091442,0.008766618733289266,0.0082993022636527,0.008972181399887284,6
8,5,0.8366064853699525,0.9593306405124861,0.7530544429292152,0.8423075067856735,0.9557658753777584,0.7589546579895734,0.844900081801158,0.9593306405124861,0.7669944169639304,0.8614382740305706,0.9609073406959489,0.7883627470638725,0.8453119139878604,0.9613648320438855,0.766301727904063,0.8598358326675002,0.9609073406959489,0.7855830628557119,0.8453082115725058,0.9564903480359068,0.7696141106544512,0.8585883756710436,0.9609073406959489,0.7834191543387942,0.014141993053261703,0.007849097772497555,0.007459307052175357,0.007581456920924061,6
8,5,0.8237063617426387,0.870264288607386,0.7415850781795333,0.8220842250556903,0.8642297311447977,0.7574054108026602,0.8452457631222373,0.8923222580262982,0.7622098023844602,0.8372451468376013,0.8754891497739964,0.7785537941466261,0.8452457631222373,0.8923222580262982,0.7622098023844602,0.8476592610693398,0.8791408670370294,0.7993458551164914,0.8458897009452625,0.8979175239727555,0.7541203311358237,0.8541263928699747,0.8791408670370294,0.8157378034704917,0.014014840310295946,0.009570385836083373,0.009569041196741315,0.010399768916639246,6
8,5,0.8544527284863089,0.8787933522580036,0.7622804030559234,0.8810851565095826,0.8952034477023186,0.8316392513737423,0.8775023599647668,0.9059741086560433,0.7696864177539402,0.9043843693565158,0.9088060660374382,0.8888984446337819,0.8766716071547626,0.9079790940103846,0.7581173788847531,0.8991054119656468,0.9045188827626935,0.8801460379286432,0.8796306700289233,0.9086644572095105,0.7696864177539402,0.8970048563144439,0.8993194803530042,0.8888984446337819,0.03499542335868618,0.016745992990027686,0.015948467902146376,0.01875666078426129,6
8,5,0.8533540238693242,0.9596450729506353,0.7709394443641692,0.8352710419201047,0.9471452552342905,0.7341434216853309,0.8618549599353376,0.9730022834917791,0.7756749851096097,0.8234379646516271,0.9413908271174969,0.7168156079200206,0.8583355620935871,0.9730022834917791,0.7694267620681257,0.8337796896403749,0.9471452552342905,0.7313039758412937,0.8623543061389483,0.9730022834917791,0.7765615079170248,0.8260597744905703,0.9497984966541627,0.7142073454759098,0.012522850944996382,0.011682131092543142,0.010297702321859318,0.014560839188544412,6
8,5,0.6986995795071504,0.8855470760186189,0.6698853327044213,0.6705360974743642,0.8514289096907436,0.6304097115004945,0.7055945583896529,0.8855470760186189,0.6778436045232988,0.659047114146783,0.8298651293388652,0.621155560994915,0.6986995795071504,0.8855470760186189,0.6698853327044213,0.6773875569969211,0.8433691869153975,0.6405688306745398,0.7055945583896529,0.8855470760186189,0.6778436045232988,0.659047114146783,0.8298651293388652,0.621155560994915,0.052898348065568965,0.05919479824472891,0.04953538784721978,0.0671380550300858,7
8,5,0.8625520253534432,0.925446646587867,0.7815214396496181,0.788816431178092,0.8575436932616388,0.6869638609158666,0.859128276642718,0.9239582887253811,0.7756042208945448,0.7961761494395606,0.8780623808760232,0.674822222510936,0.8630136775087895,0.9204512161227945,0.789013750266497,0.8001775028212635,0.8780623808760232,0.684753509867871,0.8636028634258992,0.9309224075152315,0.7768714072248809,0.8066407236535664,0.8828136729638039,0.6937537784080168,0.016728878830870944,0.01830273688147522,0.015033240136610187,0.02260260287729763,7
8,5,0.7490378599580766,0.8593743325216392,0.6201389810272705,0.7387435156421968,0.8413625004104178,0.6382887302215478,0.7497728102731088,0.8521448253789815,0.6301782856843986,0.7263228563139286,0.8289001591692737,0.6259088737488459,0.7496114179822759,0.8521448253789815,0.629828349343959,0.7300625134753805,0.824855372065438,0.637268803904176,0.7423225101764941,0.8452608080787798,0.6220664344622177,0.7264768699173356,0.8217619920480386,0.6332012784754651,0.03284976962349628,0.026331943731364618,0.02423739846475373,0.031712013881583276,7
8,5,0.8337088264476712,0.8901913001286165,0.7927885711678545,0.8289152914064256,0.9086793591717064,0.7669147714681078,0.834594889780002,0.8961905832365782,0.7899702241780997,0.8334933415413978,0.9044813881055533,0.7783144129875695,0.8382612987342284,0.8948802460298754,0.79724217145415,0.8343557130767697,0.9086793591717064,0.7765840267686227,0.8356276739770395,0.8949222541828361,0.7926701120891417,0.8422069849060326,0.9044813881055533,0.7938011615147219,0.027616642042884262,0.023927142819470747,0.01870283968871584,0.031228279844255295,7
8,5,0.7542328742226138,0.8935136780846006,0.6899411083505245,0.8151688144706817,0.9083557313672357,0.7656060452483442,0.77442452384687,0.918563379031189,0.7078902903155657,0.8454880171720683,0.9516778210501496,0.789009480069944,0.7723684283399266,0.9059227322503473,0.7107200044356038,0.8315378360502697,0.9505850081937808,0.7682209272392335,0.7732273281802351,0.9147309076833878,0.7079095331128402,0.8429324546957632,0.9516778210501496,0.7850947058344712,0.02261826146945114,0.015255222171991167,0.015426066172336335,0.01563346922843707,7
8,5,0.8241991652967147,0.8537128600843618,0.8004993841626773,0.8035413932597415,0.8435522238669058,0.7753372873492984,0.8276278608872395,0.8619301723680705,0.8000827744337625,0.822095162157747,0.8674675802681362,0.7901116100450051,0.8276278608872395,0.8619301723680705,0.8000827744337625,0.8140935235929813,0.861438766536028,0.7807193040114897,0.8276278608872395,0.8619301723680705,0.8000827744337625,0.8202637274334447,0.8649567082498995,0.7887591186744605,0.03311883773498178,0.0232145327368552,0.02594230869679657,0.023579889557504126,7
8,5,0.7888668377899999,0.8816809905191295,0.7595697337889603,0.6905209747668174,0.8824494640896109,0.6294708914417539,0.7892673908897715,0.8492599414537937,0.7703305376030618,0.6752879959580878,0.8884984365394832,0.6074683866379939,0.7913665901791811,0.8731511043934342,0.7655510292097011,0.6887267332337537,0.8884984365394832,0.6251818203558498,0.7950085364247196,0.868013511262566,0.7719642670161555,0.6800362365122921,0.8884984365394832,0.6137269839011185,0.05680970737526479,0.05541418755701269,0.051404252198292436,0.05577410459179804,7
8,5,0.8697723648877282,0.9274896248720115,0.8104156824164621,0.8448990690119014,0.9191744394111314,0.7820252602643686,0.8775336909699885,0.9325622974341544,0.8209420315319069,0.8518227761559173,0.930379479374711,0.7853248360249271,0.8732424170040312,0.9325622974341544,0.8122375926606183,0.8513226562908379,0.930379479374711,0.7844013666621769,0.8721576855354156,0.9378889861262699,0.804559328672025,0.8404414100013085,0.9303829226983331,0.7643062734495677,0.012720768866947382,0.0069373647255994726,0.006492380518534695,0.007371810382211984,7
8,5,0.7648536116489733,0.9326367872086829,0.6911584081521825,0.7470029995111207,0.8971358384027078,0.6931713305309075,0.7989798430942732,0.9380098223079452,0.7379138716336252,0.7709442883284972,0.8952882906566041,0.7263594711597826,0.7904410624489407,0.9380098223079452,0.7256246125796378,0.7816741586363731,0.897088144241162,0.7402912905401366,0.7941489145574561,0.9289225883753832,0.7349524350243359,0.7608660487645628,0.8906739494665243,0.7143220948022301,0.018415953308854788,0.01023525219921983,0.010335317532577385,0.010156854846565984,8
8,5,0.8215636227937824,0.9104316798143915,0.7458040769920695,0.809967609170345,0.8709140803577013,0.7503197129925204,0.8198259667357807,0.9308308268456529,0.7251949140758094,0.8237257372626389,0.8790048172263052,0.769624478268624,0.8186267022617171,0.9308308268456529,0.7229732830181025,0.8175877470980617,0.8931324880855703,0.7436526237116502,0.8261664280019201,0.9308308268456529,0.7369405848379175,0.8233814825285111,0.8878904064965427,0.7602470380820114,0.016268626074693864,0.011131633752140485,0.011427937299842456,0.012724386236422622,8
8,5,0.8650927581519214,0.979454356929199,0.8281067470916037,0.8333573763173943,0.9762137220663274,0.7771098172704051,0.8621413795693739,0.979454356929199,0.8242008547381368,0.8379951838418662,0.9762137220663274,0.783573692451961,0.8627349478919267,0.983559165559709,0.8236588428112526,0.8378479439914983,0.9762137220663274,0.7833684791028717,0.864505053025894,0.979454356929199,0.8273289705733972,0.8379951838418662,0.9762137220663274,0.783573692451961,0.015925837677049443,0.015136950213435987,0.014038663540667977,0.01695550362285516,8
8,5,0.8099675790564435,0.9525100087110476,0.7746071415055862,0.824985222993123,0.9716190311083603,0.7762282321557084,0.82143871560922,0.9745554446510056,0.7834551162809851,0.8261210511475978,0.9716190311083603,0.777741732851273,0.8131012404053548,0.9745554446510056,0.773049367286695,0.8261210511475978,0.9716190311083603,0.777741732851273,0.8237564487293558,0.9745554446510056,0.7863478084322859,0.8226978092604588,0.9716190311083603,0.773180233863191,0.009259483330540915,0.01000888370636657,0.009706861323065667,0.010937028682540414,8
8,5,0.839656904510336,0.9481960839531215,0.7874400310411055,0.8289548519520366,0.9411461200302944,0.7780714689713123,0.8512884556059839,0.9481960839531215,0.8046673792943364,0.8363542665490972,0.9515553309830274,0.7841058163640982,0.8512884556059839,0.9481960839531215,0.8046673792943364,0.8363542665490972,0.9515553309830274,0.7841058163640982,0.8579640968342443,0.9404347117833755,0.8182884913262958,0.8369333373039364,0.9515553309830274,0.7849475196704372,0.011279461132461633,0.00994667235591057,0.009749517607153623,0.010979792229185473,8
8,5,0.8133764360334294,0.9520232896840546,0.7910721154472777,0.7964666600754675,0.9259337765043908,0.7727516866747804,0.8150786222572104,0.9520232896840546,0.7930481348395217,0.7939718614017489,0.9511317078319721,0.765184307615495,0.819970608047694,0.9520232896840546,0.7987271014846072,0.7953073507086795,0.9511317078319721,0.7667644234674849,0.8152476995928157,0.9520232896840546,0.7932444118915136,0.7936198590811896,0.9511317078319721,0.764767827720249,0.021131974975782866,0.01703015489440994,0.016097682335289795,0.018561633796947117,8
8,5,0.7789750737028333,0.9481964153226845,0.7119253950031178,0.7613908736299282,0.9421001325929969,0.7037000238928158,0.7955892560950336,0.9373869471823462,0.739405505648686,0.7602727484562287,0.9215094508424475,0.708798449779746,0.7843630026042286,0.9373869471823462,0.7237311330119464,0.7597792217293817,0.9215094508424475,0.708147366232606,0.8020578915040013,0.9465463742461386,0.7448079828876685,0.7446484732694226,0.9215094508424475,0.6881861749894579,0.024120206303048303,0.016089158901369256,0.016776055969866133,0.016447362756571354,8
8,5,0.7823737347464964,0.9118286510489828,0.7378878123132293,0.8367239272929098,0.9500999034717952,0.7886582340726132,0.7794500679581418,0.9177825672615847,0.731913450502581,0.8345238823948207,0.9500999034717952,0.7855254811467174,0.7715794381689015,0.9118286510489828,0.7233841607417264,0.8345238823948207,0.9500999034717952,0.7855254811467174,0.7761820933169175,0.9177825672615847,0.7275224681722265,0.8304106747359324,0.9500999034717952,0.7796684809830435,0.025421271745743983,0.018986725421311856,0.018873930058621334,0.020444814447883985,8
8,5,0.777569337434997,0.8651051856899232,0.6440152470758306,0.7543339974323591,0.8420066996245521,0.665713908692194,0.806318295658441,0.8591002937976651,0.7257884111670717,0.8086932180280835,0.8663396402220656,0.7504238716677447,0.8057244304426933,0.8792141515571551,0.6936006200283877,0.8036665217599406,0.8738748586345769,0.73269951733831,0.8146270385867418,0.8583129092456654,0.7479751829902843,0.8198247578471958,0.8741266925836122,0.7649360392976676,0.014759828981957046,0.017817775834888805,0.013743632247047676,0.020359084002240402,9
8,5,0.831963443986529,0.9086641578534475,0.6919722650284335,0.8094122848705101,0.8874011743706333,0.6355730766823722,0.831236422233563,0.9038127128773935,0.6987729811596814,0.8039187085999643,0.8755655762374699,0.6442160276271238,0.829963770242396,0.9038127128773935,0.6951775339340925,0.8026708093481153,0.873757836211643,0.6442160276271238,0.831236422233563,0.9038127128773935,0.6987729811596814,0.7901038121451682,0.8679977563334474,0.6164762394597015,0.01588577473023945,0.012291382420446716,0.010847802201178536,0.01556164448141167,9
8,5,0.8284645320297647,0.9721232039518968,0.786033224952326,0.8542990364271992,0.9436488108027106,0.8241758242759625,0.8367233767127238,0.9721232039518968,0.7967314181978099,0.8568571140556521,0.9436488108027106,0.8275963273066036,0.8333172147145861,0.9721232039518968,0.792319205511853,0.8578254248431939,0.9436488108027106,0.8288910925422435,0.8341705312701072,0.9721232039518968,0.7934245593187083,0.8534485189805612,0.9436488108027106,0.8230385650030303,0.015368458929415012,0.011343645104894474,0.01210153452622539,0.010812052183937125,9
8,5,0.7685034911078904,0.9295953530078208,0.7184729534426789,0.8122776365138091,0.9709816687721914,0.7537326153610944,0.7683383100125365,0.924670970809065,0.7197858444687336,0.8186591264258244,0.9709816687721914,0.7624682008595188,0.7657130671132103,0.9295953530078208,0.7148159033433579,0.8190910482437009,0.9709816687721914,0.7630594561965508,0.7928698798588029,0.9242555392078999,0.7520652414294766,0.8147601686695948,0.9709816687721914,0.757130939608011,0.018966362454012467,0.01594075702190626,0.01605184626012057,0.016306623471980263,9
8,5,0.8279531437000364,0.9246351281488777,0.7380384843250981,0.832553639051796,0.9218585090437696,0.7522562539119227,0.8209218536614878,0.9341288239996853,0.7156388866759072,0.825160104462293,0.9137410987213079,0.7455135833629589,0.822941893641465,0.930578989165845,0.7228389340740238,0.8259797003602661,0.9228580065714291,0.7388727523714779,0.82930225167251,0.9415369125382267,0.7249235366582099,0.8276400320913547,0.9137410987213079,0.7502233076869566,0.014883645221031904,0.009040620741657483,0.00821353212791385,0.010026036616780887,9
8,5,0.8253953072739184,0.8992378717868247,0.7815129132948652,0.7951696203100063,0.8900475818639586,0.7333907472009545,0.8320206778511179,0.8913128577453859,0.7967851356518432,0.79203291276039,0.8796201358392552,0.7350013339623312,0.8271790249326373,0.8992378717868247,0.7843566401984365,0.7871486414775449,0.8796201358392552,0.7269367163601623,0.8396411533444094,0.8913128577453859,0.808934228347289,0.790288201096089,0.8796201358392552,0.7321205700604466,0.03431720951257611,0.02827039771261424,0.027155187877157354,0.02843871508502034,9
8,5,0.8384362067948926,0.8899159411646619,0.7200536611089788,0.812124652429543,0.8980344825844306,0.6670065282357018,0.8421477513672199,0.8922934973948455,0.7268328387565659,0.8179785466942178,0.9045241543819371,0.6717864727230024,0.8425218205387998,0.8976492722602344,0.7157510018495505,0.8155639209853555,0.9045241543819371,0.6652930826530817,0.8407012452679862,0.8870254561948594,0.734174316107395,0.8212714621376519,0.9045241543819371,0.6806417517681165,0.019733501958925287,0.011283932365888259,0.009446207633656268,0.013471074742032355,9
8,5,0.7645918136869014,0.9787763713348212,0.729475487021183,0.7557362580337194,0.9179399647486862,0.7262583166113799,0.7750712465073459,0.9787763713348212,0.7416730604500605,0.7573109577378214,0.9179399647486862,0.7281191929175795,0.7683797709003427,0.9787763713348212,0.7338844934099883,0.757821346028501,0.9179399647486862,0.7287223361547396,0.7750712465073459,0.9787763713348212,0.7416730604500605,0.7624113687147448,0.9335045643736092,0.7313179041969732,0.03987726134479849,0.044098548320613745,0.03777534834108048,0.050098423629326844,9
8,5,0.8715854016495207,0.9249200483892936,0.8454334044236145,0.8010219375021507,0.8816873995382443,0.739772391749889,0.8728358208709733,0.9298414812932209,0.8448837866051904,0.81938426714875,0.8961888089971256,0.7610663305599945,0.8710781763361012,0.914257951691729,0.8499054971426804,0.8222740222314445,0.9072109039376477,0.7577811737334003,0.86786033030817,0.9147189251265211,0.8448837866051904,0.81938426714875,0.8961888089971256,0.7610663305599945,0.022397022971003537,0.010670455641380756,0.01084388170819062,0.010509044896384474,10
8,5,0.7895130746395862,0.977037857758593,0.7480831117158462,0.8074835190551668,0.992306108385675,0.7638676361275154,0.7864246461740348,0.9619351807809878,0.7476489983873779,0.8020206515404156,0.992306108385675,0.7571155983287867,0.7864246461740348,0.9619351807809878,0.7476489983873779,0.8020206515404156,0.992306108385675,0.7571155983287867,0.7864246461740348,0.9619351807809878,0.7476489983873779,0.8020206515404156,0.992306108385675,0.7571155983287867,0.00954876648745041,0.011849051533933432,0.01035444646875228,0.013122853040639478,10
8,5,0.8292388081294858,0.990549923585553,0.794468347538001,0.7888312443619795,0.9817335424361826,0.7576558143054769,0.8269309411043374,0.990549923585553,0.7916630219265586,0.7889507589212964,0.9817335424361826,0.7577946439161017,0.8266919910026536,0.990549923585553,0.7913725663531629,0.7925630365606986,0.9817335424361826,0.7619907109142421,0.8268936747949212,0.990549923585553,0.7916177228988804,0.78333840025068,0.9615103692346231,0.7545435760700392,0.012540426174213769,0.013250574061612692,0.012602122694098425,0.013998309371486996,10
8,5,0.745537791732561,0.8878424402156028,0.7348644709662399,0.7362286027640408,0.9456361642837247,0.721882737720831,0.7565953863338524,0.8456168508921753,0.7499184811417363,0.7384340204067971,0.9456361642837247,0.7242392417123193,0.7471185343767682,0.8878424402156028,0.7365637745532586,0.7296541787343678,0.9456361642837247,0.7148579202135679,0.7566021211927715,0.8456168508921753,0.7499257211374188,0.7389890650908201,0.8745184493237231,0.729704365715665,0.029583610971683494,0.027520271674586642,0.02759627202987925,0.02807868341861204,10
8,5,0.7735300245922982,0.8774085062359449,0.7599671541764117,0.7146199520642154,0.7890640715345756,0.7038278235381163,0.7756990572762397,0.8398674474201842,0.7673209259583028,0.7306082481001088,0.8055754375497705,0.7197402903683595,0.7796320172040445,0.8398674474201842,0.7717673919078331,0.7203408568336803,0.8025177415016463,0.70842771302164,0.7791228301868091,0.8398674474201842,0.771191723003079,0.7306082481001088,0.8055754375497705,0.7197402903683595,0.03123871368702916,0.0317485025443359,0.03348708226226569,0.032889946996724616,10
8,5,0.8156393758570002,1.0,0.7858000238207817,0.8201674016006061,0.990354305230431,0.7967354978116813,0.8253459150263981,1.0,0.7970775971558287,0.831214332183976,0.990354305230431,0.8093034068550359,0.8200673819872539,1.0,0.7909447167942993,0.8319956321167866,0.990354305230431,0.8101922787834904,0.8261548075311035,1.0,0.7980174114792224,0.8374632815530038,0.990354305230431,0.8164127325354829,0.020483934833532995,0.01645713327979067,0.015725466405272795,0.01874796052719229,10
8,5,0.7348796582690388,0.8489965151488121,0.682480073853318,0.7122484277916855,0.8291345279003377,0.654071132725985,0.7361967690697772,0.8718804204478702,0.6738942562016739,0.7122755818573344,0.8321851517567483,0.6525934261283395,0.7417617624597026,0.8718804204478702,0.6820145542931257,0.716681305301883,0.8323637769674187,0.6591030878597797,0.7369163978849913,0.8618594363337797,0.679545703761761,0.7166480073488222,0.8321851517567483,0.6591421231160498,0.05156295863304036,0.0427018245344667,0.04103107198539441,0.04565183444731063,10
8,5,0.788047730569292,0.888204252412029,0.6244080412487748,0.8300485056666267,0.8848197039816085,0.7295343379500523,0.8236014494725905,0.9071073551667759,0.687166195803527,0.8217949281597742,0.8884902598368695,0.6993980122560667,0.8221409626318249,0.9103463397689491,0.6780275265264685,0.8237963728403743,0.8936415203851065,0.6956190261603439,0.8287739501212827,0.9115121617540685,0.6935929853930621,0.8198155902289569,0.8884902598368695,0.6937862632977998,0.014083352107143468,0.010766903632116038,0.008793658522907753,0.013368557531856291,10
8,5,0.848946609543897,0.9445100591031895,0.8111689257751455,0.8154209517054165,0.9290490172839247,0.7657447034700118,0.8471994154005311,0.9445100591031895,0.8087310392369876,0.8234261901830067,0.9390111783047239,0.7728944088577885,0.8442233694467707,0.9445100591031895,0.8045785170944655,0.8178574071154737,0.9290490172839247,0.7692463355434954,0.8508074289342314,0.9542938066323573,0.8098976912773909,0.8201608045069824,0.9460297796162608,0.7651330398360757,0.018309379284392413,0.01542017151733303,0.013484802151872921,0.016312994486517393,11
8,5,0.7711262474227746,0.7805895523244886,0.767683976035296,0.7043914537926278,0.8730569254777074,0.6409416695883974,0.7733588092295165,0.7714591226384279,0.774049819068637,0.7212049595752635,0.8806309619600519,0.661230945055297,0.7637279231603578,0.7566475367093453,0.7663034094144464,0.7170637741722539,0.8817932662920247,0.6550946549290025,0.7691068815249804,0.7714591226384279,0.7682512552543103,0.7191923972551786,0.8893673027743692,0.6551747834288679,0.04175691596067327,0.029635469457419687,0.032747937509934086,0.029952133718070307,11
8,5,0.7666872936255157,0.9187260959467202,0.6778334874659223,0.780705831499309,0.864466160097059,0.7377651694732085,0.78471054905024,0.9140402835794107,0.709128270137984,0.7836908330100628,0.8488697520176192,0.75027613682649,0.7797153718101981,0.921177921284888,0.6970424899013348,0.7799924991137117,0.8488697520176192,0.7446818110141382,0.7798459879057266,0.8904568554135265,0.7152033017582852,0.7925680152843823,0.8488697520176192,0.763704305112532,0.03351676399699575,0.024351084662693027,0.025525037265329488,0.024986204128826524,11
8,5,0.7988812039440494,0.9828205947715549,0.7603494201677726,0.8156674363558981,0.9926473921066941,0.7746209885020273,0.8247028841462398,0.9828205947715549,0.7915802484258246,0.8317113085648843,1.0,0.7926806004370426,0.8095747726606279,0.9828205947715549,0.7732830869717172,0.8234870124067166,1.0,0.7825488671233002,0.8287013027610042,0.9828205947715549,0.7964162592540786,0.8392485271139561,1.0,0.8019659042244979,0.03390532364223936,0.04022370485305174,0.033184776450227,0.040238545695287564,11
8,5,0.903121346111233,0.9787961803757499,0.8737525971722561,0.9154891380620604,0.9714015563542048,0.8914702084716081,0.9071064046364631,0.9787961803757499,0.87928422245871,0.9186711356050524,0.9768522495433675,0.8936776167792926,0.9071064046364631,0.9787961803757499,0.87928422245871,0.9209588641189205,0.9844654624059261,0.8936776167792926,0.9084004320742993,0.9787961803757499,0.8810804507577877,0.9202442978192144,0.9768522495433675,0.8959265800696818,0.04956456306480189,0.06620761484245669,0.061747303844360044,0.07841079509324966,11
8,5,0.7370804513377773,0.7879858781906447,0.7179488551633812,0.7940399674818432,0.8443826978624236,0.7731749916705563,0.7406331952075254,0.8009275586384236,0.717972990116106,0.7904588753935314,0.842830911067573,0.7687528366215806,0.7391901249627607,0.7879858781906447,0.7208513995361066,0.793645367862582,0.8443826978624236,0.772616846859193,0.7434785326240766,0.8009275586384236,0.7218876800516074,0.7852824539633707,0.842830911067573,0.7614310029916284,0.023684120155961864,0.02006954279055638,0.017822869728708748,0.02240520274261054,11
8,5,0.8316982366818251,0.859017191180294,0.8037912613078246,0.7937276456870133,0.840368029025734,0.7443901800105278,0.819288710397002,0.8626187248822307,0.7750260484689209,0.7971306660839532,0.8398446304807106,0.7519466731260293,0.8205169812848385,0.8650493860702309,0.7750260484689209,0.7999894488960025,0.8398446304807106,0.757829554128732,0.8105794429761807,0.8655226357598862,0.7544536374271525,0.7988991322774801,0.8398446304807106,0.7555858709447553,0.017185389050398223,0.011803664080043068,0.010816949833242964,0.01352443122943513,11
8,5,0.8058373820710726,0.9748755404477448,0.7360215916551198,0.7879963149345663,0.8967264114745981,0.7419036607543751,0.8066266325519948,0.9748755404477448,0.7371368167366348,0.8039790270348572,0.9170665796780292,0.7560391684130375,0.8048836441401254,0.9748755404477448,0.7346739428573117,0.8069244847635031,0.9170665796780292,0.7602332589380212,0.8095659506873604,0.9748755404477448,0.7412901259665273,0.8057462588076828,0.9170665796780292,0.7585555616926877,0.017464844390003884,0.01719847247214166,0.015617373514054317,0.01858846851833359,11
8,5,0.8305940403190117,0.9636154481583523,0.7929880230712387,0.8298622480744565,0.9228515443734877,0.7979301015315572,0.8442222776253032,0.9636154481583523,0.8104690517103065,0.8296327008785936,0.9228515443734877,0.7976217287612625,0.8411635855979255,0.9636154481583523,0.8065456475512087,0.8239528330475839,0.9228515443734877,0.7899914173938174,0.8482127822978262,0.9636154481583523,0.8155876980104049,0.8238012066910646,0.9228515443734877,0.789787723162512,0.019692197505968748,0.018566864923814812,0.01709745328097652,0.018165206055826694,12
8,5,0.7711349967522877,0.845651827408148,0.7530302958207852,0.7780207633143811,0.9159491511237322,0.7447806927694344,0.778217017788188,0.8577613910592539,0.758890818912294,0.7726457023841844,0.9132123795299615,0.7387698169424377,0.7758499652836903,0.845651827408148,0.758890818912294,0.7741171255605962,0.9132123795299615,0.7405958459470057,0.7811000664175816,0.8577613910592539,0.7624743365866904,0.7756933890458761,0.9132123795299615,0.7425519812649105,0.04423343350047984,0.035054444115911666,0.037173952410940944,0.03486705002943396,12
8,5,0.8664030607730789,0.9534681297179358,0.8057622995814354,0.8618543788432711,0.9436357823163798,0.7971871439501028,0.8625869906683067,0.9572215364028597,0.7966740940506821,0.8504374988747253,0.9275542023058742,0.7894587951207759,0.861075149057953,0.9572215364028597,0.794109255788926,0.8587553447772084,0.9534334458756392,0.7838902685745903,0.8582946982002848,0.9572215364028597,0.7893922228035651,0.8637807743324504,0.9369799288769424,0.8058998048224751,0.014908578410469135,0.01192584809945458,0.010856633954637648,0.011477476687928893,12
8,5,0.8186730942419483,0.9931027358503436,0.7990213523380975,0.8518632640223294,1.0,0.8308917011798205,0.8086670602315184,0.9931027358503436,0.7878880099410829,0.8463430351639515,0.9706891280320216,0.8287394887944929,0.8126249605303209,0.9931027358503436,0.7922918185983271,0.8471785545543175,1.0,0.8255437822900613,0.8086670602315184,0.9931027358503436,0.7878880099410829,0.8456381311156472,0.9706891280320216,0.8279347922170136,0.013288102228992908,0.012270149260181901,0.012111156638697308,0.012202280591795272,12
8,5,0.8127998893132669,0.8942177267231602,0.7477134061570982,0.8107336775291719,0.9310210280467978,0.711655151689774,0.8138899753236427,0.8799772810500867,0.7610589195275322,0.8219183242285957,0.9392389294027671,0.7252834531368123,0.8292837090489396,0.892579321999971,0.7786843689380456,0.8180239732868764,0.9392389294027671,0.7181813954100785,0.827262344072715,0.892579321999971,0.7750470983855628,0.8222140397771651,0.9392389294027671,0.7258227442608184,0.027605183676037745,0.014122405826665968,0.013566380805116143,0.015582182751647241,12
8,5,0.8149772565215937,0.9353158252697578,0.7237692887652186,0.8360330968488281,0.943141033565776,0.7672380212666284,0.8149785699746624,0.9388651274436522,0.7210814823108846,0.8513728639917124,0.9441379359582405,0.7917901632793415,0.8174344323519914,0.9388651274436522,0.7253987114873673,0.8401303921245716,0.9441379359582405,0.7733266886972043,0.8282165115397561,0.9388651274436522,0.7443528301229528,0.8497369958321194,0.9561291406046772,0.7814016710622761,0.01472959491383368,0.01648142949073824,0.01503288471559578,0.017774144218995078,12
8,5,0.8269208181067066,0.9725008378853481,0.7452956669044848,0.8353368539855661,0.9658154839134123,0.765526358615363,0.8154760811821309,0.9725008378853481,0.7274339890881673,0.8280500690610578,0.9658154839134123,0.7543408964475591,0.8261897623381723,0.9725008378853481,0.7441547160299148,0.8249944633732776,0.9658154839134123,0.7496504380115712,0.8257337519591776,0.9725008378853481,0.743443025536356,0.8362446421819698,0.9658154839134123,0.7669198443065763,0.013527940337346552,0.012614533229214457,0.012174818500853137,0.013350357209532069,12
8,5,0.8534089145895715,0.9603316715251626,0.8017866664584098,0.7982460264576492,0.9320393413970168,0.724566538233064,0.8539082137166996,0.9603316715251626,0.8025270269289881,0.8007320303555306,0.9422528468216657,0.7227970353591389,0.8600399631562361,0.9603316715251626,0.8116191816191725,0.7982415023603765,0.9422528468216657,0.7189349827240942,0.849522555767249,0.9628471290806249,0.7948095142164677,0.8007320303555306,0.9422528468216657,0.7227970353591389,0.020885975417862614,0.01692793457525276,0.014882315058710882,0.017956823722424405,12
8,5,0.8825301082277212,0.9895363381728624,0.8084016226795367,0.8338396245634697,0.9218808072245311,0.7613615678056335,0.9070122847871475,0.9917733464477838,0.8482941228859151,0.8540842821952686,0.9353168296216285,0.787211291567494,0.9003807948500265,0.9917733464477838,0.8370686732679531,0.8528928163475463,0.9299343976387416,0.7894699506753171,0.9070122847871475,0.9917733464477838,0.8482941228859151,0.8470423595321479,0.9353168296216285,0.7743722537926101,0.007288237931233058,0.005484955254031471,0.0052708211052159655,0.005818741353271439,13
8,5,0.7648563684497247,0.874747871362913,0.6845766702724388,0.8087046467315042,0.8900455866775927,0.7312008005522858,0.7692980578710565,0.8791590846604124,0.6890406235991504,0.8148879046501938,0.8900455866775927,0.7432756337457899,0.770118641793178,0.874747871362913,0.6936832236970601,0.8101249928823956,0.8900455866775927,0.7339744909068819,0.7709723434685195,0.8791590846604124,0.6919380350877306,0.8141959732484542,0.8900455866775927,0.7419244114019666,0.013017161752120164,0.010107833550129479,0.008609422385580878,0.011911924450098785,13
8,5,0.7971220217654764,0.9623026769956956,0.7624314369650104,0.791361884220903,0.9484203403224765,0.7582249803201057,0.8081393275156196,0.9826788679019303,0.7714832268459211,0.7989319354119873,0.9484203403224765,0.7673921951728573,0.8008683760385598,0.9826788679019303,0.7626852590336646,0.7986895635085645,0.9484203403224765,0.7670986865482969,0.8047837750470911,0.9826788679019303,0.7674229545825735,0.7942688655063704,0.9484203403224765,0.7617452896739173,0.020066038171102352,0.021104241224345146,0.019293618230631235,0.02376483847709492,13
8,5,0.8751634944989903,0.9124038468900072,0.8137847425919761,0.8469137087040234,0.9415635726269299,0.7140489264653346,0.87610804931505,0.9095458231563033,0.8209966260026271,0.8524599638511091,0.9383516418438396,0.7318894884205802,0.8846060966274112,0.9124038468900072,0.8387904394868363,0.850063573356434,0.9380546871278398,0.7265460141584632,0.8780192279856911,0.9001675371404211,0.8415148587870815,0.849447569757387,0.9417479830319079,0.7198808297539473,0.013824508615041444,0.00947883661601417,0.0088161078198698,0.011424373115080745,13
8,5,0.8125332359316951,0.8861835075360095,0.738710638252225,0.7510976152211114,0.8959782560935012,0.6154328479263901,0.8313232075503941,0.8858549913772524,0.7766638308705371,0.7785457614540022,0.8894363181096303,0.674708965362532,0.8253593338935951,0.8858549913772524,0.7647221293525945,0.7706681598330848,0.8894363181096303,0.6594548572304123,0.8319650778475742,0.881283327509664,0.7825314339009466,0.7770876136823274,0.8925703346634623,0.6689507613456083,0.03840801502794655,0.025555192385705763,0.02620760901939984,0.025167431453568714,13
8,5,0.703035866136959,0.7503572334838939,0.6665945370495319,0.7071070031743928,0.7649588434951878,0.6502330668020226,0.7118774773172373,0.7681741760536429,0.6685244078645225,0.7236524233145071,0.776168553724096,0.6720240041859896,0.713513832595882,0.7719354420089827,0.6685244078645225,0.712084281763869,0.7735347825556942,0.6516725152115042,0.7032696310560739,0.7420840090740828,0.67337938058406,0.7363830567127868,0.7931832103074913,0.6805430297823923,0.041591149967770386,0.019437529173328253,0.01767809629452102,0.019618387824120096,13
8,5,0.75868371973069,0.7878055010296504,0.7210813134081564,0.7362685863681765,0.76550663654835,0.6955056061631624,0.7723996226861172,0.7976304023880768,0.7398213260342811,0.7514032595061949,0.7783189664854566,0.7138780338485824,0.7660801107336224,0.7961227583806784,0.7272886703257637,0.7560588553726942,0.7708275445225606,0.7354687072691029,0.7755851795425697,0.8034856895779908,0.7395596938695729,0.749704267356451,0.7783189664854566,0.7098103480636028,0.044067174851347854,0.03296543751023459,0.032836588110836104,0.03434825822052802,13
8,5,0.832437478303307,0.9044674223478983,0.7513489339506535,0.8447827358093759,0.9372556907723189,0.727110107721574,0.8469819626866879,0.9095567619204755,0.7765376571922096,0.8472376243801625,0.9372556907723189,0.7326888630478128,0.8609097243008539,0.9251429768997156,0.7885983957087681,0.8386646266823802,0.9219456086489813,0.7326888630478128,0.855567275933893,0.9154683282844573,0.7881329719825759,0.8371705755062068,0.9278606079282409,0.7217667316391512,0.007028366361855691,0.0053062537048908865,0.0048834608165116335,0.006602351541042367,13
8,5,0.7876292531524164,0.9332446128619329,0.7749150877065468,0.6851713534912286,0.9437706331768184,0.6665415177885632,0.778163202653377,0.9332446128619329,0.7646225245895815,0.6970218905649492,0.9437706331768184,0.6792457832985741,0.7834016050222634,0.9332446128619329,0.7703183094387428,0.6965992126108131,0.9437706331768184,0.6787926550630209,0.7801530672146236,0.9332446128619329,0.7667861308996177,0.6993822941672574,0.9437706331768184,0.6817762335125993,0.04449748344971925,0.04193593101127746,0.03901181062447051,0.041653187333627,14
8,5,0.7313299721654767,0.8995837023566785,0.5861792441621612,0.8061973884153208,0.8821425115020551,0.7420840992433798,0.7549297873974448,0.9013106358704202,0.6286485649992832,0.8139723560005617,0.8717047387236572,0.7652343620692891,0.754880501285451,0.9042615165453839,0.6260110664728404,0.8162393173455604,0.8739513642332298,0.7675184910380172,0.7530623861378188,0.9044225605884072,0.6224855514534096,0.81049711236004,0.8717047387236572,0.758825298699313,0.016717736368546482,0.01131821532274567,0.00923356958975859,0.013732070266277747,14
8,5,0.7941871404670031,0.9063961442123044,0.7076853094004861,0.8537739308565503,0.9456645511147519,0.7902272769592268,0.8223257147317087,0.9041021558162323,0.7592843218326949,0.8622002467587495,0.9702858846869051,0.7874539820650047,0.8179644771701013,0.9041021558162323,0.751561009729802,0.8622002467587495,0.9702858846869051,0.7874539820650047,0.827400100030715,0.9118182963009975,0.7623221801760185,0.8694434405469502,0.9702858846869051,0.7997061825121734,0.015834348157196698,0.012165696978669717,0.011876197719777003,0.011962733772798152,14
8,5,0.8318812696628716,0.8680604082882023,0.7550803891415387,0.8181980548129635,0.8602071449622097,0.7158341020628475,0.8502055359522563,0.9049422633366433,0.7340107060113975,0.8538089358978619,0.8943781408279895,0.7549535652668016,0.8547596044370424,0.9050870272914034,0.7479248223928348,0.8514213147141637,0.8910106650093977,0.7549535652668016,0.8418116932550015,0.8981983863923119,0.7221143249047332,0.8574926077103717,0.8965431661281529,0.7623377375967392,0.018963938302626115,0.010329664800304906,0.009549825996668159,0.011130880775464778,14
8,5,0.833047054823855,0.9131119181183189,0.7766494231593357,0.8217331227815753,0.9556743722740451,0.7213014724622139,0.838141300962415,0.9179174402999692,0.7819470462438431,0.8411464311349788,0.963197140707311,0.7496305297121868,0.8400240462707612,0.927691034954003,0.7782714829932702,0.8435589509617268,0.963197140707311,0.7538520019605871,0.8483526159038867,0.927691034954003,0.7924666910384768,0.8449585202196322,0.963197140707311,0.7563009943860401,0.010289983861330655,0.006301045467287908,0.006322329417569905,0.006864731484861797,14
8,5,0.7570914546401166,0.8942120100119175,0.6829890705069444,0.759292488114096,0.8562128253751006,0.7226668906054066,0.7695758755378762,0.880094022821399,0.7098499053397249,0.7627298309459155,0.8520641090213431,0.7289709584018718,0.754533982328315,0.8845279408772114,0.6842829377255376,0.7522256344856775,0.8585109021440016,0.7120610875560274,0.782350581298686,0.886451093233972,0.7260928152549898,0.7627298309459155,0.8520641090213431,0.7289709584018718,0.02213184995985227,0.013630171425316414,0.013303278969510933,0.014458411500423922,14
8,5,0.8118537888765179,0.8338792637094103,0.7690908816191226,0.8156024902679483,0.859628433505977,0.7475708769006502,0.8153245739469127,0.8355940376817695,0.7759709979433483,0.8241202906523248,0.8645550323387207,0.7616380242726384,0.8122125849526274,0.838324115577296,0.7615165172890221,0.8187882885363671,0.8548034703648556,0.7631353996871334,0.8207381088991926,0.8355940376817695,0.7918950210851179,0.8196583753041797,0.856204701268622,0.7631847296501649,0.010858272525907152,0.0119881973738101,0.010239812380995968,0.01478551211606599,14
8,5,0.8387583696259693,0.8775352083996427,0.7683832516685768,0.8656037175939212,0.9134915993222475,0.7580906590268134,0.8614957961041964,0.8910497345214373,0.8078590900705183,0.8667068740737077,0.9064155458300139,0.7775569555958456,0.8535883830016439,0.8787853200824158,0.8078590900705183,0.8614384440732782,0.9064155458300139,0.7604603761189725,0.865474212036472,0.897220266043116,0.8078590900705183,0.8595957679799273,0.9027865130101768,0.762628248590831,0.013772556665413717,0.01349385282500478,0.011118229325197647,0.01680005328847112,14
8,5,0.867637450914421,0.9201713512542389,0.8224399241086204,0.7893795291556117,0.8543969461717816,0.7414843969708872,0.8915797336963449,0.942535608148539,0.8477398610318658,0.807540544733753,0.8874310409646567,0.7486891468639981,0.8861910764514332,0.942535608148539,0.8377150739984038,0.8039114805332557,0.8874310409646567,0.7423867296210931,0.9075136158594151,0.951435793973461,0.8697251819179496,0.8165785765613007,0.8922846350004453,0.760809648133622,0.023298993887721067,0.015931730179961662,0.01545058261570795,0.016300114663831876,15
8,5,0.7308487786332507,0.886492996459627,0.703546566576879,0.7773250594061667,0.9149714917614835,0.7507935029898988,0.7727752917752572,0.8970127443213287,0.7509822735563599,0.7791346968790174,0.9101231873198187,0.7538864687590124,0.7741469651330892,0.8970127443213287,0.752594557952691,0.7868976395701076,0.9264124624531026,0.760005948075549,0.7590635822862918,0.864622902654218,0.7405469744131584,0.7713961659936287,0.9286762846716056,0.7410801870724296,0.05893249535230646,0.043141136379018424,0.0424993241855547,0.04381974125572338,15
8,5,0.7264013406905148,0.8253288623898971,0.589667167776837,0.7590808123489055,0.7964305614424012,0.7068486572332905,0.771212718246948,0.8334111521338853,0.6852442105156,0.7430697029160431,0.7466957129750899,0.7379988704619671,0.7679004018754357,0.8413787587228196,0.6663411777283518,0.7551871933934794,0.7674780810164188,0.7379988704619671,0.7875354381573336,0.8511092914434091,0.6996658736652386,0.7421638607112686,0.7549470178059045,0.7242871182848902,0.031638997007906414,0.020890556144216584,0.023276270667047336,0.02289258955361932,15
8,5,0.7107745001844546,0.7313094935216746,0.6973498082576383,0.7132232115664114,0.7158988509884752,0.7106855343263373,0.736895940748077,0.733848194779828,0.7388883957746281,0.7232948747920909,0.7050160379662997,0.7406312123439062,0.747371344608252,0.7741272258724424,0.7298797653657503,0.7275849874128689,0.7138294974776815,0.7406312123439062,0.7300460062343544,0.733848194779828,0.7275603365761065,0.7262965125070806,0.7054569313530372,0.7460615564630055,0.07073959283947473,0.07693556084295286,0.05843050832538871,0.08445885607358515,15
8,5,0.7753464843245697,0.8977934389921044,0.6372062624718375,0.7679337736645879,0.8858141555898033,0.6448454280662522,0.8310530914699896,0.9102623678159993,0.7416920531579989,0.7942426357841279,0.8940986218358148,0.6899750051533563,0.8249734005462565,0.9102623678159993,0.728753475010154,0.7983389523303207,0.8940986218358148,0.6983486138026395,0.8344800427692184,0.9167269554007109,0.7416920531579989,0.8115832181883617,0.9128322124729605,0.7058610361216883,0.11745312411847605,0.05599389280821538,0.0556593725402444,0.049643052335775636,15
8,5,0.7810065057039421,0.9886246735337849,0.6782566426424275,0.7236672194331434,0.9157796969510881,0.6473188622820477,0.7902717922600642,0.9886246735337849,0.6921073030837843,0.7267644166646087,0.9200544553021915,0.6499480792027548,0.7902717922600642,0.9886246735337849,0.6921073030837843,0.7253562746111585,0.921677018490194,0.6473354897902177,0.7899880833404194,0.9886246735337849,0.6916831871229469,0.7318303414799265,0.921677018490194,0.656382447165125,0.016069499847452158,0.01048336925970276,0.01088321708623994,0.011129027622049103,15
8,5,0.8406001066088677,1.0,0.8211594994459935,0.8227875857434581,0.9447408615625137,0.8158620850366911,0.8407987129249622,1.0,0.821382328032813,0.8187056019716566,0.9447408615625137,0.8115482929653031,0.8407987129249622,1.0,0.821382328032813,0.8217982443507734,0.9447408615625137,0.8148165607783289,0.8405008887559926,1.0,0.8210481808616796,0.8268528180303656,0.9780847158493036,0.8182646385969179,0.027653704111171157,0.02464786552921957,0.024813772779870253,0.023914252756081868,15
8,5,0.7862128589546596,0.7656711732573108,0.8109111062368134,0.7262648810532237,0.8597145046387561,0.596012622033383,0.7936025159014048,0.7537014905824365,0.8415774194540642,0.7057310408505553,0.8215244439064102,0.5927119710144141,0.7982100773462188,0.7679139998184026,0.8346364946074797,0.7160275602051768,0.8308683285005154,0.6039383006318464,0.8002309508110764,0.7658428359842707,0.8415774194540642,0.695746880023235,0.8094258951991787,0.5847915387342645,0.15228293783533492,0.08941433606740477,0.08600159971275102,0.09556860231671366,15
8,5,0.8333633009420717,0.8738373249256259,0.8018037017117917,0.8169824598788469,0.8720305762419915,0.7666936242186839,0.8690894777768405,0.8864564385052417,0.8555475991472521,0.8144960306165376,0.8813597447528003,0.753413135251968,0.8741582613967817,0.900210686228264,0.8538438966330345,0.8172558527005537,0.8871405754807458,0.753413135251968,0.8671444902066188,0.8850571110715704,0.8531771333682788,0.8198438161297845,0.8871405754807458,0.7583653152282019,0.0373492979180652,0.020595390117665334,0.021348900399371644,0.021386551640827478,16
8,5,0.7387511502298785,0.8890878708109712,0.6618799376810481,0.7403810217368814,0.9197163712788322,0.6479056931870035,0.7486819157547697,0.8973537836278543,0.6726619872161608,0.7287356523766785,0.9197163712788322,0.6302553205721718,0.7444864310397246,0.8973537836278543,0.6663212382168541,0.7388496296251259,0.9197163712788322,0.645584629719127,0.7595017659203078,0.8973537836278543,0.6890143180597839,0.7233712113068906,0.9197163712788322,0.6221246738899259,0.05712871879203663,0.04095820436576662,0.04668951187636103,0.03902345919212838,16
8,5,0.8026429494243196,0.9358410937092905,0.7287598989419968,0.8188850080653243,0.9666276573241865,0.7577381387631715,0.8020982866056074,0.9358410937092905,0.7279131196730383,0.8367583671468869,0.9666276573241865,0.7830088198586088,0.8001179822735802,0.9518262362930009,0.7159676463175364,0.8185612308314159,0.9666276573241865,0.7572803584888133,0.8050319580923638,0.9358410937092905,0.7324740555613983,0.8411248840177281,0.9666276573241865,0.7891825253628362,0.034147911343524476,0.03198256973797549,0.02846700239060857,0.03349976204944876,16
8,5,0.7496370149880768,0.8569658826349607,0.6662450862076102,0.7174787852980384,0.8330923592857109,0.6380944548795632,0.7339519368146413,0.8488824046386938,0.6446537489401384,0.7168118925871181,0.8350809605786687,0.6356042069504172,0.7402785573177091,0.8488824046386938,0.6558960002327592,0.7233523363757763,0.8492036922683724,0.6369383862209593,0.7284976641574717,0.8453623858964935,0.6376966078724762,0.7213023839957005,0.8350809605786687,0.6431780270843812,0.04363928953059983,0.03537237785861164,0.034176746114051484,0.03696802018494248,16
8,5,0.8055017716797612,0.8920839959342666,0.6635445134260541,0.8419483288913042,0.8778933515474298,0.7731417253259738,0.8050217911725045,0.8719608790454711,0.69527074855066,0.8499124040358574,0.877248980400487,0.7975842419214874,0.8212815423204315,0.8944569259042627,0.7013056822098213,0.8515238774790481,0.885310201034379,0.7868494942399138,0.8050217911725045,0.8719608790454711,0.69527074855066,0.8584714938484859,0.8902793950756865,0.7975842419214874,0.01208465994392515,0.010747346642201717,0.010751762103564861,0.012486674959613264,16
8,5,0.8635308008625511,0.9781451784959593,0.7716757918197674,0.8415085534074781,0.9428735445400604,0.7780786339092999,0.8728489825868109,0.9955024134814059,0.7745512625574216,0.85297846830455,0.9588532006739692,0.7867265436898718,0.8814165406483081,0.9882429994312604,0.7958029767994352,0.8463967127949011,0.9498704497817722,0.7816472294287139,0.8787063226152482,0.9864924404702803,0.7923236624752813,0.8582352683976371,0.9588532006739692,0.7952728267000578,0.007623609230630168,0.006766726293356848,0.006225314678765302,0.007458631574406299,16
8,5,0.8916454442255036,0.9530661712778773,0.8105773097211203,0.8311097343392366,0.9007267763519552,0.7672140862549887,0.8878735040371953,0.9383307754758183,0.821275841260874,0.8230480790249624,0.893601983348443,0.7582925635464504,0.8843850383585867,0.9383307754758183,0.8131830112508854,0.8347043254782857,0.893601983348443,0.7806471016799739,0.8848204509526438,0.9381057999785876,0.814490058440931,0.814350161564172,0.8908443378960018,0.74414256827832,0.015552986686160807,0.012041718145342554,0.010577622907611703,0.012971672766589077,16
8,5,0.8119994749498745,0.8634558131665124,0.7321235671439533,0.803363013241869,0.8819231969833534,0.6887764906383229,0.8293541097125631,0.8775210198793625,0.754584396026731,0.8153325477180526,0.8802082400203576,0.720705987183505,0.8119806097550961,0.8707181161141794,0.7208021115313182,0.8209410076746364,0.8896618436699776,0.720705987183505,0.8311554804893846,0.8775210198793625,0.7591820428519551,0.8045767312858849,0.8804282328056713,0.6939410456310376,0.01306781121287931,0.010225547767283297,0.00892085684942096,0.012547940198488289,16
8,5,0.8273445650141293,0.9967583115021741,0.7860537874086744,0.8296154147303706,0.9920345259098876,0.7895013152950058,0.8157798600971283,0.9967583115021741,0.7716704466448219,0.8317543539091832,0.9920345259098876,0.7921685273986114,0.817468926923131,0.9967583115021741,0.77377118539308,0.8317543539091832,0.9920345259098876,0.7921685273986114,0.8249450252368083,0.9967583115021741,0.7830694139602097,0.8317543539091832,0.9920345259098876,0.7921685273986114,0.009376356216388205,0.007198610098533505,0.007271402010001067,0.007133390733809962,17
8,5,0.7960825578046926,0.8855782948538254,0.7294517427838718,0.7919778828750567,0.8699528843843053,0.7364432141596207,0.7937217352279529,0.8824255251540738,0.7276805358022377,0.8107500363671579,0.8805752412246525,0.761019744033807,0.8023714590249909,0.8912143107760658,0.7362267261457229,0.8079019660414111,0.8779661166958055,0.7580014938373973,0.7983469542598748,0.8824255251540738,0.7357492944250742,0.8059889827218782,0.8694297138261026,0.7608057840460787,0.02264177428354238,0.012691841310532782,0.013222026779328724,0.012944152098804968,17
8,5,0.8708244589297117,0.973198927179485,0.7599282828386592,0.8172744563876861,0.9134916579136095,0.7139310876816248,0.8776100770983959,0.973198927179485,0.774064357817386,0.8145526199217109,0.9103703349992165,0.711638324964181,0.8776100770983959,0.973198927179485,0.774064357817386,0.821561451035337,0.9154215197866593,0.7207497922267945,0.884322396749733,0.9781619698309647,0.7826715652617902,0.8185845972372032,0.9103703349992165,0.7200009012964939,0.0140400707539225,0.008460383896124794,0.007514957320737611,0.008732583657400216,17
8,5,0.8093827213602417,0.8301121331040106,0.8046737124718317,0.7696572099114325,0.9207435644877253,0.7407016149377188,0.8123812418765808,0.8558895761259158,0.8024976457942358,0.7726363836533836,0.9207435644877253,0.7442517452592378,0.8076094751829723,0.8301121331040106,0.8024976457942358,0.7692184503697569,0.9207435644877253,0.7401787674344582,0.8119387459176154,0.8558895761259158,0.8019546299831102,0.770681622790581,0.9207435644877253,0.7419223558340313,0.01687662684424141,0.01894009895263267,0.018277225253732175,0.019672735345180232,17
8,5,0.7914367647004493,0.885383103951769,0.745906980779374,0.7690765655643723,0.9137682870435394,0.6743277675419173,0.787661748045018,0.885383103951769,0.7403024549169853,0.802321887244222,0.8970273328745237,0.740305712110498,0.7881377212083311,0.885383103951769,0.7410091018399211,0.7972864737096483,0.9020788308371779,0.7286650641481974,0.787661748045018,0.885383103951769,0.7403024549169853,0.8002222502580967,0.8936475023083088,0.7390443871004108,0.01251394147205219,0.014788335342599988,0.013385991027607251,0.015846413943236208,17
8,5,0.8417099285047898,0.90717623728993,0.7058573723168168,0.8133659555732379,0.8744976088032357,0.6581631487512191,0.8501985710784525,0.9080912795196568,0.7300623884781,0.8319067210099672,0.8729784639803504,0.7276325937244975,0.8519913262885139,0.9107479497671038,0.7300623884781,0.8284386908227721,0.8721613770577574,0.7174342722127053,0.846110772467307,0.9020336019924429,0.7300623884781,0.8320702559830239,0.8732064125002276,0.7276325937244975,0.014811258333812619,0.012011247351048276,0.00992319914608538,0.014922063472204861,17
8,5,0.7686138256208271,0.880485802836479,0.7208933846654701,0.7912081957674985,0.9237152620455789,0.7286003960691553,0.7864743683832739,0.9136253734508535,0.7322364601889347,0.7863874660569392,0.933691333319785,0.7167883776805546,0.7780378334241747,0.9048110378450774,0.7239610809893148,0.7916989317190889,0.933691333319785,0.7246094391523544,0.7891759198384326,0.9136253734508535,0.7360903934103981,0.7957773307974039,0.933691333319785,0.7306148267283935,0.03632215473704459,0.020478170489228172,0.02125801968022171,0.02206044251748961,17
8,5,0.8101183989404942,0.9528222985292021,0.7361410678871961,0.8423710291522218,0.9188354673163365,0.7936175573999644,0.8166269691999586,0.962774242982054,0.7408646019046323,0.861184006460092,0.9175087419316947,0.8252715422388237,0.820206753886091,0.962774242982054,0.7463001376780775,0.854140698957201,0.923525586010497,0.809901125474348,0.8175928046983382,0.965603196411529,0.7408646019046323,0.8660561447030334,0.923525586010497,0.8294138198436277,0.01719116073174725,0.015011931383033007,0.014479918029304217,0.015378764737862285,17
8,5,0.7590536896184743,0.915613724052086,0.6548209617667025,0.7944400801492412,0.8994135432821911,0.7134137309822473,0.7866074405102496,0.8973939718622275,0.7128492658022005,0.7847706261598968,0.8878846417397696,0.7051795373167673,0.7852648312717467,0.913443277530643,0.699927668734063,0.7938302847559566,0.8878846417397696,0.721232116207439,0.7853555044513757,0.9064921534662638,0.7047065481879011,0.7939455406352516,0.8878846417397696,0.7214363351716945,0.025549207176655,0.017259427103876523,0.0166054396527725,0.017478869793533705,18
8,5,0.8278609545318041,0.9363310630770004,0.7738708666942291,0.8251140430437157,0.9202191956550055,0.7753986494097977,0.8433785458237844,0.9302552089853803,0.8001364145302992,0.8331177586667919,0.9282885156005077,0.7833680709423442,0.8471173581393483,0.9456161047165486,0.7980904321878707,0.8425722241736814,0.9282885156005077,0.7977647762897438,0.8509542197186647,0.9362988473158381,0.8084746462929903,0.830613274652941,0.9304220701298672,0.7784390925080131,0.01604161546766852,0.014967163477100885,0.014030545079023706,0.015533439248598806,18
8,5,0.7850143616887312,0.8929953772872385,0.7453579833923437,0.8267480963068166,0.9267239549163792,0.7778830718296726,0.7817604174941111,0.8725826911058655,0.7484056428596747,0.813845139069382,0.9154222089453881,0.7641974933793169,0.7830305007764137,0.8756690650639951,0.7490086874987719,0.827950441368933,0.933645829294331,0.7762898926131977,0.7877492057712618,0.8725826911058655,0.7565938330607591,0.8160016091912626,0.9154222089453881,0.7674079776077576,0.02633508073079532,0.017388755183558702,0.017762487712418135,0.017940274948516816,18
8,5,0.7962575967227206,0.9863307710077952,0.7669096950836005,0.789445216552858,0.9447179908664317,0.7697808553250819,0.8087578856669705,1.0,0.7792294959727718,0.8008056602106397,0.9554369076141102,0.7812225445003305,0.806955085133034,1.0,0.777148337312056,0.7955648042202196,0.9554369076141102,0.7753179656789507,0.8055412749306703,1.0,0.7755162303252491,0.8028171898591753,0.9554369076141102,0.783488822257825,0.021938343320312463,0.02089418900488258,0.0201097038543669,0.021385597358622357,18
8,5,0.8134484157617166,0.9385841215035591,0.7970277491994956,0.804515012018712,0.9728490340041975,0.7793417587423926,0.8148115194566791,0.9385841215035591,0.7985697232746748,0.7892294446037779,0.9728490340041975,0.7617703345798452,0.8134484157617166,0.9385841215035591,0.7970277491994956,0.7930108276498461,0.9728490340041975,0.7661171987570046,0.8148115194566791,0.9385841215035591,0.7985697232746748,0.7871275744785632,0.9728490340041975,0.7593541435087405,0.012181706899268372,0.013025064089222032,0.01185074764568483,0.014048825023927325,18
8,5,0.7841105771056195,0.9014018081106431,0.7227257375734227,0.8073460484669212,0.9461597374862531,0.7179002619271054,0.7840313697155733,0.892807523316601,0.7271029303385267,0.8130310638969317,0.9470753083331274,0.7266585097242584,0.7897002088263299,0.8997693402778181,0.7320950842683952,0.807298338843382,0.9470753083331274,0.7172318543022141,0.7817497255982467,0.892807523316601,0.7236271785559335,0.805656783787969,0.9355341281873674,0.7219692072558815,0.022823892363083527,0.013993492151532404,0.013178359193940652,0.015161281183598094,18
8,5,0.8296659199180275,0.942969718592703,0.7654833551057807,0.8686771050864289,0.9582681245729123,0.8170651179264055,0.8396077887573243,0.9398645096131102,0.7828159286479771,0.860125601258821,0.9500494766117065,0.8083218610324596,0.8274115728234597,0.9398645096131102,0.7637109909519498,0.8615706361697602,0.9540028852162065,0.8083218610324596,0.8458059213168766,0.9449046542726661,0.7896700200925153,0.8558218419099025,0.9457126253939031,0.8040371653924016,0.018096771982391194,0.010326026875751834,0.009710042533101973,0.011456637822405044,18
8,5,0.8150015548561289,0.9526492036909378,0.7567216231404047,0.8791971908317988,0.9701016118523912,0.8329184829459805,0.8335123679189927,0.9661185601460957,0.7773669858983198,0.8958736153550407,0.9771515902639529,0.8544956535779304,0.8324137267733438,0.9661185601460957,0.7758031807524826,0.8995462940980099,0.9835481363652779,0.8567816334081095,0.8409817704009177,0.9661185601460957,0.7879989288979276,0.8944577047895109,0.9771515902639529,0.852358914358316,0.010111037054671753,0.008101398382083893,0.006659148740582672,0.007584225975534334,18
8,5,0.8303714841361228,0.8794574523425048,0.817845458679835,0.8106010701971452,0.893589642007476,0.796183431757881,0.8549208990134531,0.9067153332404639,0.8417037124053827,0.8325629111660133,0.893589642007476,0.8219607123185214,0.8495858482750932,0.9196314072609686,0.8317112399701698,0.824466102464392,0.9203537188927056,0.8078075077409415,0.861894875604487,0.9196314072609686,0.8471613521208281,0.8424895070568355,0.9203537188927056,0.8289621257666311,0.052776748191953646,0.04821772411113286,0.04199536609222486,0.04959583244692908,19
8,5,0.8034084630584631,0.8553386783776679,0.7829480502179472,0.8215880068789266,0.9029261539667083,0.793942603909191,0.807516260432429,0.8553386783776679,0.7886743124802232,0.8259545076441756,0.898364320345931,0.8013436882098119,0.804418370536421,0.8553386783776679,0.7843558594531524,0.8287803172562124,0.9029261539667083,0.8035794538510291,0.807516260432429,0.8553386783776679,0.7886743124802232,0.8259545076441756,0.898364320345931,0.8013436882098119,0.04458920753847104,0.019801617990056752,0.01998684358048314,0.019405442453594803,19
8,5,0.8111072881857829,0.9098078470998555,0.7453563434558277,0.7846613480941813,0.8815869884372072,0.7256831693720859,0.8363830943060617,0.9078351428295066,0.7887841774914451,0.79444448382351,0.9065207740289255,0.7262473024497162,0.8343751520029133,0.9178543381981377,0.7787641664318761,0.7899552471977643,0.9020902992484552,0.7217223098918929,0.842423792576279,0.9078351428295066,0.7988489828433779,0.7985413762328614,0.9065207740289255,0.7328371085181241,0.04055712690327556,0.030564149119959833,0.03040633109349604,0.03257333906043568,19
8,5,0.8138948236728735,0.8863490136781637,0.72024367351614,0.8359501225650128,0.9297162000957561,0.6823804668275608,0.840543613718118,0.903258351766901,0.7594812576332876,0.8397405933235512,0.918248895763594,0.7111600523033068,0.8381012336355547,0.895056078545368,0.7644838661318539,0.843134991569636,0.9237158350177589,0.7111600523033068,0.849202631157996,0.8987492104803013,0.7851608671202375,0.8380070530861765,0.9079936142996115,0.7233833811268646,0.023872532241092342,0.01515814706275262,0.013974640452579184,0.01721887612734963,19
8,5,0.8445824387131065,0.9794308463354818,0.7691896077256095,0.8310031012458452,0.9957607568081249,0.7567450768014893,0.8429811426697079,0.9794308463354818,0.7666930379145074,0.8387355010816571,0.9957607568081249,0.7679625513311699,0.8429811426697079,0.9794308463354818,0.7666930379145074,0.841695214601529,0.9957607568081249,0.7722562391550393,0.8429811426697079,0.9794308463354818,0.7666930379145074,0.8310679011763118,0.9957607568081249,0.7568390827485393,0.013250312736223069,0.008368587929287548,0.007806431443452687,0.010450759633958953,19
8,5,0.739360369541309,0.8032941545974225,0.7178317281349956,0.721014055380849,0.8268793078236939,0.6840123574746003,0.7546252483991087,0.7705597886601115,0.7492595563326604,0.7522118602711856,0.8196115268025572,0.7286545358193112,0.745915963592858,0.7617762306885549,0.7405752817825766,0.7441677256243076,0.813180238401054,0.7200466841060347,0.756322826068505,0.7705597886601115,0.7515287651180889,0.7437046043652503,0.8049002025534414,0.7223157068270887,0.039173203760142994,0.024127989670477676,0.023487910313701038,0.025511858861110584,19
8,5,0.7764308670415412,0.8616039724105483,0.6510547784504983,0.7706378527348073,0.8501865924057198,0.655204251781377,0.7778387621067508,0.8716280717279875,0.6397794916243603,0.7779038689001808,0.8501347334144148,0.6730892756665158,0.7851296029155392,0.8716280717279875,0.6578025594569912,0.7707467425301022,0.8465112882237209,0.6608044056659885,0.7759873658161653,0.8653079834026046,0.6445060770336729,0.7635551430233801,0.8427556863080649,0.64862681170549,0.023790930176814568,0.014186324527312508,0.013891247766525195,0.014261753948987703,19
8,5,0.8447390226663656,0.9777418512763801,0.789208931188422,0.8522986417710918,0.9220343880676157,0.8187026620130252,0.8513106861083337,0.9777418512763801,0.7985243338117933,0.8368455283207873,0.9220343880676157,0.7958048374318178,0.8433083736531806,0.9665544724393861,0.791851820349604,0.8449109732655571,0.9220343880676157,0.807755901151672,0.8370998161600625,0.9777418512763801,0.7783802749497544,0.8417168658597958,0.930252838844413,0.7990636655397724,0.015988685969260515,0.008244591738069948,0.008549920082137539,0.009108942186820198,19
14,3,0.8441935726794161,0.9385581593557032,0.8303758451106142,0.7739602492833689,0.9468438447824755,0.7514284813513887,0.8593051442889191,0.9761380000792343,0.8421974068499403,0.770677835685664,0.9468438447824755,0.7477182736577386,0.8549669223192324,0.9761380000792343,0.8372239426625796,0.770677835685664,0.9468438447824755,0.7477182736577386,0.8593051442889191,0.9761380000792343,0.8421974068499403,0.7748745095657888,0.9468438447824755,0.7524618963775159,0.04574439817766258,0.034977703127609276,0.03491758130307975,0.03512460532751429,0
14,3,0.8245310320037871,1.0,0.811172864166901,0.8383822464898399,0.9720860667040712,0.8281203951662609,0.8207186495361486,1.0,0.8070702512075542,0.844773343506906,0.9720860667040712,0.8350020128526587,0.8245310320037871,1.0,0.811172864166901,0.8412255732637935,0.9720860667040712,0.831181949037779,0.8235746910770815,1.0,0.8101437185570991,0.8406919971108828,0.9720860667040712,0.8306074205834144,0.01697478166516617,0.014335187929714355,0.014396521213509967,0.014448654895988214,0
14,3,0.8469660653887449,1.0,0.8317453235523532,0.8364716046871887,1.0,0.8279493456190253,0.8665047575173853,1.0,0.8532273323020176,0.8414839690961443,1.0,0.8332229286864007,0.863586222517021,1.0,0.8500185200641645,0.8414839690961443,1.0,0.8332229286864007,0.8629350810880093,1.0,0.8493026161652133,0.845220098074328,1.0,0.8371537654950089,0.019932344920300264,0.01927878359161964,0.019237248734183348,0.019902646532374127,0
14,3,0.8058928854406766,1.0,0.7901368976302208,0.8299557512725886,0.9341121019143698,0.8182041276812715,0.8121349546628681,1.0,0.796885645686932,0.8305889866200438,0.9341121019143698,0.8189088089213883,0.81037655875401,1.0,0.7949845179438039,0.8259091316571677,0.9341121019143698,0.8137009410851083,0.8173281678909292,1.0,0.8025004004154384,0.8316720008840186,0.9341121019143698,0.8201140161759571,0.03076474786162917,0.03180633745299506,0.030804133198464523,0.03391338946937013,0
14,3,0.7934746921674972,1.0,0.7816207888538301,0.7998199491864236,1.0,0.7848973034434776,0.8032634539546446,1.0,0.7919713947897804,0.8081207395380088,1.0,0.793816885494334,0.8068970959378718,1.0,0.7958135963979646,0.8065299126046468,1.0,0.7921074685882529,0.8065610650117186,1.0,0.7954582783531969,0.8050155258379229,1.0,0.7904801901665125,0.020058518163830762,0.021454128872514515,0.020072128662209598,0.021826362539150927,0
14,3,0.8380499730644302,1.0,0.828945285767481,0.8692064200761408,1.0,0.8641670336003989,0.8287202466316785,1.0,0.8190910503652428,0.8606516044859684,1.0,0.8552826068625489,0.8305779977880098,1.0,0.8210532426487168,0.8712786550472592,1.0,0.86631911035652,0.8379834466549435,1.0,0.8288750193020844,0.8608717448464414,1.0,0.8555112290793633,0.02185092285128436,0.021196645053818807,0.020560998501125468,0.02115416869789524,0
14,3,0.852243985454545,1.0,0.8347214382748246,0.8538999837157802,0.9716005280927837,0.8385247243486535,0.8578475695234252,1.0,0.84098955750002,0.8510414459805408,0.9716005280927837,0.8352927749242611,0.8604595588543319,1.0,0.8439113054991241,0.8552281187807749,0.9716005280927837,0.8400263541175761,0.8638809068852746,1.0,0.8477383949306784,0.857605326317686,0.9716005280927837,0.8427140970274796,0.026728476064761208,0.025414888080659174,0.02437954034857182,0.025828308359430636,0
14,3,0.8298417924642087,1.0,0.8081278393853238,0.8389252771803088,1.0,0.8257481675780536,0.8276664737851505,1.0,0.8056749274686974,0.853621165347171,1.0,0.841646288632158,0.8293340469742372,1.0,0.8075553003017615,0.8515700451595648,1.0,0.8394273715671374,0.8205694990788884,1.0,0.7976723051418736,0.8532502765343906,1.0,0.8412450583576588,0.016413687689508752,0.015672415073539107,0.015512861660385104,0.016247514342474446,0
14,3,0.8177560871190721,1.0,0.796811306253615,0.8301960527113965,1.0,0.8216216974791362,0.8247003026240115,1.0,0.8045536009357088,0.8439565362095944,1.0,0.8360770250935352,0.8274379328041664,1.0,0.8076058592606815,0.8439565362095944,1.0,0.8360770250935352,0.8276972739754417,1.0,0.8078950057841129,0.8454047326156908,1.0,0.8375983490719302,0.02819016300156831,0.029985651650710286,0.027983401856122983,0.030735678747203853,1
14,3,0.8617924275721465,1.0,0.8437184546796495,0.8660328163051423,0.9746149344457468,0.852776893524577,0.8585144522006797,1.0,0.8400118049818386,0.8559178822573414,0.9746149344457468,0.8414271080393184,0.8608383126524024,1.0,0.8426395662262064,0.8532463317264559,0.9746149344457468,0.838429409260929,0.8625444314163114,1.0,0.8445688011605869,0.8547432498499972,0.9746149344457468,0.8401090741515652,0.023320394302417655,0.024916123642073212,0.0235707861542615,0.029212941301012648,1
14,3,0.8915909795163263,1.0,0.854184733896121,0.8594718108989176,1.0,0.820039255446142,0.8948380793220938,1.0,0.8585522368966223,0.8567362176088121,1.0,0.8165360479513825,0.8914073117656837,1.0,0.8539376920741845,0.8614865704706453,1.0,0.8226193615084517,0.9047879717066215,1.0,0.8719353133166637,0.8552181010462174,1.0,0.8145919441479271,0.021339348668837913,0.017987977685902254,0.017898777524189596,0.01820011208429256,1
14,3,0.8473027246016969,1.0,0.8387445346914839,0.8772796092276809,1.0,0.865772505949573,0.8524551845008672,1.0,0.8441857733537779,0.8815822194657509,1.0,0.8704785583545342,0.8488348999327976,1.0,0.8403625835093584,0.8853701209537574,1.0,0.8746216393962847,0.8488425344187234,1.0,0.8403706458836029,0.8853701209537574,1.0,0.8746216393962847,0.03505761244442795,0.03176579922990251,0.03149840385636212,0.030877570386793937,1
14,3,0.8402815331179908,1.0,0.8239242847479428,0.7984278896094316,1.0,0.7817032014554952,0.8398328710058924,0.9596302317946162,0.8275640631294368,0.7974794968321661,1.0,0.7806761193525268,0.8445552723032218,0.9596302317946162,0.8327700997410253,0.7974794968321661,1.0,0.7806761193525268,0.8368645581985534,0.9596302317946162,0.82429175648358,0.7974794968321661,1.0,0.7806761193525268,0.031222756408131224,0.03098070433229994,0.030223497368222926,0.031842734987371675,1
14,3,0.8067728509206324,1.0,0.7981626315085192,0.8442359544189968,1.0,0.8375102708752387,0.8067728509206324,1.0,0.7981626315085192,0.8404499374760156,1.0,0.8335607787749781,0.8067728509206324,1.0,0.7981626315085192,0.8404499374760156,1.0,0.8335607787749781,0.8116257095358799,1.0,0.8032317339469162,0.8404499374760156,1.0,0.8335607787749781,0.032805422309932594,0.03261613128320227,0.03278440867401981,0.03352911734743812,1
14,3,0.8272858138087821,1.0,0.8229946383883238,0.8281585527443626,1.0,0.8211477175828055,0.8293586221817025,1.0,0.8251189467829699,0.8300067470360901,1.0,0.8230713150193083,0.8296250880532671,1.0,0.8253920331402264,0.8250050425361628,1.0,0.8178655495880061,0.8337408048201442,1.0,0.8296100070697434,0.8266203491775241,1.0,0.8195467579590072,0.03030594857387404,0.028587689483516827,0.028088332430471222,0.02822958867066386,1
14,3,0.8255228833336791,1.0,0.8050161489900401,0.8326494397160344,1.0,0.8154083682278304,0.8237260305869881,1.0,0.8030081076208235,0.839414449606752,1.0,0.8228703343698227,0.8282058022075355,1.0,0.8080143980668647,0.8412390658046492,1.0,0.8248829292530205,0.8285943414367232,1.0,0.8084486032888616,0.8412390658046492,1.0,0.8248829292530205,0.028705928821421336,0.03175102416221518,0.03078115334148698,0.03407248154377056,1
14,3,0.8098067412167388,1.0,0.8064078501507608,0.8253400475766159,1.0,0.8205396624190836,0.8116444669230672,1.0,0.8082784173443475,0.8334400725815406,1.0,0.8288623099500642,0.8138210473728206,1.0,0.810493894860655,0.8355881827946485,1.0,0.8310694592058413,0.8138210473728206,1.0,0.810493894860655,0.8488059057457032,1.0,0.8446504604023682,0.05359080912580882,0.05577577736050192,0.05799328568364055,0.06262399680885596,2
14,3,0.8377513542677274,1.0,0.8321086549281854,0.8176301794543084,1.0,0.8091084316243186,0.8386622380195826,1.0,0.8330512174846422,0.8186909061413087,1.0,0.8102187237784347,0.8431563482385733,1.0,0.8377016243103014,0.8214217605571885,1.0,0.8130771851230426,0.8422031090956295,1.0,0.8367152333228042,0.8261241471985551,1.0,0.8179993041359,0.039522785604704465,0.04378454520389152,0.04281515245810977,0.04721948508684566,2
14,3,0.8244311204877514,1.0,0.822581249950801,0.8383673667526758,1.0,0.8357085629756728,0.8225012680536579,1.0,0.8206310637470302,0.8423727267743198,1.0,0.83977980985531,0.8261280322758325,1.0,0.8242960411439868,0.8484290297493866,1.0,0.8459357370269343,0.8263351383506454,1.0,0.8245053293790258,0.8491708416392966,1.0,0.8466897514790069,0.08077461239313731,0.08270502485797171,0.08276136287348082,0.08575965031720724,2
14,3,0.8492845622418091,1.0,0.8489577787000934,0.861241372607877,0.8137733813760202,0.8617733609686612,0.8469950657008801,1.0,0.846663318037376,0.861241372607877,0.8137733813760202,0.8617733609686612,0.8492845622418091,1.0,0.8489577787000934,0.8633053400182159,1.0,0.8617733609686612,0.8451180740583879,1.0,0.8447822566725924,0.861241372607877,0.8137733813760202,0.8617733609686612,0.21234223177829017,0.20770011133315355,0.2055763825773208,0.2030429063151176,2
14,3,0.8469868261754188,1.0,0.8461500507917263,0.90719459934365,1.0,0.906956261072167,0.847646100469108,0.469976372779315,0.849711443755556,0.90719459934365,1.0,0.906956261072167,0.8469868261754188,1.0,0.8461500507917263,0.90719459934365,1.0,0.906956261072167,0.8485728743882877,1.0,0.847744772546021,0.9049619764397305,1.0,0.9047179044557693,0.16310307604620175,0.1557094616584077,0.15780783339138135,0.15674443619005177,2
14,3,0.9167934036604671,1.0,0.9055932292008715,0.8774485713184647,1.0,0.8577660967668875,0.9128762670760371,1.0,0.901148819358578,0.8809847264452955,1.0,0.8618701790410643,0.9092163922948401,1.0,0.8969963005100475,0.8730890878087587,1.0,0.8527064547673057,0.909980398775186,1.0,0.8978631474651224,0.8804731704437643,1.0,0.861276464160684,0.02806454995894863,0.02637284200878134,0.027420834229108945,0.028257378992263958,2
14,3,0.8832901807785639,1.0,0.8810839731909141,0.8745408205691368,1.0,0.8714082406517455,0.8899653580830563,1.0,0.8878853337670141,0.8745408205691368,1.0,0.8714082406517455,0.8864780970287137,1.0,0.8843321517657492,0.8776533246784728,1.0,0.8745984606198168,0.8983502301604066,1.0,0.8964287080896932,0.8776533246784728,1.0,0.8745984606198168,0.04848686853994985,0.050356963628696856,0.04989424383302949,0.053498757300016145,2
14,3,0.8936863798521334,1.0,0.8929215944138432,0.8881146570772473,1.0,0.8867955809784973,0.8936863798521334,1.0,0.8929215944138432,0.8881146570772473,1.0,0.8867955809784973,0.8936863798521334,1.0,0.8929215944138432,0.8881146570772473,1.0,0.8867955809784973,0.8936863798521334,1.0,0.8929215944138432,0.8881146570772473,1.0,0.8867955809784973,0.22978308943909223,0.2360672323715947,0.22843363304415026,0.23424058737553502,2
14,3,0.9427875728591858,1.0,0.9411049508177537,0.9439128984609252,1.0,0.9409732467469494,0.9427875728591858,1.0,0.9411049508177537,0.9477594037795016,1.0,0.9450213561000058,0.9427875728591858,1.0,0.9411049508177537,0.9477594037795016,1.0,0.9450213561000058,0.9427875728591858,1.0,0.9411049508177537,0.9477594037795016,1.0,0.9450213561000058,0.07826072500436933,0.08316465447673707,0.08049949259969179,0.08687549446408706,3
14,3,0.88695499210331,1.0,0.8859225769603388,0.9099181923519349,1.0,0.9094237225317848,0.8831934769615294,1.0,0.8821267087297738,0.9099181923519349,1.0,0.9094237225317848,0.8905748402489861,1.0,0.8895754843813458,0.9098201405114221,1.0,0.9093251324729879,0.8862658884057534,1.0,0.8852271798305849,0.9069682881128258,1.0,0.9064576259153616,0.07932016497141492,0.07107909227182392,0.07359239177214857,0.07077004842586469,3
14,3,0.8934150023328986,0.963114964950382,0.8830804493352432,0.8784202761253779,0.9729702158191483,0.8620597454239475,0.8957989763111825,0.963114964950382,0.8858178999080386,0.8813570676710881,0.9729702158191483,0.865504707238226,0.8982422539488709,0.963114964950382,0.8886234472125453,0.8756914870242261,0.9729702158191483,0.8588587779373655,0.8957989763111825,0.963114964950382,0.8858178999080386,0.8786282785699363,0.9729702158191483,0.8623037397516442,0.10672886146710656,0.10757998794729604,0.10245695485347628,0.10335484380201103,3
14,3,0.9512306086692429,1.0,0.9293112795746987,0.9165512374738638,1.0,0.8883264076619345,0.9540071995025439,1.0,0.9333358049541427,0.9216348130155563,1.0,0.8951293982093969,0.9540071995025439,1.0,0.9333358049541427,0.9216348130155563,1.0,0.8951293982093969,0.9558264828606452,1.0,0.935972762463065,0.9289441313644335,1.0,0.9049109433498178,0.05201685866037145,0.039996365430488554,0.04100726674460869,0.04105388550247137,3
14,3,0.7965491851635976,0.9379453541829428,0.6034913100103683,0.8184207919123888,0.9350895423417693,0.6386814451701709,0.798896233810534,0.9375499273640066,0.6095828482695285,0.8153756124102166,0.9245707701624595,0.6471500485846948,0.7956389697439111,0.9437553148005632,0.5934055779170957,0.8143777674019947,0.9281116108592595,0.6391599250041345,0.8008005659354879,0.9437553148005632,0.6056146549566759,0.8126016731115454,0.9189121671942644,0.6488202090267258,0.03277050474601405,0.0249339781927992,0.020958373436239408,0.028330813363833744,3
14,3,0.7734187913592306,1.0,0.7294507493904541,0.8111354790461922,0.9669314404355914,0.7719717682107999,0.7851791143690261,1.0,0.743493160922784,0.8237951961776818,0.9669314404355914,0.7878138624499752,0.7738163420916763,1.0,0.7299254447695973,0.8194465311339684,0.9669314404355914,0.7823720377455546,0.7931767648727267,0.9835076653283014,0.7562430885569054,0.8346417585935452,0.9669314404355914,0.801387014375763,0.02315091680245302,0.026018234087398315,0.02392299224125293,0.027721472554115664,3
14,3,0.8098243349897853,1.0,0.8062690339070422,0.8260147170274067,1.0,0.8196675269158336,0.8172669568489349,1.0,0.8138507942913699,0.8313361332236479,1.0,0.8251830747057548,0.8126139531119273,1.0,0.8091108034562848,0.8313361332236479,1.0,0.8251830747057548,0.8141644034853751,1.0,0.8106902392306311,0.8366641875869153,1.0,0.8307055028309329,0.046520855396361145,0.04493839732072201,0.04570730917130051,0.045688887166945115,3
14,3,0.7971200558780055,1.0,0.7858539209049958,0.8113482122453103,1.0,0.7982075026948711,0.7946245325543247,1.0,0.7832198185674333,0.8094889746784139,1.0,0.7962187582669868,0.793543717627184,1.0,0.7820789848597143,0.8094889746784139,1.0,0.7962187582669868,0.7909633108096742,1.0,0.7793552853593463,0.8049788318253395,1.0,0.7913944573665987,0.02117257096150963,0.021255965066732455,0.019848261805556072,0.0210883078478201,3
14,3,0.8297969727491612,1.0,0.8248945380729663,0.8531932388527046,1.0,0.8492423683182956,0.8255642623628406,1.0,0.820539911017434,0.8576763889142208,1.0,0.8538461691273723,0.8297969727491612,1.0,0.8248945380729663,0.8576763889142208,1.0,0.8538461691273723,0.8255642623628406,1.0,0.820539911017434,0.8542641714661506,1.0,0.850342121921141,0.01291450114039433,0.013152516376781083,0.01275997442355925,0.01398316367443575,4
14,3,0.8082932558114281,1.0,0.8015276121728017,0.8456423884487564,1.0,0.8431335676073436,0.8063227450677687,1.0,0.7994875588914808,0.8424288250844156,1.0,0.8398677732278773,0.8046343177939623,1.0,0.7977395442656872,0.8458380967679364,1.0,0.8433324568328947,0.8031288801726948,1.0,0.7961809772956907,0.8462454982360393,1.0,0.8437464799200012,0.01821877871656035,0.01855528313658277,0.018256089939577072,0.01939855921328492,4
14,3,0.827376389723979,1.0,0.7895890035384622,0.8668567323206174,1.0,0.8455693201180838,0.8314327561845617,1.0,0.7945333104476944,0.8651166125209121,1.0,0.8435509838670043,0.826792162209517,1.0,0.7888768883574528,0.8651166125209121,1.0,0.8435509838670043,0.8329320271747468,1.0,0.7963607725341744,0.8663871170722268,1.0,0.8450246211381361,0.03430885711496084,0.034329530070152346,0.032992684519490126,0.03567986510221706,4
14,3,0.8285002354212465,1.0,0.8168714756276101,0.8415249477227738,1.0,0.833402030056221,0.8382606341355303,1.0,0.8272936905981279,0.8265656066983623,1.0,0.8176759216842615,0.8373075934951524,1.0,0.8262760278242576,0.8315738761919725,1.0,0.8229408988436142,0.8365970459970455,1.0,0.8255173007487749,0.8206506657689281,1.0,0.8114578000492089,0.018006185308886962,0.015502311521007957,0.015430739381781917,0.01581467687187715,4
14,3,0.8299697828505466,1.0,0.8160821670322052,0.8651231639356426,1.0,0.8568203566180035,0.8256726869311622,1.0,0.8114340957493622,0.8624178799667336,1.0,0.8539485395942812,0.8256726869311622,1.0,0.8114340957493622,0.8598538058190909,1.0,0.8512266250478182,0.821460124669854,1.0,0.8068774626089086,0.8638326014226078,1.0,0.8554503490928392,0.017132699121557706,0.012600635781301486,0.01251914385419179,0.013430665462769314,4
14,3,0.7968589657471457,1.0,0.790375534822876,0.8265675962332472,1.0,0.8218383059679285,0.7968589657471457,1.0,0.790375534822876,0.819160904327104,1.0,0.8142296426010369,0.7968589657471457,1.0,0.790375534822876,0.8286386140760469,1.0,0.8239657979430733,0.7982416496323882,1.0,0.7918023483222707,0.8187661026007419,1.0,0.8138240751127946,0.020463874664802886,0.020691808649649333,0.019865174591213813,0.021174800798512958,4
14,3,0.8290352134905157,1.0,0.8001939166510199,0.8134549547440056,0.98007560439179,0.7718258193416822,0.8664918475248716,1.0,0.8439693834862655,0.8640359469145481,0.98007560439179,0.8350441585415542,0.8651985538863446,1.0,0.8424579147106771,0.8662089176219736,0.98007560439179,0.8377600324965419,0.876047639610072,1.0,0.8551372118374866,0.8752501449714983,0.98007560439179,0.8490601543968451,0.014447479988277862,0.015917671573926203,0.013697729961793411,0.015973527536592164,4
14,3,0.8811543393005524,1.0,0.8751254826333399,0.8254241104953562,1.0,0.8167268793586423,0.8811543393005524,1.0,0.8751254826333399,0.8254241104953562,1.0,0.8167268793586423,0.877137061159937,1.0,0.8709044141821691,0.8254241104953562,1.0,0.8167268793586423,0.8726097865374529,1.0,0.8661474779159073,0.8254241104953562,1.0,0.8167268793586423,0.01553323012185128,0.014282878292907057,0.014342976549698717,0.014481170099114113,4
14,3,0.8076587413710192,1.0,0.80328083086046,0.7536394352575642,1.0,0.7448574972286482,0.7977117717781926,1.0,0.7931074566832035,0.7514910810956756,1.0,0.7426325613576148,0.8112406416293931,1.0,0.806944259330205,0.7520432577200288,1.0,0.7432044212494633,0.7978403480481666,1.0,0.7932389594984631,0.7477288782027351,1.0,0.7387362483943694,0.019267448692797638,0.019533447803130842,0.018835573917469994,0.0202632169205385,5
14,3,0.7674431888668617,1.0,0.7622945617879238,0.824959869266818,1.0,0.8204509096980435,0.7695148862029272,1.0,0.7644121248930968,0.8219930873772702,1.0,0.8174077047646298,0.7733961572156903,1.0,0.7683793242299526,0.82377815821676,1.0,0.8192387582722594,0.7725424444474481,1.0,0.7675067109244406,0.8149222479647042,1.0,0.8101547235261006,0.019500543699841017,0.01970039601314181,0.01986009259023534,0.020974122789533502,5
14,3,0.6396240501120907,,0.6396240501120907,0.6541653532274492,0.0,0.6563037816914645,0.6413917137477859,,0.6413917137477859,0.6521162702601174,0.0,0.6542480003911794,0.6403982568967403,,0.6403982568967403,0.6536885471779915,0.0,0.6558254169907837,0.6438569108645167,,0.6438569108645167,0.6521162702601174,0.0,0.6542480003911794,0.2150359919105893,0.2262928502324655,0.21970704556873538,0.23264070556995992,5
14,3,0.7813535610109426,1.0,0.7769051493694082,0.7509945327026772,1.0,0.748220488838684,0.7891063747425231,1.0,0.7848156958636063,0.7573145557895057,1.0,0.754610920103512,0.7854048444396411,1.0,0.7810388570829508,0.7535766252873168,1.0,0.7508313472097478,0.7952293390177521,1.0,0.7910632332427403,0.7573145557895057,1.0,0.754610920103512,0.05524498887693948,0.05459622988440949,0.05174138469953728,0.052731243249584725,5
14,3,0.7573908771772447,1.0,0.7560268556391672,0.6947069876538029,1.0,0.6914245728787903,0.7433840684264673,1.0,0.7419412963921449,0.7080271624489227,1.0,0.7048879620181142,0.7579984690826629,1.0,0.7566378636092234,0.7112609732185612,1.0,0.7081565417075135,0.7434963872234898,1.0,0.7420542466792636,0.7098408560977806,1.0,0.7067211559325844,0.052319384974358646,0.054453082764037014,0.05014425315164813,0.0529432275238288,5
14,3,0.7857789078683963,1.0,0.784697639312577,0.7165011252458773,1.0,0.7132629619942098,0.781718671329786,1.0,0.7806169089651885,0.7148338858296615,1.0,0.7115766791394125,0.777486940129242,1.0,0.7763638183464925,0.71738314352685,1.0,0.7141550548096484,0.7844030745302052,1.0,0.7833148615352933,0.71738314352685,1.0,0.7141550548096484,0.059847665869711304,0.06147999304452385,0.05557610332501253,0.05749145215239641,5
14,3,0.7508959809119518,1.0,0.7455969297891342,0.7412261626965406,,0.7412261626965406,0.7523240039480444,1.0,0.7470553303642988,0.7384300153852179,,0.7384300153852179,0.7411670319464844,1.0,0.7356610223083926,0.7337362163183306,,0.7337362163183306,0.7456072832442407,1.0,0.7401957286001355,0.7394200530763629,,0.7394200530763629,0.04665361390197866,0.0480983274931219,0.04614400610849687,0.04889800795712708,5
14,3,0.6899649341356706,1.0,0.6855082207664672,0.7437122444536507,1.0,0.7401664132060027,0.6888243963962618,1.0,0.6843512879467887,0.7370356252012523,1.0,0.733397420577735,0.6945440821343588,1.0,0.6901531934164685,0.7428748329729195,1.0,0.7393174158428747,0.6952927019363323,1.0,0.6909125745298137,0.7421877213792869,1.0,0.7386207978186514,0.03129463307037147,0.029468868800370102,0.029813922464025224,0.029676717999803023,5
14,3,0.785236125466339,1.0,0.7787183609401465,0.80029740665326,1.0,0.7947443797170717,0.7855960338088525,1.0,0.7790891919661538,0.8047195621663046,1.0,0.7992894998259604,0.7855960338088525,1.0,0.7790891919661538,0.8064536551073882,1.0,0.8010718117944003,0.7829965749310093,1.0,0.776410843373278,0.8050543938990642,1.0,0.7996336420518886,0.048285430139306175,0.049282180878082275,0.04890746700385156,0.051686935215635756,6
14,3,0.9924885530781403,1.0,0.9904160154747159,0.9885056703265741,1.0,0.9854166006421814,0.9924885530781403,1.0,0.9904160154747159,0.9885056703265741,1.0,0.9854166006421814,0.9924885530781403,1.0,0.9904160154747159,0.9885056703265741,1.0,0.9854166006421814,0.9924885530781403,1.0,0.9904160154747159,0.9885056703265741,1.0,0.9854166006421814,0.16911540256680843,0.1262761959050101,0.11781359944684652,0.13301584133697353,6
14,3,0.8994117084551249,1.0,0.8762758093398042,0.8975064664424787,0.9799367107956167,0.8812780680244143,0.9059931740269441,1.0,0.8843710507314724,0.9062826301373753,0.9799367107956167,0.891782032991048,0.8994117084551249,1.0,0.8762758093398042,0.9039047505438279,0.9799367107956167,0.8889360099662019,0.9134995037614335,1.0,0.8936038804869509,0.9119468026821008,0.9799367107956167,0.8985613356616855,0.15557823645304134,0.10603044724123432,0.10142413761280362,0.09846530913493463,6
14,3,0.9451836041562729,1.0,0.9338868939157032,0.9507691879663916,1.0,0.9403878815770527,0.9439219001497786,1.0,0.9323651745552013,0.9484119277686468,1.0,0.937533545679328,0.9451836041562729,1.0,0.9338868939157032,0.9484119277686468,1.0,0.937533545679328,0.9439219001497786,1.0,0.9323651745552013,0.9484119277686468,1.0,0.937533545679328,0.2740417993945011,0.11244559535575097,0.1226863436222917,0.08891350265256683,6
14,3,0.7404760314298918,1.0,0.7346685690097265,0.7466694849387068,1.0,0.7412481181085186,0.7440321750936487,1.0,0.7383042897961738,0.7506163523763167,1.0,0.7452794499708121,0.7437404058226401,1.0,0.7380059914978616,0.7485329266460079,1.0,0.7431514381583855,0.7456593261066871,1.0,0.7399678521603956,0.7632406209846008,1.0,0.7581738826020594,0.058385031052341656,0.059207489506002936,0.059235261398622834,0.06119804293916456,6
14,3,0.7482881661851792,1.0,0.7456267482957412,0.6944329841795679,1.0,0.6882138199097332,0.7532730173054872,1.0,0.7506643056068814,0.704667669893858,1.0,0.6986568108023046,0.7573689675524898,1.0,0.754803563453278,0.6911259616496941,1.0,0.6848394899962331,0.760775584274054,1.0,0.7582461992628122,0.6885243812902689,1.0,0.682184960022554,0.03475738960997714,0.035172149928099666,0.036988497306864196,0.038197936614760016,6
14,3,0.7645226185579348,1.0,0.7594398815563826,0.7202718402756579,1.0,0.7147462185852197,0.7757298613587851,1.0,0.7708890306809759,0.7396046242473817,1.0,0.7344608934990494,0.7744620512139483,1.0,0.7695938550817814,0.736735957275182,1.0,0.7315355601960096,0.7805193860509139,1.0,0.775781936403688,0.747376443533716,1.0,0.742386233736814,0.041110275363941864,0.04826699712930516,0.0447420139315414,0.051491037979642384,6
14,3,0.9671929818444326,1.0,0.9613249754184301,0.9607384327611536,1.0,0.9528282487764553,0.9671929818444326,1.0,0.9613249754184301,0.9607384327611536,1.0,0.9528282487764553,0.9671929818444326,1.0,0.9613249754184301,0.9607384327611536,1.0,0.9528282487764553,0.9671929818444326,1.0,0.9613249754184301,0.9607384327611536,1.0,0.9528282487764553,0.10595878100145081,0.10513987571143345,0.09712248111299467,0.10965019959713133,6
14,3,0.8802905808341533,1.0,0.8688883472493769,0.8730052548881175,1.0,0.8667822853409867,0.8728782335588706,1.0,0.8607699793816198,0.8706771687866597,1.0,0.8643401188584887,0.8728782335588706,1.0,0.8607699793816198,0.8730396493960408,1.0,0.8668183652412876,0.8720590391425801,1.0,0.8598727573034209,0.8697052923526105,1.0,0.8633206187416853,0.0314713592499831,0.029537810630945148,0.026494366236996362,0.02781246577904772,7
14,3,0.84158030051645,1.0,0.8399263216599059,0.8600523651616687,1.0,0.8586850175220828,0.839069644785279,1.0,0.8373894534595221,0.8558081090887558,1.0,0.85439929327052,0.8369906984078656,1.0,0.8352888018689102,0.8533890338233077,1.0,0.8519565826156063,0.8369906984078656,1.0,0.8352888018689102,0.8533890338233077,1.0,0.8519565826156063,0.03429724122220321,0.03377110004898468,0.039633306252584814,0.039853757041325266,7
14,3,0.9208768506731283,1.0,0.9154008970776765,0.8794144242477814,1.0,0.8706194860449435,0.9207769820045943,1.0,0.9152941167000008,0.8797210249785987,1.0,0.8709484487743967,0.9213245414126097,1.0,0.9158795715903693,0.8764069258275796,1.0,0.8673926349983119,0.9227760264228616,1.0,0.9174315109509378,0.8821884103354161,1.0,0.8735957934804185,0.12130584090928166,0.1410131924248977,0.1261526846128657,0.14567728837142288,7
14,3,0.8075407239035371,1.0,0.8054643924278451,0.7874179525231184,0.6063945422226319,0.7896475465990183,0.8075407239035371,1.0,0.8054643924278451,0.7769987492301069,0.6063945422226319,0.7791000140810789,0.804352572986987,1.0,0.8022418464006433,0.76188707390417,0.6063945422226319,0.7638022141996067,0.8003329435804483,1.0,0.7981788515444017,0.76188707390417,0.6063945422226319,0.7638022141996067,0.034768611422318345,0.034761052557282936,0.03968112046586575,0.04033331955603354,7
14,3,0.8482127790282014,1.0,0.842896176971566,0.8768989270900227,1.0,0.8704823679835568,0.8516321772979042,1.0,0.8464353454021346,0.8768989270900227,1.0,0.8704823679835568,0.848083920797371,1.0,0.842762805265025,0.8734459711837337,1.0,0.8668494291157794,0.8481849059268871,1.0,0.8428673275681174,0.877382963201031,1.0,0.8709916341453074,0.04332261418223802,0.03758325760511886,0.03313095436430759,0.032239087278219766,7
14,3,0.8245878626213006,1.0,0.7970576872167614,0.8249859825876014,1.0,0.7982087252951319,0.8403921296489367,1.0,0.8153423655198824,0.8137027693105748,1.0,0.7851991731255308,0.8403921296489367,1.0,0.8153423655198824,0.8148497445569791,1.0,0.7865216363227584,0.8478495194086842,1.0,0.8239701603109683,0.8155315076867687,1.0,0.7873077096501472,0.046337312299347046,0.045639885796409804,0.03519141685644691,0.04015830293838564,7
14,3,0.7860768330928042,1.0,0.7835675397127931,0.8374948007568518,1.0,0.8340177173193283,0.7869327654073989,1.0,0.7844335120119387,0.8362984699569029,1.0,0.8327957889260122,0.7856780299789653,1.0,0.7831640586857207,0.8437149943351836,1.0,0.8403710028366883,0.787636833928349,1.0,0.7851458391731483,0.8277523773218125,1.0,0.8240668376667336,0.028268884911528028,0.03104169222332601,0.028029871545272624,0.031453971777844314,7
14,3,0.8773912930943737,1.0,0.8694689361636855,0.8754382152365259,1.0,0.8738595399001385,0.8977335130091983,1.0,0.8911255678441595,0.8754382152365259,1.0,0.8738595399001385,0.8911896586680764,1.0,0.88415888260382,0.8782387935819956,1.0,0.8766956123096183,0.9014885743301321,1.0,0.8951232623094418,0.8782387935819956,1.0,0.8766956123096183,0.0440837955883113,0.04596566446422712,0.051625416889802725,0.05677186167787795,7
14,3,0.7396727088185034,0.0,0.7418709284754466,0.7405843426529848,,0.7405843426529848,0.7348793507007436,0.0,0.7370633250652601,0.7400319421728689,,0.7400319421728689,0.7370997496116435,0.0,0.7392903227386584,0.7405843426529848,,0.7405843426529848,0.7348793507007436,0.0,0.7370633250652601,0.7447961841533424,,0.7447961841533424,0.060644588510250244,0.05311163478244169,0.05692879368472095,0.05299735586002054,8
14,3,0.7898654133448284,1.0,0.7824606962105843,0.7955176575765169,0.8620276229378694,0.7935757071356677,0.7851279319089464,1.0,0.777556275526291,0.7994976583821783,0.8620276229378694,0.7976719155543861,0.7851279319089464,1.0,0.777556275526291,0.7950614273667659,0.8620276229378694,0.7931061559678897,0.7746140495941312,0.8885799258598931,0.7705981229913914,0.8043827155053831,0.8620276229378694,0.8026996060225706,0.04771154542175456,0.04593428738801973,0.045511656488945444,0.04539950288917907,8
14,3,0.7911152865544224,0.7851212724689102,0.7913416342419739,0.8125240486391995,0.9358289595011032,0.8087505015524864,0.7798463845175692,0.7851212724689102,0.7796471926783699,0.8185719198429225,0.9358289595011032,0.8149834580589936,0.7869232608448782,0.7851212724689102,0.7869913080493185,0.8100178317497337,0.9358289595011032,0.806167585954301,0.7768599430810788,0.7851212724689102,0.7765479763795727,0.8239578612912484,0.9358289595011032,0.8205342275220308,0.09536699259392098,0.0718579245704577,0.08104833600920691,0.06908474546154805,8
14,3,0.8608598849940324,1.0,0.8569685881735607,0.8663533113634543,1.0,0.8638041071056205,0.8662537905777494,1.0,0.8625133437666147,0.8722266482763122,1.0,0.8697894732473257,0.8595915765942923,1.0,0.8556648093097988,0.8684343555586901,1.0,0.8659248455632234,0.8662537905777494,1.0,0.8625133437666147,0.8722266482763122,1.0,0.8697894732473257,0.07254026024040701,0.05587326922773056,0.0601778977935206,0.05145849886397491,8
14,3,0.778476525958874,1.0,0.7738361778776657,0.7508170480808604,0.9220254563745068,0.7438913026250679,0.7767987620552466,1.0,0.7721232691274499,0.7449693217203741,0.9220254563745068,0.7378070232548815,0.7858569336798613,1.0,0.7813711861932622,0.7543788453636882,0.9220254563745068,0.747597182208478,0.7831410690753141,1.0,0.7785984311974772,0.741335958502969,0.9220254563745068,0.7340266827421261,0.06936715641244101,0.07319337275295917,0.06863024495518931,0.07214013867730862,8
14,3,0.7585057208190997,1.0,0.7551233527385545,0.6939316641320985,1.0,0.6904461636405393,0.7586012136558733,1.0,0.7552201830476861,0.6946940734575979,1.0,0.691217255269196,0.7638234689976026,1.0,0.7605155812805691,0.7014466722516766,1.0,0.6980467525322042,0.7585647142419476,1.0,0.755183172423089,0.6928802440644833,1.0,0.6893827700208346,0.06047013249224771,0.054586210330930654,0.05571274399036291,0.052550587319767084,8
14,3,0.8274702703552731,1.0,0.801646578937161,0.8567248618480234,1.0,0.8364518348059501,0.8228804931425263,1.0,0.7963698187292869,0.853633775949696,1.0,0.8329233689908105,0.8286562493048524,1.0,0.8030100713766494,0.853633775949696,1.0,0.8329233689908105,0.8261011873045518,1.0,0.8000725759674183,0.8543244866998576,1.0,0.8337118133596371,0.018078459207065762,0.017063711497343755,0.01704611472894642,0.017479338180596493,8
14,3,0.8786704189744524,1.0,0.8493661340010755,0.8843700242080065,1.0,0.8570573004447184,0.876844299548049,1.0,0.847098958703429,0.8856553163594543,1.0,0.8586461888673507,0.8801604094896345,1.0,0.85121599641473,0.8879879387183237,1.0,0.8615297952569225,0.8844038220308378,1.0,0.8564843046929492,0.88531396420316,1.0,0.8582242066055238,0.01903734728958032,0.016850901083697828,0.01751906425977045,0.01708389362147621,8
14,3,0.827241333919695,1.0,0.8001988093510067,0.8244028581017018,0.9882861966660715,0.803206450423796,0.8368452604279161,1.0,0.8113060724179492,0.8416246397090638,0.9882861966660715,0.8226556695918477,0.8419271161476541,1.0,0.8171834089738942,0.8354627702973176,0.9882861966660715,0.8156968338914382,0.8464351964901129,1.0,0.8223971550649057,0.8444096813425928,0.9882861966660715,0.8258009240351798,0.03163455508985427,0.028851960177836415,0.028723713008793585,0.027269898714403325,9
14,3,0.7423642974155834,1.0,0.7413621521695326,0.781744147196247,1.0,0.7789980301710255,0.7472425660446714,1.0,0.7462593961722452,0.7901917845768719,1.0,0.7875519565722464,0.7415172163107935,1.0,0.7405117761087499,0.7834845649338937,1.0,0.780760346019165,0.7479389017042425,1.0,0.7469584404217513,0.7834827196861198,1.0,0.7807584775542986,0.08366843193055079,0.08137572324863918,0.07374788068284557,0.07379931517262354,9
14,3,0.8249174952373942,1.0,0.8188323928633691,0.8081039280185602,1.0,0.7988010665208749,0.8289333604972562,1.0,0.8229878320415941,0.8029198212721566,1.0,0.7933656413052965,0.8351337704714155,1.0,0.8294037411571716,0.8111589329536392,1.0,0.8020041739548344,0.8319032864150285,1.0,0.8260609795992295,0.8064298956876653,1.0,0.7970458793713526,0.04561193610944468,0.04733786086744193,0.04416130112653546,0.04681705176917436,9
14,3,0.7793678945382586,1.0,0.7767976267813365,0.779336430783165,1.0,0.7687464545856366,0.7917664733017002,1.0,0.789340643577315,0.7660197616225707,1.0,0.7547906984659146,0.7908476145927893,1.0,0.7884110805653847,0.774786725788881,1.0,0.7639784024134915,0.8065510791063109,1.0,0.8042974835883611,0.7766230252237439,1.0,0.7659028286169723,0.05642275788604741,0.05395680111249532,0.05206377351150475,0.05271199659105945,9
14,3,0.7849481266358713,1.0,0.7790128017759709,0.8139932831753316,1.0,0.8108412963590113,0.7820522551998353,1.0,0.7760370057270659,0.8076293611264294,1.0,0.8043695341270195,0.7803998755492738,1.0,0.7743390212191061,0.8105533053521007,1.0,0.8073430262067054,0.7803998755492738,1.0,0.7743390212191061,0.8100999745851669,1.0,0.8068820134988977,0.06634709855691197,0.06426065055456841,0.06205937737032116,0.0636355707034701,9
14,3,0.8095051814439043,1.0,0.8030435630231967,0.8082005420459303,1.0,0.8006061910364686,0.8093802602750358,1.0,0.8029144045058692,0.8000314528537478,1.0,0.7921136445654449,0.8088595408764656,1.0,0.802376022211881,0.7977356629034331,1.0,0.7897269521959438,0.819328354581129,1.0,0.8131999399555399,0.7977356629034331,1.0,0.7897269521959438,0.06563016839342004,0.07597165427578446,0.06340241599357922,0.07249476335203668,9
14,3,0.7599793296076771,1.0,0.7575151549121307,0.7458849745616506,1.0,0.7421154435790907,0.7643466845723417,1.0,0.7619273473717195,0.7464162468713929,1.0,0.742654596758641,0.7645498848603149,1.0,0.7621326338175514,0.7441080591800665,1.0,0.7403121695137855,0.7661119703198215,1.0,0.7637107564435873,0.7504217160769308,1.0,0.7467194829161827,0.06683353898500481,0.06807850659424022,0.060740258967290094,0.06529899015234555,9
14,3,0.7832598754196917,1.0,0.7813946906346256,0.788321253385315,1.0,0.7825827441552976,0.7807476836185351,1.0,0.7788608798465199,0.7768114581189349,1.0,0.7707609238631273,0.779928102215588,1.0,0.7780342454312804,0.7815880205819306,1.0,0.7756669766420852,0.780809643063276,1.0,0.778923372491165,0.7691656274827021,1.0,0.7629078184277998,0.09051607946632652,0.09832012554735511,0.08121350828327871,0.0857454275504876,9
14,3,0.7091652604090304,0.8449959683132434,0.701879580191389,0.7298416622531478,0.8879563656344587,0.7231666945847638,0.7115860632680083,0.8449959683132434,0.7044302299441408,0.7350292210143863,0.8879563656344587,0.7285732512397377,0.7086884250158085,0.8449959683132434,0.7013771683269476,0.7273208029655355,0.8879563656344587,0.7205394147437083,0.716193789452518,0.8449959683132434,0.7092851050983406,0.7350292210143863,0.8879563656344587,0.7285732512397377,0.04788483149834312,0.04371999962137181,0.04596774261342457,0.04389939719137946,10
14,3,0.7235244051195555,1.0,0.7135745576759955,0.7457627814537556,0.8419193898242876,0.7385951896008119,0.7139577762344179,1.0,0.7036636434372179,0.7471195999543679,0.7879908013519472,0.7440730273357865,0.7142580350343757,1.0,0.7039747079983656,0.7471195999543679,0.7879908013519472,0.7440730273357865,0.7200213666597809,1.0,0.7099454513139933,0.7471195999543679,0.7879908013519472,0.7440730273357865,0.06067570222017296,0.05728384047553572,0.05904984387000629,0.05714139070363425,10
14,3,0.6635929231999745,0.7587785024730203,0.6609185833499359,0.6189635785759336,0.7924099913994049,0.6121059286307086,0.6826862717530231,0.8161575571962686,0.6789362543635946,0.6276239710738664,0.7924099913994049,0.6211087320160864,0.6656647962242884,0.7587785024730203,0.6630486678453095,0.6289883607539916,0.7924099913994049,0.6225270663507182,0.6793045094468247,0.7587785024730203,0.6770716032837812,0.6211428684457029,0.7924099913994049,0.6143713823294826,0.24942232976110698,0.22646190890674522,0.2406669578967086,0.227228497587991,10
14,3,0.7906793287118371,0.9780264514134251,0.7739688683050467,0.744497657215754,0.9202482534713214,0.7320023282206628,0.8005209303476647,0.9780264514134251,0.7846882933742072,0.7456101698349953,0.9202482534713214,0.7331939370790338,0.7922336407384453,0.9780264514134251,0.7756618174732662,0.7466019741163605,0.9202482534713214,0.7342562556064864,0.7951057778421258,0.9780264514134251,0.7787901353640431,0.7389092860371305,0.9202482534713214,0.7260166409707922,0.03681023855657055,0.031605546829927986,0.03433508422382444,0.031050948066155923,10
14,3,0.6506693048578173,0.8196021273067394,0.6492483712147994,0.6217657590305583,0.8041900988000146,0.6198712026020219,0.6587367148878277,0.8196021273067394,0.6573836381251809,0.6048586478683973,0.8041900988000146,0.6027885037075399,0.6443905350522446,0.8196021273067394,0.6429167892018407,0.6138388530007246,0.8041900988000146,0.6118619721915918,0.6534605038256474,0.8196021273067394,0.6520630476126531,0.6064228044833001,0.8041900988000146,0.6043689047719155,0.1758920406645886,0.18082290300945575,0.17817567213765498,0.18312186304891565,10
14,3,0.7382052488819657,1.0,0.7337148378288252,0.7321533717740912,1.0,0.7208395548584843,0.7469808929159507,1.0,0.7426410053121931,0.7250518312129691,1.0,0.7134380458778997,0.7439801098676391,1.0,0.7395887516010409,0.729303096160213,1.0,0.717868883865101,0.7469808929159507,1.0,0.7426410053121931,0.7242513324259217,1.0,0.7126037340957894,0.0833354350342379,0.08613447771713172,0.08181191079039067,0.08568228669669431,10
14,3,0.7615044494791607,0.8955799295065804,0.7529740821932319,0.7011355190885037,0.7926608833420716,0.6960427465144237,0.7746052020327322,0.8955799295065804,0.7669083520385644,0.6950311261773939,0.7489246221137401,0.6920323146428611,0.7677585535684364,0.8955799295065804,0.7596260950195491,0.708715413019782,0.7489246221137401,0.7064780402546561,0.7790950473924554,0.8955799295065804,0.7716838576097419,0.6946584556863473,0.7489246221137401,0.6916389075388389,0.044462723669846264,0.04687505909803877,0.045430077658750075,0.04810242730495948,10
14,3,0.7629739959983323,1.0,0.7599585264749791,0.7532676986231127,1.0,0.7509617660558625,0.7647249229512241,1.0,0.7617317289030292,0.7580540361235373,1.0,0.7557928361326804,0.7678808731190631,1.0,0.7649278293977846,0.7580540361235373,1.0,0.7557928361326804,0.7679951599466621,1.0,0.7650435701943143,0.7540600278934202,1.0,0.751761500347151,0.06990984800578146,0.06854870170909326,0.06716899587409389,0.06767345747886241,10
14,3,0.6383900688308585,0.8345879576993877,0.6194029576208522,0.6624625789936843,0.8814723350862724,0.6453194234721273,0.6725073313503099,0.8056095423116656,0.6596263238308335,0.6380621639105561,0.8814723350862724,0.6190090473077048,0.6625956866720323,0.7902369704785178,0.650243162062322,0.6453198702571589,0.8814723350862724,0.6268348561482303,0.6842360081154594,0.8056095423116656,0.6724900469074919,0.6320335181700789,0.8814723350862724,0.6125085047286699,0.18906503438931038,0.1818037609317903,0.15713008524717992,0.16746230849820956,11
14,3,0.6643522208346118,0.9164392009294651,0.6552275457946373,0.6365777070988557,1.0,0.6193823821376969,0.662336010770768,0.9164392009294651,0.6531383559139144,0.6287464918917375,1.0,0.6111806330008843,0.6643522208346118,0.9164392009294651,0.6552275457946373,0.6360768124289546,1.0,0.6188577876376299,0.6531860202152072,0.9164392009294651,0.6436571674106971,0.6340404053085178,1.0,0.616725027918926,0.22007677824180077,0.2535573854820338,0.22216894763994552,0.25079590169236105,11
14,3,0.6415585410013858,1.0,0.6247413829701942,0.7062750377135871,0.9607894030027399,0.6925761391257537,0.6727918776201376,1.0,0.6574401079935864,0.6938098574899682,0.9607894030027399,0.6794400370876886,0.6553942996177995,1.0,0.6392262800534126,0.6976470034229814,0.9607894030027399,0.6834837123179511,0.6739195512601696,1.0,0.6586206892014678,0.6901633812801581,0.9607894030027399,0.6755972941259236,0.10930076868446224,0.13404364541617741,0.12354589927300125,0.14360729045877466,11
14,3,0.6762462207346674,0.8741324679877839,0.6551143019958838,0.6581796958129241,0.9173230609136233,0.635273887052779,0.6863751365082378,0.929333202312971,0.6604300788057158,0.644731383867362,0.8611210899630005,0.6256045919328487,0.6737400047900598,0.902934223315419,0.6492647637437134,0.6552172385032478,0.9173230609136233,0.632049576692884,0.6886034213306433,0.929333202312971,0.6628963181825562,0.6502524785674819,0.8611210899630005,0.6316136988932803,0.10315602862533235,0.11615146466236942,0.09695456587821344,0.11172553606548224,11
14,3,0.8738938451336444,1.0,0.8423036902694458,0.8880681443144225,0.9750495120397935,0.8664531169470512,0.8778332291126612,1.0,0.8472299075247492,0.8772892423018899,0.9750495120397935,0.8529956382682293,0.8747536877503767,1.0,0.843378927300909,0.8896458724876246,0.9750495120397935,0.8684229134279132,0.8730252835061327,0.9759990008661196,0.8472299075247492,0.8821542394037901,0.9750495120397935,0.8590695959584682,0.04191244637791256,0.03234988699385186,0.032980317755745295,0.03166514059851246,11
14,3,0.8420346661359999,0.9586029626639859,0.8152485257668985,0.8680358713621016,0.9557368144875714,0.8499287136894932,0.8428617722141947,0.9586029626639859,0.8162656919229239,0.8719231634990975,0.9301737400680521,0.859896469864282,0.8428617722141947,0.9586029626639859,0.8162656919229239,0.8797213526641511,0.9557368144875714,0.8640268355501945,0.842044966476447,0.9586029626639859,0.8152611930147577,0.8622540638053602,0.9301737400680521,0.8482310414371559,0.035846221244746464,0.043769243521680226,0.03783089278869084,0.043120362455693464,11
14,3,0.7053633840903116,0.9352188250484615,0.6808848345667499,0.6938181519025031,0.9614023682698307,0.6590087384606618,0.706881417982632,0.9352188250484615,0.6825645321014737,0.6938584100850568,0.9614023682698307,0.659054233737316,0.7080828919600739,0.9352188250484615,0.6838939575432599,0.6864505708633498,0.9614023682698307,0.6506827257997192,0.7039436944532568,0.9352188250484615,0.6793139544991187,0.6944263388428397,0.9614023682698307,0.6596960430370963,0.1401282389601207,0.14639827043450482,0.14455213813610407,0.15219814028864573,11
14,3,0.6445381800612215,0.9397265440378204,0.6168989320008437,0.66246421696546,0.9429287154770709,0.6374453028213823,0.6631943615871148,0.9715706900276172,0.6343202903910318,0.6562071764347862,0.9429287154770709,0.6306301012376564,0.6545790210903686,0.9715706900276172,0.6248982733373021,0.6462079971983464,0.9429287154770709,0.6197389424167938,0.6671380046753029,0.9715706900276172,0.6386331869555686,0.657776663130761,0.9429287154770709,0.632339594433938,0.2182670015525031,0.22958252005018998,0.21292995158564262,0.2251039565354779,11
14,3,0.7224224879191589,0.6479558469734762,0.7233438202657508,0.617564691512189,1.0,0.605762766306857,0.7212385718170419,0.6479558469734762,0.722145256259731,0.6299245949896044,1.0,0.6185040954872556,0.7172477873018216,0.6479558469734762,0.7181050960936762,0.617564691512189,1.0,0.605762766306857,0.7181498560866407,0.6479558469734762,0.7190183256498119,0.6377190828955499,1.0,0.626539120710855,0.17589857166888037,0.1776783466964615,0.17218439486787823,0.1762839030732146,12
14,3,0.6851501767017439,1.0,0.6649758861364578,0.6750941799845693,1.0,0.6554559704450934,0.6769838744202176,1.0,0.6562863205627827,0.66734041107593,1.0,0.6472335422229911,0.6897672022248836,1.0,0.6698887517953019,0.6715716653800485,1.0,0.6517205452811182,0.6880984774957756,1.0,0.6681131020020291,0.6650553645723158,1.0,0.6448103811665404,0.16000462755642575,0.15897938051525334,0.1581224847900967,0.1600270885288756,12
14,3,0.7547444956743476,0.9733185535773416,0.7206412476099792,0.7464307114393378,0.8984347065503622,0.7180318471051983,0.7594171387209624,0.9733185535773416,0.7260429447193851,0.7522736829431316,0.8984347065503622,0.724966459357798,0.7571550381115497,0.9733185535773416,0.723427897474999,0.7512521321734592,0.9291373055950392,0.7180178944590853,0.7630512057168146,0.9733185535773416,0.7302440208536096,0.746790107633152,0.8984347065503622,0.7184583891904273,0.08767017435097754,0.08421665481879428,0.08256226669414934,0.08590475728234488,12
14,3,0.7277227780246238,1.0,0.7074167231775096,0.7606408665202167,1.0,0.7517560826899242,0.7436200229174469,1.0,0.7244995623861908,0.7631370765669936,1.0,0.754344949684185,0.7424992326127229,1.0,0.7232951851062701,0.7656979112094052,1.0,0.7570008400777276,0.7477046621442646,1.0,0.7288888283003556,0.7767867088100782,1.0,0.7685012433196292,0.10138975354515427,0.10098393647595591,0.09851281645659497,0.09992364615366574,12
14,3,0.7193193425390598,0.9768823045673873,0.6940433437802851,0.7469752708093471,0.9671807767808419,0.7257319756091426,0.7362876820736657,0.9768823045673873,0.7126768751019306,0.7521950906902803,0.9671807767808419,0.731455353174219,0.7269134732573624,0.9768823045673873,0.7023827262114046,0.7475085381772597,0.9671807767808419,0.7263166874496503,0.7421133172870867,0.9768823045673873,0.7190742103271232,0.7520690471357999,0.9671807767808419,0.7313171501579481,0.08830458663183827,0.08286722362748648,0.08235063369076273,0.08058644566286521,12
14,3,0.8005475406417534,1.0,0.7931251571342346,0.7864600593205059,1.0,0.7781697923093304,0.8028622352871952,1.0,0.795525990358346,0.7834692334808646,1.0,0.7750628535555633,0.8029677449013096,1.0,0.7956354263859134,0.7941283549332995,1.0,0.7861357943743615,0.8030615730862444,1.0,0.7957327462739571,0.772645690620439,1.0,0.7638191079919137,0.03650797991565637,0.03514110692866119,0.03413458988785092,0.03424346568865505,12
14,3,0.7126367961738491,0.9445049024221446,0.6934762460294667,0.6858088819575032,0.8881070151345958,0.6705865722757945,0.7007481765515731,0.9445049024221446,0.6806052037009985,0.6852563262911959,0.8881070151345958,0.669992438502281,0.7107965590104487,0.9445049024221446,0.6914839398427867,0.6893111736271074,0.8881070151345958,0.6743524005759801,0.7067611063060681,0.9445049024221446,0.6871150152558405,0.6822369167683058,0.8881070151345958,0.6667458277388675,0.12331127897336687,0.1251015946970461,0.12178214331305613,0.1274117096958416,12
14,3,0.7033120270890586,0.9362151913436608,0.670051570382019,0.6743423993070566,0.9384236567469898,0.6292885633113132,0.7017815053453657,0.9362151913436608,0.6683024777470364,0.6767634018989376,0.9384236567469898,0.6321226033704394,0.7029891907061583,0.9362151913436608,0.6696826303509725,0.6710251516572315,0.9384236567469898,0.6254053734472572,0.6946847508135291,0.9362151913436608,0.66019224923505,0.6785316829325088,0.9384236567469898,0.6341925636842941,0.09633763688623131,0.09062746069508044,0.08971768359086443,0.09164984129622873,12
14,3,0.8291233060639571,0.9036096393084108,0.8163656988868689,0.7522756145705785,0.8766883486632745,0.7270343912477568,0.8299537250790121,0.9036096393084108,0.8173383474778072,0.7567988152330367,0.8766883486632745,0.7324752722335972,0.8239958765105473,0.9036096393084108,0.8103600715591651,0.752231942237629,0.8766883486632745,0.72698185854278,0.831143498042466,0.9191030059336653,0.8160782800314897,0.7593843120911761,0.8766883486632745,0.7355853223384173,0.04745059413807674,0.04646085033048945,0.04470314726151194,0.045195137104288095,13
14,3,0.8113827150503794,1.0,0.7929237407414741,0.8049598798072831,1.0,0.779687572815082,0.8153873085455353,1.0,0.7973202425840777,0.8023937828979674,1.0,0.7767889741169043,0.8153873085455353,1.0,0.7973202425840777,0.8080606295919018,1.0,0.7831901019894256,0.8178411370005061,1.0,0.8000142142285812,0.8011114733933942,1.0,0.7753405094672943,0.030706763967744008,0.029958512108767908,0.02738193927597669,0.029541376459225076,13
14,3,0.7896323573496696,1.0,0.7848959613007,0.8045925067414984,1.0,0.7985200051495333,0.7839760683235993,1.0,0.7791123217721599,0.8018771308692573,1.0,0.7957202460019529,0.7850773897228647,1.0,0.7802384392582111,0.7982179766006803,1.0,0.791947379512055,0.7871863231706269,1.0,0.7823948550275114,0.7982179766006803,1.0,0.791947379512055,0.05017886516328873,0.05546351769293827,0.051438909715288327,0.056320075827037464,13
14,3,0.8506299086388944,0.9171859626418392,0.8414055632527228,0.8112740630856119,0.961585618243927,0.7908884689180901,0.8479953743217349,0.9171859626418392,0.838405895292392,0.8073384782394171,0.9305962521783132,0.7906219792659082,0.8503873523259694,0.9171859626418392,0.841129389814511,0.8158920325310628,0.961585618243927,0.7961327378579067,0.8490169502572118,0.9171859626418392,0.8395690566840412,0.8056112793218245,0.9305962521783132,0.7886605337120971,0.061624622928282996,0.05015327538003656,0.046119103524624616,0.04691924928137829,13
14,3,0.8508346666503127,1.0,0.8396851921950149,0.777282371769325,0.9773773580477044,0.761244371033841,0.8501263806220694,1.0,0.8389239647976101,0.7832846089335411,0.9773773580477044,0.7677276991331409,0.8495116986158847,1.0,0.8382633379249329,0.7787923943152656,0.9773773580477044,0.7628754248117618,0.8501263806220694,1.0,0.8389239647976101,0.7849616146950572,0.9773773580477044,0.7695391201548134,0.031109960630737107,0.031596978206403746,0.02981085028406566,0.032452260279960246,13
14,3,0.824956393072183,0.9390830581500794,0.8067699207774635,0.7677713056848281,0.9570635537529064,0.735486715131132,0.8209350426234537,0.9390830581500794,0.8021077544556579,0.7668948185410496,0.9570635537529064,0.7344607394116127,0.8230764737398293,0.9390830581500794,0.8045904299047442,0.7645226591632042,0.9661057719520852,0.7301418098397391,0.8213289801138857,0.9390830581500794,0.8025644672252125,0.7710877678641843,0.9661057719520852,0.7378266254939349,0.053052532101557026,0.0550952422948097,0.0504402825951276,0.054310181082476525,13
14,3,0.980984054585265,1.0,0.9350527916359663,0.9886066411015476,1.0,0.9606009896739455,0.9831197097238897,1.0,0.9423469248624163,0.992390764933948,1.0,0.9736867473751321,0.9831197097238897,1.0,0.9423469248624163,0.992390764933948,1.0,0.9736867473751321,0.980444614370645,1.0,0.933210383317328,0.9939608648779411,1.0,0.9791162598180986,0.1054808622436353,0.10149722088580324,0.09402227857985358,0.09295443558927585,13
14,3,0.9095722777701667,1.0,0.8876912560308231,0.9145899533613928,1.0,0.8933592503722558,0.9136105160103548,1.0,0.8927066368611742,0.9145899533613928,1.0,0.8933592503722558,0.9095531340009458,1.0,0.8876674799959633,0.9145899533613928,1.0,0.8933592503722558,0.9136105160103548,1.0,0.8927066368611742,0.917029911154034,1.0,0.8964057178348986,0.05293560717108531,0.0526449183239611,0.04640452034063169,0.04923475089207182,13
14,3,0.7770370148590502,1.0,0.7672750313186835,0.7273065699115956,0.8225588869115193,0.7234351446475106,0.7721617688829888,0.9351141661580405,0.7650272276089889,0.7213040067814894,0.8225588869115193,0.7171886139659258,0.7747676838005836,0.9351141661580405,0.7677472372428753,0.7233557336711827,0.8225588869115193,0.7193237310299049,0.7641568418562196,0.9351141661580405,0.756671821035905,0.7224466180737681,0.8225588869115193,0.7183776654327142,0.11490710126409077,0.10998931773016295,0.07616800066732676,0.07708044512085194,14
14,3,0.7244924636876677,1.0,0.7222385329631871,0.7024198328591076,1.0,0.6993732442583427,0.7287025224200301,1.0,0.7264830342405912,0.713909149872229,1.0,0.7109801874646984,0.7206134442805102,1.0,0.718327779247997,0.7168579900768104,1.0,0.7139592175271559,0.7206134442805102,1.0,0.718327779247997,0.7194535490074982,1.0,0.7165813494661419,0.14429507224183796,0.15308750679660474,0.1433015631725261,0.14926859925600666,14
14,3,0.8336910682792094,1.0,0.8238801925804734,0.8315574584409197,1.0,0.8226629914460901,0.8445539429538023,1.0,0.8353838885991799,0.8325756432120602,1.0,0.8237349406092763,0.8500130681701796,1.0,0.8411650578475135,0.82063355108645,1.0,0.8111622563346916,0.8388883336387778,1.0,0.8293840543680779,0.8273835589120551,1.0,0.8182686926567084,0.017487156561513624,0.01601867744101971,0.0214967928038679,0.02153383326424015,14
14,3,0.846801136109394,1.0,0.8057150775040909,0.877176810680454,1.0,0.8442608226940816,0.8494246516615269,1.0,0.8090421877891704,0.8723849001568184,1.0,0.8381847046026275,0.8494246516615269,1.0,0.8090421877891704,0.8723849001568184,1.0,0.8381847046026275,0.8494246516615269,1.0,0.8090421877891704,0.8693393166185808,1.0,0.8343229202173715,0.044294214851275306,0.04981398707921408,0.032663576774194514,0.03622597839112298,14
14,3,0.7908403553483737,1.0,0.78326033459395,0.7372338636282277,1.0,0.7330177338378612,0.7859588523516944,1.0,0.7782019241728522,0.7334002008381961,1.0,0.7291225592407208,0.779065861462054,1.0,0.7710591288140441,0.7407993570295607,1.0,0.7366404362203601,0.7899455258913898,1.0,0.7823330761955853,0.733393027353433,1.0,0.7291152706561079,0.09135405583222639,0.07641968973737044,0.06438803018622748,0.06159514867853704,14
14,3,0.876451465301004,1.0,0.8501407994515905,0.8465467048620127,1.0,0.8185321941867891,0.8716977897014893,1.0,0.8443747899497752,0.843942657111917,1.0,0.8154527501708247,0.8752943149637301,1.0,0.8487372245335986,0.846860925829463,1.0,0.8189037794919625,0.8704317013891336,1.0,0.8428390778284172,0.8473749310330196,1.0,0.8195116217437832,0.030586632546313452,0.025220455584909787,0.019607856444526662,0.019009772344864773,14
14,3,0.8115102522391286,1.0,0.8006624446536506,0.816127522601668,0.9729592939545955,0.8023390893806777,0.8184797656669152,1.0,0.8080330618100333,0.814055924148096,0.9729592939545955,0.8000853588457592,0.811506656501584,1.0,0.8006586419771637,0.8152107771441648,0.9729592939545955,0.8013417449258389,0.811684296921165,1.0,0.8008465058126807,0.8080030537700486,0.9729592939545955,0.7935003284450132,0.02827908985781911,0.027426586690557458,0.030371968121159262,0.030576864883902745,14
14,3,0.7460574734119529,1.0,0.7414007274254488,0.750352939632172,1.0,0.7486119678075074,0.7484734979240044,1.0,0.7438610564996426,0.7404081120269138,1.0,0.7385977876345228,0.752888719719416,1.0,0.7483572437270815,0.745757237472561,1.0,0.7439842164502707,0.7484734979240044,1.0,0.7438610564996426,0.7372422786989922,1.0,0.7354098766317533,0.10255417827901502,0.09324171268663689,0.07607582274048563,0.07535390188153139,14
14,3,0.8122148969328234,1.0,0.8084446185515342,0.8411803066286514,1.0,0.8366078871875361,0.8225766450619748,1.0,0.8190144059464506,0.8497961112380875,1.0,0.8454717408371181,0.8190436005791508,1.0,0.8154104263307745,0.8497961112380875,1.0,0.8454717408371181,0.8182628456890249,1.0,0.814613995738821,0.851662631175129,1.0,0.8473919978886584,0.15909391693920616,0.15729992594647657,0.14827933711652308,0.14823093646249932,15
14,3,0.9923788728750355,1.0,0.9823150138424278,0.9922968180179113,1.0,0.9789784887203269,0.9923788728750355,1.0,0.9823150138424278,0.9922968180179113,1.0,0.9789784887203269,0.9923788728750355,1.0,0.9823150138424278,0.9922968180179113,1.0,0.9789784887203269,0.9923788728750355,1.0,0.9823150138424278,0.9922968180179113,1.0,0.9789784887203269,0.04776815952981403,0.04344260411574862,0.040812598473340914,0.0627921036730539,15
14,3,0.8099940815646663,1.0,0.8057251479356715,0.8114415858909262,1.0,0.8086192336269968,0.8060271681422698,1.0,0.801669108394196,0.8128400876810613,1.0,0.8100386682655129,0.8103460157759099,1.0,0.8060849891837167,0.8164366314529669,1.0,0.8136890452938389,0.8134066408009205,1.0,0.8092143784093512,0.8145625100717311,1.0,0.8117868719651564,0.06294677818450983,0.0621317889829521,0.05965996710045585,0.06092610057893169,15
14,3,0.7693393544516338,1.0,0.7682221503701763,0.7634643509413672,1.0,0.7608914546019061,0.774895505421869,1.0,0.7738052125394432,0.7676687617704518,1.0,0.7651415985510291,0.7808243785942373,1.0,0.7797628021896087,0.7601172904272498,1.0,0.7575079867226453,0.7741547968014643,1.0,0.7730609162992608,0.7688235356808099,1.0,0.7663089334160622,0.04365417389146496,0.04160554768897724,0.0398450099042904,0.03991153368389821,15
14,3,0.7791654565947054,1.0,0.7778404212139354,0.767037238490484,1.0,0.7662889003385557,0.7764406112863976,1.0,0.7750992264868051,0.7694191188432801,1.0,0.7686784319225173,0.7805012258525468,1.0,0.7791842052574163,0.7687301696286418,1.0,0.7679872696203509,0.7805012258525468,1.0,0.7791842052574163,0.7721607206552507,1.0,0.7714288404863483,0.1145934809205586,0.11723271897132762,0.11774684909310595,0.1204347516540823,15
14,3,0.8563012636855517,1.0,0.843625832827828,0.8385051015187385,1.0,0.8172225235838833,0.8527109529478752,1.0,0.8397188266432719,0.8363859171714731,1.0,0.8148240628851471,0.8560967228160533,1.0,0.8434032497422642,0.8335015536444033,1.0,0.8115595839975637,0.855748496459956,1.0,0.8430243069079795,0.8400513892123614,1.0,0.818972588540186,0.0186452677577486,0.016236890931490403,0.017525872906395772,0.017313219449523985,15
14,3,0.8389925885330494,1.0,0.8367102250298656,0.8485621889780097,1.0,0.8471926686851059,0.834895948544926,1.0,0.8325555130467368,0.8485621889780097,1.0,0.8471926686851059,0.834895948544926,1.0,0.8325555130467368,0.8455047106443149,1.0,0.8441075401985539,0.834895948544926,1.0,0.8325555130467368,0.8437048870580275,1.0,0.8422914399974079,0.07620303233615626,0.0738439043953365,0.0774197811319701,0.07793316765915473,15
14,3,0.7644618843006448,1.0,0.7601246652884414,0.7956989215432573,1.0,0.7948557049764777,0.7773703015269385,1.0,0.7732707792138238,0.7988068999853883,1.0,0.7979765110499232,0.7684939744178019,1.0,0.7642310026579514,0.797476128385589,1.0,0.7966402469257181,0.7792386787761931,1.0,0.7751735609215814,0.8009540902392179,1.0,0.800132563451754,0.059690307685527424,0.048681390571932305,0.04925103003353676,0.04387452588362036,15
14,3,0.8233140927481122,1.0,0.8095239513130598,0.830897805529836,1.0,0.8197118076633957,0.8343976849840623,1.0,0.8214726057767762,0.8438908668448489,1.0,0.8335643513559357,0.820103691235419,1.0,0.806062981480505,0.843227674477152,1.0,0.8328572892535298,0.8340608294310685,1.0,0.8211094590170234,0.8563208288201963,1.0,0.8468165470614355,0.009643603761247201,0.008985949371171644,0.009708364576497886,0.009813382424971063,16
14,3,0.8704038564186106,1.0,0.860660103574108,0.8454193775965273,1.0,0.8331913391180101,0.8726186923495816,1.0,0.8630414630859983,0.8605427222114824,1.0,0.8495110098765672,0.8652620964940901,1.0,0.8551317577797787,0.8417516109530744,1.0,0.8292334352571685,0.8617952409116315,1.0,0.8514042448736562,0.8387373459852466,1.0,0.8259807280613438,0.00936843580429082,0.005630392062843435,0.006601048880187264,0.007542172098409969,16
14,3,0.8330015061189362,1.0,0.8192305242191996,0.8070998225584004,1.0,0.7910495691031535,0.8356315512014673,1.0,0.822077447324911,0.8207501330717388,1.0,0.8058356532917038,0.830942957160272,1.0,0.8170022237867904,0.8153160081810893,1.0,0.7999493822031649,0.8385559619379944,1.0,0.825243009980741,0.8207501330717388,1.0,0.8058356532917038,0.008042255826557631,0.0071395104383644775,0.00839854974588156,0.008461465727448431,16
14,3,0.812602663186932,1.0,0.7982490695522735,0.7864080184388812,1.0,0.7739276407057686,0.828768558558971,1.0,0.8156531825898183,0.7899452760908604,1.0,0.7776715836055431,0.8189049769771171,1.0,0.8050341055232582,0.7978268199176609,1.0,0.7860136533535865,0.8312626275925407,1.0,0.8183382834385324,0.7960878139102914,1.0,0.7841730356111064,0.007723763258848597,0.0076987523544325975,0.008202617670666084,0.009063054651005036,16
14,3,0.8022099557101132,1.0,0.7963772188028441,0.7934887174429787,1.0,0.7863416348603821,0.7961875075776879,1.0,0.7901771714610135,0.7967660001771409,1.0,0.7897323400190124,0.8004053178693034,1.0,0.7945193630269448,0.7931847104194758,1.0,0.7860271065555442,0.8025921216669916,1.0,0.7967706546569985,0.7990972425978394,1.0,0.7921442636591312,0.00947589960167764,0.008445623787983652,0.009913665540027157,0.00986418024955982,16
14,3,0.8518966459817812,1.0,0.8393115769317276,0.8370686259480102,1.0,0.821220203328074,0.8565653613482356,1.0,0.844377015962216,0.847262105774348,1.0,0.8324052084342763,0.8538551500775483,1.0,0.84143650473507,0.8473619301617471,1.0,0.8325147427936712,0.8560165868880303,1.0,0.8437816094421201,0.8542625148191217,1.0,0.8400865510420273,0.008738065359489414,0.007868470948888954,0.008468709446953049,0.00904306075718497,16
14,3,0.824347868212895,1.0,0.8092191158367268,0.8469589015408979,1.0,0.8378794338085213,0.8260631981147872,1.0,0.8110821854845882,0.8418696739037971,1.0,0.8324882776138042,0.8284105193360464,1.0,0.8136316792678451,0.8458018246885721,1.0,0.8366537110692386,0.8288546909508235,1.0,0.8141141069647095,0.8364522392764697,1.0,0.8267494428960022,0.019101977427777226,0.018873420147664258,0.02000337133394394,0.020602700737436353,16
14,3,0.8017334280323127,1.0,0.7949474364426571,0.8284293865911369,1.0,0.8225895908091638,0.8076878640456175,1.0,0.8011056725837717,0.8265316009375775,1.0,0.8206272097074997,0.8108520967020858,1.0,0.8043782061806427,0.8152287466272825,1.0,0.8089396370610394,0.8141764681101752,1.0,0.8078163595348882,0.8138967977400989,1.0,0.8075623522661579,0.0076818339534821456,0.007707676839177149,0.008063766780398938,0.008643322410211296,16
14,3,0.8303238692826204,0.9535736051033924,0.7834812853975484,0.8301343510676497,0.9751985203069263,0.7661129324161579,0.8325615538985929,0.9535736051033924,0.7865694296809109,0.8306264795991244,0.9751985203069263,0.7668222528766192,0.8271832314891101,0.9535736051033924,0.7791470094326018,0.8279292209865148,0.9751985203069263,0.7629346084936653,0.8288283663787516,0.9535736051033924,0.7814173981498244,0.8291214112733997,0.9864120427160684,0.7597040670845765,0.01098820337068367,0.011178666290175982,0.010996800414243344,0.013055939164465735,17
14,3,0.7942811026335447,0.9496174216360905,0.7732878910058331,0.7788282369381816,0.9750305090363253,0.753839628678788,0.8023797423030281,0.9496174216360905,0.7824810361816255,0.7759553807248343,0.9750305090363253,0.7506008812974475,0.7993622817539654,0.9496174216360905,0.7790557753943987,0.7759553807248343,0.9750305090363253,0.7506008812974475,0.7926254965734654,0.9496174216360905,0.7714085350293496,0.7749177271297674,0.9750305090363253,0.7494310706232665,0.02430486791908182,0.026631466291997065,0.025445753530712028,0.027709294861630394,17
14,3,0.8177342679902149,0.9183215820925502,0.8049524446413094,0.8113024834308317,0.9525940324549704,0.7942821082018486,0.8236742665425861,0.9183215820925502,0.8116472502274178,0.8042951832809363,0.9525940324549704,0.7864306890744414,0.8275623436935315,0.9183215820925502,0.8160293928154791,0.8042951832809363,0.9525940324549704,0.7864306890744414,0.8289114889037545,0.9183215820925502,0.8175499765008517,0.8042951832809363,0.9525940324549704,0.7864306890744414,0.02708254774099158,0.02775961667586568,0.027302255358010955,0.029775373842428753,17
14,3,0.8610301238880129,1.0,0.8463678135658187,0.8379890771558027,0.9620224635247488,0.8273773062810245,0.8626472457180911,1.0,0.8481555532503899,0.8339787476354484,0.9620224635247488,0.8230238699629912,0.8583622021866955,1.0,0.8434184071500116,0.8405068195440002,0.9620224635247488,0.8301104560375719,0.8543304119020106,1.0,0.8389612343150797,0.8250882884779758,0.9620224635247488,0.8133727807984488,0.021586379828520057,0.02321059590876641,0.022656005503409477,0.024614055768284192,17
14,3,0.8626344933458917,0.9084868879150505,0.8580619742529545,0.8497675363966947,0.9202311373014557,0.8375943107732122,0.8590234187121235,0.9084868879150505,0.8540907939395577,0.8517631336533297,0.9202311373014557,0.8399346655407706,0.8626344933458917,0.9084868879150505,0.8580619742529545,0.8517631336533297,0.9202311373014557,0.8399346655407706,0.8590234187121235,0.9084868879150505,0.8540907939395577,0.8558197889182775,0.9202311373014557,0.8446921447656468,0.023439637578766524,0.02238031683219136,0.0230445845287934,0.023046493932659964,17
14,3,0.8260606147385264,0.9801368944967651,0.8125859039675104,0.8762088061561896,1.0,0.8615567695170924,0.8260606147385264,0.9801368944967651,0.8125859039675104,0.8790528913939395,1.0,0.8647374832323155,0.8260606147385264,0.9801368944967651,0.8125859039675104,0.8790528913939395,1.0,0.8647374832323155,0.8260606147385264,0.9801368944967651,0.8125859039675104,0.8838678527631382,1.0,0.8701223477441105,0.01624743807370172,0.01635965259008957,0.016526017987847866,0.017775753110931297,17
14,3,0.8853608190519722,1.0,0.8416240629824595,0.8688805078365142,1.0,0.8194195656479801,0.8895539855875517,1.0,0.8474169923601046,0.8675273556598304,1.0,0.817555976918508,0.8941579609984717,1.0,0.8537774610382673,0.8755163644974322,1.0,0.8285586025551104,0.8933780418013186,1.0,0.8526999896831371,0.8616506369161908,1.0,0.8094624402079791,0.009182591749569874,0.008386400326967667,0.00790408786028858,0.008334886212593729,17
14,3,0.860075144686743,0.9909181696540487,0.7981067072195598,0.8701689781186203,0.9948175268893763,0.8216543915999717,0.8590387190343398,1.0,0.7922781842102846,0.8831630515344484,1.0,0.8376888257949126,0.8590387190343398,1.0,0.7922781842102846,0.8831630515344484,1.0,0.8376888257949126,0.8497946021339396,1.0,0.7786559701188043,0.8831630515344484,1.0,0.8376888257949126,0.00933852288992171,0.00827875694373423,0.008142550278717978,0.0094531660300997,17
14,3,0.8660803126314897,1.0,0.8456127619633983,0.8313492822978207,1.0,0.81464247051638,0.8766427056065531,1.0,0.8577894531618331,0.8260684163596339,1.0,0.8088384734912084,0.8766427056065531,1.0,0.8577894531618331,0.8313492822978207,1.0,0.81464247051638,0.8914357642720703,1.0,0.8748434017959728,0.8280293076477822,1.0,0.8109936138292347,0.021864207997840227,0.02398806586880929,0.02255705488020647,0.02524073470535637,18
14,3,0.7416347422343713,1.0,0.7396134732538706,0.771225922255912,1.0,0.7680901855548695,0.7380024482065739,1.0,0.73595276269937,0.7737350690250712,1.0,0.770633724435626,0.7380024482065739,1.0,0.73595276269937,0.7737350690250712,1.0,0.770633724435626,0.7370434884756155,1.0,0.734986300738528,0.7754311184712254,1.0,0.772353021115678,0.059337720409202745,0.059668639168579764,0.05835341267994382,0.05923324359676585,18
14,3,0.839362853344656,1.0,0.8340363398192326,0.7827945089677965,1.0,0.7761799834272538,0.8355798164307194,1.0,0.8301278624470408,0.7827945089677965,1.0,0.7761799834272538,0.839362853344656,1.0,0.8340363398192326,0.7803073967178007,1.0,0.7736171315289571,0.8355798164307194,1.0,0.8301278624470408,0.7803073967178007,1.0,0.7736171315289571,0.0408335608686668,0.04305739106661899,0.04167620518756234,0.04486313411923979,18
14,3,0.8355177106174214,1.0,0.8215522049290825,0.8174358145083088,1.0,0.8025685520905228,0.8308352005358348,1.0,0.8164721224314894,0.832667088178598,1.0,0.8190401968774328,0.838796235957356,1.0,0.825109096191914,0.8343622916968941,1.0,0.8208734506682408,0.8410684713753773,1.0,0.8275742576494184,0.832667088178598,1.0,0.8190401968774328,0.0344900379148057,0.03768785027078549,0.03555795793676064,0.03929851475285718,18
14,3,0.8297789647932907,1.0,0.8225518455143694,0.7791037695974821,1.0,0.7690934484062354,0.8171569236605212,1.0,0.8093939070602189,0.7785052087036816,1.0,0.7684677626185942,0.8171569236605212,1.0,0.8093939070602189,0.7827000075085389,1.0,0.7728526564888709,0.8123733026250518,1.0,0.80440718656782,0.7779769636005307,1.0,0.7679155791116934,0.029000023467915637,0.02710915106878711,0.026583657580133948,0.027172018002728206,18
14,3,0.9976020361877486,1.0,0.9952801519666395,0.9970827977441374,1.0,0.994009903185153,0.9976020361877486,1.0,0.9952801519666395,0.9970827977441374,1.0,0.994009903185153,0.9976020361877486,1.0,0.9952801519666395,0.9970827977441374,1.0,0.994009903185153,0.9976020361877486,1.0,0.9952801519666395,0.9970827977441374,1.0,0.994009903185153,0.3088490721075595,0.27418617594731975,0.28471363086479606,0.25715208513949933,18
14,3,0.8414075871684945,0.9739698778385046,0.8268530732060123,0.8883578833332383,1.0,0.8777312726816312,0.8414075871684945,0.9739698778385046,0.8268530732060123,0.8954830191787055,1.0,0.885534611760163,0.8414075871684945,0.9739698778385046,0.8268530732060123,0.8937573046459188,1.0,0.8836446357731578,0.8449815197859558,0.9739698778385046,0.8308194013676281,0.8978670963998228,1.0,0.8881456164271991,0.025511793226570812,0.02203590367007683,0.021757313314052285,0.021476475383949475,18
14,3,0.8086525157751824,1.0,0.8034180182925662,0.7529749288426109,1.0,0.746690093678707,0.8095978375105884,1.0,0.8043892002281433,0.7630884769811002,1.0,0.7570609516630142,0.8138759653938956,1.0,0.8087843604817803,0.7701243339163115,1.0,0.7642758155341104,0.8195029998713086,1.0,0.8145653279880278,0.7558670154531991,1.0,0.7496557610296717,0.04563755333941332,0.04176166459882771,0.04205852128725293,0.04098358397263468,18
14,3,0.8032650501206434,1.0,0.802562322072711,0.768543795973498,1.0,0.7669673522080461,0.804885280476031,1.0,0.8041883398152181,0.7673648474230791,1.0,0.7657803738616669,0.804885280476031,1.0,0.8041883398152181,0.7787278762413559,1.0,0.7772207960512405,0.804885280476031,1.0,0.8041883398152181,0.760008888717627,1.0,0.7583743138625859,0.03393372303793164,0.030002932443429806,0.030650914721398685,0.02847780856560327,19
14,3,0.7874404207249776,1.0,0.7858425671993858,0.7910417276690838,1.0,0.788713411410416,0.7899116148808327,1.0,0.7883323378235791,0.7890949091667337,1.0,0.7867449004949295,0.7899116148808327,1.0,0.7883323378235791,0.7856950236138978,1.0,0.7833071317383228,0.7897754059425123,1.0,0.7881951049750071,0.7890949091667337,1.0,0.7867449004949295,0.027595751022029883,0.028111844812424996,0.027137528744186623,0.02823740711646108,19
14,3,0.8048902577571123,1.0,0.803011938529228,0.7996826598404897,1.0,0.7975673693425558,0.8056040518887005,1.0,0.8037326043486506,0.8102446044517155,1.0,0.8082408448929306,0.8019408183418736,1.0,0.8000341048949132,0.8102446044517155,1.0,0.8082408448929306,0.8056040518887005,1.0,0.8037326043486506,0.8102446044517155,1.0,0.8082408448929306,0.0366055791845941,0.03594465013113271,0.033713399707192795,0.034260479944180994,19
14,3,0.8835578922807482,1.0,0.8814110891528573,0.795067288407976,1.0,0.7917389321448802,0.8854960523633223,1.0,0.8833849824268784,0.7918041770502177,1.0,0.7884228238934566,0.8854960523633223,1.0,0.8833849824268784,0.7972500767500871,1.0,0.7939571716221129,0.8807508607916432,1.0,0.8785523053887468,0.7966358801235882,1.0,0.7933329996960501,0.038098564912357226,0.03698913880307511,0.03653229733509553,0.03653353236076822,19
14,3,0.7795784888089253,1.0,0.7767408788849449,0.7473168082404541,,0.7473168082404541,0.7822075603876738,1.0,0.779403795978872,0.7528800853506282,,0.7528800853506282,0.7794338043329204,1.0,0.7765943318044114,0.7446070516193273,,0.7446070516193273,0.7822075603876738,1.0,0.779403795978872,0.7430681627709858,,0.7430681627709858,0.02558726293832046,0.025795362774213005,0.025387584932658996,0.025942390364773672,19
14,3,0.806269282783739,1.0,0.8008588020025681,0.7865724056473903,1.0,0.7836820953709006,0.806132418640298,1.0,0.80071811553901,0.7828419833004762,1.0,0.7799011543547504,0.8098426803503916,1.0,0.8045319968503937,0.7889818991304423,1.0,0.7861242190477957,0.8077910633394569,1.0,0.8024230826045781,0.787058278770203,1.0,0.7841745483555356,0.039459419600992474,0.03670673777998194,0.03576694087353584,0.035696055139674894,19
14,3,0.8523844173685333,,0.8523844173685333,0.8775013857797819,,0.8775013857797819,0.8523844173685333,,0.8523844173685333,0.8775013857797819,,0.8775013857797819,0.8523844173685333,,0.8523844173685333,0.8775013857797819,,0.8775013857797819,0.8523844173685333,,0.8523844173685333,0.8775013857797819,,0.8775013857797819,0.06684688773025611,0.0644003635033318,0.06329424609854233,0.061895513836458776,19
14,3,0.8393015309798373,1.0,0.8377743217816682,0.8061995783126247,1.0,0.8042055745690143,0.8496970563173571,1.0,0.8482686417250862,0.7843656575918736,1.0,0.7821470056288433,0.8426127034959149,1.0,0.8411169622585428,0.795782046951891,1.0,0.7936808577008828,0.8519814462169345,1.0,0.8505747414846772,0.7876890560005754,1.0,0.7855045983329484,0.04000334768437373,0.038551623068269064,0.03686863383736943,0.03650532548166517,19
14,4,0.7393440409918193,0.9441387875233002,0.7208972536392094,0.7564950271864941,0.903609241091303,0.7495340665150543,0.7447296801929884,0.9441387875233002,0.7267680016763446,0.7433487119719706,0.903609241091303,0.7357657109092341,0.7447296801929884,0.9441387875233002,0.7267680016763446,0.7490201707587182,0.903609241091303,0.7417055244695714,0.7447296801929884,0.9441387875233002,0.7267680016763446,0.7571239799419881,0.903609241091303,0.7501927792460054,0.0683606485657544,0.06825512072957902,0.06672845341874081,0.06837291077790376,0
14,4,0.7816049662746011,0.9532100286680698,0.7536867678208832,0.8104660993949638,1.0,0.7725698104260118,0.798544848738554,0.9532100286680698,0.7733825771427917,0.7968032306206395,1.0,0.7561751241690954,0.791971269271347,0.9532100286680698,0.7657395508098739,0.7954389187641131,1.0,0.7545380254591691,0.7974430680022949,0.9532100286680698,0.7721015491697767,0.7941868207032834,1.0,0.7530355770927781,0.04329383506405059,0.046340341810966336,0.04330675994252568,0.047795762923930236,0
14,4,0.815388271343499,1.0,0.8126774803722192,0.7632702741692615,1.0,0.7602203919502096,0.8116385396584467,1.0,0.8088726885949911,0.7677518179915951,1.0,0.764759673265246,0.818478890572848,1.0,0.8158134814565756,0.7714688780065264,1.0,0.7685246216271385,0.8158603520438241,1.0,0.8131564929836934,0.7732812096411205,1.0,0.7703603022433952,0.039930182829361435,0.03900720389553494,0.037671864420558344,0.03773877451860119,0
14,4,0.8413131831404358,0.9393378711856458,0.8258628972811409,0.8192285245127044,0.9428953628955019,0.7985573872952919,0.8514646838266852,0.9393378711856458,0.8376144396572045,0.8200484527428832,0.9428953628955019,0.799514368022131,0.8514646838266852,0.9393378711856458,0.8376144396572045,0.82156206252449,0.9428953628955019,0.8012809804348261,0.8539243021853784,0.9393378711856458,0.8404617338912759,0.82156206252449,0.9428953628955019,0.8012809804348261,0.02223942049440034,0.021473714763759547,0.021810286434075694,0.02173606985846778,0
14,4,0.8260667697865245,1.0,0.8104269232425783,0.8232338607759011,0.867242232778325,0.821449124819267,0.820975077239885,1.0,0.8048773924209832,0.8290259283970679,0.867242232778325,0.8274760866407052,0.8240996320383278,1.0,0.8082829030638372,0.8262146139425475,0.867242232778325,0.8245507608341605,0.8152789496383255,1.0,0.7986690765419232,0.824456530741366,0.867242232778325,0.822721379510346,0.01580903989720673,0.015484913291344916,0.015751141112916794,0.01639289138309136,0
14,4,0.7710864334244468,0.9021494523503063,0.7531873575759217,0.8015960867628891,0.8862767303501585,0.7916554511422325,0.7781271436027245,0.858842791699777,0.7671039311108063,0.8246171244517517,0.8862767303501585,0.8173789216136064,0.7765869615798155,0.858842791699777,0.7653534087869148,0.8173747884379755,0.8862767303501585,0.8092864099244277,0.7826246716665437,0.858842791699777,0.7722156796969738,0.8246171244517517,0.8862767303501585,0.8173789216136064,0.05936688094308916,0.06086850603200921,0.05923306717225896,0.06030367647903647,0
14,4,0.8058995890872467,0.933179604873181,0.7900534542238834,0.7828556624430347,0.735040103561174,0.7864530334461357,0.809662415453932,0.933179604873181,0.7942847457593208,0.78945303945215,0.8246937222359113,0.7868017306869634,0.804882971972707,0.933179604873181,0.7889102700925035,0.7914544333630809,0.8532972565186383,0.7868017306869634,0.8092193660518383,0.9623872998006341,0.7901502315931488,0.7902282740115644,0.8532972565186383,0.785483322071829,0.07131917449852058,0.07733505816822998,0.07149767695719425,0.07846614963758253,0
14,4,0.8443549879225741,0.9005967195387482,0.8288398215982185,0.826618446617737,0.9627478219636358,0.7767831105225982,0.8432465220518472,0.9110928386883863,0.8245300484145369,0.8332636362082103,0.9627478219636358,0.7858610245402253,0.847507291630967,0.9110928386883863,0.8299662183021136,0.8332636362082103,0.9627478219636358,0.7858610245402253,0.8432465220518472,0.9110928386883863,0.8245300484145369,0.8296487422753951,0.9627478219636358,0.7809227611757033,0.01733568667882586,0.016946681803006968,0.016626975235221452,0.018497845413711352,0
14,4,0.774609118135605,1.0,0.7606467690516937,0.7976352641621349,0.9482420551774999,0.7904716619715748,0.7916265957875921,1.0,0.7787184329313547,0.8053605924331795,0.9482420551774999,0.7985644449779082,0.7887549813185276,1.0,0.7756689297947458,0.8011638609463978,0.9482420551774999,0.7941680962317108,0.7878355553074907,1.0,0.7746925478553381,0.8178532631699001,0.9482420551774999,0.8116513287833238,0.0414841930822811,0.044374926703448815,0.040231679698941473,0.043523957283491524,1
14,4,0.8249415951617763,0.9460782805610188,0.7887502761335732,0.8497872201138394,0.9565343729904984,0.8039272013888884,0.8282170413039172,0.9558706156868495,0.7900787083921594,0.855161167782363,0.9565343729904984,0.8116098695624931,0.8286764572379407,0.9558706156868495,0.7906753814137455,0.8567532120466489,0.9565343729904984,0.8138858775466873,0.8294141589515823,0.9558706156868495,0.7916334820757162,0.8655418749588788,0.9507976152441099,0.8289148573708044,0.018888599599687847,0.019672856056593153,0.019369470111745293,0.021228546516209746,1
14,4,0.8065409602232546,0.9027322328441553,0.7701332862400382,0.7655072588167121,0.8693702418012978,0.7196536282333547,0.8159878016471146,0.9101564156681851,0.7803456887473053,0.771268061750243,0.8693702418012978,0.7279577215865035,0.8159878016471146,0.9101564156681851,0.7803456887473053,0.7696514041176671,0.8693702418012978,0.7256273388159263,0.8142067285029907,0.9101564156681851,0.7778904927996803,0.7695046122360466,0.8693702418012978,0.7254157409705346,0.028812805455252218,0.02823880723861638,0.02822698716033489,0.028666250702748287,1
14,4,0.7614230998837319,1.0,0.7600375559580526,0.7639713396460045,1.0,0.7625112306951942,0.7713971063598803,1.0,0.7700694868354359,0.7697567473508006,1.0,0.7683324278060786,0.7678645992374015,1.0,0.7665164645508287,0.7603471530799478,1.0,0.7588646243635185,0.7708487984991009,1.0,0.7695179946570401,0.7820662194531447,1.0,0.7807180481624924,0.06840816848594819,0.06666996787713733,0.06426153115363024,0.06491718012541245,1
14,4,0.7640964240088534,1.0,0.7533896420230225,0.7395558801926382,0.9375959880324174,0.7322882088195022,0.7648134617748504,1.0,0.7541392234543876,0.7306154104184126,0.9375959880324174,0.7230196418888508,0.773696538552798,1.0,0.7634254699003881,0.7391326194802954,0.9375959880324174,0.7318494152951648,0.7672963442418603,1.0,0.7567347946806037,0.7379463801322,1.0,0.7283295423506296,0.0728512537279891,0.06787217725546653,0.0673701621660173,0.06537173814256945,1
14,4,0.796164867171153,0.9001521802354173,0.7877113560599532,0.7707495790705495,1.0,0.7579643296995494,0.8007608440916165,0.936877493874461,0.7896954210370997,0.7702302715245116,0.9561092483942318,0.7598638387717577,0.8049331599809392,0.9001521802354173,0.7971924556392341,0.77537734574463,1.0,0.7628501859802664,0.7956268312924085,0.936877493874461,0.7841440454561809,0.7629470139905218,0.9561092483942318,0.7521743954457081,0.03698522102014616,0.035036495404598314,0.034450892492740505,0.035119262522326514,1
14,4,0.8335846298431946,0.9870717090256709,0.7981044476899476,0.8440565083988645,0.9913615098335283,0.7991192835283857,0.8420078263161008,1.0,0.80548624332065,0.8523820459387693,0.9913615098335283,0.8099846299610948,0.8483778887750281,0.9870717090256709,0.8163173268552055,0.8523820459387693,0.9913615098335283,0.8099846299610948,0.8508052834224238,1.0,0.8163173268552055,0.8533731446337105,0.9913615098335283,0.8112780756536915,0.01859274005214902,0.016812842669173073,0.015813078112962554,0.015574466842032245,1
14,4,0.885186405483676,1.0,0.8564051517590399,0.8182681223829705,0.989329674386092,0.7732411192853961,0.8870911402135803,1.0,0.8587873617719926,0.8378033159481667,0.989329674386092,0.7979183872143027,0.8818795377827217,1.0,0.8522693247459421,0.8360817433998688,0.989329674386092,0.7957436605144311,0.8948427220512516,1.0,0.8684820954165311,0.8453809319618425,0.989329674386092,0.8074905913497665,0.02141211454566953,0.02049164444410193,0.01808706185982044,0.018381058974666912,1
14,4,0.7961878540595193,1.0,0.7804673261155027,0.7479096270431995,0.9108446671361252,0.7358322264241008,0.7968490884350738,1.0,0.7811795631112911,0.7490146652881277,0.9108446671361252,0.7370191745490388,0.8030188447785862,1.0,0.7878252078105167,0.7490080480214714,0.9108446671361252,0.7370120667839583,0.7968490884350738,1.0,0.7811795631112911,0.7322087131366121,0.9108446671361252,0.7189674976178596,0.029748793492887858,0.028758734464484043,0.02785734945814373,0.029184357029243973,2
14,4,0.7698605648795648,0.9645644975518112,0.7514448520562547,0.7984798802584164,0.9525541667893764,0.7888803732834477,0.7684634122054685,1.0,0.7465639505438961,0.8005895829717816,0.9525541667893764,0.7911215197722025,0.7684634122054685,1.0,0.7465639505438961,0.8043884609416124,0.9525541667893764,0.7951570845792045,0.7684634122054685,1.0,0.7465639505438961,0.8019440479593961,0.9525541667893764,0.7925603738969577,0.02680371094708655,0.026015439609722916,0.025381302142274048,0.0256737625823013,2
14,4,0.8094288575907778,0.9555962134744348,0.7433565489991898,0.8045832790978386,0.9265703619282483,0.7548414293265688,0.8369190209984062,0.9668609446792311,0.7781811254640721,0.8173093356727017,0.927734282518504,0.772282100087107,0.8194099078624606,0.9555962134744348,0.7578493524570197,0.8149760140521121,0.936982166195196,0.7652263885158657,0.8544528265672974,0.9668609446792311,0.8036407705976799,0.8288230560966436,0.927734282518504,0.78849069261019,0.022244034299771797,0.02276629915859838,0.021461374257951252,0.0223560166839849,2
14,4,0.7451151724228433,0.8896603401870644,0.7374541850359811,0.7358093806369205,0.9500094903616221,0.7240494188274236,0.7470866866650437,0.8440524923548175,0.7419474362436252,0.7381519909284797,0.8826036398168179,0.7302213419832994,0.7493822649656582,0.8896603401870644,0.7419474362436252,0.7316758444976242,0.8826036398168179,0.7233896437518521,0.7470866866650437,0.8440524923548175,0.7419474362436252,0.7463326579240415,0.8826036398168179,0.7388511419488101,0.11512104819683486,0.133574921342819,0.1286545473611957,0.14167900873431316,2
14,4,0.8404156889545049,0.9701589180917337,0.7773547769210966,0.838906339274594,0.9458356344387095,0.7954748605940353,0.8489893200712546,0.9701589180917337,0.7900955696019258,0.8559585136942071,0.9532220926615942,0.8164529595817119,0.847446775930049,0.9701589180917337,0.7878032812078365,0.8504118679351289,0.9532220926615942,0.8086534323586324,0.8482195238196302,0.9701589180917337,0.7889516185367504,0.8557525711359611,0.9532220926615942,0.8161633693213642,0.027988218082452925,0.026517964385431227,0.02703235030603702,0.02741185069549142,2
14,4,0.7233195309477006,0.7477922991327689,0.721993203976378,0.6835518206809792,0.6432730661811811,0.6844255435759716,0.7403192598844949,0.7477922991327689,0.7399142507969332,0.6901095826729492,0.6432730661811811,0.691125555914643,0.7267740870409134,0.7477922991327689,0.7256349833083241,0.6901095826729492,0.6432730661811811,0.691125555914643,0.7463989182964598,0.7477922991327689,0.7463234025815823,0.6982099842011136,0.6432730661811811,0.6994016705789674,0.14059792717440675,0.1525504393373382,0.14398290184413798,0.15727278957291072,2
14,4,0.8862275477392473,1.0,0.8489643663675155,0.8394238399816397,0.9893953919642307,0.7944178541202209,0.8793377655458012,1.0,0.8398180168031061,0.8500735463730453,0.9893953919642307,0.8082635035351109,0.8863190399643851,1.0,0.8490858244702596,0.8468589506715799,0.9893953919642307,0.8040842178856005,0.8802415303430029,1.0,0.8410177860450245,0.8545906302025058,0.9893953919642307,0.8141361498580975,0.02199586325527677,0.019192730918861017,0.019615569252550945,0.020000497594570087,2
14,4,0.8664142917265902,0.9271481911212676,0.8460702661243248,0.8595572378855822,1.0,0.810807220836648,0.8723687735527609,0.9271481911212676,0.8540193198770012,0.8545584640988729,1.0,0.8040732895832456,0.8694689139282579,0.9271481911212676,0.8501480946884251,0.8591510374633945,1.0,0.8102600214964042,0.8711696673744289,0.9271481911212676,0.8524185492734476,0.8593892491154004,1.0,0.8105809203721709,0.020545670641198135,0.019824596125149262,0.020065274895621876,0.020879837606511176,2
14,4,0.7773619841970215,1.0,0.7165859377520124,0.8239581310249018,0.9906920819080834,0.7535466757380499,0.7847497390232493,1.0,0.7259904125387724,0.8295182131520138,0.9906920819080834,0.7614547708044023,0.7757349163940517,1.0,0.7145147106350738,0.8259896234617655,0.9906920819080834,0.7564360638711779,0.778523139233616,1.0,0.7180640665640847,0.8267350954215832,0.9906920819080834,0.7574963473333217,0.023904326326685713,0.025208215264391043,0.023842050836287293,0.027539011077861632,3
14,4,0.7957145262650427,0.9677292679763739,0.7282752483489372,0.8048267648879104,0.9059433965485482,0.7527626210026127,0.7948685279881809,0.9677292679763739,0.7270975720290065,0.8127026778792933,0.9224832442077867,0.7561775434155718,0.7948685279881809,0.9677292679763739,0.7270975720290065,0.8127026778792933,0.9224832442077867,0.7561775434155718,0.7877204994033097,0.9531629090577955,0.7228579385971969,0.8215108596950507,0.9243907996150054,0.7685388025078606,0.02963901010603915,0.026736970830216034,0.026757692451809114,0.026424425969232,3
14,4,0.8131664596726462,0.9659558724894305,0.7662231787935568,0.8264866790592424,0.9306194127090364,0.7948212125673229,0.8113786113415314,0.9659558724894305,0.7638860288791095,0.8331259164887477,0.9306194127090364,0.8034793593540234,0.8073191259685534,0.9659558724894305,0.7585793002673819,0.8198246596687464,0.9306194127090364,0.7861333561092267,0.8176624979652285,0.9659558724894305,0.7721005875916004,0.8374710763212732,0.9306194127090364,0.8091458281376958,0.012638990846436882,0.00983949264952059,0.010268548065460337,0.011388725062091739,3
14,4,0.8052773750379834,0.9897424471005036,0.7779163766100532,0.8232296532444319,0.9130802803558357,0.8079989828278059,0.8203811061847174,0.9897424471005036,0.7952603864151859,0.832233310423439,0.9376165002811045,0.8143696996309984,0.8168044184338568,0.9897424471005036,0.7911531822536342,0.8223366060846273,0.9130802803558357,0.8069545543432987,0.8236620817023238,0.9897424471005036,0.7990280164792363,0.8360342892464131,0.9376165002811045,0.818814986207568,0.05153220409820439,0.046498962616551856,0.04639474989438836,0.04517361342101745,3
14,4,0.7885040568804014,0.9935899070403569,0.7489818636827387,0.7836258216040404,0.9573312077757808,0.7516377045623962,0.8003440726657295,0.9935899070403569,0.7631035746262952,0.7838438668753489,0.9573312077757808,0.7518959032095596,0.7965023003436189,0.9935899070403569,0.7585214525052225,0.7806431925416689,0.9573312077757808,0.7481058197190633,0.7961794448851529,0.9935899070403569,0.7581363794154843,0.7887420505409161,0.9573312077757808,0.7576960950156846,0.01680301145944808,0.014979222680321858,0.015231365699893844,0.015398030236528554,3
14,4,0.9856271849898361,0.9932511878419782,0.9741593461718372,0.9902609901321862,1.0,0.9741744799180159,0.9856271849898361,0.9932511878419782,0.9741593461718372,0.992180572168919,1.0,0.9792647514252355,0.9856271849898361,0.9932511878419782,0.9741593461718372,0.992180572168919,1.0,0.9792647514252355,0.9856271849898361,0.9932511878419782,0.9741593461718372,0.992180572168919,1.0,0.9792647514252355,0.03995905522118461,0.03859565018013837,0.03551070228905557,0.048621796964694736,3
14,4,0.8373886956293212,0.9821044645571207,0.8029280974788116,0.883585871141582,0.9770534635304501,0.8536153184289546,0.8452672781104054,0.9821044645571207,0.8126827758884031,0.8863283523504439,0.9770534635304501,0.8572371812024087,0.8381229227659127,0.9821044645571207,0.8038371632421314,0.8863283523504439,0.9770534635304501,0.8572371812024087,0.8482225078633004,0.9821044645571207,0.8163417229052251,0.8945894252285337,0.9770534635304501,0.8681471820546518,0.01859976616548339,0.02013612747967432,0.018009853521095336,0.02022582956401832,3
14,4,0.9888126495828563,0.9948457221684454,0.973003085577258,0.9906927377660294,0.9980913678858265,0.9658652403405906,0.9907518873948967,0.9975249906654948,0.973003085577258,0.9906927377660294,0.9980913678858265,0.9658652403405906,0.9907518873948967,0.9975249906654948,0.973003085577258,0.9906927377660294,0.9980913678858265,0.9658652403405906,0.9907518873948967,0.9975249906654948,0.973003085577258,0.9906927377660294,0.9980913678858265,0.9658652403405906,0.035773326410561114,0.03572303883967406,0.03409354654373126,0.052016461854396866,3
14,4,0.7639829887918596,1.0,0.7560336168479542,0.7695789728589411,0.9091396658632914,0.763667453779331,0.7662966805157,1.0,0.7584252368362964,0.7637898888674044,1.0,0.7537844887171371,0.7569120685334491,1.0,0.7487245384380102,0.7682233351672658,1.0,0.7584057271655316,0.7662966805157,1.0,0.7584252368362964,0.7652481303894836,1.0,0.7553044985093136,0.0317743703172652,0.028659819709181883,0.02775462256186006,0.029749386229195138,4
14,4,0.8354199682960611,0.9680713376754262,0.7871715524180851,0.7907197946432613,0.937593942722728,0.7458374504152437,0.8321326317141221,0.9779037785281601,0.7791122449107329,0.8087092324791191,0.9548514522551586,0.7640505536033383,0.8371365699677438,0.9779037785281601,0.7859362329310325,0.8059479860124783,0.9548514522551586,0.7604455152506868,0.8405047043645956,0.9779037785281601,0.7905294368456174,0.8147907307710046,0.9548514522551586,0.771990458587808,0.031234749057009074,0.03136373897238001,0.028598804651057703,0.03170303560372384,4
14,4,0.7972972440644266,0.9501170313512197,0.7698626042283025,0.7594450761959975,0.9289688912587595,0.7286909875070036,0.7881959799699371,0.9501170313512197,0.7591274554980679,0.7613117191161771,0.9289688912587595,0.7308962666352973,0.7866006539238874,0.9501170313512197,0.7572457320144114,0.7582242077098167,0.9289688912587595,0.727248635698921,0.7876004251682617,0.9212599518232913,0.7636054894367654,0.7562348589021721,0.9289688912587595,0.7248983900483107,0.1251415477176921,0.1255642264561785,0.1243175256182708,0.12597480048161336,4
14,4,0.8319316521066253,1.0,0.806868248305738,0.7694576604595336,0.9522886904139645,0.752946902118896,0.8367058676557809,1.0,0.8123544247543777,0.7789498571843781,0.9522886904139645,0.7632963021657629,0.8357080130835821,1.0,0.8112077638638502,0.7744191032591151,0.9522886904139645,0.7583563934970212,0.8425790799254579,1.0,0.8191034871919673,0.781104860100681,0.9522886904139645,0.7656459150034962,0.040338115942678075,0.04399701158648456,0.04157622634724743,0.044464311584430996,4
14,4,0.7743503047949721,1.0,0.7600874975375563,0.8249277304275826,0.9694194259900822,0.8142210098380248,0.7756241923065156,1.0,0.7614419045996724,0.8358633903741445,0.9694194259900822,0.825966993554783,0.7705599843583057,1.0,0.7560575995123497,0.8358633903741445,0.9694194259900822,0.825966993554783,0.7772939965861831,1.0,0.7632172534340393,0.8279920113692858,0.9694194259900822,0.8175123515787794,0.0354370062939898,0.03417957851800867,0.03405543282306508,0.03446171632376566,4
14,4,0.8509851477849328,1.0,0.8388727791044988,0.8115989849968328,0.9378994187848126,0.7972748245379131,0.8545893957310693,1.0,0.8427699910021498,0.8157143070089377,1.0,0.7948138416857659,0.8556964348384926,1.0,0.8439670135280946,0.8116138636262498,0.9672407068948142,0.7939636956273315,0.8545893957310693,1.0,0.8427699910021498,0.8148134172564281,1.0,0.7938107789716623,0.021858129912897217,0.021156703737310746,0.02106417486415387,0.02200771088768643,4
14,4,0.8316866689185358,0.9319464083589424,0.8258706114278422,0.8575283072345696,1.0,0.8486108405820918,0.8329379856244451,0.9319464083589424,0.8271945168911256,0.8549271130862693,1.0,0.8458468347087124,0.8363238152511993,0.9319464083589424,0.8307767581570162,0.8563828737303133,1.0,0.8473937130810942,0.8358476950966739,0.9319464083589424,0.8302730183197883,0.8549271130862693,1.0,0.8458468347087124,0.028683473182648193,0.03462657923272301,0.03126902976731779,0.03726509548384231,4
14,4,0.8767019415106027,1.0,0.8654589346204895,0.7921203999820184,0.9471545040289059,0.7825404520211133,0.8842844309075114,1.0,0.8737328378285978,0.7917985093097627,0.9471545040289059,0.7821986709130835,0.87972396988208,1.0,0.8687565284487057,0.7941828408585875,0.9471545040289059,0.7847303363166092,0.8842844309075114,1.0,0.8737328378285978,0.7952352217352048,0.9471545040289059,0.7858477464594965,0.031139421185840628,0.03242912585476477,0.031801837847418295,0.033720239471891136,4
14,4,0.7729098100508344,0.842515602499539,0.7486000271606861,0.715651735108017,0.8671275727261272,0.6710495980520588,0.7918573430658405,0.842515602499539,0.7741649751593397,0.72279862341315,0.8671275727261272,0.6803008912360268,0.7833099483073763,0.842515602499539,0.7626324077084192,0.715061528888676,0.8671275727261272,0.6702856053127006,0.7865033659974282,0.842515602499539,0.766941124685954,0.72279862341315,0.8671275727261272,0.6803008912360268,0.06318467281834769,0.06837866444435478,0.06435170554947565,0.0697121686952106,5
14,4,0.8262050229616106,0.9328109172752636,0.8003128631137718,0.7641234956282407,0.8614288003536738,0.7367295502941801,0.8197514999662162,0.908753718560232,0.798134874680297,0.7725498053302755,0.8614288003536738,0.7475280828467238,0.822416821827005,0.908753718560232,0.8014475429200997,0.767317995698024,0.8614288003536738,0.7408233842751847,0.8180044102442826,0.908753718560232,0.7959634563915421,0.7781823943214663,0.8614288003536738,0.7547463904721586,0.20114027192169598,0.17206313926433764,0.1736910705149849,0.17383473753986411,5
14,4,0.7310598806051685,0.7897322809206422,0.711672494815351,0.7371493541881179,0.6583939924293851,0.760073221002947,0.7388913515239038,0.8009834940288718,0.7183739649028108,0.7293551537941202,0.6583939924293851,0.7500103088949778,0.7400838086181598,0.8009834940288718,0.7199604509715052,0.7293551537941202,0.6583939924293851,0.7500103088949778,0.7469534087436066,0.8009834940288718,0.7291000040413976,0.7272526339330323,0.6637628420529776,0.7457330459412752,0.1656048411513728,0.16487357500026492,0.1611418979762647,0.16392769379682767,5
14,4,0.7708485514778516,0.9711184254354487,0.7182433816587626,0.8021727190259174,0.9378778365304181,0.7627259647592222,0.7650059576900122,0.9711184254354487,0.7108661055329378,0.8063362559259967,0.9205947683756099,0.7731235993485573,0.7701983658600495,0.9711184254354487,0.7174224108691195,0.8065275114328548,0.9378778365304181,0.7683466079249066,0.7624315692921703,0.9711184254354487,0.7076154989092961,0.8063362559259967,0.9205947683756099,0.7731235993485573,0.04125605461994616,0.03699856180619259,0.036010376511411916,0.03942742468592184,5
14,4,0.7562030926363917,0.8892178496330069,0.7204009079125828,0.7040134909458402,0.7493451821547954,0.6906062590116415,0.7377876309752485,0.8762755711440525,0.7005122870367597,0.7189145940585396,0.7679833131853258,0.7044021044403074,0.7564288950597489,0.8762755711440525,0.7241710243348191,0.714532361792164,0.7679833131853258,0.6987237898346692,0.7377876309752485,0.8762755711440525,0.7005122870367597,0.7298880791654078,0.782385576247221,0.7143614994025566,0.056624663655928546,0.059234657315749846,0.05712478711968661,0.06097674314661065,5
14,4,0.6988676298017188,0.8741309843114929,0.6741327729591056,0.7455900192169073,1.0,0.7026056363159592,0.7051163716929559,0.8741309843114929,0.6812633976407214,0.7414885446915559,1.0,0.697811188382436,0.700546292519862,0.8741309843114929,0.6760483447683504,0.7421275845628712,1.0,0.6985581986031577,0.701192034605307,0.8741309843114929,0.676785220211852,0.7380688225848615,1.0,0.6938136798068438,0.04586659873885549,0.04315496989303219,0.0431876564355254,0.044164532562403776,5
14,4,0.79911794377742,0.8132349965597614,0.7962957957021943,0.7479521465575681,0.8737030010313567,0.7266300752326932,0.7880031156031682,0.8132349965597614,0.7829589958868314,0.7576167005624026,0.8961455457702429,0.7341280178776278,0.7941785827222031,0.8132349965597614,0.7903690041606183,0.7513023660294015,0.8737030010313567,0.7305483514293204,0.7947589282684047,0.8537849835349779,0.7829589958868314,0.7664136987347535,0.8961455457702429,0.7444166180216755,0.0896853862453005,0.08470725349707914,0.08594177678442157,0.08605957256647233,5
14,4,0.7597014880696732,0.7626820871838692,0.7592229535436466,0.7211879137178109,0.7466831850651402,0.7170385761362299,0.7590088928662242,0.7626820871838692,0.7584191623340547,0.7300384756554609,0.7219876997659869,0.7313487338011377,0.7595892046028319,0.7626820871838692,0.7590926429911329,0.7228812791159718,0.7466831850651402,0.7190075355686809,0.7626983918266697,0.7626820871838692,0.7627010095334513,0.7347750420810588,0.7219876997659869,0.7368561730999692,0.0975652543066571,0.09616567948558354,0.09461514439643443,0.09560500044180109,5
14,4,0.8093161034344152,1.0,0.8068522187475865,0.8164261917786783,1.0,0.8122478617572753,0.8128715471258544,1.0,0.810453603409522,0.8245145042111823,1.0,0.8205202725586408,0.8091123420043075,1.0,0.8066458244539992,0.8224533173696318,1.0,0.8184121709695931,0.8128715471258544,1.0,0.810453603409522,0.8250760428770529,1.0,0.8210945924261901,0.03230354709372501,0.03359022277925926,0.03277308554161305,0.034099078117716494,6
14,4,0.8185950916570413,1.0,0.8130841000641692,0.8259179333827786,1.0,0.8193638832053004,0.8131159396428709,1.0,0.8074384941157475,0.833481512200325,1.0,0.8272122246986053,0.807779437557137,1.0,0.8019398717301911,0.8334985292295457,1.0,0.8272298824053271,0.806042333712055,1.0,0.8001499955275494,0.8336247238699396,1.0,0.8273608281727114,0.022473090678037287,0.020636914661312802,0.021053829138977336,0.020793100881424185,6
14,4,0.8142743778578103,0.9895976154318804,0.757864062423976,0.8072156707830836,0.9405888621330228,0.7534400102084938,0.8182259401045887,0.9895976154318804,0.7630870412603724,0.805385667658358,0.9405888621330228,0.7508721554518951,0.8186936310952091,0.9895976154318804,0.7637052119972688,0.8091723135897237,0.9405888621330228,0.7561855653772858,0.8162045813990348,0.9812938746862555,0.7630870412603724,0.8098381016373422,0.9405888621330228,0.7571197971181302,0.012284529948716247,0.011991520082144814,0.011625357948926643,0.012466555931840756,6
14,4,0.8311846499448895,1.0,0.8059186273100558,0.8036119534413393,1.0,0.7702691817632537,0.8258688207344355,1.0,0.7998071959158524,0.8063404050032216,1.0,0.7734608699582036,0.8263514648042721,1.0,0.8003620756916786,0.8029828878108497,1.0,0.7695333133407638,0.8189571711748637,1.0,0.791861103136756,0.8100456241650072,1.0,0.7777951614015947,0.018026705842147397,0.017974200326741584,0.017558936113538058,0.019399854594521055,6
14,4,0.8592318515940016,0.9810591485410365,0.8434001514319031,0.8278575449238715,0.9078599874784467,0.8177802317428359,0.8685773840469311,0.9616794222740308,0.8564785885337015,0.8355284071730732,0.9078599874784467,0.8264173355064894,0.8708061814515755,0.9810591485410365,0.8564785885337015,0.8340253192365313,0.9078599874784467,0.8247249147522049,0.8613091904117544,0.9616794222740308,0.8482658786428432,0.8515977689385933,0.9559729648381774,0.8384504011354849,0.01022355599156457,0.008643875546919444,0.008798829307201245,0.008248922407600483,6
14,4,0.8355423113706258,1.0,0.7911775386642368,0.8361841505094585,0.9643071247099103,0.8033575986714687,0.8610349211349128,1.0,0.8235471381716671,0.8383108588168239,0.9643071247099103,0.8060291936467536,0.8483523043225195,1.0,0.8074432072395549,0.8351528326647962,0.9643071247099103,0.8020620455567425,0.867900393898452,1.0,0.8322646686967791,0.8529684366025558,0.9643071247099103,0.8244422082696754,0.011899690147754653,0.010876446872457007,0.010657222885638157,0.011219747714019745,6
14,4,0.8003441035406924,0.9232780663863712,0.7847830821147334,0.8065827177881755,0.9330094253065485,0.7941863867744134,0.8034003882545735,0.9232780663863712,0.7882262323523122,0.8065827177881755,0.9330094253065485,0.7941863867744134,0.7996624248570153,0.9232780663863712,0.7840151163192054,0.8019696732627822,0.9330094253065485,0.7891210262151657,0.8034003882545735,0.9232780663863712,0.7882262323523122,0.8075611361492743,0.9330094253065485,0.7952607405443528,0.019344293284424812,0.01849110129301773,0.01857721349475072,0.01870339908386771,6
14,4,0.8135438417843723,0.9509940567141749,0.7444645510095184,0.8078124206030218,0.9735119142457648,0.7286367992670649,0.8080931367083533,0.9164094274714752,0.753655880650946,0.8226574654846085,0.9641236500687131,0.7550611631891838,0.8128254088247934,0.9396337596657971,0.7490944721733,0.8201217716728287,0.9641236500687131,0.7513138474909892,0.8045101274561615,0.9164094274714752,0.74827213403281,0.8296819674203206,0.9641236500687131,0.7654421588178386,0.032543687680472944,0.026782028155230883,0.028193823481105697,0.025618039538371953,6
14,4,0.863244904824987,0.9599271088090272,0.8360713373793002,0.8469460076102366,0.9762327894719457,0.8147434802402459,0.8663418969568787,0.9678465409382676,0.8378129311739513,0.8406584984796889,0.9762327894719457,0.8068898892415445,0.867642918019174,0.9798195650999346,0.836114471628117,0.8406584984796889,0.9762327894719457,0.8068898892415445,0.8748213956745442,0.9877389972291752,0.8430846961040992,0.8406584984796889,0.9762327894719457,0.8068898892415445,0.024529353047775017,0.022421679792000777,0.02208328824694512,0.022120228116917304,7
14,4,0.8295221469446173,0.9540154274481947,0.7801104605883724,0.7842552872293092,0.9557298757117463,0.7295940306115778,0.8461953387973652,0.9540154274481947,0.8034012829112387,0.7903298770536042,0.9557298757117463,0.7376050281343657,0.8441006604280914,0.9540154274481947,0.8004752215935751,0.777005750085839,0.9557298757117463,0.7200335457430481,0.8530564393730856,0.9540154274481947,0.8129855710223409,0.798913174398105,0.9715630765449813,0.7438772609732819,0.037042744452625245,0.0353428038457722,0.03400238848784845,0.03482891120301835,7
14,4,0.8735858560573998,0.9628469337790204,0.8446376590697274,0.8621440955482652,0.9717045321519957,0.8284192298296349,0.8711865157419313,0.9869820354505099,0.833632952639456,0.8629226080900595,0.9717045321519957,0.8294373839039585,0.8652760854544436,0.9628469337790204,0.833632952639456,0.8717249259125395,0.9717045321519957,0.8409492289588786,0.861740560946733,0.9869820354505099,0.8211235869251019,0.8725609237588884,0.9717045321519957,0.8420425634495782,0.01497819709977905,0.01392789775276121,0.013313756863484374,0.014495488542096608,7
14,4,0.7697473071750212,0.9627068364366552,0.7605581290045803,0.7515233388366271,0.9341190027631389,0.7369119288225605,0.7864609915109688,0.9627068364366552,0.7780677575669428,0.7453317865783039,0.9341190027631389,0.7302249249925818,0.7816940664648218,0.9627068364366552,0.7730738205471359,0.7402518964939464,0.9341190027631389,0.7247385391828998,0.7864609915109688,0.9627068364366552,0.7780677575669428,0.7415025149437581,0.9341190027631389,0.726089232840131,0.030731435348476506,0.028031110520951554,0.026771766356044606,0.02862165845242731,7
14,4,0.7923474398379646,1.0,0.7689085768763326,0.7980920454112672,0.9725211520372463,0.7766693918663959,0.7863514750529423,1.0,0.7622358152494645,0.8034909633165506,0.9725211520372463,0.7827313822946046,0.7936583174009032,1.0,0.7703674202506883,0.8034909633165506,0.9725211520372463,0.7827313822946046,0.788581239281452,1.0,0.7647172649768093,0.8056294318109634,0.9725211520372463,0.7851324885480392,0.03890594034649335,0.04048252245121323,0.03729600949546744,0.03980130992694788,7
14,4,0.8336397502712588,0.951701619709318,0.7738862695262622,0.8380935342156718,0.9741821199654774,0.7763646086100845,0.8375288135740309,0.9615809291554612,0.7747435490762494,0.8367616645263589,0.9896632547704713,0.7674064659463172,0.8301478038841623,0.9615809291554612,0.7636268623004479,0.8414475134900811,0.9896632547704713,0.7742177864952346,0.8350815269257841,0.9615809291554612,0.7710576415565094,0.8633201992994215,1.0,0.8013231023147865,0.016362119138426407,0.014239958265456109,0.013640404038834047,0.013350946544817973,7
14,4,0.8404400203314639,0.9876414111454639,0.7832111405984594,0.8359330612085109,1.0,0.7791293768845835,0.8450377074626809,0.9876414111454639,0.7895963141279189,0.8359330612085109,1.0,0.7791293768845835,0.8411860368159864,0.9876414111454639,0.7842471929816611,0.8359330612085109,1.0,0.7791293768845835,0.847530710176176,0.9876414111454639,0.7930585451325035,0.8359330612085109,1.0,0.7791293768845835,0.05083365926167606,0.04347727824956568,0.0431140051039697,0.04431306696013333,7
14,4,0.8313045233387506,1.0,0.764572951126811,0.8704057819629089,1.0,0.8104975714402003,0.8648019548543057,1.0,0.8113211011224084,0.880720363533695,1.0,0.8255803296592643,0.8614192615073759,1.0,0.8066003016814736,0.884196127584671,1.0,0.8306628537003623,0.8686426415930244,1.0,0.8166810643083723,0.8718576072510762,1.0,0.8126205397494306,0.026832687948702007,0.024629384965826926,0.023768198399148493,0.023591108790994554,7
14,4,0.918731210278714,0.9821782015911759,0.867238310323812,0.8709204912797196,0.9461533902591107,0.8229419373447789,0.9302192572970115,0.9821782015911759,0.8880499335047229,0.8800871652130713,0.9461533902591107,0.8379545080291757,0.9302192572970115,0.9821782015911759,0.8880499335047229,0.8800871652130713,0.9461533902591107,0.8379545080291757,0.9302192572970115,0.9821782015911759,0.8880499335047229,0.8824136642666762,0.9461533902591107,0.8417646938984854,0.05925515821884501,0.04531984811479775,0.04453546450822689,0.04769953060190307,8
14,4,0.8217209447102087,1.0,0.8044076059371382,0.8263167622070964,0.9692391805640193,0.8131579643364303,0.8215490985262903,1.0,0.8042190711343902,0.830146326439953,0.9692391805640193,0.8173401146943484,0.8186951298406029,1.0,0.8010879429886488,0.8340130236015796,0.9692391805640193,0.8215628167918126,0.83066242862595,1.0,0.8142174304435089,0.8381591460588298,0.9692391805640193,0.8260906707366015,0.045721602778693596,0.04349076658871571,0.04562696049963214,0.04588220866237767,8
14,4,0.7686373686221136,1.0,0.7350852360369993,0.7407008555141081,0.9254117860185217,0.7077036871657747,0.7694988142508881,1.0,0.7360716082270745,0.7557254943405975,0.9254117860185217,0.7254123606369748,0.7764592578531408,1.0,0.7440414530675615,0.7551172495745748,0.9254117860185217,0.7246954576833362,0.7744594446475812,1.0,0.7417516276097259,0.7546333218882914,0.9254117860185217,0.7241250800869735,0.08028661259002019,0.07114556039800359,0.07407346877218779,0.07086298363986653,8
14,4,0.8377526685817839,0.9397840795480101,0.8013138241359316,0.8472052146887863,0.9049506512213509,0.8267351477563624,0.8381405783637446,0.9397840795480101,0.8018402695322685,0.8472052146887863,0.9049506512213509,0.8267351477563624,0.8336948465005326,0.9397840795480101,0.7958068174731147,0.8515965865114925,0.9049506512213509,0.8326832083935216,0.8411240388338691,0.9397840795480101,0.8058892239610841,0.8472134416774064,0.8882027880565766,0.8326832083935216,0.019349402825277456,0.018991744407642105,0.018448509330041062,0.020001331891104184,8
14,4,0.7957477857694254,0.906579153411527,0.7381492162572536,0.7995628402472623,0.9226211518640536,0.7405403689861905,0.8268318889522748,0.909995442296016,0.7836121596458844,0.7986695093425388,0.9060282571276294,0.7471770215737926,0.8291054309299494,0.909995442296016,0.7870672512915446,0.798176469401391,0.9060282571276294,0.7464475048325442,0.824253698579682,0.909995442296016,0.7796940951875458,0.8008078914399416,0.9060282571276294,0.7503410361069971,0.0876264360809183,0.05731297439761817,0.0589951169941383,0.05771745215515388,8
14,4,0.827845499007032,0.9379272788689098,0.8019021023297821,0.798480877339061,0.933858345246214,0.7628818047140414,0.8240542881705483,0.9379272788689098,0.7972174022461098,0.8048568310349448,0.933858345246214,0.7709343892568633,0.8240542881705483,0.9379272788689098,0.7972174022461098,0.8128033087724358,0.9509422199124319,0.7764780826765649,0.8310834830216942,0.9379272788689098,0.8059031944976047,0.8079302104413686,0.9509422199124319,0.7703235467172249,0.028889983017913994,0.026221582970923994,0.02521972566532535,0.025655308069413258,8
14,4,0.8031703227137111,1.0,0.7974762390734171,0.8114107613963164,0.8798146629385908,0.8085664148376854,0.8101303663216954,1.0,0.8046376297088943,0.8128327179195222,0.8798146629385908,0.8100474986482551,0.807058658285501,1.0,0.8014770602635984,0.8128327179195222,0.8798146629385908,0.8100474986482551,0.8046325732027754,1.0,0.7989807909913239,0.8078156826307905,0.8798146629385908,0.8048218467932708,0.04183213887936373,0.04451776446425029,0.04249039510712465,0.04552977816203672,8
14,4,0.7688108777335064,0.9652957965114033,0.7536728715369436,0.7767243118740931,1.0,0.7601548394605765,0.7869479257062093,1.0,0.7705335177154582,0.7694203507894944,1.0,0.752308845417905,0.7904173394138326,1.0,0.7742702293232517,0.7728113364575517,1.0,0.7559514789207675,0.783234097470441,1.0,0.7665335608791045,0.7711773113448414,1.0,0.7541961914607979,0.02060648567919199,0.021314912022732092,0.02063152793042294,0.022513063795314148,8
14,4,0.8116451306125205,0.8682581004683018,0.8055100813564671,0.7837226588533148,1.0,0.7543798524064462,0.8216394024936579,0.8682581004683018,0.8165874151300535,0.7860448268487369,1.0,0.7570170738682441,0.826661638613819,0.8915048022901605,0.8196346975420804,0.7859359609584382,1.0,0.7568934379112766,0.8178158800554634,0.8682581004683018,0.8123495442033464,0.7796440897519713,1.0,0.7497479351684632,0.05072000426531951,0.04886731709729311,0.04945650888706839,0.04876632482529136,9
14,4,0.785827829160451,0.923631419852715,0.7588243503234094,0.8098791689182442,0.8993493333113145,0.7929393810916814,0.8007854573372906,0.9430757204881398,0.7729027868610796,0.7677670667352617,0.8993493333113145,0.7428540055750744,0.8000153044390345,0.9430757204881398,0.771981717666776,0.7758370180364573,0.8993493333113145,0.7524518769794718,0.8069306224704925,0.9430757204881398,0.7802521356863822,0.7751712668511943,0.9171717610270144,0.7482856758955596,0.04091800189203591,0.040269938980779275,0.03935166379867907,0.04230953115313969,9
14,4,0.8829570830873004,1.0,0.8771888657921932,0.8550253693700608,1.0,0.8450872224796275,0.8894265665378404,1.0,0.8839771843103663,0.8665498157386966,1.0,0.8574016804547405,0.8858196821783293,1.0,0.8801925421395088,0.8619568196270747,1.0,0.852493830152243,0.8971161123695826,1.0,0.8920456934525601,0.8665498157386966,1.0,0.8574016804547405,0.015079426244573244,0.014524142491908129,0.014196518704028663,0.014538783872480771,9
14,4,0.8741320222805155,0.9109384025399945,0.863317297234492,0.7634413919051714,0.9103642666039781,0.7227791256215113,0.8775995917430147,0.9254002530476552,0.8635544450759598,0.7845997866574019,0.9309962364609286,0.7440832133389393,0.8820504767152505,0.9254002530476552,0.8693131222528858,0.7872566664227637,0.9432530831866395,0.7440832133389393,0.886182614635183,0.9383204669970521,0.8708630821571541,0.7789591996304641,0.9309962364609286,0.7368815416125925,0.03048362928381354,0.017351229926662323,0.017507140132688365,0.0179873362023841,9
14,4,0.8379163082835348,0.9621736033139396,0.7674508678301277,0.8484223043745969,0.9742827107522736,0.7696199187787884,0.8421436713007322,0.9621736033139396,0.7740755387630525,0.8533369605817884,0.9844937627045683,0.7712184517365348,0.8349231449856378,0.9621736033139396,0.7627603026204666,0.8565251752445164,0.9844937627045683,0.7764028376213753,0.847770277816176,0.9621736033139396,0.7828929543675863,0.8565251752445164,0.9844937627045683,0.7764028376213753,0.025462313274049304,0.02019469698218107,0.016923347827174154,0.01965255671182525,9
14,4,0.7767617319401039,0.8928544171889186,0.7613615286436307,0.8136889260218522,0.8986428950174341,0.8011606049158059,0.7983767192224868,0.9385835165184389,0.7797776733198329,0.8156892074044587,0.8986428950174341,0.8034558715446586,0.7849573212602743,0.8928544171889186,0.7706442987917278,0.817468047968272,0.8986428950174341,0.8054970410619438,0.8074697815944859,0.9271443699622254,0.7915944231570882,0.812236705590266,0.8986428950174341,0.7994942228140965,0.051462189650266596,0.038503328325592834,0.04132651126036871,0.03579670954441896,9
14,4,0.8296947666403293,1.0,0.8239420315273196,0.8122019896709027,1.0,0.8079258804426102,0.8296947666403293,1.0,0.8239420315273196,0.8192406616662632,1.0,0.8151248210703248,0.8296947666403293,1.0,0.8239420315273196,0.8162787478312256,1.0,0.8120954652689895,0.8318366402456072,1.0,0.826156255413641,0.8211972499915466,1.0,0.8171259603755631,0.2019888293240914,0.18997164864450386,0.18924083097212027,0.17848147216660198,9
14,4,0.8220107470213185,1.0,0.7588975336502565,0.8372314933990982,1.0,0.7843242952247629,0.8210713881157328,1.0,0.7576250874483981,0.8360093484659125,1.0,0.7827048973737484,0.8210713881157328,1.0,0.7576250874483981,0.8392319422010553,1.0,0.7869749812465173,0.8210713881157328,1.0,0.7576250874483981,0.8474608770098851,1.0,0.7978786956781765,0.01433853093455435,0.013033782530079653,0.013124844003435157,0.012807146678011357,9
14,4,0.7392712926057352,0.7989052615165655,0.7372590613282642,0.6630779813053922,0.8828620376650549,0.6498864490922686,0.7465959092618276,0.7342364609834363,0.7470129545944173,0.6742106480004909,0.8828620376650549,0.6616873031607318,0.740037546760457,0.7342364609834363,0.7402332930181188,0.6637671049375982,0.8828620376650549,0.6506169342169487,0.7529756744600496,0.7342364609834363,0.7536079924519853,0.6771103030451157,0.8828620376650549,0.6647609967300868,0.08799127308495479,0.08584796450673988,0.08577358243265813,0.0857226371207819,10
14,4,0.8069776165477202,1.0,0.7978276827053926,0.7858427826805021,1.0,0.7700501217716439,0.8062369795814041,1.0,0.7970519369650484,0.7852822614647159,1.0,0.7694482658691078,0.8099486086361682,1.0,0.8009395101755676,0.7908861773182987,1.0,0.7754654329964281,0.7924991235995155,1.0,0.7826628587201171,0.7932686407267672,1.0,0.7780235871297232,0.03871569559265506,0.03364816765107889,0.0345687308639244,0.03292693613383575,10
14,4,0.7992761221261917,0.8010249451633533,0.7992076854821986,0.7716542788272533,0.7932779271402729,0.7709087001872744,0.8014027282309065,0.8010249451633533,0.8014175120053374,0.7632760318282772,0.7932779271402729,0.7622415730736906,0.7980697770627939,0.8010249451633533,0.7979541325504903,0.7710457812442506,0.7932779271402729,0.7702792217413852,0.8014027282309065,0.8010249451633533,0.8014175120053374,0.7615003897472028,0.7932779271402729,0.7604047072440271,0.031048918998745557,0.0318931861252095,0.03127243179316601,0.03297873217634096,10
14,4,0.8357610480063864,1.0,0.8205436278900428,0.8397063097777863,1.0,0.8193591017589756,0.8480030634973794,1.0,0.8339199168925016,0.8439548328412346,1.0,0.8241469198029366,0.8480030634973794,1.0,0.8339199168925016,0.8439548328412346,1.0,0.8241469198029366,0.8506768451789849,1.0,0.8368414355369558,0.8382622745320437,1.0,0.8177317649404083,0.04635720931780149,0.04281549137497298,0.04134218318244531,0.04341007406150118,10
14,4,0.7855129849280004,1.0,0.7778876650416041,0.838478503251521,1.0,0.8331309584330199,0.7881702105140145,1.0,0.7806393587943595,0.8240117158104375,1.0,0.8181852143466708,0.7855129849280004,1.0,0.7778876650416041,0.8227202127709213,1.0,0.8168509530952381,0.7960285673156016,1.0,0.7887770914097852,0.8240117158104375,1.0,0.8181852143466708,0.04274041474770443,0.04070516373661459,0.04009840835830633,0.039774373565848266,10
14,4,0.8183316521148652,0.9135144079391538,0.7689634980100862,0.8261953980802486,0.903394156518804,0.7804602461133868,0.8230352191629646,0.9135144079391538,0.7761066500529865,0.8368980381746357,0.9376880201423937,0.7771866485711151,0.8230352191629646,0.9135144079391538,0.7761066500529865,0.8329371919998855,0.915582576854775,0.7839752745785505,0.8255599695632351,0.9209069259362473,0.7761066500529865,0.8371174684887578,0.9301592049042744,0.7819964012553873,0.03267962751731715,0.03226548660964167,0.030273709389601347,0.03233560819049198,10
14,4,0.7414682952418692,0.8575768618005146,0.7315336535243044,0.8147542123421249,0.93703477202892,0.8003103222812556,0.7474836332440227,0.8832401932979486,0.7358678427393348,0.8147542123421249,0.93703477202892,0.8003103222812556,0.7449515792166402,0.8575768618005146,0.7353149790589322,0.8147542123421249,0.93703477202892,0.8003103222812556,0.7578172218754272,0.9039223455485069,0.7453159732611883,0.8116828706756196,0.93703477202892,0.7968761909654064,0.04546751407156777,0.047903341136673036,0.046036490224947664,0.04869593410322464,10
14,4,0.8326459547012072,0.9384841176702436,0.8161570470071315,0.8241026427684455,0.9774823235839041,0.7983410091364056,0.8070582150079113,0.9384841176702436,0.7865829014081869,0.8158782118960092,0.9774823235839041,0.7887352037961047,0.8202843932656609,0.9384841176702436,0.8018696334994457,0.8193334515553926,0.9774823235839041,0.7927707851131489,0.8041933821563223,0.9384841176702436,0.7832717459530714,0.8225206116077901,0.9774823235839041,0.7964932602031057,0.03219096339172476,0.024855517469765453,0.023583799021315206,0.02482255863507813,10
14,4,0.80277934790315,0.9600293921008712,0.7554044676690995,0.7571193318480104,0.9641300840403405,0.7022168072429882,0.8127416048955205,0.9600293921008712,0.7683680639252031,0.7644582956847136,0.9641300840403405,0.7115021803282583,0.8119327008428461,0.9600293921008712,0.7673154605285201,0.7700137318787228,0.9641300840403405,0.7185310060399765,0.8229017342437904,0.9600293921008712,0.781589145742469,0.7665756496177242,0.9641300840403405,0.7141810900025698,0.038162088366661864,0.03875209314740853,0.03653354983654244,0.03989661802633533,11
14,4,0.7628574865995996,0.8433579912845857,0.7487894852060417,0.7265846474223873,0.9379966672350194,0.6775170618005196,0.7661569852649209,0.8433579912845857,0.7526655933224893,0.7237098019298064,0.9227352964114487,0.6775170618005196,0.7661569852649209,0.8433579912845857,0.7526655933224893,0.7265846474223873,0.9379966672350194,0.6775170618005196,0.7604116432554194,0.8433579912845857,0.7459162143853633,0.7226524886535821,0.9227352964114487,0.6762143518351371,0.06324723558861757,0.06529875869875644,0.06290999544330407,0.06696395232622154,11
14,4,0.8122412079654071,0.9025540766179442,0.7181092870680744,0.8282018689336983,0.9373718798160402,0.7302070116795406,0.8165383530635962,0.9025540766179442,0.7268852902570562,0.8366462406467078,0.9474833519247448,0.7371549352014757,0.8104298960903453,0.9025540766179442,0.7144100685337783,0.8379236394020774,0.9474833519247448,0.7395789721927248,0.8163804881189871,0.9025540766179442,0.7265628847469648,0.8308704660671931,0.9474833519247448,0.7261946213801197,0.0999188676080984,0.07990043878890395,0.08286934372476666,0.08165154963886388,11
14,4,0.7893244224459297,0.9618095321807143,0.7701264446415458,0.7680522545379017,0.9274431911495523,0.7525740515965564,0.7861387150204887,0.9618095321807143,0.7665861608672306,0.7617595696460315,0.9274431911495523,0.7456702939807733,0.7887044665100632,0.9618095321807143,0.7694374862259012,0.7641571600506251,0.9274431911495523,0.748300710615273,0.7863160680999307,0.9618095321807143,0.7667832537403737,0.7467141070380064,0.9274431911495523,0.7291637901834312,0.02838003425268688,0.024072737975876966,0.024106809039012612,0.02424366527718034,11
14,4,0.7742031458731143,0.8679110694371412,0.7617367453820244,0.7702421841909656,0.8864115317360869,0.7516642640532223,0.7729584293289595,0.8679110694371412,0.7603264384123521,0.7695470318635931,0.8864115317360869,0.7508579422590808,0.7733859457526469,0.8679110694371412,0.7608108293323629,0.7723822475388995,0.8864115317360869,0.7541465685069882,0.7740999549418929,0.8679110694371412,0.76161982648174,0.7689644046558921,0.8590031595806144,0.7545653154499927,0.03705538287821559,0.03566328981843916,0.03596366554658584,0.03543742872911636,11
14,4,0.860406727057776,1.0,0.8478935439992971,0.8093853079067012,1.0,0.7966282174822953,0.8566266845949568,1.0,0.8437746573908461,0.8213986441568154,1.0,0.8094455590016701,0.8566266845949568,1.0,0.8437746573908461,0.8213986441568154,1.0,0.8094455590016701,0.8546604494210999,1.0,0.8416321683034022,0.8273506582407337,1.0,0.8157959179405524,0.017792303321129764,0.013828190316645348,0.013648679715752461,0.013841519451409602,11
14,4,0.8016900817436631,0.8180049563410742,0.801178967884653,0.7982521180109691,0.9522264501735631,0.7935900254914979,0.7963271133518833,0.8180049563410742,0.7956479879366639,0.8031501078379932,0.9522264501735631,0.7986363184896564,0.7992921752708066,0.8180049563410742,0.7987059395821088,0.8107431060381622,0.9522264501735631,0.8064592203342329,0.7963271133518833,0.8180049563410742,0.7956479879366639,0.8006880860682131,0.9522264501735631,0.7960997507022741,0.027087040387242394,0.027357855818031757,0.026627852392508543,0.027478633231111264,11
14,4,0.7655576864884958,1.0,0.742216048604375,0.7829651712492033,0.9247271830430008,0.7685407996709979,0.7712040174819531,1.0,0.7484245418263529,0.7742392284953812,0.9247271830430008,0.7589269868943211,0.7667712311095369,1.0,0.7435504166325744,0.7792093806895684,0.9247271830430008,0.7644028551202015,0.7688013515912204,1.0,0.7457826607686224,0.7742392284953812,0.9247271830430008,0.7589269868943211,0.05360709790927135,0.05200335953507384,0.05165968962019202,0.051766007505931196,11
14,4,0.7657770993218098,0.7691787751821704,0.7655372353641384,0.7379962370290651,0.7575162188902445,0.7365826224124107,0.7687779808706349,0.806438194034283,0.7661224286819495,0.7395800634826509,0.7575162188902445,0.7382811477545995,0.7717787681269912,0.7691787751821704,0.7719621026430542,0.7458618156634008,0.7575162188902445,0.745017817197264,0.7724252603971515,0.806438194034283,0.7700268905320846,0.7418581931764155,0.7575162188902445,0.7407242569783988,0.11651764203494992,0.12229523754204662,0.11799347774816393,0.12733974778952098,12
14,4,0.8632945999815562,1.0,0.8562564418000924,0.7975805765971369,1.0,0.7900544476515041,0.8720027902775394,1.0,0.8654129656715535,0.800568543666027,1.0,0.7931535099160417,0.8720027902775394,1.0,0.8654129656715535,0.7961575736742221,1.0,0.7885785362511922,0.8739359236988041,1.0,0.867445624779462,0.7922184295393857,1.0,0.7844929313360818,0.022098628720157713,0.018164015145770505,0.01805840936416346,0.01764648430891127,12
14,4,0.7418834395424305,1.0,0.7352185536144593,0.6999772000093488,1.0,0.6972354026944247,0.730575270498961,1.0,0.7236183937874643,0.6920708925003249,1.0,0.6892568423676153,0.7345440976739728,1.0,0.727689700944165,0.6967956412515903,1.0,0.694024768848841,0.730575270498961,1.0,0.7236183937874643,0.6952216366271615,1.0,0.6924363799787712,0.12359698238428428,0.12895712561329148,0.12623777549601234,0.13525786056367894,12
14,4,0.8192101424171567,0.9535813554666565,0.7895691643809127,0.7835892166713498,0.909707221963076,0.7553275187632609,0.8279726075264938,0.9535813554666565,0.8002645437652259,0.7961230573223055,0.8936867881361504,0.7742600673339292,0.8233899835248887,0.9535813554666565,0.7946710376386684,0.7953755259063487,0.909707221963076,0.769755014007191,0.8300361469617241,0.9649995220247953,0.8002645437652259,0.8006182622991409,0.8936867881361504,0.7797625997323837,0.026834302814192256,0.015595594888555407,0.016796709069132408,0.01535380423631083,12
14,4,0.776964961128582,0.8840893008309961,0.6758997607122469,0.7588740388722521,0.8316113703356179,0.7107646276433565,0.7807783901438715,0.8840893008309961,0.6833109245539475,0.7530632753502736,0.8203019618768695,0.7085907389577606,0.776964961128582,0.8840893008309961,0.6758997607122469,0.755166281448408,0.8316113703356179,0.704604511533099,0.7925154929327319,0.9016206219694033,0.6895815400778252,0.7605618259229242,0.8316113703356179,0.7135687388655921,0.026178475978294265,0.02590059218230467,0.02480801566475055,0.027357309367411164,12
14,4,0.8908178680136949,0.9544341076425821,0.8364957679189962,0.8555016097979933,0.9665347202371675,0.7631791149032175,0.8788479660317198,0.9369833481802992,0.8292059867738847,0.8621616148106788,0.9702271138532572,0.7723066477274559,0.8788479660317198,0.9369833481802992,0.8292059867738847,0.8621616148106788,0.9702271138532572,0.7723066477274559,0.8826714664638835,0.9369833481802992,0.8362943858294151,0.8621616148106788,0.9702271138532572,0.7723066477274559,0.028842294247133304,0.02224639612278959,0.022793542105930587,0.02460225137105332,12
14,4,0.8563342906230574,0.9630267942979205,0.7987559348896968,0.8469564283947166,0.9684621028428715,0.7625382069014526,0.8607137751626384,0.9689316957543884,0.8023122032251677,0.8383606895402452,0.9684621028428715,0.7479704260842444,0.8568997355773977,0.9689316957543884,0.7964398547573338,0.8383606895402452,0.9684621028428715,0.7479704260842444,0.8607137751626384,0.9689316957543884,0.8023122032251677,0.8333414339679195,0.9684621028428715,0.7394639537168154,0.01078046135726696,0.011900199133409447,0.011677758429119934,0.014061146950896847,12
14,4,0.752122499198719,0.8970919994210097,0.7342628887257435,0.7315959873832822,0.8358128569394225,0.720237953546918,0.7508218707690988,0.9592036432088339,0.7251501447871836,0.7355567587266638,0.8358128569394225,0.7246303879706416,0.7550941377775063,0.9304566704180183,0.7334902382006188,0.7392542531856346,0.8358128569394225,0.7287308523840319,0.7508218707690988,0.9592036432088339,0.7251501447871836,0.7243939468025828,0.8358128569394225,0.7122510014547249,0.055403063094541384,0.04886486330206874,0.051559814242362764,0.04982815342052435,12
14,4,0.7639694966448087,1.0,0.7476981789585334,0.7361221414818737,1.0,0.7120652289389227,0.7753567340767379,1.0,0.7598704223756642,0.7224660568084291,1.0,0.6971641620736675,0.7667297377149163,1.0,0.7506487037364837,0.7321192024691255,1.0,0.7076973545947859,0.7728972101824494,1.0,0.757241345419072,0.722281623710932,1.0,0.6969629147920571,0.03571896397454926,0.03352662559162024,0.03328655685235257,0.03301787079669762,13
14,4,0.8629529763115427,0.9776025019113229,0.8435418720858238,0.7858089539513118,0.9737088338165647,0.7522461677713126,0.8572460890237109,1.0,0.8330766820410531,0.7897310369710305,0.9737088338165647,0.7568688155485257,0.8572460890237109,1.0,0.8330766820410531,0.7888267069888234,0.9737088338165647,0.7558029536172255,0.8621138475339133,1.0,0.8387685919578387,0.7932555733355148,0.9737088338165647,0.7610229066549803,0.05318784064479007,0.04660038438753195,0.0482278225154379,0.04523962972686675,13
14,4,0.7890213979605383,0.9774060297420896,0.7716980470648669,0.7457890204584183,0.9166190142972895,0.7342730504087188,0.7886079725894467,0.9774060297420896,0.7712466041935957,0.7571225699023172,0.9166190142972895,0.7463706156616672,0.7949736705770984,0.9774060297420896,0.7781976748780174,0.7589798309585046,0.9166190142972895,0.7483530781664813,0.7930857418101619,0.9562720161043179,0.7780795650099598,0.7603115944192178,0.9166190142972895,0.7497746182980367,0.03328853133886942,0.031986872401532265,0.03278870459430487,0.03221492048889207,13
14,4,0.8105439170782297,0.978727338840872,0.7732472704329519,0.7936358441954197,0.9485864488857424,0.7614962873058165,0.8317065551841446,0.978727338840872,0.7991029717863973,0.7944697955878796,0.9485864488857424,0.7625032152947518,0.8279901932502813,0.978727338840872,0.7945624629990535,0.7920189126701566,0.9485864488857424,0.759543974948406,0.8414465418088464,0.978727338840872,0.8110029146996797,0.794457232602639,0.9485864488857424,0.762488046519236,0.025009691130062392,0.02700975072559203,0.02554775243569786,0.028548229279159832,13
14,4,0.7608714933181316,0.9115084490345605,0.7423586375495554,0.7748838880421254,0.853558551475714,0.762878585851885,0.7527591165275821,0.9115084490345605,0.7332492725979697,0.775981254029794,0.853558551475714,0.7641434035923834,0.7589737494665496,0.9115084490345605,0.7402276663465379,0.7786806766827256,0.853558551475714,0.7672547426523675,0.7597861374604149,0.9115084490345605,0.7411398945269431,0.7833616806529479,0.8806269387529942,0.7685195603928658,0.03608749604669928,0.03155717991871787,0.034437346223845956,0.031146258918003367,13
14,4,0.7835074592470233,0.833842673765433,0.7713828155756819,0.77953222875516,0.8435055082226607,0.7703362929544875,0.7814785331703443,0.8532326750772129,0.7641945420145012,0.7826551016814159,0.8130239584927518,0.7782896844337549,0.7855112007838847,0.8399232122179816,0.7724045465977165,0.7864299108882036,0.8713352029862772,0.7742250712775047,0.784016741002005,0.8532326750772129,0.7673441481647575,0.7732702747218325,0.8130239584927518,0.7675558213306579,0.05360416780013536,0.061691757826833206,0.058236665098941674,0.06651889450221733,13
14,4,0.7251412877765652,0.7217375480094541,0.7254544858357135,0.7353241510000106,0.7494579460650542,0.7342782216189031,0.72681813708429,0.7936230759875658,0.7206710228400731,0.735070506684931,0.8039383833641598,0.7299741447169086,0.72326811081844,0.7557073371428092,0.7202831873459612,0.736334502675731,0.8039383833641598,0.7313316789639444,0.7294459306147042,0.7936230759875658,0.7235406150654169,0.7344534833701488,0.8039383833641598,0.7293114604306188,0.09617436186310643,0.0943715758618561,0.09522269049107215,0.09629554101976494,13
14,4,0.8190922395869018,0.9094346582318312,0.8002584983410679,0.8191861970152072,0.9125293902630838,0.7959252003289337,0.8290394364556517,0.9094346582318312,0.8122793936424855,0.812092036333186,0.8920593624632667,0.7921642875236681,0.8277884537023139,0.9094346582318312,0.8107676177220755,0.8161755366695665,0.9125293902630838,0.7921642875236681,0.8267739589320449,0.9094346582318312,0.8095416305843771,0.812092036333186,0.8920593624632667,0.7921642875236681,0.020327879216882176,0.01907732062255326,0.01934234933634477,0.019787801030951443,13
14,4,0.8503200883628563,1.0,0.8388531482291136,0.8141932353139795,0.9632964441073593,0.7986226600305815,0.8503200883628563,1.0,0.8388531482291136,0.819138751660112,0.9632964441073593,0.804084627600037,0.8503200883628563,1.0,0.8388531482291136,0.819138751660112,0.9632964441073593,0.804084627600037,0.8492311665600426,1.0,0.8376808044026853,0.8233395631742346,0.9632964441073593,0.8087241221744461,0.0782073149546015,0.08804816415081006,0.08289463331079473,0.09300370496626469,14
14,4,0.8614204947499627,1.0,0.8549606377907498,0.8524790279454337,0.9352996287789727,0.8474475867752003,0.8694076263170843,1.0,0.8633200879582656,0.8585263958908371,0.9352996287789727,0.8538623388707526,0.8694076263170843,1.0,0.8633200879582656,0.8593355944264236,0.9352996287789727,0.8547206970934925,0.8694076263170843,1.0,0.8633200879582656,0.8628570890024856,0.9352996287789727,0.858456126277761,0.059150129139169706,0.04678632519908933,0.045778782185063906,0.04543965178408901,14
14,4,0.8517409942400928,1.0,0.8349388273833783,0.8142105411515831,1.0,0.7994646162568754,0.865114769610801,1.0,0.8498282503475065,0.8120976391685103,1.0,0.7971840153411217,0.8649287082558774,1.0,0.8496211026921927,0.8157020565398414,1.0,0.8010745117407048,0.8604596534208669,1.0,0.8446455706644831,0.8295057502645613,1.0,0.8159737909318764,0.03714378838924634,0.03459427307418429,0.03452702580836728,0.0339368682593148,14
14,4,0.8231347344079987,1.0,0.797648195585517,0.8127133702272658,0.9685023857794733,0.7725834404244575,0.8312652495972445,1.0,0.8069503296922697,0.8127530995087096,0.9685023857794733,0.7726334036320212,0.8347221630991748,1.0,0.8109053893953664,0.8112616217997181,0.9685023857794733,0.7707577339082581,0.8268229577153564,1.0,0.8018678971692583,0.814557813595326,0.9685023857794733,0.774902996769021,0.026052160514633597,0.026285740594518082,0.025297253245711054,0.026769434290920616,14
14,4,0.8740213329638554,1.0,0.8657899854576077,0.8168139538580349,1.0,0.8058920311123862,0.8725206087253877,1.0,0.8641912050719485,0.8256366368114713,1.0,0.8152407402760944,0.8669948194196399,1.0,0.8583043650177524,0.8256366368114713,1.0,0.8152407402760944,0.8664283925489628,1.0,0.8577009282586623,0.8261111336466087,1.0,0.8157435275726812,0.03284463968157188,0.035191007375053714,0.03363320173028855,0.03630321696225788,14
14,4,0.86184326358575,0.9165291807242365,0.8447446290374443,0.8196161765071487,0.8110672165826966,0.8230210112079387,0.8654270322634648,0.9439639944069805,0.8408708963423029,0.8114528842026473,0.7962717860952662,0.8174991319437629,0.866329815485808,0.9439639944069805,0.8420559526104853,0.8090514368107975,0.7878407133859698,0.8174991319437629,0.859688734413607,0.9439639944069805,0.8333384060751255,0.8128530353040605,0.7962717860952662,0.819456927846248,0.04790673493965416,0.04653747853137115,0.04821810997280683,0.052240265925222795,14
14,4,0.8000411880240479,0.9368698707263431,0.7699152688522053,0.8126112698587566,0.9784966388591846,0.7779760204887675,0.798204197071719,0.916333109635622,0.7721954538647062,0.8055888991137924,0.9784966388591846,0.7694874471281904,0.7991070888808053,0.9368698707263431,0.7687755067241844,0.8077377924812851,0.9784966388591846,0.7720850085011925,0.7972961758922992,0.916333109635622,0.7710875113521471,0.8029187519078553,0.9784966388591846,0.7662597991921439,0.04415688704826832,0.04215150565608169,0.040962396550812324,0.043118492793306124,14
14,4,0.7954809269265756,0.9807346030448052,0.7698180855643285,0.8073471438235327,0.93645302677975,0.7957577567823881,0.8098372908873366,0.9807346030448052,0.7861632094708222,0.8135833990797947,0.98005875681152,0.7986394839816712,0.8033976860857808,0.9807346030448052,0.7788315383960313,0.8109390462560688,0.98005875681152,0.7957577567823881,0.8098372908873366,0.9807346030448052,0.7861632094708222,0.7978710463141911,0.98005875681152,0.7815166878392207,0.03634808941740452,0.03742858952746284,0.03563641367176822,0.038643748596791934,14
14,4,0.7844882293416573,1.0,0.7399907461641703,0.741661185288696,0.9503861709269573,0.7115415838229525,0.7829364862118203,1.0,0.7381186091013023,0.7804345736838247,0.978907985172325,0.7517943031512858,0.7856368644873674,1.0,0.7413765441011151,0.7643875304694903,0.978907985172325,0.7334316265457625,0.7870339223963635,1.0,0.7430620575344367,0.7875455851916784,0.978907985172325,0.7599314535853438,0.07111329059413013,0.06822260100358749,0.06552185255613638,0.06674520296677397,15
14,4,0.8079166296218063,0.9078578947541286,0.7755388119739186,0.7967794282577981,0.8158054318862299,0.7920225977072577,0.8002173713908343,0.896436768192817,0.7690453216902469,0.7956363558750057,0.8158054318862299,0.7905937374239617,0.8030120639277365,0.9078578947541286,0.7690453216902469,0.7983240625174352,0.8158054318862299,0.7939534172940472,0.8107362016651891,0.896436768192817,0.7829719211982732,0.7940090390512177,0.8158054318862299,0.7885595631994299,0.0450370982893717,0.04035066854016711,0.04074793825941176,0.04040621102015289,15
14,4,0.8490803096108311,0.916345882024383,0.7850932057292681,0.8060883341034643,0.915185486716181,0.7085795147990726,0.8556986385525215,0.9271031579527647,0.7877743165474071,0.8108071775585147,0.9332861923498066,0.7013379216168901,0.8455325879191661,0.9201156995580078,0.7745845956400832,0.8065507356125522,0.9332861923498066,0.6932771583055309,0.8525652915277487,0.9271031579527647,0.7816603392480793,0.8031426250353739,0.9252213800584539,0.6940311131455298,0.047965151686541495,0.037835177860518,0.03737299242465592,0.03879302081313992,15
14,4,0.8056402900256374,1.0,0.8022098048942705,0.8070190062291974,1.0,0.8042409671138716,0.810274846380124,1.0,0.8069261620328118,0.8090190739355766,1.0,0.8062698266002755,0.8154777405036178,1.0,0.8122208882079849,0.8129448683290406,1.0,0.8102521343848806,0.8088736254305208,1.0,0.8055002092721044,0.8136508487195314,1.0,0.8109682776473784,0.0382978774360321,0.037354642676550066,0.03710088618474884,0.03691806243438458,15
14,4,0.7358559527709652,0.9418203845980874,0.7038588712700389,0.7124996120621023,0.8771351131954531,0.6858083919305477,0.7608945527221284,0.9418203845980874,0.7327872793604002,0.7155445108855956,0.8771351131954531,0.6893469392333583,0.7560482862133601,0.9418203845980874,0.727188133419583,0.7153397407477562,0.8771351131954531,0.6891089711231023,0.771870911261525,0.9418203845980874,0.7454688422190711,0.7167684721076217,0.8771351131954531,0.6907693328602101,0.0810891700085893,0.07606049400646656,0.07456781462372208,0.07369919513758294,15
14,4,0.9130642807622071,1.0,0.9013640403670603,0.8971796600939772,0.9643912427368312,0.8880012414250811,0.9164461528774074,1.0,0.9052010616094595,0.8971796600939772,0.9643912427368312,0.8880012414250811,0.9164461528774074,1.0,0.9052010616094595,0.8971796600939772,0.9643912427368312,0.8880012414250811,0.9164461528774074,1.0,0.9052010616094595,0.9027165265331797,0.9643912427368312,0.894294222752439,0.02950540018429599,0.026564369713707868,0.027018318784478405,0.027902059208276157,15
14,4,0.8365144358937464,1.0,0.8246400772324654,0.8429270199849352,1.0,0.8271751449547055,0.8444254269726289,1.0,0.8331256630527881,0.8409177366815284,1.0,0.8249643630899767,0.8444254269726289,1.0,0.8331256630527881,0.8409177366815284,1.0,0.8249643630899767,0.8510581377328428,1.0,0.8402401239105954,0.8452373309606659,1.0,0.8297171426901016,0.029723280496721814,0.02664404535187077,0.027821888842053666,0.026686231999954717,15
14,4,0.8338369541852272,1.0,0.820531509534009,0.7661683246890036,0.9805365417874568,0.7329969237311315,0.8362987043842883,1.0,0.8231903834729373,0.7717528381174981,0.9805365417874568,0.739445586409914,0.839958412035539,1.0,0.8271431408655104,0.7793541741781038,0.9805365417874568,0.7482231554480329,0.8342111253815987,1.0,0.8209356423510225,0.7756300286991573,0.9805365417874568,0.7439227346024315,0.040014175185900884,0.038141448418370034,0.03879734941861263,0.03891210979533907,15
14,4,0.8145941363746907,0.8713465652422916,0.7768765093890407,0.8038967599540765,0.9035398686588915,0.7566979623040921,0.8178653174795592,0.8673718537099373,0.784963305986004,0.8024878776573942,0.9162387522800799,0.7486065346963885,0.822267601709599,0.8783981051030059,0.784963305986004,0.8007174473993127,0.9107307019247978,0.7486065346963885,0.8102811427265528,0.8673718537099373,0.7723386936687265,0.8032558271905138,0.9162387522800799,0.7497382454076795,0.016229257088539593,0.014974663317321175,0.015455478619407104,0.015123177491413451,16
14,4,0.7737683651202321,0.973178796697456,0.7491986421268498,0.7625316178272634,0.9307801918955878,0.735112880176701,0.7826621130230395,0.973178796697456,0.7591882049306964,0.7603724201408775,0.9307801918955878,0.7326018074433698,0.7777448705044894,0.973178796697456,0.7536650999925303,0.766089460831443,0.9307801918955878,0.7392505293663039,0.7826621130230395,0.973178796697456,0.7591882049306964,0.7695759218132863,0.9598412573111229,0.738569208401897,0.026018012339292157,0.02354199417206987,0.024283360887373946,0.0236265370187703,16
14,4,0.7558727611972851,0.8998226860785818,0.7410118499813919,0.7697277691829836,0.9658224311342609,0.7523566275712302,0.7714038683310795,0.9170202000647061,0.7563709228171315,0.7806690150240962,0.9658224311342609,0.7642671090306089,0.7706296681318282,0.9170202000647061,0.7555167967656513,0.7806690150240962,0.9658224311342609,0.7642671090306089,0.766544159835756,0.9170202000647061,0.7510095141886283,0.783602411977938,0.9658224311342609,0.7674603623894217,0.03064429656754098,0.031197710361477938,0.030800717526021315,0.031921788943132384,16
14,4,0.8570935081369296,0.9565021981839497,0.7890467910819835,0.8087426567624854,0.9312899757936307,0.7535434500959606,0.8597261775103048,0.962980904883752,0.7890467910819835,0.8067443127549984,0.9304699639217294,0.7510143478508542,0.8570935081369296,0.9565021981839497,0.7890467910819835,0.8092775461094001,0.9386272084677713,0.7510143478508542,0.8558710613428976,0.962980904883752,0.7825527909404144,0.805356597324612,0.9304699639217294,0.7490015612933157,0.022222766999360988,0.020943049819955577,0.021228107030229953,0.02217961220886874,16
14,4,0.8384474556353707,0.968048575864442,0.8058146603264195,0.7603546447894082,0.8726783948889814,0.7330326081819221,0.8306482521211002,0.968048575864442,0.7960516635100218,0.7671897290972003,0.8585217802680783,0.7449737895179446,0.8289000005939806,0.968048575864442,0.7938632125916298,0.7530880685988746,0.8585217802680783,0.7274419899437774,0.8306482521211002,0.968048575864442,0.7960516635100218,0.7626267677992009,0.8585217802680783,0.7393009169544118,0.02813319389320635,0.02906231535530141,0.028624693354030926,0.030464501190247874,16
14,4,0.8011127207193126,0.9530329066256934,0.7357238690231179,0.8479359284547264,0.9686783911842323,0.7926747575364185,0.7990787243090074,0.9530329066256934,0.732814408375914,0.8492455289212976,0.9764488475198022,0.7910273663002846,0.7989937035038144,0.9530329066256934,0.7326927932709663,0.8507990775092737,0.9686783911842323,0.7968483069728297,0.7986303434239249,0.9530329066256934,0.732173037263607,0.8490854928668534,0.9764488475198022,0.7907940852617827,0.025933501557907947,0.019746106283448358,0.02019232825709502,0.019923758839534435,16
14,4,0.8157082274411845,0.9815068939757796,0.7505834451587909,0.8369906530004046,0.9746937994445689,0.7825142988907546,0.8268260332258838,0.9815068939757796,0.7660682624298907,0.8522149352560581,0.9805307664121784,0.8014522705208027,0.8424806017262111,1.0,0.7806078693801182,0.8482524990092272,0.9805307664121784,0.7959222660252186,0.8283030794536964,1.0,0.7608614962199597,0.8589390796782413,0.9862623665664924,0.808569072586636,0.015116682792754018,0.014540037472225032,0.013397887842279911,0.01441026455966138,16
14,4,0.7848278808390524,0.8335459568687253,0.7731464817096416,0.8109433760111963,0.926157596917905,0.7783963188201708,0.8021422397003936,0.8476164600669566,0.7912386375573806,0.8142726444156264,0.926157596917905,0.7826660778021572,0.7983981504200184,0.8476164600669566,0.7865968075445189,0.8077901813506859,0.926157596917905,0.7743523729473325,0.7987858622289765,0.8476164600669566,0.7870774831311284,0.8117142630179459,0.926157596917905,0.7793849749816224,0.020447188707090943,0.018872925494328317,0.018614228592737515,0.020083223648648663,16
14,4,0.6888547930062617,0.9307085070707004,0.6755268475193161,0.6752877140128344,0.9711675608199386,0.656025345338153,0.7168623709544719,0.9307085070707004,0.7050778521358291,0.6983599361234307,0.9711675608199386,0.6805996151658693,0.7036263214988939,0.9307085070707004,0.6911123975260285,0.6861159104661063,0.9711675608199386,0.6675584789962248,0.7198092358618607,0.9307085070707004,0.7081871113028841,0.7003792089452496,0.9711675608199386,0.6827503466793442,0.19046031042262457,0.1954803830809661,0.1856585795800148,0.19413230252937447,17
14,4,0.7717811821275194,1.0,0.7663609129932323,0.7650038739609288,1.0,0.7619380032946397,0.7782867060097985,1.0,0.7730209451261028,0.7617230404655226,1.0,0.7586143664928807,0.769749759388818,1.0,0.7642812433217323,0.7615644744312019,1.0,0.7584537317310389,0.7748746429521604,1.0,0.7695278444912481,0.7612739796426163,1.0,0.7581594470099721,0.028528784327422063,0.026057452510435328,0.026709085875234087,0.026355077292411773,17
14,4,0.8180133611077253,0.9737672868680233,0.7943516584379864,0.8085331375588147,0.9461653949875523,0.7875900493512186,0.8072323277038386,0.9646229544388837,0.7833219819797772,0.8147828642844495,0.9461653949875523,0.7947907782658287,0.8113262596062302,0.9737672868680233,0.7866486710981192,0.8147828642844495,0.9461653949875523,0.7947907782658287,0.8110669905195093,0.9646229544388837,0.7877391960919253,0.8125605701635835,0.9461653949875523,0.7922303243075377,0.026646935225999233,0.030625905415597326,0.029186934053494602,0.03273025967536229,17
14,4,0.793176457906764,0.9870950597682322,0.7716262919778027,0.7642512379527872,1.0,0.7397286202598496,0.787338995460598,0.9870950597682322,0.765140112579723,0.7675161033686625,1.0,0.7433330974120377,0.7900470933679316,0.9870950597682322,0.7681491612916451,0.7679632452074745,1.0,0.7438267510046018,0.7888280894857541,0.9870950597682322,0.7667946895601905,0.770906831913264,1.0,0.7470765299924006,0.09158910663478367,0.11509247607088395,0.1055999140277744,0.1251686069475937,17
14,4,0.8008454193889618,0.821841969199764,0.7999432403501675,0.828103239354501,0.957030227772353,0.8178772938435326,0.798031020925341,0.821841969199764,0.7970079129089969,0.8227944939523719,0.957030227772353,0.8121474811235366,0.798031020925341,0.821841969199764,0.7970079129089969,0.8198242490773393,0.957030227772353,0.8089416489396013,0.8062496743047199,0.8846620981010557,0.8028804519435434,0.8187688282548025,0.957030227772353,0.8078025165842436,0.0512993312714818,0.05076749126779722,0.04997845276200457,0.05121513941835895,17
14,4,0.8343476513958008,0.9803809204245525,0.8168666213107416,0.766981254707298,0.9169185294888033,0.7543880290756555,0.8353336438277831,0.9803809204245525,0.8179706427609178,0.7644133331732142,0.9169185294888033,0.751604427916007,0.8336010898387822,0.9803809204245525,0.8160306920012554,0.766981254707298,0.9169185294888033,0.7543880290756555,0.8389185639193294,0.9803809204245525,0.8219846985993364,0.7723230818637368,0.9169185294888033,0.7601785160784486,0.025485951187768103,0.02663283882664537,0.02519279842265021,0.0276412737853053,17
14,4,0.777897551556272,0.9369270142809953,0.7499652536439514,0.7734626269810622,0.9594122667523071,0.7291477576332774,0.789090350914145,0.9581611089208335,0.7593943769732704,0.7836170488161173,0.9710364494193694,0.7389519111950354,0.7868543184181727,0.9581611089208335,0.7567656026246312,0.7751248478486812,0.9710364494193694,0.7284358785234346,0.7971514233226387,0.9581611089208335,0.7688713145437851,0.7773364277137472,0.9710364494193694,0.7311745143854533,0.03109159913793159,0.030217455302329846,0.030332660508064737,0.030683545544417313,17
14,4,0.8005070305315063,1.0,0.7879326511351139,0.8485156462705746,1.0,0.8313585682230877,0.8098785797307985,1.0,0.7978949049365673,0.8520194964077028,1.0,0.8352592635048754,0.8100977225368735,1.0,0.7981278606844867,0.8512951765318918,1.0,0.8344529073505006,0.8175465182857501,1.0,0.8060461666323547,0.8573276751898747,1.0,0.8411686452193211,0.017657180706401907,0.018765348458799774,0.018954226518153497,0.020122242539217326,17
14,4,0.8322944390414189,1.0,0.826779250073221,0.8076437439482673,0.9684563077465773,0.8026368245272267,0.8302663874147429,1.0,0.8246845036518436,0.81181685461435,0.9684563077465773,0.8069398655193154,0.8302663874147429,1.0,0.8246845036518436,0.81181685461435,0.9684563077465773,0.8069398655193154,0.8329072483230041,1.0,0.827412212288138,0.81181685461435,0.9684563077465773,0.8069398655193154,0.0727753609968184,0.06363050273051676,0.06722468602829683,0.06137503849487937,18
14,4,0.886339949839652,0.9839119558767588,0.8741396649288947,0.8695308291798947,0.8543446156355236,0.8704854352899265,0.8897223794858363,0.9839119558767588,0.8779450294623494,0.8721169486684124,0.9094140429628755,0.8697724515364643,0.8876301982937569,0.9839119558767588,0.8755912444797462,0.872787764882556,0.9094140429628755,0.8704854352899265,0.8897223794858363,0.9839119558767588,0.8779450294623494,0.8742868307184709,0.9094140429628755,0.8720787324760145,0.05201590308404967,0.04367963140118615,0.045011006121316505,0.0410698570440281,18
14,4,0.7692333970330759,0.9304992335992786,0.7443059107632253,0.7747359796801617,0.9119060092659113,0.749266575972822,0.7641775175772519,0.9596090179241186,0.733968912051599,0.7866124771407813,0.9119060092659113,0.7633482731360822,0.7611572648769688,0.9596090179241186,0.7304818071691,0.7888540069006672,0.9119060092659113,0.7660060047918849,0.7641775175772519,0.9596090179241186,0.733968912051599,0.7855595505723876,0.9119060092659113,0.7620998416755078,0.05164213505078461,0.0488792512906095,0.05054227124343526,0.05027976585812931,18
14,4,0.6949336928772956,0.9437894123628531,0.6211403025593786,0.7595361081963994,0.9487758575066053,0.6698533045377907,0.7082557370877047,0.9437894123628531,0.6384127434505774,0.760336514960207,0.9234258753420607,0.6830466689355325,0.6977260699787637,0.9437894123628531,0.6247607055297697,0.7546922027310078,0.9309023134063223,0.6711842884795927,0.7100847827220427,0.9437894123628531,0.6407841574848983,0.7565102042813018,0.9234258753420607,0.6774070274389531,0.05213697243721241,0.05458586646636393,0.051743152160797355,0.058685130581925773,18
14,4,0.7764314921070173,0.9118497145264886,0.7683809559035999,0.7595786701108362,0.971127807084918,0.7401242269560421,0.7742696283343516,0.9118497145264886,0.7660905705608104,0.7706479222642317,0.971127807084918,0.7522114276573002,0.7779788440044706,0.9118497145264886,0.7700202969901542,0.7706479222642317,0.971127807084918,0.7522114276573002,0.7692974171805983,0.9118497145264886,0.7608227642855947,0.7706479222642317,0.971127807084918,0.7522114276573002,0.29983145279374135,0.3113585258127826,0.3046764340490308,0.31647793547374103,18
14,4,0.8130849504427825,0.8400789168035677,0.8117844876556547,0.7796316734534599,1.0,0.7613372047363958,0.804012464063813,0.8400789168035677,0.8022749246809422,0.782138833395822,1.0,0.7640525032976467,0.809759709808565,0.8400789168035677,0.8082990500483341,0.782138833395822,1.0,0.7640525032976467,0.8093220850601488,0.8400789168035677,0.8078403422663082,0.7777051045618566,1.0,0.759250696551923,0.049182165179998946,0.04239623079371456,0.04416839121383686,0.040533323608440294,18
14,4,0.7478463173179731,1.0,0.7211032732987899,0.7826686031654742,1.0,0.745690325981423,0.7448515774336794,1.0,0.7177909157628329,0.7941837215171671,1.0,0.759164706751791,0.7550597128795705,1.0,0.7290817108497792,0.7837005093936356,1.0,0.7468978079206352,0.743712184424874,1.0,0.7165306804285634,0.7927851500900187,1.0,0.7575281726434651,0.04180980004449608,0.042736290509444316,0.04203170789234881,0.04468295968635422,18
14,4,0.809199732772204,0.902898694113193,0.8050842340639326,0.7640503238995984,0.7994330204325006,0.7620138076509666,0.8127544694945383,0.902898694113193,0.8087951039405691,0.771820315793998,0.7994330204325006,0.7702310157356295,0.8224610670593473,0.902898694113193,0.818928040166639,0.7640503238995984,0.7994330204325006,0.7620138076509666,0.8131037445678094,0.902898694113193,0.8091597200709053,0.7692154281054165,0.7994330204325006,0.7674761989397871,0.03685228730365822,0.03804179163343227,0.037381033852755235,0.039977577681002616,18
14,4,0.8912822361275499,0.9634671988630896,0.8785079909549136,0.906540922800688,0.9958401877713863,0.8862998247287529,0.890864561894198,0.9634671988630896,0.8780164028085123,0.9007570417969791,0.9958401877713863,0.8792049351442804,0.8869868462754351,0.9634671988630896,0.873452465459535,0.9027088890736295,0.9958401877713863,0.8815991996363589,0.8877543605840564,0.9634671988630896,0.8743558032912321,0.9016465609616414,0.9958401877713863,0.8802960779690558,0.048103011326588355,0.0401513292223176,0.04180442242427834,0.03843631756911262,19
14,4,0.8694712381536268,0.9778869209444079,0.763858440191338,0.8730839044721965,0.9906098230585327,0.7830796582080208,0.8778430279395727,0.9844772759444208,0.7739656090966754,0.8810453632532925,0.995976904795098,0.7930279548988036,0.8745910035890417,0.9778869209444079,0.7739656090966754,0.885400927593999,0.995976904795098,0.8007191178058161,0.8818461042775823,0.9844772759444208,0.7818682697165061,0.8769597370076354,0.995976904795098,0.7858134553358332,0.016047114420396615,0.016974094528713946,0.017524429638792548,0.019028361160037817,19
14,4,0.8134540712885131,0.8616940818430019,0.6937138903436719,0.805494150928223,0.8293520828981795,0.7125565534300318,0.8005729863313288,0.8450058588513749,0.690282790821529,0.8135725615560035,0.8293520828981795,0.7521040820138536,0.8036027527699138,0.8492562344774662,0.690282790821529,0.8108402533629228,0.8342331521502214,0.7197141735942473,0.7987886113603271,0.8490439999582877,0.6740459080523324,0.8185747652221651,0.8342331521502214,0.7575781598322598,0.021708569558418274,0.0162575161681958,0.01722193487601054,0.018479968328090707,19
14,4,0.8698566933942921,0.993316884749435,0.8247812447870859,0.8537672072778211,0.9772360139236335,0.8147955480923077,0.8809821315913021,0.993316884749435,0.8399685924318093,0.8666556207028838,0.9880065457709635,0.8283524490591626,0.8666507114503132,0.993316884749435,0.8204047553883136,0.8703125349560356,0.9880065457709635,0.8331636306921983,0.8903131097429671,0.993316884749435,0.852706320739243,0.8743648515345489,0.9880065457709635,0.8384950193286662,0.007430407458475462,0.007122125519112253,0.006643455636421616,0.0074298579621380435,19
14,4,0.8302848065060284,0.9692179625603015,0.7785411598571982,0.8306789357461194,0.9907393440908459,0.7775012614068074,0.8344828557044919,0.9692179625603015,0.7843027118256904,0.828328506221245,0.9907393440908459,0.774369936861585,0.8314860986954417,0.9692179625603015,0.7801898559661388,0.828328506221245,0.9907393440908459,0.774369936861585,0.8344828557044919,0.9692179625603015,0.7843027118256904,0.8277894545249438,0.9907393440908459,0.7736517933095625,0.01603973496882916,0.013679072920452538,0.014454556871326801,0.014425254890747554,19
14,4,0.8878626482653817,0.9742071487635839,0.8704744074669937,0.8522990781570489,0.9788657228488084,0.8226839182047373,0.884940890525552,0.9742071487635839,0.8669642598836701,0.8537424981333279,0.9788657228488084,0.8244650820911908,0.8863787699816079,0.9742071487635839,0.8686917025901553,0.8586121860418449,0.9788657228488084,0.8304742217618983,0.8814755970840983,0.9742071487635839,0.8628011182127469,0.855460846554312,0.9788657228488084,0.826585504561504,0.041592110192147806,0.03412851635262526,0.03359903839476021,0.03414020484697737,19
14,4,0.8942918245324066,1.0,0.8493394995616537,0.8980977131616686,0.9884116512831888,0.8552021229108772,0.8983069743781632,1.0,0.8550620889680148,0.9054734872411209,1.0,0.860577088706431,0.8983069743781632,1.0,0.8550620889680148,0.9027336845349546,1.0,0.8565359868132714,0.8983069743781632,1.0,0.8550620889680148,0.9099694156777381,1.0,0.8672084074053412,0.05763787311317128,0.04800376265909879,0.050416836918418306,0.04657769978263716,19
14,4,0.8385229645352518,1.0,0.8192095904296015,0.8277942015131677,1.0,0.8118442000990428,0.8479926560537615,1.0,0.8298118993164925,0.8277942015131677,1.0,0.8118442000990428,0.8385229645352518,1.0,0.8192095904296015,0.8239747188508553,1.0,0.8076709502906735,0.8488263402602653,1.0,0.8307452958747856,0.8259871626177161,1.0,0.8098697901092895,0.015894591357576558,0.013820161199824665,0.014635720310438017,0.013728062261790864,19
14,5,0.8651671428775434,0.959260636604956,0.7842925144249129,0.8412043904729186,0.9430448633867257,0.7573227524898453,0.8672217048445025,0.959260636604956,0.7881130001463038,0.8376633620091513,0.9430448633867257,0.7508651304637436,0.8640926928072853,0.959260636604956,0.7822945600104038,0.8497340763725578,0.9430448633867257,0.7728779755288144,0.864229926163101,0.959260636604956,0.7825497472886774,0.8401029321327318,0.9430448633867257,0.7553140700657404,0.023878158272352283,0.018092364478212067,0.01596695497233163,0.018294654635225078,0
14,5,0.8443715506221411,1.0,0.8301144234184836,0.8280549528272413,1.0,0.8065019058968932,0.8442422315722321,1.0,0.8299732574462944,0.8203860725727484,1.0,0.7978717433097824,0.8479531126072409,1.0,0.8340240924110971,0.82007976147309,1.0,0.7975270365853896,0.8482788998965559,1.0,0.8343797250843612,0.812750327137352,1.0,0.7892788689403264,0.02029231395235429,0.01943978683366551,0.018153924817485997,0.019489703556354997,0
14,5,0.8014814794198905,0.859426550756714,0.7622268723838401,0.817065175460427,0.8487815280342965,0.7984709804196155,0.8069357810521268,0.8575952062273221,0.7726167996090799,0.8202195736686013,0.8521782268108015,0.8014833262270432,0.8016759451605582,0.8575952062273221,0.7637937134490381,0.8258642991955892,0.8585988554201034,0.8066731667475756,0.820812978674114,0.8748479882544794,0.7842072239769323,0.8210054643783671,0.8421255753850714,0.8086234774387403,0.058015887434005826,0.05583334816438499,0.05281529157475766,0.05815574778494161,0
14,5,0.8645838224357094,0.9230847476813718,0.8211364898239703,0.8037338538874065,0.8741657561825952,0.757672444392745,0.8571441380667785,0.9157421046014188,0.8136247350537321,0.8095078339213211,0.8683673900011157,0.7710145655739375,0.8645638377824569,0.9230847476813718,0.8211016630144041,0.8077230061154101,0.8741657561825952,0.764270442446615,0.8536119731917305,0.9275779287241712,0.798679107455537,0.8063438730749285,0.8557699943162269,0.7740199298611476,0.029999112643115132,0.02359588471824059,0.02295979793510146,0.024107305802967993,0
14,5,0.7951937091935506,0.9284511798058843,0.7447704512034768,0.7887873543475544,0.9064074983206694,0.73241296406537,0.7981754950739618,0.9284511798058843,0.7488805142305894,0.7916607914301667,0.9064074983206694,0.7366636164622529,0.7946683106775091,0.9284511798058843,0.7440462472861302,0.7904107094882148,0.9064074983206694,0.7348143802861723,0.7879885894435983,0.9284511798058843,0.7348389881548576,0.7948165008732107,0.9064074983206694,0.7413318320947129,0.04473030360727707,0.041810027553739276,0.03955703688139083,0.04036777827318285,0
14,5,0.8201556147727703,0.9536339103483822,0.7461029134026574,0.7964574482006815,0.9099612991352016,0.739814064880216,0.8527746023260667,0.9642303409678211,0.7909398411461283,0.8026609032608448,0.8964223024388781,0.7558698663878458,0.8495565653336492,0.9642303409678211,0.7859364627139672,0.8035451066432947,0.9013438069809019,0.7547392800051991,0.8562159571298572,0.9642303409678211,0.7962904323429573,0.8103208983010876,0.8964223024388781,0.7673525338019769,0.02930153553245941,0.028770081110007308,0.027263061832878854,0.029797647649529444,0
14,5,0.7940525572452048,0.8680437139000104,0.7669723956523188,0.8263045911999578,0.907176464242022,0.7876162451519981,0.7996829932138558,0.9202467537819572,0.7555576373465049,0.8055857485191199,0.9078987670388268,0.7566401594433869,0.8053778872471388,0.9347719056490406,0.7580207288258453,0.8036670549409994,0.9019693477692012,0.7566401594433869,0.8054945143699415,0.9202467537819572,0.7634961279827609,0.8081466166895821,0.9078987670388268,0.7604261229434764,0.04398889982767357,0.038102306984388754,0.03516230569686607,0.040020489464204265,0
14,5,0.7715768894080349,0.7990557508810198,0.763350963594741,0.7266958514539417,0.726085456929517,0.7268811900502737,0.7726538013872243,0.8173391436377816,0.7592770350078704,0.7482651367281347,0.7604386438528764,0.7445688048760972,0.7726538013872243,0.8173391436377816,0.7592770350078704,0.7389442532186178,0.74168216062571,0.7381129221771141,0.7726538013872243,0.8173391436377816,0.7592770350078704,0.7452454078251186,0.7604386438528764,0.7406321733899259,0.057292880377861614,0.04886336370681171,0.04837239193795401,0.04892165955930799,0
14,5,0.7833256987026365,0.928092461321285,0.7695214591006937,0.752374366700747,0.9142541574426167,0.7331813419049907,0.7858147450508967,0.885420871380216,0.7763167994672593,0.7416630904884021,0.9142541574426167,0.7212000999421616,0.7862221303965574,0.885420871380216,0.7767630310564919,0.754432701610667,0.9142541574426167,0.7354837200817264,0.791143874400174,0.885420871380216,0.7821540881279452,0.7464168245602761,0.9357936777201286,0.7239636534647242,0.07573209750193068,0.07354473666753814,0.0741617503736237,0.07471349613748075,1
14,5,0.8482693834340929,0.9959754745181415,0.7680448455151825,0.8420590978830973,0.9350793129571875,0.7929167908588725,0.835402670910027,0.9959754745181415,0.748189754521394,0.8348420885814447,0.94136322973369,0.778567281875128,0.8486728364682017,0.9959754745181415,0.7686674285323258,0.8341262843225056,0.94136322973369,0.7774733203238839,0.8392307318832488,0.9959754745181415,0.7540969743190639,0.8341063831597894,0.94136322973369,0.7774429054352257,0.014523118717477872,0.015844722197666635,0.01583914136853566,0.017991026548175176,1
14,5,0.7424607540184962,0.957992148931474,0.7303569826248774,0.779708965102447,1.0,0.7678251797642528,0.7526951729619311,0.957992148931474,0.7411661441355742,0.7812318764029962,1.0,0.7694302457970326,0.7484798159060997,0.957992148931474,0.736714061853857,0.7812318764029962,1.0,0.7694302457970326,0.7477395560118314,0.957992148931474,0.7359322305841717,0.775092301824381,1.0,0.7629594666989327,0.14166414752849202,0.1430956895487092,0.14115466380554223,0.14737629665934115,1
14,5,0.8265148273542873,0.9151863364548432,0.7967086872734608,0.7972835744045206,0.9455057851824531,0.7348151909138282,0.8224558642373183,0.9151863364548432,0.7912853397620625,0.7990453552813914,0.9455057851824531,0.7373194759192321,0.8249497328320113,0.9151863364548432,0.7946175001308617,0.7896309204625371,0.9455057851824531,0.7239373191137359,0.8221711226997364,0.9151863364548432,0.7909048848860915,0.801088438037415,0.9455057851824531,0.7402236177327118,0.041359872035546016,0.03824183760135078,0.035050021784838646,0.04102149299982153,1
14,5,0.721770654757028,0.6119793865417997,0.7230083706762626,0.7244949752902052,0.8362862596795145,0.7212219382344293,0.7184252055858178,0.6119793865417997,0.7196252070696196,0.7140295130469476,0.7907812727773313,0.7117823669025422,0.721770654757028,0.6119793865417997,0.7230083706762626,0.7174396942751597,0.7907812727773313,0.7152923917776705,0.7184252055858178,0.6119793865417997,0.7196252070696196,0.7130242782640888,0.7907812727773313,0.7107477007493219,0.10069033031067426,0.09703359117449786,0.09864386965287111,0.09749738840666816,1
14,5,0.7996372150462122,0.7633836069955391,0.8019321422645088,0.7606942432262589,0.904293666000518,0.7492128452399102,0.7998904193389478,0.7053296272943286,0.8058763100437727,0.7542968494265713,0.904293666000518,0.7423039520005273,0.8033465729182512,0.7633836069955391,0.8058763100437727,0.7561587291133772,0.904293666000518,0.7443146970607025,0.7998904193389478,0.7053296272943286,0.8058763100437727,0.7553995366133389,0.904293666000518,0.7434948038205582,0.04801955201550423,0.04622452668004753,0.04550151094396548,0.0451018686099107,1
14,5,0.8231666100906835,0.9426707611037872,0.7857842498985111,0.7787563523199386,0.9826176859914141,0.7234186735550755,0.8155781643396229,0.928543984832745,0.7802410739098927,0.797693494918423,0.9826176859914141,0.7474962588994517,0.8190642116003215,0.928543984832745,0.784817599394499,0.7942647673152137,0.9826176859914141,0.7431368112658105,0.8245930322689117,0.928543984832745,0.7920759027958564,0.7948525489613234,0.9826176859914141,0.7438841448550501,0.010757388867509324,0.011657060185528067,0.01118767846495907,0.013055745266141797,1
14,5,0.8199396071019169,0.9643107587146367,0.7400117123207662,0.8375861859892407,0.9651401711245025,0.7715049006241828,0.815540012343618,0.957939043586286,0.7367039383845113,0.8388444916824861,0.9528476056316741,0.7797834415914771,0.8168109687506726,0.9643107587146367,0.7351509725479211,0.8387998758955393,0.9528476056316741,0.7797157119163526,0.8161090814412223,0.957939043586286,0.737588060000908,0.8320669095784976,0.9528476056316741,0.769494629817762,0.019816031452233557,0.018901495561524928,0.017762823478921667,0.021133772539987654,1
14,5,0.8418959198686372,0.9043189395077635,0.8122810356143894,0.7958197989313449,0.9414442472312172,0.7351946372432927,0.8473851112575769,0.9043189395077635,0.8203744228364149,0.7990025484392513,0.9414442472312172,0.7397024026107067,0.8473851112575769,0.9043189395077635,0.8203744228364149,0.7977798150240969,0.9414442472312172,0.7379706309683828,0.8497846198086683,0.9117761942962905,0.8203744228364149,0.7996929702964028,0.9414442472312172,0.7406802551651859,0.023639952037765477,0.023067646539375715,0.02218963355910933,0.023604106872456385,2
14,5,0.7795689207693756,0.9646159929867535,0.7630082754904928,0.7780406332817583,1.0,0.7526322243111616,0.7764290322323678,0.9646159929867535,0.7595873850459515,0.7794529506759043,1.0,0.7542062142604122,0.7737596364122167,0.9646159929867535,0.7566790937017763,0.783893298805004,1.0,0.759154863448864,0.7763716907086471,0.9646159929867535,0.759524911786707,0.7834000593849464,1.0,0.7586051613118211,0.038485815963586176,0.036505219828325206,0.03679958592310901,0.03706594503521583,2
14,5,0.8000874284049397,0.9286214269201396,0.7935604827552627,0.7681234941615082,1.0,0.7510709459652872,0.7916733714133932,0.9286214269201396,0.7847191606563397,0.7719832422944939,1.0,0.7552145458012517,0.789215806536871,0.9286214269201396,0.7821368008417862,0.7633436774172445,1.0,0.745939614283769,0.7965559038523092,0.9286214269201396,0.7898496276824447,0.7768909664990178,1.0,0.7604831914507009,0.03364875753521532,0.03538656915832264,0.03403780080352833,0.03621867466116542,2
14,5,0.8772828559317029,0.9509009762432753,0.8474042283427526,0.8725142364315664,0.9654416918885625,0.8320944293004332,0.8756073754851905,0.9509009762432753,0.8450487379193209,0.8761683965481993,0.9700263534765269,0.8353438576849693,0.8746131201966789,0.9509009762432753,0.8436509544862705,0.8792226296742381,0.9700263534765269,0.8397265627171945,0.8761305894850997,0.9509009762432753,0.8457843033917541,0.8751029889604945,0.9575129312792968,0.8392578885234628,0.0795751702366438,0.06932094356520756,0.07244683781135536,0.06859289481893392,2
14,5,0.7453374718742787,0.8325061877546442,0.7324204152796469,0.747906139054585,0.8052542624294248,0.734995171182497,0.7634367456459811,0.8427237445312318,0.7516876377065581,0.74029658973869,0.8090091308457107,0.7248271138703394,0.7634367456459811,0.8427237445312318,0.7516876377065581,0.7412522871490732,0.8090091308457107,0.72599797051933,0.7658802615261145,0.8427237445312318,0.7544932448782151,0.7376657931558198,0.8090091308457107,0.7216040375726226,0.07116150205692381,0.07007928106776973,0.06630066413668885,0.07382285084062039,2
14,5,0.8140065409690573,1.0,0.802841450210101,0.8124933769249293,0.9516659294663874,0.8069080806415804,0.8121184972578906,1.0,0.8008400682154168,0.819558945245034,0.9516659294663874,0.8142572055377294,0.8054441287820283,1.0,0.7937650408659576,0.8144078992396335,0.9516659294663874,0.8088994368877848,0.8135913734107144,1.0,0.8024013603588278,0.8142671752329363,0.9516659294663874,0.8087530653215854,0.026141546364099703,0.026025046493147828,0.025342461952649734,0.02675087250636731,2
14,5,0.7726990798397195,0.912729688233486,0.7357554404872996,0.7325568554747525,0.8419143075601982,0.7041655744912408,0.7781041300742972,0.9139506580913367,0.7422643576423485,0.755003343941533,0.8530949247325691,0.7295368980867125,0.7766292058685504,0.9139506580913367,0.7404003108829381,0.7355782187338844,0.8419143075601982,0.7079713412967926,0.7854756540212069,0.9139506580913367,0.7515806772685468,0.7548070328206817,0.8530949247325691,0.7292896208534838,0.044457030786793424,0.040299057981762226,0.04170834127535068,0.039952763710036476,2
14,5,0.8558065081195098,0.9641299527148923,0.7951058057193956,0.8375614478314195,0.9390393547749419,0.7520032870358246,0.8560407211663345,0.9603788033616911,0.7975732776687985,0.8309277165970681,0.947210763975484,0.7328870300568799,0.861183405716856,0.9603788033616911,0.8055977443266458,0.8333041314472398,0.947210763975484,0.7372670503221809,0.8560407211663345,0.9603788033616911,0.7975732776687985,0.8309277165970681,0.947210763975484,0.7328870300568799,0.01273932903347428,0.011775932496434997,0.011050899135292454,0.013532334456372178,2
14,5,0.8444874128273865,0.9523599380002187,0.8272736957029452,0.8316466113304553,0.9630878387777143,0.8051115974923508,0.8703687718810141,0.9523599380002187,0.8572850627714165,0.8342127613959879,0.9761694883015772,0.805554905820474,0.8547234026749587,0.9523599380002187,0.8391430897323742,0.8320346348021208,0.9761694883015772,0.8029370646832182,0.8674605395141302,0.9523599380002187,0.8539127503321002,0.8269764166631048,0.9761694883015772,0.7968577065950279,0.013552133843514278,0.012483253962753078,0.012421604234579886,0.012937150812382782,3
14,5,0.8504180584910352,0.9816636074810963,0.7896563119241676,0.8444799959670306,0.9622360450620407,0.7876770117795062,0.8430587666987267,0.9816636074810963,0.7788899451777994,0.8422628194400957,0.9622360450620407,0.7843903170055825,0.8424031137061708,0.9816636074810963,0.777930749541123,0.8380065729941901,0.9622360450620407,0.7780809488608508,0.8587096925135227,0.9816636074810963,0.801786660241932,0.8368784072983636,0.9622360450620407,0.7764085803094308,0.014117229944180895,0.010463617530178345,0.009869328511969344,0.010524348588395616,3
14,5,0.8157968591931247,0.9151312392147344,0.6883582998670453,0.8549353990626537,0.939622232704411,0.7445639743216548,0.8101109031404153,0.9093825722907294,0.6827527971587901,0.8484241045447245,0.9326261476044171,0.7386845020710431,0.8234859188795804,0.9151312392147344,0.7059118464391191,0.8555530681173172,0.9309832498613352,0.757245736628486,0.8164912011213312,0.9122026204813293,0.6937006285960998,0.8539428702229048,0.9302504481189455,0.7544920379182246,0.015866825666099565,0.016225816474806407,0.015489289116007368,0.018352216250440184,3
14,5,0.8453377097603669,1.0,0.8193435034130585,0.819271529004806,1.0,0.7839040984220117,0.8423158736600254,1.0,0.8158137850679995,0.8259157617361412,1.0,0.791848565912195,0.852818880529665,1.0,0.8280820401271854,0.8212404389360235,1.0,0.7862583117032362,0.8487494355811048,1.0,0.8233286405342968,0.8233142065296019,1.0,0.7887379026350352,0.01472285480733385,0.015409206008994038,0.01519917669301631,0.016344350972445867,3
14,5,0.8457679969581248,0.9451673783870198,0.8004605612262065,0.8164099795920581,0.9624764844429856,0.7676353272725368,0.8417463422453153,0.9451673783870198,0.7946057878378354,0.8226647085007813,0.9624764844429856,0.7759786406119427,0.8448489710528079,0.9550768233227309,0.7946057878378354,0.8226647085007813,0.9624764844429856,0.7759786406119427,0.8496287127870475,0.9550768233227309,0.8015641934462977,0.8278380884948902,0.9624764844429856,0.782879520081629,0.02010494655413684,0.015926760567765222,0.016092700650609658,0.01621320214767153,3
14,5,0.8628048204273768,0.9724842711553774,0.8069092079124353,0.8525873666826832,0.9268087861360853,0.8069473144395751,0.8667264257324722,0.9724842711553774,0.812829369274433,0.8436681001003838,0.9268087861360853,0.7925434344426546,0.8567210750294078,0.9724842711553774,0.7977250214277603,0.8436681001003838,0.9268087861360853,0.7925434344426546,0.8667264257324722,0.9724842711553774,0.812829369274433,0.8463818553639654,0.9339357433530582,0.7925434344426546,0.017564785015767526,0.01821492726300461,0.017124839560241432,0.018939362948909636,3
14,5,0.8233376040218776,0.9646534878085773,0.7766184492929518,0.851423280831303,0.9644056656708446,0.8138260403963724,0.8407612110217594,0.9558145449368399,0.8027244782411002,0.8444688134162736,0.9682862203417896,0.8032659938367471,0.8426120482512827,0.9558145449368399,0.8051872038768458,0.8444688134162736,0.9682862203417896,0.8032659938367471,0.841759885962627,0.9558145449368399,0.8040533159905358,0.8409493124495715,0.9682862203417896,0.798575305660251,0.01858492170963959,0.013165610470456638,0.013059177995295419,0.012343169204487294,3
14,5,0.8796479290361833,1.0,0.8638015185001463,0.9006371660227338,1.0,0.8861412521864601,0.8844037982618337,1.0,0.8691835793284991,0.8999263998449257,1.0,0.8853267932609834,0.8792753044845094,1.0,0.8633798315470171,0.9108245651986265,1.0,0.8978148776982809,0.8884505518981497,1.0,0.8737631573603216,0.9023083077541407,1.0,0.8880561945984334,0.018758527880731537,0.018476072825751592,0.01734432135069408,0.018173066089687998,3
14,5,0.8322475297946511,0.980266990432669,0.7543447455717099,0.839513882155084,0.9621362124140059,0.7827621106737721,0.8864690894269378,0.980266990432669,0.8371031640876755,0.852232216409267,0.9621362124140059,0.8013667137477715,0.8639618081405847,0.980266990432669,0.8027502790547739,0.8593371784445242,0.9621362124140059,0.8117599771956414,0.8808081735446497,0.980266990432669,0.8284629027424244,0.8374269692309716,0.956525231050074,0.782306198615153,0.022919702640080235,0.021615810004525664,0.020446078722267197,0.022748417637341728,4
14,5,0.8423553737711603,1.0,0.8228486758388842,0.8765975014951769,0.9829791869263262,0.8624738978475519,0.8431872410200085,1.0,0.823783477031827,0.8895082340682156,0.9829791869263262,0.8770987043133199,0.8431872410200085,1.0,0.823783477031827,0.8798471334103967,0.9829791869263262,0.8661549622314832,0.844833072521093,1.0,0.825632961132477,0.8939130194604422,0.9829791869263262,0.8820882843793716,0.024999345858875286,0.02109912517947206,0.021938622308024475,0.021345529548818423,4
14,5,0.8128526822082687,0.9379414607272386,0.7312585169044435,0.8287917586601036,0.9728390609829255,0.7379912618488373,0.8202221887006037,0.9556018759671325,0.7319153660392079,0.8228771055580809,0.9641725263829121,0.7338112625942247,0.8234531232667153,0.9556018759671325,0.7372538070674851,0.8263812720128542,0.9716766406890094,0.7347940541515671,0.812616504177698,0.9481115985594545,0.7242344026036083,0.8256915191811197,0.9591934903417135,0.7415382923508197,0.01550807114315298,0.013448862879707018,0.012505574432964964,0.013737548354342058,4
14,5,0.7736029813696703,0.9692878297254212,0.7362693614889138,0.7581292848162435,1.0,0.7031832809569167,0.7800631213266582,0.9545795190172877,0.7467681119833891,0.761200338069468,1.0,0.706951988342332,0.7797146316196403,0.9692878297254212,0.7435470193740876,0.761200338069468,1.0,0.706951988342332,0.7663648440492002,0.9262477553922203,0.7358616758802601,0.7737624101421419,1.0,0.7223677984546105,0.0309025815964367,0.03199542547531033,0.030616191562879,0.03358877898357335,4
14,5,0.8174213731283434,1.0,0.7964075142484331,0.8560870740807879,1.0,0.8338544645892634,0.8188252997506179,1.0,0.7979730255886108,0.8464862987904106,1.0,0.8227704987759815,0.8188252997506179,1.0,0.7979730255886108,0.845047318158244,1.0,0.8211092150097742,0.8244579615763687,0.9733434048745662,0.8073220144595114,0.8439323455683138,1.0,0.8198219941660657,0.027757124292107402,0.026553996175668823,0.02643844257469378,0.027530186965020353,4
14,5,0.7309275620341541,0.9654393500531311,0.7157129162255218,0.7542949095730875,0.8926355779751913,0.7436585045664266,0.7409679258946149,0.9654393500531311,0.726404678385476,0.7573521759028137,0.8485659038872411,0.7503391538882762,0.7342293638516705,0.9654393500531311,0.7192289322009199,0.7481762284523835,0.8485659038872411,0.7404577082316431,0.741675725170085,0.9654393500531311,0.7271583982322352,0.7601321081472147,0.8485659038872411,0.7533328228854634,0.04781708805197513,0.04798747989756428,0.04730594570043583,0.048576076744268344,4
14,5,0.8558632429176651,0.967035905650858,0.7857653182111581,0.8371037659060686,0.9502200746166716,0.7420780459983688,0.8690506243084068,0.9745240996523361,0.8025462197954357,0.8227130021639937,0.9422886394346792,0.7222609882626261,0.8789664520089862,0.9745240996523361,0.8187142944645531,0.8254649094866258,0.9422886394346792,0.727324692862178,0.8736678494382265,0.9745240996523361,0.8100747532590302,0.8191664130275418,0.9422886394346792,0.7157350127781772,0.02619064677277303,0.022318820952577926,0.021944987493894424,0.02426623520758758,4
14,5,0.7992356403207973,0.9367336588373706,0.7547301746101531,0.7890123517942709,0.9189737692200838,0.7532415535071788,0.8044688020278311,0.9367336588373706,0.7616572101738677,0.786994493068566,0.9293205136158774,0.7478204407009957,0.789032452291442,0.9367336588373706,0.7412244107336777,0.7926744198965358,0.9189737692200838,0.7579115753698317,0.8022396636287207,0.9367336588373706,0.7587065425217817,0.7979341173568495,0.9293205136158774,0.7617711055081023,0.03227557287326121,0.027931214014917726,0.028432834159507866,0.027935776717398816,4
14,5,0.8232755860337365,0.9587757148748894,0.7331555334140475,0.8480710101203597,0.9542007461839512,0.7839017088745762,0.8439384911812724,0.9449896553060206,0.7767301696387964,0.8529642071679152,0.9542007461839512,0.7917534832921105,0.8369089515587733,0.9542156823977858,0.7588891825277879,0.8568288254572368,0.9542007461839512,0.7979547686118564,0.8486616108919134,0.9571124601811661,0.7765318178933028,0.8675894160144227,0.9542007461839512,0.8152215430403833,0.02836281499595957,0.02625551849781693,0.02252038955926596,0.02519431749035577,5
14,5,0.7105494769077946,0.844740174301376,0.7036411511642872,0.6225670713803979,0.8683817022941407,0.6098629197278941,0.7201804071829127,0.844740174301376,0.7137678952688719,0.6159969825873824,0.8683817022941407,0.6029532766777272,0.7201804071829127,0.844740174301376,0.7137678952688719,0.6232574671345985,0.8683817022941407,0.6105889964028316,0.723116309030372,0.844740174301376,0.7168549414706507,0.6198995281705016,0.8683817022941407,0.607057512985009,0.051120145371554335,0.05062353730421264,0.05099270144651248,0.0517413789679221,5
14,5,0.7479342539512681,0.9204350572343722,0.7246877834186792,0.6814159361778855,0.9027346265075177,0.6531626920621022,0.7554848444465136,0.9204350572343722,0.7332559029695044,0.6888851585142339,0.9027346265075177,0.6615854252009478,0.7482071570018272,0.9204350572343722,0.7249974632992723,0.6976065802675645,0.9027346265075177,0.6714202118375902,0.751909834115756,0.9204350572343722,0.7291991188108808,0.6941582744845164,0.9027346265075177,0.6675317000108084,0.06528958281780568,0.065140626052467,0.06450097273739407,0.06584021886353943,5
14,5,0.8526923337671888,0.9622079314329,0.798150044710413,0.8628580158579983,0.9440743370622519,0.815972868293666,0.8606108250982064,0.9622079314329,0.8100121993394045,0.8762827404402856,0.9480551404244584,0.8348494482841274,0.8550747929636967,0.9622079314329,0.8017190451935655,0.8793366443410583,0.9480551404244584,0.8396663320011727,0.8606108250982064,0.9622079314329,0.8100121993394045,0.8902965950872838,0.9480551404244584,0.856953322687342,0.02717505105405491,0.0281521815049335,0.025955335569805633,0.02861075615490653,5
14,5,0.7466672191513151,0.8393698306921539,0.733952162599475,0.7347776889276576,0.8224820793017801,0.7212689917848784,0.7516123487539665,0.8110645979339592,0.7434578998350742,0.7185812597257312,0.8224820793017801,0.7025779023276331,0.745196759450402,0.8110645979339592,0.7361623506312185,0.728340348943368,0.8224820793017801,0.7138401384238704,0.7570571830811104,0.8110645979339592,0.7496495456622859,0.7174171209971945,0.8426051422852153,0.6981349954585552,0.10550559926942099,0.10251662090575578,0.10221983977545962,0.1011934081053394,5
14,5,0.8297056806888661,0.959524569746789,0.7160184694558647,0.8547107487473916,0.9670284846023027,0.7577422322852031,0.8304408990048375,0.959524569746789,0.7173975456926421,0.8533129027417942,0.975316723877546,0.7479819908586133,0.83308856670419,0.959524569746789,0.7223638740984251,0.85782265804035,0.975316723877546,0.7563852032107666,0.8348219296182031,0.959524569746789,0.7256152071412766,0.8484663583714718,0.975316723877546,0.7389512255904852,0.015136420848035084,0.013420672825733155,0.012395938760557716,0.014196662158668648,5
14,5,0.6927756372901018,0.8955610736927648,0.6825054017178248,0.714712473070642,0.8366596175635949,0.7100752742933111,0.691241583307101,0.8955610736927648,0.6808936543064127,0.7111572313210196,0.8366596175635949,0.7063848398521089,0.6961376839878755,0.8955610736927648,0.6860377220417704,0.7113584134798702,0.8366596175635949,0.7065936722242131,0.6897088533420735,0.8955610736927648,0.6792832979689556,0.7111572313210196,0.8366596175635949,0.7063848398521089,0.055596177888226184,0.06110007168386312,0.05751605763204449,0.06363635305958502,5
14,5,0.8150713554163571,0.8569635074598454,0.7817048618474394,0.7997126985734301,0.8493342150310619,0.7507170547487634,0.8219752531218346,0.8595583012746358,0.7920408985155358,0.7996471168917842,0.8633183280730515,0.7367789861367289,0.8143489335743271,0.855334073750256,0.7817048618474394,0.7968569277069364,0.8517702495883507,0.7426362236212742,0.8219752531218346,0.8595583012746358,0.7920408985155358,0.7996471168917842,0.8633183280730515,0.7367789861367289,0.02785702883493268,0.021547584084804335,0.021566854033308488,0.022522669778437723,5
14,5,0.8885533659675203,1.0,0.879165650198363,0.9184922567200766,1.0,0.91026795465026,0.8986222473888676,1.0,0.8900826846188347,0.9138353734302355,1.0,0.9051411820794949,0.8965683944173589,1.0,0.8878558251846762,0.913337950205208,1.0,0.904593567808874,0.9028184049827532,1.0,0.8946323058696174,0.9165599659905079,1.0,0.908140691737593,0.034193618082600276,0.02947736736272464,0.029238333270468448,0.027336147586503868,6
14,5,0.8053162570925931,1.0,0.8000870987209824,0.7873116367714434,1.0,0.7755258558161607,0.8132754868507304,1.0,0.8082601114704459,0.7970667163003584,1.0,0.7858214972676176,0.8132754868507304,1.0,0.8082601114704459,0.7947616262004292,1.0,0.783388674335541,0.8119058771763903,1.0,0.8068537144106392,0.8031039789831714,1.0,0.7921933050777195,0.016403206984967406,0.014563403319361123,0.014499151669857182,0.013874156204076794,6
14,5,0.8746666948779458,0.9482176132430923,0.7507908721689592,0.9109302208320514,0.9642338351441264,0.8076963965155282,0.8717368255966266,0.9435481423864349,0.7507908721689592,0.9024002914813248,0.951447918721468,0.8074090943739975,0.8717368255966266,0.9435481423864349,0.7507908721689592,0.9032589495757881,0.9558767258982452,0.8013533968866879,0.8707053218365555,0.9373085505974396,0.7585309269925743,0.9024002914813248,0.951447918721468,0.8074090943739975,0.026281403384881982,0.021195635580316462,0.020379829465812294,0.022362035399126526,6
14,5,0.8149951006219304,0.9307083413786953,0.809060415213708,0.7967664498456203,1.0,0.7787112460790263,0.8208208983706153,0.9307083413786953,0.8151850057078408,0.784791069812828,1.0,0.7656719771041267,0.8149951006219304,0.9307083413786953,0.809060415213708,0.7934678523805164,1.0,0.7751196022673366,0.8277613439205048,0.9307083413786953,0.8224814119123807,0.784791069812828,1.0,0.7656719771041267,0.0317154433180349,0.027755326272833888,0.02890353453960868,0.0276019610285323,6
14,5,0.8485555707063467,0.9883261804250602,0.7585679878914023,0.8368101486721151,0.9911027849676957,0.7398113894888614,0.8550350623854258,0.9883261804250602,0.7692191276390081,0.8368080825775582,0.9911027849676957,0.7398080245078951,0.8508761716905211,0.9883261804250602,0.7623826459857526,0.8401499425418147,0.9911027849676957,0.7452508030751371,0.8550350623854258,0.9883261804250602,0.7692191276390081,0.8336929546178281,0.9911027849676957,0.734734516977723,0.03224795172799765,0.02353437418342478,0.022551925528068353,0.02324195493258638,6
14,5,0.76722236555616,0.9531123457293791,0.7430573175814302,0.768951749257316,0.9451332517046626,0.7461305988141111,0.7667448453908013,0.9531123457293791,0.7425177214628973,0.7779234441756853,0.9451332517046626,0.7562644157295034,0.7596688156234319,0.9531123457293791,0.7345218325474461,0.7743089304223904,0.9451332517046626,0.7521817066151909,0.7681761057723864,0.9531123457293791,0.7441350406936634,0.7838536722555561,0.9451332517046626,0.7629627983845898,0.03429780086595088,0.03323282089655408,0.03328934004311764,0.03355609631163009,6
14,5,0.8525428858742126,0.9617631077062369,0.81173580093336,0.8264980303311691,0.9600817243481076,0.7714123124977118,0.8425561277254152,0.9558305490550566,0.8002343043918786,0.8479807054294006,0.9847698019732188,0.7915731803167109,0.8459149001041717,0.9681790805607583,0.8002343043918786,0.8403887105685267,0.9589162337110131,0.7915116844960356,0.8459602523950605,0.9749391181275548,0.7977709020967668,0.8410957098984483,0.9700298026869297,0.7879273415079284,0.043333825725335506,0.02743343219520412,0.031575662940486755,0.027124085721412942,6
14,5,0.8189146758981433,0.9602275227662646,0.7448647890656274,0.7955234467121338,0.9515905117070983,0.7059894386596748,0.8286024760267845,0.9556943787214839,0.7620045606889495,0.7932206087120892,0.946813445896873,0.7051060387242053,0.8286024760267845,0.9556943787214839,0.7620045606889495,0.7857671379041429,0.946813445896873,0.6933765913329936,0.8278419134763869,0.9556943787214839,0.7608454528397046,0.8042037889031434,0.9628985460154981,0.7131623019523956,0.03495358431563025,0.0355448358808812,0.03498230895653012,0.037134167471760904,6
14,5,0.6976090423007277,0.7459809595623842,0.6885660565561721,0.6855594383233361,0.6928567064854011,0.6844915850319192,0.7101839608574964,0.7770662913351669,0.6976805085382379,0.677996362101374,0.6928567064854011,0.6758217582209016,0.6999389734553851,0.7459809595623842,0.6913315613951099,0.6855594383233361,0.6928567064854011,0.6844915850319192,0.7148911403075322,0.8061650435089133,0.6978277561742283,0.6731922139604635,0.6928567064854011,0.6703145900880174,0.048208455830350064,0.04773806094797285,0.04766790965489912,0.048548404351118436,7
14,5,0.8129083023735961,0.8921176105252028,0.7559303443945093,0.7842587893185861,0.8806150844896649,0.7172834517886466,0.8252380588386782,0.8976364708444681,0.7731594108454013,0.7808347212557286,0.8722648671139641,0.7172834517886466,0.8252380588386782,0.8976364708444681,0.7731594108454013,0.7842587893185861,0.8806150844896649,0.7172834517886466,0.8252380588386782,0.8976364708444681,0.7731594108454013,0.7780682713683168,0.8722648671139641,0.7125940978020256,0.02256103734598193,0.020462799701754086,0.021777569018191743,0.02159981836585116,7
14,5,0.8227400911163494,1.0,0.8037246744497132,0.8308750806649761,1.0,0.8176174534641866,0.8152406492748443,1.0,0.7954207359102152,0.8367460995433587,1.0,0.8239486989010472,0.8179603910639809,1.0,0.7984322358508241,0.8334347399192913,1.0,0.8203777632689244,0.8212134516662611,1.0,0.8020342659588646,0.8393057587976741,1.0,0.8267090087057851,0.05998430661854065,0.0662732508934503,0.06441903831876587,0.07023955335648897,7
14,5,0.7782971709651015,0.8993099299177777,0.7291104969374227,0.7568756711434796,0.9410067520340689,0.6944625657338659,0.8069170906287038,0.8939648449217108,0.7715357841259243,0.7799435951360079,0.8807804718388802,0.7457639086626947,0.7982647256079117,0.9033851858790439,0.7555376127171317,0.7732058003973783,0.8904015123689991,0.7334811200801764,0.7991202658885167,0.8814527799291614,0.76565550923769,0.7701602108688927,0.8609832587348492,0.7393748136797642,0.03142153552439279,0.023551104497406834,0.024338779077326005,0.02453954015032212,7
14,5,0.775995046210077,0.933618754943422,0.7593939458823471,0.7336535096104857,1.0,0.7062850201278641,0.7795697994535685,0.933618754943422,0.7633451960229044,0.7391054830740742,1.0,0.7122972122681828,0.7674730600638571,0.933618754943422,0.7499744148925132,0.7357315346674583,1.0,0.7085765730854041,0.7762188210938157,0.933618754943422,0.7596412889800658,0.7451017343330074,1.0,0.718909609582862,0.05543878942483957,0.0521201509404547,0.05316378389573565,0.05274410726371675,7
14,5,0.8333096973880785,1.0,0.7703997909880964,0.8385192971913114,0.9678770753831845,0.7888633268458211,0.8294707814450165,1.0,0.765112045455843,0.849780797061739,0.9520233575298624,0.8105334195818816,0.8344749544980283,1.0,0.7720048230253829,0.8401870265456375,0.9520233575298624,0.797256932874239,0.8342024371344128,1.0,0.7716294559964371,0.8556556468450465,0.9631277698078442,0.8144008214653784,0.023839724265025418,0.0189978230980204,0.019590046175591326,0.01821247498965137,7
14,5,0.8082481745640057,1.0,0.7915233071626931,0.7586174276156821,0.9486882541186711,0.7461538197086703,0.811906780240364,1.0,0.7955010216385202,0.78302777127039,0.9486882541186711,0.7721648348487675,0.8075611835601759,1.0,0.7907763958247608,0.7754160027778569,0.9486882541186711,0.7640539361124442,0.8259657363253472,1.0,0.8107862199028807,0.7904169797633223,0.9486882541186711,0.7800385795490364,0.0334203707604681,0.03206391984021904,0.03294240958779653,0.03459513890169356,7
14,5,0.8855909319941376,0.9390821997951058,0.8795329835722453,0.8618193599562382,1.0,0.8461981730375473,0.887981044773696,0.9390821997951058,0.8821937794097364,0.8669254148596646,1.0,0.8518814624800396,0.887981044773696,0.9390821997951058,0.8821937794097364,0.8669254148596646,1.0,0.8518814624800396,0.8909502875345225,0.9390821997951058,0.8854992923738435,0.8696988905218764,1.0,0.8549684768675037,0.08939929467101368,0.09006656409097695,0.09164221327979231,0.09710952385944616,7
14,5,0.837114219613176,1.0,0.8051820886850923,0.8365513868156595,0.9780427621397598,0.8085569267491004,0.840857895821251,1.0,0.8096596752354004,0.8305941467091008,0.9780427621397598,0.8014210302057945,0.8366598180608842,1.0,0.8046386062454003,0.8358007675353004,0.9780427621397598,0.807657795367413,0.8563948700169786,1.0,0.8282425180948383,0.8428218679052506,0.9780427621397598,0.8160680398705633,0.04730569516284809,0.04120788061751972,0.03891614922260081,0.04219858391672238,8
14,5,0.8203873163032642,0.9490043609611369,0.7911025132378384,0.7731004464567943,0.9598478532792002,0.7303756135401438,0.8237430582137898,0.9490043609611369,0.7952223237152446,0.7766516052162289,0.972282328435744,0.7318944109657838,0.8226882615127492,0.9490043609611369,0.7939273604503851,0.7766516052162289,0.972282328435744,0.7318944109657838,0.8223451011207552,0.9490043609611369,0.7935060659003087,0.7752528753485471,0.972282328435744,0.7301756739777405,0.028932099424998668,0.026452437181368124,0.026787515073379124,0.0258885578754423,8
14,5,0.7817683193510244,0.9723337971448042,0.7425625454291015,0.81170637553658,0.9900160022586105,0.7370601966186557,0.7965305662724528,0.9911432224255402,0.7564921506694986,0.8132325198504193,0.9817213304481089,0.7426976523126732,0.7965305662724528,0.9911432224255402,0.7564921506694986,0.8134116823932818,0.9900160022586105,0.7394794001004329,0.7941074866894433,0.9911432224255402,0.7535705615378231,0.8169748399276708,0.9817213304481089,0.748006628656275,0.02829001628565018,0.028250818290487367,0.028116742214977446,0.029712375094317442,8
14,5,0.8053783904208905,0.9605835071699463,0.7062906852405162,0.7692807074922108,0.8742612583383944,0.7182344039501828,0.8122011976101945,0.9605835071699463,0.7174693817293291,0.7770691340766098,0.8866320717656495,0.7237946662904242,0.8077653463006812,0.9605835071699463,0.7102015469389383,0.7766871816014472,0.8866320717656495,0.7232269912044674,0.8170507117904481,0.9605835071699463,0.7254149744502016,0.7770691340766098,0.8866320717656495,0.7237946662904242,0.04159201241320766,0.04077799340726511,0.04095118800459694,0.04226483869924014,8
14,5,0.8434006255789784,1.0,0.8093951819796114,0.7879718757992454,1.0,0.7455925980299055,0.8450198382139642,1.0,0.8113660054951514,0.8067797447445416,1.0,0.7681597036580079,0.8416857507986925,1.0,0.8073079233514554,0.8028517974178327,1.0,0.7634466549611414,0.8384936554601632,1.0,0.8034226667637224,0.8067797447445416,1.0,0.7681597036580079,0.02821418819943682,0.02387070486164364,0.023996380978621685,0.024274877163404027,8
14,5,0.8160539301643419,0.9846986668019369,0.7836198152494991,0.8202260850001987,0.9865981546584857,0.7930104520693656,0.826563093287457,0.9846986668019369,0.7961501230059413,0.8156140347447867,0.9865981546584857,0.7876439490559418,0.8245698557980259,0.9846986668019369,0.7937735418375212,0.8136109050338275,0.9865981546584857,0.7853131414899298,0.8203259135619813,0.9846986668019369,0.7887133955922662,0.8173677651304536,0.9865981546584857,0.7896845598208333,0.03239193638140615,0.03343385709823834,0.032401657493294884,0.03416030112373222,8
14,5,0.9955754429178687,0.9962045693454743,0.9919862341842912,0.9985854937859077,0.99831059272264,1.0,0.9955754429178687,0.9962045693454743,0.9919862341842912,0.9985854937859077,0.99831059272264,1.0,0.9955754429178687,0.9962045693454743,0.9919862341842912,0.9985854937859077,0.99831059272264,1.0,0.9955754429178687,0.9962045693454743,0.9919862341842912,0.9985854937859077,0.99831059272264,1.0,0.0963197363542857,0.1135152722102585,0.10360168984450645,0.15516576098226306,8
14,5,0.8206056741072131,0.9018152029005235,0.7836455589626976,0.7063517892194224,0.8935928751185759,0.6099920598407993,0.8169966957571434,0.8956946243035724,0.7811796611808948,0.7161201784143221,0.8819130401451744,0.6307983313817921,0.8152523984078573,0.9018152029005235,0.7758558981594206,0.7130475592256177,0.8819130401451744,0.6261444526522912,0.8272838684539925,0.8956946243035724,0.7961487362731482,0.7226065135782807,0.8819130401451744,0.6406227239921527,0.04024126826996354,0.0376666218466646,0.03738791054080641,0.038579408947117005,8
14,5,0.8154196255365197,0.9006643545404988,0.7190465628372771,0.794350773313299,0.8931706498662795,0.7042965581898628,0.8211129993292337,0.9134631353053809,0.7167069492578284,0.8233943255694799,0.9163671685334008,0.7386684921343255,0.817489414146764,0.9134631353053809,0.7089867353914914,0.8233943255694799,0.9163671685334008,0.7386684921343255,0.8235009933182059,0.9191235743884649,0.715395294483533,0.8228251832432919,0.9163671685334008,0.737580692355141,0.024353492127821282,0.01253811492773847,0.012137260460089581,0.01435932092662423,9
14,5,0.7398078672467012,0.785750103485173,0.7323766115727425,0.7036113521961096,0.8594802755017397,0.6686051477737575,0.7410574332429545,0.785750103485173,0.7338282975605311,0.7003305431712249,0.8138734092182808,0.6748302401265356,0.7425422911739602,0.785750103485173,0.735553334460352,0.7036113521961096,0.8594802755017397,0.6686051477737575,0.7442635792015492,0.785750103485173,0.7375530445341631,0.6982990193949672,0.8138734092182808,0.6723424616005027,0.06440283382510353,0.05972657232636881,0.06120175265222789,0.05935667570415593,9
14,5,0.8111198371577105,0.9299572081251807,0.7587773105106453,0.7750566847537417,0.915464677595381,0.714496300111398,0.8142894291242531,0.9299572081251807,0.7633429654380093,0.7804760602189177,0.9121823763187263,0.7236688585674668,0.8116265957554618,0.9299572081251807,0.7595072735195215,0.7716813106906039,0.915464677595381,0.7096650691028086,0.8108960752412746,0.9299572081251807,0.7584549915159242,0.7882737374782585,0.9235235330144541,0.7299381721396925,0.02513803963032555,0.025403061285798997,0.024888183531454763,0.02603505324632341,9
14,5,0.7208269678819577,0.8121496641780165,0.7130010377355934,0.7072799116225794,0.8288621311326435,0.6957687309670473,0.7312322488689545,0.8272172400158307,0.72300678174762,0.7023462577562761,0.8526125206657358,0.6881193246919451,0.7232244593390279,0.8272172400158307,0.7143127619153727,0.7017121039280444,0.8526125206657358,0.6874251303470196,0.7272845165593316,0.8272172400158307,0.7187207471479344,0.6947093914018898,0.8526125206657358,0.6797594138940395,0.10150709172151834,0.08946718460122395,0.09412766128144857,0.08778704579017832,9
14,5,0.732363176145752,0.8527160620678468,0.7047151987739889,0.7121104950903937,0.8548352982738949,0.6789447081204673,0.7352996002269134,0.8508930705601683,0.7087449760680367,0.7292111521062744,0.8936584193313745,0.690997590686526,0.7349295586899006,0.8527160620678468,0.7078711416428799,0.7169047171098272,0.8716021835253632,0.6809567732242188,0.7358165697507814,0.8508930705601683,0.7093807060319911,0.7388576877332457,0.8936584193313745,0.7028857475206436,0.08708039569553211,0.08298330733902902,0.08399861874323591,0.08236644802289544,9
14,5,0.8238358242192193,0.9185760219856018,0.7535472655701296,0.8259490526929282,0.8786367127044667,0.7853553342829226,0.8210597981154633,0.9185760219856018,0.7487116820851825,0.8252471915439992,0.8847333589970798,0.7794154971709343,0.8210597981154633,0.9185760219856018,0.7487116820851825,0.8242556185350511,0.8786367127044667,0.7823571773619605,0.8210597981154633,0.9185760219856018,0.7487116820851825,0.8245452647968431,0.8847333589970798,0.7781727641569547,0.03468011368231284,0.0339975636607648,0.033951531107467875,0.03497303073606847,9
14,5,0.8321649969845091,0.9702160848460236,0.7841246625264567,0.8611213401335132,0.9894071632408605,0.8199711997126536,0.8300107979536748,0.9702160848460236,0.7812208247674272,0.8674784872360451,0.9894071632408605,0.8283675237843067,0.8328886249161292,0.9702160848460236,0.7851001054085908,0.8700137677654018,0.9894071632408605,0.83171604421237,0.8300107979536748,0.9702160848460236,0.7812208247674272,0.8722460294103962,0.9894071632408605,0.8346643466319613,0.024977930569406975,0.026264219993322485,0.02538326227368307,0.02852180180670512,9
14,5,0.8236244002941654,0.8416045383197972,0.8152019395523716,0.7346717760538267,0.824847424422016,0.6934542124514869,0.8315038791389484,0.8416045383197972,0.8267724134908169,0.7279616219900369,0.824847424422016,0.6836769753457599,0.8276028958184515,0.8416045383197972,0.8210440871975107,0.7335774846573511,0.824847424422016,0.6918597413939838,0.8295078970967517,0.8494297890277809,0.8201758579070549,0.726086027704565,0.824847424422016,0.6809440827968147,0.023587304701597662,0.021477645480643487,0.020564044777574685,0.021990390293688215,9
14,5,0.7885540798835474,0.9470163631502532,0.6698905207321963,0.8040703013142811,0.9582922796090441,0.6801557212083618,0.7967758489666119,0.9371500068525989,0.6916574772996505,0.8075453666164073,0.9582922796090441,0.6864229388516452,0.7928735667930678,0.9371500068525989,0.684832993817507,0.797475754169616,0.9582922796090441,0.6682625742826845,0.7969855243831839,0.9371500068525989,0.6920241669323758,0.8075453666164073,0.9582922796090441,0.6864229388516452,0.022431497108560607,0.021984784635302335,0.021005028156794184,0.022667442931606076,10
14,5,0.731243084175956,0.8753748055465809,0.6905925275731574,0.741614369069247,0.8657647208034299,0.7078418290721853,0.7512502978358375,0.887007436028764,0.7129616880983958,0.7405198672453731,0.876530195164087,0.7035210655868553,0.7389247626047055,0.8753748055465809,0.7004407277141498,0.7451697359828067,0.876530195164087,0.7094358351137149,0.7505811400551315,0.8668350066194543,0.7177931851335693,0.7458633221355522,0.876530195164087,0.710318097059624,0.04765912397583345,0.04539634611246053,0.046155305071613015,0.0457497946492056,10
14,5,0.8481486466389146,0.9192951763194189,0.7990715583148794,0.8504284500077448,0.9167561858705208,0.803112612369941,0.8404682537740584,0.9246644367205942,0.7823894757146126,0.8522637021257095,0.9078208209551359,0.8126312379692993,0.8401982673286532,0.9246644367205942,0.7819332518141,0.8496970828981901,0.9078208209551359,0.8082336842606358,0.8476775086619037,0.9246644367205942,0.7945716961212279,0.8590457938477281,0.9078208209551359,0.824251431679717,0.014981012287572348,0.018028597750218353,0.016732803976649106,0.020906689444648442,10
14,5,0.8497966014065563,0.9810558701946634,0.7960393105804291,0.8016039057870168,0.9651555894934715,0.7411384668942348,0.8275292882644052,0.9671236054478539,0.7703583747297627,0.7708153968912784,0.9651555894934715,0.6989673744564251,0.8315773627147272,0.9810558701946634,0.7703583747297627,0.7817319874125662,0.9651555894934715,0.7139198539525226,0.8410721525052414,0.9757542676272508,0.7859130334690105,0.7761910924590978,0.9651555894934715,0.7063304772125775,0.02385779825411001,0.02344874547340928,0.022053641856638245,0.023774341565838672,10
14,5,0.7034228054593485,0.8127428165440996,0.6454041371383609,0.6584151453922353,0.8159642699375308,0.5791904020800569,0.7186686020414566,0.8178837915259988,0.6660127971802131,0.7087937498617068,0.8307293409853337,0.6474775354094283,0.7114135272148406,0.812554680102192,0.6577355688543692,0.6894975031742132,0.8305540342924406,0.6185661825299336,0.7248090857178063,0.8178837915259988,0.6754121781271863,0.7097495055754967,0.8206492690577101,0.6539827387298093,0.098236588754539,0.09431533568643302,0.09005155663454988,0.09575939188198634,10
14,5,0.7206038289694392,0.7874776109589294,0.6844650292650947,0.7245120472502933,0.753546100906552,0.7058033653095571,0.7312563237506062,0.797290989285519,0.6955709851872116,0.7274442834266998,0.743602245391233,0.7170325725859092,0.728820766405158,0.7864409944692577,0.6976826160123117,0.7210322601575707,0.743602245391233,0.706488831942452,0.7282031204655935,0.7885879234560407,0.6955709851872116,0.7176342242195693,0.7252097823146046,0.7127527595573647,0.08936237316220409,0.08880264002359338,0.08850904540478838,0.0921930622003543,10
14,5,0.835526337061529,0.9486995440492416,0.7447467233787008,0.821434981083429,0.9677367472566142,0.730691826645271,0.8427024059893615,0.939782778910091,0.7648313357555245,0.8144706480900006,0.9677367472566142,0.7194078906770338,0.8466712674739505,0.9486995440492416,0.7648313357555245,0.8209406068862207,0.9677367472566142,0.7298908185959845,0.8387752532435472,0.9324460069699202,0.7636391405275514,0.8083183918393945,0.9677367472566142,0.7094397191870244,0.021191543699562103,0.017583377726394615,0.016745582393378006,0.01816827360300312,10
14,5,0.67259597562708,0.7814987460741892,0.5694769253404908,0.656137301118926,0.8016632809813001,0.5346035077550902,0.6761613167506799,0.7685057616255033,0.5887211954788442,0.6844706762702267,0.8016632809813001,0.586599067240726,0.6768357025959074,0.7751353829980039,0.5837566225603591,0.6631843023699404,0.8016632809813001,0.5475357041766536,0.6812917099466238,0.7767277272145778,0.5909242066829162,0.6872643585625687,0.8078021509927494,0.586599067240726,0.11168657864483443,0.10034854579560576,0.09852201466471111,0.10407158907911122,10
14,5,0.7994065394407848,0.8922122688182766,0.7646910471123143,0.7872543770929863,0.9241956235691919,0.724140999483177,0.7946559022283681,0.8993054676100473,0.7555100304319389,0.7897870790151664,0.9325131680006324,0.7240075875857804,0.7909629510299473,0.8993054676100473,0.7504356707810642,0.7852353193860178,0.9241956235691919,0.7211913999945687,0.7966297638532869,0.8935333254376325,0.7603814107467742,0.7869678777764597,0.9433595853447564,0.7148901864395707,0.04048748754847478,0.029096909585807112,0.028851057782366588,0.029773918795270343,11
14,5,0.8220877225712667,0.9743629405489144,0.7994873811516253,0.8072797877935859,0.9815105177454112,0.7750740364058819,0.8207608276559298,0.9743629405489144,0.7979635515116966,0.8291921750347127,0.9862042850018117,0.8001692065844432,0.8169965347802967,0.9743629405489144,0.7936405708513884,0.8288509293083024,0.9862042850018117,0.7997648831505018,0.8321627738234251,0.9743629405489144,0.8110577485894588,0.8291921750347127,0.9862042850018117,0.8001692065844432,0.033690416046836945,0.03159700918710819,0.03087287768255784,0.03196428542944267,11
14,5,0.8304517872439356,0.9677150810440098,0.7375409126779804,0.8123293250592891,0.8952205625013797,0.760521178387329,0.8350135992716826,0.9677150810440098,0.7451905272301286,0.8015272197001644,0.9047971854550653,0.7369820916777245,0.8429423754632173,0.9677150810440098,0.758486139010398,0.8050199991453546,0.9047971854550653,0.7426579056072973,0.8409890047652547,0.9677150810440098,0.7552105693845594,0.7980314408598951,0.9047971854550653,0.7313014036905031,0.030046807465868686,0.025504047774100952,0.0265537798738271,0.02656828728617058,11
14,5,0.7625009880981658,0.9134534243817648,0.7021447545263682,0.8039459911456309,0.9731714183401109,0.729939343303128,0.7743207732095914,0.9228953715786736,0.7149152850785284,0.798930975824013,0.9637082816342892,0.7268696062904437,0.7747116451648148,0.9228953715786736,0.715462441752349,0.8037720439699897,0.9637082816342892,0.7338277985081425,0.7743207732095914,0.9228953715786736,0.7149152850785284,0.7960028504738162,0.9637082816342892,0.7226609361354663,0.03577288838844567,0.03455141701862885,0.033512463675196356,0.03462173656114978,11
14,5,0.7902945648389337,0.8792502896520616,0.7429172040268287,0.7702261115589852,0.8398557588392033,0.733426029171216,0.7854770306083504,0.8707170278029889,0.7400786471856208,0.7698412839712409,0.8398557588392033,0.732837815705656,0.7900321394622728,0.8792502896520616,0.742515012246348,0.7724000065227832,0.8398557588392033,0.7367488530308931,0.7834019237109104,0.8707170278029889,0.7368983490437697,0.7732047326908363,0.8398557588392033,0.737978886384042,0.04189210864079643,0.03605526965891626,0.03582565809349393,0.03661870781882825,11
14,5,0.818398714690247,0.8606257004377903,0.7883503446737767,0.7772731804769447,0.7830282492055228,0.7730558789560618,0.8233449278479428,0.8668567232172463,0.7923822980463626,0.7902057281185786,0.7965768469948767,0.7855369864242678,0.8234602823566922,0.8668567232172463,0.7925797378591092,0.7828724317262511,0.7872617037267652,0.7796559829996849,0.8191303317913322,0.8531722283860775,0.7949064027840184,0.7981466929997344,0.8238504226564983,0.7793110572695218,0.06214803603266361,0.057936817790774905,0.05614185887684477,0.05941678838370781,11
14,5,0.7781877876516461,0.9236021672150098,0.7469147543361782,0.7223674756994877,0.8079958037295802,0.7001057743741138,0.7879322339508216,0.9236021672150098,0.7587548557876842,0.7145302146243574,0.7961379831779011,0.6933137806338355,0.777750313286175,0.9236021672150098,0.7463831960812932,0.7075006854484515,0.7961379831779011,0.6844567104726956,0.7793832221181306,0.9236021672150098,0.7483672807216951,0.7165735434018603,0.7961379831779011,0.695888335186742,0.04719132316236454,0.037421344669263425,0.038072412924214975,0.037809332883173445,11
14,5,0.8324333257432703,0.9264822156196252,0.8104449140823079,0.8219106081938551,0.9920802283292791,0.7869997595321668,0.8255525905342744,0.9434207795023347,0.7979952821580764,0.8229145706986726,0.9920802283292791,0.7882096881961601,0.8215699454202069,0.9434207795023347,0.7930815038814295,0.8183542976978034,0.9920802283292791,0.78271386042081,0.8288798716316497,0.9434207795023347,0.8021004738355445,0.8221694347764055,0.9920802283292791,0.7873116852263322,0.030506951123595086,0.027334026309935356,0.02694380008676311,0.025962875069479373,11
14,5,0.8644897978300079,0.9343283033147505,0.7946046137456183,0.8682110415419181,0.9331569854030158,0.8160922873350431,0.8699287817731246,0.9402901307351338,0.799520404753799,0.8586438892273672,0.9166645592094932,0.8120826283088391,0.8608977239245285,0.9343283033147505,0.7874180650674222,0.8627663550073781,0.9259240900477967,0.8120826283088391,0.873188888009769,0.9402901307351338,0.8060427962140633,0.860014553151748,0.9259240900477967,0.8071225209607777,0.021544183222569152,0.023171712393149586,0.02230610198524144,0.024532981481242368,12
14,5,0.8367059996326595,1.0,0.8184060510507914,0.8309977457308781,0.9844423048409177,0.8079578275049422,0.8360802611746075,1.0,0.8177101876550058,0.8276222456492405,0.9844423048409177,0.804075491297582,0.8403205029196313,1.0,0.822425622644938,0.8251724239143441,0.9844423048409177,0.8012578253538879,0.8364487288655021,1.0,0.8181199485947785,0.8242229413303633,0.9844423048409177,0.800165776612992,0.0175794103555171,0.01870616761209503,0.018141008721542635,0.019799468627684783,12
14,5,0.7732589627111682,0.9597235262463651,0.7252311387287759,0.7489793063518364,0.9906126616333535,0.6888485878797638,0.7733293820686494,0.9597235262463651,0.7253196960554342,0.740720174764938,0.9906126616333535,0.6785341625785642,0.781717753375088,0.9597235262463651,0.7358686667431519,0.7442941275537767,0.9906126616333535,0.6829974973350861,0.7847317248206318,0.9597235262463651,0.7396589491795356,0.7491344335160981,0.9906126616333535,0.6890423186044934,0.03028503724230295,0.028449680031034433,0.02843461581752793,0.029356014329361014,12
14,5,0.8626015171064849,0.9505288181031243,0.7619344013124167,0.8750977253051897,0.9675358722333196,0.7833520476990723,0.8651778381327851,0.9419520826682936,0.777279748721926,0.8716830097140797,0.9713251558108097,0.7727872992788641,0.8582443973635346,0.9419520826682936,0.7624082787301464,0.8743004122986834,0.9713251558108097,0.7780024970559566,0.8655870752563767,0.936669477303124,0.7842055212151137,0.8756390623042503,0.9713251558108097,0.7806697690203093,0.018501708330388594,0.0164044523799925,0.01678870813219395,0.017479431657122447,12
14,5,0.7164091107766573,0.7921613343239564,0.7146195492501225,0.7126006813139664,1.0,0.7009279222793389,0.7160194449347083,0.7006567936886717,0.7163823703820161,0.7097957581943858,1.0,0.6980090768587757,0.714358202332605,0.7921613343239564,0.712520190388722,0.7135842780036615,1.0,0.701951467870787,0.7122159469943294,0.7006567936886717,0.7124890190583093,0.7097957581943858,1.0,0.6980090768587757,0.168999568750098,0.18081990874245357,0.17174985879768667,0.18462892640428588,12
14,5,0.8009423806462436,0.9341792098834836,0.6468547235247646,0.866516499395614,0.9261718000736383,0.7877110072771923,0.8168174554221104,0.9365900781112841,0.6783010788081929,0.8534482584671301,0.9098724624701164,0.7789110905489811,0.8034395078177474,0.9381487893423421,0.647648967758566,0.8615808672915177,0.9179672866041468,0.7870936134813236,0.8228041398162368,0.9436483099314479,0.6830485245224598,0.8538451546117158,0.9044271524573442,0.7870256232833607,0.013328920476478342,0.011401349836454421,0.009591064753740207,0.0119856060658023,12
14,5,0.8187496061280062,0.9695772013335201,0.7517186257641623,0.7905054709405264,0.9214614660864818,0.7379032533437478,0.8238280609594848,0.9695772013335201,0.7590540535694767,0.7936312033887422,0.9214614660864818,0.7422845255494761,0.8187496061280062,0.9695772013335201,0.7517186257641623,0.7884718662731967,0.9214614660864818,0.7350527932503074,0.8213286213884207,0.9695772013335201,0.7554438100730414,0.8047718921404304,0.9214614660864818,0.7579001902901684,0.01660837135192514,0.016366266717407957,0.015248752728096799,0.017271527157719693,12
14,5,0.7382973073939009,0.9541781872276499,0.7276867745070194,0.738931494891735,0.8547375425896778,0.7337334257784417,0.7414345427759881,0.8608560345202033,0.7355649832924049,0.7289694632352473,0.8547375425896778,0.7233242384674039,0.7316397053411465,0.9062929746875211,0.7230555071498652,0.7425018725030955,0.8547375425896778,0.7374640633240055,0.7451864404678363,0.8608560345202033,0.7395012865410502,0.7239891206928953,0.8547375425896778,0.7181203483188808,0.07673680946890794,0.07100405513568744,0.067813161854875,0.07247686637299375,12
14,5,0.790354782205637,0.9144367724190947,0.7279042400622707,0.8149267326112394,0.9299792290576744,0.7631691636511991,0.7963307022343025,0.9144367724190947,0.7368878443241881,0.8321883170736171,0.9195885697563041,0.7928703992094429,0.7963307022343025,0.9144367724190947,0.7368878443241881,0.8321883170736171,0.9195885697563041,0.7928703992094429,0.8019795919285719,0.9052892278657834,0.749983788493974,0.8404503510207841,0.9195885697563041,0.804849195547505,0.0403468829623087,0.03412853550415128,0.03226084598973658,0.03600080885442766,13
14,5,0.7997303816589948,0.9685533333524068,0.7412893488198492,0.860114882658969,0.9787485607327208,0.8187107392509326,0.8147331966911906,0.9802497313010035,0.7574367382563205,0.8645599612963625,0.9787485607327208,0.8247071874180494,0.8130350157243191,0.9802497313010035,0.7551507020917034,0.86738995550551,0.9787485607327208,0.8285248732168198,0.8217827465763062,0.9802497313010035,0.7669266137737317,0.8637307444560843,0.9787485607327208,0.8235885669823614,0.021394303719260804,0.018754125698853326,0.018701701904236555,0.02021714340887492,13
14,5,0.8666173944104428,0.8912839138786073,0.8173133300736456,0.9098178851034063,0.9312482706799359,0.8633592118767829,0.8959077211452138,0.9048975196284765,0.8779386840718761,0.9044673362127372,0.9142245029268095,0.8833148927175895,0.8922475881822389,0.8994062447058742,0.8779386840718761,0.9103043910162967,0.9206106495288414,0.8879615780643999,0.8959077211452138,0.9048975196284765,0.8779386840718761,0.9015216344757228,0.9077765965129858,0.8879615780643999,0.03229599242856154,0.02714060445554384,0.026561622911280332,0.02989965262118888,13
14,5,0.8070370231487008,0.8651935741753305,0.7947299675995281,0.753845709376514,0.8364134397262426,0.7358974485089584,0.820480313569204,0.8768947702204418,0.8085419190198907,0.7334616114019382,0.8344367958634297,0.7115120077954448,0.80815304369668,0.8768947702204418,0.7936059594569941,0.7354518588225273,0.8344367958634297,0.713934887671164,0.8237097576620979,0.8768947702204418,0.8124547761959638,0.7410949537569259,0.8344367958634297,0.7208046572344275,0.04628805587914134,0.041163414230443736,0.04096162186966111,0.04296406709744914,13
14,5,0.7974842677942342,0.9567401844201134,0.632592132084889,0.852896845347725,0.9542298521832983,0.7147402397681157,0.7967408519871464,0.9547374477007698,0.6331526057606209,0.8448248449805569,0.9434314844598373,0.7103853467016283,0.8031290598359097,0.9610196515406831,0.639650569201411,0.8487867478678672,0.9434314844598373,0.7197488760839962,0.8076672601873914,0.9670843366921961,0.6426082609969921,0.856026797105436,0.9434314844598373,0.7368599501547153,0.03336781381705997,0.02660268451214593,0.024894374040041467,0.029768908421618116,13
14,5,0.8220192206410205,0.9717004957939056,0.7574574535274644,0.8002288587937441,0.9786453376629244,0.7213613840893065,0.8285013756950412,0.9812981223994763,0.7625958175925681,0.7949346316421049,0.9786453376629244,0.7137268892190805,0.8296378130253096,0.9812981223994763,0.7642224324829956,0.7957601378413398,0.9786453376629244,0.714917303355627,0.8285013756950412,0.9812981223994763,0.7625958175925681,0.7957687203001442,0.9786453376629244,0.7149296796167581,0.033734643316908695,0.03389960741781929,0.0323091724292951,0.03562349658865712,13
14,5,0.8322988152483674,1.0,0.7785461712072408,0.7748068171827966,0.9329538246177997,0.7254873302645405,0.8355368521091374,1.0,0.7828220841153791,0.7843012880808068,0.9220376435668445,0.7413470362568904,0.8433978053702818,1.0,0.793202679817309,0.785927303445359,0.9220376435668445,0.743480138317559,0.8371436407374843,1.0,0.784943890793937,0.7896562533047121,0.9220376435668445,0.7483719928489009,0.018080967440779434,0.019113597810568123,0.018145649007184884,0.019916669980357925,13
14,5,0.868127713926733,0.9546885556970116,0.8353455658923717,0.7964288890147208,0.9649012414673257,0.7366929601693832,0.8716285936927436,0.9546885556970116,0.8401722918076656,0.8060940706852872,0.9649012414673257,0.7497851647083613,0.8616006129768145,0.9546885556970116,0.8263465343881813,0.8084713196365085,0.9649012414673257,0.7530053245119005,0.8695933412440717,0.9656747464515748,0.8332055845581919,0.8141776221033263,0.972354819728415,0.7580920882769652,0.018758757141122274,0.018459833408311394,0.017803053153479274,0.01987796408779787,13
14,5,0.7804871854119005,1.0,0.7752025319609365,0.7418297341850472,1.0,0.734998513453456,0.7884052144162296,1.0,0.7833111832730388,0.7509778997243385,1.0,0.7443887407107798,0.7894589451578209,1.0,0.7843902820179075,0.7514636366399813,1.0,0.7448873302919986,0.7851106809169311,1.0,0.7799373356441345,0.7479645147344295,1.0,0.7412956211397005,0.029579307985036617,0.029921895738371434,0.029460698701794054,0.030248204304785923,14
14,5,0.8147001888433144,0.9607583503277233,0.7831575992158188,0.8240742675168597,0.9516306733256603,0.7934635979961757,0.8151748662306242,0.9790109728985856,0.7797929674974556,0.8235728932546139,0.9516306733256603,0.7928419051834782,0.8083378823729602,0.9607583503277233,0.7754212947433047,0.8235728932546139,0.9516306733256603,0.7928419051834782,0.8172019857760346,0.9790109728985856,0.7822578619627811,0.8273160618481847,0.9516306733256603,0.7974833500811784,0.03050731753376411,0.0298737244295125,0.028618678375375843,0.029855907167040452,14
14,5,0.86161121246671,0.9759072618499953,0.7065347070534317,0.7801415921909758,0.857845951088785,0.6833499663099621,0.862442703825274,0.9749330160456554,0.7098162166797221,0.8081357605590607,0.8886139932575586,0.7078888876498783,0.8621777657839937,0.9810474961396833,0.7008957050089798,0.7922214091154309,0.8729816929241087,0.6916232021765614,0.8644285416049057,0.9732758521353585,0.7167448672191745,0.803060543884327,0.8886139932575586,0.6964917801492779,0.028677955257052957,0.02562418504301368,0.024024197793910025,0.026547428951585992,14
14,5,0.8585225083423665,1.0,0.828361157842456,0.8569620186478849,0.9905195436089902,0.8199534320713023,0.8637990573135146,1.0,0.834762605488892,0.8569620186478849,0.9905195436089902,0.8199534320713023,0.8632891846336073,1.0,0.8341440339026863,0.8569620186478849,0.9905195436089902,0.8199534320713023,0.8584419982787993,1.0,0.8282634839727061,0.855918421521896,0.9905195436089902,0.8186206557725226,0.023733788427216157,0.022848721671695355,0.02212147489635273,0.023075582046087287,14
14,5,0.7359074797473417,0.8339966895186203,0.6482516398334547,0.719199012115466,0.7855810386849316,0.6731662147816097,0.743029148029961,0.844358919442606,0.6524774324827697,0.7135648425722272,0.7727065523983709,0.6725528626267867,0.7416119888572628,0.8380048629313467,0.655472051973487,0.7135648425722272,0.7727065523983709,0.6725528626267867,0.7461863541974224,0.844358919442606,0.6584560250089901,0.7120215528982605,0.7727065523983709,0.6699393745201947,0.06161892578234795,0.05102682474838775,0.050411512231046875,0.0520368167763296,14
14,5,0.8049438588882494,0.9761584212979647,0.7902845116279452,0.761671643596966,1.0,0.7457827563840671,0.8091432434439296,0.9761584212979647,0.7948434464205612,0.7555563167301194,1.0,0.7392597325888154,0.8091432434439296,0.9761584212979647,0.7948434464205612,0.7555563167301194,1.0,0.7392597325888154,0.8145361443513164,0.9761584212979647,0.8006980861311732,0.7595396843943323,1.0,0.7435086636148516,0.027606037623659676,0.02634431086782976,0.02652149800883138,0.026749277316891095,14
14,5,0.7599028938405196,0.8407519659644583,0.7588640841009523,0.7796660370157231,1.0,0.7767964309075119,0.7641630946873796,0.8407519659644583,0.7631790232152528,0.79076809541905,1.0,0.7880430813391235,0.7594271116950025,0.8407519659644583,0.7583821887482741,0.7841943587328531,1.0,0.781383729005239,0.7691987146069273,0.8407519659644583,0.7682793445702006,0.786076092393228,1.0,0.7832899701647423,0.07222834946379597,0.07360120613119955,0.07272864526102639,0.07454169357410975,14
14,5,0.8380682976413422,0.9622194223621929,0.7877176837413667,0.7758986683334169,0.8750609442536527,0.7408322047801529,0.8478917569177307,0.9624422681907345,0.8014347588186781,0.7635099364369471,0.8659024661879642,0.7273011677361488,0.8451561486835827,0.9529613829329585,0.8014347588186781,0.7668101157435744,0.8659024661879642,0.7317683797303699,0.8521596051800515,0.9624422681907345,0.8074334716263099,0.7635099364369471,0.8659024661879642,0.7273011677361488,0.024049217113007604,0.019324501219531408,0.018935237339996136,0.01975520953754224,14
14,5,0.8010852680557321,0.9345706878535199,0.7955645527272435,0.7864542442061616,1.0,0.7780966663423424,0.796535609400468,0.9345706878535199,0.790826728425757,0.7963816440338836,1.0,0.7884125965659837,0.8044778995508877,0.9345706878535199,0.7990974973197216,0.8002112463092073,1.0,0.7923920786601992,0.8024188731018689,0.9345706878535199,0.7969533132640063,0.7991524849007092,1.0,0.79129188031994,0.023221987437062892,0.021828985268163865,0.021952635732413916,0.022150648314810548,15
14,5,0.8487573446010247,0.9250898739741755,0.7876318989075689,0.8191078741963692,0.9383018106920151,0.743680570594991,0.8528753898057343,0.9309131343758626,0.7903844445045167,0.815954629469858,0.9383018106920151,0.7385319160824737,0.8555275327372075,0.9309131343758626,0.7951603663813535,0.820342070806164,0.9383018106920151,0.745695781114786,0.8558443667523529,0.9309131343758626,0.7957309142527755,0.8266072169414198,0.9466782328876652,0.7506248873047592,0.026844173325731184,0.0232180324611819,0.024267077206159837,0.026266884939398553,15
14,5,0.8265799154897678,0.9566827210629023,0.7615314289894192,0.8464919554387155,0.9588625156283237,0.7936979810277467,0.8244225594600231,0.9566827210629023,0.7582954433024653,0.856580972568907,0.9749397372013516,0.8009736179310415,0.8244225594600231,0.9566827210629023,0.7582954433024653,0.856580972568907,0.9749397372013516,0.8009736179310415,0.8326431856704789,0.9566827210629023,0.7706261983508015,0.8623521943636271,0.9817096491386471,0.8062756347868286,0.01832034601481163,0.0190554884387969,0.020246528577791315,0.021365640326762882,15
14,5,0.8160223770875402,0.9736861094368148,0.7644567410596612,0.8112454628953143,0.9524701989423675,0.7729137171214281,0.8292940485575325,0.9561499993299026,0.7878044320932507,0.7960510838876614,0.9549271373910194,0.7529283515469193,0.8342813606845165,0.9836055097167173,0.7854432759554977,0.7960913949124377,0.9524701989423675,0.753646475358809,0.8405194771849729,0.9561499993299026,0.8027012590710563,0.7958243592413592,0.9549271373910194,0.7526400884495922,0.020245230742686266,0.013563066537491841,0.015528070375674045,0.014000145932126725,15
14,5,0.8079018641241703,0.9243010244012201,0.7850552550713922,0.8563509072150557,0.9234307173562677,0.8414462261575458,0.8119579476254264,0.926675010133689,0.7894414975705356,0.8368384297169843,0.9109017511664983,0.820382059582051,0.8061165045045384,0.9099402219629266,0.7857381798024348,0.8447745637647867,0.9234307173562677,0.8272976973272759,0.8177865382585203,0.926675010133689,0.796414113050596,0.8327566307445705,0.9109017511664983,0.8153933124281111,0.028613711118084167,0.022552942155925883,0.023672642325911288,0.020635195253242814,15
14,5,0.8412572517674901,0.9299345490266299,0.8188774938295984,0.8344567890240584,0.8934356369994428,0.8174026893195797,0.8505540746121912,0.9299345490266299,0.8305205839973536,0.8368472272627825,0.9040930196045835,0.8174026893195797,0.847385422110594,0.9299345490266299,0.8265522490723305,0.8340465465545672,0.8916066372422354,0.8174026893195797,0.8427020755021332,0.9299345490266299,0.8206869521036741,0.8371973154875849,0.9040930196045835,0.8178540077259828,0.016425398951580673,0.016826993830747504,0.017426510198762655,0.018524672552746407,15
14,5,0.8227781021107874,0.8943825952011908,0.7832638581704042,0.8449211108373507,0.905937028018946,0.8044620644111279,0.8172913546263948,0.8943825952011908,0.7747493023854368,0.854930163597605,0.9122621420872594,0.8169139001934749,0.8237022671731102,0.8943825952011908,0.7846980147449596,0.8471362088528778,0.9122621420872594,0.8039518517540762,0.8209294982762206,0.8943825952011908,0.7803951202672117,0.851548632486409,0.9122621420872594,0.8112901095123308,0.02513357446432634,0.02265716626158861,0.02193233589356339,0.0207776586328497,15
14,5,0.8498215338825407,0.9610762717225698,0.8276735791740591,0.8475970061383683,0.9704939311303051,0.8244838548582879,0.8635545834712562,0.9495396478730408,0.8464371703259851,0.8474762253466224,0.9704939311303051,0.8243403588951776,0.8668304286825637,0.9495396478730408,0.8503651520015963,0.8522116055471087,0.9704939311303051,0.8299663192216494,0.8739098918047763,0.9495396478730408,0.8588539540125184,0.8470440943641702,0.9704939311303051,0.8238269572969562,0.01075082647709141,0.009869229687167302,0.010924833904772025,0.010884962727154245,15
14,5,0.8168426276417503,0.9912650575259059,0.7775034453698823,0.7846516374817788,1.0,0.7142725435311391,0.8076830976145596,0.9912650575259059,0.7662780777006886,0.8105930962472991,1.0,0.7486920624143476,0.8125895177988939,0.9912650575259059,0.7722910904147916,0.8034319930364898,1.0,0.7391906026307267,0.8009757825177817,0.9912650575259059,0.7580579967783099,0.814574196450268,1.0,0.7539742462287043,0.021003666665913807,0.01947596442851729,0.018589035788788767,0.02086064028678151,16
14,5,0.7304388609190859,0.8486273072046903,0.7256891877574128,0.7651953681680472,0.9589369237962536,0.7568582186053185,0.7404955460507892,0.8486273072046903,0.7361500237935962,0.7574924577496783,0.9589369237962536,0.7488238340433774,0.7422334897005808,0.8486273072046903,0.7379578106858481,0.761118709568273,0.9589369237962536,0.7526061319082924,0.7404955460507892,0.8486273072046903,0.7361500237935962,0.7623749017771198,0.9589369237962536,0.7539163809883701,0.03900588248407104,0.03926862750098108,0.03855514224835547,0.04015382249034265,16
14,5,0.8292789447383644,0.9556343985807394,0.8104354914173167,0.7809659094789285,0.9147863062245994,0.7591323318721881,0.8307744908973577,0.9556343985807394,0.8121540691383001,0.7809659094789285,0.9147863062245994,0.7591323318721881,0.8295680148137167,0.9556343985807394,0.8107676706605423,0.7809659094789285,0.9147863062245994,0.7591323318721881,0.8323414645857302,0.9556343985807394,0.8139547264125749,0.7809659094789285,0.9147863062245994,0.7591323318721881,0.025292108976115914,0.024507845880817617,0.025067231960711523,0.025057778439068333,16
14,5,0.8239818211033308,0.9178942235772561,0.7108015740037167,0.8121852915985683,0.9292211993503783,0.6997881163837827,0.8230121817359204,0.9193926897086229,0.7068574522158714,0.8356430505846197,0.9486751824446025,0.7270909611138497,0.8230121817359204,0.9193926897086229,0.7068574522158714,0.8394660820405804,0.9486751824446025,0.7345854977058109,0.8249326645241954,0.9193926897086229,0.7110924399129932,0.8394660820405804,0.9486751824446025,0.7345854977058109,0.02624548676210761,0.023037678839998098,0.021946074394087297,0.024311633580205314,16
14,5,0.8710502195239419,0.977426705817542,0.8230138500913275,0.8390283987970067,0.9921225028765701,0.7783377485168327,0.8584610576730629,0.977426705817542,0.804739807581327,0.8266486065527283,0.9823479634129767,0.7649251634922272,0.8584610576730629,0.977426705817542,0.804739807581327,0.8202121566915567,0.9823479634129767,0.7559371305382984,0.8631140867654474,0.983691104928648,0.8086651912305417,0.8279954965058877,0.9823479634129767,0.7668059971109806,0.01878414594541062,0.01752114741838877,0.016384029044076258,0.01891568875938601,16
14,5,0.7621584325725166,0.9250643199305102,0.6701710711415041,0.8063868934716614,0.9419202014533977,0.7145000117345085,0.7470759470441107,0.9250643199305102,0.6465720238725722,0.8150636565988018,0.94832488252,0.7247171676898229,0.7533700469622906,0.9250643199305102,0.65642018591488,0.8043137802546213,0.9419202014533977,0.7110213996638026,0.7467048201470294,0.9250643199305102,0.6459913343588646,0.8109361655126605,0.952895507603635,0.7146926555412579,0.025723739030477012,0.023704959571669064,0.02260706726471437,0.025621780865646322,16
14,5,0.8259934884936221,1.0,0.7962628209240141,0.8035756874061109,0.976976597951369,0.7813399447455246,0.8392753661480511,1.0,0.8118140337074883,0.8031091368771442,0.976976597951369,0.7808135669788138,0.8304990845316902,1.0,0.8015382409005724,0.811211129895648,0.976976597951369,0.7899545039753556,0.8392753661480511,1.0,0.8118140337074883,0.7972939482673694,0.976976597951369,0.7742526784932822,0.04660035659481729,0.04416801718885623,0.04081094103560697,0.048388747421770836,16
14,5,0.8017794430909178,0.9101856269352288,0.7735898225363008,0.8147656814703661,0.8964405181142079,0.7954665856751948,0.8187724691938334,0.9431874637699538,0.7864199652680197,0.8090914694978983,0.8834865355938865,0.7915125239343405,0.8190903019566856,0.9431874637699538,0.7868204463140868,0.814264277290102,0.8964405181142079,0.7948467037886425,0.8197253089092446,0.9431874637699538,0.7876205785796805,0.8122882053514482,0.8834865355938865,0.7954646223206436,0.034583987020055516,0.036916862247923087,0.03635370919034827,0.04045386401302489,16
14,5,0.8432455532423583,0.9701839693672764,0.7666800787607176,0.7981338681615533,0.9547779699133052,0.7294998862492834,0.8535693230180478,0.9701839693672764,0.7832308391941212,0.8030733461089263,0.965946096804155,0.731710267000249,0.8501583513188623,0.9701839693672764,0.7777624708882653,0.8030733461089263,0.965946096804155,0.731710267000249,0.8649750742162616,0.9701839693672764,0.8015162000406185,0.8024574137324376,0.965946096804155,0.730824462403138,0.026421864682755827,0.02140263334423621,0.02089993626139683,0.02287927014146561,17
14,5,0.8317490025397808,0.9312684519705071,0.8047031200589471,0.8589243026414444,0.9500827375993931,0.830353626585554,0.8305922697492943,0.9312684519705071,0.8032320280221809,0.8519866918396007,0.9434918768383934,0.8233073381490639,0.8305922697492943,0.9312684519705071,0.8032320280221809,0.8616737416566342,0.9500827375993931,0.8339647887257038,0.8336070182191492,0.9312684519705071,0.8070660789830701,0.8468304717084295,0.9434918768383934,0.8165350668525944,0.044111950156370976,0.035982031911607246,0.03728272999697202,0.03433005392788318,17
14,5,0.8403162455329237,0.978415663544635,0.8034870486697318,0.8448026044704163,1.0,0.795278725885447,0.8293168798723173,1.0,0.783798062176263,0.8466085435693144,0.9941817188064936,0.7995175728226349,0.8270917926145515,1.0,0.7809795750487954,0.8421928865620661,0.9941817188064936,0.7936928685774893,0.8273274787169368,1.0,0.7812781153614855,0.8467267752375484,0.9941817188064936,0.7996735325130598,0.023208271591669175,0.025882840431167384,0.024879016795011137,0.028356110307872977,17
14,5,0.7998498539040783,0.9797183809975434,0.7743152811476621,0.8079208334392796,1.0,0.7777252734390314,0.7967166150642822,1.0,0.7678580122464898,0.7991198289900208,1.0,0.7675407183285091,0.7967166150642822,1.0,0.7678580122464898,0.8034189708304214,1.0,0.7725157012698255,0.797925174892554,1.0,0.7692381421618921,0.7955035768087653,1.0,0.76335597784282,0.04106219841627644,0.040777414667664186,0.039775808037216365,0.04131281396514808,17
14,5,0.8488497288087765,0.9352498010237741,0.8198249224934738,0.8307725403110998,0.9743098440046342,0.8020987803125287,0.8448687986207408,0.9352498010237741,0.8145066586123028,0.8284234002484148,0.9743098440046342,0.7992803637856272,0.8475564933591386,0.9352498010237741,0.8180972440221633,0.8285435784671026,0.9743098440046342,0.7994245494317295,0.8474901854607322,0.9352498010237741,0.8180086609813978,0.8309202345081282,0.9743098440046342,0.8022759786722369,0.021055507520183866,0.020610432378318506,0.020401310135832837,0.022791437620576907,17
14,5,0.8500866335523761,0.9910996326799567,0.8157400927988504,0.8668670943822637,0.9769945653571409,0.8344933305616624,0.84755744956637,0.9910996326799567,0.8125948753876568,0.8711850609649672,0.9769945653571409,0.8400806337512654,0.84755744956637,0.9910996326799567,0.8125948753876568,0.8711850609649672,0.9769945653571409,0.8400806337512654,0.8445677014014343,0.9910996326799567,0.8088769141655914,0.8711850609649672,0.9769945653571409,0.8400806337512654,0.02192108125447536,0.023372949839937474,0.02201914816079217,0.024502756848954744,17
14,5,0.8693869071803676,0.9828225457985983,0.8503736593246216,0.8359204511436067,0.9886517977560262,0.7976568625926492,0.8603617659240019,0.9828225457985983,0.8398357902365917,0.8440694727334742,0.9886517977560262,0.8078474481189549,0.871008146743672,0.9828225457985983,0.852266639145451,0.8417907330397203,0.9886517977560262,0.80499781868979,0.8640231350762148,0.9828225457985983,0.8441108511705971,0.8440694727334742,0.9886517977560262,0.8078474481189549,0.017392966099529672,0.01507236960086899,0.015071437713313615,0.014419039690983864,17
14,5,0.8136019069287449,1.0,0.8003302175752065,0.7639860081445937,1.0,0.7393488636712494,0.8220914824849217,1.0,0.809424257520844,0.7729410477168082,1.0,0.7492387063115818,0.8224255532598725,1.0,0.8097821143950742,0.7729410477168082,1.0,0.7492387063115818,0.8238950810350313,1.0,0.8113562736919774,0.7754588186160453,1.0,0.7520193035157665,0.11208614388263197,0.11200446207899221,0.10928575030357035,0.11304722465052679,17
14,5,0.8387368063960596,0.9904525782461979,0.789714236469691,0.798937881277121,1.0,0.7444312887534272,0.8403056987194704,0.9798403932767689,0.7952190921150734,0.8145065126910951,0.9885354457145205,0.7673284355878935,0.8433483216693468,0.9798403932767689,0.7992448507963305,0.8152965064189267,1.0,0.7652246275077023,0.8484387793047016,0.9798403932767689,0.8059801427975737,0.8178488354082796,0.9885354457145205,0.7715768395877456,0.05745200562712681,0.04443454091947982,0.042362660470636714,0.044175379238670265,18
14,5,0.7970326166524911,0.9343856001543166,0.7517277682622369,0.7672985090091133,0.9058354237154201,0.7227937938352622,0.7755521617107719,0.9343856001543166,0.7231621468415865,0.7647131297063782,0.9058354237154201,0.7193778664455531,0.7908697076377682,0.9343856001543166,0.7435320700685933,0.7672985090091133,0.9058354237154201,0.7227937938352622,0.7851228839383106,0.9343856001543166,0.7358896998015142,0.7734649141705887,0.9058354237154201,0.7309411446958667,0.03620270039008691,0.03548487748819528,0.03387171704661481,0.03585502192684089,18
14,5,0.9035264092712003,0.9522181284480706,0.884328691414685,0.8428180624170325,0.9401862659776323,0.8028081625406064,0.898044274865123,0.9416925146862416,0.8808350531086361,0.8479010495381567,0.9487928201544619,0.8064432687319065,0.9019068610271626,0.9416925146862416,0.8862205437930228,0.8602183524247249,0.9628098753401196,0.8180621206168704,0.9039851053907659,0.9416925146862416,0.8891181790018009,0.8597287755780736,0.9628098753401196,0.8173713700820945,0.012439963132515369,0.012965696427583752,0.011864312392969686,0.013303092715251628,18
14,5,0.7675609181638169,0.9916975546608096,0.6795226950665233,0.7816270388193176,0.981005763526028,0.706944444962708,0.7802463218228306,0.9565513537024617,0.7109957879860622,0.7846106253734269,0.981005763526028,0.7110456130601057,0.790158103588392,0.9916975546608096,0.7109957879860622,0.7897640129877973,0.981005763526028,0.7181293388023574,0.7807942070645993,0.9565513537024617,0.7117588760786474,0.7834554884476331,0.9642819994774028,0.7157221186931145,0.050416351884112295,0.04614885729923093,0.0437176314361626,0.045339049489537674,18
14,5,0.7649660184197303,0.7657998862595923,0.7637495234997376,0.7047828552274479,0.7163727217289657,0.6894259383919273,0.7759454836988394,0.7754800412412632,0.7766244982358241,0.7335552937419909,0.7388107004458564,0.7265917239996191,0.7732632439650814,0.7812409286673285,0.7616249333723712,0.738493699424349,0.7471604551310647,0.7270099910827236,0.7690635054735196,0.7800357280659262,0.7530565887816615,0.7349063915652072,0.7388107004458564,0.7297330665081444,0.08544733014937449,0.03898269499726305,0.04452512817765807,0.03888954420185897,18
14,5,0.805275701211387,0.8917306812890754,0.7743195184235271,0.7616510175504522,0.8666099120195732,0.7379326280007659,0.8097649520206329,0.9181307556294447,0.7709633512169165,0.7810643074831184,0.8911624762037782,0.756184555579939,0.8067707552977997,0.906774312831403,0.7709633512169165,0.7734012012617918,0.8911624762037782,0.7467897567808908,0.8074582062329129,0.9291321936491127,0.7638914597991155,0.7850751024548529,0.8911624762037782,0.7611017015381687,0.046899250990050885,0.050214691450819506,0.04679834105900334,0.05071204959779576,18
14,5,0.7814213087139912,0.8365334930330156,0.7669615085817678,0.8003586749950702,0.8110239422660955,0.7971912874570076,0.7806243069584946,0.8274491694466323,0.7683388539109806,0.8019165422960773,0.797990804374418,0.8030824140041911,0.7806243069584946,0.8274491694466323,0.7683388539109806,0.7955501317721703,0.797990804374418,0.794825297055102,0.7766090877974727,0.8274491694466323,0.7632701605087752,0.8034917022893512,0.797990804374418,0.8051253674438333,0.03728475561365431,0.03616847953032621,0.036700145372379096,0.03668328258524144,18
14,5,0.7666068476479325,0.8951368367087174,0.7137432328389457,0.7635280527164078,0.887176435841426,0.7167291445718981,0.777735357937722,0.8951368367087174,0.7294488327687185,0.7419957940992695,0.844998679551978,0.7030108720720488,0.769175697361606,0.8951368367087174,0.717368635056499,0.7593359128449128,0.875819984393917,0.7152485804678398,0.7872200755432919,0.8865663261467409,0.7463595575972888,0.745019301620841,0.844998679551978,0.7071787281665668,0.05882981095195793,0.058788813157398395,0.05574140234479779,0.06012548638422254,18
14,5,0.8498700739018247,0.9805556904793765,0.7907814944011193,0.7985793580188723,0.9162433690059332,0.7443461308226146,0.8405115259410039,0.9676531366770222,0.7830253436772903,0.8052197214430312,0.9300650599463481,0.747676505376832,0.8498700739018247,0.9805556904793765,0.7907814944011193,0.8094322035912105,0.9300650599463481,0.7538305880151348,0.8445288981226157,0.9805556904793765,0.7830253436772903,0.8000435057022154,0.9400214947952167,0.7355254086114165,0.012432437058503533,0.010367736810623654,0.010396416119404155,0.0116743870503254,19
14,5,0.7786091480007605,0.9190842942990108,0.7556984575349095,0.8048505091393131,0.9083989329258066,0.7898863231992879,0.7819413593273387,0.9190842942990108,0.7595741334122058,0.7973811485307956,0.9083989329258066,0.7813375362034655,0.7817576349122815,0.9190842942990108,0.7593604445990659,0.8048505091393131,0.9083989329258066,0.7898863231992879,0.7774672763001418,0.9190842942990108,0.7543703531107523,0.7973811485307956,0.9083989329258066,0.7813375362034655,0.020594403737263452,0.02020997534222533,0.019851472110991242,0.02191884995911151,19
14,5,0.7959248921967808,0.9136914703168905,0.7410925897550087,0.7975896889062157,0.907943587195806,0.7463471200077906,0.8105469568743439,0.9420569204946618,0.7493157127094565,0.7985522703308494,0.908080925009076,0.7476929013308304,0.80786243568594,0.9420312268054095,0.7453932372907339,0.8019865522950994,0.9189111359973345,0.7476929013308304,0.8019606251449029,0.9420569204946618,0.7367315715355234,0.7893897468479304,0.8933203227855709,0.7411298323303487,0.05081345919085763,0.048529742269481854,0.04874462936130612,0.04839728751585047,19
14,5,0.827231534301254,0.8871630848829833,0.7802516356409802,0.8066406611916921,0.8659693991662943,0.7572186619848885,0.8168147960148916,0.8833490218585193,0.7646591091148714,0.8047343562154439,0.8782617479908557,0.7434846006659778,0.8221702957905385,0.8833490218585193,0.7742127455029174,0.8047343562154439,0.8782617479908557,0.7434846006659778,0.8242111701992091,0.9074713111817261,0.758944162290503,0.8004367255630995,0.8782617479908557,0.7356069596182965,0.018899493441555094,0.01685774719669256,0.01656590490154503,0.017458680004795193,19
14,5,0.8017821478969925,0.827876628706902,0.8007976758902952,0.8055597068223712,1.0,0.795967797715686,0.8051981325111275,0.827876628706902,0.8043425360797835,0.8127397513145062,1.0,0.8035020400596399,0.8116283162270399,0.827876628706902,0.8110153126992431,0.8127397513145062,1.0,0.8035020400596399,0.8116283162270399,0.827876628706902,0.8110153126992431,0.8098919553455802,1.0,0.8005137598338661,0.018756411575001655,0.020051836066974516,0.019624061567598126,0.020929621009926635,19
14,5,0.7791600657926997,0.8950886459092903,0.6977023346835736,0.8003901737459018,0.9129335281560438,0.7216009949234429,0.7929454500112515,0.9042013152992384,0.7147710227058571,0.7695464904421833,0.828957453130716,0.7279541548679077,0.7711285317079887,0.8870751136593671,0.689658151529788,0.7879040299588407,0.8793770766035472,0.7238657198578272,0.7826064153265525,0.8905963060295026,0.7067268395520716,0.7710570029963586,0.8326255989064355,0.7279541548679077,0.025606417243738834,0.027087231734466113,0.024737716565455238,0.029524897863552727,19
14,5,0.8249111654820904,0.97291866661518,0.8078762080954373,0.7743652576061788,0.9791318474740542,0.7486886098219486,0.8353718681562898,0.97291866661518,0.8195408877500276,0.774088977539618,0.9791318474740542,0.7483776856957127,0.8331521461863262,0.97291866661518,0.8170656863693648,0.7712202834975945,0.9791318474740542,0.7451492725873842,0.8427381336561346,0.97291866661518,0.8277549752719183,0.7723166086152146,0.9791318474740542,0.7463830710785672,0.026881929795768977,0.029363558589114762,0.029671840299292762,0.03289706359283859,19
14,5,0.8281413540489805,0.972243082353388,0.7921392106759051,0.810604550583548,0.9921401231721039,0.7610768559706005,0.8448694220951426,1.0,0.8061118487266913,0.8238866013062147,0.9921401231721039,0.7779826006208306,0.8405882612738744,1.0,0.800761089591065,0.8238654900039486,0.9921401231721039,0.7779557295982157,0.8451274880995124,1.0,0.8064343895253497,0.8164330493748113,0.9921401231721039,0.7684955230361552,0.015001477253859042,0.015571807339102387,0.014962239511581658,0.01586987805920378,19
20,3,0.7903478473235295,0.9298907876565494,0.7820027938737701,0.8266464529609021,1.0,0.8121921277490737,0.7803362147866244,0.9298907876565494,0.7713924380446623,0.8362267846610951,1.0,0.8225712733898926,0.7839564925907005,0.9298907876565494,0.7752292184658246,0.8307010614360375,1.0,0.8165848119688781,0.7895368154009195,1.0,0.7769505353605647,0.8402429286174641,1.0,0.8269222858957339,0.08375652580600078,0.08357037143219927,0.08128162576236711,0.08543844907140638,0
20,3,0.9090673285807083,1.0,0.9045878063856362,0.8832762813113183,1.0,0.8772836464110705,0.9090673285807083,1.0,0.9045878063856362,0.8829655143482864,1.0,0.8769569245678357,0.9051249490281448,1.0,0.9004512174644107,0.8861943912723949,1.0,0.8803515731171238,0.9051249490281448,1.0,0.9004512174644107,0.8865427996212942,1.0,0.880717868867612,0.05821388314942527,0.057775574994893324,0.05796282382529777,0.05850928266681961,0
20,3,0.801066792194262,1.0,0.7963436446392661,0.784200505169426,1.0,0.7811547227639428,0.8056004697609137,1.0,0.8009849624955923,0.7922468116508198,1.0,0.7893145943800901,0.8033739018284936,1.0,0.7987055305441277,0.7878315049558021,1.0,0.7848369702850383,0.80849578710265,1.0,0.8039490215581022,0.7887404026754301,1.0,0.7857586961379529,0.09725325145237813,0.09617539855181184,0.09558904889257201,0.0965988655241636,0
20,3,0.8011922176493596,1.0,0.7950923041591375,0.8202703354853229,0.9156012637993998,0.817596034267087,0.8004449311463351,1.0,0.7943220890616337,0.8198475823174235,0.9156012637993998,0.817161421681348,0.8021572266911411,1.0,0.7960869220603033,0.8155056302202648,0.9156012637993998,0.8126976655905818,0.8021572266911411,1.0,0.7960869220603033,0.8227560665126773,0.9156012637993998,0.8201514970554997,0.10878199830396035,0.10117978905764773,0.10286684497838992,0.10178907834744912,0
20,3,0.8444896651693021,1.0,0.8374525216896334,0.7870387627441234,1.0,0.7782271508800019,0.852343909824035,1.0,0.8456621861087177,0.7735767825096007,1.0,0.7642081596782366,0.8427481441498894,1.0,0.8356321934751887,0.7888684592330828,1.0,0.7801325539881452,0.8485582048873209,1.0,0.8417051707003212,0.771057236242673,1.0,0.7615843631540136,0.059516772628159534,0.05531315408770898,0.0583993580114164,0.05600286373744981,0
20,3,0.7794363288339982,0.8740733657398387,0.7744641144107226,0.7570019940871549,0.8414742809843156,0.7538659122826187,0.782849763913263,0.8740733657398387,0.7780568908101402,0.7499223710716824,0.8414742809843156,0.7465234542269535,0.7794235065509332,0.8740733657398387,0.7744506184470048,0.7574512441959118,0.8414742809843156,0.7543318410577585,0.7889593879826897,0.8740733657398387,0.7844875135277919,0.7441282160380273,0.8414742809843156,0.7405141878847121,0.09022119685458764,0.09532348865785108,0.09511302232161396,0.1022455363161739,0
20,3,0.8288254278773075,0.8731053231966553,0.827823751701288,0.779192608597927,0.9059603339284272,0.7751066782004461,0.8294653304486592,0.8731053231966553,0.8284781298073282,0.7900390128271456,0.9059603339284272,0.7863026797157877,0.8284030523913769,0.8731053231966553,0.8273918214623812,0.7778135556479314,0.9059603339284272,0.7736831761262475,0.8316109124272982,0.8731053231966553,0.8306722479971799,0.7799636370342758,0.9059603339284272,0.775902558139945,0.0921675769432931,0.0915182636931366,0.09015747603991843,0.09280974851927387,0
20,3,0.7893714207524835,1.0,0.772845698543053,0.7740671635759736,1.0,0.7613894641274017,0.7998412527980732,1.0,0.7841369838623765,0.766443964969142,1.0,0.7533385073323233,0.7966418439169293,1.0,0.7806865523394191,0.7682054015120688,1.0,0.7551987828197897,0.8063461281644921,1.0,0.7911522256932919,0.7621573505157803,1.0,0.7488113594064847,0.056146468577553794,0.06131663972838405,0.058547901599164634,0.06446502248544189,0
20,3,0.8122948709352588,0.9225234462221589,0.8082062861511647,0.7799919183133587,0.8458824716806324,0.7778898409476699,0.8128420009104336,0.9225234462221589,0.8087737102042192,0.7835744675506341,1.0,0.7766699389062456,0.8160978264242637,0.9225234462221589,0.8121503003983588,0.7806579196275552,1.0,0.7736603456365767,0.8174608630369627,0.9225234462221589,0.8135638945977847,0.7835744675506341,1.0,0.7766699389062456,0.03910770371595609,0.038811542407646546,0.03789668706180236,0.039040629212074233,1
20,3,0.8643824247011987,1.0,0.8622802626266151,0.7930025375609207,1.0,0.7859279538788732,0.8639666334175854,1.0,0.8618580263032241,0.7900685209371759,1.0,0.7828936609237926,0.8639666334175854,1.0,0.8618580263032241,0.7936477850014837,1.0,0.7865952540391175,0.8659255212794598,1.0,0.8638472782219878,0.7900685209371759,1.0,0.7828936609237926,0.04347191808187731,0.042000020130796754,0.04224640198797518,0.04354389862287715,1
20,3,0.8309835017828138,1.0,0.8222223503968386,0.8461517264353954,1.0,0.8373958331965384,0.8240558258164288,1.0,0.8149355709196443,0.8468267517924671,1.0,0.8381092759490288,0.8240558258164288,1.0,0.8149355709196443,0.8480330712480544,1.0,0.8393842500870535,0.8281618618697715,1.0,0.8192544477538521,0.8443848901546309,1.0,0.8355284418072474,0.04011964077628065,0.033470166425359084,0.03437063397538519,0.03215805438996321,1
20,3,0.8494991156218498,0.9759228656988438,0.8270496324247211,0.7826354889134435,0.9738553645430669,0.7559944356933093,0.8497312578036548,0.947816063883386,0.832314014567004,0.7799246921669114,0.9738553645430669,0.7529059664890604,0.8539696501674406,0.9759228656988438,0.832314014567004,0.7866292466130085,0.9738553645430669,0.7605446099843615,0.8495137080144773,0.947816063883386,0.8320578337426477,0.7815371799853338,0.9738553645430669,0.7547431086413796,0.0356749930025994,0.03771932035883473,0.035375327327829165,0.04020425300288072,1
20,3,0.8499926646811015,1.0,0.8421473695447959,0.8169564060728945,1.0,0.800064855799187,0.8508483844753291,1.0,0.8430478429794066,0.809265736201753,1.0,0.7916644788359818,0.8540662820030472,1.0,0.8464340346493391,0.8077131380054,1.0,0.7899686044400859,0.8558913699544862,1.0,0.8483545736238783,0.809265736201753,1.0,0.7916644788359818,0.05063268713254831,0.047193899622446515,0.04677326376487596,0.04609011051996963,1
20,3,0.8469067811258354,0.9857651203252102,0.8160113618282208,0.8555403043174801,1.0,0.8179211987194938,0.870546721483958,1.0,0.8417438901793043,0.8523978223557755,1.0,0.8139603752806138,0.873635539168185,1.0,0.8455199573152986,0.8569870711383479,1.0,0.8197447216559879,0.8717685172502907,1.0,0.8432375305659496,0.8608616850545279,1.0,0.8246283333370844,0.03169347848694178,0.030791097922109843,0.030130549697808803,0.031802172791972574,1
20,3,0.8120235887990185,1.0,0.8040237280853207,0.8564281022683146,1.0,0.8511617940586461,0.8182265874206195,1.0,0.8104907126222983,0.8483478147931097,1.0,0.8427851165172828,0.8182265874206195,1.0,0.8104907126222983,0.8467121768253119,1.0,0.8410894823121019,0.814102010556907,1.0,0.8061906028808068,0.8464882195678975,1.0,0.8408573101605338,0.0422355648177306,0.03849864876487227,0.03902855453244959,0.03936888407045299,1
20,3,0.827167144822453,1.0,0.7837368807688778,0.868657403252542,1.0,0.8173463440819363,0.8397114381314121,1.0,0.7994333639216833,0.864144618492776,1.0,0.8110705687039951,0.8292391837832119,1.0,0.7863295915608264,0.8604506604824842,1.0,0.8059335076735592,0.8449512811488349,1.0,0.8059898996802644,0.868366984446434,1.0,0.8169424685838372,0.03007707325794626,0.027162239822612115,0.025649120261660514,0.027499100502570654,1
20,3,0.8557666756003522,1.0,0.8493050875171853,0.7936961210244642,0.9618227516827893,0.7815787491522165,0.8598063965583544,1.0,0.8535257861577735,0.8118239962861117,0.9618227516827893,0.8010131527427728,0.8604884659044182,1.0,0.8542384119038703,0.8068511124419494,0.9618227516827893,0.7956818587967649,0.8598063965583544,1.0,0.8535257861577735,0.8173451265604685,0.9618227516827893,0.8069322068227014,0.023597539706962423,0.022561651791396402,0.022279271975396225,0.022435777948084965,2
20,3,0.829756088770557,1.0,0.8150368539616564,0.7596738239796604,0.9412904860722086,0.7467492950671601,0.8220196249776928,1.0,0.806631497952117,0.763844311697324,0.9412904860722086,0.7512165704719505,0.8238305275491312,1.0,0.8085989705880737,0.7703905047916298,0.9412904860722086,0.7582286154376614,0.819496807184393,1.0,0.8038905581290101,0.7639926380294669,0.9412904860722086,0.7513754522671562,0.0404661872177812,0.04018846908599758,0.03928815225152889,0.041448196480517424,2
20,3,0.8611081577078655,1.0,0.8164955382634597,0.8104941683840577,0.9899409440746747,0.7361257392311561,0.8722632794250527,1.0,0.8312337300286211,0.836670343957929,0.9899409440746747,0.7731501512872233,0.8732609951036432,1.0,0.8325519160037252,0.8381590664090808,0.9899409440746747,0.7752558474884506,0.8875831394406185,1.0,0.8514743908164776,0.8546663826406609,0.9899409440746747,0.7986043185579942,0.01780449074640673,0.014931328408073591,0.013919103705729734,0.014904659069061498,2
20,3,0.7870588124712066,1.0,0.7761980416496077,0.7962123171167037,1.0,0.7867807134601589,0.7892879022201245,1.0,0.778540823038855,0.8074634382672982,1.0,0.7985525535957418,0.7870588124712066,1.0,0.7761980416496077,0.8007760003717935,1.0,0.7915556109116465,0.7860533687506551,1.0,0.7751413166623853,0.8041457556937316,1.0,0.7950813236308445,0.01625156918483707,0.01590350915358421,0.015990309497267104,0.01632871402428262,2
20,3,0.8070867244271743,1.0,0.7975750492944972,0.7813680130407138,1.0,0.7598083469154285,0.797775444934647,1.0,0.7878046730117698,0.7883579759993805,1.0,0.7674876018194914,0.8036691717394966,1.0,0.7939889926465944,0.7816899738217942,1.0,0.7601620567879481,0.8043747815863396,1.0,0.7947293929017888,0.7883579759993805,1.0,0.7674876018194914,0.023600434907241296,0.021753131583754724,0.02204743055528138,0.021531262264900448,2
20,3,0.8157037101070214,1.0,0.8053776841459714,0.8068269823668136,1.0,0.7998580082028273,0.8204602734466021,1.0,0.8104007552734106,0.8095079215259814,1.0,0.8026356658165927,0.821709226935889,1.0,0.8117196869818034,0.8065108699869024,1.0,0.7995304916473459,0.829878146767608,1.0,0.8203463071736601,0.7980396048710809,1.0,0.7907536143479401,0.023977318985254906,0.0234000699381081,0.02351289358370522,0.023485089193321613,2
20,3,0.8531059866241609,1.0,0.823430086009741,0.8298137893968704,0.9608549140451714,0.7953429740448388,0.8553143805239295,1.0,0.8260846252382462,0.8497892414543556,0.9608549140451714,0.8205730369834118,0.8512868394904808,1.0,0.821243430164838,0.8413454471226979,0.9608549140451714,0.8099080737167477,0.8758181233630097,1.0,0.8507305861346366,0.8521299551690342,0.9608549140451714,0.8235294834344142,0.017269607048397195,0.019060686556613273,0.017096235588243285,0.020107680086283296,2
20,3,0.9690836808428813,1.0,0.9637200079265945,0.9764411023727616,1.0,0.9728407641247196,0.9690836808428813,1.0,0.9637200079265945,0.9764411023727616,1.0,0.9728407641247196,0.9690836808428813,1.0,0.9637200079265945,0.9764411023727616,1.0,0.9728407641247196,0.9690836808428813,1.0,0.9637200079265945,0.9764411023727616,1.0,0.9728407641247196,0.20458610223075252,0.2704016337121218,0.2567981794916363,0.30953305455964153,2
20,3,0.790177146141525,1.0,0.7869049021132573,0.789543440083638,1.0,0.7866501566661549,0.796621129848823,1.0,0.7934493814854303,0.79782382339643,1.0,0.7950443758020681,0.796621129848823,1.0,0.7934493814854303,0.8005449342254061,1.0,0.7978028955141017,0.7945750689581804,1.0,0.7913714117230524,0.805137968497928,1.0,0.8024590732206031,0.03576069765556456,0.034170892923068054,0.034371198247225405,0.033839678150759556,3
20,3,0.7819236234563053,1.0,0.7798879009909592,0.784691069047227,0.8703832604979321,0.7823151850728308,0.7819236234563053,1.0,0.7798879009909592,0.784691069047227,0.8703832604979321,0.7823151850728308,0.7819236234563053,1.0,0.7798879009909592,0.784691069047227,0.8703832604979321,0.7823151850728308,0.7819236234563053,1.0,0.7798879009909592,0.784691069047227,0.8703832604979321,0.7823151850728308,0.35224367278865854,0.3398412846472079,0.33659606454949453,0.3299256222882623,3
20,3,0.8846040362852391,1.0,0.8810784408000237,0.7975801047425765,1.0,0.7950421452179943,0.8909946666833378,1.0,0.8876643187349853,0.8006151204344772,1.0,0.7981152142196882,0.8805715185209303,1.0,0.876922720923906,0.8006763081046236,1.0,0.7981771690665493,0.8869621489190292,1.0,0.8835085988588677,0.7972416391258762,1.0,0.7946994358878264,0.053659355334620504,0.04977897081247872,0.04681476838211235,0.04538844962673158,3
20,3,0.7435517025779345,1.0,0.7405752568955631,0.723798758181027,1.0,0.7230344487948932,0.7466895639578468,1.0,0.7437495376007354,0.7270442749399232,1.0,0.7262889466101573,0.7466895639578468,1.0,0.7437495376007354,0.723798758181027,1.0,0.7230344487948932,0.7466895639578468,1.0,0.7437495376007354,0.7244438001799425,1.0,0.7236812757664285,0.2510085993773544,0.264245264878398,0.2658122598238406,0.2822255965532835,3
20,3,0.8583657939979219,0.9381975331996134,0.8504747007019089,0.8198158815644451,0.959351813654647,0.8091202061840823,0.863851808585577,0.9381975331996134,0.8565029889938247,0.817620598242836,0.959351813654647,0.8067566505226955,0.8606457940163985,0.9381975331996134,0.8529800708932094,0.8209257050327617,0.959351813654647,0.810315099579326,0.863851808585577,0.9381975331996134,0.8565029889938247,0.817620598242836,0.959351813654647,0.8067566505226955,0.05102179111394055,0.04984395631112115,0.04830840976739042,0.04901815313716381,3
20,3,0.7368790030774007,1.0,0.7358679373652917,0.7541954119714226,1.0,0.7523913675544448,0.7444418059320146,1.0,0.7434598009590453,0.7616860504965283,1.0,0.7599369824521204,0.7418781408146699,1.0,0.7408862847316493,0.7741312052911047,1.0,0.7724734765182931,0.7507336232264978,1.0,0.7497757951181941,0.7734629034537935,1.0,0.7718002697839328,0.055723692663244694,0.05421353887537151,0.06429639736284991,0.06377959102347945,3
20,3,0.7648273305183526,1.0,0.7635296048515623,0.7458075536558835,,0.7458075536558835,0.7657825071081849,1.0,0.7644900522799646,0.7476287946143646,,0.7476287946143646,0.7682589860231549,1.0,0.7669801968570982,0.7436977453211785,,0.7436977453211785,0.7708610204415497,1.0,0.7695965897758156,0.741246404477749,,0.741246404477749,0.13211313646775885,0.12848999498820718,0.147727116446486,0.14636228071858248,3
20,3,0.8244422000376419,1.0,0.8146654134807051,0.7773505400966026,1.0,0.7653850155869236,0.8271995056709965,1.0,0.8175762730356475,0.8032110596802168,1.0,0.7926353192780088,0.8315503766451339,1.0,0.8221694433371861,0.7985563206743864,1.0,0.7877304274369343,0.8323710181420869,1.0,0.8230357862313838,0.7966487564632693,1.0,0.7857203477904247,0.03910164480381476,0.037442261626612176,0.038503306650999124,0.03838295809806564,3
20,3,0.8768451308992895,1.0,0.872858746524916,0.9140132493843602,1.0,0.9121207831943011,0.8874232966211664,1.0,0.8837793155545236,0.9129361156732818,1.0,0.9110199430503619,0.8909588322408454,1.0,0.8874292924793028,0.9129361156732818,1.0,0.9110199430503619,0.8878354407331364,1.0,0.8842048003071026,0.9154745109238573,1.0,0.9136142053636458,0.10143228378706916,0.09405995496389405,0.09329937640092578,0.09039457692592323,4
20,3,0.9016054844935304,1.0,0.8988354061682032,0.8875723705807123,1.0,0.884559318510021,0.9063470660961627,1.0,0.9037104764348897,0.8907831400982653,1.0,0.8878561364108168,0.9030942682157254,1.0,0.900366103278545,0.8850112338930745,1.0,0.8819295435504576,0.9030942682157254,1.0,0.900366103278545,0.8967362362967067,1.0,0.8939687751427121,0.10736270715169267,0.10625855969852155,0.10256582407061932,0.10358363095122218,4
20,3,0.702715453604892,1.0,0.7016873092902097,0.6509455614594245,1.0,0.6484671303016697,0.7068667201494356,1.0,0.7058529327905664,0.6522470141200172,1.0,0.6497778238154596,0.7125037797386912,1.0,0.7115094878794652,0.6542371818862608,1.0,0.651782122597546,0.7195073401711917,1.0,0.7185372697890945,0.6486418208206254,1.0,0.6461470321496916,0.11279847960206718,0.11396578830025603,0.11604486051696666,0.1172960684046569,4
20,3,0.8455785294024889,1.0,0.8384970309824957,0.8400985343668107,1.0,0.8353909135859624,0.8582549613322946,1.0,0.8517547818981568,0.8429876134515032,1.0,0.8383650493565505,0.8544939186706582,1.0,0.8478212644014937,0.8448309293633566,1.0,0.840262633891008,0.8602424058365508,1.0,0.8538333671295558,0.8414869841216778,1.0,0.8368202403577679,0.09585347416514114,0.08434718184429271,0.08189451844750224,0.0786177123903774,4
20,3,0.7034124043904492,1.0,0.7024054231919485,0.6693781837593169,1.0,0.6686321816168974,0.7063954647267735,1.0,0.7053986116850709,0.6831311379500876,1.0,0.6824161674359119,0.7121146917879183,1.0,0.7111372568007998,0.6733283796943178,1.0,0.672591290619596,0.7167290954699244,1.0,0.7157673274150002,0.6767677406640166,1.0,0.6760384120289448,0.12189152385076624,0.11935856831214685,0.12288866646005152,0.120704248169977,4
20,3,0.7828822814068261,1.0,0.7812393207373229,0.7599038084662444,1.0,0.7586563387870107,0.7844244910178373,1.0,0.7827932004678961,0.7635314948325402,1.0,0.7623028735520203,0.7844244910178373,1.0,0.7827932004678961,0.7614988572087578,1.0,0.760259674936877,0.7915752641150934,1.0,0.7899980844826373,0.7711217430166746,1.0,0.7699325584486116,0.08593475888580467,0.08355429696237057,0.080900188807762,0.08038667610228549,4
20,3,0.7321623760128761,,0.7321623760128761,0.716752379577086,,0.716752379577086,0.7321623760128761,,0.7321623760128761,0.7185399211959842,,0.7185399211959842,0.7284352810780251,,0.7284352810780251,0.7107697096462239,,0.7107697096462239,0.7351913922194593,,0.7351913922194593,0.7101044780518726,,0.7101044780518726,0.11734779467630443,0.11841868923883908,0.11729372069712904,0.11887975516561088,4
20,3,0.8673069023416079,,0.8673069023416079,0.8759433822094187,0.8666481922366476,0.8761799706643516,0.8649352925625657,,0.8649352925625657,0.8759433822094187,0.8666481922366476,0.8761799706643516,0.8698466726790236,,0.8698466726790236,0.876617471999203,0.8666481922366476,0.8768712179153948,0.8698466726790236,,0.8698466726790236,0.8728360889417452,0.8666481922366476,0.8729935881348796,0.09157894347477635,0.0888241152506213,0.08878164573374596,0.08784641108679096,4
20,3,0.7691005889569962,,0.7691005889569962,0.7322413580105177,1.0,0.7284567590464319,0.7714594476746928,,0.7714594476746928,0.7304971186583403,1.0,0.7266878659747842,0.7714594476746928,,0.7714594476746928,0.7304971186583403,1.0,0.7266878659747842,0.7711717135767288,,0.7711717135767288,0.7348538381567248,1.0,0.7311061649463012,0.13652461749708125,0.14098240418476526,0.13730001710072226,0.14673236931689748,5
20,3,0.6941113276577137,1.0,0.6905917852402895,0.7587279496585371,,0.7587279496585371,0.6986874810074761,1.0,0.6952205916212997,0.7585751466802111,,0.7585751466802111,0.69374089935993,1.0,0.6902170948098263,0.7585751466802111,,0.7585751466802111,0.7070476757746493,1.0,0.703676978443823,0.7583336472339117,,0.7583336472339117,0.09912284299379641,0.10242976586196509,0.10244137146750142,0.1078539780420679,5
20,3,0.747320955037159,1.0,0.7423451543513482,0.7856646453675704,1.0,0.7833316488214748,0.7560490495353183,1.0,0.75124512403843,0.7966787693084495,1.0,0.7944656592512461,0.7645686355404435,1.0,0.7599324792461553,0.7914355956920079,1.0,0.789165414761179,0.7621031941103742,1.0,0.7574184879050303,0.7897374229056119,1.0,0.7874487577109427,0.15266461860302255,0.1536920692984321,0.14872596800705035,0.15196919172378212,5
20,3,0.8421428603195403,,0.8421428603195403,0.7794668862779712,,0.7794668862779712,0.8441692986579401,,0.8441692986579401,0.7788069949728491,,0.7788069949728491,0.8452403725865558,,0.8452403725865558,0.7826041380764904,,0.7826041380764904,0.8452403725865558,,0.8452403725865558,0.7826041380764904,,0.7826041380764904,0.10258089082205879,0.09297075868816088,0.09448130959862294,0.08814011382349736,5
20,3,0.882987339890463,1.0,0.8790653907441063,0.8618653635560076,1.0,0.8591061920937495,0.879589397517037,1.0,0.8755535584960431,0.8465093639298986,1.0,0.8434434639234207,0.879589397517037,1.0,0.8755535584960431,0.8512977731968467,1.0,0.8483275193117118,0.8761921192561478,1.0,0.8720424126197802,0.8465093639298986,1.0,0.8434434639234207,0.03132969150304605,0.03393845189884506,0.03196389058175435,0.03480471633771693,5
20,3,0.7893752865207815,1.0,0.7887534769359564,0.7552394721935031,1.0,0.7539225772656004,0.7849526028722092,1.0,0.7843177365713041,0.7552394721935031,1.0,0.7539225772656004,0.7849526028722092,1.0,0.7843177365713041,0.7599138607546256,1.0,0.7586221156278056,0.7849526028722092,1.0,0.7843177365713041,0.7599138607546256,1.0,0.7586221156278056,0.20229443612794726,0.21345290107540563,0.20788624769903646,0.22013856425046432,5
20,3,0.7658681498303896,1.0,0.7646636643665369,0.7407025103152287,1.0,0.7350851317229617,0.7706121531973822,1.0,0.7694320731405336,0.7425495638038987,1.0,0.736972199477634,0.7706121531973822,1.0,0.7694320731405336,0.7399909695377053,1.0,0.7343581762419021,0.774047505102345,1.0,0.7728850981276923,0.7425495638038987,1.0,0.736972199477634,0.06909659098402415,0.07144066479169849,0.07054175026313707,0.07327241933789716,5
20,3,0.7766009595422662,1.0,0.7758883338137761,0.7893048633784743,1.0,0.78708519605592,0.7812009615935551,1.0,0.7805030095172264,0.7922423147260355,1.0,0.7900535933705894,0.7812009615935551,1.0,0.7805030095172264,0.7859571174658274,1.0,0.7837021817344922,0.7843702456716015,1.0,0.7836824033673214,0.7922423147260355,1.0,0.7900535933705894,0.18526420863874546,0.18757131291487325,0.1839458891372824,0.1888712470040907,5
20,3,0.7523677350705047,1.0,0.7514261915071364,0.7071688368860428,,0.7071688368860428,0.7606737650840696,1.0,0.7597638025794081,0.7011001229337289,,0.7011001229337289,0.7523677350705047,1.0,0.7514261915071364,0.7004651314812309,,0.7004651314812309,0.7545747239697796,1.0,0.753641571785431,0.7011001229337289,,0.7011001229337289,0.0877476965206946,0.08796289122092567,0.0869668208664833,0.0877405244104287,6
20,3,0.833841243316835,1.0,0.8318082897642116,0.7658948501487755,1.0,0.7605855729257586,0.8347449916607179,1.0,0.8327230954754163,0.7588672858651845,1.0,0.7533986303157707,0.833841243316835,1.0,0.8318082897642116,0.7617960605424804,1.0,0.7563938267556608,0.8347449916607179,1.0,0.8327230954754163,0.7588672858651845,1.0,0.7533986303157707,0.06565093619447755,0.0653543241364118,0.0634496835659659,0.06547899716986134,6
20,3,0.8167558887188862,1.0,0.8142281955183457,0.7781430108980808,1.0,0.7775077843765861,0.8081788556062504,1.0,0.8055328496908942,0.7809008781887727,1.0,0.7802735480623968,0.8119051381990234,1.0,0.8093105331123608,0.7812976529141579,1.0,0.7806714588431736,0.8020414738770919,1.0,0.7993108081166939,0.7860223100258994,1.0,0.7854096437122081,0.06646126830739849,0.06469992343176288,0.06480409984188859,0.06411575538212988,6
20,3,0.7914730811949865,1.0,0.7903252233165177,0.8110048355759734,1.0,0.8092508412916987,0.8041212152071212,1.0,0.8030429802836018,0.8094971316860398,1.0,0.8077291449590834,0.8041212152071212,1.0,0.8030429802836018,0.8136891917783776,1.0,0.8119601100121048,0.7973268667647873,1.0,0.7962112316512432,0.8127594304388155,1.0,0.8110217199011119,0.0432977237121884,0.04253111378250523,0.04168571765172877,0.04175491029900676,6
20,3,0.7724132118457513,1.0,0.7681094264697305,0.8438756833834513,,0.8438756833834513,0.7883617101167139,1.0,0.784359519196965,0.8332173520735902,,0.8332173520735902,0.7705368792459306,1.0,0.7661976114376071,0.8380495226626689,,0.8380495226626689,0.7890925270732273,1.0,0.7851041562849348,0.8368314760448603,,0.8368314760448603,0.07076153774790313,0.06610204265034926,0.06659227587990826,0.06344406011082847,6
20,3,0.7500017190392593,0.7171444041675679,0.7565670133806841,0.7343025401347587,0.8703312006348491,0.7071023460260136,0.7576270854313562,0.7171444041675679,0.7657160214647699,0.7278310401357233,0.8596328633826343,0.7014760413948508,0.7576270854313562,0.7171444041675679,0.7657160214647699,0.7250186304099582,0.8427555419785271,0.7014760413948508,0.7641045933471212,0.7405643980950535,0.7688082129608343,0.7259557758123343,0.8596328633826343,0.6992258005524409,0.09002258132992148,0.09781037675523342,0.09560646257751443,0.10542822155809113,6
20,3,0.9848379967397991,1.0,0.9812919364997786,0.9259953509483146,0.9852167650990681,0.913056263962435,0.9848379967397991,1.0,0.9812919364997786,0.9259953509483146,0.9852167650990681,0.913056263962435,0.9848379967397991,1.0,0.9812919364997786,0.9259953509483146,0.9852167650990681,0.913056263962435,0.9848379967397991,1.0,0.9812919364997786,0.9259953509483146,0.9852167650990681,0.913056263962435,0.18014739375550542,0.18986432979777207,0.1754852415765857,0.1838056188300711,6
20,3,0.7215798483368393,1.0,0.7207345854735188,0.7511960364472569,1.0,0.7501075097809762,0.7308195900662627,1.0,0.7300023783713077,0.7503393705741337,1.0,0.7492470959625483,0.7257444026124652,1.0,0.7249117830260429,0.7503393705741337,1.0,0.7492470959625483,0.7341985196694208,1.0,0.7333915661533161,0.7464902738752894,1.0,0.7453811593213737,0.06512099534815026,0.06574046746866485,0.06360949611725425,0.06431674110961906,6
20,3,0.6384628888197875,0.0,0.6402703761740929,0.6011914413921253,0.0,0.6021028648327308,0.6326908497678685,0.0,0.6344819964894173,0.6024704166876899,0.0,0.6033837790914676,0.6391787427079424,0.0,0.6409882566433899,0.6015048401365904,0.0,0.6024167386986667,0.6402448572591696,0.0,0.6420573893631014,0.6142269753407219,0.0,0.6151581610240733,0.3001048711101658,0.2941090989200488,0.28247080348503917,0.2842420026490478,7
20,3,0.6350314310243732,1.0,0.6331642396984654,0.6264614398204325,1.0,0.6228339470241024,0.6440744905390875,1.0,0.6422535638061362,0.6159412211055308,1.0,0.6122115647799903,0.6265758149395658,1.0,0.6246653644008083,0.6064474785533053,1.0,0.6026256269730048,0.6226809150571249,1.0,0.6207505380811507,0.6035050620073783,1.0,0.5996546361486446,0.07757502878507706,0.07612741988182846,0.14147205226446213,0.13893788430930332,7
20,3,0.6795200627415195,,0.6795200627415195,0.5931772726426675,,0.5931772726426675,0.6804235228960787,,0.6804235228960787,0.601048842094242,,0.601048842094242,0.6893273347520491,,0.6893273347520491,0.593232713770941,,0.593232713770941,0.6815162424547977,,0.6815162424547977,0.5987848679043315,,0.5987848679043315,0.19480424779651623,0.20384761244481067,0.21637117615220378,0.21981860148396615,7
20,3,0.6997320691847487,1.0,0.6992486690765423,0.658256640594955,1.0,0.6559082613188548,0.7328886738557813,1.0,0.7324586524292149,0.6682105565590848,1.0,0.6659305782315996,0.7181770061803452,1.0,0.7177233005004292,0.6502862592992709,1.0,0.6478831094541389,0.731751345265647,1.0,0.7313194928584561,0.6522581142675409,1.0,0.649868514541864,0.18294388070617282,0.16564184535546647,0.2547879768052456,0.23564273613072048,7
20,3,0.5865249976724161,1.0,0.5853164592306385,0.5956506020995421,0.0,0.5977797655301743,0.5865249976724161,1.0,0.5853164592306385,0.6015147209451841,0.0,0.6036648457705585,0.5909200258687399,1.0,0.5897243335736412,0.6026075643318568,0.0,0.6047615955449124,0.5891438219387319,1.0,0.587942938009997,0.5998018214024503,0.0,0.6019458234386361,0.08788745969151707,0.10412118260740094,0.1760911827635217,0.19635651309002278,7
20,3,0.6891070272910326,,0.6891070272910326,0.659827224428107,1.0,0.6580272484118672,0.6969432226086892,,0.6969432226086892,0.6671170562518502,1.0,0.665355653347239,0.6930023798132561,,0.6930023798132561,0.6642429631055311,1.0,0.6624663523444912,0.7057822671476685,,0.7057822671476685,0.6757399406843952,1.0,0.6740241645503077,0.2196179180288738,0.20769077311850923,0.2002050347999542,0.19960691935421815,7
20,3,0.7495828963901878,1.0,0.7464486875189417,0.7605276379495548,1.0,0.7548583907958403,0.7566758929041504,1.0,0.7536304596487761,0.7605276379495548,1.0,0.7548583907958403,0.759070310701495,1.0,0.7560548458683796,0.7640880910377246,1.0,0.7585031337300834,0.7638921515424998,1.0,0.7609370366460373,0.7663581343544841,1.0,0.7608269178480868,0.25880825530751717,0.2356671446700404,0.17150308904589256,0.16096539367167179,7
20,3,0.6823551746355137,,0.6823551746355137,0.6893543589729478,,0.6893543589729478,0.6847918307742065,,0.6847918307742065,0.6857140576568841,,0.6857140576568841,0.6821933111314746,,0.6821933111314746,0.6806721887026845,,0.6806721887026845,0.6904896896028216,,0.6904896896028216,0.6859996140884691,,0.6859996140884691,0.14186369637662702,0.13896927467710457,0.1569583422364987,0.1553531314169007,7
20,3,0.8365448399212853,1.0,0.8346160187197619,0.8028923732099297,1.0,0.8001505944330397,0.835776632611626,1.0,0.8338387463273893,0.8004068122712963,1.0,0.7976304591943593,0.8404378288061058,1.0,0.8385549460717114,0.8028923732099297,1.0,0.8001505944330397,0.8325990079672355,1.0,0.8306236247341008,0.7986388730853841,1.0,0.7958379278695346,0.017765829129303905,0.019009644755734193,0.018515149205192066,0.02011919071716078,8
20,3,0.8145676978441403,1.0,0.8105794275553028,0.8027425345301257,1.0,0.79966386690985,0.8245393705289735,1.0,0.8207655705640037,0.81099104624841,1.0,0.8080411160925547,0.822045571609479,1.0,0.8182181351204444,0.8130309022846091,1.0,0.810112808889475,0.8222145267244685,1.0,0.8183907241150625,0.8124176719142804,1.0,0.8094900076140332,0.020263194563147797,0.01900263660130312,0.019319022194378185,0.01967639082841063,8
20,3,0.8584736931451826,1.0,0.846947603613166,0.8238886609329593,1.0,0.807364571900582,0.8681188651601053,1.0,0.8573782911881729,0.822465822838189,1.0,0.8058082324453588,0.8616779002329713,1.0,0.8504127655622363,0.822465822838189,1.0,0.8058082324453588,0.8722711313025253,1.0,0.8618687233746444,0.822465822838189,1.0,0.8058082324453588,0.04286990136648715,0.04206360000971882,0.0423720043883668,0.04310023560035126,8
20,3,0.7904907372219905,1.0,0.7724206990337545,0.7816677337963857,1.0,0.7651024077600533,0.7935821889923945,1.0,0.7757787865166208,0.7847529977441406,1.0,0.7684217571414065,0.7949512447353314,1.0,0.7772659224304707,0.7822609353345547,1.0,0.7657406167405758,0.7959677868500307,1.0,0.7783701406440163,0.7888353332971904,1.0,0.7728138280377557,0.05256906704427717,0.05013472341205659,0.050856552713896705,0.050575554681479486,8
20,3,0.8905391491679026,1.0,0.860563634630562,0.865105368169135,1.0,0.8354291851702222,0.8857982525639118,1.0,0.8545244581941684,0.8706124563738218,1.0,0.8421478068150117,0.8857982525639118,1.0,0.8545244581941684,0.8680098900627967,1.0,0.8389726881861923,0.8915572155596775,1.0,0.8618604953464686,0.8732527194637623,1.0,0.8453689153363745,0.06027393655479837,0.060905155005769665,0.05894024587516604,0.06188380805611313,8
20,3,0.8577746969232868,1.0,0.8116105857413548,0.8804181659690554,1.0,0.8347968476201463,0.8606086213812595,1.0,0.8153643577997821,0.8804181659690554,1.0,0.8347968476201463,0.8582907521578147,1.0,0.8122941444419144,0.8804181659690554,1.0,0.8347968476201463,0.8635707074517509,1.0,0.8192878907276928,0.887800488697142,1.0,0.8449955788609612,0.047040646782171555,0.041205832687915056,0.04143853227509166,0.04392613944444639,8
20,3,0.9630272247224503,1.0,0.9554847724878601,0.9275152771370931,1.0,0.9162347754416426,0.9639577865207607,1.0,0.9566051690460012,0.9283442158070246,1.0,0.9171927184548655,0.9639577865207607,1.0,0.9566051690460012,0.9331482575334045,1.0,0.9227443935955572,0.9639577865207607,1.0,0.9566051690460012,0.9331482575334045,1.0,0.9227443935955572,0.044596889673686795,0.044511700361072645,0.04364584946596072,0.04649874293383201,8
20,3,0.8788318828400751,1.0,0.8595806239484372,0.8720144070905126,1.0,0.8549546832753494,0.8850275666540124,1.0,0.8667606815061325,0.8709168138398832,1.0,0.8537107873253971,0.8805771984369216,1.0,0.8616032362730868,0.8742477687844575,1.0,0.8574857388957117,0.8850275666540124,1.0,0.8667606815061325,0.8768283511138504,1.0,0.8604102976119847,0.040800418479324564,0.03935083650692653,0.03988750327892819,0.039962126502677615,8
20,3,0.8296816062144409,1.0,0.8276996954592546,0.8416403353266554,1.0,0.8405954168508646,0.8326769098080492,1.0,0.8307298539165996,0.8390619926282847,1.0,0.8380000612475474,0.8326769098080492,1.0,0.8307298539165996,0.8369326020091956,1.0,0.8358566200834242,0.8326769098080492,1.0,0.8307298539165996,0.8369326020091956,1.0,0.8358566200834242,0.2081838043527622,0.2089801928192916,0.19537620664875793,0.19794562491048814,9
20,3,0.7886148024286986,1.0,0.7874043318218322,0.7856612586996816,1.0,0.783650398039417,0.787542480176641,1.0,0.78632586905198,0.7861613613279186,1.0,0.7841551924778938,0.7827200982855658,1.0,0.7814758724007358,0.7844193927203366,1.0,0.782396881252439,0.7820934833736805,1.0,0.7808456692577851,0.7831833212537468,1.0,0.7811492133405668,0.38195450495486827,0.3706428821179996,0.34710925706479706,0.33971878258575305,9
20,3,0.7647793612080652,1.0,0.7605769093368389,0.7618852688028793,1.0,0.7580778241683102,0.7752273277737532,1.0,0.7712115392704609,0.7666742441080899,1.0,0.7629433749891944,0.7711624737896856,1.0,0.7670740626061755,0.7626105473689337,1.0,0.7588146999084286,0.7719799202357334,1.0,0.7679061135502148,0.7676942848788377,1.0,0.7639797261693826,0.08333781959812926,0.07930495597165468,0.07843778492313232,0.07676803669523834,9
20,3,0.8811223197687433,1.0,0.8797883547287325,0.8661166494930772,1.0,0.8649441115912699,0.8811223197687433,1.0,0.8797883547287325,0.868626456947508,1.0,0.8674758997053973,0.8811223197687433,1.0,0.8797883547287325,0.868626456947508,1.0,0.8674758997053973,0.8811223197687433,1.0,0.8797883547287325,0.868626456947508,1.0,0.8674758997053973,0.2960703937490571,0.29622144144480916,0.2885147364264796,0.2912104520189064,9
20,3,0.7790615560302703,1.0,0.7780394409399266,0.7438468148887338,1.0,0.7388926071075324,0.7793895895997633,1.0,0.7783689920726625,0.7442658940862651,1.0,0.7393197916324303,0.7777339334383393,1.0,0.7767056764423086,0.7472924986883986,1.0,0.7424049331919083,0.7766558008330083,1.0,0.7756225561327758,0.7539311518599876,1.0,0.7491719832334605,0.1189856654804126,0.1124570468913683,0.12413841128874195,0.12136168356241162,9
20,3,0.8105926265056212,1.0,0.8094351174917556,0.842920932516876,1.0,0.8423952312220014,0.8105926265056212,1.0,0.8094351174917556,0.8431029731602162,1.0,0.8425778811063018,0.8079055230893559,1.0,0.8067315926111717,0.8489681223856095,1.0,0.8484626594050774,0.8148308714391111,1.0,0.8136992632474942,0.8399428436631787,1.0,0.8394071755077176,0.46587965010273935,0.46581325375701643,0.4319906218731853,0.4322280310053063,9
20,3,0.8580063223965789,1.0,0.8574903639452518,0.8654403857923777,1.0,0.8633048353050905,0.8552102415797195,1.0,0.8546841230878018,0.8654403857923777,1.0,0.8633048353050905,0.8552102415797195,1.0,0.8546841230878018,0.8654403857923777,1.0,0.8633048353050905,0.8552102415797195,1.0,0.8546841230878018,0.8654403857923777,1.0,0.8633048353050905,0.38135263066139374,0.35982511939124606,0.3883237571202505,0.3691010585049166,9
20,3,0.80894306509929,1.0,0.8076640498218205,0.8105959059786527,1.0,0.8090245049976184,0.80894306509929,1.0,0.8076640498218205,0.8105959059786527,1.0,0.8090245049976184,0.8088259018788613,1.0,0.8075461022616399,0.8105959059786527,1.0,0.8090245049976184,0.8088259018788613,1.0,0.8075461022616399,0.8138869610991928,1.0,0.8123428645292473,0.20435729805425276,0.18410946765581088,0.2064288973797372,0.1878894780179492,9
20,3,0.6902118953165599,0.5425635648451653,0.6937394651221354,0.6009612805905904,0.42221586725426036,0.6025347830185593,0.6898938697354636,0.5425635648451653,0.6934138413688573,0.6075429066437249,0.42221586725426036,0.6091743473671795,0.6864506549117785,0.5425635648451653,0.6898883622851744,0.6093883611316517,0.42221586725426036,0.611036047458634,0.6859179302329507,0.5425635648451653,0.6893429099074575,0.6074068250313397,0.42221586725426036,0.6090370678233705,0.2999758306033068,0.3002319122939675,0.28968074328958116,0.2903084239360256,10
20,3,0.7274215839116664,1.0,0.7233155234332576,0.6769231222424617,0.8056407351783176,0.6729342795990834,0.7280587858087348,1.0,0.7239623239976155,0.6797329140489269,0.8056407351783176,0.6758311443174913,0.7280587858087348,1.0,0.7239623239976155,0.6769231222424617,0.8056407351783176,0.6729342795990834,0.7280587858087348,1.0,0.7239623239976155,0.6769231222424617,0.8056407351783176,0.6729342795990834,0.30205818538479606,0.2992068767268465,0.2983499394994973,0.29598946584107283,10
20,3,0.8458626016365257,1.0,0.8343362433272968,0.8483956407802827,1.0,0.8443910311800445,0.8560298520845635,1.0,0.8452637983667444,0.8556669557652266,1.0,0.8518544170127196,0.851651266762775,1.0,0.8405577834669153,0.8409169224423048,1.0,0.8367147634615086,0.8580802599959841,1.0,0.8474675352983644,0.8467046683481049,1.0,0.8426553919291122,0.024733840055112394,0.024886951365107893,0.025087204030589828,0.02647999614380654,10
20,3,0.7490132574553975,0.6724897074304341,0.7499836851359026,0.705359512166622,,0.705359512166622,0.7489696800528043,0.6724897074304341,0.7499395551097354,0.7094187217768075,,0.7094187217768075,0.7522765263062625,0.864888317733841,0.7508484482895348,0.6971372215774658,,0.6971372215774658,0.7522765263062625,0.864888317733841,0.7508484482895348,0.6971372215774658,,0.6971372215774658,0.08130765597052404,0.08189259131514218,0.08782055971837044,0.08824228972792418,10
20,3,0.8790044528931421,1.0,0.8742771338118193,0.7988724590759783,1.0,0.7931276433402255,0.8923937961528075,1.0,0.8881896012639964,0.8080497013319266,1.0,0.8025670156131798,0.8913697475343462,1.0,0.887125542870878,0.8092815335560166,1.0,0.8038340327210121,0.8882644187924295,1.0,0.8838988883432902,0.8196563638707792,1.0,0.8145051998187642,0.01856383143853806,0.017503576864095698,0.018566729542195418,0.01846497379410045,10
20,3,0.8210968482073453,1.0,0.8148773677535722,0.8489496743604595,1.0,0.8462507287697052,0.8251140136092814,1.0,0.8190341879432887,0.857277444950775,1.0,0.8547272987725371,0.8175310883905973,1.0,0.8111876460431352,0.838079366424086,1.0,0.8351861917275631,0.8258903834234599,1.0,0.8198375478738281,0.838079366424086,1.0,0.8351861917275631,0.028718936686311404,0.02843700814246026,0.027578355787986175,0.02845844543726872,10
20,3,0.9269071355789023,1.0,0.923369319222904,0.9165432067357105,1.0,0.913335045406912,0.9269071355789023,1.0,0.923369319222904,0.9117276575350499,1.0,0.9083343817521943,0.9269071355789023,1.0,0.923369319222904,0.911151690591127,1.0,0.9077362740716833,0.9240004735922736,1.0,0.9203219699557985,0.911151690591127,1.0,0.9077362740716833,0.02860244689313859,0.030226372870132932,0.03265172350002234,0.035207189372180425,10
20,3,0.6525120106028168,0.17485908960725405,0.6577036377655592,0.6601490849465964,0.8046198582841341,0.6575788408027512,0.6598765898833233,0.17485908960725405,0.6651482629290787,0.6670406540485683,0.8046198582841341,0.664593016122694,0.6622127663773554,0.17485908960725405,0.6675098314113312,0.6653536809328573,0.8046198582841341,0.6628760304814644,0.6600763709699994,0.17485908960725405,0.6653502154437323,0.6549809258877101,0.8046198582841341,0.6523187362918631,0.20706463276847523,0.20682092861341028,0.21347303324111444,0.21532344409647708,10
20,3,0.7653003079595547,1.0,0.7573544178878118,0.6923891849194468,1.0,0.6861025227747408,0.7664324362290975,1.0,0.7585248749966415,0.68480523437433,1.0,0.6783635785412948,0.7587629609401877,1.0,0.7505957453084275,0.6931036633659823,1.0,0.6868316030635487,0.766834521339101,1.0,0.7589405729241812,0.6820034518206073,1.0,0.6755045357761142,0.08455991868359497,0.08568970808350404,0.08043803952324065,0.08494505063725517,11
20,3,0.8619906858381319,1.0,0.8477383880012084,0.872265049942999,1.0,0.862657557867872,0.8845102442016369,1.0,0.8725835535521834,0.875940851273775,1.0,0.8666098319427121,0.8874022787135807,1.0,0.8757742500600162,0.8796298344324641,1.0,0.8705762793071382,0.9007648819130148,1.0,0.890516816646933,0.8920074761851098,1.0,0.8838848964505772,0.038146338328792176,0.03931181804942327,0.03965582338749788,0.041601597343973944,11
20,3,0.7504386613720572,0.7690814123715928,0.7498258996262437,0.7287087120292324,0.8476209959563561,0.7244137473304472,0.7570243803748808,0.7690814123715928,0.7566280822118137,0.728874183993851,0.8476209959563561,0.724585195937875,0.7494801457797422,0.7690814123715928,0.748835878936438,0.728874183993851,0.8476209959563561,0.724585195937875,0.7570243803748808,0.7690814123715928,0.7566280822118137,0.7275376141114163,0.8476209959563561,0.7232003508035239,0.11015654024195361,0.1029556309960216,0.10600373758689045,0.10241862235397109,11
20,3,0.8087935776361405,0.9588868316405512,0.7801661354074213,0.7453022261329572,0.9679202876491942,0.6914822769620474,0.8350269494194086,1.0,0.8035614681350022,0.7676783872108248,0.9679202876491942,0.7192680793046385,0.8196284992263804,0.9763507111140692,0.7897367089755004,0.7565173988026543,0.9679202876491942,0.7054088200341058,0.8231108525298042,1.0,0.7893726017091405,0.7616233160902727,0.9679202876491942,0.71174913944983,0.07097971053239233,0.0692632209807745,0.06737985959429668,0.0675944547312587,11
20,3,0.7537948570778348,0.7916443112956487,0.7524610398440204,0.6627611166527893,1.0,0.6510466669822506,0.7592413211823739,0.7916443112956487,0.7580994376986258,0.6582008495044569,1.0,0.646327992774023,0.7583491889524606,0.7916443112956487,0.7571758666707774,0.6636482757316272,1.0,0.6519646427340524,0.7686815553545439,0.7916443112956487,0.7678723463383752,0.6600873102157281,1.0,0.6482799822548072,0.1468065653602628,0.1423290940844751,0.15104743450134406,0.1477117282204731,11
20,3,0.7966956007326953,1.0,0.7855052752021667,0.8093724178515811,1.0,0.7985334278952485,0.8014134434114877,1.0,0.7904827984169817,0.8140526365253897,1.0,0.8034797614860442,0.8020082450226709,1.0,0.7911103392294767,0.8073483783054517,1.0,0.796394302462468,0.8076353140877787,1.0,0.7970471346696569,0.8147953525649064,1.0,0.8042647079919079,0.07337825497876854,0.06783509660963166,0.06485857310631893,0.0635393335428195,11
20,3,0.6991209313416472,0.906625937462862,0.6788129738893255,0.7408277213519737,0.8497064981829867,0.7352042484416309,0.7139756370112182,0.906625937462862,0.6951214696931364,0.7417745624509613,0.8497064981829867,0.7361999928753686,0.7016887778641123,0.906625937462862,0.6816321286519968,0.747994054686204,0.8497064981829867,0.7427407152632539,0.7118963456914579,0.906625937462862,0.6928386837182734,0.757776484449488,0.8497064981829867,0.75302839710938,0.10298112566780326,0.09125894312244619,0.09766512383674404,0.09489257135062254,11
20,3,0.821769204301845,0.979299984854204,0.7952859447918692,0.7763862047749356,0.8888505862973,0.7574041857250046,0.8298006466679962,0.979299984854204,0.8046675916810757,0.7817747818684196,0.8888505862973,0.7637022603114366,0.8231924374999492,0.979299984854204,0.7969484445891515,0.7827953412292082,0.9187290677534337,0.7598521075450587,0.8275191834346025,0.979299984854204,0.8020025806568275,0.7765453066077157,0.8888505862973,0.7575901411622756,0.02158043473633731,0.020930693439236873,0.02333485955840389,0.02350069997622264,11
20,3,0.8839438900991501,1.0,0.8821012424053977,0.8602391867434207,1.0,0.8589080420104787,0.8874350011886097,1.0,0.8856477826127481,0.8660347438158824,1.0,0.8647587985704914,0.883991243203905,1.0,0.8821493473455305,0.8588055735262108,1.0,0.8574607744173482,0.8836804736647887,1.0,0.8818336436519347,0.8545120782505292,1.0,0.8531263859650389,0.07573958375836708,0.07465220528341553,0.06047696311723037,0.060904013816922155,12
20,3,0.9234922673922517,0.9154305372284492,0.9238302003902543,0.8532012264757347,0.6544006289200113,0.8633766006773936,0.9146145847015679,0.9154305372284492,0.9145803814625564,0.8557591633196633,0.706934061800233,0.8633766006773936,0.9146145847015679,0.9154305372284492,0.9145803814625564,0.8617546795839232,0.706934061800233,0.8696789903729767,0.9146145847015679,0.9154305372284492,0.9145803814625564,0.8646274482504219,0.765933329229421,0.8696789903729767,0.08648783551211918,0.08998992536980364,0.0820815328897804,0.08463864915608763,12
20,3,0.9321882551834301,1.0,0.9295243716020586,0.9391403413438313,1.0,0.9378235649560869,0.9354728228358762,1.0,0.9329379686116597,0.9391403413438313,1.0,0.9378235649560869,0.9354728228358762,1.0,0.9329379686116597,0.9417477825077394,1.0,0.9404874214373476,0.9354728228358762,1.0,0.9329379686116597,0.9417477825077394,1.0,0.9404874214373476,0.08693484381693727,0.0851975408436439,0.07784068584375352,0.0781342139425912,12
20,3,0.9132916390773248,0.8411821757140622,0.9167634530862018,0.9063783995069357,1.0,0.9023868934482475,0.906915656296379,0.8411821757140622,0.910080489427757,0.9029250892939144,1.0,0.8987863532309833,0.9133292642505709,0.8411821757140622,0.9168028897776241,0.9063783995069357,1.0,0.9023868934482475,0.9133292642505709,0.8411821757140622,0.9168028897776241,0.9029250892939144,1.0,0.8987863532309833,0.11579397991146431,0.10929429974811732,0.10444352083648006,0.10159324984627845,12
20,3,0.8256011947028852,1.0,0.8142462831066958,0.8174797980732463,1.0,0.7999283162122376,0.8320485897839799,1.0,0.8211134608866846,0.8182565485859215,1.0,0.8007797604979298,0.8286850717102031,1.0,0.8175309479045721,0.8213647268097545,1.0,0.8041868269168257,0.8314386830585939,1.0,0.8204638438150214,0.8213647268097545,1.0,0.8041868269168257,0.0844712025923545,0.07927822552715652,0.0705124882698767,0.07233949125361275,12
20,3,0.8946426704941559,0.9616394629488528,0.8905794201622775,0.8857909786888511,0.907173712776774,0.8850838015760787,0.8911915687051652,0.9616394629488528,0.8869190144652089,0.8927236423785888,0.907173712776774,0.8922457446962095,0.8946426704941559,0.9616394629488528,0.8905794201622775,0.8947602695512608,0.907173712776774,0.8943497279009887,0.8942632720230973,0.9616394629488528,0.8901770117692964,0.9035485611984065,0.907173712776774,0.9034286689425324,0.10336396378837366,0.10194934605210082,0.08886509232652587,0.08755866412853622,12
20,3,0.8592241984264578,0.97957777734705,0.8406296053905173,0.8233150768894116,0.8509021816833147,0.8190212678781319,0.8625172726757934,0.97957777734705,0.8444314586562538,0.8207026003615797,0.8509021816833147,0.8160021711072275,0.8528314174778145,0.948041806328358,0.8381214400151784,0.8207026003615797,0.8509021816833147,0.8160021711072275,0.8463418309120109,0.948041806328358,0.8306292142071945,0.8267300004977023,0.88782475241056,0.8172208766420049,0.0654893619369172,0.0596318227859011,0.051817120159736337,0.049332109576403965,12
20,3,0.9821504566063175,1.0,0.9811643518125184,0.983479207001199,1.0,0.9822909081532939,0.9821504566063175,1.0,0.9811643518125184,0.983479207001199,1.0,0.9822909081532939,0.9821504566063175,1.0,0.9811643518125184,0.983479207001199,1.0,0.9822909081532939,0.9821504566063175,1.0,0.9811643518125184,0.983479207001199,1.0,0.9822909081532939,0.15860404326449648,0.14489802937320426,0.1355464144921768,0.13036748497451472,12
20,3,0.7636504281519522,0.9018842973082989,0.7610066052333289,0.716157296730158,0.0,0.7172477649345812,0.7579375827732755,0.9018842973082989,0.7551844975469783,0.726588561155704,0.0,0.727694912689446,0.7483294628223921,1.0,0.7435160814261159,0.7165228588956589,0.0,0.7176138837290799,0.7502661024416514,0.9018842973082989,0.7473662945948827,0.7192282515721374,0.0,0.7203233958143915,0.15073270667986105,0.1533324950318757,0.14780359776263965,0.1525516148716264,13
20,3,0.6804098416579776,1.0,0.6767428969908882,0.654613982441436,1.0,0.6460036806001286,0.6885394759368999,1.0,0.6849658098589232,0.6537832077373045,1.0,0.645152195095325,0.6791183195734595,1.0,0.6754365561145624,0.6593817697817839,1.0,0.6508903265103915,0.6845218439942631,1.0,0.6809020800198344,0.662331122429067,1.0,0.6539132050540298,0.16835529758534504,0.1617091887485164,0.15735315827641816,0.1545460161133653,13
20,3,0.7871005551084603,1.0,0.777180251588494,0.7444315362041082,1.0,0.7279199668700181,0.797845718562904,1.0,0.7884260987478393,0.7413627779973537,1.0,0.7246529447102399,0.8005602237867798,1.0,0.7912670895797028,0.7413627779973537,1.0,0.7246529447102399,0.7906115693708523,1.0,0.7808548657473705,0.748515730238879,1.0,0.7322680293491869,0.09898890280318014,0.10242494638141665,0.09267863692641508,0.09658633993209058,13
20,3,0.7279180574098761,1.0,0.7108884938086906,0.7413021128066606,1.0,0.7290313243784575,0.7392603494684189,1.0,0.7229406980435262,0.7330298399449668,1.0,0.7203666737080099,0.741658521141816,1.0,0.7254889708836891,0.7287528192049069,1.0,0.7158867815136302,0.7392603494684189,1.0,0.7229406980435262,0.7281447587976619,1.0,0.7152498790439711,0.07230358289881628,0.07360479738866806,0.06779651610385169,0.07048575199962553,13
20,3,0.7899082980288766,1.0,0.7858917652913875,0.7122691835248798,1.0,0.7050883615405523,0.797160308884752,1.0,0.7932824200762804,0.7188442395090753,1.0,0.7118275094601821,0.7837014454446335,1.0,0.7795662501118705,0.710212004853568,1.0,0.7029798424045327,0.7920534171024095,1.0,0.7880778947470717,0.7188442395090753,1.0,0.7118275094601821,0.15455889034831918,0.14995013687725012,0.14697426732128932,0.1442185427448007,13
20,3,0.7180419284522774,1.0,0.7111419457684014,0.6937149480636465,1.0,0.6852834944361357,0.7276077988844475,0.8275532176123309,0.7251619683580515,0.702748165623993,1.0,0.6945653795513816,0.7191325321650869,0.8275532176123309,0.7164792977744078,0.6922102918782354,1.0,0.6837374178850474,0.7272360219211351,0.8275532176123309,0.7247810933944759,0.7015247657428942,1.0,0.6933083017637046,0.1401117192560144,0.13553077465499472,0.1281525508006083,0.1288318879755336,13
20,3,0.7557759316133414,0.679754565848209,0.7576986447120945,0.7248838482979171,1.0,0.723048666332418,0.7579871424639719,0.679754565848209,0.7599657809466459,0.7314352167270536,1.0,0.7296437361331976,0.7559690315707223,0.679754565848209,0.757896628504614,0.7340654940265465,1.0,0.7322915588855271,0.7613970950851061,0.679754565848209,0.7634619772244782,0.7425148268140308,1.0,0.740797253551644,0.12950600866184103,0.1309305125288981,0.12632028717278668,0.12758707429215624,13
20,3,0.6695208820066725,1.0,0.6663843598628792,0.6670066460222126,1.0,0.6618828479709356,0.6759142228706745,1.0,0.6728383788578158,0.663824247597085,1.0,0.658651481701092,0.6695208820066725,1.0,0.6663843598628792,0.6620480680837355,1.0,0.6568479719572123,0.6759142228706745,1.0,0.6728383788578158,0.6639268636275227,1.0,0.6587556766934235,0.16995595814165726,0.1691406262940347,0.16800524327797875,0.16880362028816395,13
20,3,0.8183245415549406,,0.8183245415549406,0.815976058113218,1.0,0.8148704229773684,0.8106130547019397,,0.8106130547019397,0.815976058113218,1.0,0.8148704229773684,0.8125354093130859,,0.8125354093130859,0.815976058113218,1.0,0.8148704229773684,0.8106130547019397,,0.8106130547019397,0.815976058113218,1.0,0.8148704229773684,0.11607499618004934,0.11468661933883034,0.11378521174689782,0.11426803443234854,14
20,3,0.8850517734268821,1.0,0.8843765208423422,0.8352571947895333,,0.8352571947895333,0.8786812250918876,1.0,0.8779685493181747,0.8387680956796532,,0.8387680956796532,0.8804694530915731,1.0,0.8797672820956591,0.8352571947895333,,0.8352571947895333,0.8841249611630091,1.0,0.883444264106682,0.8417962799711582,,0.8417962799711582,0.1538027124772187,0.15272028440938093,0.1502500213128685,0.15042468007183024,14
20,3,0.8649994097052366,1.0,0.8645006613685685,0.8354725009171835,,0.8354725009171835,0.8686327814987247,1.0,0.8681474563488334,0.8466651807763769,,0.8466651807763769,0.8661105529326819,1.0,0.8656159096212978,0.8436290027182255,,0.8436290027182255,0.8715270120065145,1.0,0.8710523793480304,0.8466651807763769,,0.8466651807763769,0.10912950934759395,0.10662900639543335,0.1052708559906305,0.1043915806033493,14
20,3,0.8124825683665808,1.0,0.7924207935475315,0.7830774779114185,1.0,0.7665837863728374,0.8181403951544208,1.0,0.7986839296444533,0.7901554783046034,1.0,0.7741999621203891,0.8198281514521005,1.0,0.8005522525513199,0.786336558992673,1.0,0.7700906714973785,0.8218468621899387,1.0,0.8027869374516375,0.7897947959179851,1.0,0.7738118552691695,0.04909482124782488,0.05080492902118515,0.04919141878963428,0.051746832969457576,14
20,3,0.7775384506606206,1.0,0.7772708443345535,0.7537024226226213,0.6392638946110808,0.754728444935883,0.7751938584173004,1.0,0.7749234317039879,0.7578271245751701,0.6392638946110808,0.7588901277576583,0.7748999795125056,1.0,0.7746291992825775,0.75702356737216,0.6392638946110808,0.758079366096197,0.7751938584173004,1.0,0.7749234317039879,0.7536324057400143,0.6392638946110808,0.7546578003024204,0.07589968590665334,0.07307252246902426,0.07276585356852895,0.07109382981959983,14
20,3,0.8913087714195597,1.0,0.8909880510328647,0.874021406369711,0.338174673863011,0.8763655672568659,0.8880641821143542,1.0,0.8877338877634101,0.874021406369711,0.338174673863011,0.8763655672568659,0.88760332054615,1.0,0.8872716663090192,0.874021406369711,0.338174673863011,0.8763655672568659,0.8896178337171846,1.0,0.8892921238000477,0.874021406369711,0.338174673863011,0.8763655672568659,0.1137047112963725,0.10816968488856023,0.10885054644768967,0.10628404001221936,14
20,3,0.8118322435473593,1.0,0.8059055607046484,0.8446290865537204,1.0,0.8312883042568805,0.8084995227873388,1.0,0.8024678698938587,0.8483895072345498,1.0,0.8353716100423585,0.8118322435473593,1.0,0.8059055607046484,0.8483895072345498,1.0,0.8353716100423585,0.8138686578113362,1.0,0.8080061155084631,0.846387920018074,1.0,0.833198158358391,0.0819701785021913,0.07520208305306275,0.07493908930105656,0.07902263434811387,14
20,3,0.9181143105053785,,0.9181143105053785,0.9108483423902312,,0.9108483423902312,0.9181143105053785,,0.9181143105053785,0.9108483423902312,,0.9108483423902312,0.9181143105053785,,0.9181143105053785,0.9108483423902312,,0.9108483423902312,0.9181143105053785,,0.9181143105053785,0.9108483423902312,,0.9108483423902312,0.18275807319150666,0.17360869901209788,0.17607918847152473,0.17112978584007824,14
20,3,0.9454996022440831,1.0,0.9379633580777562,0.9218516277078707,1.0,0.9123406944942004,0.9454996022440831,1.0,0.9379633580777562,0.9189271273193556,1.0,0.9090602720683775,0.9433561076657998,1.0,0.9355234638551347,0.9244403000225317,1.0,0.9152444173822093,0.9433561076657998,1.0,0.9355234638551347,0.9244403000225317,1.0,0.9152444173822093,0.04545479148839841,0.0530179714995124,0.050597157411031636,0.060243078649161265,15
20,3,0.7880143953013452,1.0,0.7783248026833434,0.821776612137094,1.0,0.8117109439401637,0.7853338379380911,1.0,0.7755217204492327,0.8231332076552583,1.0,0.8131441570141216,0.7880143953013452,1.0,0.7783248026833434,0.8257385442418603,1.0,0.8158966373282474,0.7880143953013452,1.0,0.7783248026833434,0.8273221126869831,1.0,0.8175696422649937,0.047412184565230504,0.04836883995899575,0.04449987982112265,0.04829107755918986,15
20,3,0.9475861793020707,1.0,0.9372348016733733,0.9814099875943355,1.0,0.9778608700393981,0.9517596808479324,1.0,0.9422325417494529,0.974942803499178,1.0,0.9701590016362229,0.9536465127946746,1.0,0.944492010335588,0.9788197173765111,1.0,0.9747760776393665,0.956673974648603,1.0,0.9481173755762416,0.9788197173765111,1.0,0.9747760776393665,0.03566211984188477,0.03701736255164412,0.03739395296040171,0.04250100272908773,15
20,3,0.8327974388809904,1.0,0.8171248512158416,0.8266455963892471,1.0,0.8132997166075482,0.8409501647108221,1.0,0.8260417657603843,0.8391264957865024,1.0,0.8267414717976408,0.8409501647108221,1.0,0.8260417657603843,0.8356849804159742,1.0,0.8230350075740965,0.8485215571290567,1.0,0.8343228561080517,0.8441625589516851,1.0,0.832165241834848,0.059455966802261555,0.05929372337622599,0.05471326450920604,0.05633417928118261,15
20,3,0.8535963785465391,1.0,0.8138179981844369,0.8574898413473053,1.0,0.8276542249469546,0.8590664416037355,1.0,0.8207742966689656,0.8594765785390153,0.985048991077114,0.8331870117714713,0.8665942285585138,1.0,0.8303474098923105,0.8590565226417081,1.0,0.8295489032246133,0.8668379031732222,1.0,0.8306572917593547,0.8675996636379927,0.985048991077114,0.8430107282730922,0.04608448781460592,0.03785178151556842,0.03697078383066176,0.03656514785397829,15
20,3,0.9370063928423633,1.0,0.9298552658002971,0.9483791492214343,1.0,0.9391559540629963,0.9398754521713647,1.0,0.9330500249689915,0.9483791492214343,1.0,0.9391559540629963,0.9409304979759957,1.0,0.9342248411269097,0.9508021766378064,1.0,0.9420119083761239,0.9437995573049972,1.0,0.9374196002956041,0.9559450811676201,1.0,0.9480737053969421,0.05017717136014171,0.05692556132159325,0.055643739279105334,0.06449427796632966,15
20,3,0.9260949444273315,1.0,0.913359232525261,0.9250107433428661,1.0,0.9130366176514046,0.926170602721296,1.0,0.9134479286584838,0.9276106156746797,1.0,0.9160516320911769,0.9293321190026523,1.0,0.917154254225498,0.9321882178622568,1.0,0.9213601761016631,0.9293321190026523,1.0,0.917154254225498,0.9348399355884137,1.0,0.9244353144985495,0.032803790392427666,0.034594453964505174,0.034949043411163075,0.0392347903308674,15
20,3,0.8847480878352364,1.0,0.8765224196782576,0.8597486078745057,1.0,0.8486968598186551,0.8881864681988243,1.0,0.8802062014008089,0.8582728301552814,1.0,0.8471047914637935,0.8853482028671302,1.0,0.877165365644716,0.8491147920082937,1.0,0.8372251039359867,0.881331862920553,1.0,0.8728623746657558,0.8580802418525931,1.0,0.8468970272875003,0.02605560146674475,0.029779231970904797,0.02889770631414915,0.033546196044560626,15
20,3,0.7867780614642698,0.9650117239817454,0.7302031462288028,0.8026118244650984,0.9673390495424817,0.7553320635270715,0.7980592758188447,0.9650117239817454,0.7450652427626947,0.7895535452976935,0.9673390495424817,0.7385258166694024,0.7980592758188447,0.9650117239817454,0.7450652427626947,0.7923266020463171,0.9673390495424817,0.7420947920045313,0.8050064541769292,0.9650117239817454,0.7542175939325971,0.7971295424194543,0.9673390495424817,0.7482762651158655,0.03516473814982041,0.03528447612828472,0.03344860748418738,0.035911370886321736,16
20,3,0.9797702625322191,1.0,0.978882549974085,0.9666960366436914,1.0,0.9641569600045498,0.9797702625322191,1.0,0.978882549974085,0.9666960366436914,1.0,0.9641569600045498,0.9797702625322191,1.0,0.978882549974085,0.9666960366436914,1.0,0.9641569600045498,0.9797702625322191,1.0,0.978882549974085,0.9666960366436914,1.0,0.9641569600045498,0.08324511756088286,0.08188221430868597,0.08199870013180757,0.08510865439081984,16
20,3,0.9365753823742723,1.0,0.932187768598537,0.9572282246863218,1.0,0.954903539296981,0.9365753823742723,1.0,0.932187768598537,0.9572282246863218,1.0,0.954903539296981,0.9394149335206655,1.0,0.9352237553592581,0.9572282246863218,1.0,0.954903539296981,0.9394149335206655,1.0,0.9352237553592581,0.9572282246863218,1.0,0.954903539296981,0.07350828903268758,0.07392444581376709,0.07319596307667016,0.07535543607405701,16
20,3,0.9870729705400864,1.0,0.9857447819656912,0.9636895712705537,1.0,0.9618889909689933,0.9870729705400864,1.0,0.9857447819656912,0.9636895712705537,1.0,0.9618889909689933,0.9870729705400864,1.0,0.9857447819656912,0.9636895712705537,1.0,0.9618889909689933,0.9870729705400864,1.0,0.9857447819656912,0.9636895712705537,1.0,0.9618889909689933,0.08157994715200606,0.08177570233656051,0.0814499783162333,0.08600876243017475,16
20,3,0.9690367149895489,1.0,0.9660841872101577,0.9745025327643874,1.0,0.9728205684698493,0.9690367149895489,1.0,0.9660841872101577,0.9745025327643874,1.0,0.9728205684698493,0.9690367149895489,1.0,0.9660841872101577,0.9745025327643874,1.0,0.9728205684698493,0.9690367149895489,1.0,0.9660841872101577,0.9745025327643874,1.0,0.9728205684698493,0.062249035742310777,0.05923912229306859,0.058839555388178574,0.06074784700197194,16
20,3,0.9891884106043313,1.0,0.9881785993591883,0.9732435583144056,1.0,0.9721708330863503,0.9891884106043313,1.0,0.9881785993591883,0.9732435583144056,1.0,0.9721708330863503,0.9891884106043313,1.0,0.9881785993591883,0.9732435583144056,1.0,0.9721708330863503,0.9891884106043313,1.0,0.9881785993591883,0.9732435583144056,1.0,0.9721708330863503,0.1098117419210908,0.10476190919197197,0.105265604217096,0.10343002183960343,16
20,3,0.8400799592115322,0.9808318520371552,0.8203534024079177,0.8617028515643167,1.0,0.8406644089176674,0.8468341852086498,0.9808318520371552,0.8280542417693164,0.8622082113832681,1.0,0.8412466465586649,0.8448558415237948,0.9808318520371552,0.8257986307007485,0.8680308040752431,1.0,0.8479550006982948,0.8576707290697546,0.9808318520371552,0.8404095410356914,0.8577826148759488,1.0,0.8361478065365686,0.02366199272751069,0.02163187587282759,0.021646274707223575,0.022121653701281108,16
20,3,0.9819327591741576,1.0,0.9813825761391253,0.9880921124503907,1.0,0.9875486870093476,0.9819327591741576,1.0,0.9813825761391253,0.9880921124503907,1.0,0.9875486870093476,0.9819327591741576,1.0,0.9813825761391253,0.9880921124503907,1.0,0.9875486870093476,0.9819327591741576,1.0,0.9813825761391253,0.9880921124503907,1.0,0.9875486870093476,0.07471963118832431,0.07357965428959395,0.073213171320172,0.07527582677354534,16
20,3,0.692567203112906,1.0,0.6917482521419805,0.6661637249838894,0.8392378411084181,0.6626949399872958,0.6956123567492916,1.0,0.6948015175723982,0.6665423693048087,0.8392378411084181,0.6630811731711187,0.691253768815825,1.0,0.690431319069545,0.6665423693048087,0.8392378411084181,0.6630811731711187,0.6976034988972275,1.0,0.6967979637991828,0.6665423693048087,0.8392378411084181,0.6630811731711187,0.11034871501661313,0.10722567431990884,0.10961596613591496,0.10747651806602165,17
20,3,0.8030985016518914,,0.8030985016518914,0.7950016802318555,1.0,0.7934637383052554,0.8030985016518914,,0.8030985016518914,0.7928331656114941,1.0,0.7912789550171463,0.8030985016518914,,0.8030985016518914,0.7978511414004489,1.0,0.7963345767505227,0.809082963875034,,0.809082963875034,0.7956826267800874,1.0,0.7941497934624138,0.16387940643386062,0.16343704770288092,0.16210937484332963,0.16454971389864928,17
20,3,0.6492133079298782,1.0,0.6247943124534895,0.6492228463957324,1.0,0.6384263952354337,0.6539520636757853,1.0,0.6298629429002872,0.6538720946875919,1.0,0.6432187411652076,0.6530306359882257,1.0,0.6288773727037813,0.6546620951272041,1.0,0.6440330567606823,0.6617057102523817,1.0,0.6381563370356124,0.6549612928577478,1.0,0.6443414633968001,0.08467838942925622,0.08605376491730399,0.08595980063192582,0.08807444845464099,17
20,3,0.7210934627279812,1.0,0.720106366078552,0.7436565378807589,0.5115333071544708,0.7486825268022022,0.7178311291138223,1.0,0.7168324865228336,0.7423062660929017,0.5115333071544708,0.7473030185995946,0.7180329666882215,1.0,0.7170350384339973,0.7468907426616125,0.5115333071544708,0.7519867593753943,0.7154899728050446,1.0,0.7144830444722774,0.7464566321775775,0.5115333071544708,0.7515432494250645,0.12582739761347767,0.12850643863533373,0.12879086389693242,0.13230690807897436,17
20,3,0.7812281841527409,0.5677422039547211,0.7825483872725651,0.7307208003507527,,0.7307208003507527,0.7778185077766913,0.5677422039547211,0.7791176253648799,0.7381024837024408,,0.7381024837024408,0.7778185077766913,0.5677422039547211,0.7791176253648799,0.7324197765243176,,0.7324197765243176,0.7763895037278193,0.5677422039547211,0.7776797843160242,0.7358087933330292,,0.7358087933330292,0.1655527839460038,0.1645042561698805,0.16056505420094708,0.16131160586741164,17
20,3,0.7430981278294931,1.0,0.7265303394670173,0.7468649362627403,0.967016749625402,0.7319120161607285,0.7446344982519543,1.0,0.7281657915341184,0.746110364025828,0.967016749625402,0.7311061926613469,0.7514116322786798,1.0,0.735379987857472,0.7473345363837545,0.967016749625402,0.7324135119676431,0.7512013897173649,1.0,0.7351561866006474,0.7518941765564926,0.967016749625402,0.7372828472283094,0.11634115864247231,0.11711601728630866,0.11724760917234917,0.11928944874566837,17
20,3,0.7523806885778661,1.0,0.7519439631455497,0.7951760312864493,1.0,0.7942163685853317,0.7523806885778661,1.0,0.7519439631455497,0.8023489729672887,1.0,0.8014229176834653,0.7523806885778661,1.0,0.7519439631455497,0.795948135353706,1.0,0.7949920901953954,0.7507743404477442,1.0,0.7503347819040781,0.7953562699688178,1.0,0.7943974517408442,0.10677802863956051,0.10388495888580507,0.10405833729793101,0.1027725270396634,17
20,3,0.677490212912438,1.0,0.6666155671235046,0.6844717108381536,0.9570223769676831,0.666772445014303,0.6844838654257198,1.0,0.6738450372674377,0.689249155526191,0.9570223769676831,0.6718601339027789,0.6912979487544959,1.0,0.6808888833678987,0.6872812835868397,0.9570223769676831,0.6697644696191398,0.6849267192389168,1.0,0.6743028235836086,0.690148469118686,0.9570223769676831,0.6728178483444026,0.06870904721236602,0.0665234779291544,0.06852172143317023,0.06765403549538418,17
20,3,0.8081346327959813,1.0,0.806567956190946,0.7842831761078206,1.0,0.779895398172641,0.8081346327959813,1.0,0.806567956190946,0.7795966578101976,1.0,0.7751135539694713,0.8130136693914846,1.0,0.8114868325584762,0.7751586433756585,1.0,0.7705852683105534,0.8096179388645195,1.0,0.8080633741947936,0.7758589903249732,1.0,0.771299860634131,0.17575713291125047,0.1737134699260073,0.17211170264037975,0.17420696802723828,18
20,3,0.6401496870006229,1.0,0.6394046669518685,0.6633209087745183,,0.6633209087745183,0.6409214735895277,1.0,0.6401780514176162,0.6665623536832779,,0.6665623536832779,0.6443074115127032,1.0,0.6435709994545681,0.6603138111563084,,0.6603138111563084,0.6471387412177093,1.0,0.6464081910341334,0.6620672778791062,,0.6620672778791062,0.1710085578618945,0.17583721959991935,0.171030942317085,0.1773260973431299,18
20,3,0.8001208808281639,1.0,0.7978658405415544,0.7788740841970829,1.0,0.7729478181400693,0.8005194175555392,1.0,0.7982688735683914,0.7788740841970829,1.0,0.7729478181400693,0.8035015063292644,1.0,0.8012846063282961,0.7788740841970829,1.0,0.7729478181400693,0.8024407527615469,1.0,0.8002118853172595,0.7788740841970829,1.0,0.7729478181400693,0.1940571252798214,0.2035039439545988,0.1944501426322104,0.20352165284053458,18
20,3,0.653378968099052,0.0,0.6559613998279192,0.5476263248175917,,0.5476263248175917,0.6590794825557651,0.0,0.6616844451436327,0.5423848556996015,,0.5423848556996015,0.6624364197581468,0.0,0.6650546503903906,0.5425013982847752,,0.5425013982847752,0.6697347396989224,0.0,0.6723818163973891,0.550866415412423,,0.550866415412423,0.4313305104431814,0.41494791261465425,0.42340846955274325,0.40905598509660485,18
20,3,0.7052345312481532,,0.7052345312481532,0.742699210254225,1.0,0.7415423799956099,0.7052745776466275,,0.7052745776466275,0.7425376860283639,1.0,0.7413801295531206,0.7069085946169232,,0.7069085946169232,0.7402398206585897,1.0,0.7390719329278823,0.7149647916203711,,0.7149647916203711,0.7475080708926329,1.0,0.746372861381865,0.08288878232920752,0.08567770180241832,0.08792514607580255,0.09174586472599407,18
20,3,0.7834067554093683,1.0,0.7823234999201291,0.7058388749214302,1.0,0.704865900269605,0.7834067554093683,1.0,0.7823234999201291,0.7158275087361099,1.0,0.7148875727378644,0.7863758037048686,1.0,0.7853073974223532,0.7113044769364164,1.0,0.710349580445722,0.7863758037048686,1.0,0.7853073974223532,0.7151922988883678,1.0,0.714250261854235,0.14994153895689158,0.14984827950060162,0.1463793439132995,0.14784024095329404,18
20,3,0.700126104515021,,0.700126104515021,0.6006525147701238,,0.6006525147701238,0.6967836159619472,,0.6967836159619472,0.5951009099903604,,0.5951009099903604,0.7054523704831402,,0.7054523704831402,0.6023729745867272,,0.6023729745867272,0.6967836159619472,,0.6967836159619472,0.5994705719196662,,0.5994705719196662,0.5362875434907208,0.5404775797201545,0.5346979606049508,0.5377180110180795,18
20,3,0.6738301664325352,1.0,0.6724953182312176,0.6219213583953617,1.0,0.6211381140995151,0.6837568438247873,1.0,0.682462620494621,0.6229181206415006,1.0,0.6221369412820397,0.6837568438247873,1.0,0.682462620494621,0.6287122130685788,1.0,0.627943037005109,0.6900813027774375,1.0,0.6888129622598076,0.63216031337861,1.0,0.6313982805509704,0.24044369910589586,0.24642373257590847,0.24337803542669664,0.25018514450454005,18
20,3,0.8588958475421266,1.0,0.858285464364945,0.9117190767196952,1.0,0.9115091295646102,0.8557275601039039,1.0,0.8551034716649064,0.9117190767196952,1.0,0.9115091295646102,0.8557275601039039,1.0,0.8551034716649064,0.9117190767196952,1.0,0.9115091295646102,0.8557275601039039,1.0,0.8551034716649064,0.9117190767196952,1.0,0.9115091295646102,0.09490245288810124,0.09799909379566667,0.09780352879360685,0.10127281908932277,19
20,3,0.8762463968222822,1.0,0.8756589588389001,0.8331232493976107,1.0,0.8323957578331644,0.8742993142622659,1.0,0.8737026337984779,0.8331232493976107,1.0,0.8323957578331644,0.878665940769196,1.0,0.8780899879626523,0.8331232493976107,1.0,0.8323957578331644,0.8809545087819725,1.0,0.8803894194310676,0.8290520620585546,1.0,0.8283068223390434,0.0468759405406688,0.043743854809083195,0.04240584771325156,0.04169088572527464,19
20,3,0.8340790309741503,1.0,0.831194209061613,0.870916959067767,1.0,0.8691745267046874,0.8463859473492729,1.0,0.8437151023815616,0.8623934427516747,1.0,0.8605359553777343,0.8406891584235808,1.0,0.837919264965372,0.8668976885996574,1.0,0.8651010019605008,0.8477393787551376,1.0,0.8450920655242506,0.8623934427516747,1.0,0.8605359553777343,0.04458731876216359,0.043093436630848116,0.0396288912910984,0.040614309896295026,19
20,3,0.8599436173659194,,0.8599436173659194,0.8772298064152844,,0.8772298064152844,0.8594343697138432,,0.8594343697138432,0.8772298064152844,,0.8772298064152844,0.8629522882457384,,0.8629522882457384,0.8772298064152844,,0.8772298064152844,0.8629522882457384,,0.8629522882457384,0.8772298064152844,,0.8772298064152844,0.11279063716255602,0.10953333801453344,0.10650045308023427,0.10483414647524977,19
20,3,0.8421110815761144,1.0,0.8416022121664706,0.8332748297227701,1.0,0.8325199107304171,0.8347709705823286,1.0,0.8342384443005912,0.8400888231867811,1.0,0.8393647574427481,0.8427480849229906,1.0,0.842241268548609,0.8367575025389681,1.0,0.8360183528263748,0.8394104005890447,1.0,0.8388928269970348,0.8535620118870184,1.0,0.8528989517249288,0.04208797110073265,0.04014368229674586,0.03853406632596032,0.038308505654396446,19
20,3,0.8372966016790989,1.0,0.8366820338742704,0.808383713981504,1.0,0.8076397759280852,0.8348081380883735,1.0,0.8341841707896062,0.8166108954566766,1.0,0.815898898912505,0.8317782257755063,1.0,0.8311428138076161,0.814784269733087,1.0,0.8140651814306241,0.8376721168863488,1.0,0.8370589674880132,0.8143967489874611,1.0,0.8136761561603298,0.06375596913261457,0.058498574797946595,0.05790590382836972,0.05520078742964312,19
20,3,0.8426517189174848,1.0,0.8344285331762392,0.8002946327890124,1.0,0.7972496563871493,0.8502323256588039,1.0,0.8424053103544791,0.8030489840937657,1.0,0.8000460042333204,0.8466936585995513,1.0,0.8386817088535887,0.8041849895018129,1.0,0.8011993307064356,0.85331927877422,1.0,0.8456535908683767,0.7984438462432084,1.0,0.7953706502624948,0.0687609942227832,0.06857368125038218,0.06281739008155027,0.06379892739723453,19
20,3,0.8561296005780293,1.0,0.8555042226548819,0.8536900998309742,1.0,0.853242394663664,0.8606176272385456,1.0,0.8600117579342891,0.8478426947349521,1.0,0.8473770966330298,0.8561296005780293,1.0,0.8555042226548819,0.8512087760578017,1.0,0.8507534780927812,0.8606176272385456,1.0,0.8600117579342891,0.8543635905909515,1.0,0.8539179462909717,0.10026539649070688,0.10040990945253657,0.09395413770527349,0.09412585027012056,19
20,4,0.8010029910071276,1.0,0.7755269607261854,0.8156581441193204,1.0,0.8001360866830818,0.8052799233028877,1.0,0.780351435204754,0.8151273716950183,1.0,0.7995606218582599,0.8012582536644165,1.0,0.7758149026645328,0.8145976254076219,1.0,0.798986269573705,0.8056184507516505,1.0,0.7807333016744361,0.8231105209390134,1.0,0.8082159727598511,0.06061343824095874,0.04152800100918366,0.041502720178904925,0.04366146702470504,0
20,4,0.9253358805201306,1.0,0.9044114033916518,0.947462576254669,1.0,0.9313880985129003,0.9322269993281893,1.0,0.9132337451069563,0.9525700913664493,1.0,0.9380583213504733,0.9322269993281893,1.0,0.9132337451069563,0.9525700913664493,1.0,0.9380583213504733,0.9322269993281893,1.0,0.9132337451069563,0.9486920271260116,1.0,0.9329937151582214,0.07351236871159246,0.07310585596663194,0.06984243386615964,0.0755889440242838,0
20,4,0.7891553778666731,1.0,0.7541418795581625,0.826143258606012,1.0,0.8064871090299992,0.7933516536316996,1.0,0.7590350016212554,0.8176836616068068,1.0,0.797071074548785,0.7897489253180002,1.0,0.7548339933019224,0.8299690658708825,1.0,0.8107454600043879,0.7947741936020816,1.0,0.7606937728995209,0.8173354667841931,1.0,0.7966835130069978,0.040010984505037595,0.03573977429021567,0.03572772938155117,0.035237114406438605,0
20,4,0.9734695880208895,1.0,0.9632284232792163,0.9699388554386543,1.0,0.9543233775057536,0.9719664188810039,1.0,0.961145006730874,0.9731404432072848,1.0,0.9591880530869344,0.9698624842429174,1.0,0.9582289195618989,0.9731404432072848,1.0,0.9591880530869344,0.9719664188810039,1.0,0.961145006730874,0.9731404432072848,1.0,0.9591880530869344,0.08488210575912439,0.08054944706537996,0.07925127424383173,0.0815996095727653,0
20,4,0.8656723553615143,1.0,0.8530213279864431,0.8256666163169657,1.0,0.8131596537508302,0.8650860593168271,1.0,0.8523798143628932,0.8204179729333937,1.0,0.8075344640917569,0.8650860593168271,1.0,0.8523798143628932,0.8204179729333937,1.0,0.8075344640917569,0.867781581863621,1.0,0.8553292022225303,0.8204179729333937,1.0,0.8075344640917569,0.05114868430834684,0.0497155214845822,0.04690905537838606,0.04856336673211706,0
20,4,0.8557888563076033,1.0,0.8380012326758044,0.7971509237691837,1.0,0.7768200957207746,0.8482584050477054,1.0,0.8295419431211742,0.8015670964504163,1.0,0.7816788853913597,0.8524128868516221,1.0,0.8342088566056192,0.796582945867589,1.0,0.776195191451719,0.8482584050477054,1.0,0.8295419431211742,0.8061832454325784,1.0,0.7867576942630612,0.05734001522943584,0.0591686108234384,0.05556125115423741,0.05871814439684096,0
20,4,0.9153570783312371,1.0,0.8979364778761119,0.9376866518372244,1.0,0.9239949208882517,0.9124113767332376,1.0,0.8943845130538868,0.9390521653349685,1.0,0.9256604703168121,0.9153570783312371,1.0,0.8979364778761119,0.9390521653349685,1.0,0.9256604703168121,0.9124113767332376,1.0,0.8943845130538868,0.9390521653349685,1.0,0.9256604703168121,0.13119592080272857,0.13184611200116136,0.12680232175748887,0.13153167270904698,0
20,4,0.8133606844738357,0.9770538586717038,0.798110084194438,0.8195638840589006,0.9647537332473863,0.804681550519937,0.8134589276891825,0.9770538586717038,0.7982174803143867,0.8222621021215145,0.9647537332473863,0.8076563428843573,0.8030819528845768,0.9770538586717038,0.7868737266832971,0.8229619648427361,0.9647537332473863,0.8084279433372931,0.807621151829289,0.9770538586717038,0.7918358235834903,0.8301619987426998,0.9647537332473863,0.8163659992586998,0.040310623290213614,0.03706427794354986,0.038478133410905044,0.037321898131763974,0
20,4,0.8614346817611653,0.9595725173616853,0.8428463358256981,0.8377501974342741,0.9867213219286771,0.793992929827802,0.8707183367855169,0.9595725173616853,0.85388841348167,0.8349945154509604,0.9702470031391884,0.7952668211189138,0.8707183367855169,0.9595725173616853,0.85388841348167,0.8324071067231422,0.9867213219286771,0.7870804138278018,0.8741641540085424,0.9595725173616853,0.8579869049987641,0.8318150988559738,0.9702470031391884,0.7911535149312197,0.04956429778212266,0.04273653724594355,0.042835175982078665,0.043916460002536746,1
20,4,0.8073493055072853,0.6845590974298357,0.8199358794425136,0.826851333752834,0.9183527068190905,0.8180927659344435,0.8033718150060724,0.6845590974298357,0.8155506774547412,0.826851333752834,0.9183527068190905,0.8180927659344435,0.8073493055072853,0.6845590974298357,0.8199358794425136,0.8170880863935399,0.8876437067905572,0.8103344589286446,0.8066506798189159,0.6845590974298357,0.8191656413347388,0.8150591318529913,0.8876437067905572,0.8081112916091145,0.04924979744093057,0.04623360730012652,0.04630178988961675,0.046474784029679375,1
20,4,0.8111701436359685,0.9772931111987516,0.7968462391814064,0.782897526216218,0.8997182109650697,0.7735709374176516,0.8086431745882882,0.9772931111987516,0.7941013829641813,0.7820400573872122,0.8997182109650697,0.7726450110274448,0.8155587047756446,0.9772931111987516,0.8016132027261199,0.7820400573872122,0.8997182109650697,0.7726450110274448,0.8154401425180101,0.9772931111987516,0.8014844174723811,0.7820400573872122,0.8997182109650697,0.7726450110274448,0.040771729009135976,0.038877712792785055,0.03866674046349695,0.03899093522801212,1
20,4,0.7949723933006766,1.0,0.7937752644643753,0.7568438048176738,,0.7568438048176738,0.7933020628806783,1.0,0.7920951812079463,0.7715344571961714,,0.7715344571961714,0.7962567790484871,1.0,0.7950671495691769,0.774339636627449,,0.774339636627449,0.7971616497560723,1.0,0.7959773036960763,0.7691382736096926,,0.7691382736096926,0.06111446837648464,0.0628483872597538,0.06123575885216263,0.06396264354466892,1
20,4,0.7923455194967036,0.8906111195373082,0.7905291865706215,0.8290781814479821,1.0,0.8238084800925546,0.7948293465089348,0.8906111195373082,0.7930589244283892,0.8197955829304018,1.0,0.8142396891952982,0.7957339694854886,0.8906111195373082,0.7939802683784811,0.822237131833941,1.0,0.816756513646894,0.7948293465089348,0.8906111195373082,0.7930589244283892,0.8214036455366269,1.0,0.8158973300810398,0.0438714008597947,0.04418341121155518,0.0434887405070916,0.044637225230106874,1
20,4,0.7765564937442473,1.0,0.7679987243130445,0.7582647764872534,1.0,0.7509951607075303,0.779999120812044,1.0,0.7715732021970835,0.7553310242630488,1.0,0.7479731828157834,0.7820041002752398,1.0,0.7736549713251386,0.7582647764872534,1.0,0.7509951607075303,0.7847635997725625,1.0,0.776520158210022,0.763932618770256,1.0,0.756833449957668,0.0495653965536799,0.047915627893814566,0.04847629502287563,0.047788539565690874,1
20,4,0.8067812141761915,0.8980245627501667,0.7956631036151844,0.8523543926805967,0.9462391114649011,0.8440085068470214,0.8128380439167722,0.8980245627501667,0.8024579652644734,0.8644553576186383,0.9462391114649011,0.8571851875475083,0.813150837492022,0.8980245627501667,0.8028088731089467,0.8599966851572046,0.9462391114649011,0.8523301612191801,0.8098248735320819,0.8980245627501667,0.7990776364841332,0.8653827333217853,0.9045543375120183,0.861900571999656,0.04199217853704154,0.039013574958147,0.03892625641376168,0.03754867521608549,1
20,4,0.7960286987580603,0.9735474653787077,0.7315314729473941,0.7863805275033853,0.9660956824400744,0.7151358848997242,0.7933231130953902,0.9654845819874657,0.7307723341191203,0.8028305499850256,0.9660956824400744,0.7381072047807936,0.79176894329059,0.9735474653787077,0.7257240365472889,0.795316186249343,0.9660956824400744,0.7276139149833041,0.8002617247087856,0.9654845819874657,0.7402319253932073,0.7992236449713398,0.9660956824400744,0.733070411126409,0.05066684282126866,0.04546355839612866,0.04471654329604973,0.04610152090213596,1
20,4,0.8144028719959042,0.9729812682267261,0.7931367820443818,0.8022000569631712,0.951836154028832,0.793151967922852,0.8165341839237551,1.0,0.7919305768723391,0.7958022043847615,0.8983548578373062,0.7896011235095202,0.8219995257246306,1.0,0.7981288460650647,0.796559889402391,0.8983548578373062,0.7904046236856473,0.8165341839237551,1.0,0.7919305768723391,0.79883664556071,0.8983548578373062,0.7928190491152688,0.03419008789216981,0.0339794423236496,0.03419022345996725,0.03524972536466538,2
20,4,0.82268090246703,1.0,0.7855356228778524,0.8095428051868532,1.0,0.7706742637339228,0.8180108826588814,1.0,0.7798873148093072,0.8020637092975109,1.0,0.7616688324972047,0.8210758459358756,1.0,0.7835943348046046,0.8086904664076344,1.0,0.7696479794904514,0.8200465517000591,1.0,0.7823494212547892,0.8057585839129133,1.0,0.7661177578445475,0.05222701982597248,0.04842923974392645,0.04863464867700766,0.046588437599319674,2
20,4,0.8435477273241629,1.0,0.8182136195391199,0.8078781315612942,1.0,0.7659627239655422,0.8587652266582622,1.0,0.8358952682381037,0.8067853023392141,0.9818996280768713,0.7685804462299215,0.853178890002001,1.0,0.8294043435400533,0.8067853023392141,0.9818996280768713,0.7685804462299215,0.8471000616685488,1.0,0.8223411786445782,0.8107333103502201,0.9818996280768713,0.7733897948385255,0.03197428643977746,0.031952194985384055,0.031088592650141696,0.03314929371960763,2
20,4,0.8771937552079823,0.9464232873681099,0.8506428273986811,0.8613421762026684,0.9337711595001946,0.836896741839892,0.8945691635624518,0.9464232873681099,0.8746820567913972,0.8556067369575656,0.9337711595001946,0.8292255401800126,0.8805062398783571,0.9464232873681099,0.8552257170336468,0.8556067369575656,0.9337711595001946,0.8292255401800126,0.8868444590550502,0.9464232873681099,0.8639947716435576,0.8591964826527232,0.9337711595001946,0.8340268573866679,0.029773475303372297,0.02853301128805034,0.02862222508110034,0.029328094768895294,2
20,4,0.7950729612874283,1.0,0.781157568124196,0.7730716236919851,1.0,0.7590530048632708,0.7970413684766082,1.0,0.7832596382995534,0.7815634435637471,1.0,0.7680694113375593,0.7932736841092237,1.0,0.7792361125867978,0.7727377910538562,1.0,0.7586985495397701,0.7968678355337646,1.0,0.7830743217524491,0.7889189675748198,1.0,0.7758793266815905,0.04680334649289556,0.04382519840552222,0.04459236573723719,0.04383487577283986,2
20,4,0.816090224482372,1.0,0.7766731619943681,0.8251078564580123,0.9818571990525143,0.7900729935503912,0.7999179918319393,1.0,0.7570347628328925,0.8129312456107357,0.9818571990525143,0.775174802601708,0.8072059871067871,1.0,0.7658847814659462,0.8129312456107357,0.9818571990525143,0.775174802601708,0.8005953499419032,1.0,0.7578572979290825,0.8170333104638693,0.9818571990525143,0.7801937151901426,0.057235080407936276,0.054338283232566134,0.05354340071178086,0.05619149209046328,2
20,4,0.7691230334172915,0.9617585589333655,0.7589204899259256,0.7877707584327611,0.8637278607125253,0.7844046708907878,0.7769305416809129,0.9617585589333655,0.7671415067695737,0.7818280232720803,0.8637278607125253,0.7781985796226568,0.7796272990233393,0.9617585589333655,0.769981092305284,0.7753124044550472,0.8637278607125253,0.7713942169927346,0.7769305416809129,0.9617585589333655,0.7671415067695737,0.781006286440807,0.9429736074912547,0.7738286010732608,0.036603148756511515,0.037685781300663954,0.03737118768297335,0.039209833391571455,2
20,4,0.8374559051424442,1.0,0.8105159126959914,0.8376228502001197,1.0,0.8135876361226012,0.8577871804504191,1.0,0.8342168853387334,0.8333948688675034,0.9754949771999584,0.8123610809951433,0.860799807111876,1.0,0.8377288235228557,0.834599933702273,1.0,0.8101172647627017,0.8471277759052463,1.0,0.8217907954016224,0.832829061673168,0.9754949771999584,0.8117115225029238,0.041508690073426995,0.04025676624265854,0.039186374763129556,0.040901330130365066,2
20,4,0.7546343432422817,1.0,0.752039112234281,0.7605053895115819,1.0,0.7557527139906087,0.7612743784791747,1.0,0.7587493790821039,0.7605053895115819,1.0,0.7557527139906087,0.7582301151180925,1.0,0.7556729165666023,0.7637752311419844,1.0,0.759087444330793,0.7612743784791747,1.0,0.7587493790821039,0.7637752311419844,1.0,0.759087444330793,0.11537381601757167,0.11659426137225205,0.11593634343731342,0.11799491640992607,3
20,4,0.7401991944530115,1.0,0.7384200843412951,0.6825771041515019,,0.6825771041515019,0.7365745541519761,1.0,0.7347706225844629,0.6806554051921166,,0.6806554051921166,0.738085813065161,1.0,0.7362922305649194,0.6871454956120489,,0.6871454956120489,0.7392936768674909,1.0,0.7375083657915807,0.6806554051921166,,0.6806554051921166,0.13992502942139734,0.13381694527948965,0.13530237414418345,0.13132406986041215,3
20,4,0.8334019216176695,1.0,0.8328517581633363,0.8867118113162665,1.0,0.8861644595883504,0.8334019216176695,1.0,0.8328517581633363,0.888636646400633,1.0,0.8880985945107815,0.8353997174281117,1.0,0.8348561513742696,0.888636646400633,1.0,0.8880985945107815,0.8353997174281117,1.0,0.8348561513742696,0.888636646400633,1.0,0.8880985945107815,0.34673941566447786,0.3497841227482452,0.35094743215405355,0.35523551756747124,3
20,4,0.7657288667964982,1.0,0.7586214253391625,0.7514878365647225,1.0,0.7472380606256925,0.7621207017890528,1.0,0.754903793914715,0.7426437243865643,1.0,0.738242706373033,0.762222508087567,1.0,0.7550086888665207,0.752233522054229,1.0,0.7479964979910331,0.7649166620355253,1.0,0.7577845794808806,0.7506632346373187,1.0,0.7463993572821571,0.11644915493207011,0.1104132101588087,0.11220943635255434,0.10889056592808685,3
20,4,0.7727951106777031,1.0,0.7712119558377066,0.6960614735652931,1.0,0.6948805737757758,0.7852653288488018,1.0,0.7837690660044498,0.7054811208857131,1.0,0.7043368194822854,0.7876107698519604,1.0,0.7861308499493784,0.6997335125936255,1.0,0.6985668798671438,0.7871672207458191,1.0,0.7856842102103011,0.7023082288427869,1.0,0.7011515997243124,0.15473327253600702,0.1558014042430026,0.15208479459163063,0.15447780044722512,3
20,4,0.7837244204591467,0.9247547390118946,0.7784210325250227,0.7423724368955205,0.9420780256653859,0.7342921198131479,0.7872734708544379,0.9247547390118946,0.7821035435211062,0.7378623188240553,0.9420780256653859,0.7295995171936996,0.7872734708544379,0.9247547390118946,0.7821035435211062,0.7344456215297184,0.9420780256653859,0.7260445764096196,0.7821911669283671,0.9247547390118946,0.7768301216170314,0.7378623188240553,0.9420780256653859,0.7295995171936996,0.19702938171284254,0.18669113779437885,0.19063303090094902,0.18241140476299755,3
20,4,0.7413182277349615,1.0,0.7385648283993629,0.7312105829669632,0.7833417213606977,0.7305916468966384,0.7403634934942552,1.0,0.7375999320022705,0.7268870214659198,0.7833417213606977,0.7262167531544869,0.7389830963279119,1.0,0.7362048419389079,0.7287867728744483,0.7833417213606977,0.7281390596943172,0.7403634934942552,1.0,0.7375999320022705,0.7268870214659198,0.7833417213606977,0.7262167531544869,0.255842472746167,0.24923372807877187,0.25109351947171743,0.24627124213528256,3
20,4,0.7679660532976351,,0.7679660532976351,0.6947282286336701,0.7515162075939932,0.6940312388171044,0.775170040043736,,0.775170040043736,0.6972496160350972,0.7515162075939932,0.6965835725803248,0.7721617644235206,,0.7721617644235206,0.6947282286336701,0.7515162075939932,0.6940312388171044,0.7755660159258536,,0.7755660159258536,0.7015283102866389,0.7515162075939932,0.7009147815784048,0.11235415604569804,0.11150681727261293,0.11052252568034285,0.11099374812173031,3
20,4,0.8585758134513687,0.9090382165548735,0.8541373452870679,0.8083430826878765,1.0,0.7899174682858382,0.8703682289164241,0.9090382165548735,0.8669669737543362,0.8157120427387711,1.0,0.7979948693277809,0.8748090157641344,0.9090382165548735,0.8717983541892675,0.8109819061893785,1.0,0.7928099844011817,0.8773103678389049,0.9090382165548735,0.8745197150402515,0.8112936575496238,1.0,0.793151707079101,0.04733592765193334,0.04698288537472769,0.04578616252178208,0.04615052928135658,4
20,4,0.8438675409699827,0.8584385885732693,0.8399949030033562,0.8287697462834425,0.8781727890671739,0.8158145690777535,0.8435355466208464,0.8584385885732693,0.8395746724507447,0.8292872791268682,0.8590413428697586,0.8214847401199905,0.8428040143580159,0.8584385885732693,0.8386487163076288,0.8277751073785743,0.8590413428697586,0.819576024922939,0.8425241801208064,0.8584385885732693,0.8382945087843742,0.8322367851728923,0.8590413428697586,0.8252077081097006,0.0361173679027362,0.03418976886375433,0.034011785297556885,0.03311411468877859,4
20,4,0.8462547870563478,0.9509092448126188,0.8401167384284234,0.8446940894890239,0.9481829247775886,0.835361654421435,0.8401663098628649,0.9509092448126188,0.8336711682846272,0.837580832978279,0.9481829247775886,0.8276069373674292,0.8401663098628649,0.9509092448126188,0.8336711682846272,0.8387394841623007,0.9481829247775886,0.8288700736092904,0.8437189999196567,0.9509092448126188,0.8374322258089503,0.83808905104929,0.9481829247775886,0.8281609856203594,0.054783138567740815,0.05567425476141984,0.05505227732381223,0.05661795743356136,4
20,4,0.73607591596734,1.0,0.7334387619762882,0.7538635735070688,1.0,0.7507796209039083,0.7361569656907229,1.0,0.7335206215560441,0.7609147410799869,1.0,0.7579191356869556,0.7361569656907229,1.0,0.7335206215560441,0.7538635735070688,1.0,0.7507796209039083,0.7361569656907229,1.0,0.7335206215560441,0.7567574694829573,1.0,0.7537097757877336,0.05436092261425159,0.05486441473113796,0.05482884025067673,0.055892596848176566,4
20,4,0.7960196711879376,0.8611700736744842,0.7948709992741371,0.7739197355257342,1.0,0.7724225177717184,0.8068782990296984,0.8611700736744842,0.8059210764446542,0.776196193174392,1.0,0.7747140512732633,0.8012393102732553,0.8611700736744842,0.8001826662301762,0.776196193174392,1.0,0.7747140512732633,0.8114120131265065,0.8611700736744842,0.8105347248143052,0.771337966408814,1.0,0.7698236508750891,0.060901982021382126,0.05859362138945565,0.06057404249104956,0.058961534483403584,4
20,4,0.7537423325329338,0.7993903520632506,0.7529017871869614,0.7108775495750451,1.0,0.7088138080386329,0.7648468626394992,0.7993903520632506,0.7642107919059268,0.7088743196538664,1.0,0.7067962791628443,0.7537423325329338,0.7993903520632506,0.7529017871869614,0.7088743196538664,1.0,0.7067962791628443,0.7648468626394992,0.7993903520632506,0.7642107919059268,0.711919819162526,1.0,0.7098635172941044,0.04295508110927804,0.042161133166651286,0.04274452353166522,0.042214932472522865,4
20,4,0.8757264504493775,1.0,0.8742187565972821,0.8723391550336886,1.0,0.8712625844681502,0.8722129327019739,1.0,0.8706626126504488,0.8725088832095828,1.0,0.8714337439706061,0.8662824665166737,1.0,0.8646601977082333,0.8779109212787369,1.0,0.8768813377086163,0.8678419493412525,1.0,0.8662386002681504,0.8785777560745408,1.0,0.8775537959570414,0.02247169302925018,0.021174769764384246,0.02154747199746402,0.021133194674776708,4
20,4,0.8213674786346279,1.0,0.8202159613148449,0.7728394383033205,1.0,0.7707193942573441,0.820415148175174,1.0,0.8192574918555613,0.7755034861203208,1.0,0.7734083050992924,0.820415148175174,1.0,0.8192574918555613,0.7755034861203208,1.0,0.7734083050992924,0.8266286545498445,1.0,0.8255110523041055,0.7630721486076181,1.0,0.7608609484022715,0.04064754332747028,0.03986007379656182,0.041058547075553245,0.0407973822178093,4
20,4,0.8104147068596725,1.0,0.8082783573233263,0.7912884482241312,1.0,0.787426562127193,0.8113687132091303,1.0,0.8092431139318818,0.7932019227744019,1.0,0.7893754425795313,0.8113687132091303,1.0,0.8092431139318818,0.7962127020156073,1.0,0.7924419316575598,0.8021297982387814,1.0,0.7999000898748716,0.7932019227744019,1.0,0.7893754425795313,0.0452838548475497,0.043518164133030834,0.04373411356963568,0.043313444003798225,5
20,4,0.852380493377865,1.0,0.8478066081815825,0.8140921805460946,1.0,0.8065470522137834,0.8518933811439094,1.0,0.8473044031222489,0.8136949172532284,1.0,0.8061336658630751,0.8554587805842453,1.0,0.8509802739229907,0.8114034131383048,1.0,0.803749160320498,0.8553511727240332,1.0,0.8508693319099276,0.8136949172532284,1.0,0.8061336658630751,0.0375696777616075,0.03458657927191648,0.03455373320919471,0.03452313966102331,5
20,4,0.6747578557006613,1.0,0.6734338688074782,0.674517182293264,1.0,0.6737951683208837,0.66895201324107,1.0,0.6676043920819865,0.672009050133944,1.0,0.6712814724071502,0.66895201324107,1.0,0.6676043920819865,0.674517182293264,1.0,0.6737951683208837,0.6761531938191452,1.0,0.674834887030502,0.6685294302880558,1.0,0.66779413376933,0.13270782485900254,0.13315527401870614,0.1320644298172764,0.13300756645990683,5
20,4,0.7619227333190902,0.9586123045199522,0.7467352260241727,0.7596449942872805,0.8961240505975314,0.7541477561301004,0.7665088270946694,0.9586123045199522,0.7516754378765086,0.7667161548683902,0.8961240505975314,0.7615037358974861,0.7615090291625249,0.9586123045199522,0.7462895774444362,0.7618444093362712,0.8961240505975314,0.7564357613896162,0.7665088270946694,0.9586123045199522,0.7516754378765086,0.7667161548683902,0.8961240505975314,0.7615037358974861,0.04211665343425123,0.04205082675459328,0.04169267967437004,0.04236908721554891,5
20,4,0.8166692749474782,,0.8166692749474782,0.7759279446919304,1.0,0.7736147567317614,0.8246048643324608,,0.8246048643324608,0.7727242426828907,1.0,0.7703779815895944,0.8205531927864054,,0.8205531927864054,0.7759279446919304,1.0,0.7736147567317614,0.8307732536098935,,0.8307732536098935,0.7727242426828907,1.0,0.7703779815895944,0.08753239544987798,0.09125914547833464,0.0885547269082814,0.09274687110306688,5
20,4,0.76544255738132,0.9032495057606007,0.7405878321997047,0.7458938048037812,0.9314356517995043,0.7154498727897279,0.7961050276724416,0.9271653556936919,0.7724671162790686,0.7602891081130414,0.9314356517995043,0.7322071749815309,0.7951158583689196,0.9271653556936919,0.7712995413763639,0.7687952817100886,0.9314356517995043,0.7421090518923119,0.798408231447614,0.9271653556936919,0.7751857236136582,0.765216429207115,0.9314356517995043,0.7379429769160633,0.07774967098190982,0.05627910686402077,0.056489455386986284,0.05666570416581447,5
20,4,0.7802107571413535,1.0,0.7772970027397759,0.748334568660195,1.0,0.7453534104550805,0.7875850502315711,1.0,0.7847690571156264,0.7456253879632735,1.0,0.7426121375624977,0.7856802717634046,1.0,0.7828390269264318,0.7488913671629721,1.0,0.7459168046369555,0.7844252283358304,1.0,0.7815673453401211,0.7456253879632735,1.0,0.7426121375624977,0.05888571067035053,0.060232683802015935,0.059232224645369695,0.061482666444022976,5
20,4,0.783030640632074,1.0,0.7310433397209783,0.7827016830795401,0.970218000695754,0.7324811918543094,0.7915613117917207,1.0,0.7416180164021519,0.7803452551941645,0.970218000695754,0.7294936670732355,0.7915053603207987,1.0,0.7415486585868329,0.7803452551941645,0.970218000695754,0.7294936670732355,0.7878058597681469,1.0,0.7369627331075842,0.7777670843677194,0.970218000695754,0.7262250123091119,0.05957190520336752,0.05731629811709779,0.05736849226759738,0.057977121746283534,5
20,4,0.8321068882142607,1.0,0.8168309586275952,0.7728726524165463,1.0,0.747581807579351,0.8264161328977427,1.0,0.8106224240133714,0.7728726524165463,1.0,0.747581807579351,0.8243841323442117,1.0,0.8084055397737521,0.7728726524165463,1.0,0.747581807579351,0.8433488426974644,1.0,0.829095774044612,0.7773596045825019,1.0,0.7525683861101122,0.02866439592603979,0.027807906630045613,0.026505710619787667,0.028190827658403205,6
20,4,0.8830121507120222,1.0,0.8686636056550919,0.8479246118517476,1.0,0.8286852670233016,0.8844839591712061,1.0,0.8703159312373815,0.8464177801310585,1.0,0.8269878031732076,0.8813713806764233,1.0,0.8668215953802106,0.8496144163882638,1.0,0.8305888519260336,0.8927963798605724,1.0,0.8796478692827762,0.8520845646748086,1.0,0.833371503341723,0.049708645122364,0.0464443398013116,0.04654902033243757,0.04778472986072378,6
20,4,0.9333507763278778,1.0,0.9274867416569083,0.8949419096730216,1.0,0.8888541035107737,0.943555294895961,1.0,0.9385890898978196,0.9012019624930199,1.0,0.8954769079095888,0.9373170098561228,1.0,0.9318019384534607,0.8974062601046433,1.0,0.8914612557741902,0.9410976687625199,1.0,0.9359152331159066,0.8977578433367891,1.0,0.8918332122166291,0.02953332349788447,0.029629082107708166,0.03007903742367347,0.03123169067826694,6
20,4,0.8409901212883519,1.0,0.7952914096238269,0.8368060686662367,1.0,0.7989424266071035,0.8451251036710651,1.0,0.8006147670256053,0.8429172769959729,1.0,0.806471534504886,0.841843405412383,1.0,0.7963899237012921,0.8387133987949521,1.0,0.8012922882974526,0.8509444108694387,1.0,0.8081065164892046,0.8425743365023398,1.0,0.8060490262479643,0.04909122682085391,0.042694718967574964,0.04154135499737079,0.04450576747141991,6
20,4,0.917238896125007,1.0,0.9161093270620554,0.9266640714695754,1.0,0.9260782367783665,0.917238896125007,1.0,0.9161093270620554,0.9266640714695754,1.0,0.9260782367783665,0.917238896125007,1.0,0.9161093270620554,0.9266640714695754,1.0,0.9260782367783665,0.9141530704730444,1.0,0.9129813843644408,0.9266640714695754,1.0,0.9260782367783665,0.12206259917075199,0.11965938706513045,0.11972736126264565,0.11828614591444633,6
20,4,0.8935486782589808,1.0,0.8911924918193678,0.9302115454617703,1.0,0.9293463315477711,0.8961546154954869,1.0,0.8938561086964715,0.9302115454617703,1.0,0.9293463315477711,0.8935486782589808,1.0,0.8911924918193678,0.9302115454617703,1.0,0.9293463315477711,0.8961546154954869,1.0,0.8938561086964715,0.9302115454617703,1.0,0.9293463315477711,0.11721200800566597,0.11095507092147662,0.11167034198551716,0.10856871327600907,6
20,4,0.9166187813480412,1.0,0.9135607124263199,0.8745677135274055,1.0,0.8717712685890343,0.9244422445123612,1.0,0.9216711069877799,0.8719797092935121,1.0,0.8691255662014686,0.9282193829816261,1.0,0.925586774851945,0.8719797092935121,1.0,0.8691255662014686,0.9282193829816261,1.0,0.925586774851945,0.8719797092935121,1.0,0.8691255662014686,0.03440205442453814,0.03288543438705384,0.03333896317590295,0.032998139313540814,6
20,4,0.8646599443490898,0.9523228240463192,0.8586170489758765,0.855193950400437,1.0,0.8425145424881325,0.8626079875145118,0.9523228240463192,0.8564236438965622,0.8586946850332486,1.0,0.846321806043768,0.8652495308817416,0.9523228240463192,0.8592472776793374,0.8586946850332486,1.0,0.846321806043768,0.8624797574224466,0.9523228240463192,0.8562865744755503,0.8594556729640321,1.0,0.8471494270773634,0.03758205148022431,0.0393119491731366,0.03874288712715361,0.041525394526125296,6
20,4,0.8859216783128167,1.0,0.8444443843561814,0.8837730720872696,0.9901184877928335,0.8500762555840881,0.897167707936901,1.0,0.8597793142170893,0.8809024422758881,0.9781583674923278,0.8500857395142096,0.9002888164343962,1.0,0.864035214432297,0.8837802740039727,0.9901184877928335,0.8500857395142096,0.9049926053321601,1.0,0.8704492356681341,0.8716023083206059,0.9781583674923278,0.8378387469165784,0.06887971270378097,0.0567171336402491,0.05501619277883148,0.05973389193208251,7
20,4,0.8453355141610072,1.0,0.8015354963221718,0.82821659761633,0.9591698345168309,0.7937206303980537,0.8527515797899244,1.0,0.8110517454875905,0.8410246934872408,0.9591698345168309,0.8099026608562189,0.8546345438162016,1.0,0.8134679531831783,0.8282280244589769,0.9591698345168309,0.7937350673227626,0.8527515797899244,1.0,0.8110517454875905,0.8369454030283039,0.9591698345168309,0.8047487954323864,0.06967090118749548,0.07297522590987723,0.06765471599504974,0.07559699180694732,7
20,4,0.7087287529748288,0.8171069338930423,0.6935496222882855,0.6452816135736307,0.846851531540799,0.6118216995193114,0.7087287529748288,0.8171069338930423,0.6935496222882855,0.6445862743105092,0.846851531540799,0.6110109363267798,0.7122499012689343,0.8171069338930423,0.6975639323024909,0.6452816135736307,0.846851531540799,0.6118216995193114,0.7150138176415514,0.8171069338930423,0.7007149547094701,0.6445862743105092,0.846851531540799,0.6110109363267798,0.1175204278549476,0.11659569917525993,0.11921786969706506,0.1193403864164963,7
20,4,0.7921945819947994,0.8693915323273065,0.7887935432152869,0.7471360053299547,0.9476630444436352,0.736953033839187,0.7789630411685803,0.8693915323273065,0.7749790650674659,0.7556475261706949,0.9476630444436352,0.7458967785558066,0.7858356848534426,0.8693915323273065,0.7821544943881507,0.751352782082256,0.9476630444436352,0.7413839428982405,0.7814384050750033,0.8693915323273065,0.7775634852073655,0.744529494812703,0.9476630444436352,0.7342141620084442,0.06950155235355945,0.068733804295093,0.06603873423692462,0.06635098192709292,7
20,4,0.8089393193910146,1.0,0.80314039791657,0.816447926227813,1.0,0.8106554036787593,0.826939192945715,1.0,0.8216865892848619,0.8243308756873636,1.0,0.818787122664903,0.826939192945715,1.0,0.8216865892848619,0.8207253676292934,1.0,0.815067832254512,0.8257075073245306,1.0,0.8204175205235377,0.8208316323943149,1.0,0.8151774505150016,0.08415397896841241,0.08399304076780802,0.07986528880732505,0.08216047102080835,7
20,4,0.7498494912146443,0.935607366376497,0.7329511026068964,0.7579846749892483,0.9585372227270212,0.7427858946130316,0.7586271187287791,0.935607366376497,0.7425272306457529,0.7675386954914186,0.9585372227270212,0.7530639620593087,0.7593589361318984,0.935607366376497,0.7433256214571706,0.7633966096541983,0.9585372227270212,0.7486079701977099,0.7629381703572463,0.935607366376497,0.747230458517959,0.7730819582684284,0.9585372227270212,0.7590273183951677,0.15223219865445556,0.12627515174062487,0.12746524631067474,0.12808425139295482,7
20,4,0.8153343508044125,0.9763778193599018,0.7720015377924564,0.7822321415967262,0.9575593031503602,0.7174858977097047,0.8210873544306895,0.9763778193599018,0.7793025323595063,0.7745722055733925,0.9575593031503602,0.7069972380503357,0.8182072629512264,0.9763778193599018,0.7756474795192606,0.7735801017210058,0.9707167060653736,0.700779888959704,0.8236549140440341,0.9763778193599018,0.7825609587408118,0.7745722055733925,0.9575593031503602,0.7069972380503357,0.06446613298625861,0.055791463086589534,0.05397665887133034,0.05128871259545066,7
20,4,0.8432190642609617,1.0,0.8413541676542924,0.814923961834679,1.0,0.809193627518927,0.8422433532701852,1.0,0.8403668506598446,0.814923961834679,1.0,0.809193627518927,0.8450924700671513,1.0,0.8432498574717007,0.814923961834679,1.0,0.809193627518927,0.8455154049362251,1.0,0.8436778231169876,0.814923961834679,1.0,0.809193627518927,0.05643996636731553,0.05931876866735119,0.055847867199969675,0.060150837705492816,7
20,4,0.7960123157501596,0.9433841048944673,0.7806943090676917,0.7692730682526002,0.9546836880909967,0.7517724920436444,0.7965189511191536,0.9433841048944673,0.781253604745778,0.773425668774294,0.9546836880909967,0.7563170490884252,0.7965189511191536,0.9433841048944673,0.781253604745778,0.773425668774294,0.9546836880909967,0.7563170490884252,0.7954547035309708,0.9433841048944673,0.7800787379423285,0.7832001567559637,0.9546836880909967,0.7670141334778724,0.07667497120096874,0.08073734033917927,0.0787655953788038,0.08384907631685376,8
20,4,0.7715145710735871,0.8961952086010282,0.740045789463478,0.79665127725985,0.8644830080371704,0.7786101645150123,0.7777609766503509,0.8961952086010282,0.7478687571820587,0.7972964064378919,0.8493799306903383,0.7834438226630274,0.7740771427567137,0.8961952086010282,0.7432551416752877,0.794584051403416,0.8644830080371704,0.7759931214223441,0.7777609766503509,0.8961952086010282,0.7478687571820587,0.8031434351777496,0.8493799306903383,0.7908459776470375,0.06556790894488468,0.06493203380007374,0.06382148632937695,0.06421442106667581,8
20,4,0.9476948035601598,1.0,0.9247730003466857,0.9286582671024968,1.0,0.8992449192741002,0.9448517327056136,1.0,0.9206840052802915,0.9306726890555964,1.0,0.9020898634359161,0.9448517327056136,1.0,0.9206840052802915,0.9306726890555964,1.0,0.9020898634359161,0.9448517327056136,1.0,0.9206840052802915,0.9298102001297753,1.0,0.9008717805857119,0.043465373693116885,0.04556109547605093,0.04375341187217593,0.04889474967244435,8
20,4,0.8421819427726759,1.0,0.8074541985304817,0.7367353947106106,1.0,0.6937888058924345,0.8488907986879506,1.0,0.8156393331205587,0.7559247600370443,1.0,0.7161085494231476,0.8456499740575367,1.0,0.8116853674790582,0.7517274316049901,1.0,0.71122650707709,0.8442470929865797,1.0,0.8099737834884839,0.754231314875042,1.0,0.7141388510482279,0.03432627587403627,0.035513533062754864,0.0341719220522662,0.036876644760346494,8
20,4,0.8951134142729804,0.9248152044518098,0.893517904218593,0.8291217490591538,0.9417039722623196,0.8236536321111104,0.8928607302004954,0.9248152044518098,0.8911442112754181,0.8291217490591538,0.9417039722623196,0.8236536321111104,0.8888570883245236,0.9248152044518098,0.8869255032088627,0.8291217490591538,0.9417039722623196,0.8236536321111104,0.8888570883245236,0.9248152044518098,0.8869255032088627,0.8252878088541528,0.9417039722623196,0.8196334774859613,0.11363956868560553,0.10803729411583167,0.10824310231360558,0.10422132370387079,8
20,4,0.8147998380173349,1.0,0.8123657708416904,0.7752005027951583,1.0,0.773690397555244,0.813963627948639,1.0,0.8115185705478326,0.7772203963674276,1.0,0.7757238598939273,0.813963627948639,1.0,0.8115185705478326,0.7809223724147955,1.0,0.7794507042061121,0.8211385118328937,1.0,0.8187877532122007,0.7865220730894146,1.0,0.7850880212341297,0.08850721115448187,0.08560419990162987,0.08495106674350691,0.08318070417914616,8
20,4,0.7890865343006548,1.0,0.7871714355915255,0.7437055558418763,1.0,0.740597410246909,0.777871493134874,1.0,0.7758545616158375,0.7378424024084567,1.0,0.7346631529135332,0.7862014284423327,1.0,0.7842601329112668,0.7381076414244552,1.0,0.7349316085481438,0.7836801875711822,1.0,0.7817159991199238,0.734653763388063,1.0,0.7314358444855459,0.06033547224701963,0.06026291931254827,0.0587567806792722,0.06039832916310407,8
20,4,0.7974413702923806,1.0,0.7929447512138973,0.7136197928449525,1.0,0.7026225252905091,0.8066337215494405,1.0,0.8023411643867505,0.7058826110098104,1.0,0.6945882284431122,0.786813179027799,1.0,0.7820806236790169,0.7114556392732168,1.0,0.7003752661993883,0.8066337215494405,1.0,0.8023411643867505,0.7098544800320243,1.0,0.6987126209471771,0.06036685479963404,0.060689809691465174,0.05975191720312473,0.060485983578251426,8
20,4,0.7914718701800947,1.0,0.7834926800847837,0.8503298156396503,1.0,0.8436161926715853,0.7868310432795217,1.0,0.7786742750317039,0.8378369641710646,1.0,0.8305629604236575,0.789281618170758,1.0,0.7812186195400985,0.8378369641710646,1.0,0.8305629604236575,0.7894423500765244,1.0,0.7813855017452591,0.8378369641710646,1.0,0.8305629604236575,0.03643670327209809,0.03688472926849841,0.0364690396497916,0.03775372382121271,9
20,4,0.8126622659479951,0.9725453782371772,0.7981044358913019,0.780772171819482,1.0,0.7658983165551269,0.8209072933805359,0.9725453782371772,0.8071001974473978,0.7845654359504552,1.0,0.7699489406304639,0.8252372900020989,0.9725453782371772,0.8118244530626734,0.7924482187564298,1.0,0.778366543178574,0.8225033349663787,0.9725453782371772,0.8088415633382123,0.7845968830491193,1.0,0.7699825213067761,0.023930675173392774,0.025007782128765095,0.023725376282069038,0.025239153755499358,9
20,4,0.8249131126060182,1.0,0.8195778557479484,0.7834637896523585,1.0,0.7789085921497347,0.8249131126060182,1.0,0.8195778557479484,0.7785883903878714,1.0,0.7739306307940471,0.8245852983832594,1.0,0.8192400523529211,0.7785883903878714,1.0,0.7739306307940471,0.8213407420182294,1.0,0.8158966276953787,0.7785883903878714,1.0,0.7739306307940471,0.0297817469704536,0.028730378653473287,0.029012750290627675,0.02986008552880187,9
20,4,0.8945195992184084,1.0,0.8808717179922574,0.8895584250042227,1.0,0.8787275300191107,0.8976837660323101,1.0,0.8844452895158101,0.8946826617946553,1.0,0.8843542955950858,0.8976837660323101,1.0,0.8844452895158101,0.8974262847571507,1.0,0.8873669829220351,0.9013103923744259,1.0,0.8885411572070493,0.8973421955361913,1.0,0.8872746471551386,0.07047173673966395,0.06937478266406222,0.0684115927801316,0.0698770210919872,9
20,4,0.8380782008115637,1.0,0.8066858589037871,0.8621142726945904,0.9413483819238752,0.8454353947954774,0.8452899653901357,0.979997917828779,0.8191736665233652,0.8583979974843827,0.9413483819238752,0.8409368390614715,0.8452899653901357,0.979997917828779,0.8191736665233652,0.8583979974843827,0.9413483819238752,0.8409368390614715,0.8547657721021431,0.979997917828779,0.8304865808122789,0.8619550993925317,0.9413483819238752,0.845242715316651,0.05197509700223755,0.057706734469922645,0.05447821266209954,0.06052392851613963,9
20,4,0.8346245275238154,0.9888983999132219,0.8151706205187927,0.8095245961607258,1.0,0.7830317435453982,0.8377805436821331,0.9888983999132219,0.8187246097356673,0.8082079954306789,1.0,0.7815320193863348,0.8316896695525043,0.9888983999132219,0.8118656774957319,0.8082079954306789,1.0,0.7815320193863348,0.8395309223910713,0.9888983999132219,0.8206957108786762,0.8164515495030555,1.0,0.7909221533250034,0.02653275448038358,0.024448850288778756,0.024284444020250033,0.02374339728281156,9
20,4,0.9102386661748634,1.0,0.9048185702512938,0.9055484444110533,1.0,0.8951361113610092,0.9120351161227785,1.0,0.9067234959829862,0.9080374149899945,1.0,0.8978994658869177,0.9120351161227785,1.0,0.9067234959829862,0.9080374149899945,1.0,0.8978994658869177,0.9087952658482671,1.0,0.9032880124829251,0.9086699058087409,1.0,0.8986016824504102,0.08259181543369444,0.08272703395127728,0.08138134358944156,0.08447738648508937,9
20,4,0.8256105183915065,1.0,0.7954059678596642,0.8779866276035859,1.0,0.859278574228206,0.8397417130131017,0.9860057321569584,0.8144085397249381,0.8736423527112974,1.0,0.8542682008176483,0.8397417130131017,0.9860057321569584,0.8144085397249381,0.8769406321408266,1.0,0.8580721984844712,0.849040853121245,0.9860057321569584,0.8253183064873293,0.8732470225077653,1.0,0.8538122554667489,0.03348204420384664,0.032870267046329595,0.032766703760510225,0.03369815641031975,9
20,4,0.7957288705891921,0.8772681585845549,0.7940046626126708,0.7930721716531061,1.0,0.7884598282418055,0.8001678133799488,0.8772681585845549,0.7985374701004995,0.7956890091595666,1.0,0.7911349940713717,0.8001678133799488,0.8772681585845549,0.7985374701004995,0.7937204538359973,1.0,0.7891225603905561,0.8001678133799488,0.8772681585845549,0.7985374701004995,0.7927968496750952,1.0,0.7881783694405292,0.03652877711219768,0.03887755345537493,0.03719035409648212,0.04033134779716146,10
20,4,0.8970007752156895,1.0,0.8814690009892655,0.9170264212330855,1.0,0.9058153812201855,0.9043391740107033,1.0,0.8899139940669673,0.9170264212330855,1.0,0.9058153812201855,0.9043391740107033,1.0,0.8899139940669673,0.9193361300115239,1.0,0.9084371681073186,0.9073751128636545,1.0,0.8934077374997879,0.9193361300115239,1.0,0.9084371681073186,0.1452366518436587,0.14806562019000036,0.14446073854879196,0.15181314529834572,10
20,4,0.8414434907940797,1.0,0.831427692908927,0.7835802889676308,0.8961075946184436,0.780378785629567,0.8414434907940797,1.0,0.831427692908927,0.784581370459737,0.8961075946184436,0.781408348793034,0.8414434907940797,1.0,0.831427692908927,0.7891470483971492,0.8961075946184436,0.7861039243857096,0.8456126392199995,1.0,0.8358602007402497,0.7930751683004271,0.8961075946184436,0.7901438028431441,0.035273141513685255,0.035542048488299664,0.03463809903273741,0.03578483653598682,10
20,4,0.7802153896694725,1.0,0.7768719510679668,0.8314409981891581,1.0,0.8271510059718753,0.7863815855644677,1.0,0.7831319492421515,0.8192579982602504,1.0,0.8146579367241136,0.7871625294124295,1.0,0.783924773074808,0.8226998640142921,1.0,0.8181874013434733,0.7863815855644677,1.0,0.7831319492421515,0.8162432335807919,1.0,0.8115664433213424,0.038436627573875524,0.03889247007697102,0.037828247979347196,0.039370360014418945,10
20,4,0.8021352298062122,0.9484163238492377,0.7967579938612855,0.7617572184029342,1.0,0.7549244554311633,0.8018915100716558,0.9484163238492377,0.7965053150843748,0.7586230329757944,1.0,0.7517003820922484,0.8001452970026512,0.9484163238492377,0.794694911904245,0.7607998253638465,1.0,0.7539396045204747,0.8018915100716558,0.9484163238492377,0.7965053150843748,0.7646756363942949,1.0,0.7579265731604714,0.04997172940662071,0.05042844259155493,0.049183319547064425,0.05050477027278474,10
20,4,0.8135571865436951,0.8423002122518775,0.8129390186156081,0.803205217577263,1.0,0.791507291627985,0.8109006887031328,0.8423002122518775,0.8102253882454806,0.8049834380915957,1.0,0.7933912135823767,0.8109006887031328,0.8423002122518775,0.8102253882454806,0.8083795229808911,1.0,0.79698916942101,0.8219833500469108,0.8423002122518775,0.8215464011765314,0.8036635181250663,1.0,0.7919928345945392,0.04750827601810088,0.04725077811045231,0.04604985023849663,0.046872073273745124,10
20,4,0.808269644690181,1.0,0.797875302649988,0.797029498094424,1.0,0.7906106037462592,0.8114539256048664,1.0,0.8012322140536005,0.798626851585214,1.0,0.7922584731652151,0.8128159981804997,1.0,0.8026681291264836,0.798626851585214,1.0,0.7922584731652151,0.8120288868332332,0.9654517164239652,0.8037113235294808,0.7946462799460355,1.0,0.7881520168848828,0.03796002323788459,0.0370502682399065,0.03668490327054277,0.03653388871060099,10
20,4,0.7515266275761239,0.8532448732341598,0.7503436853452773,0.735039228154899,1.0,0.733364611260688,0.7611179421305045,0.8532448732341598,0.7600465430251053,0.7288672089119449,1.0,0.7271535833462852,0.7624712151709708,0.8532448732341598,0.7614155540860128,0.7398214149088833,1.0,0.738177022604802,0.7537778005953085,0.8532448732341598,0.752621038600034,0.7273473116367325,1.0,0.7256240799484881,0.08196644718521626,0.0838325311904123,0.08213764895475038,0.08489978994750821,10
20,4,0.8515345151592467,1.0,0.8330797364840596,0.861855849740421,1.0,0.8411685765027321,0.8446011198094717,1.0,0.825284495859035,0.8556335944980109,1.0,0.8340145301268395,0.8446011198094717,1.0,0.825284495859035,0.8578247912492051,1.0,0.8365338615534748,0.8446011198094717,1.0,0.825284495859035,0.8556335944980109,1.0,0.8340145301268395,0.022639265731098267,0.022859785728770794,0.022536190884733184,0.024360552669291945,11
20,4,0.7797664901286273,0.9196855749481803,0.7647772325612466,0.7937195669166393,0.9549357409226598,0.7688002996738305,0.7949997695478501,0.9196855749481803,0.7816424233748662,0.8038499394405678,0.9549357409226598,0.780496529108515,0.7865133921139459,0.9196855749481803,0.7722469169444792,0.8013416325090055,0.9549357409226598,0.7776005118796456,0.7881800262606157,0.9196855749481803,0.7740920943436812,0.8038499394405678,0.9549357409226598,0.780496529108515,0.044398144543840945,0.044915115589668715,0.043975722587708634,0.045798983319439594,11
20,4,0.8163440149395411,1.0,0.8085437829838977,0.8341042251315206,1.0,0.820724821780504,0.8163440149395411,1.0,0.8085437829838977,0.8314283031196258,1.0,0.8178330881244527,0.8163440149395411,1.0,0.8085437829838977,0.8355906657054102,1.0,0.8223311429722765,0.8239547184159046,1.0,0.8164777280493752,0.837095287755653,1.0,0.8239571119665086,0.04234765245114507,0.03916587280563413,0.03964062820107644,0.039020175904257874,11
20,4,0.791282781720804,1.0,0.7712878742513147,0.7866420877038225,0.9712587235890408,0.7685217641931559,0.7839686259912461,1.0,0.7632730294830866,0.7828695947644374,0.9712587235890408,0.7643789969706565,0.7839686259912461,1.0,0.7632730294830866,0.7874595078841166,0.9712587235890408,0.7694194150527711,0.79171166411158,1.0,0.7717578431599621,0.7811542581716617,0.9712587235890408,0.7624952982265408,0.0635688591759889,0.06197118802543709,0.062193495052119796,0.06296525612607543,11
20,4,0.8388434730413399,0.9730912416159433,0.8189596527447288,0.8067903329262686,1.0,0.7757302398268577,0.8367765474398596,0.9730912416159433,0.8165865888910997,0.8067903329262686,1.0,0.7757302398268577,0.8367765474398596,0.9730912416159433,0.8165865888910997,0.8067903329262686,1.0,0.7757302398268577,0.8404328680157892,0.9730912416159433,0.8207844575467516,0.8111139905967478,1.0,0.7807489621481333,0.043385308554914015,0.041873116055752384,0.04184307316456034,0.041570297667780906,11
20,4,0.7664242510548935,1.0,0.7379303479818642,0.792182387436506,1.0,0.7746889922683057,0.7706904017769196,1.0,0.7427169263840641,0.7886686883711763,1.0,0.7708795217065482,0.7733591448686968,1.0,0.7457112294165773,0.7967874605981639,1.0,0.7796817051665654,0.7674048605616991,1.0,0.7390305820317381,0.7917420665781771,1.0,0.7742116066651723,0.04805201073539136,0.04756602597231265,0.047170119444605994,0.04784975741246745,11
20,4,0.8581683574882195,1.0,0.8432560371247521,0.8169669716444949,1.0,0.8046143185317616,0.8556614202907545,1.0,0.8404855180498044,0.8235519234447717,1.0,0.8116436798797778,0.8596228975813575,1.0,0.8448635090141114,0.8231677706000894,1.0,0.811233601075856,0.8566406165182916,1.0,0.8415676679454027,0.8201600356272785,1.0,0.8080228781117084,0.0352048935166908,0.03568352639977818,0.03463819363287991,0.03734091449070848,11
20,4,0.8245182193603783,1.0,0.8065579563059939,0.8052301257929643,1.0,0.7921251350515169,0.8306887860125994,1.0,0.8133600700046637,0.809288555418762,1.0,0.7964566340258853,0.8306887860125994,1.0,0.8133600700046637,0.8076736074397932,1.0,0.7947330251033365,0.8360257656484293,1.0,0.8192432804675688,0.8043418043916696,1.0,0.7911770434019394,0.06334749275978142,0.06426618003248112,0.06426463283036005,0.06663484347568341,11
20,4,0.8041024950751346,1.0,0.797342786537133,0.7301534360259461,0.9622796604874186,0.7218102661670464,0.8181834594194549,1.0,0.8119096336135387,0.721833829466894,0.9622796604874186,0.7131916331156517,0.8118436203041779,1.0,0.8053510297691573,0.7272261811399777,0.9622796604874186,0.7187777987623691,0.8181834594194549,1.0,0.8119096336135387,0.7237756339519966,0.9622796604874186,0.7152032306829,0.04693248146152676,0.04411370145057375,0.0446834666026187,0.04382588755139611,12
20,4,0.7905565326718007,1.0,0.765875723044354,0.7687167856137281,1.0,0.7414018199616357,0.8086538005129544,1.0,0.7861055721880534,0.7717098473627861,1.0,0.7447483677130701,0.8016877039675435,1.0,0.7783185911105206,0.7746920779190236,1.0,0.7480828050882349,0.8167634241055083,1.0,0.7951708334932147,0.7722393185887594,1.0,0.7453403704478239,0.03815061715257358,0.03932749389771795,0.037782550799518755,0.04116384158036248,12
20,4,0.7774967660139861,1.0,0.7520930696022896,0.7964783654844317,1.0,0.7785156755728864,0.7814149761791906,1.0,0.7564586306654156,0.8065145092457795,1.0,0.7894376029941477,0.7747395108983087,1.0,0.7490210124469588,0.799864674531595,1.0,0.782200858101012,0.7804743586494619,1.0,0.7554106207093538,0.816756002785731,1.0,0.8005830042347577,0.05065584023403872,0.053632273044046455,0.05179866761125565,0.05650648897746448,12
20,4,0.8271675112207991,1.0,0.8091095537079529,0.8835504389784111,1.0,0.8728349483238995,0.8330601748251525,1.0,0.815617897094253,0.8961736511757351,1.0,0.8866197270496302,0.8304227556616515,1.0,0.8127049139813206,0.8959526590283364,1.0,0.8863783995804889,0.8429469259194503,1.0,0.8265376399163331,0.8991884110541615,1.0,0.8899119000073289,0.040673628629515034,0.03629431389723833,0.037328832255004205,0.036421317677285944,12
20,4,0.798281632080181,1.0,0.7826788240250289,0.8244757879566359,0.9565467724867421,0.8117054804749885,0.7890268774837094,1.0,0.7727082191019095,0.8308813547164691,0.9565467724867421,0.8187304191385621,0.7855380108654383,1.0,0.7689494905135249,0.8308813547164691,0.9565467724867421,0.8187304191385621,0.7962181194999369,1.0,0.7804556998484737,0.8277658935672829,0.9565467724867421,0.815313715464655,0.051382066625885486,0.05143926254844551,0.05003205912412294,0.05240042221801771,12
20,4,0.7212085186339924,0.9546723618259497,0.7075616740121402,0.7607380815889844,1.0,0.7537235071826591,0.7267232522676486,0.9546723618259497,0.7133987646840446,0.7566235286564844,0.8651360873340723,0.7534422057701688,0.7212085186339924,0.9546723618259497,0.7075616740121402,0.7568968178966964,0.8651360873340723,0.7537235071826591,0.7267232522676486,0.9546723618259497,0.7133987646840446,0.7572758270788127,0.8651360873340723,0.7541136279872446,0.15175036414897675,0.15159046195826445,0.15046501759790554,0.1523371590164448,12
20,4,0.8096794610135046,1.0,0.8050016024159746,0.7922467220446638,0.8028845297106756,0.7920247761430633,0.7891553602598759,1.0,0.783973043017587,0.7929715153447887,0.8028845297106756,0.7927646914408327,0.7991607611344415,1.0,0.7942243650667776,0.7947150053986254,0.8028845297106756,0.7945445574552131,0.7817033971706425,1.0,0.7763379192994951,0.8000366551543617,0.8028845297106756,0.7999772374523414,0.029331791526844734,0.029045359024138,0.030123837895350187,0.03055448509672883,12
20,4,0.7956764350544588,1.0,0.7811533905045273,0.7520824362765796,1.0,0.7378079769647964,0.7932716798779544,1.0,0.7785777085601321,0.7614493715381492,1.0,0.7477142364043678,0.7992465461017116,1.0,0.7849772602496635,0.7618180926804642,1.0,0.7481041875671153,0.7929728857812254,1.0,0.7782576765803463,0.7632903888698611,1.0,0.749661254805948,0.0776567486449316,0.06521485120297264,0.06594539431080015,0.06551940780796894,12
20,4,0.6916876099291122,0.8192296477435722,0.6805145405640296,0.7015815594708726,0.9127337157726634,0.6744366688314403,0.671002013266754,0.8192296477435722,0.6580168228917903,0.70312435189499,0.9127337157726634,0.676177796580972,0.671002013266754,0.8192296477435722,0.6580168228917903,0.6991012783750367,0.9127337157726634,0.6716375325542001,0.6747018781751848,0.8498559619391391,0.6593578491710453,0.70312435189499,0.9127337157726634,0.676177796580972,0.13602346725594155,0.13737974040570405,0.13403610736759375,0.1374028542376524,13
20,4,0.6658179464829725,0.7171637206936623,0.66497955571404,0.6519615862287947,0.9595872150141188,0.6404987245698487,0.6567488062926985,0.7171637206936623,0.6557623316057694,0.6532612740038388,0.9595872150141188,0.6418468417986545,0.6587570040805543,0.7171637206936623,0.6578033199107302,0.6573145963964931,0.9595872150141188,0.6460512006118747,0.6731794659232069,0.7171637206936623,0.6724612764763672,0.6499010539931349,0.9595872150141188,0.6383614120085235,0.16655288893811154,0.16089264941964804,0.16372558083289185,0.1610562225426733,13
20,4,0.6761363467515068,0.5359699304646653,0.6781496900367897,0.6669996750903127,0.9225334147083235,0.6577514912827731,0.6794051680461242,0.5359699304646653,0.681465464514478,0.6758560798623704,0.9225334147083235,0.6669284238228211,0.6767997038779209,0.5359699304646653,0.6788225755912796,0.6764861347491246,0.9225334147083235,0.6675812814260004,0.6756337369244055,0.5359699304646653,0.6776398607476568,0.685286518762446,0.9225334147083235,0.6767001657244652,0.1575958879640158,0.15322287511374613,0.1528557609252358,0.15203443703085276,13
20,4,0.8113982383686661,1.0,0.7843341205613776,0.7935326365518053,0.9515083733829721,0.7625519658418974,0.8139206043708408,1.0,0.7872184429421433,0.7951158544656486,0.9611646901282002,0.7625519658418974,0.8113982383686661,1.0,0.7843341205613776,0.796438163901225,0.9515083733829721,0.7660272970602948,0.8160977240317371,1.0,0.7897079765618139,0.8020346710958455,0.9611646901282002,0.7708276337457264,0.06316329788480474,0.06247686806733062,0.0605879812065768,0.061545104830276275,13
20,4,0.7710332065120568,,0.7710332065120568,0.7016832093285492,,0.7016832093285492,0.7647827128144403,,0.7647827128144403,0.7112425533337041,,0.7112425533337041,0.7681695118974385,,0.7681695118974385,0.7040685936684536,,0.7040685936684536,0.7686303733426921,,0.7686303733426921,0.7076117660794532,,0.7076117660794532,0.10689424382386607,0.10246035642377938,0.10146242891235571,0.09887000842205824,13
20,4,0.8103149754154352,1.0,0.7837594005842845,0.7785742391676482,1.0,0.7391586474167499,0.8203981031458732,1.0,0.7952541487289546,0.7683506805286653,1.0,0.7271152119394046,0.8200022905414506,1.0,0.7948029230456194,0.7709672951931988,1.0,0.7301976053597568,0.8203981031458732,1.0,0.7952541487289546,0.7730427864274372,1.0,0.7326425509649038,0.059285196857497675,0.053401207295394285,0.053027505647193704,0.05145332166334785,13
20,4,0.8038163675524839,0.958059064627067,0.7592824031132291,0.8111739937089583,0.956438832823108,0.7607475761176137,0.8089587461488711,0.9712409859035498,0.7621035521498783,0.8120968504486292,0.956438832823108,0.7619907881450159,0.8060054657743184,0.958059064627067,0.7621035521498783,0.8085677109160986,0.956438832823108,0.7572365630040837,0.8019424151877101,0.9555316272302964,0.7575971292384487,0.8059573066447238,0.956438832823108,0.7537199977052139,0.054543293445165994,0.04841562140057393,0.04453756981003724,0.049272735681803154,13
20,4,0.7492250247188492,1.0,0.7291605171683413,0.7449229613242349,1.0,0.7229247564773967,0.7484871470180658,1.0,0.728363601867486,0.7407204253795656,1.0,0.7183597878846656,0.7453962768127218,1.0,0.7250254311150949,0.7381167397735304,1.0,0.7155315567467565,0.7520927384677121,1.0,0.732257676714586,0.7507401269724474,1.0,0.7292436027246224,0.17751335141586816,0.19331485460140818,0.18611003032077977,0.20644691809075347,13
20,4,0.7971025067596521,0.9495223604596035,0.7484545127630488,0.809423725785331,0.9289371884836286,0.7522548690835243,0.8089141376287753,0.9495223604596035,0.7640360734258478,0.8053784371458347,0.9289371884836286,0.7462745304393886,0.79821936247438,0.9495223604596035,0.7499278364101766,0.8051722127356865,0.9289371884836286,0.7459696592869739,0.8124623163981407,0.9495223604596035,0.7687167278883783,0.8076796788630937,0.9289371884836286,0.7496765632725597,0.01810513397216268,0.01872465319163227,0.018759951270915887,0.020867652950468656,14
20,4,0.6599910286003072,0.6432189073554132,0.663078125046666,0.5193718168391545,0.4846454984924129,0.5246181506002388,0.6734390366392558,0.6432189073554132,0.6790013893290835,0.5166432180722951,0.504434541273061,0.5184876633322401,0.6615821132291281,0.6432189073554132,0.6649620665915422,0.5226257121949581,0.4846454984924129,0.5283636333708017,0.6809363377311852,0.6586418462658131,0.6850398881629518,0.5212915751877973,0.5521148908658385,0.5166348937608867,0.4695727619236896,0.46645258632824244,0.462511880709609,0.46657306356370887,14
20,4,0.7235682808254285,0.8056952019284429,0.719255578351116,0.6489855257759316,0.6678461877093727,0.6483827491225246,0.731745379186337,0.8056952019284429,0.7278620778372605,0.6532744773772959,0.6678461877093727,0.6528087733198571,0.7320533393126802,0.8056952019284429,0.7281862097667231,0.6502455298355175,0.6678461877093727,0.6496830222369824,0.7443875868263476,0.8579994686887771,0.7384215255465781,0.6566962423490174,0.6678461877093727,0.6563398960673383,0.13786396791829947,0.14085916693382977,0.13977458190889275,0.145021705934937,14
20,4,0.7908746964921628,0.9805668089949612,0.7159047461114019,0.7950162520369123,1.0,0.7237406378631168,0.8054325526915139,0.9805668089949612,0.7362161454734898,0.7994513341576378,0.9742676984500166,0.7386653262112272,0.8006005097439187,0.9805668089949612,0.7294743867488955,0.801154412649906,0.9742676984500166,0.740960588067927,0.8109688657340219,0.9732058361019988,0.7468497125550371,0.8005522656830628,0.9742676984500166,0.7401490664784074,0.018741225628612437,0.018709598091962643,0.018271306626106525,0.019588570940488513,14
20,4,0.7134940532728629,0.6813380758412104,0.718222178288315,0.6648675809663164,0.4851678233990551,0.6793116693615526,0.7231756772358997,0.7074170269966495,0.7254927851068805,0.6619152826855448,0.43918854885425945,0.679817836784635,0.7132837564953817,0.6813380758412104,0.7179809600606498,0.6645537088647231,0.43918854885425945,0.6826683370448932,0.7250703061554521,0.7074170269966495,0.7276659949655001,0.6515395435638149,0.3809615214111167,0.6732883367880844,0.1816437266957694,0.18943448616644207,0.18548562951392747,0.19243681192654896,14
20,4,0.7248726721004602,0.7959600987067441,0.7187510924799586,0.7565936217113264,0.8812677118088078,0.7505221467049186,0.7195180409137377,0.7959600987067441,0.7129353558247614,0.7599478651180153,0.8812677118088078,0.7540397376443081,0.7169712958627792,0.7959600987067441,0.7101693019122105,0.7534591482492151,0.8812677118088078,0.7472350282363864,0.7276979804543374,0.7959600987067441,0.7218196977270617,0.7708518863078074,0.8812677118088078,0.7654747712687724,0.05353241553066042,0.04944411614947278,0.05054965527917291,0.049859782909951224,14
20,4,0.7198256968672653,0.7176376846539357,0.7199956832796299,0.7325431345625866,0.7025502357678797,0.7347373105692356,0.7265419112641094,0.7176376846539357,0.7272336795856587,0.7268251399794563,0.7025502357678797,0.7286010074189231,0.7145361212127834,0.7176376846539357,0.7142951611126204,0.7268251399794563,0.7025502357678797,0.7286010074189231,0.7302130718254016,0.7176376846539357,0.7311900521806068,0.721486034956905,0.7025502357678797,0.7228713120697199,0.08522974542770351,0.08139944780686974,0.08116615194280626,0.08097845331864027,14
20,4,0.8403959124129345,1.0,0.82375264044166,0.8592499417782415,1.0,0.8450765914706612,0.8528402007689734,1.0,0.8374946002967797,0.8708561557925437,1.0,0.8578515363476554,0.8503724020224912,1.0,0.8347694632431838,0.8676562440924801,1.0,0.8543293976442687,0.8503724020224912,1.0,0.8347694632431838,0.8742189526206539,1.0,0.8615529625025322,0.03282397854008672,0.027176875481773156,0.02547552585120833,0.026207559523241185,14
20,4,0.945817618303749,1.0,0.9358394228775881,0.9306435479154841,1.0,0.9144572051145773,0.9514681378946465,1.0,0.942530538820514,0.9354032067688716,1.0,0.9203276686227708,0.9514681378946465,1.0,0.942530538820514,0.9354032067688716,1.0,0.9203276686227708,0.9498643277386501,1.0,0.9406313719330122,0.93821271942939,1.0,0.9237928626749965,0.058612630859735025,0.051368345456968376,0.050793234042785164,0.04826693139107861,15
20,4,0.7952636051596405,1.0,0.78991308191369,0.7664830581506711,1.0,0.759980591618303,0.7951221869286179,1.0,0.7897679678984709,0.7800263708334763,1.0,0.7739010287048447,0.7952636051596405,1.0,0.78991308191369,0.7626506790791788,1.0,0.7560414968778986,0.7878434287338228,1.0,0.7822989886882415,0.7800263708334763,1.0,0.7739010287048447,0.04163985998318853,0.03761162072666423,0.03793486581500455,0.036533508989534426,15
20,4,0.8831521911954737,1.0,0.8790471345523089,0.927421318694823,1.0,0.9242709762884989,0.8883401116497786,1.0,0.8844173152264934,0.9314646728553003,1.0,0.9284898358432114,0.8883401116497786,1.0,0.8844173152264934,0.9278714768745076,1.0,0.9247406739855392,0.8936720274912998,1.0,0.8899365500838351,0.9314646728553003,1.0,0.9284898358432114,0.03799806982734043,0.03761504385584522,0.03665588622794601,0.03677646885719376,15
20,4,0.8465750121827051,1.0,0.8296910040495321,0.8206645502355348,0.973347549299199,0.79899344503152,0.8407087099036525,1.0,0.8231791309491923,0.8177458294475994,0.973347549299199,0.7956604547725605,0.8418460444443757,1.0,0.8244416261036389,0.8177458294475994,0.973347549299199,0.7956604547725605,0.8453264860648816,1.0,0.8283050809833515,0.8174128930159097,0.973347549299199,0.7952802629130783,0.03681068286135825,0.03546707821659999,0.034629840824600064,0.034731813670064206,15
20,4,0.8481723792273261,1.0,0.8437444503367934,0.8340993484160296,1.0,0.8257297094532403,0.8426577752873352,1.0,0.8380690174647448,0.8384740442861272,1.0,0.8303251074402683,0.8509287706199037,1.0,0.8465812296391512,0.8394227096283269,1.0,0.8313216326693034,0.8471813074333199,1.0,0.8427244747411802,0.8384740442861272,1.0,0.8303251074402683,0.039674917122687475,0.03849760129554196,0.03784357939630327,0.0396342433855005,15
20,4,0.7873199982005644,1.0,0.7658020600200305,0.8104282097256938,1.0,0.7957851399125716,0.7907624095791481,1.0,0.7695927580010669,0.8079471724419051,1.0,0.7931124601797512,0.7873199982005644,1.0,0.7658020600200305,0.8079471724419051,1.0,0.7931124601797512,0.7907624095791481,1.0,0.7695927580010669,0.8045466419352326,1.0,0.7894492629253587,0.060355029485703725,0.05788543384610821,0.057319276365567724,0.0568573238461236,15
20,4,0.8146414104387136,1.0,0.7907247265568145,0.8074763377780599,0.9320870123153071,0.7833406811092274,0.8122571828380112,1.0,0.7880328638043586,0.8063312493746418,0.9320870123153071,0.7819738022318953,0.8169030073696292,1.0,0.7932781356934282,0.8097907168711653,0.9320870123153071,0.7861033288550798,0.8146824317073895,1.0,0.7907710407699269,0.8099105956960261,0.9320870123153071,0.7862464268316661,0.03612630052680773,0.0352276940256295,0.03343363174878681,0.03543986968507769,15
20,4,0.897282320974108,0.990410120587897,0.8819124073514037,0.8648422924266926,0.9801840220950034,0.8429956010596399,0.897282320974108,0.990410120587897,0.8819124073514037,0.8736837724190547,0.9801840220950034,0.8535117315464636,0.897282320974108,0.990410120587897,0.8819124073514037,0.8681615719105146,0.9801840220950034,0.8469435799279134,0.9016571006750574,0.990410120587897,0.8870092054657679,0.8736837724190547,0.9801840220950034,0.8535117315464636,0.049762169579675636,0.04835497425543663,0.047982850974368996,0.0493036084518944,15
20,4,0.9716484118664106,1.0,0.9655035203978086,0.9850717207714476,1.0,0.9826290569158012,0.9716484118664106,1.0,0.9655035203978086,0.9850717207714476,1.0,0.9826290569158012,0.9716484118664106,1.0,0.9655035203978086,0.9850717207714476,1.0,0.9826290569158012,0.9716484118664106,1.0,0.9655035203978086,0.9850717207714476,1.0,0.9826290569158012,0.12528392578306077,0.10598244169852891,0.11043022646812822,0.09830743287724462,16
20,4,0.8753291507712415,1.0,0.8686213281416455,0.8505596407970104,1.0,0.8405391452267038,0.8855689827413006,1.0,0.8794121066805051,0.847027048855027,1.0,0.8367696807149867,0.8809062569876762,1.0,0.8744985064239856,0.847027048855027,1.0,0.8367696807149867,0.8809695654496852,1.0,0.8745652211508653,0.8423263409756498,1.0,0.8317537740316597,0.058918731078187424,0.05656725990125675,0.0563236454600819,0.056022027761325324,16
20,4,0.8666980481189303,1.0,0.8563204522565954,0.8015238640473681,1.0,0.7916813946402341,0.8754790593649546,1.0,0.8657850677911386,0.800097970011608,1.0,0.7901847902474962,0.8754790593649546,1.0,0.8657850677911386,0.800097970011608,1.0,0.7901847902474962,0.8709764254852721,1.0,0.8609319025496867,0.8036450544772862,1.0,0.7939077753078246,0.0440016361916402,0.04258759117926047,0.04198767315766354,0.04187884480964689,16
20,4,0.871951301042742,1.0,0.8555295130084493,0.816364160648455,1.0,0.7868780529523366,0.8763511353379363,1.0,0.8604936103283368,0.8288349313573646,1.0,0.8013512350068471,0.880969316263684,1.0,0.8657040564538425,0.8288349313573646,1.0,0.8013512350068471,0.8787068735339052,1.0,0.8631514635292493,0.8263695325037166,1.0,0.7984899710738702,0.02012706528424828,0.019324117142435926,0.019131668248481365,0.01967567612457677,16
20,4,0.9716507183758302,1.0,0.9686369363912521,0.97081707891472,1.0,0.9683267187799582,0.9716507183758302,1.0,0.9686369363912521,0.97081707891472,1.0,0.9683267187799582,0.9716507183758302,1.0,0.9686369363912521,0.97081707891472,1.0,0.9683267187799582,0.9716507183758302,1.0,0.9686369363912521,0.9732668208919946,1.0,0.9709855124742569,0.130447414094982,0.11949232998263105,0.12532395113395423,0.118590816610908,16
20,4,0.8709720361060378,,0.8709720361060378,0.7892068285839949,1.0,0.78870774320347,0.8733778420382103,,0.8733778420382103,0.7892068285839949,1.0,0.78870774320347,0.8733778420382103,,0.8733778420382103,0.7892068285839949,1.0,0.78870774320347,0.8733778420382103,,0.8733778420382103,0.7892068285839949,1.0,0.78870774320347,0.060736737772799164,0.0575142253131318,0.05837726442595148,0.05639391174942642,16
20,4,0.8312016693736742,0.9742494831549322,0.7542235290658031,0.8535253212794067,1.0,0.7667997870756371,0.8312016693736742,0.9742494831549322,0.7542235290658031,0.8617125189417633,1.0,0.7798345058051276,0.8312016693736742,0.9742494831549322,0.7542235290658031,0.8583863059040694,1.0,0.7745388902393705,0.8351689678260158,0.9742494831549322,0.7603257448498736,0.8624314549738574,1.0,0.7809791134412583,0.026982274727242066,0.026361458884271754,0.025859631371933773,0.02760556834757468,16
20,4,0.8228401598707975,0.9709037432160563,0.7821147930296588,0.8122899227846325,0.9788962072596029,0.768453580253431,0.8301388282198833,0.9709037432160563,0.7914209836826939,0.8053802704089497,0.9788962072596029,0.7597259058909638,0.8301388282198833,0.9709037432160563,0.7914209836826939,0.8053802704089497,0.9788962072596029,0.7597259058909638,0.824612236926018,0.9709037432160563,0.7843742856026862,0.8055347407448561,0.9788962072596029,0.7599210194389616,0.06042559903695602,0.06569329636356927,0.06480566626349978,0.06990070176705174,16
20,4,0.9733297063169307,1.0,0.9709838854157905,0.9738990519780695,1.0,0.972389088059733,0.9746673404510032,1.0,0.9724391729265778,0.9708790434089454,1.0,0.9691943692092576,0.9746673404510032,1.0,0.9724391729265778,0.9708790434089454,1.0,0.9691943692092576,0.9845957675931972,1.0,0.983240867989342,0.9671756494389657,1.0,0.965276730482139,0.09778470902293714,0.10873552432483226,0.10147581038845069,0.11161915665425484,17
20,4,0.7948665731098581,0.9736429603735728,0.7736882813953306,0.7760270695648159,0.9816078401635453,0.7578391022079554,0.7996453189207527,0.9736429603735728,0.7790331292198174,0.7842080999139698,0.9816078401635453,0.7667439177268142,0.8027478496066972,0.9736429603735728,0.7825031933419492,0.7817236905006079,0.9816078401635453,0.7640397097535981,0.797358419890622,0.9736429603735728,0.7764753184908706,0.7943086463223281,0.9816078401635453,0.7777380710996111,0.06241770912534596,0.06619582399261875,0.06262807638278546,0.06787356055014307,17
20,4,0.7889799358008915,1.0,0.7827711391983307,0.777752044969987,1.0,0.7706564880959331,0.7935334987383189,1.0,0.7874586806093348,0.7815145729288497,1.0,0.774539139684814,0.7905223094605044,1.0,0.784358893776455,0.7854369988883987,1.0,0.7785867942273503,0.790375516240169,1.0,0.7842077814917162,0.780443302700442,1.0,0.7734336677521336,0.04055408422181004,0.041737669307606994,0.04015370180020075,0.041959192970291805,17
20,4,0.7471111024435101,0.9120436711358177,0.7211461478840276,0.7215375687542815,0.8867287542992827,0.6935209656634048,0.7436751972592056,0.9120436711358177,0.7171693360571569,0.7218282011820774,0.8867287542992827,0.6938608896641623,0.7471111024435101,0.9120436711358177,0.7211461478840276,0.7218282011820774,0.8867287542992827,0.6938608896641623,0.7344449354220393,0.9120436711358177,0.7064859753501047,0.7218282011820774,0.8867287542992827,0.6938608896641623,0.09270772381009391,0.09854367083652128,0.09287339208679496,0.09989863690106966,17
20,4,0.7140776027710742,0.8326417645283113,0.7031271971423195,0.7111764196068316,0.661995583501067,0.7142258875275986,0.7038800552658684,0.7933241853413342,0.6956191314679766,0.7159530900162527,0.661995583501067,0.7192987363742932,0.7064589023943723,0.7933241853413342,0.6984361569945151,0.7139926664203379,0.661995583501067,0.7172167563076017,0.7035234643914389,0.7933241853413342,0.6952296064028048,0.7117439645482945,0.661995583501067,0.7148286232106109,0.1405072778355,0.14338417487270735,0.13747779291954845,0.14084649271804503,17
20,4,0.7508875389720939,0.9551651713076857,0.7227779022861913,0.7622929938336065,0.9187762381626259,0.7395844713765707,0.7650884857330241,0.9551651713076857,0.7389329712360346,0.7677890544247401,0.9187762381626259,0.745878108832206,0.7503625762095762,0.9551651713076857,0.7221807019891023,0.7667332121581677,0.9187762381626259,0.7446690449352643,0.7592772796052435,0.9551651713076857,0.7323221137167083,0.7677890544247401,0.9187762381626259,0.745878108832206,0.08601207475238266,0.0824466338855714,0.08076330721985432,0.0794712774388636,17
20,4,0.9272190781683223,1.0,0.9193554454316776,0.8967646668245746,0.9817413418287355,0.8860363930091179,0.9274435044103262,1.0,0.9196041198626185,0.8978990885017559,0.9817413418287355,0.8873140350038087,0.9274435044103262,1.0,0.9196041198626185,0.9001652180661213,0.9817413418287355,0.8898662625882086,0.9299648319900987,1.0,0.9223978649056098,0.9077438651131042,0.9817413418287355,0.8984017110241226,0.11769271081105492,0.12355333979024043,0.11698284326999726,0.1291705912648124,17
20,4,0.8885294158773058,0.9799577924662061,0.8742983243211199,0.8906043066045514,0.9760246957419894,0.8712162647342473,0.8941092809119241,0.9799577924662061,0.8807467115054405,0.8918304308099138,0.9760246957419894,0.8727206848789257,0.8941092809119241,0.9799577924662061,0.8807467115054405,0.8988863385077774,0.9760246957419894,0.8813780864971587,0.8921308672154435,0.9799577924662061,0.8784603519884056,0.9013361847852449,0.9760246957419894,0.8843839794361197,0.08640371369293644,0.09108427228987426,0.08459818643285824,0.09524815693570035,17
20,4,0.752474930111092,1.0,0.745713588977989,0.7639058191694413,1.0,0.7560045574159511,0.7546877808981757,1.0,0.7479868855173144,0.7754127468092953,1.0,0.7678965824222083,0.7546877808981757,1.0,0.7479868855173144,0.7713343299996434,1.0,0.7636816750025823,0.7601175277018274,1.0,0.7535649501072105,0.7809719545834857,1.0,0.7736418377966037,0.09534443120752127,0.10233630107218289,0.09690810845845972,0.10476848041256903,18
20,4,0.8050361971497423,1.0,0.8018215691134933,0.7891969085653929,1.0,0.785283281973713,0.8069385155646981,1.0,0.8037552535872826,0.7891969085653929,1.0,0.785283281973713,0.8069385155646981,1.0,0.8037552535872826,0.7858214644408549,1.0,0.7818451716529885,0.8069385155646981,1.0,0.8037552535872826,0.7974510672522467,1.0,0.7936906817478248,0.08419022146940836,0.08447000968417229,0.0847033386858874,0.08584656991923513,18
20,4,0.8683161227575288,1.0,0.8391666449369761,0.8507934301087497,1.0,0.8112942456598835,0.8751178843759038,1.0,0.8474740411371033,0.8484020679469944,1.0,0.808269822533185,0.8702763973975065,1.0,0.8415608449999954,0.8561188538910695,1.0,0.8180294592148623,0.8751178843759038,1.0,0.8474740411371033,0.8523489307014429,1.0,0.8132615311013665,0.030042057834341433,0.030138624467075912,0.028797040699387853,0.03162673295533291,18
20,4,0.758126545601196,0.9119732560468341,0.7532138604772691,0.767796051173049,0.9207160492720964,0.7606595684616643,0.7668167541220812,0.9119732560468341,0.7621815676720012,0.7672218177667781,0.9207160492720964,0.7600585366848265,0.7642525915110296,0.9119732560468341,0.759535525354337,0.7709494384777799,0.9207160492720964,0.7639601182975372,0.76934550366659,0.9119732560468341,0.7647910661011206,0.7700229023963623,0.9207160492720964,0.7629903425561098,0.06915727093206865,0.06949747612021537,0.06836947631850786,0.0699338216976514,18
20,4,0.7709821839633647,1.0,0.7614927359962966,0.7547812297960388,1.0,0.7451385040842913,0.7802984396887847,1.0,0.7711950146324412,0.7570200192628296,1.0,0.747465329359828,0.7802984396887847,1.0,0.7711950146324412,0.7525893878016208,1.0,0.742860472394288,0.7771567973894097,1.0,0.7679231970844896,0.7526855174138687,1.0,0.7429603821065783,0.12680625407223325,0.13891260471073866,0.13317201571736526,0.14750600331814254,18
20,4,0.844279478840754,1.0,0.838734832095081,0.8099867100383351,1.0,0.8026610255947467,0.8521673274353784,1.0,0.8469035385606846,0.8102881006709011,1.0,0.802974035902278,0.8521673274353784,1.0,0.8469035385606846,0.8128597859393444,1.0,0.8056448687343924,0.8514436126951175,1.0,0.846154054945843,0.8077538797049826,1.0,0.8003421117540694,0.08266692136536972,0.08515969742818144,0.08354791420818902,0.08913975084603265,18
20,4,0.848432358624895,0.9826461420937419,0.8196360992037911,0.833799470367036,0.9882942423687803,0.8039486761471109,0.8436686164665324,0.9826461420937419,0.8138502715974064,0.8338282819598294,0.9882942423687803,0.8039830545880021,0.8436686164665324,0.9826461420937419,0.8138502715974064,0.8294355156904797,0.9882942423687803,0.7987415375145728,0.8449131768204537,0.9826461420937419,0.8153618587938063,0.8365574077576541,0.9882942423687803,0.8072394899610028,0.03437034318130354,0.03040231007808178,0.029561055771669117,0.02939618801915218,18
20,4,0.8001377149569646,0.7448785971753225,0.8005684222907055,0.7507491147773513,1.0,0.7486704440165801,0.8052405291468107,0.7448785971753225,0.8057110094552663,0.7556517308380983,1.0,0.7536139462898179,0.8072241024044778,0.7448785971753225,0.8077100433207642,0.7538936495921136,1.0,0.7518412032219591,0.8080037993836622,0.7448785971753225,0.8084958175089323,0.7590201093008914,1.0,0.7570104159259505,0.09327472323362847,0.09324132987544247,0.09152427704072372,0.0934705370871786,18
20,4,0.7811153099991254,1.0,0.7587918649292149,0.7503666376136455,0.9679998556603139,0.7230756659592685,0.7798358474591937,1.0,0.7573819135381487,0.7651837394474638,0.9679998556603139,0.7397508164392271,0.7771906689334761,1.0,0.7544669605594132,0.7605297781950218,0.9679998556603139,0.7345132534473037,0.7798358474591937,1.0,0.7573819135381487,0.7612752951976917,0.9679998556603139,0.7353522574809073,0.06336978355657971,0.060591751229574574,0.05965602403948633,0.059931018918102284,19
20,4,0.7365672341449648,1.0,0.729365374909903,0.7163649253490519,1.0,0.7095672454214063,0.7342197722403012,1.0,0.7269537368950953,0.7128027984233741,1.0,0.7059197475354118,0.7342197722403012,1.0,0.7269537368950953,0.7163649253490519,1.0,0.7095672454214063,0.7296681426458275,1.0,0.7222776725306219,0.7128027984233741,1.0,0.7059197475354118,0.04917922291366215,0.04967519449143564,0.0498657398733264,0.0508631072208351,19
20,4,0.7592855503159933,0.9494311969800149,0.7545132217777895,0.7308259529074458,0.8770506395432555,0.7274913780790716,0.7671992931206328,0.9494311969800149,0.7626255859092551,0.7234332686497894,0.8770506395432555,0.7199301076585254,0.7727042165860086,0.9494311969800149,0.7682686734810165,0.7247127294937422,0.8770506395432555,0.7212387459144616,0.7693898130919091,0.9494311969800149,0.7648710841624738,0.7219849971327932,0.8770506395432555,0.7184488090935228,0.0776279690648552,0.07360160249444539,0.07533842064058006,0.07308248267240396,19
20,4,0.8207128120939824,1.0,0.7731496959278346,0.8611204693567136,1.0,0.8304552667977488,0.8259553787541773,1.0,0.7797830636261848,0.8553788729961631,1.0,0.8234459010647605,0.817770219659858,1.0,0.7694264628500114,0.8588423776371973,1.0,0.8276741625485725,0.8259553787541773,1.0,0.7797830636261848,0.8582646024302948,1.0,0.8269688120707057,0.05438635491318026,0.050311165127658194,0.04982482441654997,0.04858210030128619,19
20,4,0.8498445266332091,0.9857692212085641,0.8132365401621456,0.8651616251131174,1.0,0.8239113002751507,0.8565400313668751,0.9857692212085641,0.8217353150629634,0.8559228872402026,1.0,0.811846208712715,0.8631334188302001,0.9857692212085641,0.8301044699084404,0.8601093027229246,1.0,0.8173133500920063,0.8547954067111834,0.9857692212085641,0.8195208184977401,0.8654287107749546,1.0,0.8242600939101047,0.05789271420114564,0.05897258750170726,0.056809932151357594,0.05979169048678959,19
20,4,0.8348441269810568,1.0,0.833690619351634,0.7247476445176904,1.0,0.7180413903471795,0.8392717807555595,1.0,0.838149197442154,0.7166128740086658,1.0,0.7097084241186062,0.8411849108027853,1.0,0.8400756894732149,0.7223009570799348,1.0,0.7155350917652991,0.831530732720305,1.0,0.830354083161448,0.717860229008682,1.0,0.710986169702043,0.08243658685820308,0.07605106618815238,0.07846558738122383,0.07393291739045124,19
20,4,0.7886988014206209,1.0,0.7742666117564971,0.7676765184646448,1.0,0.7521260059127681,0.7967921701692032,1.0,0.7829127697631932,0.7799129231654932,1.0,0.765181451218694,0.7927633918160312,1.0,0.7786088197891377,0.7704393261498182,1.0,0.7550737414205739,0.8004274572053627,1.0,0.7867963523714655,0.7761358929538431,1.0,0.7611516064601589,0.06368962641154265,0.06244681770227496,0.06179000610294545,0.06180888833777023,19
20,4,0.8499489427588522,0.982577733691123,0.8154798789143085,0.8309269452252723,1.0,0.8056809534706392,0.8510231885442028,0.982577733691123,0.8168333117924441,0.8363906788241751,1.0,0.8119605318744471,0.8510231885442028,0.982577733691123,0.8168333117924441,0.833359133509684,1.0,0.8084763161559378,0.8548998151563004,0.982577733691123,0.8217174397868174,0.8393198834479842,1.0,0.8153271253883951,0.03344492612107654,0.029970141280985043,0.028755423210786904,0.031976390816394806,19
20,5,0.743580319008082,0.9479841839609291,0.7358184540632668,0.6802845493753733,0.8824528177359722,0.6709225869097506,0.743580319008082,0.9479841839609291,0.7358184540632668,0.6943218253003425,0.8824528177359722,0.6856098978347462,0.743580319008082,0.9479841839609291,0.7358184540632668,0.6869942186696588,0.8824528177359722,0.6779429660528129,0.743580319008082,0.9479841839609291,0.7358184540632668,0.6973303322420242,0.8824528177359722,0.6887577220357287,0.14052820932994436,0.14395149213557717,0.14228698910623905,0.14652659579540764,0
20,5,0.8066057101711771,1.0,0.801379391713794,0.8246881561898799,1.0,0.8227994520006856,0.8088615335245739,1.0,0.8036961768010604,0.8220465796765803,1.0,0.8201294167334405,0.8092774690474868,1.0,0.8041233526325803,0.825019565997459,1.0,0.8231344322178749,0.8088615335245739,1.0,0.8036961768010604,0.8191129035321871,1.0,0.8171641349296507,0.05190384422121502,0.05148325216234343,0.05142070809426895,0.05176837931330372,0
20,5,0.8573515302784077,0.9784434709995141,0.8445536976117825,0.8183881105606833,0.9858262665776528,0.79824668529476,0.8636664779393182,1.0,0.8492578096844857,0.8090400058175585,0.9858262665776528,0.7877740808704359,0.8584831906246232,0.9784434709995141,0.8458049596396628,0.8174046906975301,0.9858262665776528,0.797144968156064,0.8644062781597337,1.0,0.8500757971019288,0.8157454136951827,0.9858262665776528,0.7952860938544315,0.06658312108017188,0.06529928972381367,0.06676840963689543,0.06775379650960764,0
20,5,0.794042124207763,0.9404654895509755,0.7770547185574271,0.7696845568668284,1.0,0.7326892637009824,0.7921596925249531,0.9404654895509755,0.7749538952912112,0.7694129768847787,0.9700787965139925,0.7371802671517407,0.7948668455502305,0.9404654895509755,0.7779751205036024,0.7647109738479646,0.9700787965139925,0.7317229870112847,0.7909408559406598,0.9404654895509755,0.7735936545571748,0.7770460520198602,0.9700787965139925,0.7460394339832265,0.02961664004563449,0.029985638773687633,0.02930919295377053,0.030740792742403093,0
20,5,0.7929314642943887,1.0,0.7744026861715968,0.768361307650558,1.0,0.7584065978321031,0.7926005362695066,1.0,0.7740421462506978,0.7694615550671586,1.0,0.7595541285572461,0.7797039727197191,1.0,0.7599915804100931,0.7668815412696267,1.0,0.7568632382544918,0.7884397065042491,1.0,0.7695089997002542,0.7755499571512684,1.0,0.7659041806938176,0.04970821954890539,0.04926310090836175,0.049301597394833245,0.04981033376456258,0
20,5,0.7182032072688801,1.0,0.6957191923572443,0.7286110375044187,0.9782920081439682,0.6975913319728407,0.7195369286372527,1.0,0.6971593287449074,0.7365998867123541,0.9782920081439682,0.7065726947445116,0.7270087967525165,1.0,0.7052273626024893,0.7358595316893615,0.9782920081439682,0.7057403599653393,0.7195369286372527,1.0,0.6971593287449074,0.7365998867123541,0.9782920081439682,0.7065726947445116,0.07976470376708938,0.07849527587024774,0.07876744445553885,0.07873369323263886,0
20,5,0.8078886796200809,1.0,0.7967742494596575,0.8088783226248915,1.0,0.8001014888001496,0.8013954621945953,1.0,0.7899053726953609,0.8057403373095929,1.0,0.7968193985563308,0.8004552592868059,1.0,0.7889107751817014,0.8057403373095929,1.0,0.7968193985563308,0.8046159802522773,1.0,0.7933122109707257,0.8092636026516691,1.0,0.8005044619469199,0.04400522517701002,0.04498194951330796,0.04430688061343189,0.04596955137399806,0
20,5,0.8142950606495271,0.9748009158104407,0.784551760337316,0.8136865355456173,0.9392921971120106,0.788916282280702,0.8142950606495271,0.9748009158104407,0.784551760337316,0.8077181823286229,0.9392921971120106,0.7817709309975713,0.8142950606495271,0.9748009158104407,0.784551760337316,0.8154414666395889,0.9392921971120106,0.7910172971985878,0.8142950606495271,0.9748009158104407,0.784551760337316,0.8112183230748912,0.9392921971120106,0.7859613222601516,0.036437025414600435,0.03633059207162588,0.03587359231073711,0.0366655755087561,0
20,5,0.8643973197617638,0.9477397638332883,0.7510445147552505,0.8267918197128877,0.9384183281157473,0.7148690565761532,0.8959189860072813,0.9590989416064647,0.8099888783995863,0.8388129421101072,0.9348591678160172,0.7425118114587382,0.8894130189555923,0.9590989416064647,0.794634243387596,0.8452309210504693,0.9464805258218839,0.74371260165969,0.9144570476379947,0.9668761213460721,0.8431626536848437,0.8633784257696777,0.9357583053275591,0.7908064513208682,0.043681786856618166,0.04190118230923504,0.037561901768866916,0.040652670737352015,1
20,5,0.7809403119250243,0.910203544045286,0.7502864456827238,0.7950908008671821,0.9719395808605769,0.7457271217621932,0.7965737075619647,0.8880677530585277,0.7748765382539186,0.8287077952256062,0.9572172498125272,0.7928370389872943,0.799773907236245,0.8880677530585277,0.7788356427703181,0.8248709461913429,0.9572172498125272,0.7879292129041154,0.7990486454652787,0.8880677530585277,0.7779383902719563,0.8206656068855542,0.9572172498125272,0.7825500401117383,0.04641575760255571,0.035884590227825676,0.035833830679279435,0.03708704604482772,1
20,5,0.7930917920913515,0.8878590194851611,0.6889941401506003,0.7671560977318851,0.8604378923304135,0.6694651451733935,0.8058733582445846,0.8984631128601079,0.704167564856818,0.775634706571974,0.8529023850128676,0.6947148106655848,0.8000624321787672,0.8984631128601079,0.6919735908145181,0.7723192746112004,0.8529023850128676,0.6879272359594362,0.8148954812335965,0.8963848611638101,0.725382963645716,0.7732131406433714,0.8397256437896172,0.7035567857525649,0.04867370465119681,0.046499643453688635,0.042103991293553286,0.04829088552363441,1
20,5,0.8061763873990784,0.9330366606142833,0.7457486379816256,0.8420157033985326,0.8624455250538385,0.8336773933961149,0.8022402014237098,0.9330366606142833,0.7399375162698617,0.8478004982413505,0.8624455250538385,0.8418232177923786,0.8073864931755779,0.9330366606142833,0.747535157215054,0.8438961049286591,0.8624455250538385,0.8363252696086815,0.8074923735555584,0.9330366606142833,0.7476914719265043,0.855474257902516,0.8624455250538385,0.8526289767445033,0.03743312445726569,0.03556316396632225,0.035494920273332745,0.03581639407144428,1
20,5,0.7783823214579039,0.9396798446805709,0.7484918054403715,0.817694351932811,0.8326646453337256,0.8151759965934642,0.7794820448206826,0.9396798446805709,0.7497953217575195,0.8164085580261288,0.8326646453337256,0.8136739019194239,0.7770613230206471,0.9396798446805709,0.7469260089171984,0.8164085580261288,0.8326646453337256,0.8136739019194239,0.7795714651108036,0.9587487885641564,0.7463675909926153,0.8200238000071938,0.8326646453337256,0.8178973126051511,0.0463586598364204,0.04819197903035555,0.04774561332657635,0.04986695715491023,1
20,5,0.7743686523293819,0.7954470815500694,0.7472696910211877,0.8052305195057634,0.8781380203439776,0.7237461495902182,0.7867405003925628,0.8120934941763811,0.7541460508535867,0.8017232829306603,0.8639822015624903,0.7321401989130721,0.7763956825245466,0.7990507999441303,0.7472696910211877,0.797016033153647,0.8639822015624903,0.7221719365145156,0.7867405003925628,0.8120934941763811,0.7541460508535867,0.803670679567879,0.8676720160659516,0.7321401989130721,0.0707030961384391,0.06705971514617765,0.06406340319107794,0.06683571832722209,1
20,5,0.7863719347488374,0.936881034304037,0.7225606052603033,0.8421901574650137,0.9624988518746768,0.77917413655201,0.786369223503101,0.936881034304037,0.7225567445279543,0.8387883096305511,0.9624988518746768,0.7739904481337789,0.7887829296562904,0.936881034304037,0.7259937894632166,0.8404326406157909,0.9624988518746768,0.7764960568202041,0.786369223503101,0.936881034304037,0.7225567445279543,0.8345447479441966,0.9624988518746768,0.7675241678543493,0.05186592111506835,0.0476162300218983,0.047247957994210756,0.04648226344338087,1
20,5,0.7921887990726855,0.8749276607976816,0.7590682843541222,0.7900321264849537,0.9283665943180431,0.7418841962905148,0.784182128218847,0.8605862939712571,0.7535974036576953,0.797385995938395,0.9150698750454337,0.7564255955044755,0.7946582020894752,0.8802165999911514,0.7604090219833024,0.7956385007733026,0.9283665943180431,0.7494418942229826,0.79175314007785,0.8686781201436331,0.7609599326131137,0.7949332783687315,0.9150698750454337,0.7531191986155457,0.033584635272533664,0.034169316520818005,0.03304801930624322,0.03470194390560867,1
20,5,0.7625717417406684,0.9773112579649105,0.7319189334365992,0.7236184087366345,0.9477198905319548,0.702193472074027,0.7702286492123096,0.9773112579649105,0.7406688196066047,0.7099847112099164,0.9750472615367938,0.6846437437745948,0.7651663428820157,0.9773112579649105,0.7348838986954113,0.719343403259065,0.9477198905319548,0.6975097601441151,0.7658540357727532,0.9773112579649105,0.7356697557187801,0.7106200927869388,0.9750472615367938,0.6853398701978147,0.10371719853012906,0.11610417114771654,0.11070262269643295,0.1237787906300823,2
20,5,0.72838933649132,1.0,0.7257746770360303,0.7020941789541332,1.0,0.6950213556430113,0.7282175587825995,1.0,0.7256012457095743,0.7053052218255755,1.0,0.6983086344832387,0.722818628865798,1.0,0.7201503430057951,0.7026314224020872,1.0,0.695571354222668,0.7315003816004727,1.0,0.7289156706140884,0.7053052218255755,1.0,0.6983086344832387,0.07282007428115282,0.07148031390208308,0.07189822835366277,0.0718160956843245,2
20,5,0.7126874653182671,0.8523062686675547,0.7040917196020238,0.6684632461450658,0.7977822932141454,0.6623019544835996,0.709336242565572,0.8523062686675547,0.7005341760821421,0.6650528133915508,0.7977822932141454,0.6587290346768432,0.7141388550478164,0.8523062686675547,0.7056324653262606,0.6684632461450658,0.7977822932141454,0.6623019544835996,0.7076596828032301,0.8523062686675547,0.6987543975480485,0.6544036953542257,0.7977822932141454,0.647572548825941,0.11140866161008556,0.1117490990525232,0.1107245656293126,0.11213992718031122,2
20,5,0.675670084677963,0.7648523271552838,0.6707133524519858,0.7134272145765334,0.9630832679036989,0.6993885996211185,0.6868867311884379,0.8140921921193462,0.6798166756482125,0.7221864332459572,1.0,0.7065644699846078,0.6858474554119414,0.8140921921193462,0.6787196371199625,0.7121832161488695,1.0,0.6959987537561356,0.688651974244942,0.8140921921193462,0.6816800305810475,0.7250140433214426,1.0,0.7095510817288481,0.18213692489563205,0.19169743370769382,0.1836031256643579,0.19569002079141665,2
20,5,0.8366330867172702,1.0,0.8286924162611602,0.7880727699642035,1.0,0.7775876479849202,0.8368093564022664,1.0,0.8288772537733364,0.7773715510911827,1.0,0.7663569851834731,0.8343970827003594,1.0,0.8263477282354739,0.780357443660462,1.0,0.7694906051014307,0.8328646227781018,1.0,0.8247407810196431,0.7814190266098429,1.0,0.770604709978803,0.07684029987670091,0.07714977617338531,0.07640647595659604,0.0781948177975236,2
20,5,0.7286228324972879,1.0,0.721106364589679,0.7250410862459121,0.8562464662603054,0.720265481990992,0.7329072326607008,1.0,0.7255094319078419,0.7184248182502835,0.8562464662603054,0.713408395535113,0.7329072326607008,1.0,0.7255094319078419,0.7217672759650408,0.8562464662603054,0.7168725117922468,0.7332719339826866,1.0,0.725884234543095,0.71879166122881,0.8562464662603054,0.7137885908387419,0.07509546632163168,0.07392389033177851,0.07368324695163947,0.07368590554597125,2
20,5,0.7552590867551411,1.0,0.7507737735038843,0.7990240258290539,1.0,0.7960482175644701,0.7535857874850589,1.0,0.7490698080436261,0.7946173089232871,1.0,0.7915762513439932,0.7574969022966602,1.0,0.7530526010019626,0.7990240258290539,1.0,0.7960482175644701,0.7506675172138934,1.0,0.7460980552707225,0.7876725153665955,1.0,0.7845286277144677,0.052798686689257454,0.05135601195668728,0.05217342345725277,0.05162040384587944,2
20,5,0.7888311229440597,0.9587418810835803,0.7619404986159454,0.8261430007488912,0.9830946207910157,0.8040288055867525,0.7888311229440597,0.9587418810835803,0.7619404986159454,0.8249402037910268,0.9830946207910157,0.8026565367453901,0.7888311229440597,0.9587418810835803,0.7619404986159454,0.8272008734328573,0.9830946207910157,0.805235730590049,0.7943307698903203,0.9587418810835803,0.7683105374172512,0.8231381633938217,0.9830946207910157,0.8006005921640601,0.09732133277677123,0.09733486994763718,0.09669234288828034,0.09786340033006069,2
20,5,0.8271694135019919,0.9773177193829348,0.7834173558600718,0.7836184549131557,1.0,0.7447055323355499,0.8235613065500905,0.9661154680714502,0.7820221239706768,0.794942318470631,1.0,0.7580658201440611,0.8299298299407967,0.9773177193829348,0.7869821363470599,0.7900166202064293,1.0,0.7522543101295154,0.8224993044991585,0.9746601593251697,0.7781608056254494,0.797895204516084,1.0,0.7615497377339143,0.06260168646322414,0.058007887956143735,0.05703932354345196,0.0576404210367166,3
20,5,0.8041689618268244,1.0,0.7969355830005134,0.789645482731167,1.0,0.7864650589836615,0.7963886649013954,1.0,0.7888679065280635,0.7973152364775866,1.0,0.7942507744278346,0.8005208569507604,1.0,0.7931527286750625,0.7973152364775866,1.0,0.7942507744278346,0.7963886649013954,1.0,0.7888679065280635,0.8012526828237854,1.0,0.7982477524067579,0.0320760870830428,0.031034892366254157,0.03155869621400337,0.031145054537712425,3
20,5,0.8258557865139289,1.0,0.817401871527206,0.8011571099362124,1.0,0.7900726960632446,0.8288742728282048,1.0,0.8205668917180813,0.8075933049325407,1.0,0.7968676740619902,0.8258557865139289,1.0,0.817401871527206,0.8057070751012809,1.0,0.7948762971364467,0.8313828008497549,1.0,0.8231971974445088,0.8075933049325407,1.0,0.7968676740619902,0.051393051685866484,0.05181578558469285,0.05105800649996761,0.05266280868791445,3
20,5,0.7656573052131179,1.0,0.7625914835308474,0.7368670784109229,0.6828363249483158,0.7376861870706076,0.7627863488251503,1.0,0.7596829674470204,0.7403779523527508,0.6828363249483158,0.7412502860197604,0.7656573052131179,1.0,0.7625914835308474,0.7403779523527508,0.6828363249483158,0.7412502860197604,0.7627863488251503,1.0,0.7596829674470204,0.7420589145829419,0.6828363249483158,0.742956731713185,0.0578155843900644,0.058394757177437924,0.057322662816216806,0.05895056341091491,3
20,5,0.8261157296398114,0.9819066862325926,0.7956046578875132,0.7700090777580807,0.9898010438257931,0.7247329374277851,0.8290650792830583,1.0,0.795588119226895,0.781092321331652,0.9898010438257931,0.7380992785154722,0.8360342603105272,0.9819066862325926,0.8074656954122218,0.7742765245136654,0.9898010438257931,0.7298794587083156,0.8332174592225461,1.0,0.8005537271293363,0.7934528473414666,0.9898010438257931,0.7530060163827496,0.04737841037487739,0.049032798878683864,0.047509344618137,0.05219329459784159,3
20,5,0.7759309794352273,1.0,0.7700903032062653,0.7706325800377016,1.0,0.7618311104655483,0.7690782491560372,1.0,0.7630589468111388,0.7706325800377016,1.0,0.7618311104655483,0.7759309794352273,1.0,0.7700903032062653,0.7706325800377016,1.0,0.7618311104655483,0.7724015861000201,1.0,0.7664689112373173,0.7745517869377285,1.0,0.7659007082985297,0.06110761605907212,0.06105705743584431,0.06042073896506121,0.06117272257296855,3
20,5,0.84158867227735,1.0,0.8145581736049847,0.8359501644320995,0.9636350787706776,0.8144816097546688,0.8478380496462713,1.0,0.8218739127619312,0.8375278261482076,0.9636350787706776,0.8163245347322217,0.8450305608877736,1.0,0.8185873684822771,0.8357495866128376,0.9636350787706776,0.8142473073885235,0.8538905427701036,1.0,0.8289591723532895,0.8421456706491383,0.9636350787706776,0.8217188096178508,0.04042755234471205,0.037233405007989495,0.03766535767925215,0.03676635889028347,3
20,5,0.838833043705801,1.0,0.8328234989353497,0.7443539581296208,1.0,0.7384900159088882,0.8318614019406531,1.0,0.825591900698512,0.75354430970799,1.0,0.7478911733743718,0.8319927081354703,1.0,0.8257281029990482,0.7438314260127651,1.0,0.7379554980866434,0.8290158912485267,1.0,0.8226402874634555,0.7468150800520571,1.0,0.7410075904039743,0.04498281939891623,0.04439480785430995,0.04418250475481172,0.044059304189626766,3
20,5,0.7844579644089306,0.9575544297566327,0.7680016523394171,0.8089479194047307,0.920736451038985,0.8018835542263132,0.7844579644089306,0.9575544297566327,0.7680016523394171,0.8072242535061069,0.920736451038985,0.8000509629739394,0.7844579644089306,0.9575544297566327,0.7680016523394171,0.809035804772467,0.920736451038985,0.8019769934225367,0.7811528363657134,0.9575544297566327,0.7643823051791336,0.8099327543139332,0.920736451038985,0.8029306247990258,0.16669215962737413,0.16684774087426335,0.1648074633048885,0.16859791037292368,4
20,5,0.7800360792825834,1.0,0.7678046993324589,0.7557776724843597,1.0,0.7516322874982823,0.7879063742582049,1.0,0.7761126322982218,0.7550572596359179,1.0,0.7508996464943067,0.7848287734923168,1.0,0.7728638975382696,0.7550572596359179,1.0,0.7508996464943067,0.7911777271955077,1.0,0.7795658930711212,0.7526874646330758,1.0,0.7484896270258115,0.07872275067185065,0.08132817760545408,0.08001553110893098,0.08338235643548761,4
20,5,0.8230986476511628,1.0,0.797089895637984,0.8223176843461747,0.9844814205782374,0.7886872588255757,0.8285463118298235,1.0,0.8033384974284413,0.8107224455435462,0.9844814205782374,0.7746873343391683,0.8260476723288677,1.0,0.8004724978463565,0.8205703847519937,0.9844814205782374,0.7865775944374548,0.8343548472778555,1.0,0.810001027241252,0.8231001037471788,0.9844814205782374,0.7896319407521157,0.043601034913539116,0.043586433874303415,0.04163535308487673,0.04323008017669837,4
20,5,0.8237300642504404,1.0,0.8180083275564002,0.7643987496778162,0.8337225415300239,0.763671423722399,0.8237300642504404,1.0,0.8180083275564002,0.7646492539680039,0.8337225415300239,0.763924556233971,0.8237300642504404,1.0,0.8180083275564002,0.7646492539680039,0.8337225415300239,0.763924556233971,0.8243294757610696,1.0,0.8186271960142427,0.7596246452869134,0.8337225415300239,0.7588472307551994,0.040452381491914574,0.040412333928030314,0.03988914765356202,0.040677211944131327,4
20,5,0.811265693297511,0.9663527607479379,0.7906581766499645,0.7481820410822382,1.0,0.729525665639947,0.8018276792669478,0.9663527607479379,0.7799660668753008,0.7499006811422524,1.0,0.7313716341651254,0.808990760691147,0.9663527607479379,0.7880809576419785,0.75129019201967,1.0,0.7328640893945727,0.8112648997920978,0.9663527607479379,0.7906572777058692,0.7467338564414959,1.0,0.7279701896984432,0.06004348128472509,0.06203148730490625,0.06035105942846874,0.06334205738682716,4
20,5,0.6831271173531651,0.8349503083889833,0.6723925123684137,0.6773835279802564,0.8666714270129666,0.6660292779305134,0.6767887933086848,0.8349503083889833,0.6656060393658023,0.6795755641995803,0.8666714270129666,0.6683528013050095,0.6831271173531651,0.8349503083889833,0.6723925123684137,0.6766484662722647,0.8666714270129666,0.6652501242627232,0.6730188541702325,0.8349503083889833,0.6615695480149264,0.6795755641995803,0.8666714270129666,0.6683528013050095,0.0907375980745122,0.09173314603496678,0.09050801979247854,0.09317123711362728,4
20,5,0.7808783975280795,1.0,0.7768992654007425,0.7483174603464541,1.0,0.7432834590713654,0.7898148431859378,1.0,0.7859979921738364,0.7447154731843788,1.0,0.7396094271500798,0.7933422453375198,1.0,0.7895894500783387,0.7417125043521592,1.0,0.7365463947594139,0.7837403530315391,1.0,0.7798131924987977,0.7435143010598143,1.0,0.7383842299103248,0.053729659511598526,0.05684766685983353,0.055094560596198876,0.05844164136476421,4
20,5,0.7766525226328922,0.8912498193801761,0.7697551176055779,0.7312128604069976,0.8403302298429149,0.7272693592036493,0.7828786280157606,0.9524458380171619,0.7726726828501385,0.7361594955686132,0.9300844877497719,0.7291510472896721,0.7794044540770365,0.8912498193801761,0.7726726828501385,0.7343434397317459,0.9300844877497719,0.7272693592036493,0.7902837110325731,0.9524458380171619,0.7805234644853091,0.7409977338954826,0.9300844877497719,0.7341641395262606,0.0626210425485381,0.06251633430823096,0.06189676616155285,0.062391479535936205,4
20,5,0.7673691470106083,1.0,0.7514606177159666,0.7981293034325235,0.9549598742715448,0.7800437268493979,0.7721566756459315,1.0,0.7565755429049508,0.80503704589186,0.9354826436981474,0.7899941633949342,0.7674259235025713,1.0,0.7515212768850296,0.8079422742016231,0.9354826436981474,0.7932344203206528,0.7721566756459315,1.0,0.7565755429049508,0.8042272447098734,0.9354826436981474,0.7890909765852887,0.0833983523065537,0.0828809519180554,0.0811143431836685,0.08356213768195254,5
20,5,0.790750885270196,0.981822561389057,0.7314004381439325,0.7996803254028746,0.9321075588639411,0.7456113128543199,0.8031111607231867,0.981822561389057,0.7476000470326251,0.8018256045733286,0.9422336008042713,0.7444981084706468,0.7997113116722031,0.981822561389057,0.7431441410848979,0.8012736910022042,0.9422336008042713,0.743720852868107,0.7989070805735107,0.981822561389057,0.742090100719496,0.8063744148001261,0.9422336008042713,0.7509041626404436,0.05363583510122004,0.047624804952155826,0.046891780161696456,0.04812225577123136,5
20,5,0.7432552702325691,1.0,0.7239917552983839,0.7677624904521535,1.0,0.736980254323086,0.7577905756055563,1.0,0.739617642247784,0.7628635840558752,1.0,0.7314320157247959,0.7470088342391772,1.0,0.7280269485963246,0.7578590640623227,1.0,0.7257641648315359,0.7659368232734706,1.0,0.7483751015411545,0.7670482333293369,1.0,0.7361713250198184,0.03922980206750108,0.04180968550217874,0.03934101464974393,0.04269718688266081,5
20,5,0.8337587400939616,0.9491196095802051,0.7598862139474833,0.806567447260545,0.9343971977628502,0.745867969223682,0.8291150155480635,0.9491196095802051,0.7522688323507878,0.8045161810947873,0.9343971977628502,0.7428426670053866,0.8312083965628647,0.9491196095802051,0.7557027315537678,0.806567447260545,0.9343971977628502,0.745867969223682,0.8357651859691214,0.9661548241039075,0.7522688323507878,0.8031809779895537,0.9343971977628502,0.7408734477087545,0.03971920772008258,0.04092777147695026,0.04027404360505588,0.04334563707429542,5
20,5,0.842699798388634,0.9692701773343899,0.8023318732521132,0.7908059120494185,0.9370966089780037,0.746198502265766,0.8441515153774294,0.9692701773343899,0.804246595907884,0.7912332462789919,0.9370966089780037,0.7467561405645207,0.8471939007665669,0.9692701773343899,0.8082593093204351,0.7914930216390117,0.9370966089780037,0.7470951274272497,0.8504365831893811,0.9692701773343899,0.8125362018196984,0.7936091631263554,0.9370966089780037,0.7498565292931958,0.029792230452370224,0.03028951029975625,0.02927860827914883,0.032039541210600854,5
20,5,0.8540564266177428,0.9257747648229585,0.7246583712708597,0.8656483953199845,0.9094132973835894,0.7808722070332969,0.8560519086917829,0.9239796940483003,0.7334929711993547,0.8720275585714494,0.9071634840829511,0.8039664023403426,0.8529014801544123,0.9239796940483003,0.7246583712708597,0.8749423410654684,0.9115829953571326,0.8039664023403426,0.8562638565596762,0.9107206410369043,0.7580100181671235,0.875232627790814,0.9071634840829511,0.8133799523011428,0.0327793852224869,0.03409882200478973,0.032185939130254984,0.035138995820736145,5
20,5,0.8086322881520355,1.0,0.7935650424798856,0.7857616912597839,0.9111015586231451,0.7700860806786476,0.8018847646732985,1.0,0.7862862559528998,0.7902135240450654,0.9111015586231451,0.775094681223321,0.804902168462063,1.0,0.7895412335922286,0.7866860566668835,0.9111015586231451,0.7711260516983997,0.80931962134663,1.0,0.794306492526281,0.7936667856042171,0.9111015586231451,0.7789798243902547,0.049268393695454965,0.05135469593510569,0.0498396626902378,0.052477312312230635,5
20,5,0.8184900440872312,0.9439390594545493,0.7316200971110822,0.761402264827898,0.9082019539936046,0.6772641570317232,0.8280877128560524,0.9349430683152606,0.7540933571755434,0.7601850971395946,0.9082019539936046,0.6753493707943172,0.828949791373379,0.9439390594545493,0.7493229278879296,0.761402264827898,0.9082019539936046,0.6772641570317232,0.8302706490789539,0.9349430683152606,0.7577879158960826,0.7657763246441344,0.9235484574512187,0.6753493707943172,0.04915572339250684,0.04576472345466405,0.046854570147938125,0.04676078019334223,5
20,5,0.8574981762020211,1.0,0.8261742014865968,0.809704906823505,0.9790752710957144,0.7724374889889246,0.8581832162264886,1.0,0.8270098232779048,0.809704906823505,0.9790752710957144,0.7724374889889246,0.8581832162264886,1.0,0.8270098232779048,0.809704906823505,0.9790752710957144,0.7724374889889246,0.8647475848608572,1.0,0.8350171356700823,0.8128220261405331,0.9790752710957144,0.776240483833983,0.03509569314234584,0.034136336279530805,0.03392212565764176,0.0344221340325558,6
20,5,0.7522675124248228,1.0,0.7439860121206736,0.7525059428610874,1.0,0.7432094260665456,0.7491388106207073,1.0,0.7407527203001418,0.7525059428610874,1.0,0.7432094260665456,0.7522675124248228,1.0,0.7439860121206736,0.7525059428610874,1.0,0.7432094260665456,0.7491388106207073,1.0,0.7407527203001418,0.7435175163112661,1.0,0.7338833709718495,0.05743750922620874,0.060809761724217114,0.059733157367311426,0.06382081886911069,6
20,5,0.8482182128988378,1.0,0.8225335385291702,0.7937526011560492,1.0,0.745743873993896,0.8473399223248919,1.0,0.8215066226963933,0.8012935161477658,1.0,0.7550401067855922,0.8471433680411121,1.0,0.8212768072890541,0.8039192858788,1.0,0.7582770835588215,0.8556873047230025,1.0,0.8312665579628639,0.7991900035110195,1.0,0.752446954207563,0.038289363013168785,0.03687044778026119,0.03662691772911911,0.03724294391495363,6
20,5,0.7888995763237214,0.9249748073634763,0.7761379320181481,0.7277658872798115,0.9733571941730296,0.7035416190610132,0.7924244853911184,0.9249748073634763,0.7799934202466744,0.7322382825570194,0.9733571941730296,0.708455155778226,0.7910058793289184,0.9249748073634763,0.7784417720001091,0.7277658872798115,0.9733571941730296,0.7035416190610132,0.7924244853911184,0.9249748073634763,0.7799934202466744,0.7322382825570194,0.9733571941730296,0.708455155778226,0.07206911559674804,0.07495208806683064,0.0733619029852561,0.07737406865938189,6
20,5,0.8401751225491847,0.969743576751315,0.8046805607886341,0.772134231922423,0.9911566627756656,0.7076585446629705,0.8429947024979707,0.969743576751315,0.8082725490774536,0.7799326407754112,0.9911566627756656,0.71775264427406,0.8359056180648851,0.969743576751315,0.799241449153133,0.7769616570708979,0.9911566627756656,0.7139070642305375,0.8429947024979707,0.969743576751315,0.8082725490774536,0.7802133158506804,0.9911566627756656,0.7181159443037876,0.048663973681387265,0.04165090077933536,0.04068369224339506,0.04173240669256653,6
20,5,0.8184197122197661,1.0,0.8001092102443108,0.8482912284776642,1.0,0.8385314832443429,0.8160892209345929,1.0,0.797543712914139,0.8536244695911623,1.0,0.844207823006741,0.8160892209345929,1.0,0.797543712914139,0.8566435391668418,1.0,0.8474211156955909,0.8197612384456094,1.0,0.801586015574008,0.8553602551636492,1.0,0.8460552753259634,0.03201996041531491,0.030693742745386526,0.029770123134819783,0.030163251721827017,6
20,5,0.8675181998043094,0.9714059401964551,0.8001902020774702,0.855104152596706,0.9632384919607927,0.7804660936679315,0.8721479993961585,0.9714059401964551,0.8078205013935318,0.864027761280931,0.9632384919607927,0.7955490855300384,0.8679499632087233,0.9714059401964551,0.8009017845000007,0.860327666641704,0.9632384919607927,0.7892950576689624,0.8801877057003057,0.9714059401964551,0.8210706139085255,0.8672417546530781,0.9632384919607927,0.8009814882263441,0.025822237033020945,0.0226370861165401,0.020341626574692042,0.023744248580707988,6
20,5,0.8066951319593728,0.9856915631849348,0.7660494350448339,0.8070176924123068,1.0,0.7604402465983918,0.8126784859869033,0.9669685391827892,0.7776430012222634,0.811248244046949,1.0,0.7656918674283846,0.8099979523388579,0.9669685391827892,0.7743537841637071,0.8105249421164676,1.0,0.7647939922072469,0.8134584096824906,0.9669685391827892,0.7786000264495979,0.811248244046949,1.0,0.7656918674283846,0.03193368925356451,0.032450508680608205,0.03136268738993798,0.03344538290151385,6
20,5,0.8761946481072482,0.9797622109791074,0.863888219849122,0.8736180930130931,0.9867878552223366,0.8560034721714554,0.8777871318265845,0.9797622109791074,0.8656699306401475,0.8849689900249069,0.9867878552223366,0.8691211109628083,0.8812540084801108,0.9797622109791074,0.8695487593338043,0.8810863360412892,0.9867878552223366,0.8646341305544852,0.8820893501143369,0.9797622109791074,0.8704833605393436,0.8808463018310749,0.9867878552223366,0.8643567355553162,0.021770484212890462,0.019549578061519534,0.01934318178212667,0.02018033448278912,7
20,5,0.7733761151676759,1.0,0.7340334238192392,0.8406082953718038,1.0,0.8098901202131336,0.7733761151676759,1.0,0.7340334238192392,0.8338519741337259,0.9791028727907022,0.8058590333636454,0.7733761151676759,1.0,0.7340334238192392,0.8446838030203601,1.0,0.8147510649589395,0.7719751609380751,1.0,0.7323892590829909,0.8329562384754815,0.9791028727907022,0.804790670372567,0.05691461394960348,0.056179676859760545,0.055559088461860216,0.05694773467447058,7
20,5,0.830872832712863,0.9211126936393316,0.7954562913680769,0.7834363651746175,0.9032433365289008,0.7408141244872473,0.8334931682297745,0.9358048505420734,0.7933387853498985,0.7866491942604218,0.9032433365289008,0.745169941940378,0.8268076054368356,0.9288180436914361,0.7867714521565493,0.7834363651746175,0.9032433365289008,0.7408141244872473,0.8326466569116252,0.9358048505420734,0.7921600427673139,0.7929911992556016,0.8908902324013206,0.7581628741036489,0.029775851924194807,0.030616984201097788,0.02996883252266413,0.032061139413066236,7
20,5,0.8424286675941811,1.0,0.8280325875944644,0.831845914500981,0.9651490622578982,0.8200160823255558,0.8541576955753997,1.0,0.8408332065977203,0.8326023306110816,0.9651490622578982,0.8208396256999998,0.8468386981966828,1.0,0.8328455287542704,0.8358314920513973,0.9651490622578982,0.824355355301301,0.8591048934202862,1.0,0.8462323918369,0.8351789125868041,0.9651490622578982,0.8236448634342092,0.02962584105699922,0.029700710798232076,0.030142784262336443,0.031076778949783307,7
20,5,0.7836720139329604,0.8656455277108124,0.7616659543350799,0.7837719828118684,0.953243101153264,0.7463717502068564,0.7889923390676621,0.8656455277108124,0.768414538264587,0.7841745867323102,0.953243101153264,0.7468632039585825,0.7836720139329604,0.8656455277108124,0.7616659543350799,0.7771271891615619,0.953243101153264,0.7382605307102699,0.7935740836180385,0.8656455277108124,0.7742262672207937,0.7789689882762963,0.9683389182761682,0.7371773278464491,0.03726567406201522,0.03779558291343271,0.035633160509657216,0.0393875736401807,7
20,5,0.7990267555560233,0.9020126727658838,0.7963044689441058,0.7960349167803215,1.0,0.7903536929862297,0.7946339979219874,0.9020126727658838,0.7917955949941645,0.7984122403659369,1.0,0.7927972343141549,0.7983366387686537,0.9020126727658838,0.7955961098985534,0.7995227029453098,1.0,0.7939386276113193,0.803109698938539,0.9020126727658838,0.8004953391423314,0.8015090759938311,1.0,0.7959803289035237,0.10544288348035229,0.10069231584302993,0.10157897609101171,0.09851740691320625,7
20,5,0.7787085260400969,0.9891435529380999,0.7367304439974792,0.8546594586610434,0.9733989114796123,0.8311878104754228,0.7959120089271191,0.9891435529380999,0.757365718762002,0.853637811423759,0.9733989114796123,0.8299642106103123,0.7882186390602447,0.9891435529380999,0.7481376570892222,0.8569970224337181,0.9733989114796123,0.8339874487581385,0.7925557957746164,0.9891435529380999,0.7533400001894887,0.8457041688027886,0.9733989114796123,0.8204622967533747,0.04961548461200732,0.04967662970665895,0.04774179455001424,0.050899192745617425,7
20,5,0.7873891875117643,0.901004267278924,0.7477307319094024,0.8032956884555155,0.8944812997259655,0.7700122268133177,0.7982099728102842,0.8910179641164719,0.7658144350849767,0.8066165626957158,0.8944812997259655,0.7745452461370713,0.8007938589302528,0.901004267278924,0.7658144350849767,0.8104308980590701,0.8944812997259655,0.7797518437552691,0.797754301147716,0.9013845653336625,0.7615811431505383,0.8086643250375287,0.8944812997259655,0.7773404577574105,0.05099593556809082,0.04474885354473285,0.04345950726568648,0.04363387337119218,7
20,5,0.7934876044614698,0.8947159529375555,0.7781113410165934,0.7850056099740269,0.8990399683543102,0.7676538085479694,0.7955323796242496,0.8947159529375555,0.7804667110084085,0.7923029536334637,0.9268291421994299,0.771833055404926,0.7918231980122749,0.8947159529375555,0.7761941165334441,0.7886329154265062,0.8990399683543102,0.771833055404926,0.7955386520242994,0.918768688280842,0.7768204023410114,0.7942322845385721,0.9268291421994299,0.7740559589422313,0.030535064017823896,0.02978301397049954,0.030325268550976354,0.030562703042309167,8
20,5,0.7827364470010663,0.9356727619719035,0.7329551347900269,0.7321045843262024,0.910232123338806,0.6889586539085514,0.7986789557842213,0.9512873396150209,0.7490043863207697,0.7491736785840659,0.910232123338806,0.7101622124790329,0.7851634026672047,0.9356727619719035,0.7361720731215736,0.7476392232598527,0.910232123338806,0.7082560824378472,0.8013929687722341,0.9512873396150209,0.7526018201491947,0.7478401743104971,0.910232123338806,0.7085057077142546,0.06857946253605825,0.06870121254694501,0.06742768882326507,0.06992506989737221,8
20,5,0.8653313501989228,0.9386507715385222,0.8334572672554503,0.7861091457341198,0.9211239338587652,0.7452881403415974,0.8528868618836293,0.9399439595582206,0.8150406118532948,0.7939487410606048,0.9394045360626235,0.7499709525929488,0.8553132289138715,0.9283835919872119,0.8235474188357796,0.7930158438047623,0.9394045360626235,0.7487559987976682,0.8466011538709055,0.9399439595582206,0.8060223239197882,0.7939487410606048,0.9394045360626235,0.7499709525929488,0.04984622553221654,0.050436413498235425,0.049260547437474975,0.051997639168197135,8
20,5,0.8086521115939699,0.9435679296211739,0.7936298225514037,0.7813708078778648,0.9099932490448936,0.7686163679962378,0.8033446011600023,0.9435679296211739,0.787731343934451,0.7829678689632308,0.9583401018154685,0.7655776330096471,0.8033446011600023,0.9435679296211739,0.787731343934451,0.7824138238235805,0.9216205590866551,0.7686098257038063,0.8033446011600023,0.9435679296211739,0.787731343934451,0.7860022637178201,0.9583401018154685,0.7689129239773965,0.055534125060725026,0.053483401726673534,0.05393334439768359,0.053483191180291656,8
20,5,0.8350885156673435,0.9001624888887082,0.8309368163446362,0.8257013354822703,1.0,0.8105762554425705,0.8345439287975341,0.9406512134333389,0.8277743169243167,0.8222158614997109,1.0,0.8067883231875489,0.8350885156673435,0.9001624888887082,0.8309368163446362,0.8222158614997109,1.0,0.8067883231875489,0.8345439287975341,0.9406512134333389,0.8277743169243167,0.822085667143054,1.0,0.8066468309814759,0.03577884077598013,0.035255068594884746,0.03473735361875857,0.035428410074456795,8
20,5,0.7799185798681836,0.8821901446549715,0.7369614073056306,0.7945790940660318,0.880240303395494,0.7572921003019801,0.7808106838856967,0.8726525008449391,0.742234323117173,0.7975537505513787,0.8917560984897481,0.7565489318285019,0.7803521159206552,0.8821901446549715,0.7375770417063275,0.7975537505513787,0.8917560984897481,0.7565489318285019,0.7698084029608596,0.8726525008449391,0.7266107490571889,0.7975537505513787,0.8917560984897481,0.7565489318285019,0.04441194285344708,0.04637517769183162,0.04512583030779425,0.047939038999825934,8
20,5,0.8430711050279897,0.9623639444946606,0.8063974431416724,0.8211999582174943,0.9412623783451836,0.7929639946412447,0.8421967972767491,0.9623639444946606,0.8052543508850338,0.8215416365563435,0.9412623783451836,0.7933860279914313,0.8430711050279897,0.9623639444946606,0.8063974431416724,0.8211999582174943,0.9412623783451836,0.7929639946412447,0.8440359575278884,0.9614204554009974,0.8079489685272093,0.8193128284749518,0.9412623783451836,0.7906330546988295,0.03240860386040843,0.030594938592872135,0.030891467300177437,0.031245434669927366,8
20,5,0.8084497063214492,1.0,0.7894641215324192,0.7945848769465994,0.9750783733243845,0.7751118236323028,0.8155014828659514,1.0,0.7972148377596951,0.802154245195977,0.9750783733243845,0.7834978346662336,0.8112741983630515,1.0,0.7925685642444797,0.8069669485117003,0.9750783733243845,0.7888297701434126,0.8073150374070938,1.0,0.788216989449946,0.8117885096466827,0.9750783733243845,0.794171519090831,0.03859786732622338,0.035342013326552624,0.035625240945777736,0.03502125141011636,8
20,5,0.8331599358053714,1.0,0.8172906219440762,0.7651923268327372,0.962479493803257,0.7505608021105374,0.8444002401645161,1.0,0.8296000694891386,0.760089834537972,0.962479493803257,0.7450798906651397,0.8467594188702802,1.0,0.832183646018755,0.7635927928225226,0.962479493803257,0.7488426409145112,0.8467594188702802,1.0,0.832183646018755,0.7712950506674279,0.962479493803257,0.7571161258584976,0.045291105456467244,0.04437930636228191,0.04395559428307068,0.04431879586371698,9
20,5,0.8091046231684341,0.9291321144349703,0.8063918975844936,0.7585812651562318,0.8919583909550326,0.7556405826248435,0.7987270723355323,0.9291321144349703,0.7957798050866283,0.7565139925677463,0.8919583909550326,0.7535277310635606,0.802544280201347,0.9291321144349703,0.799683285166646,0.7565477172468881,0.8919583909550326,0.7535621993002969,0.7987270723355323,0.9291321144349703,0.7957798050866283,0.749098010130254,0.8919583909550326,0.7459482419537179,0.05612341744585663,0.05533993305957405,0.055386431809587015,0.055422109092558965,9
20,5,0.7699671598054778,0.9267618225742279,0.7523564883861101,0.7040374102103681,0.8446099305796817,0.6935274170949719,0.7773270779259595,0.9267618225742279,0.7605430488004333,0.7050135343101159,0.8446099305796817,0.6945765217284767,0.7738562468314955,0.9267618225742279,0.7566823851384737,0.7017485949944761,0.8446099305796817,0.6910674771663817,0.7773270779259595,0.9267618225742279,0.7605430488004333,0.7086732879062373,0.8446099305796817,0.698509899109661,0.04402542426563978,0.04063134990464112,0.042032081812591986,0.04120145383254876,9
20,5,0.8236175616111865,0.9756306752927231,0.8013540506056127,0.8340123505852458,0.9530075720304724,0.8152021057511032,0.8212550041642245,0.9756306752927231,0.7986454781179226,0.8281240396912876,0.9530075720304724,0.8083829963912093,0.8280996255907018,0.9756306752927231,0.8064925479566903,0.832775423731894,0.9530075720304724,0.8137696509036781,0.8300096334901325,0.9756306752927231,0.8086822914714231,0.828888479640119,0.9530075720304724,0.8092682756680732,0.05130520921534022,0.05040934198866755,0.05027475820112294,0.0507619937084538,9
20,5,0.7873263736088053,0.9743200936398979,0.7661645821784778,0.7249107416745192,0.924159342264372,0.7046458239265958,0.7842677838450979,0.9743200936398979,0.7627598565197268,0.7249992647621704,0.924159342264372,0.704743350405411,0.7910213604058767,0.9743200936398979,0.7702777249431638,0.7276975216238957,0.924159342264372,0.7077160380696805,0.7820424446005341,0.9743200936398979,0.7602826790586317,0.722000866200087,0.924159342264372,0.7014399946187538,0.05782093674567787,0.05601444363157358,0.055517088141177735,0.05558820501789875,9
20,5,0.7876191354907915,0.9480066777030469,0.7613804802880443,0.8036235762144729,0.8653971194255207,0.794431278173395,0.7998991183961777,0.9213232341095267,0.7800346983698099,0.810799365552885,0.8936891544936375,0.7984648351876399,0.7889259657204147,0.9213232341095267,0.7672663890031023,0.8043835629581908,0.8653971194255207,0.795304355801857,0.7968092709337773,0.9213232341095267,0.7764393662477113,0.810799365552885,0.8936891544936375,0.7984648351876399,0.04074266768121753,0.03523582640120394,0.036525761125025806,0.03414970415844735,9
20,5,0.7997776383846266,0.9714422905937801,0.7687104158185876,0.7859939819646964,1.0,0.7470890812124852,0.8067132277256434,1.0,0.7717329152615346,0.7822626318652808,1.0,0.7426793959586555,0.8106627078580814,1.0,0.7763971574414621,0.7816543912900559,1.0,0.7419605812069197,0.8091803367880974,1.0,0.7746465124352658,0.7814371628530711,1.0,0.7417038620543978,0.044859449770714536,0.04674641529113719,0.04560840234499161,0.04951402008748523,9
20,5,0.8049113027968813,0.9367933069488145,0.7866161348020121,0.7314489606962821,0.8632257426375697,0.71723779248997,0.8031911127051692,0.9367933069488145,0.7846573134663076,0.7566620899902016,0.8930576552377694,0.7419528195726572,0.8049113027968813,0.9367933069488145,0.7866161348020121,0.7489517341725569,0.8930576552377694,0.7334109579173309,0.7965109514255384,0.9367933069488145,0.7770504550711033,0.7590915050838891,0.8930576552377694,0.7446442294277187,0.03605643016391189,0.036142678203566155,0.035204748730038,0.036861949551994636,9
20,5,0.8148749599656059,0.8730468731478573,0.8002950092564503,0.7849244877234887,0.9159112551485509,0.7497681294469496,0.8142936048795449,0.8730468731478573,0.7995679459061157,0.7899205146119344,0.9159112551485509,0.75610507125911,0.8142936048795449,0.8730468731478573,0.7995679459061157,0.793444688582901,0.9159112551485509,0.7605751203378277,0.8206657573872886,0.8901171947703193,0.8032587566831494,0.7819699051901895,0.9159112551485509,0.7460205480165848,0.03666466665479488,0.037663743907641524,0.03702349324380146,0.039577799092498755,10
20,5,0.8839344310705437,1.0,0.8483606876938218,0.8698601957360257,0.990074848874378,0.829833001141558,0.8839344310705437,1.0,0.8483606876938218,0.863360162457792,0.989478775231818,0.8213671597438847,0.8824505931308345,1.0,0.8464220579449072,0.8670228653403949,0.990074848874378,0.8260509408572672,0.8824505931308345,1.0,0.8464220579449072,0.8596605754001554,0.989478775231818,0.816435742063198,0.044317300014666175,0.04446041667598635,0.043416759550911226,0.04618848776535663,10
20,5,0.770531357716588,0.9708885596420228,0.7046087244109803,0.7653499448779891,0.9715115010967127,0.7050074642172693,0.7628772511397333,0.9594945069719923,0.698185155556323,0.792123060160828,0.9715115010967127,0.7396169395898037,0.7633928183459935,0.9594945069719923,0.6988703575326642,0.792123060160828,0.9715115010967127,0.7396169395898037,0.7668910081954986,0.9594945069719923,0.7035195411296672,0.7944303015147356,0.9715115010967127,0.7425994992199765,0.048001651120389434,0.05293927976973723,0.04928254752983218,0.053410921776173625,10
20,5,0.8370928286391484,1.0,0.783722456369985,0.7330978678376356,0.9945273819606497,0.6495253816501035,0.8364809103114971,1.0,0.7829100661498303,0.7301327302246676,0.9945273819606497,0.645612363599706,0.8394096957421837,1.0,0.7867983573372405,0.7342750134766438,0.9945273819606497,0.6510788313494498,0.8392439164796004,1.0,0.7865782667703437,0.7367391835393038,0.9945273819606497,0.6543307350358984,0.03394922316092397,0.03523839347349253,0.03508491406719861,0.03802957967723811,10
20,5,0.8528784737895376,0.9725008872090726,0.8353312153169982,0.824319203462812,1.0,0.7956515144674992,0.8538335859513273,0.9725008872090726,0.8364264316573786,0.8266750542802687,1.0,0.7983917943169583,0.8547907230099443,0.9725008872090726,0.837523969924106,0.82953795911571,1.0,0.8017218695379132,0.8581040465238179,0.9725008872090726,0.8413233206166588,0.8197593508153231,1.0,0.7903475825572833,0.03871544003737673,0.03268482505548403,0.031879282507765644,0.03328123899276922,10
20,5,0.8217477038484304,0.8816414913374707,0.8125941140905099,0.8000579405688902,0.9222317608796504,0.7799336211502459,0.8080821290642541,0.8816414913374707,0.7968400244431946,0.8167016563802407,0.9222317608796504,0.7993188690872907,0.8080821290642541,0.8816414913374707,0.7968400244431946,0.8103577694083319,0.9029387084490572,0.7951079525114341,0.8118435516902297,0.8816414913374707,0.8011763066842956,0.8091594093305787,0.9029387084490572,0.7937122000551671,0.057150812876484165,0.04836806888464834,0.04775453087274036,0.04783087164781612,10
20,5,0.7536028811216953,0.8741030343439253,0.726498327792494,0.71931169951233,0.8207812010178113,0.6983079086069889,0.7669944715414505,0.8331952559593653,0.7521036797564711,0.7350127847445164,0.865113038208698,0.7080825398931023,0.7564103284300677,0.8618938984771064,0.7326835117145596,0.7242968307058342,0.8207812010178113,0.7043249425069276,0.7740736618405565,0.8331952559593653,0.7607752189933897,0.7458672164367963,0.8882236601276089,0.7163999880287779,0.0968996295420839,0.09815874135589359,0.09548244183216317,0.09897635176765786,10
20,5,0.8175244983620137,0.9518929783197232,0.7000927836721912,0.8006782811164949,0.8890291568188281,0.7253293266026254,0.8236861520923221,0.9604177999748886,0.704189140082746,0.8037481833529151,0.8956986916269036,0.7253293266026254,0.8229713549428916,0.9518929783197232,0.7102999360319849,0.8008629279690181,0.8828573860880307,0.7309349657831756,0.8198219864676815,0.9604177999748886,0.6969478759355217,0.8122185392960664,0.904174568237833,0.7337949743123607,0.07963719631341064,0.07683482462738843,0.076022417549857,0.0761489387736949,10
20,5,0.8334631513490758,1.0,0.8149090153785021,0.7788502708309382,0.9738721061388502,0.7501914406303222,0.8296872232130867,1.0,0.8107124050654587,0.7794419367374952,0.9738721061388502,0.7508700529689274,0.8296872232130867,1.0,0.8107124050654587,0.7846742630292309,0.9738721061388502,0.756871279576427,0.824469014774603,1.0,0.8049128277006699,0.7788272005254394,0.9738721061388502,0.7501649800994832,0.026649234872956132,0.026461052698065316,0.026276216565665773,0.027059999759265797,11
20,5,0.7029796220239887,1.0,0.6882688086951058,0.7658220958096184,1.0,0.7491823184580827,0.7144074394444584,1.0,0.7002626225969435,0.759374499365847,0.9585691220962648,0.745220498870725,0.7119960533978139,1.0,0.6977318055192103,0.7658220958096184,1.0,0.7491823184580827,0.7131297221955085,1.0,0.6989216226195005,0.7590983430777101,1.0,0.7419808018277717,0.12749960029354873,0.12289719264318512,0.1227305022544893,0.12068182979993308,11
20,5,0.8189990993222742,0.9844938095745813,0.7679301698559154,0.8023223094876895,0.9263254392353752,0.7588339845415417,0.8327011378111119,0.9844938095745813,0.7858604307215586,0.799461561508976,0.9263254392353752,0.7549699623878904,0.8327011378111119,0.9844938095745813,0.7858604307215586,0.8011008369529498,0.9263254392353752,0.7571841373793905,0.831441978489275,0.9844938095745813,0.7842127156658513,0.7892890907438812,0.9263254392353752,0.7412299710687763,0.016295818407812596,0.015066815754506581,0.015132739411513847,0.015626452035450246,11
20,5,0.7661199232705533,0.898404365856524,0.7579404474844905,0.6780572920399563,0.9096830318991367,0.6637589514304103,0.7699940831086806,0.898404365856524,0.7620541562519388,0.6878138735684518,0.9096830318991367,0.6741178102617826,0.7660835053560906,0.898404365856524,0.7579017777598852,0.683792901917999,0.9096830318991367,0.6698486225785417,0.7707871187033044,0.898404365856524,0.7628962272079166,0.6850508704873701,0.9096830318991367,0.6711842460022129,0.22227530704456147,0.2200693811242043,0.21408496768704524,0.21601964047090227,11
20,5,0.768122899747639,0.9266309676456421,0.7602525888661833,0.7757232759667269,1.0,0.7613624051101948,0.7770151231864372,0.9266309676456421,0.7695863328144341,0.7754739575656875,1.0,0.7610971223714609,0.7665362450263848,0.9266309676456421,0.7585871528810892,0.7754739575656875,1.0,0.7610971223714609,0.77350988159375,0.9266309676456421,0.7659070474559319,0.772071445593491,1.0,0.7574767410005064,0.07914775952982218,0.08665164690895429,0.08092572317593158,0.08916211130762614,11
20,5,0.771201275932173,0.9336539848586696,0.7406417244883882,0.7887395000066074,0.9777740101741731,0.7587132693883394,0.7671062666688941,0.9336539848586696,0.7357763886046982,0.7932374496567163,0.9777740101741731,0.7639256730996871,0.7710900010134772,0.9336539848586696,0.7405095172526831,0.8006164148008279,0.9777740101741731,0.7724767126388119,0.7751370867864815,0.9336539848586696,0.7453179145894944,0.7975857607916006,0.9777740101741731,0.7689646697227411,0.05168068207590425,0.053703084520324226,0.051871822825195486,0.055298559960097915,11
20,5,0.8303559931283014,0.958326413013576,0.800729393803378,0.763707465522769,0.9403284573416655,0.733339266074775,0.8342306415082127,0.958326413013576,0.8055010670987307,0.7535872249962139,0.9403284573416655,0.7214789521877032,0.8305805486402206,0.958326413013576,0.8010059364556361,0.7604672961969415,0.9403284573416655,0.7295419822897959,0.8377211268131326,0.958326413013576,0.8097996392230196,0.7566794504187548,0.9403284573416655,0.7251028546062955,0.09630265413443352,0.09955189805587611,0.09352593501849253,0.09725760298485107,11
20,5,0.8486869508583144,0.9522395633942137,0.8268361289804254,0.8156391298549824,0.9650858056600603,0.789796981691458,0.8500754908592295,0.9522395633942137,0.8285176672890346,0.8124502714924408,0.9556142639932581,0.7876945177364102,0.8527238409767356,0.9522395633942137,0.8317248504989251,0.8107929331932963,0.9650858056600603,0.7841127862486934,0.8355369993721151,0.9522395633942137,0.810911382724773,0.8118728987114191,0.9556142639932581,0.7870173063148007,0.026294583005303733,0.02765170601726087,0.02577303659188785,0.028437369724880174,11
20,5,0.8127569168249127,1.0,0.7459215640753699,0.8070102543618081,0.970602056260073,0.7443386882264742,0.8062152058754547,1.0,0.7370448266379975,0.8118149080401929,0.9799612621274768,0.7473985055779846,0.8091647484370381,1.0,0.7410471916281076,0.8103096013979753,0.9799612621274768,0.7453165201310405,0.8137774694161541,1.0,0.7473063971050576,0.8191055765909067,0.9799612621274768,0.7574822090543177,0.04652956020759599,0.04421600854718512,0.04320983110501408,0.04679143022783254,12
20,5,0.7718901875210362,1.0,0.7611447334357261,0.7984898726850459,0.8976487365547089,0.7906392114024539,0.7696051323932006,1.0,0.7587520373664872,0.7859884695115731,0.9304655970949691,0.7745498451922188,0.7696051323932006,1.0,0.7587520373664872,0.7939995544527706,0.8976487365547089,0.7857933831722123,0.7648191084219002,1.0,0.7537405605736887,0.7789266657925463,0.8976487365547089,0.7695271353022941,0.0510539954426389,0.051321936092624525,0.05056171356764463,0.05177632971297167,12
20,5,0.7519508540298563,0.8997276520321846,0.731672916524022,0.7870825563698823,0.9740531457194823,0.7595111481997199,0.7573800356439728,0.8997276520321846,0.7378470906333552,0.7816893482946526,0.9740531457194823,0.7533226367470658,0.7573800356439728,0.8997276520321846,0.7378470906333552,0.778277095743253,0.9740531457194823,0.7494072002018538,0.7573800356439728,0.8997276520321846,0.7378470906333552,0.7866212858722204,0.9740531457194823,0.7589818569656834,0.05193684524344309,0.0515713847411182,0.05182331238972375,0.052485853453702554,12
20,5,0.853345051292347,0.9741400338195447,0.8268625460243072,0.8215941515804739,0.9765082360288245,0.7889744445362098,0.8497974754512897,0.9741400338195447,0.8225372168864322,0.8253859476868659,0.9765082360288245,0.7935646656444505,0.8465702292707745,0.9741400338195447,0.8186024449280354,0.8258251470266385,0.9765082360288245,0.7940963456250146,0.8602323388043374,0.9741400338195447,0.8352597689988713,0.8193571805394418,0.9765082360288245,0.7862664424699174,0.0484522820940356,0.047077828568945594,0.045860137935511754,0.04961367431808035,12
20,5,0.7802396981532043,1.0,0.7665046499777642,0.7207703136810591,0.7082952115170296,0.7211610782130146,0.7694548526681219,1.0,0.7550457502114608,0.7163540952150974,0.7082952115170296,0.7166065280909931,0.7735474737734586,1.0,0.7593941606817247,0.7163540952150974,0.7082952115170296,0.7166065280909931,0.7704715032592729,1.0,0.7561259416001521,0.7141155926336796,0.7082952115170296,0.7142979076538651,0.07142421733521294,0.07508243891990746,0.07254932501573179,0.07697795550739953,12
20,5,0.7632564636028186,0.893624651611691,0.75046922491413,0.7505732545964421,0.8789235951283445,0.7309721508218936,0.7559906465130711,0.9242191234441212,0.7394898596140043,0.740897919948735,0.8789235951283445,0.7198192412982862,0.7524688176497975,0.893624651611691,0.738623466504403,0.7439941077634542,0.8789235951283445,0.7233882654016376,0.7559906465130711,0.9242191234441212,0.7394898596140043,0.740897919948735,0.8789235951283445,0.7198192412982862,0.05348608916541442,0.05606599481009957,0.05370756858222147,0.056796969297172706,12
20,5,0.7357933288238334,1.0,0.733537900338218,0.681590063281719,1.0,0.679312110397214,0.733311335124834,1.0,0.7310347188347437,0.6836048937353476,1.0,0.6813413552528895,0.7369371849092512,1.0,0.7346915210733587,0.6879840308962256,1.0,0.6857518214238797,0.7374012017926082,1.0,0.7351594990864323,0.6775624186646301,1.0,0.6752556514008758,0.08931738671030479,0.08984063067731154,0.08903260690913385,0.09066898983915248,12
20,5,0.8674548265771654,1.0,0.8320733224693466,0.8404729435369601,0.9815761636758282,0.807372093336231,0.8731710385163194,1.0,0.8393154155174349,0.8501155064713276,0.9815761636758282,0.819276667236241,0.8731710385163194,1.0,0.8393154155174349,0.8501155064713276,0.9815761636758282,0.819276667236241,0.8731710385163194,1.0,0.8393154155174349,0.8461271274858301,0.9815761636758282,0.8143526700897068,0.05832265223757103,0.0568142081736448,0.05608455661193071,0.057532051208985885,12
20,5,0.8163765201663448,1.0,0.7853629066173595,0.8055806131017702,1.0,0.7709935755024421,0.8217203036529891,1.0,0.7916092437212993,0.7946210163128536,0.9875986028769534,0.7602904737223976,0.8217203036529891,1.0,0.7916092437212993,0.7990963955451887,0.9875986028769534,0.765562018976288,0.8206447914595001,1.0,0.7903520798154784,0.7840942886854759,0.9875986028769534,0.7478910505266678,0.06300816299874024,0.0631235222788982,0.060455469109648226,0.06444080209189829,13
20,5,0.7711729120350713,0.9683961294826245,0.7562738618945973,0.7171828924089036,1.0,0.6954160575000646,0.7672892630166351,0.9683961294826245,0.7520968261126625,0.7271963745950636,1.0,0.7062002208358384,0.7711729120350713,0.9683961294826245,0.7562738618945973,0.7191468289052627,1.0,0.6975311470926837,0.7672892630166351,0.9683961294826245,0.7520968261126625,0.7306909852191313,1.0,0.7099637918957604,0.045451691194516704,0.04096270634128052,0.04261344576821905,0.041257555601592805,13
20,5,0.8495182978233088,0.9349837871388751,0.841335144737546,0.7976369224478018,1.0,0.7771389754326989,0.8503216294516056,0.9349837871388751,0.8422153937946862,0.7907885432907082,1.0,0.7695969039538663,0.8467538769637359,0.9349837871388751,0.8383060359990582,0.794033865805191,1.0,0.7731709546620166,0.8577208278676016,0.9349837871388751,0.850323050956252,0.7873756339731421,1.0,0.7658382910860031,0.030608002963240788,0.030260179927462962,0.02962519328135072,0.03051556207585301,13
20,5,0.7671060769740944,0.9423101716079144,0.7528254245497371,0.7100617687707081,0.8708576551901881,0.6945438442411747,0.7681884379772479,0.9423101716079144,0.7539960073568162,0.7159752378515626,0.8289030866852282,0.7050769128103876,0.7604314291190394,0.9423101716079144,0.7456067350370243,0.7099152264581315,0.8289030866852282,0.6984320680512193,0.7610607320914832,0.9423101716079144,0.7462873316566735,0.7159752378515626,0.8289030866852282,0.7050769128103876,0.06664583715560396,0.06505832104707575,0.06440763797360959,0.06604326117509061,13
20,5,0.7812072648096222,0.9887563029428861,0.7229773044074607,0.8042436988567839,1.0,0.7419263787658347,0.8075496313799356,1.0,0.753555753861061,0.7904360541056016,1.0,0.7237231901029801,0.8054787225038829,1.0,0.7509038307681577,0.7956223086197461,1.0,0.7305604437458558,0.8146281567030904,1.0,0.762620230326077,0.7945400475583628,1.0,0.7291336542652577,0.06782688957890372,0.06663642951580381,0.06370195950031493,0.06832873232855882,13
20,5,0.77574081149111,0.9666996583099264,0.7574844854924732,0.7736101255497292,0.9366854670216676,0.7642196665169093,0.7857312434921386,1.0,0.7652464095329059,0.7794955136195951,0.9366854670216676,0.7704439561954641,0.7820914144355311,1.0,0.7612586002337292,0.7794955136195951,0.9366854670216676,0.7704439561954641,0.7912671112045124,1.0,0.7713115253389188,0.7837188923197416,0.9366854670216676,0.7749105320847491,0.07651542306487241,0.07375928469138218,0.07361203715847121,0.07456724200380811,13
20,5,0.790787093821154,0.8903140333317404,0.7521792926163552,0.7195652133162646,0.8406515600440747,0.6830056734311243,0.7992668522886591,0.8903140333317404,0.7639484602708405,0.7297120614816719,0.8406515600440747,0.6962161543696431,0.8027735213170584,0.8903140333317404,0.7688154120669527,0.7228727754700457,0.8406515600440747,0.6873118861656812,0.7939222943052672,0.8903140333317404,0.7565306783627004,0.738346394135101,0.8601482327285842,0.7015708261501175,0.05502572877114557,0.052362517824210045,0.05217818682902735,0.05352608559915352,13
20,5,0.7823944470982666,0.955305504672534,0.7282176480925591,0.7723827170504592,0.9803003253203815,0.7056094174885967,0.8099253206789714,0.9728576702985436,0.7588750681346781,0.7912395974230896,0.9912197063996757,0.7270154471251893,0.80225616499627,0.9728576702985436,0.7488029990015935,0.7906264254073978,0.9912197063996757,0.7262053532661411,0.8109168897088649,0.9728576702985436,0.760177317330354,0.7873887752417522,0.9912197063996757,0.721927923034795,0.05518500483926051,0.056392724764312875,0.05241748835486725,0.060024729862189215,13
20,5,0.7949343466034701,0.9088672562013573,0.7415283196708782,0.7691486234562843,0.9019157499604629,0.6959898345770432,0.7958138198929198,0.9217607129699305,0.7367762407817843,0.7705556632237756,0.8924895880262594,0.7033663032012748,0.8005086294195775,0.9217607129699305,0.7436717412669104,0.7683380905029078,0.8924895880262594,0.6999267793937032,0.7922029455309922,0.9217607129699305,0.7314727698373248,0.7705556632237756,0.8924895880262594,0.7033663032012748,0.060318276351827016,0.06122322108574999,0.05862987676450519,0.06082841674674804,14
20,5,0.7788988960873786,0.8207052068343483,0.7560671717367569,0.773908916158921,0.9147855355216232,0.706392456402407,0.7730645151342173,0.8150751242195267,0.7501212171177323,0.7703172857004739,0.9246977478369725,0.6963289808548329,0.7730645151342173,0.8150751242195267,0.7501212171177323,0.772462724496823,0.9246977478369725,0.699502641600353,0.7609519389479502,0.8039529922903063,0.7374677285702091,0.7675488844822556,0.9246977478369725,0.6922337970215484,0.07743867673723161,0.07553293860768694,0.07403870747216407,0.07460439797556014,14
20,5,0.7902526694965396,0.8553005476295512,0.775925253381151,0.7594079564715772,0.9581434409007463,0.7189461415027408,0.7877865657809168,0.8553005476295512,0.7729159667803742,0.7640071578840106,0.9581434409007463,0.7244817234366939,0.7888054016104479,0.8553005476295512,0.7741592109273159,0.7640071578840106,0.9581434409007463,0.7244817234366939,0.7885689774877331,0.8691475760525035,0.7708207719387126,0.7704555917516965,0.9581434409007463,0.7322430347642985,0.05937558616443188,0.05968818797084577,0.05829261898509938,0.06119523231077378,14
20,5,0.8471078002220678,0.9470053180120209,0.8029527664238989,0.7978726363172436,0.917838058773416,0.7547498375029934,0.8531820977831985,0.9470053180120209,0.811711923629649,0.8173516346256585,0.917838058773416,0.7812307610992035,0.8507313139115351,0.9470053180120209,0.8081778851678881,0.8207214611615986,0.917838058773416,0.7858119062699057,0.8531820977831985,0.9470053180120209,0.811711923629649,0.8169809979304211,0.917838058773416,0.7807268952508097,0.1598227806463922,0.16244622702927602,0.15878751788622658,0.16232680443457626,14
20,5,0.7483812189478724,0.8514905566856018,0.7391703605669148,0.7546504077884951,0.864353907399083,0.7437916070942765,0.75992212601067,0.8514905566856018,0.7517422281894013,0.7443369215862976,0.8756585021335297,0.7313382946047152,0.7553604131461571,0.8514905566856018,0.7467730130356534,0.7527257425054221,0.8756585021335297,0.7405574676524741,0.7675019359160902,0.8514905566856018,0.7599991499561252,0.7466161582428599,0.8756585021335297,0.7338431373419992,0.0813376080737877,0.08201236691944146,0.0802572847624662,0.0825572014910735,14
20,5,0.8271843624903177,1.0,0.8209759637394362,0.7526652932972764,1.0,0.7413918007637202,0.8197020160683465,1.0,0.8132248141532996,0.7744822516143542,1.0,0.7642031739769982,0.8163004037439233,1.0,0.8097009989656966,0.7617409935973252,1.0,0.7508811706248807,0.8197020160683465,1.0,0.8132248141532996,0.7761164111362862,1.0,0.7659118183353478,0.08838820592708692,0.08522298733044452,0.08255016100673081,0.08310959179147745,14
20,5,0.8350891421010145,1.0,0.798956543987322,0.8039361575268745,0.9573334068414536,0.7639860817706794,0.8414617856717935,1.0,0.8067254580766002,0.8124958818183584,0.9573334068414536,0.7747750613807879,0.8414617856717935,1.0,0.8067254580766002,0.8124958818183584,0.9573334068414536,0.7747750613807879,0.8357986465899153,1.0,0.799821503616557,0.7998494247813148,0.9573334068414536,0.7588350191006267,0.044145947019219145,0.043624628382220844,0.043884060232591116,0.04520909196872905,14
20,5,0.8005283983564814,0.8964903067326148,0.674234637431716,0.8340333944445756,0.9238692235944089,0.6797094945069372,0.805162319171793,0.8964903067326148,0.6849671790174626,0.8235188726957104,0.9238692235944089,0.6511326693584158,0.8093871750420223,0.8964903067326148,0.6947522925591516,0.8357049898071398,0.9238692235944089,0.6842526291863851,0.8014061319257103,0.8964903067326148,0.6762675405408558,0.8227840791630695,0.918485276127279,0.6583843949392579,0.037128536595205715,0.03887776847442895,0.03620608273539293,0.040757152918933844,14
20,5,0.8922395831351695,0.9691265238374659,0.8400100930228843,0.8695346837727195,0.9373204793173713,0.8178867579770231,0.8896224641558238,0.9691265238374659,0.8356151586095281,0.8641605065683842,0.9373204793173713,0.8084178422919749,0.8922395831351695,0.9691265238374659,0.8400100930228843,0.8641605065683842,0.9373204793173713,0.8084178422919749,0.8919978999165559,0.9691265238374659,0.8396042337925634,0.8600855760999178,0.9373204793173713,0.80123810638799,0.05106405896291339,0.03972436946841315,0.039124758679441304,0.040636311994256186,15
20,5,0.8426846053966247,0.9195163161406883,0.8149116228908632,0.8015017078373696,0.8868712454609783,0.7696864947977232,0.8430361158163245,0.92963195795902,0.8117336134301387,0.8147138219119362,0.9072626695632356,0.7802230493651539,0.8453703505054423,0.92963195795902,0.8149116228908632,0.819407953566381,0.9072626695632356,0.7866665731655507,0.8384996645295186,0.9180444084399143,0.8097459798900106,0.8182856069961308,0.9072626695632356,0.7851259545016382,0.03356593027608316,0.03368382005028466,0.033713138118303086,0.03485891267094663,15
20,5,0.8102627102237847,1.0,0.8070952393001465,0.7775983082407776,1.0,0.7762274303585177,0.8102627102237847,1.0,0.8070952393001465,0.7775983082407776,1.0,0.7762274303585177,0.8102627102237847,1.0,0.8070952393001465,0.7775983082407776,1.0,0.7762274303585177,0.8102627102237847,1.0,0.8070952393001465,0.779859004235407,1.0,0.778502061220787,0.04958596017410965,0.047990267226798035,0.048512078065581186,0.04745820361158052,15
20,5,0.7691349692184724,0.9031999319961668,0.7606716380912739,0.7310452416062548,0.8294610291294208,0.7240223357853596,0.7643263551429289,0.9539464849983416,0.7523559050409896,0.7325142174918612,0.8294610291294208,0.7255961371218151,0.7691349692184724,0.9031999319961668,0.7606716380912739,0.728500826384625,0.8294610291294208,0.7212963522511605,0.7685216632165721,0.9539464849983416,0.7568160569684795,0.7358879330896222,0.8294610291294208,0.7292105995296749,0.06446581812973741,0.06281510412710473,0.06327100442767292,0.0625995489627615,15
20,5,0.8201357185124389,0.9092506148982713,0.7776172878882258,0.8101311479348989,0.9245954891655518,0.7440108168706699,0.813411334752752,0.9092506148982713,0.767684571336017,0.8113947224213488,0.91941562451044,0.7489964442222455,0.81063489037663,0.9092506148982713,0.7635834319607893,0.805329499170366,0.9114814566938151,0.7440108168706699,0.8027649647114249,0.8974570012758488,0.7575855732671679,0.8123973155859592,0.9114814566938151,0.7551613577074741,0.062166829659797036,0.062123680752997866,0.06114812855918286,0.06333853246314948,15
20,5,0.8218628204593529,0.9431007977860024,0.8110506971470349,0.7660086236005941,0.8598128479779876,0.7614457652548862,0.8268893799478285,0.9431007977860024,0.8165255302064205,0.7789324095910741,0.8598128479779876,0.7749981946263675,0.8225613906923454,0.9431007977860024,0.811811566567691,0.7716506998183794,0.8598128479779876,0.7673622853447712,0.8330140133520263,0.9431007977860024,0.8231963645046707,0.7742759593671502,0.8598128479779876,0.7701152436994463,0.060518104238576335,0.057842190095335824,0.05871334918797051,0.05815895611511746,15
20,5,0.7541060790062537,0.8170897808293437,0.7283334244706348,0.7606678067095007,0.9305630263276796,0.7060842629384757,0.7467013481148714,0.8170897808293437,0.7178987101761037,0.7667954978017041,0.9190404735063112,0.717882583630446,0.7524859156727733,0.8170897808293437,0.7260502974072303,0.7645511965454266,0.9305630263276796,0.7112152992918587,0.755155548023465,0.8379192122391897,0.721289019632911,0.7706945189466416,0.9190404735063112,0.7230342732836978,0.07342652865791299,0.07120421828539648,0.07115789351526854,0.07081343531795718,15
20,5,0.8301964004215302,0.9692035844597496,0.7984194399458409,0.8068910239945758,1.0,0.7718410398542286,0.8270552026686248,0.9692035844597496,0.7945601662349839,0.8119898900549987,1.0,0.7778653687193766,0.8278042462834875,0.9692035844597496,0.7954804407794472,0.8152933907700732,1.0,0.7817684668745398,0.825715402188341,0.9692035844597496,0.7929140881532808,0.8085862193618423,1.0,0.7738439193694128,0.03358742016160596,0.033514975768000874,0.03305093582387984,0.03403394959401612,15
20,5,0.8193553399510347,0.8926665563947237,0.6916165433343596,0.810973435924954,0.870363448775825,0.6884486326491955,0.8314470016118718,0.8985479647881888,0.7145290632150058,0.8151417399650724,0.8682768557137251,0.7055211271444299,0.8268671058773371,0.8984212559358993,0.7021898536804594,0.8171969716529401,0.8713282957862678,0.7055211271444299,0.8314470016118718,0.8985479647881888,0.7145290632150058,0.8123521940589922,0.8682768557137251,0.6969765974125437,0.031191238259754908,0.024554929055955355,0.02396643549506498,0.02587540565867209,16
20,5,0.8069891261713708,0.8150628120802895,0.8063737851544489,0.7984032078101198,1.0,0.7814898753850287,0.8023548123737254,0.8150628120802895,0.8013862642346603,0.7944691537270671,0.9491743775665036,0.7814898753850287,0.8031690594399837,0.8150628120802895,0.8022625696499094,0.7984032078101198,1.0,0.7814898753850287,0.8060924328259892,0.8150628120802895,0.8054087497653913,0.7944691537270671,0.9491743775665036,0.7814898753850287,0.05618503667469215,0.0557628353564158,0.05573936867014747,0.056806906634957,16
20,5,0.8165795384719738,1.0,0.8036662007537219,0.8353367865088748,1.0,0.8213440894478165,0.8165795384719738,1.0,0.8036662007537219,0.8353367865088748,1.0,0.8213440894478165,0.8165795384719738,1.0,0.8036662007537219,0.8353367865088748,1.0,0.8213440894478165,0.8191842654303632,1.0,0.8064543081190586,0.8374982773229541,1.0,0.8236892587260799,0.04310760595055322,0.042425257336197016,0.04027798274136489,0.041032640735253305,16
20,5,0.9237581627684357,0.9799275932901809,0.9144270396649959,0.9081195649000633,1.0,0.8958734926089273,0.9231298398850266,0.9799275932901809,0.9136943369059259,0.9125802463334134,1.0,0.900928705699002,0.9231298398850266,0.9799275932901809,0.9136943369059259,0.9125802463334134,1.0,0.900928705699002,0.9231298398850266,0.9799275932901809,0.9136943369059259,0.9081909380056606,1.0,0.8959543785146091,0.09584637142659887,0.09164225982519147,0.0910025263884813,0.08974197140238722,16
20,5,0.8711899920588313,0.9238135354561543,0.8564201163610089,0.7983130141248582,0.9365501001640257,0.75820872813537,0.8805475028225489,0.9238135354561543,0.8684040042536405,0.8011284156125114,0.9365501001640257,0.7618409123668674,0.8805475028225489,0.9238135354561543,0.8684040042536405,0.8011284156125114,0.9365501001640257,0.7618409123668674,0.8769629661277081,0.9238135354561543,0.8638133938891239,0.8035747626316674,0.9365501001640257,0.7649969748704626,0.058629894681262194,0.062452432180789996,0.06096874831085069,0.0665747168270726,16
20,5,0.9589339680457781,1.0,0.950212521999358,0.9506426214141822,0.9698991873788396,0.9459103593588998,0.9553102723897585,1.0,0.9458192397860626,0.9506426214141822,0.9698991873788396,0.9459103593588998,0.9553102723897585,1.0,0.9458192397860626,0.9506426214141822,0.9698991873788396,0.9459103593588998,0.9553102723897585,1.0,0.9458192397860626,0.9506426214141822,0.9698991873788396,0.9459103593588998,0.04966637005317632,0.044883509268542954,0.0461191164801507,0.044677956794717366,16
20,5,0.8337935851973862,0.9003873724417935,0.8135970673935984,0.7643350184661634,0.9167533272089246,0.7228087960887142,0.8249600679873903,0.8849167857452653,0.8067764360337157,0.7911612436106127,0.9167533272089246,0.756943800605437,0.8311981803903777,0.9003873724417935,0.810214530009186,0.7839248454501766,0.9167533272089246,0.7477358526902456,0.8295079704229302,0.8692703401027487,0.8174488664075373,0.7952797014973112,0.9167533272089246,0.7621843284026728,0.04947406294321257,0.050704520956097524,0.05032958358221413,0.05330878189180717,16
20,5,0.866206761330451,0.9862034428425904,0.7570961730123975,0.8857097223013625,0.9888817878750297,0.8008950728798496,0.8637417673449345,0.9862034428425904,0.7523898091775576,0.8857097223013625,0.9888817878750297,0.8008950728798496,0.8711768916284959,0.9862034428425904,0.7665855436261191,0.8857097223013625,0.9888817878750297,0.8008950728798496,0.8700475212322341,0.9862034428425904,0.7644292592618019,0.8887978463182923,0.9888817878750297,0.8065218506923559,0.03889759426948294,0.043750875758498814,0.040718063871487964,0.04825531526821923,16
20,5,0.8241995164829508,1.0,0.807251252011219,0.8035089218495228,1.0,0.7844914062131174,0.8264367572433864,1.0,0.8097041767523593,0.8007804163282681,1.0,0.7814988205264787,0.8260741158315307,1.0,0.8093065744437326,0.8007804163282681,1.0,0.7814988205264787,0.829530520294813,1.0,0.8130961978822591,0.7917822316045049,1.0,0.7716297406949366,0.05199934692841838,0.05396241407488586,0.05216414756128851,0.05440175726433994,17
20,5,0.7969541736716131,0.9296830657676906,0.7306760436424665,0.7781750148303334,0.8617005354887854,0.7356584882840367,0.8143029374493341,0.936691502962865,0.7531882462085242,0.7667934065927073,0.8617005354887854,0.7184833639454654,0.8104492615122163,0.936691502962865,0.7474102384185828,0.7705023397445203,0.8617005354887854,0.7240802345032876,0.8097857161027769,0.9314697139647637,0.7490228504945474,0.7667934065927073,0.8617005354887854,0.7184833639454654,0.09349543864816531,0.09504618991445846,0.09018705265838371,0.09387673081292913,17
20,5,0.8707187867016113,1.0,0.8664724624696597,0.7978199521281929,1.0,0.7932053368862592,0.8707187867016113,1.0,0.8664724624696597,0.802735955074127,1.0,0.7982335440895493,0.8752883502541036,1.0,0.8711921162630101,0.805761871234393,1.0,0.8013285246257562,0.8752883502541036,1.0,0.8711921162630101,0.8058730473833449,1.0,0.8014422382909313,0.047025710326073736,0.0481530799764217,0.04590788353514992,0.047928747197789744,17
20,5,0.7602011999379271,0.8394897908759682,0.7095561098755103,0.7044543399428688,0.7085530661995789,0.7022202834953981,0.7616197777787906,0.8485282887152412,0.7061075116192552,0.7060608725926917,0.7111110919328286,0.7033081942308461,0.7607225745547727,0.8485282887152412,0.7046372254642997,0.703206125816599,0.7152983276622967,0.6966151363712141,0.7605395966000665,0.8485282887152412,0.7043373714888963,0.7165817288601979,0.7329085769700494,0.7076825982517623,0.10188341081641279,0.10808136122988585,0.10432500538666313,0.11106181082687579,17
20,5,0.7931412941237711,0.9335573057477378,0.7528301071872904,0.784893320139025,0.8436770440788274,0.766137320582184,0.7996613714359436,0.9335573057477378,0.7612219942192486,0.7867955798321626,0.8436770440788274,0.7686465302875056,0.7972386762137709,0.9335573057477378,0.7581037820196201,0.7871477596931296,0.8436770440788274,0.7691110794383627,0.8108986442041793,0.9335573057477378,0.7756853079352195,0.7817410446127567,0.8436770440788274,0.7619792551125245,0.054760407996743816,0.05295611767420834,0.052106245389509954,0.0520484860450806,17
20,5,0.7779046241534321,1.0,0.7703124637056985,0.8222550090449577,1.0,0.8086011107260206,0.7744411154025909,1.0,0.7667305575589265,0.8222550090449577,1.0,0.8086011107260206,0.7744411154025909,1.0,0.7667305575589265,0.8222550090449577,1.0,0.8086011107260206,0.7841705163013113,1.0,0.7767925505811967,0.8251436919310998,1.0,0.8117116945624573,0.04128942666395319,0.0401271578391277,0.03943224865569745,0.03997264827838895,17
20,5,0.8024169609354949,0.9305686489555457,0.7274851981908683,0.856898367216094,0.9765089394181579,0.7702908442358284,0.8064093483413792,0.9395625077052674,0.7285531679015924,0.8602001774994512,0.9765089394181579,0.7759834265448327,0.8064093483413792,0.9395625077052674,0.7285531679015924,0.8602001774994512,0.9765089394181579,0.7759834265448327,0.8082178623931621,0.9395625077052674,0.7314191408752377,0.8602001774994512,0.9765089394181579,0.7759834265448327,0.04866482552230528,0.05002622095884103,0.04893508858344594,0.052389110883894266,17
20,5,0.8311856936468618,0.973880031428036,0.7774471402722615,0.8619365865214116,0.9813435350439768,0.8126722931830515,0.8298355942878821,0.973880031428036,0.7755885947647402,0.8612280489427785,0.9813435350439768,0.8116714308817209,0.829562694341173,0.973880031428036,0.7752129209548199,0.865669303185384,0.9813435350439768,0.8179450345353542,0.8309437175818813,0.973880031428036,0.7771140362488386,0.8682020085788418,0.9813435350439768,0.8215226702531084,0.038970628873506614,0.03935846253501372,0.03624992914952644,0.03902406075579386,17
20,5,0.7807170900157437,0.9160834977682492,0.7581425959701438,0.7715485155524031,0.936585030845174,0.7470355207688769,0.7851358235448208,0.9160834977682492,0.7632982233519677,0.7706040767446267,0.9639622664505019,0.7418844428672153,0.7860007887248435,0.9160834977682492,0.7643074351854273,0.7776674759689747,0.9639622664505019,0.7499969739641869,0.7924485821108808,0.9160834977682492,0.771830500315888,0.7710572285161935,0.9639622664505019,0.7424049016041092,0.06698702610294008,0.06853628561368454,0.06488974778779394,0.06762435663279139,18
20,5,0.8181186733492607,0.9386529609730304,0.6861755844089835,0.7865470401243901,0.8999441888917139,0.6609415355321993,0.8245485944937244,0.9389162275599063,0.6993558457827391,0.811696897379892,0.9205641645030684,0.6911089622402053,0.825728085221043,0.9460984226408581,0.6939644646857204,0.8085244429772894,0.9156835208139743,0.689828601065705,0.8320961522237732,0.9426792806590146,0.711046118759703,0.8191969068461048,0.9279788076991563,0.698703528523329,0.0337086590646261,0.03792706157377727,0.03240036464125598,0.038572760136874,18
20,5,0.6890335111644408,0.9369446203480266,0.6567612448893999,0.5913090116131193,0.8278128727185713,0.5656976871423923,0.6796176660786861,0.9369446203480266,0.6461196755478313,0.5818748968740819,0.8278128727185713,0.5552419392995815,0.6948320795919438,0.9369446203480266,0.6633146521981562,0.5823140839191144,0.8278128727185713,0.5557286865064698,0.6967859772828241,0.9369446203480266,0.6655229019701591,0.577981353755645,0.8278128727185713,0.5509267591064644,0.26620310362355465,0.2657080027178686,0.25916265061139426,0.26084868336198813,18
20,5,0.8362829448213155,0.9352147043665244,0.7113727050938463,0.797066408026218,0.9387021974016384,0.6367074489663701,0.859368616036515,0.952779351845815,0.7414291650786349,0.7987294180228909,0.9419080614443044,0.6366236513949293,0.852432096539757,0.952779351845815,0.7257346661706404,0.795332689780697,0.9419080614443044,0.6293811733777009,0.8529058062095898,0.9441142744885885,0.7377469159777953,0.8071215587061985,0.9419080614443044,0.6545173096691899,0.06677249065128396,0.04500227344053076,0.04249705558569792,0.04588915485197462,18
20,5,0.6927869482097058,0.9218363350161091,0.6577370543702983,0.6917021284147963,0.8260271372865627,0.6689912765851445,0.699774628736188,0.9218363350161091,0.6657940128549176,0.6906708178282361,0.8260271372865627,0.6677855983054908,0.6916417913517392,0.9218363350161091,0.6564166618268716,0.6913256956247683,0.8260271372865627,0.6685511988388274,0.7031934310100687,0.9218363350161091,0.6697359715468449,0.6853276534556908,0.8260271372865627,0.6615390443453655,0.27179341432280213,0.2840867061244666,0.2751002998911514,0.2877588285755636,18
20,5,0.7244637304276824,0.9078188248448299,0.7151679924326405,0.655030251135317,0.8513847558499502,0.6363248907171115,0.7275463809167517,0.9078188248448299,0.7184069271600494,0.6526354317531409,0.8513847558499502,0.6337019331532052,0.7178831185571527,0.9078188248448299,0.7082537566505966,0.6546151204692083,0.8513847558499502,0.6358702133711774,0.7183951307544418,0.9078188248448299,0.7087917268462243,0.6459746551631219,0.8513847558499502,0.6264066296040899,0.11253345294892737,0.11248798239995475,0.1110940688674508,0.11278052565330234,18
20,5,0.848394196025979,0.968557990391265,0.8365380993238624,0.786581609117297,0.8898148794770683,0.7783759867288089,0.8491212567370542,0.968557990391265,0.8373368963024577,0.7848145576236526,0.8898148794770683,0.7764684789922561,0.8496326711463658,0.968557990391265,0.8378987699929835,0.791165794576625,0.8898148794770683,0.7833245517598286,0.8423993661754402,0.968557990391265,0.8299517828046798,0.7800052901303691,0.8898148794770683,0.7712769410073222,0.046654646583024484,0.04424472745589566,0.04472374652481303,0.04404200744726885,18
20,5,0.8272178996147596,0.9911600132473266,0.7592103216116874,0.8022692541292012,0.9473772903267437,0.731189503826383,0.8383745723582154,0.9911600132473266,0.7749950809098637,0.8140918476587388,0.9473772903267437,0.7488032790025885,0.8456445603564251,0.9911600132473266,0.7852808545711627,0.8083844847817203,0.9473772903267437,0.7403002203197653,0.8458325735218747,0.9911600132473266,0.7855468606313701,0.8097712205522878,0.9473772903267437,0.7423662350254687,0.08446890008298434,0.084716946686086,0.07672930891271973,0.08035170752893184,18
20,5,0.758018948371415,0.9148928883953777,0.7187906349616401,0.7509094086381098,0.9316592628259956,0.6918268364454071,0.7607765138016761,0.9341769120965792,0.7174155504150661,0.7534405004134376,0.9419336611695359,0.6918268364454071,0.7569189358681933,0.9148928883953777,0.7174155504150661,0.7509094086381098,0.9316592628259956,0.6918268364454071,0.7528769762499724,0.9341769120965792,0.7075406335567472,0.7580272507163113,0.9419336611695359,0.6979128798299656,0.0875206606731099,0.08776562041946012,0.08620070260893992,0.08759045005092791,19
20,5,0.8407018898965187,0.9903325722535439,0.8042273220256693,0.819772692065563,0.9733635186972794,0.7781105371160677,0.8522259013308526,0.9903325722535439,0.818560472137879,0.824944961091938,0.9733635186972794,0.7846858057768806,0.8528034568854606,0.9903325722535439,0.8192788149223779,0.818675854402401,0.9733635186972794,0.7767161776433079,0.8541833053952678,0.9903325722535439,0.8209950207709986,0.8218203272659735,0.9733635186972794,0.7807136019399161,0.04651499628992738,0.04914043654247688,0.04602103885892289,0.0495567637215374,19
20,5,0.8015261802227016,0.9469130526769198,0.7466951494325486,0.7963289589144448,0.9379098416054211,0.7342663875148425,0.8122990143192109,0.9629194581189301,0.7554942007057291,0.7979287205970554,0.9466210207681202,0.7327488296362119,0.806426500631957,0.9469130526769198,0.7534435708065325,0.7998665652090047,0.9466210207681202,0.7355361365293994,0.8122990143192109,0.9629194581189301,0.7554942007057291,0.7979287205970554,0.9466210207681202,0.7327488296362119,0.05206110077793523,0.05252470748014982,0.0504394233278599,0.052848786192879714,19
20,5,0.8555992915841852,0.9754079716543234,0.8179696259764097,0.8117422406264266,0.985564217449808,0.7606945245778747,0.8572086700876693,0.9686338453779305,0.8222121065331278,0.8128626926229909,0.985564217449808,0.7621440288405097,0.8521959339626212,0.9686338453779305,0.815624963745264,0.8199280282901151,0.985564217449808,0.7712842991937671,0.8541835819866129,0.9686338453779305,0.8182368948382706,0.8124096348188073,0.985564217449808,0.7615579178599431,0.03726665520070531,0.04052170623733059,0.038446607725829696,0.04307947137537068,19
20,5,0.8138417439195677,0.9415998205730437,0.7654706333053672,0.8397533852051484,0.9754991441457114,0.788571873847084,0.8197775781311293,0.9415998205730437,0.7736538627560867,0.8386404447819737,0.9541808201235333,0.7950771608973677,0.8156633781339494,0.9415998205730437,0.7679819653642264,0.8419563857646511,0.9754991441457114,0.7916054926081277,0.8233240201357,0.9415998205730437,0.7785430405233073,0.8346802614348849,0.9754991441457114,0.7815859820913229,0.02924468890988308,0.027551111222807245,0.02685627746176064,0.02854622421979549,19
20,5,0.7719687559143706,0.964494961679754,0.7086940805770684,0.7711518594365321,0.8515326124397671,0.746930663857734,0.7757829927404345,0.964494961679754,0.7137618849155098,0.7643496634784063,0.8515326124397671,0.7380787568368059,0.7739983835702741,0.964494961679754,0.7113907552485838,0.7741857594769699,0.8515326124397671,0.7508787713856656,0.7757829927404345,0.964494961679754,0.7137618849155098,0.7667198911096598,0.8515326124397671,0.741163207026046,0.07606823584324326,0.07248571861810209,0.07325468414529691,0.07170783862883016,19
20,5,0.7906149929597991,1.0,0.7882124728916351,0.78099896652999,1.0,0.7786391892519329,0.7925629959552272,1.0,0.7901828276129842,0.7720300943882465,1.0,0.7695736758279337,0.7935019876912666,1.0,0.7911325935038762,0.780709843220248,1.0,0.7783469505842125,0.7860808527793229,1.0,0.7836263071963931,0.775757968092333,1.0,0.7733417180715147,0.035705441557052416,0.03592330266019674,0.03550040262814532,0.03634015879768556,19
20,5,0.7877860914323516,0.9268021178405785,0.7019949311331023,0.8082240647559057,0.8791058524638717,0.7714278775666804,0.788614053002032,0.9184192699852617,0.7085071727694947,0.8157305222985839,0.8937996892316153,0.7752032194036563,0.7847951790237485,0.9184192699852617,0.7023315516009883,0.8161182133463096,0.8791058524638717,0.7834200403102943,0.7921993487862371,0.9184192699852617,0.7143050672970974,0.812155201877207,0.8937996892316153,0.7697718769526365,0.03159238752296422,0.031101773002141276,0.03019314842820286,0.032059300926531586,19
