n_features,n_classes,K,ovr_fidelity,fisher_fidelity,contrastive_fidelity,ovr_stability_normalized,fisher_stability_normalized,contrastive_stability_normalized,ovr_mean_norm,fisher_mean_norm,contrastive_mean_norm,ovr_feature_overlap,fisher_feature_overlap,contrastive_feature_overlap,seed
8,3,2,0.7527067673820415,0.7114420986899274,0.7427176186190391,0.0853425391939991,0.13376865407004956,0.08919299218393875,0.15948197419405888,0.009513711026953028,0.38554810433152675,0.5555555555555555,0.2222222222222222,0.5555555555555555,0
8,3,5,0.7527067673820415,0.7114420986899274,0.7427176186190391,0.0853425391939991,0.13376865407004956,0.08919299218393875,0.15948197419405888,0.009513711026953028,0.38554810433152675,0.5079365079365079,0.7777777777777777,0.5873015873015873,0
8,3,2,0.8572857407581456,0.8584436486670945,0.8551091093921935,0.021366247943913466,0.061766526104314094,0.017425155438911565,0.23173968650450158,0.016672872250617206,0.7738859314608253,0.5555555555555555,0.5555555555555555,0.5555555555555555,0
8,3,5,0.8572857407581456,0.8584436486670945,0.8551091093921935,0.021366247943913466,0.061766526104314094,0.017425155438911565,0.23173968650450158,0.016672872250617206,0.7738859314608253,0.5079365079365079,0.5079365079365079,0.5873015873015873,0
8,3,2,0.7566657295125371,0.7514181603615647,0.7652320424217919,0.09754160217034309,0.13310603169578086,0.07378248242045353,0.14302969849305605,0.01022437424676114,0.413002547253558,0.1111111111111111,1.0,0.3333333333333333,0
8,3,5,0.7566657295125371,0.7514181603615647,0.7652320424217919,0.09754160217034309,0.13310603169578086,0.07378248242045353,0.14302969849305605,0.01022437424676114,0.413002547253558,0.5873015873015873,0.5873015873015873,0.6666666666666666,0
8,3,2,0.8873671591970229,0.8905095351262966,0.8950003340212901,0.006168986970232732,0.02299223329638824,0.005945704016803792,0.35812312003497576,0.02186291299150467,0.8848377097273842,0.5555555555555555,1.0,0.3333333333333333,0
8,3,5,0.8873671591970229,0.8905095351262966,0.8950003340212901,0.006168986970232732,0.02299223329638824,0.005945704016803792,0.35812312003497576,0.02186291299150467,0.8848377097273842,0.6666666666666666,1.0,0.6190476190476191,0
8,3,2,0.7670507852617773,0.8055742374511056,0.7609204904779523,0.031607320543666856,0.09455099715185115,0.03579461314805701,0.2078794261634078,0.013161296946353197,0.5486567916030186,0.5555555555555555,0.3333333333333333,0.2222222222222222,0
8,3,5,0.7670507852617773,0.8055742374511056,0.7609204904779523,0.031607320543666856,0.09455099715185115,0.03579461314805701,0.2078794261634078,0.013161296946353197,0.5486567916030186,0.7777777777777777,0.5873015873015873,0.5873015873015873,0
8,3,2,0.6954084358271567,0.7393493155966805,0.7172835913907261,0.04135825280116634,0.12248994238498226,0.05751867176124062,0.14912354491662186,0.00964093934309315,0.4172678820886127,0.3333333333333333,0.5555555555555555,0.2222222222222222,0
8,3,5,0.6954084358271567,0.7393493155966805,0.7172835913907261,0.04135825280116634,0.12248994238498226,0.05751867176124062,0.14912354491662186,0.00964093934309315,0.4172678820886127,0.5079365079365079,0.36904761904761907,0.6666666666666666,0
8,3,2,0.8286469526649234,0.7576047487236203,0.8156787295601987,0.027756238301629432,0.11530128270193181,0.019757504489485073,0.16502464494810087,0.01323433768844891,0.49994248724674767,1.0,0.5555555555555555,0.5555555555555555,0
8,3,5,0.8286469526649234,0.7576047487236203,0.8156787295601987,0.027756238301629432,0.11530128270193181,0.019757504489485073,0.16502464494810087,0.01323433768844891,0.49994248724674767,0.4484126984126984,1.0,0.7777777777777777,0
8,3,2,0.8072079403625844,0.8147174573707986,0.8041888776809857,0.03715790314076624,0.060520041642965976,0.03978481775447193,0.15727110973898367,0.011281843798045588,0.38501470495638174,0.5555555555555555,0.5555555555555555,0.5555555555555555,0
8,3,5,0.8072079403625844,0.8147174573707986,0.8041888776809857,0.03715790314076624,0.060520041642965976,0.03978481775447193,0.15727110973898367,0.011281843798045588,0.38501470495638174,0.7777777777777777,0.7777777777777777,0.5873015873015873,0
8,3,2,0.8191973251159637,0.849306014810108,0.8177245712565997,0.013502357550065777,0.03178908673292361,0.017848533840491246,0.19165402642858967,0.010679420597220301,0.5656370074885735,0.5555555555555555,0.3333333333333333,0.1111111111111111,1
8,3,5,0.8191973251159637,0.849306014810108,0.8177245712565997,0.013502357550065777,0.03178908673292361,0.017848533840491246,0.19165402642858967,0.010679420597220301,0.5656370074885735,0.6666666666666666,0.7777777777777777,0.5079365079365079,1
8,3,2,0.8838479759887958,0.9293227401501725,0.8676556843004019,0.009050804986948102,0.010810829415246966,0.009313902703147841,0.2498322613401647,0.02430735036707084,0.7267796785461386,0.5555555555555555,0.5555555555555555,0.2222222222222222,1
8,3,5,0.8838479759887958,0.9293227401501725,0.8676556843004019,0.009050804986948102,0.010810829415246966,0.009313902703147841,0.2498322613401647,0.02430735036707084,0.7267796785461386,0.6666666666666666,0.7777777777777777,0.5873015873015873,1
8,3,2,0.820056821492699,0.888873270059066,0.8171720997466726,0.009033393021548474,0.0148703490811672,0.01125533403320338,0.23286550154366834,0.022445482071376453,0.6753937737564755,0.5555555555555555,0.5555555555555555,0.2222222222222222,1
8,3,5,0.820056821492699,0.888873270059066,0.8171720997466726,0.009033393021548474,0.0148703490811672,0.01125533403320338,0.23286550154366834,0.022445482071376453,0.6753937737564755,0.6666666666666666,0.36904761904761907,0.5873015873015873,1
8,3,2,0.8336820870353786,0.820230783864038,0.8217635696350034,0.016565214694009647,0.03494460083101939,0.016923027125111647,0.19179861779180843,0.01168301506437211,0.6358094491269488,0.5555555555555555,0.5555555555555555,0.3333333333333333,1
8,3,5,0.8336820870353786,0.820230783864038,0.8217635696350034,0.016565214694009647,0.03494460083101939,0.016923027125111647,0.19179861779180843,0.01168301506437211,0.6358094491269488,0.5079365079365079,0.5873015873015873,0.5079365079365079,1
8,3,2,0.8606531229151213,0.8817576285850197,0.8662626362151666,0.006812313557022322,0.011807425905804247,0.009968095745014015,0.26259759482998374,0.02282355982065963,0.7051467077493573,0.5555555555555555,0.5555555555555555,0.5555555555555555,1
8,3,5,0.8606531229151213,0.8817576285850197,0.8662626362151666,0.006812313557022322,0.011807425905804247,0.009968095745014015,0.26259759482998374,0.02282355982065963,0.7051467077493573,0.7777777777777777,0.6190476190476191,0.5079365079365079,1
8,3,2,0.8526795471395205,0.8853168161160191,0.8470748678367587,0.005078416240458598,0.016523228648568197,0.004944579525084332,0.2849233174474993,0.017637477648084727,0.7874542086328448,0.5555555555555555,1.0,0.5555555555555555,1
8,3,5,0.8526795471395205,0.8853168161160191,0.8470748678367587,0.005078416240458598,0.016523228648568197,0.004944579525084332,0.2849233174474993,0.017637477648084727,0.7874542086328448,0.7777777777777777,0.6190476190476191,0.5873015873015873,1
8,3,2,0.8710807991448647,0.8699140900643793,0.84855730150044,0.014921178443946005,0.029361250520091853,0.019036355235839547,0.19962824120227166,0.011578286455997917,0.6348948351663936,0.5555555555555555,0.5555555555555555,0.2222222222222222,1
8,3,5,0.8710807991448647,0.8699140900643793,0.84855730150044,0.014921178443946005,0.029361250520091853,0.019036355235839547,0.19962824120227166,0.011578286455997917,0.6348948351663936,0.5079365079365079,1.0,0.4484126984126984,1
8,3,2,0.8594413015167777,0.9225992134790522,0.8688271140666579,0.008207478184035149,0.00915252370125191,0.008117731215699376,0.2663457158462056,0.024431132857063973,0.7057275673881029,0.5555555555555555,0.5555555555555555,0.2222222222222222,1
8,3,5,0.8594413015167777,0.9225992134790522,0.8688271140666579,0.008207478184035149,0.00915252370125191,0.008117731215699376,0.2663457158462056,0.024431132857063973,0.7057275673881029,0.6666666666666666,0.6190476190476191,0.6190476190476191,1
8,3,2,0.7640661698838913,0.7361685639033824,0.7442906463572765,0.1272715182880706,0.21236950967159163,0.10264197635685876,0.08838127333847347,0.007444253734641642,0.32503866351566457,0.2222222222222222,0.2222222222222222,0.5555555555555555,2
8,3,5,0.7640661698838913,0.7361685639033824,0.7442906463572765,0.1272715182880706,0.21236950967159163,0.10264197635685876,0.08838127333847347,0.007444253734641642,0.32503866351566457,0.5873015873015873,0.36904761904761907,0.7777777777777777,2
8,3,2,0.8585484182774543,0.9092266540449437,0.8462023393870624,0.02723341417118367,0.06814213896959562,0.0375732496828524,0.25620905361512264,0.01882805935021236,0.8388836403317864,0.2222222222222222,0.3333333333333333,0.1111111111111111,2
8,3,5,0.8585484182774543,0.9092266540449437,0.8462023393870624,0.02723341417118367,0.06814213896959562,0.0375732496828524,0.25620905361512264,0.01882805935021236,0.8388836403317864,0.5873015873015873,0.5079365079365079,0.6666666666666666,2
8,3,2,0.8168733236321851,0.8418648916448747,0.7914256754569651,0.034203696583240566,0.08956789183197468,0.032872496403611756,0.31323421759238007,0.016571297004036804,0.8652048429602572,0.5555555555555555,1.0,0.2222222222222222,2
8,3,5,0.8168733236321851,0.8418648916448747,0.7914256754569651,0.034203696583240566,0.08956789183197468,0.032872496403611756,0.31323421759238007,0.016571297004036804,0.8652048429602572,0.7777777777777777,0.7777777777777777,0.6190476190476191,2
8,3,2,0.8218594505150265,0.7825489639559511,0.8140701630154025,0.02605522823986233,0.07429141011364601,0.020975854417240848,0.22024335772999606,0.016527418448135555,0.61609582184681,0.5555555555555555,0.5555555555555555,0.3333333333333333,2
8,3,5,0.8218594505150265,0.7825489639559511,0.8140701630154025,0.02605522823986233,0.07429141011364601,0.020975854417240848,0.22024335772999606,0.016527418448135555,0.61609582184681,0.6666666666666666,1.0,0.6190476190476191,2
8,3,2,0.8041320584439422,0.7326164632105835,0.7951443426938303,0.03376936812355662,0.09045181866770263,0.02331823612414473,0.2003674826154504,0.01197433537458109,0.6620188598085807,1.0,0.3333333333333333,0.5555555555555555,2
8,3,5,0.8041320584439422,0.7326164632105835,0.7951443426938303,0.03376936812355662,0.09045181866770263,0.02331823612414473,0.2003674826154504,0.01197433537458109,0.6620188598085807,0.5079365079365079,0.6190476190476191,0.6190476190476191,2
8,3,2,0.7751175607720675,0.7141019564234046,0.7684193220823465,0.017155608854171812,0.04142289714492169,0.021178912107753647,0.18376681918451968,0.01390289421974485,0.4972957412626353,0.2222222222222222,0.5555555555555555,0.3333333333333333,2
8,3,5,0.7751175607720675,0.7141019564234046,0.7684193220823465,0.017155608854171812,0.04142289714492169,0.021178912107753647,0.18376681918451968,0.01390289421974485,0.4972957412626353,0.5079365079365079,0.42857142857142855,0.6666666666666666,2
8,3,2,0.7754052351214091,0.733950143305806,0.7706791229022528,0.11557997010597182,0.2521633636056144,0.0689399416358061,0.10029530446031244,0.006810433328530368,0.39101267244522586,0.3333333333333333,0.1111111111111111,0.5555555555555555,2
8,3,5,0.7754052351214091,0.733950143305806,0.7706791229022528,0.11557997010597182,0.2521633636056144,0.0689399416358061,0.10029530446031244,0.006810433328530368,0.39101267244522586,0.4484126984126984,0.5079365079365079,0.6190476190476191,2
8,3,2,0.6754979534465174,0.6008446161866272,0.6830860868666013,0.17985444988230032,0.4140801399044253,0.1450057875044818,0.07329508673544885,0.004981320892332989,0.20310514863113063,0.5555555555555555,0.3333333333333333,0.5555555555555555,2
8,3,5,0.6754979534465174,0.6008446161866272,0.6830860868666013,0.17985444988230032,0.4140801399044253,0.1450057875044818,0.07329508673544885,0.004981320892332989,0.20310514863113063,0.5873015873015873,0.7777777777777777,0.5873015873015873,2
8,3,2,0.7978932176257316,0.8094865548092822,0.8217486555040836,0.023404715867740136,0.04484079670219859,0.02708795852688587,0.21769004673810502,0.01441681708161616,0.6917437409602989,0.3333333333333333,0.2222222222222222,0.5555555555555555,3
8,3,5,0.7978932176257316,0.8094865548092822,0.8217486555040836,0.023404715867740136,0.04484079670219859,0.02708795852688587,0.21769004673810502,0.01441681708161616,0.6917437409602989,0.6190476190476191,1.0,0.5873015873015873,3
8,3,2,0.7587478458296305,0.7821290279801315,0.7575317485468964,0.022602882785779106,0.05738719612318016,0.022731225385974562,0.24834317569848569,0.013617958018374399,0.6393072479109225,0.5555555555555555,0.3333333333333333,0.5555555555555555,3
8,3,5,0.7587478458296305,0.7821290279801315,0.7575317485468964,0.022602882785779106,0.05738719612318016,0.022731225385974562,0.24834317569848569,0.013617958018374399,0.6393072479109225,0.6190476190476191,0.7777777777777777,0.5079365079365079,3
8,3,2,0.7724123078873639,0.7972561207301426,0.7885843178111527,0.02350201952006432,0.049390940727310956,0.022572179218132135,0.23479250385762385,0.01571404234443713,0.7498366101506789,0.2222222222222222,0.5555555555555555,0.5555555555555555,3
8,3,5,0.7724123078873639,0.7972561207301426,0.7885843178111527,0.02350201952006432,0.049390940727310956,0.022572179218132135,0.23479250385762385,0.01571404234443713,0.7498366101506789,0.6666666666666666,0.6190476190476191,0.7777777777777777,3
8,3,2,0.815764279376054,0.7997241943519491,0.8039334215448662,0.017637914568519597,0.04148459675504535,0.018929803856278037,0.21029053560798483,0.013119766520276435,0.583525389198283,0.2222222222222222,1.0,0.1111111111111111,3
8,3,5,0.815764279376054,0.7997241943519491,0.8039334215448662,0.017637914568519597,0.04148459675504535,0.018929803856278037,0.21029053560798483,0.013119766520276435,0.583525389198283,0.5873015873015873,0.6190476190476191,0.5079365079365079,3
8,3,2,0.7333165521856319,0.7265866159454295,0.722645760366053,0.02348738031728329,0.03566284700680901,0.022586530541063625,0.22406899924055415,0.013841480330115452,0.6587372298704347,0.5555555555555555,0.5555555555555555,0.2222222222222222,3
8,3,5,0.7333165521856319,0.7265866159454295,0.722645760366053,0.02348738031728329,0.03566284700680901,0.022586530541063625,0.22406899924055415,0.013841480330115452,0.6587372298704347,0.7777777777777777,0.7777777777777777,0.7777777777777777,3
8,3,2,0.8251532795406009,0.8202351222558649,0.8203964927895812,0.012858364197449203,0.03500167528745976,0.009291910388632613,0.23749883676038241,0.01781573550230673,0.8827273907373885,0.2222222222222222,0.2222222222222222,0.2222222222222222,3
8,3,5,0.8251532795406009,0.8202351222558649,0.8203964927895812,0.012858364197449203,0.03500167528745976,0.009291910388632613,0.23749883676038241,0.01781573550230673,0.8827273907373885,0.36904761904761907,0.5079365079365079,0.5873015873015873,3
8,3,2,0.8191353087819473,0.799977514547559,0.8229491937557808,0.029887452755663093,0.04078468076445853,0.027595615473877767,0.22127687696704296,0.01524979798864064,0.6693368353229049,0.2222222222222222,0.5555555555555555,0.1111111111111111,3
8,3,5,0.8191353087819473,0.799977514547559,0.8229491937557808,0.029887452755663093,0.04078468076445853,0.027595615473877767,0.22127687696704296,0.01524979798864064,0.6693368353229049,0.5873015873015873,1.0,0.5079365079365079,3
8,3,2,0.7998690073615135,0.7637912362870952,0.797847845424656,0.02631854402094209,0.05446880225388302,0.02696928152946082,0.2003196817427265,0.013110183572441928,0.599451403544023,0.2222222222222222,0.5555555555555555,0.1111111111111111,3
8,3,5,0.7998690073615135,0.7637912362870952,0.797847845424656,0.02631854402094209,0.05446880225388302,0.02696928152946082,0.2003196817427265,0.013110183572441928,0.599451403544023,0.5079365079365079,0.5873015873015873,0.5079365079365079,3
8,3,2,0.6382477324946414,0.6159162874010907,0.6170412209934322,0.2687678459293633,0.39702922017183917,0.24454820045453904,0.08973889220033653,0.005596756936093611,0.2145596193051516,0.5555555555555555,1.0,0.5555555555555555,4
8,3,5,0.6382477324946414,0.6159162874010907,0.6170412209934322,0.2687678459293633,0.39702922017183917,0.24454820045453904,0.08973889220033653,0.005596756936093611,0.2145596193051516,0.7777777777777777,1.0,0.7777777777777777,4
8,3,2,0.8282369345337953,0.8452957392742796,0.8248170323349339,0.013388003627789052,0.02436941495656789,0.012080201949338645,0.2750611651420879,0.02104807268861795,0.6865366497192145,0.1111111111111111,0.3333333333333333,0.3333333333333333,4
8,3,5,0.8282369345337953,0.8452957392742796,0.8248170323349339,0.013388003627789052,0.02436941495656789,0.012080201949338645,0.2750611651420879,0.02104807268861795,0.6865366497192145,0.6666666666666666,0.6190476190476191,0.6666666666666666,4
8,3,2,0.9028772303099142,0.7581456475363789,0.8673227353972741,0.027856185276918195,0.1521510021513559,0.04345595842130347,0.20544865769854848,0.013102810927256646,0.6318593427337197,0.2222222222222222,0.5555555555555555,0.2222222222222222,4
8,3,5,0.9028772303099142,0.7581456475363789,0.8673227353972741,0.027856185276918195,0.1521510021513559,0.04345595842130347,0.20544865769854848,0.013102810927256646,0.6318593427337197,0.5079365079365079,1.0,0.5079365079365079,4
8,3,2,0.8357673095284857,0.6750765110363515,0.842585247089066,0.03232953948020527,0.1844826722666069,0.050647630752376854,0.1834375674793746,0.012089281681891767,0.6033698073118636,0.3333333333333333,0.3333333333333333,0.5555555555555555,4
8,3,5,0.8357673095284857,0.6750765110363515,0.842585247089066,0.03232953948020527,0.1844826722666069,0.050647630752376854,0.1834375674793746,0.012089281681891767,0.6033698073118636,0.5079365079365079,0.5079365079365079,0.5079365079365079,4
8,3,2,0.8379039310471302,0.8468029156765294,0.8367798058955379,0.012018830710711796,0.04055538398155458,0.01303519409169378,0.28822792107112866,0.01951143724483307,1.0499270468423192,0.2222222222222222,0.3333333333333333,0.3333333333333333,4
8,3,5,0.8379039310471302,0.8468029156765294,0.8367798058955379,0.012018830710711796,0.04055538398155458,0.01303519409169378,0.28822792107112866,0.01951143724483307,1.0499270468423192,0.5079365079365079,0.42857142857142855,0.6666666666666666,4
8,3,2,0.7663243572841623,0.7643725297913392,0.7442243655434491,0.013074108544224066,0.030815064832889517,0.016167544607922787,0.2992480161504256,0.020897528009857724,1.0985830787533728,0.3333333333333333,0.5555555555555555,0.5555555555555555,4
8,3,5,0.7663243572841623,0.7643725297913392,0.7442243655434491,0.013074108544224066,0.030815064832889517,0.016167544607922787,0.2992480161504256,0.020897528009857724,1.0985830787533728,0.30952380952380953,0.6190476190476191,0.44841269841269843,4
8,3,2,0.7224034674152631,0.707212501458743,0.7055365354162021,0.02180080943541665,0.02422733780271002,0.022177699291873104,0.250486800252897,0.019259657794822336,0.7500636264000005,0.2222222222222222,0.5555555555555555,0.5555555555555555,4
8,3,5,0.7224034674152631,0.707212501458743,0.7055365354162021,0.02180080943541665,0.02422733780271002,0.022177699291873104,0.250486800252897,0.019259657794822336,0.7500636264000005,0.36904761904761907,0.5079365079365079,0.6190476190476191,4
8,3,2,0.7826988693423782,0.6838792780471276,0.7689416743295616,0.08368942711351465,0.28760466060084394,0.0678474086878533,0.13294568944950486,0.011462072402911782,0.6097986755323002,0.2222222222222222,0.5555555555555555,0.5555555555555555,4
8,3,5,0.7826988693423782,0.6838792780471276,0.7689416743295616,0.08368942711351465,0.28760466060084394,0.0678474086878533,0.13294568944950486,0.011462072402911782,0.6097986755323002,0.30952380952380953,0.7777777777777777,0.36904761904761907,4
8,3,2,0.8109202531688207,0.8026978065763442,0.808662715528843,0.031102873298201824,0.050148607550634994,0.03068951423736944,0.12838588477987128,0.011892606271797983,0.37241933128843613,0.2222222222222222,1.0,0.3333333333333333,5
8,3,5,0.8109202531688207,0.8026978065763442,0.808662715528843,0.031102873298201824,0.050148607550634994,0.03068951423736944,0.12838588477987128,0.011892606271797983,0.37241933128843613,0.36904761904761907,0.6190476190476191,0.5079365079365079,5
8,3,2,0.9433102767237793,0.8263226824261581,0.9486855729691022,0.15587709389087015,0.15141859230506746,0.062383040005006524,0.06563222252079635,0.012538034144573553,0.2937825212470037,0.5555555555555555,1.0,0.5555555555555555,5
8,3,5,0.9433102767237793,0.8263226824261581,0.9486855729691022,0.15587709389087015,0.15141859230506746,0.062383040005006524,0.06563222252079635,0.012538034144573553,0.2937825212470037,0.7777777777777777,0.5079365079365079,0.6190476190476191,5
8,3,2,0.9011631742019403,0.9234991886447855,0.9038092933646006,0.02072153227666508,0.03995216990600663,0.015776477183501184,0.2712692859307149,0.016736948855495894,1.0151630440206125,0.2222222222222222,0.5555555555555555,1.0,5
8,3,5,0.9011631742019403,0.9234991886447855,0.9038092933646006,0.02072153227666508,0.03995216990600663,0.015776477183501184,0.2712692859307149,0.016736948855495894,1.0151630440206125,0.4484126984126984,1.0,0.5079365079365079,5
8,3,2,0.9717985592131562,0.8116854384193893,0.9692190070707982,0.08060232417224139,0.15147822902124033,0.04735100229932597,0.08296491155300555,0.01452337597858695,0.40504979827729404,0.2222222222222222,1.0,0.5555555555555555,5
8,3,5,0.9717985592131562,0.8116854384193893,0.9692190070707982,0.08060232417224139,0.15147822902124033,0.04735100229932597,0.08296491155300555,0.01452337597858695,0.40504979827729404,0.44841269841269843,0.7777777777777777,0.5,5
8,3,2,0.8529015161800496,0.8678517240875825,0.8363173323625104,0.006986109216032993,0.01874691921275433,0.00915112244258514,0.348327180437835,0.022580801000200903,1.0017446369059504,0.5555555555555555,1.0,0.3333333333333333,5
8,3,5,0.8529015161800496,0.8678517240875825,0.8363173323625104,0.006986109216032993,0.01874691921275433,0.00915112244258514,0.348327180437835,0.022580801000200903,1.0017446369059504,0.6666666666666666,1.0,0.5079365079365079,5
8,3,2,0.928110747675902,0.8493549698739614,0.9211980228013867,0.0663026415332412,0.07095738249498534,0.03570542345400027,0.09313021039253629,0.014468027009624877,0.4227512495439356,0.5555555555555555,1.0,0.5555555555555555,5
8,3,5,0.928110747675902,0.8493549698739614,0.9211980228013867,0.0663026415332412,0.07095738249498534,0.03570542345400027,0.09313021039253629,0.014468027009624877,0.4227512495439356,0.6190476190476191,0.5079365079365079,0.6190476190476191,5
8,3,2,0.891758854236646,0.7642040768075388,0.8814329671161988,0.1341807675794575,0.14319531247462672,0.06882072305723852,0.06508689366651235,0.011287110810641883,0.34036721491160893,0.2222222222222222,0.5555555555555555,0.5555555555555555,5
8,3,5,0.891758854236646,0.7642040768075388,0.8814329671161988,0.1341807675794575,0.14319531247462672,0.06882072305723852,0.06508689366651235,0.011287110810641883,0.34036721491160893,0.5873015873015873,0.5079365079365079,0.6666666666666666,5
8,3,2,0.8818326255665181,0.8826813146164705,0.876480031996546,0.012806828860868778,0.027863667602318218,0.012905997629194962,0.22817393766169933,0.018414590985089147,0.7544721446384711,0.5555555555555555,0.5555555555555555,0.5555555555555555,5
8,3,5,0.8818326255665181,0.8826813146164705,0.876480031996546,0.012806828860868778,0.027863667602318218,0.012905997629194962,0.22817393766169933,0.018414590985089147,0.7544721446384711,0.7777777777777777,0.6190476190476191,0.6190476190476191,5
8,3,2,0.7941877412372106,0.8146288164695055,0.7848692728465169,0.021069755001888527,0.05302352855693489,0.02047388873746734,0.18446771180009,0.012382268248536657,0.438214008712538,0.5555555555555555,0.5555555555555555,0.5555555555555555,6
8,3,5,0.7941877412372106,0.8146288164695055,0.7848692728465169,0.021069755001888527,0.05302352855693489,0.02047388873746734,0.18446771180009,0.012382268248536657,0.438214008712538,0.6190476190476191,0.6190476190476191,0.7777777777777777,6
8,3,2,0.8252133399227063,0.8299550596172107,0.8199252710543997,0.02026938370654489,0.03145933993672718,0.02303078949368501,0.2071903161316703,0.014394638381706286,0.5130376390200454,0.5555555555555555,0.3333333333333333,1.0,6
8,3,5,0.8252133399227063,0.8299550596172107,0.8199252710543997,0.02026938370654489,0.03145933993672718,0.02303078949368501,0.2071903161316703,0.014394638381706286,0.5130376390200454,0.5873015873015873,0.5,0.6666666666666666,6
8,3,2,0.8148636177964549,0.7963537031461163,0.8188621099960124,0.025364964224166623,0.04577459971900623,0.024801637513184687,0.16661098529807494,0.011272832098934895,0.4290571736301202,0.5555555555555555,0.5555555555555555,0.5555555555555555,6
8,3,5,0.8148636177964549,0.7963537031461163,0.8188621099960124,0.025364964224166623,0.04577459971900623,0.024801637513184687,0.16661098529807494,0.011272832098934895,0.4290571736301202,0.7777777777777777,0.7777777777777777,0.7777777777777777,6
8,3,2,0.8095367735688214,0.7758332036394947,0.8132465059054194,0.020771973126083927,0.05039310733779845,0.01878628019567375,0.1311845333601939,0.010190986893463169,0.3607431207234942,0.2222222222222222,0.5555555555555555,0.2222222222222222,6
8,3,5,0.8095367735688214,0.7758332036394947,0.8132465059054194,0.020771973126083927,0.05039310733779845,0.01878628019567375,0.1311845333601939,0.010190986893463169,0.3607431207234942,0.42857142857142855,0.5873015873015873,0.5873015873015873,6
8,3,2,0.7828994219604885,0.7942706776931792,0.7844621185304612,0.024881104799438333,0.06486987412506545,0.02704999946004395,0.15616726099919545,0.010250959920180065,0.3730956230681691,0.5555555555555555,1.0,0.5555555555555555,6
8,3,5,0.7828994219604885,0.7942706776931792,0.7844621185304612,0.024881104799438333,0.06486987412506545,0.02704999946004395,0.15616726099919545,0.010250959920180065,0.3730956230681691,0.5873015873015873,0.7777777777777777,0.6190476190476191,6
8,3,2,0.8211890536998748,0.7752820062699706,0.8100732546710135,0.037946779648274684,0.15665064703286208,0.03702324448569323,0.12728729513003958,0.008946635054017464,0.31041377162658607,0.5555555555555555,1.0,0.5555555555555555,6
8,3,5,0.8211890536998748,0.7752820062699706,0.8100732546710135,0.037946779648274684,0.15665064703286208,0.03702324448569323,0.12728729513003958,0.008946635054017464,0.31041377162658607,0.7777777777777777,1.0,0.7777777777777777,6
8,3,2,0.8162312693247836,0.8176538004842885,0.8148592358705683,0.021172246025592333,0.05931860869777652,0.022472376864032764,0.17594500846780384,0.013037042026909045,0.40713218452593114,0.5555555555555555,1.0,0.5555555555555555,6
8,3,5,0.8162312693247836,0.8176538004842885,0.8148592358705683,0.021172246025592333,0.05931860869777652,0.022472376864032764,0.17594500846780384,0.013037042026909045,0.40713218452593114,0.42857142857142855,1.0,0.5,6
8,3,2,0.8342040536426665,0.8276749930299141,0.8331434064468729,0.01836968105044945,0.04475275236869482,0.020941687362713048,0.18914712362834818,0.012608989485496153,0.4627723509665617,0.5555555555555555,1.0,0.5555555555555555,6
8,3,5,0.8342040536426665,0.8276749930299141,0.8331434064468729,0.01836968105044945,0.04475275236869482,0.020941687362713048,0.18914712362834818,0.012608989485496153,0.4627723509665617,0.6666666666666666,1.0,0.6190476190476191,6
8,3,2,0.8359802468689592,0.8267373647824245,0.8358247867223579,0.008987606996895046,0.028513256847780125,0.010159690263436043,0.26479358158997546,0.01828762148253315,0.6794685716627352,0.2222222222222222,0.3333333333333333,0.5555555555555555,7
8,3,5,0.8359802468689592,0.8267373647824245,0.8358247867223579,0.008987606996895046,0.028513256847780125,0.010159690263436043,0.26479358158997546,0.01828762148253315,0.6794685716627352,0.38888888888888884,0.7777777777777777,0.38888888888888884,7
8,3,2,0.840220330998131,0.8002636445074536,0.8461254578588439,0.025972279604037363,0.159041132842303,0.024745051749968067,0.15436540743670474,0.013341888900686692,1.0227316394971655,0.2222222222222222,0.2222222222222222,0.3333333333333333,7
8,3,5,0.840220330998131,0.8002636445074536,0.8461254578588439,0.025972279604037363,0.159041132842303,0.024745051749968067,0.15436540743670474,0.013341888900686692,1.0227316394971655,0.5873015873015873,0.6190476190476191,0.6190476190476191,7
8,3,2,0.9799678440814933,0.8866179603499906,0.9849172581008533,0.01000627269708039,0.14188975635524337,0.0371900468706569,0.17111021296857762,0.020589739189699814,0.8746504129381497,0.2222222222222222,0.5555555555555555,0.2222222222222222,7
8,3,5,0.9799678440814933,0.8866179603499906,0.9849172581008533,0.01000627269708039,0.14188975635524337,0.0371900468706569,0.17111021296857762,0.020589739189699814,0.8746504129381497,0.38888888888888884,0.6190476190476191,0.42857142857142855,7
8,3,2,0.973408375247417,0.8070597279035522,0.9625323888243825,0.011381954850866743,0.12291516544199559,0.04267499576333754,0.16480154329766414,0.01799571412786814,0.678118222716938,0.3333333333333333,1.0,0.2222222222222222,7
8,3,5,0.973408375247417,0.8070597279035522,0.9625323888243825,0.011381954850866743,0.12291516544199559,0.04267499576333754,0.16480154329766414,0.01799571412786814,0.678118222716938,0.4484126984126984,0.5873015873015873,0.30952380952380953,7
8,3,2,0.8300138499083224,0.8010728243486921,0.836288200669488,0.020988399006098463,0.04831684972442829,0.02415828203751825,0.18308724472103177,0.013121616112857008,0.41495841860520094,0.3333333333333333,1.0,0.5555555555555555,7
8,3,5,0.8300138499083224,0.8010728243486921,0.836288200669488,0.020988399006098463,0.04831684972442829,0.02415828203751825,0.18308724472103177,0.013121616112857008,0.41495841860520094,0.6190476190476191,1.0,0.6190476190476191,7
8,3,2,0.9506256291794457,0.690374632654543,0.9506256291794457,0.20370571130776385,0.4794779473547087,0.18024151420467358,0.053590244043320356,0.007227227789560109,0.1476703882556885,0.5555555555555555,1.0,0.5555555555555555,7
8,3,5,0.9506256291794457,0.690374632654543,0.9506256291794457,0.20370571130776385,0.4794779473547087,0.18024151420467358,0.053590244043320356,0.007227227789560109,0.1476703882556885,0.5873015873015873,1.0,0.6190476190476191,7
8,3,2,0.8323937744553016,0.8158157846590818,0.8168100164075143,0.008651047090548914,0.020447361017406268,0.012650593582257995,0.2656689872364273,0.018202808679778044,0.8239335009103824,0.2222222222222222,1.0,0.2222222222222222,7
8,3,5,0.8323937744553016,0.8158157846590818,0.8168100164075143,0.008651047090548914,0.020447361017406268,0.012650593582257995,0.2656689872364273,0.018202808679778044,0.8239335009103824,0.36904761904761907,0.5,0.42857142857142855,7
8,3,2,0.8646915790111119,0.7887602008281901,0.8715323933708781,0.014028941846232892,0.03521242171251812,0.020954565321686332,0.1894531653962769,0.014600478065702598,0.4667824924903703,0.2222222222222222,1.0,0.3333333333333333,7
8,3,5,0.8646915790111119,0.7887602008281901,0.8715323933708781,0.014028941846232892,0.03521242171251812,0.020954565321686332,0.1894531653962769,0.014600478065702598,0.4667824924903703,0.5,1.0,0.6190476190476191,7
8,3,2,0.8374471977780202,0.8132730375586134,0.8262035458503328,0.01530718667007162,0.038164583878706755,0.01800325959118025,0.19442481150044402,0.013147978090418563,0.8617875673022382,0.5555555555555555,0.2222222222222222,0.2222222222222222,8
8,3,5,0.8374471977780202,0.8132730375586134,0.8262035458503328,0.01530718667007162,0.038164583878706755,0.01800325959118025,0.19442481150044402,0.013147978090418563,0.8617875673022382,0.5873015873015873,0.5873015873015873,0.5079365079365079,8
8,3,2,0.8095846377486053,0.8135034946386275,0.8031970600761755,0.012648834864146438,0.033993987424331545,0.013778213128760868,0.21882314057220542,0.017174783220264105,0.786252614965102,0.2222222222222222,0.1111111111111111,0.1111111111111111,8
8,3,5,0.8095846377486053,0.8135034946386275,0.8031970600761755,0.012648834864146438,0.033993987424331545,0.013778213128760868,0.21882314057220542,0.017174783220264105,0.786252614965102,0.5079365079365079,0.5079365079365079,0.6666666666666666,8
8,3,2,0.8353172719958245,0.8360539081886363,0.858619634296249,0.017914626760529382,0.02608404901253687,0.017020552615029112,0.20286191905866788,0.01708809428871351,0.5370101597435732,0.2222222222222222,1.0,0.3333333333333333,8
8,3,5,0.8353172719958245,0.8360539081886363,0.858619634296249,0.017914626760529382,0.02608404901253687,0.017020552615029112,0.20286191905866788,0.01708809428871351,0.5370101597435732,0.7777777777777777,0.7777777777777777,0.5873015873015873,8
8,3,2,0.8136561737908019,0.8076905902973551,0.8133531550131015,0.032505705744240235,0.04577660538254826,0.05185387918794282,0.13806255522163655,0.012294569861607145,0.4193077024123599,0.3333333333333333,0.2222222222222222,0.2222222222222222,8
8,3,5,0.8136561737908019,0.8076905902973551,0.8133531550131015,0.032505705744240235,0.04577660538254826,0.05185387918794282,0.13806255522163655,0.012294569861607145,0.4193077024123599,0.5873015873015873,0.6666666666666666,0.5873015873015873,8
8,3,2,0.8877919069990438,0.9082242301148481,0.8866752283159793,0.009053855661987027,0.033650296152458466,0.01212482004831581,0.24244992544512836,0.017959097167550078,0.6929721675062989,0.5555555555555555,0.5555555555555555,0.2222222222222222,8
8,3,5,0.8877919069990438,0.9082242301148481,0.8866752283159793,0.009053855661987027,0.033650296152458466,0.01212482004831581,0.24244992544512836,0.017959097167550078,0.6929721675062989,0.36904761904761907,0.6190476190476191,0.5873015873015873,8
8,3,2,0.8482792906619008,0.7955516774273349,0.8273215171883734,0.012443149358040782,0.0326680544525295,0.013781115970158714,0.21737128438841943,0.017559887817376593,0.7618850426014517,0.3333333333333333,0.2222222222222222,0.2222222222222222,8
8,3,5,0.8482792906619008,0.7955516774273349,0.8273215171883734,0.012443149358040782,0.0326680544525295,0.013781115970158714,0.21737128438841943,0.017559887817376593,0.7618850426014517,0.5873015873015873,0.7777777777777777,0.5079365079365079,8
8,3,2,0.792928354427585,0.8209627007974251,0.7826567740502957,0.009769799640273373,0.03441501222136395,0.011823150472579168,0.23720453834907135,0.015660472339665114,0.8162228890380449,0.3333333333333333,0.5555555555555555,0.2222222222222222,8
8,3,5,0.792928354427585,0.8209627007974251,0.7826567740502957,0.009769799640273373,0.03441501222136395,0.011823150472579168,0.23720453834907135,0.015660472339665114,0.8162228890380449,0.5079365079365079,0.6190476190476191,0.5079365079365079,8
8,3,2,0.8847568777570924,0.8758925149037606,0.8736990107171141,0.03007127828240517,0.047309753523252326,0.032036205533066575,0.1631101298397271,0.014615332995646125,0.47886228197458147,0.5555555555555555,0.5555555555555555,0.3333333333333333,8
8,3,5,0.8847568777570924,0.8758925149037606,0.8736990107171141,0.03007127828240517,0.047309753523252326,0.032036205533066575,0.1631101298397271,0.014615332995646125,0.47886228197458147,0.6666666666666666,0.5873015873015873,0.6666666666666666,8
8,3,2,0.6799422137207439,0.6752484712308591,0.6838380646831991,0.08089806452001841,0.17838484779695357,0.09731254780866112,0.11313530795264876,0.007471156392774095,0.2981813097715068,0.3333333333333333,0.2222222222222222,0.3333333333333333,9
8,3,5,0.6799422137207439,0.6752484712308591,0.6838380646831991,0.08089806452001841,0.17838484779695357,0.09731254780866112,0.11313530795264876,0.007471156392774095,0.2981813097715068,0.5873015873015873,0.5079365079365079,0.5079365079365079,9
8,3,2,0.7060942407823169,0.7196423574349873,0.6887455984264046,0.05109659958877997,0.08381504246342622,0.06486192784504297,0.1470139619924375,0.009059217837706923,0.3761587894397895,0.1111111111111111,0.3333333333333333,0.5555555555555555,9
8,3,5,0.7060942407823169,0.7196423574349873,0.6887455984264046,0.05109659958877997,0.08381504246342622,0.06486192784504297,0.1470139619924375,0.009059217837706923,0.3761587894397895,0.5873015873015873,0.5079365079365079,0.6190476190476191,9
8,3,2,0.727063480686308,0.7214989706769755,0.7265392724614002,0.08916313002932044,0.15122994186245248,0.12173335063537541,0.10321129554385723,0.008841658571496526,0.3146416891414828,0.2222222222222222,0.2222222222222222,0.2222222222222222,9
8,3,5,0.727063480686308,0.7214989706769755,0.7265392724614002,0.08916313002932044,0.15122994186245248,0.12173335063537541,0.10321129554385723,0.008841658571496526,0.3146416891414828,0.5873015873015873,0.5079365079365079,0.6666666666666666,9
8,3,2,0.6473687131449775,0.6577397012651371,0.6477679711795771,0.10345910423980256,0.23553722528823934,0.14693267422458972,0.09559010982708112,0.007077481890483487,0.26342893905861364,0.2222222222222222,0.1111111111111111,0.2222222222222222,9
8,3,5,0.6473687131449775,0.6577397012651371,0.6477679711795771,0.10345910423980256,0.23553722528823934,0.14693267422458972,0.09559010982708112,0.007077481890483487,0.26342893905861364,0.44841269841269843,0.6666666666666666,0.6190476190476191,9
8,3,2,0.8902182114971406,0.8959786050501086,0.8849549881974182,0.009939435251635823,0.02480472263340003,0.01379078542525476,0.3342645328398936,0.022678549733759427,0.9296049709951355,0.3333333333333333,1.0,0.2222222222222222,9
8,3,5,0.8902182114971406,0.8959786050501086,0.8849549881974182,0.009939435251635823,0.02480472263340003,0.01379078542525476,0.3342645328398936,0.022678549733759427,0.9296049709951355,1.0,1.0,0.42857142857142855,9
8,3,2,0.7052096839555194,0.6221076899600044,0.7085370409485175,0.08528643426265164,0.15693725855721863,0.11799774557568149,0.1262532432793161,0.008127495437685454,0.3253079119466269,0.2222222222222222,0.3333333333333333,0.2222222222222222,9
8,3,5,0.7052096839555194,0.6221076899600044,0.7085370409485175,0.08528643426265164,0.15693725855721863,0.11799774557568149,0.1262532432793161,0.008127495437685454,0.3253079119466269,0.5873015873015873,0.6666666666666666,0.5079365079365079,9
8,3,2,0.6679647456091583,0.6280468878447362,0.6565665971288535,0.06968690189210017,0.11670196375803296,0.10640504870277974,0.12688099736652328,0.008325569231955314,0.32356854178689637,0.2222222222222222,0.2222222222222222,0.5555555555555555,9
8,3,5,0.6679647456091583,0.6280468878447362,0.6565665971288535,0.06968690189210017,0.11670196375803296,0.10640504870277974,0.12688099736652328,0.008325569231955314,0.32356854178689637,0.44841269841269843,0.42857142857142855,0.5873015873015873,9
8,3,2,0.825317322578203,0.8482548867455548,0.8263909469145122,0.009899210776478361,0.025856511183656256,0.011891234097867966,0.35559369838118016,0.021879563253285623,1.1833870193156741,0.3333333333333333,0.3333333333333333,0.3333333333333333,9
8,3,5,0.825317322578203,0.8482548867455548,0.8263909469145122,0.009899210776478361,0.025856511183656256,0.011891234097867966,0.35559369838118016,0.021879563253285623,1.1833870193156741,0.6190476190476191,0.6190476190476191,0.42857142857142855,9
8,3,2,0.8054773322516712,0.819665919817463,0.7856625674104949,0.024229208322201566,0.056795798177777516,0.02029015172191069,0.19209418948592286,0.012073010633539437,0.9890313563389318,0.3333333333333333,0.5555555555555555,0.5555555555555555,10
8,3,5,0.8054773322516712,0.819665919817463,0.7856625674104949,0.024229208322201566,0.056795798177777516,0.02029015172191069,0.19209418948592286,0.012073010633539437,0.9890313563389318,0.7777777777777777,0.5873015873015873,0.6666666666666666,10
8,3,2,0.8289158560778788,0.8786295909571935,0.8552633427455548,0.014012209876906092,0.025472433490886896,0.012102231076367433,0.22698830598781122,0.017176899810635356,0.7181735881186864,0.5555555555555555,1.0,0.5555555555555555,10
8,3,5,0.8289158560778788,0.8786295909571935,0.8552633427455548,0.014012209876906092,0.025472433490886896,0.012102231076367433,0.22698830598781122,0.017176899810635356,0.7181735881186864,0.5873015873015873,0.7777777777777777,0.6666666666666666,10
8,3,2,0.8752460794709473,0.8916346450578574,0.8952885245543053,0.013550517392234462,0.036500564464214444,0.013470538851024819,0.24241043790110336,0.014500338801584644,0.692923226007119,0.5555555555555555,0.3333333333333333,0.5555555555555555,10
8,3,5,0.8752460794709473,0.8916346450578574,0.8952885245543053,0.013550517392234462,0.036500564464214444,0.013470538851024819,0.24241043790110336,0.014500338801584644,0.692923226007119,0.7777777777777777,0.6190476190476191,0.6190476190476191,10
8,3,2,0.8319331405327569,0.8972062458615476,0.8582272588913828,0.014620695726058328,0.02649099735033186,0.01702728901550174,0.2270754492905022,0.017561048444731116,0.7229994661525588,0.5555555555555555,0.5555555555555555,1.0,10
8,3,5,0.8319331405327569,0.8972062458615476,0.8582272588913828,0.014620695726058328,0.02649099735033186,0.01702728901550174,0.2270754492905022,0.017561048444731116,0.7229994661525588,0.5873015873015873,0.5873015873015873,0.6190476190476191,10
8,3,2,0.8710261407590962,0.8375730150013838,0.8927772725803095,0.04566446597430121,0.05159125041825219,0.025616586267213984,0.13472682299890237,0.012610648148814062,0.8165512156287437,0.2222222222222222,0.5555555555555555,0.5555555555555555,10
8,3,5,0.8710261407590962,0.8375730150013838,0.8927772725803095,0.04566446597430121,0.05159125041825219,0.025616586267213984,0.13472682299890237,0.012610648148814062,0.8165512156287437,0.5079365079365079,0.5873015873015873,0.7777777777777777,10
8,3,2,0.903114625448034,0.8586433734233971,0.8962241211247928,0.021789399292113713,0.04982322723060447,0.037374795943894534,0.16592658103806487,0.017348343385290666,0.5579777062704551,0.5555555555555555,0.5555555555555555,0.2222222222222222,10
8,3,5,0.903114625448034,0.8586433734233971,0.8962241211247928,0.021789399292113713,0.04982322723060447,0.037374795943894534,0.16592658103806487,0.017348343385290666,0.5579777062704551,0.5079365079365079,0.5873015873015873,0.5079365079365079,10
8,3,2,0.8214463706798987,0.8373822284748764,0.8300436086389841,0.006908426985479466,0.02509515366557445,0.00763903983238027,0.24880299843297674,0.015147356633960034,0.6944295265457135,0.5555555555555555,0.2222222222222222,0.5555555555555555,10
8,3,5,0.8214463706798987,0.8373822284748764,0.8300436086389841,0.006908426985479466,0.02509515366557445,0.00763903983238027,0.24880299843297674,0.015147356633960034,0.6944295265457135,0.6190476190476191,0.6190476190476191,0.4484126984126984,10
8,3,2,0.8520098490264119,0.8558687587809797,0.8385630194120575,0.00973673353650411,0.025994834167840573,0.00888122301146411,0.2509809811875069,0.016052906394269536,0.6796484851700508,0.5555555555555555,0.3333333333333333,0.3333333333333333,10
8,3,5,0.8520098490264119,0.8558687587809797,0.8385630194120575,0.00973673353650411,0.025994834167840573,0.00888122301146411,0.2509809811875069,0.016052906394269536,0.6796484851700508,0.7777777777777777,0.6190476190476191,0.5873015873015873,10
8,3,2,0.9167513493235033,0.7728256975308365,0.9139762868588612,0.0681392068938796,0.18156167836511677,0.0698313034860542,0.09787030184992936,0.00930945713903478,0.2572359338120089,0.5555555555555555,0.5555555555555555,0.2222222222222222,11
8,3,5,0.9167513493235033,0.7728256975308365,0.9139762868588612,0.0681392068938796,0.18156167836511677,0.0698313034860542,0.09787030184992936,0.00930945713903478,0.2572359338120089,0.5079365079365079,0.6190476190476191,0.5079365079365079,11
8,3,2,0.8196572354325158,0.8061566995816181,0.8041750206855907,0.027256430554668882,0.07335985204437667,0.02708858172889255,0.16917436603997887,0.011348097296181687,0.42923985284773786,0.2222222222222222,0.2222222222222222,0.1111111111111111,11
8,3,5,0.8196572354325158,0.8061566995816181,0.8041750206855907,0.027256430554668882,0.07335985204437667,0.02708858172889255,0.16917436603997887,0.011348097296181687,0.42923985284773786,0.6666666666666666,0.7777777777777777,0.5079365079365079,11
8,3,2,0.8714422939973844,0.7846327133628113,0.8524429668790688,0.03321289712837356,0.08106952238165298,0.04333037293312284,0.18124639312366775,0.011920215410025487,0.6813447729332409,0.5555555555555555,0.5555555555555555,0.3333333333333333,11
8,3,5,0.8714422939973844,0.7846327133628113,0.8524429668790688,0.03321289712837356,0.08106952238165298,0.04333037293312284,0.18124639312366775,0.011920215410025487,0.6813447729332409,0.6666666666666666,0.6666666666666666,0.5079365079365079,11
8,3,2,0.9270297281678086,0.7234825149781664,0.9214873971088852,0.04569095720133998,0.23835563724686132,0.044846860453382875,0.11629887951855376,0.008139436733079906,0.3546859961384389,0.2222222222222222,0.2222222222222222,0.3333333333333333,11
8,3,5,0.9270297281678086,0.7234825149781664,0.9214873971088852,0.04569095720133998,0.23835563724686132,0.044846860453382875,0.11629887951855376,0.008139436733079906,0.3546859961384389,0.7777777777777777,0.42857142857142855,0.7777777777777777,11
8,3,2,0.7842954931898164,0.7771004572154356,0.779368220553642,0.023957730497620056,0.04457880690320776,0.038200761073555356,0.19275402480794543,0.01160880898687698,0.4867206190334798,0.1111111111111111,0.5555555555555555,0.5555555555555555,11
8,3,5,0.7842954931898164,0.7771004572154356,0.779368220553642,0.023957730497620056,0.04457880690320776,0.038200761073555356,0.19275402480794543,0.01160880898687698,0.4867206190334798,0.5079365079365079,0.6190476190476191,0.7777777777777777,11
8,3,2,0.8518703853515736,0.7238729813493654,0.8540560428539781,0.03135133498232824,0.07047363195222284,0.0452704423217025,0.1566199315527473,0.011986149258839148,0.3953215198094853,0.5555555555555555,0.3333333333333333,0.3333333333333333,11
8,3,5,0.8518703853515736,0.7238729813493654,0.8540560428539781,0.03135133498232824,0.07047363195222284,0.0452704423217025,0.1566199315527473,0.011986149258839148,0.3953215198094853,0.36904761904761907,0.7777777777777777,0.7777777777777777,11
8,3,2,0.8513909478610034,0.8468376417661427,0.8369736937340287,0.0258853442132905,0.05603281018679056,0.03027638382309858,0.17114195910794253,0.011289559635253271,0.4236639295732483,0.5555555555555555,0.5555555555555555,0.5555555555555555,11
8,3,5,0.8513909478610034,0.8468376417661427,0.8369736937340287,0.0258853442132905,0.05603281018679056,0.03027638382309858,0.17114195910794253,0.011289559635253271,0.4236639295732483,0.6666666666666666,0.6190476190476191,0.7777777777777777,11
8,3,2,0.8171987534892445,0.8457816599183502,0.8091236647881259,0.012934937552918179,0.03008236474961742,0.018914312986080692,0.2744734288967415,0.017016311507838347,0.8156885483963676,0.3333333333333333,0.5555555555555555,0.3333333333333333,11
8,3,5,0.8171987534892445,0.8457816599183502,0.8091236647881259,0.012934937552918179,0.03008236474961742,0.018914312986080692,0.2744734288967415,0.017016311507838347,0.8156885483963676,0.7777777777777777,0.5,0.36904761904761907,11
8,3,2,0.7830307294074131,0.8244107662035672,0.7655672175881216,0.018163889040638682,0.03434912262328364,0.018127673299181274,0.2524674132810517,0.015234745050494393,0.7839373819789517,0.3333333333333333,0.5555555555555555,0.3333333333333333,12
8,3,5,0.7830307294074131,0.8244107662035672,0.7655672175881216,0.018163889040638682,0.03434912262328364,0.018127673299181274,0.2524674132810517,0.015234745050494393,0.7839373819789517,0.36904761904761907,0.6190476190476191,0.5873015873015873,12
8,3,2,0.8067435649707213,0.7329396015448563,0.7997785861614208,0.041982974962844144,0.19713793383040568,0.08474251328842386,0.10330839544089725,0.010033921168406738,0.31413611047591145,0.3333333333333333,0.3333333333333333,0.2222222222222222,12
8,3,5,0.8067435649707213,0.7329396015448563,0.7997785861614208,0.041982974962844144,0.19713793383040568,0.08474251328842386,0.10330839544089725,0.010033921168406738,0.31413611047591145,0.5079365079365079,0.5079365079365079,0.42857142857142855,12
8,3,2,0.8169155969868853,0.8138501282349594,0.83178403005346,0.010025168197117105,0.041257495711355834,0.011995490854955385,0.22050888545645347,0.014405137981861719,0.6784326854728171,0.1111111111111111,0.5555555555555555,0.2222222222222222,12
8,3,5,0.8169155969868853,0.8138501282349594,0.83178403005346,0.010025168197117105,0.041257495711355834,0.011995490854955385,0.22050888545645347,0.014405137981861719,0.6784326854728171,0.42857142857142855,0.5079365079365079,0.30952380952380953,12
8,3,2,0.8247648332640606,0.7630213998590152,0.8200973371183005,0.017030283637567083,0.06592845481837306,0.03806672775699562,0.17635206944838328,0.01259804731900898,0.4864003609239756,0.1111111111111111,0.2222222222222222,0.2222222222222222,12
8,3,5,0.8247648332640606,0.7630213998590152,0.8200973371183005,0.017030283637567083,0.06592845481837306,0.03806672775699562,0.17635206944838328,0.01259804731900898,0.4864003609239756,0.36904761904761907,0.4484126984126984,0.6190476190476191,12
8,3,2,0.8819468537458707,0.8931558679042396,0.887364534659031,0.004404165535198442,0.01011399553777042,0.004943576067517988,0.38632517333967975,0.025845650923417545,1.0788553733022397,0.5555555555555555,1.0,0.5555555555555555,12
8,3,5,0.8819468537458707,0.8931558679042396,0.887364534659031,0.004404165535198442,0.01011399553777042,0.004943576067517988,0.38632517333967975,0.025845650923417545,1.0788553733022397,0.5873015873015873,1.0,0.5079365079365079,12
8,3,2,0.9048511670662155,0.7880748864237269,0.9000707716268864,0.007858184763743715,0.05699938686824796,0.022792108172671764,0.22417535270664377,0.014731806352298458,0.7043857388650164,0.1111111111111111,0.5555555555555555,0.3333333333333333,12
8,3,5,0.9048511670662155,0.7880748864237269,0.9000707716268864,0.007858184763743715,0.05699938686824796,0.022792108172671764,0.22417535270664377,0.014731806352298458,0.7043857388650164,0.38888888888888884,0.5079365079365079,0.30952380952380953,12
8,3,2,0.8546156656544421,0.7589941918841022,0.859459434697804,0.13818787324318366,0.15452809391001573,0.14928725160402848,0.08923747277938263,0.008112777847061195,0.2843238381412689,0.3333333333333333,0.2222222222222222,0.2222222222222222,12
8,3,5,0.8546156656544421,0.7589941918841022,0.859459434697804,0.13818787324318366,0.15452809391001573,0.14928725160402848,0.08923747277938263,0.008112777847061195,0.2843238381412689,0.5079365079365079,0.5873015873015873,0.5873015873015873,12
8,3,2,0.744968484069352,0.722926725743594,0.7545333890242878,0.030081767924546476,0.07763813434760021,0.038139058063690764,0.12507240445394704,0.010937706238167581,0.5598807710259625,0.1111111111111111,0.5555555555555555,0.1111111111111111,12
8,3,5,0.744968484069352,0.722926725743594,0.7545333890242878,0.030081767924546476,0.07763813434760021,0.038139058063690764,0.12507240445394704,0.010937706238167581,0.5598807710259625,0.42857142857142855,0.44841269841269843,0.36904761904761907,12
8,3,2,0.6725485296064595,0.6242433609828364,0.6713416336654878,0.030675365890511813,0.057710755894702384,0.040409985706876164,0.23525005779553101,0.021297247190631936,0.9065851751213866,1.0,0.5555555555555555,0.5555555555555555,13
8,3,5,0.6725485296064595,0.6242433609828364,0.6713416336654878,0.030675365890511813,0.057710755894702384,0.040409985706876164,0.23525005779553101,0.021297247190631936,0.9065851751213866,0.5079365079365079,0.5079365079365079,0.5079365079365079,13
8,3,2,0.8528594972287279,0.8327297226453408,0.8598504052404675,0.028708106848070687,0.08860945842046762,0.030786932887769902,0.2345764959249847,0.01620982820784823,0.7107702613875245,1.0,0.5555555555555555,0.3333333333333333,13
8,3,5,0.8528594972287279,0.8327297226453408,0.8598504052404675,0.028708106848070687,0.08860945842046762,0.030786932887769902,0.2345764959249847,0.01620982820784823,0.7107702613875245,0.5079365079365079,0.5873015873015873,0.42857142857142855,13
8,3,2,0.8524455598622908,0.8367374524092123,0.8431161475532644,0.044073251486218774,0.05429345036239721,0.04190667003938477,0.24323917515331722,0.017475045025678763,0.8284698174805186,1.0,0.5555555555555555,0.3333333333333333,13
8,3,5,0.8524455598622908,0.8367374524092123,0.8431161475532644,0.044073251486218774,0.05429345036239721,0.04190667003938477,0.24323917515331722,0.017475045025678763,0.8284698174805186,0.5079365079365079,0.5079365079365079,0.42857142857142855,13
8,3,2,0.9571887647983087,0.9158113688293525,0.9571887647983087,0.07233979380393966,0.1946763566148515,0.09406716471701042,0.17193343298782046,0.01669575565383846,0.7380997766553856,0.1111111111111111,0.2222222222222222,0.2222222222222222,13
8,3,5,0.9571887647983087,0.9158113688293525,0.9571887647983087,0.07233979380393966,0.1946763566148515,0.09406716471701042,0.17193343298782046,0.01669575565383846,0.7380997766553856,0.5079365079365079,0.38888888888888884,0.7777777777777777,13
8,3,2,0.7993978768223369,0.8247456595546409,0.7789603579236635,0.00980357452457913,0.015752038968604814,0.010711707156152241,0.4416962977042784,0.032958016665938575,1.2442708709197716,0.2222222222222222,0.5555555555555555,0.3333333333333333,13
8,3,5,0.7993978768223369,0.8247456595546409,0.7789603579236635,0.00980357452457913,0.015752038968604814,0.010711707156152241,0.4416962977042784,0.032958016665938575,1.2442708709197716,0.42857142857142855,0.7777777777777777,0.5079365079365079,13
8,3,2,0.8846126099697061,0.8064778420015863,0.8840278120740561,0.027657610948264126,0.06012961915590815,0.032699439473906446,0.19646283436020942,0.01668041620087812,0.6089068171076073,0.5555555555555555,0.5555555555555555,0.3333333333333333,13
8,3,5,0.8846126099697061,0.8064778420015863,0.8840278120740561,0.027657610948264126,0.06012961915590815,0.032699439473906446,0.19646283436020942,0.01668041620087812,0.6089068171076073,0.6190476190476191,0.7777777777777777,0.6666666666666666,13
8,3,2,0.8886630312024555,0.8856826030323917,0.8849850186299475,0.013481058708341171,0.03040243788479368,0.021141557183919097,0.30180706665970164,0.02433394252909666,1.022893882333985,0.5555555555555555,0.5555555555555555,0.3333333333333333,13
8,3,5,0.8886630312024555,0.8856826030323917,0.8849850186299475,0.013481058708341171,0.03040243788479368,0.021141557183919097,0.30180706665970164,0.02433394252909666,1.022893882333985,0.5079365079365079,0.6190476190476191,0.5873015873015873,13
8,3,2,0.7957666894071697,0.8062278378866319,0.8154089296972871,0.011850980542423428,0.03379300990604301,0.01645584524005551,0.3011495289491594,0.02341743159941921,1.042472563037878,0.5555555555555555,0.3333333333333333,0.3333333333333333,13
8,3,5,0.7957666894071697,0.8062278378866319,0.8154089296972871,0.011850980542423428,0.03379300990604301,0.01645584524005551,0.3011495289491594,0.02341743159941921,1.042472563037878,0.5079365079365079,0.5873015873015873,0.5079365079365079,13
8,3,2,0.8180485916681477,0.8615199601701405,0.813173778779999,0.01742302490847057,0.03798670130949368,0.01837646990987472,0.37206961988244974,0.02313109450477404,1.046709355958972,0.5555555555555555,0.5555555555555555,0.5555555555555555,14
8,3,5,0.8180485916681477,0.8615199601701405,0.813173778779999,0.01742302490847057,0.03798670130949368,0.01837646990987472,0.37206961988244974,0.02313109450477404,1.046709355958972,0.6190476190476191,0.6190476190476191,0.6190476190476191,14
8,3,2,0.883875010540465,0.8642089652995102,0.8717692205018199,0.004685986205268253,0.01078485955243793,0.004569237695218213,0.6022665631126579,0.042632532860807155,1.8296808351355114,0.2222222222222222,0.3333333333333333,0.1111111111111111,14
8,3,5,0.883875010540465,0.8642089652995102,0.8717692205018199,0.004685986205268253,0.01078485955243793,0.004569237695218213,0.6022665631126579,0.042632532860807155,1.8296808351355114,0.5079365079365079,0.6190476190476191,0.36904761904761907,14
8,3,2,0.8940746698812442,0.8932138441034456,0.8869727254648297,0.003512199088491608,0.006471228988047546,0.0037160421483247615,0.775711217081124,0.04800145864110859,2.1944212173905115,0.5555555555555555,1.0,0.2222222222222222,14
8,3,5,0.8940746698812442,0.8932138441034456,0.8869727254648297,0.003512199088491608,0.006471228988047546,0.0037160421483247615,0.775711217081124,0.04800145864110859,2.1944212173905115,0.44841269841269843,1.0,0.38888888888888884,14
8,3,2,0.848827877561947,0.8203851806229251,0.8375193569579157,0.015549530111640305,0.034264088832724846,0.02445050637453384,0.3374786219992308,0.030488407717448804,1.2719786301203218,0.2222222222222222,0.5555555555555555,0.3333333333333333,14
8,3,5,0.848827877561947,0.8203851806229251,0.8375193569579157,0.015549530111640305,0.034264088832724846,0.02445050637453384,0.3374786219992308,0.030488407717448804,1.2719786301203218,0.5079365079365079,0.5079365079365079,0.5079365079365079,14
8,3,2,0.8500067278228121,0.863751717456534,0.8289949156536605,0.002021732546133002,0.005231788612983342,0.0025205167870256044,0.6920149615858426,0.04751395239818065,1.8866829565066634,0.5555555555555555,1.0,0.2222222222222222,14
8,3,5,0.8500067278228121,0.863751717456534,0.8289949156536605,0.002021732546133002,0.005231788612983342,0.0025205167870256044,0.6920149615858426,0.04751395239818065,1.8866829565066634,0.5873015873015873,0.7777777777777777,0.5,14
8,3,2,0.8856926000977859,0.8764328978081756,0.8807169542109984,0.0024713808972236695,0.008710149623113535,0.0043843257724589515,0.6306805125158609,0.04307780975536853,1.8401349115407157,0.3333333333333333,0.3333333333333333,0.2222222222222222,14
8,3,5,0.8856926000977859,0.8764328978081756,0.8807169542109984,0.0024713808972236695,0.008710149623113535,0.0043843257724589515,0.6306805125158609,0.04307780975536853,1.8401349115407157,0.5079365079365079,0.7777777777777777,0.7777777777777777,14
8,3,2,0.8233202367908298,0.8198601057705491,0.8345070303235148,0.002510673389311889,0.005034874060152985,0.003314186010081785,0.7327416451411527,0.04925064513280098,1.8794530340969067,0.5555555555555555,0.5555555555555555,0.3333333333333333,14
8,3,5,0.8233202367908298,0.8198601057705491,0.8345070303235148,0.002510673389311889,0.005034874060152985,0.003314186010081785,0.7327416451411527,0.04925064513280098,1.8794530340969067,0.5873015873015873,0.7777777777777777,0.36904761904761907,14
8,3,2,0.862556027511324,0.8789225502558408,0.8556943749342204,0.0019411248443317577,0.005573333430887099,0.0024759342653185995,0.6642650740935746,0.0505529281933884,1.659409279327104,0.5555555555555555,1.0,0.3333333333333333,14
8,3,5,0.862556027511324,0.8789225502558408,0.8556943749342204,0.0019411248443317577,0.005573333430887099,0.0024759342653185995,0.6642650740935746,0.0505529281933884,1.659409279327104,0.44841269841269843,1.0,0.5079365079365079,14
8,3,2,0.8563357643080152,0.7840565660582933,0.850627493439157,0.07702418693489799,0.08715338256097445,0.04685218644744852,0.08499962596015569,0.009233942886329977,0.315590485172584,0.5555555555555555,0.5555555555555555,1.0,15
8,3,5,0.8563357643080152,0.7840565660582933,0.850627493439157,0.07702418693489799,0.08715338256097445,0.04685218644744852,0.08499962596015569,0.009233942886329977,0.315590485172584,0.5079365079365079,0.7777777777777777,0.7777777777777777,15
8,3,2,0.8703504510169414,0.8235861880282159,0.8780626845478955,0.054890947580740396,0.06587394451901932,0.035327795889908954,0.10570154544952862,0.01137752084842202,0.3831108629326463,0.5555555555555555,0.5555555555555555,1.0,15
8,3,5,0.8703504510169414,0.8235861880282159,0.8780626845478955,0.054890947580740396,0.06587394451901932,0.035327795889908954,0.10570154544952862,0.01137752084842202,0.3831108629326463,0.4484126984126984,0.5079365079365079,0.7777777777777777,15
8,3,2,0.837312308179069,0.7120675375182519,0.8368034680371637,0.058735913402363775,0.13467506289890246,0.05562639233472608,0.09268914066313422,0.008017968097402234,0.2677392511952423,0.2222222222222222,0.2222222222222222,0.5555555555555555,15
8,3,5,0.837312308179069,0.7120675375182519,0.8368034680371637,0.058735913402363775,0.13467506289890246,0.05562639233472608,0.09268914066313422,0.008017968097402234,0.2677392511952423,0.36904761904761907,0.36904761904761907,0.5079365079365079,15
8,3,2,0.8067740956339104,0.8235615728579062,0.8344320999815846,0.009847220395189274,0.03820317892528907,0.010897921965571435,0.24130586064107032,0.01588010423096453,0.9792387807392638,0.1111111111111111,0.3333333333333333,0.3333333333333333,15
8,3,5,0.8067740956339104,0.8235615728579062,0.8344320999815846,0.009847220395189274,0.03820317892528907,0.010897921965571435,0.24130586064107032,0.01588010423096453,0.9792387807392638,0.42857142857142855,0.42857142857142855,0.5873015873015873,15
8,3,2,0.8222455481619276,0.8688221260286878,0.8157872657971051,0.01609515579173503,0.03808063913834065,0.017677944284127865,0.2450165813868025,0.015488124871637829,0.9345093254783837,0.5555555555555555,0.3333333333333333,0.2222222222222222,15
8,3,5,0.8222455481619276,0.8688221260286878,0.8157872657971051,0.01609515579173503,0.03808063913834065,0.017677944284127865,0.2450165813868025,0.015488124871637829,0.9345093254783837,0.5873015873015873,0.6666666666666666,0.42857142857142855,15
8,3,2,0.8353907654159929,0.7524143375055812,0.8588688690118724,0.037921261150515556,0.09574636184372765,0.04721471260170304,0.11725216395678283,0.008885861418885126,0.29392751061551686,0.2222222222222222,0.2222222222222222,0.3333333333333333,15
8,3,5,0.8353907654159929,0.7524143375055812,0.8588688690118724,0.037921261150515556,0.09574636184372765,0.04721471260170304,0.11725216395678283,0.008885861418885126,0.29392751061551686,0.5873015873015873,0.4484126984126984,0.6190476190476191,15
8,3,2,0.7852537133843988,0.7131419027387638,0.7870550550582561,0.05621462638888274,0.12988689893580008,0.06933222086167481,0.10291939890116834,0.006390436256618428,0.25930852532357995,0.1111111111111111,0.3333333333333333,0.1111111111111111,15
8,3,5,0.7852537133843988,0.7131419027387638,0.7870550550582561,0.05621462638888274,0.12988689893580008,0.06933222086167481,0.10291939890116834,0.006390436256618428,0.25930852532357995,0.6666666666666666,0.4484126984126984,0.7777777777777777,15
8,3,2,0.9037862918859613,0.8771670612380256,0.8858984149315711,0.02255190878796999,0.030557689776995838,0.020345041197890566,0.14020001305356974,0.014359169857548546,0.4539656669577793,0.3333333333333333,0.3333333333333333,0.5555555555555555,15
8,3,5,0.9037862918859613,0.8771670612380256,0.8858984149315711,0.02255190878796999,0.030557689776995838,0.020345041197890566,0.14020001305356974,0.014359169857548546,0.4539656669577793,0.5873015873015873,0.5079365079365079,0.7777777777777777,15
8,3,2,0.8894370724590749,0.8986547958215042,0.8952192684541525,0.011634380410779768,0.03614496680067882,0.014932073503095718,0.24565919071339062,0.014414946152302899,0.7630591183239819,0.2222222222222222,0.5555555555555555,0.1111111111111111,16
8,3,5,0.8894370724590749,0.8986547958215042,0.8952192684541525,0.011634380410779768,0.03614496680067882,0.014932073503095718,0.24565919071339062,0.014414946152302899,0.7630591183239819,0.6190476190476191,0.5873015873015873,0.6666666666666666,16
8,3,2,0.8338271894104279,0.8552180476498666,0.8334516482719861,0.009809579711739605,0.027944859941808578,0.013896085075163963,0.2690186717954397,0.016740283572553808,0.8061154529192192,0.2222222222222222,0.5555555555555555,0.2222222222222222,16
8,3,5,0.8338271894104279,0.8552180476498666,0.8334516482719861,0.009809579711739605,0.027944859941808578,0.013896085075163963,0.2690186717954397,0.016740283572553808,0.8061154529192192,0.5873015873015873,0.7777777777777777,0.4484126984126984,16
8,3,2,0.8120705429542175,0.8436447554774817,0.8120705429542175,0.015864993724750157,0.03237948518570387,0.018650405826877905,0.21495968526532477,0.013140818760272063,0.5567403163454069,0.5555555555555555,1.0,0.3333333333333333,16
8,3,5,0.8120705429542175,0.8436447554774817,0.8120705429542175,0.015864993724750157,0.03237948518570387,0.018650405826877905,0.21495968526532477,0.013140818760272063,0.5567403163454069,0.7777777777777777,0.6190476190476191,0.7777777777777777,16
8,3,2,0.8183222036045186,0.8348332991591312,0.823746014566545,0.00934289563055896,0.039671584951933334,0.014163512601382707,0.20992712895919213,0.013108373655412127,0.5928177143289836,0.5555555555555555,0.5555555555555555,0.2222222222222222,16
8,3,5,0.8183222036045186,0.8348332991591312,0.823746014566545,0.00934289563055896,0.039671584951933334,0.014163512601382707,0.20992712895919213,0.013108373655412127,0.5928177143289836,0.4484126984126984,0.6190476190476191,0.5079365079365079,16
8,3,2,0.8264795354267763,0.8316940820275626,0.8209094429169789,0.020372977243287193,0.057737765708461695,0.026606713342986095,0.1660132508986059,0.012714369811185356,0.7038074836644796,0.2222222222222222,0.5555555555555555,0.3333333333333333,16
8,3,5,0.8264795354267763,0.8316940820275626,0.8209094429169789,0.020372977243287193,0.057737765708461695,0.026606713342986095,0.1660132508986059,0.012714369811185356,0.7038074836644796,0.36904761904761907,0.7777777777777777,0.7777777777777777,16
8,3,2,0.8637667002474203,0.7897936426436328,0.8651092930125716,0.012843212586417973,0.04109992252288802,0.01298162014991745,0.21090107310840653,0.011566482801976927,0.6257610863883831,0.3333333333333333,1.0,0.2222222222222222,16
8,3,5,0.8637667002474203,0.7897936426436328,0.8651092930125716,0.012843212586417973,0.04109992252288802,0.01298162014991745,0.21090107310840653,0.011566482801976927,0.6257610863883831,0.5873015873015873,1.0,0.6666666666666666,16
8,3,2,0.8648982443699882,0.9604092782353931,0.8357036714717829,0.01275923534624843,0.020810583583920145,0.016516709720402555,0.26344668692064777,0.019671484944039565,0.938287391347357,0.5555555555555555,0.5555555555555555,0.5555555555555555,16
8,3,5,0.8648982443699882,0.9604092782353931,0.8357036714717829,0.01275923534624843,0.020810583583920145,0.016516709720402555,0.26344668692064777,0.019671484944039565,0.938287391347357,0.44841269841269843,0.5079365079365079,0.7777777777777777,16
8,3,2,0.8047196651876449,0.8114915271822134,0.7936063865915104,0.00936960865355303,0.03167125151443622,0.013110861210440434,0.23035472124505188,0.014107579675966079,0.7162078390973884,0.2222222222222222,0.3333333333333333,0.5555555555555555,16
8,3,5,0.8047196651876449,0.8114915271822134,0.7936063865915104,0.00936960865355303,0.03167125151443622,0.013110861210440434,0.23035472124505188,0.014107579675966079,0.7162078390973884,0.4484126984126984,0.6190476190476191,0.5873015873015873,16
8,3,2,0.8565131329269358,0.8290028153968283,0.8581631589875988,0.012926906307338257,0.041028839751812304,0.014922676622630207,0.21990390909481056,0.012606721497487093,0.6401893346223847,0.2222222222222222,0.2222222222222222,0.2222222222222222,17
8,3,5,0.8565131329269358,0.8290028153968283,0.8581631589875988,0.012926906307338257,0.041028839751812304,0.014922676622630207,0.21990390909481056,0.012606721497487093,0.6401893346223847,0.5873015873015873,0.6190476190476191,0.5079365079365079,17
8,3,2,0.8207841829262802,0.7878758505510026,0.8203713523090734,0.01886102933701973,0.054625028747523376,0.01636708202019324,0.1803177365935472,0.011324381984389785,0.5281930486998567,0.3333333333333333,0.5555555555555555,0.5555555555555555,17
8,3,5,0.8207841829262802,0.7878758505510026,0.8203713523090734,0.01886102933701973,0.054625028747523376,0.01636708202019324,0.1803177365935472,0.011324381984389785,0.5281930486998567,0.5873015873015873,0.5079365079365079,0.5079365079365079,17
8,3,2,0.8147298337892811,0.723748458464121,0.8234041507033041,0.03275549824686473,0.09767822633395432,0.048040889780111576,0.1327832751531696,0.008893015919720961,0.3444793103692892,1.0,0.5555555555555555,0.5555555555555555,17
8,3,5,0.8147298337892811,0.723748458464121,0.8234041507033041,0.03275549824686473,0.09767822633395432,0.048040889780111576,0.1327832751531696,0.008893015919720961,0.3444793103692892,0.6190476190476191,0.7777777777777777,1.0,17
8,3,2,0.7327295294713817,0.612088061338287,0.727353138832642,0.1846804424450911,0.23872929251351976,0.19364220636549456,0.07136724274443101,0.004558318288645883,0.18621412304825077,0.5555555555555555,0.3333333333333333,0.2222222222222222,17
8,3,5,0.7327295294713817,0.612088061338287,0.727353138832642,0.1846804424450911,0.23872929251351976,0.19364220636549456,0.07136724274443101,0.004558318288645883,0.18621412304825077,0.4484126984126984,0.6666666666666666,0.4484126984126984,17
8,3,2,0.8148822178215547,0.8428169368033611,0.8112154453956806,0.03315065423678118,0.08402509720004528,0.03770275114755865,0.17250866283897254,0.010330275962317198,0.6250406345769982,0.3333333333333333,0.5555555555555555,0.3333333333333333,17
8,3,5,0.8148822178215547,0.8428169368033611,0.8112154453956806,0.03315065423678118,0.08402509720004528,0.03770275114755865,0.17250866283897254,0.010330275962317198,0.6250406345769982,0.5873015873015873,0.5079365079365079,0.6666666666666666,17
8,3,2,0.8627207051028762,0.8588941544283327,0.8748179780625976,0.017794413139367075,0.05234607738444518,0.01811219084157056,0.17061889446226022,0.012740834616280875,0.6985109256890741,0.5555555555555555,0.5555555555555555,0.3333333333333333,17
8,3,5,0.8627207051028762,0.8588941544283327,0.8748179780625976,0.017794413139367075,0.05234607738444518,0.01811219084157056,0.17061889446226022,0.012740834616280875,0.6985109256890741,0.5873015873015873,0.5873015873015873,0.5,17
8,3,2,0.8113355529022108,0.8194192863600317,0.7951749687706161,0.02625895040899255,0.0637834671856099,0.021229484552875197,0.1752413358931745,0.010740448045085926,0.5731328803997526,0.5555555555555555,0.5555555555555555,0.3333333333333333,17
8,3,5,0.8113355529022108,0.8194192863600317,0.7951749687706161,0.02625895040899255,0.0637834671856099,0.021229484552875197,0.1752413358931745,0.010740448045085926,0.5731328803997526,0.7777777777777777,0.5,0.5079365079365079,17
8,3,2,0.7538771744103908,0.7485468852734866,0.7509733399828182,0.044754866228736985,0.07373496294668475,0.035360341157840945,0.12193207379467756,0.009284951527047992,0.40408728402300925,0.3333333333333333,0.2222222222222222,0.5555555555555555,17
8,3,5,0.7538771744103908,0.7485468852734866,0.7509733399828182,0.044754866228736985,0.07373496294668475,0.035360341157840945,0.12193207379467756,0.009284951527047992,0.40408728402300925,0.42857142857142855,0.38888888888888884,0.7777777777777777,17
8,3,2,0.8678452341382339,0.8334490114327816,0.8689987189779591,0.010760063548102959,0.036315656205137464,0.009903447075146034,0.17440089019939042,0.014924785731179358,0.6330845157288779,0.2222222222222222,0.1111111111111111,0.5555555555555555,18
8,3,5,0.8678452341382339,0.8334490114327816,0.8689987189779591,0.010760063548102959,0.036315656205137464,0.009903447075146034,0.17440089019939042,0.014924785731179358,0.6330845157288779,0.5079365079365079,0.5079365079365079,0.5873015873015873,18
8,3,2,0.8140497714835839,0.8379206479198876,0.7990676253988552,0.007521998253587639,0.025860691742106878,0.010432607723626846,0.2107783775924954,0.014235943146513537,0.6434489750478494,0.5555555555555555,0.1111111111111111,0.2222222222222222,18
8,3,5,0.8140497714835839,0.8379206479198876,0.7990676253988552,0.007521998253587639,0.025860691742106878,0.010432607723626846,0.2107783775924954,0.014235943146513537,0.6434489750478494,0.5079365079365079,0.6190476190476191,0.6666666666666666,18
8,3,2,0.8386711693696197,0.8087943127113069,0.8095078084568458,0.007906638717785514,0.02545282177459423,0.007599333799704582,0.2396937910887966,0.013855239873773623,0.6832810941399149,0.3333333333333333,0.3333333333333333,0.3333333333333333,18
8,3,5,0.8386711693696197,0.8087943127113069,0.8095078084568458,0.007906638717785514,0.02545282177459423,0.007599333799704582,0.2396937910887966,0.013855239873773623,0.6832810941399149,0.42857142857142855,0.7777777777777777,0.6666666666666666,18
8,3,2,0.8196097595613996,0.8202149569008461,0.8388274395199251,0.016899304873135276,0.04232275495916489,0.013913631222964039,0.14777862302113454,0.01192936907956606,0.5885706226020351,0.1111111111111111,0.2222222222222222,0.5555555555555555,18
8,3,5,0.8196097595613996,0.8202149569008461,0.8388274395199251,0.016899304873135276,0.04232275495916489,0.013913631222964039,0.14777862302113454,0.01192936907956606,0.5885706226020351,0.5079365079365079,0.5079365079365079,0.5873015873015873,18
8,3,2,0.859449933471843,0.8798813721618152,0.8516618513811003,0.007853508818240285,0.02653316862580931,0.00908785293826049,0.19575375038362647,0.015378458287980656,0.6589460958836484,0.5555555555555555,0.2222222222222222,0.5555555555555555,18
8,3,5,0.859449933471843,0.8798813721618152,0.8516618513811003,0.007853508818240285,0.02653316862580931,0.00908785293826049,0.19575375038362647,0.015378458287980656,0.6589460958836484,0.5079365079365079,0.6666666666666666,0.6190476190476191,18
8,3,2,0.8954131053354193,0.8782456766232475,0.8788311242606728,0.008088077774633691,0.040998772891612516,0.013672736230554351,0.20336576961573608,0.014278875745083379,0.6801309805691034,0.2222222222222222,0.3333333333333333,0.3333333333333333,18
8,3,5,0.8954131053354193,0.8782456766232475,0.8788311242606728,0.008088077774633691,0.040998772891612516,0.013672736230554351,0.20336576961573608,0.014278875745083379,0.6801309805691034,0.6666666666666666,0.6666666666666666,0.5079365079365079,18
8,3,2,0.9126575716154223,0.826365296027952,0.889062328955172,0.009565073811687069,0.04007082514148848,0.014878675693163671,0.1852792055157958,0.012812182665708811,0.6493474495590063,0.2222222222222222,0.3333333333333333,0.3333333333333333,18
8,3,5,0.9126575716154223,0.826365296027952,0.889062328955172,0.009565073811687069,0.04007082514148848,0.014878675693163671,0.1852792055157958,0.012812182665708811,0.6493474495590063,0.42857142857142855,0.6190476190476191,0.5873015873015873,18
8,3,2,0.8253049195362838,0.8115253450022525,0.8253049195362838,0.007781513695794515,0.028124182979643343,0.006732368508280743,0.26497969816766875,0.013968282070972017,0.7595131909755197,0.3333333333333333,1.0,0.2222222222222222,18
8,3,5,0.8253049195362838,0.8115253450022525,0.8253049195362838,0.007781513695794515,0.028124182979643343,0.006732368508280743,0.26497969816766875,0.013968282070972017,0.7595131909755197,0.38888888888888884,1.0,0.38888888888888884,18
8,3,2,0.8613518881631707,0.8694534983062326,0.8656565763224165,0.006041074180918211,0.020550507564888208,0.008456555325012816,0.27057903365955743,0.01371720992222948,0.8652590275178317,1.0,1.0,0.5555555555555555,19
8,3,5,0.8613518881631707,0.8694534983062326,0.8656565763224165,0.006041074180918211,0.020550507564888208,0.008456555325012816,0.27057903365955743,0.01371720992222948,0.8652590275178317,0.6190476190476191,1.0,0.5873015873015873,19
8,3,2,0.805668073891245,0.836162259299172,0.7989619089874875,0.0067428185313455815,0.022213277070203388,0.008909257612801966,0.26667806487855505,0.013823947731498707,0.8549405773431488,0.5555555555555555,1.0,0.5555555555555555,19
8,3,5,0.805668073891245,0.836162259299172,0.7989619089874875,0.0067428185313455815,0.022213277070203388,0.008909257612801966,0.26667806487855505,0.013823947731498707,0.8549405773431488,0.6666666666666666,1.0,0.6666666666666666,19
8,3,2,0.8170483221382139,0.8215070275873906,0.8128586786361797,0.03489395774079884,0.04623714779842408,0.03412199072595018,0.1565507987700329,0.008868045692496856,0.4323066666697757,0.5555555555555555,0.3333333333333333,1.0,19
8,3,5,0.8170483221382139,0.8215070275873906,0.8128586786361797,0.03489395774079884,0.04623714779842408,0.03412199072595018,0.1565507987700329,0.008868045692496856,0.4323066666697757,0.38888888888888884,0.38888888888888884,0.7777777777777777,19
8,3,2,0.7951985199655246,0.8035983184178351,0.7993054779457412,0.014828871256760216,0.03820444721386691,0.013416106908383327,0.18107433047357693,0.011687719542407585,0.4474097966683497,0.2222222222222222,1.0,0.5555555555555555,19
8,3,5,0.7951985199655246,0.8035983184178351,0.7993054779457412,0.014828871256760216,0.03820444721386691,0.013416106908383327,0.18107433047357693,0.011687719542407585,0.4474097966683497,0.7777777777777777,1.0,0.7777777777777777,19
8,3,2,0.8449479696646418,0.7704583460548613,0.828627657997867,0.02329752083326553,0.03629550961110463,0.022406179860979165,0.15136879867087624,0.008809005142184188,0.3884642231104237,0.5555555555555555,0.3333333333333333,0.3333333333333333,19
8,3,5,0.8449479696646418,0.7704583460548613,0.828627657997867,0.02329752083326553,0.03629550961110463,0.022406179860979165,0.15136879867087624,0.008809005142184188,0.3884642231104237,0.5079365079365079,0.6190476190476191,0.6190476190476191,19
8,3,2,0.8702970093010787,0.8571210843930731,0.8715247147131592,0.008034303597165574,0.020095269874652454,0.009257652575703122,0.21376804907681074,0.014687507289366014,0.6380919069233649,0.5555555555555555,0.5555555555555555,0.2222222222222222,19
8,3,5,0.8702970093010787,0.8571210843930731,0.8715247147131592,0.008034303597165574,0.020095269874652454,0.009257652575703122,0.21376804907681074,0.014687507289366014,0.6380919069233649,0.5079365079365079,0.5079365079365079,0.36904761904761907,19
8,3,2,0.8525163737264985,0.85812884118615,0.8653261333571824,0.01040518793673964,0.017544371079606248,0.013810370516963363,0.2367484975819813,0.013547904908998256,0.9820028312555511,0.5555555555555555,1.0,0.2222222222222222,19
8,3,5,0.8525163737264985,0.85812884118615,0.8653261333571824,0.01040518793673964,0.017544371079606248,0.013810370516963363,0.2367484975819813,0.013547904908998256,0.9820028312555511,0.5079365079365079,1.0,0.36904761904761907,19
8,3,2,0.8882110207632313,0.8378233401673336,0.8700675102466793,0.010371223967603824,0.03162568010645983,0.008494042262987365,0.18770028156209678,0.014695339887407129,0.5800949226829536,0.3333333333333333,0.5555555555555555,0.2222222222222222,19
8,3,5,0.8882110207632313,0.8378233401673336,0.8700675102466793,0.010371223967603824,0.03162568010645983,0.008494042262987365,0.18770028156209678,0.014695339887407129,0.5800949226829536,0.6666666666666666,0.6190476190476191,0.5873015873015873,19
8,4,2,0.9967463638275926,0.9620586521499098,0.9967463638275926,0.07004360820985686,0.6182445213498086,0.056009961743083925,0.05534210884468644,0.017545219836051867,0.2919101329246748,0.2222222222222222,0.3333333333333333,0.26666666666666666,0
8,4,5,0.9967463638275926,0.9620586521499098,0.9967463638275926,0.07004360820985686,0.6182445213498086,0.056009961743083925,0.05534210884468644,0.017545219836051867,0.2919101329246748,0.4781746031746031,0.6190476190476191,0.44444444444444453,0
8,4,2,0.7898020478397374,0.816320975570494,0.7840306524552529,0.0174059751219572,0.03307571619017304,0.016286870218328125,0.1599484059010252,0.013204124270013228,0.5968485073942836,0.38888888888888884,0.4444444444444444,0.22222222222222227,0
8,4,5,0.7898020478397374,0.816320975570494,0.7840306524552529,0.0174059751219572,0.03307571619017304,0.016286870218328125,0.1599484059010252,0.013204124270013228,0.5968485073942836,0.4484126984126984,0.494047619047619,0.5500000000000002,0
8,4,2,0.7447363131791759,0.6532182818676637,0.740262882850372,0.04316882500609408,0.08669899770501932,0.044289903832820304,0.10855239621408581,0.007491503551195818,0.39197237644800237,0.2222222222222222,0.16666666666666666,0.28888888888888886,0
8,4,5,0.7447363131791759,0.6532182818676637,0.740262882850372,0.04316882500609408,0.08669899770501932,0.044289903832820304,0.10855239621408581,0.007491503551195818,0.39197237644800237,0.43849206349206343,0.7222222222222222,0.6317460317460317,0
8,4,2,0.6941231507998847,0.6482790707570538,0.6879419218554862,0.03719602033586755,0.09235177336777628,0.04461735120938812,0.08572119809562241,0.00654809793866465,0.35298133333478177,0.16666666666666666,0.1111111111111111,0.39999999999999997,0
8,4,5,0.6941231507998847,0.6482790707570538,0.6879419218554862,0.03719602033586755,0.09235177336777628,0.04461735120938812,0.08572119809562241,0.00654809793866465,0.35298133333478177,0.42857142857142855,0.4880952380952381,0.4563492063492064,0
8,4,2,0.8571599741604924,0.8144396892883541,0.8720489253145707,0.023408914552608122,0.05831512349045158,0.03355383162890688,0.1601693112879906,0.010090912456544737,0.6233876459331753,0.2222222222222222,0.2222222222222222,0.2,0
8,4,5,0.8571599741604924,0.8144396892883541,0.8720489253145707,0.023408914552608122,0.05831512349045158,0.03355383162890688,0.1601693112879906,0.010090912456544737,0.6233876459331753,0.4484126984126984,0.4880952380952381,0.49444444444444446,0
8,4,2,0.7330707545081764,0.6969664908008816,0.7343168932972135,0.05113635157037614,0.12375562171905401,0.05480751546059615,0.1070536836079825,0.006190084449068264,0.32903218342006985,0.2222222222222222,0.27777777777777773,0.28888888888888886,0
8,4,5,0.7330707545081764,0.6969664908008816,0.7343168932972135,0.05113635157037614,0.12375562171905401,0.05480751546059615,0.1070536836079825,0.006190084449068264,0.32903218342006985,0.5476190476190476,0.5873015873015872,0.4722222222222223,0
8,4,2,0.750680481747892,0.7061088154541275,0.7464125322091373,0.03658404220768675,0.10914483162690422,0.03873071387501673,0.13189534134437272,0.006109808973961571,0.3724665007007595,0.1111111111111111,0.3333333333333333,0.28888888888888886,0
8,4,5,0.750680481747892,0.7061088154541275,0.7464125322091373,0.03658404220768675,0.10914483162690422,0.03873071387501673,0.13189534134437272,0.006109808973961571,0.3724665007007595,0.4781746031746031,0.5178571428571428,0.6031746031746031,0
8,4,2,0.8305412622034807,0.81519679700088,0.8278720837861359,0.019026841933250035,0.054953306683414256,0.02396711567626383,0.1928969807091412,0.011193441482726147,0.7839651219874304,0.4444444444444444,0.38888888888888884,0.44444444444444436,0
8,4,5,0.8305412622034807,0.81519679700088,0.8278720837861359,0.019026841933250035,0.054953306683414256,0.02396711567626383,0.1928969807091412,0.011193441482726147,0.7839651219874304,0.3988095238095238,0.5238095238095237,0.5142857142857143,0
8,4,2,0.7997982501918136,0.8035579372829378,0.7964446335109168,0.02801978747080757,0.08536438920019246,0.028171861061728247,0.13316079382401547,0.010491188804850119,0.5809965429862787,0.3333333333333333,0.5555555555555556,0.3777777777777777,1
8,4,5,0.7997982501918136,0.8035579372829378,0.7964446335109168,0.02801978747080757,0.08536438920019246,0.028171861061728247,0.13316079382401547,0.010491188804850119,0.5809965429862787,0.6269841269841269,0.5476190476190476,0.5436507936507937,1
8,4,2,0.8588067748803468,0.8281038615247721,0.8586122886708822,0.01625203246172035,0.046088574438846966,0.013643442351641503,0.17496838470315115,0.014671132237081459,0.708016356819904,0.27777777777777773,0.4444444444444444,0.31111111111111106,1
8,4,5,0.8588067748803468,0.8281038615247721,0.8586122886708822,0.01625203246172035,0.046088574438846966,0.013643442351641503,0.17496838470315115,0.014671132237081459,0.708016356819904,0.5079365079365079,0.5079365079365078,0.5436507936507937,1
8,4,2,0.7699039726065314,0.8015693455882584,0.8025571625656861,0.021478624010172802,0.04503505215975532,0.01990196991887397,0.15831300825531086,0.013700265665544473,0.6508153305972613,0.3333333333333333,0.38888888888888884,0.28888888888888886,1
8,4,5,0.7699039726065314,0.8015693455882584,0.8025571625656861,0.021478624010172802,0.04503505215975532,0.01990196991887397,0.15831300825531086,0.013700265665544473,0.6508153305972613,0.5873015873015872,0.5178571428571428,0.49047619047619057,1
8,4,2,0.8423221717654551,0.8815929877407063,0.8426501924199331,0.011812922243298902,0.03199852921922989,0.011498117997070982,0.23504468268465586,0.01661407307293714,1.015768261944959,0.4444444444444444,0.3333333333333333,0.31111111111111106,1
8,4,5,0.8423221717654551,0.8815929877407063,0.8426501924199331,0.011812922243298902,0.03199852921922989,0.011498117997070982,0.23504468268465586,0.01661407307293714,1.015768261944959,0.4781746031746031,0.5476190476190476,0.5523809523809524,1
8,4,2,0.8140279977741672,0.8273343061226048,0.8093418234293817,0.021025785818379914,0.08450151449924309,0.032414275916005604,0.13091888483741088,0.00977748137613693,0.5641667203501545,0.27777777777777773,0.4444444444444444,0.28888888888888886,1
8,4,5,0.8140279977741672,0.8273343061226048,0.8093418234293817,0.021025785818379914,0.08450151449924309,0.032414275916005604,0.13091888483741088,0.00977748137613693,0.5641667203501545,0.5873015873015872,0.6428571428571428,0.511904761904762,1
8,4,2,0.8638294186546575,0.8524240473811683,0.8729989046657277,0.012318385401492193,0.02797099763457376,0.013412241975765352,0.2301294446883015,0.017034702681664276,0.9448941466503882,0.4444444444444444,0.4444444444444444,0.35555555555555546,1
8,4,5,0.8638294186546575,0.8524240473811683,0.8729989046657277,0.012318385401492193,0.02797099763457376,0.013412241975765352,0.2301294446883015,0.017034702681664276,0.9448941466503882,0.5734126984126984,0.7777777777777777,0.5261904761904762,1
8,4,2,0.9067056050957124,0.9166897116613112,0.9022128125035479,0.01066804408562559,0.022539166214025325,0.011087691502445493,0.2616338801539785,0.02101569073454508,0.8558554440782711,0.38888888888888884,0.27777777777777773,0.511111111111111,1
8,4,5,0.9067056050957124,0.9166897116613112,0.9022128125035479,0.01066804408562559,0.022539166214025325,0.011087691502445493,0.2616338801539785,0.02101569073454508,0.8558554440782711,0.6031746031746031,0.5178571428571428,0.6253968253968254,1
8,4,2,0.7928653030396211,0.8697050453524957,0.7691110751089518,0.010945311514733751,0.024796363763533877,0.010184876834787342,0.20094966820313365,0.016832019432152203,0.7297695882194112,1.0,0.5555555555555555,0.5999999999999999,1
8,4,5,0.7928653030396211,0.8697050453524957,0.7691110751089518,0.010945311514733751,0.024796363763533877,0.010184876834787342,0.20094966820313365,0.016832019432152203,0.7297695882194112,0.7222222222222222,0.6190476190476191,0.6253968253968254,1
8,4,2,0.7798125073663601,0.7908623827996548,0.7749228074503065,0.04098763903451329,0.08383821120510795,0.05235682497187864,0.14553284609308068,0.011749569874719772,0.5671365464350653,0.4444444444444444,0.16666666666666666,0.3777777777777777,2
8,4,5,0.7798125073663601,0.7908623827996548,0.7749228074503065,0.04098763903451329,0.08383821120510795,0.05235682497187864,0.14553284609308068,0.011749569874719772,0.5671365464350653,0.5238095238095237,0.43849206349206343,0.6253968253968255,2
8,4,2,0.7471688402744666,0.7271123386377984,0.7883184052083829,0.0205046578512721,0.08681046849514168,0.03135565692673728,0.15775846072987312,0.01241268612729029,0.7251571010688856,0.38888888888888884,0.6666666666666666,0.33333333333333326,2
8,4,5,0.7471688402744666,0.7271123386377984,0.7883184052083829,0.0205046578512721,0.08681046849514168,0.03135565692673728,0.15775846072987312,0.01241268612729029,0.7251571010688856,0.6428571428571428,0.4484126984126984,0.5460317460317461,2
8,4,2,0.8707238763732478,0.8968599532318792,0.8769416796251095,0.016316436595055807,0.038536317543496235,0.016256974386469933,0.21248178994801462,0.016154432815232947,0.7147852765031537,0.6666666666666666,0.5,0.3555555555555555,2
8,4,5,0.8707238763732478,0.8968599532318792,0.8769416796251095,0.016316436595055807,0.038536317543496235,0.016256974386469933,0.21248178994801462,0.016154432815232947,0.7147852765031537,0.5873015873015872,0.4781746031746031,0.5460317460317461,2
8,4,2,0.8241642280266215,0.8175177968048774,0.8295598015438197,0.020052135729579097,0.060170378889736864,0.028115841159565405,0.18096685413013738,0.012104148966497091,0.7472829296737912,0.1111111111111111,0.4444444444444444,0.3777777777777777,2
8,4,5,0.8241642280266215,0.8175177968048774,0.8295598015438197,0.020052135729579097,0.060170378889736864,0.028115841159565405,0.18096685413013738,0.012104148966497091,0.7472829296737912,0.6269841269841269,0.5178571428571428,0.507936507936508,2
8,4,2,0.758140320740077,0.7602205794887046,0.7815346386941595,0.03611906402101644,0.0642273642441526,0.047867241859563814,0.14248043753184045,0.014578209959186152,0.5284634420345383,0.1111111111111111,0.2222222222222222,0.46666666666666656,2
8,4,5,0.758140320740077,0.7602205794887046,0.7815346386941595,0.03611906402101644,0.0642273642441526,0.047867241859563814,0.14248043753184045,0.014578209959186152,0.5284634420345383,0.603174603174603,0.4682539682539682,0.5777777777777777,2
8,4,2,0.8348437845575423,0.83704629591833,0.8192269885531298,0.015803481500391008,0.05004812229847362,0.021774052493675172,0.18925220610120247,0.018890721437680606,0.8502432526283258,0.38888888888888884,0.4444444444444444,0.3777777777777777,2
8,4,5,0.8348437845575423,0.83704629591833,0.8192269885531298,0.015803481500391008,0.05004812229847362,0.021774052493675172,0.18925220610120247,0.018890721437680606,0.8502432526283258,0.6428571428571428,0.5238095238095238,0.7841269841269841,2
8,4,2,0.8406036660507604,0.8799723506755026,0.8370392398573149,0.017560351006212116,0.036593574754082446,0.022973007194457266,0.195009669105608,0.01603011797427263,0.6119844204486407,0.6666666666666666,0.3333333333333333,0.511111111111111,2
8,4,5,0.8406036660507604,0.8799723506755026,0.8370392398573149,0.017560351006212116,0.036593574754082446,0.022973007194457266,0.195009669105608,0.01603011797427263,0.6119844204486407,0.7222222222222222,0.5476190476190476,0.584126984126984,2
8,4,2,0.7903467224677857,0.8017063524349974,0.7797029247880787,0.023406856965739645,0.04318896278318822,0.039197627793500306,0.16117678079351652,0.014594671941624527,0.6640805680321062,0.38888888888888884,0.4444444444444444,0.3555555555555555,2
8,4,5,0.7903467224677857,0.8017063524349974,0.7797029247880787,0.023406856965739645,0.04318896278318822,0.039197627793500306,0.16117678079351652,0.014594671941624527,0.6640805680321062,0.6428571428571427,0.43849206349206343,0.5555555555555556,2
8,4,2,0.6841542673641647,0.6579621943478129,0.6578138702645986,0.03379225189414329,0.08922911978246699,0.03979491949600042,0.09512253110295514,0.008925372577122155,0.4187897201615183,0.2222222222222222,0.27777777777777773,0.3111111111111111,3
8,4,5,0.6841542673641647,0.6579621943478129,0.6578138702645986,0.03379225189414329,0.08922911978246699,0.03979491949600042,0.09512253110295514,0.008925372577122155,0.4187897201615183,0.5476190476190476,0.6031746031746031,0.5920634920634921,3
8,4,2,0.8389254558247207,0.7789180075794685,0.8413777523388493,0.02516294169000667,0.06971575752832102,0.03035775420586353,0.13764795402658805,0.011135424214331521,0.6075608263334967,0.2222222222222222,0.1111111111111111,0.28888888888888886,3
8,4,5,0.8389254558247207,0.7789180075794685,0.8413777523388493,0.02516294169000667,0.06971575752832102,0.03035775420586353,0.13764795402658805,0.011135424214331521,0.6075608263334967,0.4781746031746031,0.4781746031746031,0.6190476190476191,3
8,4,2,0.8110531116488431,0.8275501485253489,0.8394547879031646,0.0218914774970341,0.054928929095632184,0.018101763448630154,0.14837715610446883,0.01316690655920048,0.6859985259203557,0.4444444444444444,0.6666666666666666,0.39999999999999997,3
8,4,5,0.8110531116488431,0.8275501485253489,0.8394547879031646,0.0218914774970341,0.054928929095632184,0.018101763448630154,0.14837715610446883,0.01316690655920048,0.6859985259203557,0.5178571428571428,0.4682539682539682,0.6420634920634921,3
8,4,2,0.877615451526348,0.7918842230505508,0.8713204999343089,0.013912695908349733,0.03666294001154916,0.02018254874794392,0.1588534309764954,0.013354955009209198,1.0658429163722403,0.1111111111111111,0.4444444444444444,0.2,3
8,4,5,0.877615451526348,0.7918842230505508,0.8713204999343089,0.013912695908349733,0.03666294001154916,0.02018254874794392,0.1588534309764954,0.013354955009209198,1.0658429163722403,0.5873015873015872,0.5079365079365078,0.546031746031746,3
8,4,2,0.830392595409346,0.8390719396381875,0.8211996218599017,0.012683161492593392,0.04122168300560773,0.018197711852821784,0.17557240565838997,0.014381349270974066,1.1081316294571564,0.2222222222222222,0.2222222222222222,0.31111111111111106,3
8,4,5,0.830392595409346,0.8390719396381875,0.8211996218599017,0.012683161492593392,0.04122168300560773,0.018197711852821784,0.17557240565838997,0.014381349270974066,1.1081316294571564,0.5178571428571428,0.603174603174603,0.5841269841269842,3
8,4,2,0.853891345336341,0.8295815033430064,0.8495076620003117,0.012705459720559215,0.03809132172318693,0.013909627334641201,0.1554510464524742,0.014540552954841472,0.5766930736431317,0.27777777777777773,0.2222222222222222,0.26666666666666666,3
8,4,5,0.853891345336341,0.8295815033430064,0.8495076620003117,0.012705459720559215,0.03809132172318693,0.013909627334641201,0.1554510464524742,0.014540552954841472,0.5766930736431317,0.5079365079365078,0.7222222222222222,0.6,3
8,4,2,0.7745031140850902,0.7575144415681414,0.7968620472639248,0.035182074595039185,0.04435518470890361,0.039332427050018506,0.14097962765307892,0.011009983532116492,0.5375922835940597,0.5,0.2222222222222222,0.39999999999999997,3
8,4,5,0.7745031140850902,0.7575144415681414,0.7968620472639248,0.035182074595039185,0.04435518470890361,0.039332427050018506,0.14097962765307892,0.011009983532116492,0.5375922835940597,0.42857142857142855,0.4484126984126984,0.553968253968254,3
8,4,2,0.8067241021070916,0.7834182742769153,0.7994457645457725,0.01764865112865312,0.03708456309590209,0.019114655351937557,0.1911354024957664,0.010376656080960753,0.532360094409539,0.2222222222222222,0.3333333333333333,0.31111111111111106,3
8,4,5,0.8067241021070916,0.7834182742769153,0.7994457645457725,0.01764865112865312,0.03708456309590209,0.019114655351937557,0.1911354024957664,0.010376656080960753,0.532360094409539,0.6428571428571428,0.38888888888888884,0.638095238095238,3
8,4,2,0.8676736139299679,0.8617400467051606,0.8670590572018511,0.014157138904869923,0.029414772603229153,0.020103840800867207,0.24578499817076854,0.015757398024373627,0.7931775399871129,0.2222222222222222,0.16666666666666666,0.3333333333333333,4
8,4,5,0.8676736139299679,0.8617400467051606,0.8670590572018511,0.014157138904869923,0.029414772603229153,0.020103840800867207,0.24578499817076854,0.015757398024373627,0.7931775399871129,0.5873015873015872,0.4781746031746031,0.553968253968254,4
8,4,2,0.7989399784636029,0.8145661160724585,0.78421015045682,0.01767663246824843,0.047638736817816614,0.01817817575110383,0.20358790116450073,0.012135167119317546,0.6431684866390466,0.2222222222222222,0.3333333333333333,0.28888888888888886,4
8,4,5,0.7989399784636029,0.8145661160724585,0.78421015045682,0.01767663246824843,0.047638736817816614,0.01817817575110383,0.20358790116450073,0.012135167119317546,0.6431684866390466,0.5873015873015872,0.6825396825396824,0.5325396825396826,4
8,4,2,0.8753137773088001,0.8371483535792847,0.8469921800973536,0.008011093015777076,0.03733185104142771,0.010773367432212903,0.23583919512625057,0.015330154989107074,0.7958338511360483,0.2222222222222222,0.3333333333333333,0.3111111111111111,4
8,4,5,0.8753137773088001,0.8371483535792847,0.8469921800973536,0.008011093015777076,0.03733185104142771,0.010773367432212903,0.23583919512625057,0.015330154989107074,0.7958338511360483,0.5634920634920634,0.40873015873015867,0.6412698412698413,4
8,4,2,0.8830948575495682,0.9009979659159747,0.8756410517283288,0.011945025798888585,0.02259689008367455,0.013376817401537797,0.24556471139557515,0.01756056224560005,0.7211406118926539,0.2222222222222222,0.3333333333333333,0.3777777777777777,4
8,4,5,0.8830948575495682,0.9009979659159747,0.8756410517283288,0.011945025798888585,0.02259689008367455,0.013376817401537797,0.24556471139557515,0.01756056224560005,0.7211406118926539,0.4384920634920635,0.603174603174603,0.5261904761904763,4
8,4,2,0.8853125948993192,0.8882037915765361,0.8730137190126895,0.017878752368997938,0.02759128568563228,0.017676737117256616,0.21562954191079148,0.020007565273171594,0.8121837820130948,0.38888888888888884,0.3333333333333333,0.4,4
8,4,5,0.8853125948993192,0.8882037915765361,0.8730137190126895,0.017878752368997938,0.02759128568563228,0.017676737117256616,0.21562954191079148,0.020007565273171594,0.8121837820130948,0.6825396825396824,0.603174603174603,0.5873015873015873,4
8,4,2,0.8835577110080587,0.9120135043682903,0.8718589837928685,0.013708915194178585,0.0214169244177434,0.0131174173796672,0.2305121986595999,0.018871097452417572,0.7962348618073438,0.38888888888888884,0.5555555555555556,0.3777777777777777,4
8,4,5,0.8835577110080587,0.9120135043682903,0.8718589837928685,0.013708915194178585,0.0214169244177434,0.0131174173796672,0.2305121986595999,0.018871097452417572,0.7962348618073438,0.7222222222222222,0.5873015873015872,0.5063492063492064,4
8,4,2,0.8326171742600968,0.8510544767916374,0.8225692189117398,0.017796543019535503,0.031503507044195904,0.022013388331935176,0.22724770562177754,0.015736628164898105,0.8245738773877039,0.4444444444444444,0.5555555555555556,0.4222222222222221,4
8,4,5,0.8326171742600968,0.8510544767916374,0.8225692189117398,0.017796543019535503,0.031503507044195904,0.022013388331935176,0.22724770562177754,0.015736628164898105,0.8245738773877039,0.7222222222222222,0.7142857142857143,0.5714285714285715,4
8,4,2,0.7920935499512252,0.817753339128372,0.7791279702659019,0.019480934137070298,0.051009905165514104,0.02369167245715325,0.1681592016297569,0.009988178836112869,0.47939610782693765,0.27777777777777773,0.3333333333333333,0.3777777777777777,4
8,4,5,0.7920935499512252,0.817753339128372,0.7791279702659019,0.019480934137070298,0.051009905165514104,0.02369167245715325,0.1681592016297569,0.009988178836112869,0.47939610782693765,0.603174603174603,0.6428571428571427,0.5460317460317461,4
8,4,2,0.7783772692383113,0.7687311600903103,0.7631027028656421,0.016658367418677496,0.037459742808765975,0.025158468957463577,0.13505483928742149,0.0101849283378897,0.4999440460904341,0.27777777777777773,0.27777777777777773,0.4444444444444443,5
8,4,5,0.7783772692383113,0.7687311600903103,0.7631027028656421,0.016658367418677496,0.037459742808765975,0.025158468957463577,0.13505483928742149,0.0101849283378897,0.4999440460904341,0.5873015873015872,0.5873015873015872,0.5873015873015873,5
8,4,2,0.7543310180432928,0.7021028726484017,0.7658363334715853,0.028240448386736387,0.09337368620000608,0.0380174853901807,0.10161416918344421,0.006195721959677238,0.3332287941703008,0.3333333333333333,0.1111111111111111,0.3333333333333333,5
8,4,5,0.7543310180432928,0.7021028726484017,0.7658363334715853,0.028240448386736387,0.09337368620000608,0.0380174853901807,0.10161416918344421,0.006195721959677238,0.3332287941703008,0.5079365079365079,0.5238095238095238,0.5817460317460318,5
8,4,2,0.8442087855779437,0.8443674614275741,0.8441568652465503,0.016183265664924354,0.034382956876400236,0.022754474933734774,0.17189897807227197,0.01107338843423528,0.5377533520970689,0.2222222222222222,0.3333333333333333,0.3777777777777777,5
8,4,5,0.8442087855779437,0.8443674614275741,0.8441568652465503,0.016183265664924354,0.034382956876400236,0.022754474933734774,0.17189897807227197,0.01107338843423528,0.5377533520970689,0.4682539682539682,0.37896825396825395,0.5222222222222224,5
8,4,2,0.7817179435187112,0.7883740375312471,0.7662596299101893,0.051129800115229405,0.12163743625556961,0.03731617468548039,0.08346042496355757,0.006609256748249895,0.2908245003691061,0.27777777777777773,0.5,0.35555555555555546,5
8,4,5,0.7817179435187112,0.7883740375312471,0.7662596299101893,0.051129800115229405,0.12163743625556961,0.03731617468548039,0.08346042496355757,0.006609256748249895,0.2908245003691061,0.43849206349206343,0.43849206349206343,0.5936507936507937,5
8,4,2,0.8152705054916409,0.7269905420531712,0.7895159644736894,0.01720315673826956,0.051410560051256785,0.021598839208232322,0.1543275769028581,0.008790465367661688,0.47619289454039904,0.1111111111111111,0.1111111111111111,0.31111111111111106,5
8,4,5,0.8152705054916409,0.7269905420531712,0.7895159644736894,0.01720315673826956,0.051410560051256785,0.021598839208232322,0.1543275769028581,0.008790465367661688,0.47619289454039904,0.40873015873015867,0.6190476190476191,0.4785714285714286,5
8,4,2,0.8282851344253108,0.7618675722757442,0.8206288372021654,0.019611020165269978,0.044161779569632326,0.02100886542102575,0.14843271568454564,0.009058544147879247,0.427350610375561,0.16666666666666666,0.1111111111111111,0.2,5
8,4,5,0.8282851344253108,0.7618675722757442,0.8206288372021654,0.019611020165269978,0.044161779569632326,0.02100886542102575,0.14843271568454564,0.009058544147879247,0.427350610375561,0.46428571428571425,0.5138888888888888,0.5071428571428572,5
8,4,2,0.7224038251848759,0.6582655745820735,0.7409000005793552,0.05001392560393199,0.11622649768502488,0.04134593593673773,0.09158690552032239,0.0066499844258588615,0.38507396857727477,0.3333333333333333,0.5555555555555555,0.26666666666666666,5
8,4,5,0.7224038251848759,0.6582655745820735,0.7409000005793552,0.05001392560393199,0.11622649768502488,0.04134593593673773,0.09158690552032239,0.0066499844258588615,0.38507396857727477,0.5079365079365079,0.6190476190476191,0.6190476190476191,5
8,4,2,0.7721658760390255,0.7203355545426495,0.749858381444014,0.03721269114062062,0.1351742764634135,0.04921436913568138,0.10985319091951594,0.0067251148389332275,0.3606614860256297,0.16666666666666666,0.3333333333333333,0.24444444444444446,5
8,4,5,0.7721658760390255,0.7203355545426495,0.749858381444014,0.03721269114062062,0.1351742764634135,0.04921436913568138,0.10985319091951594,0.0067251148389332275,0.3606614860256297,0.6428571428571428,1.0,0.7555555555555554,5
8,4,2,0.8944618740869885,0.8624696350750845,0.9055538631677302,0.015047797131041039,0.0596129459957211,0.027204284733517353,0.1723330003487228,0.01198567882540478,0.6519758258843564,0.38888888888888884,0.16666666666666666,0.22222222222222224,6
8,4,5,0.8944618740869885,0.8624696350750845,0.9055538631677302,0.015047797131041039,0.0596129459957211,0.027204284733517353,0.1723330003487228,0.01198567882540478,0.6519758258843564,0.5079365079365078,0.41865079365079366,0.5031746031746033,6
8,4,2,0.9106106751095269,0.8483299906470865,0.9175260296675016,0.012645194272072603,0.05044115416771983,0.020414390351652267,0.1839050802010605,0.011676163674746476,0.7511009857784515,0.27777777777777773,0.3333333333333333,0.26666666666666666,6
8,4,5,0.9106106751095269,0.8483299906470865,0.9175260296675016,0.012645194272072603,0.05044115416771983,0.020414390351652267,0.1839050802010605,0.011676163674746476,0.7511009857784515,0.5873015873015872,0.40873015873015867,0.5000000000000001,6
8,4,2,0.8309446054008244,0.82859886498634,0.816274771860659,0.015472048237640208,0.06213964444478901,0.02812785779505255,0.11969459994965768,0.012331588757625288,0.638910557944336,0.2222222222222222,0.05555555555555555,0.44444444444444436,6
8,4,5,0.8309446054008244,0.82859886498634,0.816274771860659,0.015472048237640208,0.06213964444478901,0.02812785779505255,0.11969459994965768,0.012331588757625288,0.638910557944336,0.5873015873015872,0.5873015873015872,0.5023809523809525,6
8,4,2,0.8437317491638804,0.8305179652520135,0.8372374337314314,0.010730191086244973,0.03690739405984383,0.009260597030714555,0.22374546461552797,0.013304379428327556,0.7599418628404426,0.4444444444444444,0.1111111111111111,0.31111111111111106,6
8,4,5,0.8437317491638804,0.8305179652520135,0.8372374337314314,0.010730191086244973,0.03690739405984383,0.009260597030714555,0.22374546461552797,0.013304379428327556,0.7599418628404426,0.5238095238095237,0.46428571428571425,0.5341269841269842,6
8,4,2,0.7854358541023448,0.785977735109453,0.8079068062666908,0.02775426880409805,0.08414867610154025,0.026500419386582433,0.09436096428010612,0.01231809513353983,0.6203668568506228,0.4444444444444444,0.3333333333333333,0.3111111111111111,6
8,4,5,0.7854358541023448,0.785977735109453,0.8079068062666908,0.02775426880409805,0.08414867610154025,0.026500419386582433,0.09436096428010612,0.01231809513353983,0.6203668568506228,0.4087301587301588,0.41865079365079366,0.48253968253968255,6
8,4,2,0.8987201208498471,0.8503042151958399,0.914486135957036,0.015284875013610583,0.044697846087786146,0.019349949987046075,0.16030542804337775,0.012462914561613966,0.6424890406356865,0.2222222222222222,0.27777777777777773,0.26666666666666666,6
8,4,5,0.8987201208498471,0.8503042151958399,0.914486135957036,0.015284875013610583,0.044697846087786146,0.019349949987046075,0.16030542804337775,0.012462914561613966,0.6424890406356865,0.4781746031746032,0.5178571428571428,0.44444444444444453,6
8,4,2,0.828173378765039,0.8243065915389962,0.8204841090357167,0.021909368553212953,0.035929365014117906,0.022036036825245207,0.19117038751080406,0.012027522724209908,0.5662718660578631,0.27777777777777773,0.5,0.22222222222222224,6
8,4,5,0.828173378765039,0.8243065915389962,0.8204841090357167,0.021909368553212953,0.035929365014117906,0.022036036825245207,0.19117038751080406,0.012027522724209908,0.5662718660578631,0.5079365079365079,0.5873015873015872,0.5619047619047619,6
8,4,2,0.849719178971279,0.8302558071839354,0.8523081862279235,0.012955575943049906,0.0332376536042316,0.013881308776159557,0.21682999688923435,0.01304303615366546,0.8157607337875646,0.2222222222222222,0.16666666666666666,0.22222222222222224,6
8,4,5,0.849719178971279,0.8302558071839354,0.8523081862279235,0.012955575943049906,0.0332376536042316,0.013881308776159557,0.21682999688923435,0.01304303615366546,0.8157607337875646,0.5476190476190476,0.43849206349206343,0.42460317460317465,6
8,4,2,0.8949423135351431,0.8833927553611629,0.8767721094216457,0.00875883219829897,0.046802020138591485,0.01120480163439427,0.16963516943242507,0.014370319075182412,0.6634669966589991,0.16666666666666666,0.16666666666666666,0.28888888888888886,7
8,4,5,0.8949423135351431,0.8833927553611629,0.8767721094216457,0.00875883219829897,0.046802020138591485,0.01120480163439427,0.16963516943242507,0.014370319075182412,0.6634669966589991,0.5079365079365078,0.43849206349206343,0.45238095238095244,7
8,4,2,0.8413419749682686,0.8265156078013808,0.8630897833847951,0.011509790917013953,0.02262799312068983,0.014251631621796084,0.18109053176537204,0.014451502401204555,0.5748699673900745,0.3333333333333333,0.2222222222222222,0.3555555555555555,7
8,4,5,0.8413419749682686,0.8265156078013808,0.8630897833847951,0.011509790917013953,0.02262799312068983,0.014251631621796084,0.18109053176537204,0.014451502401204555,0.5748699673900745,0.5873015873015872,0.5238095238095238,0.5642857142857144,7
8,4,2,0.8395571402563269,0.8796207640713422,0.8236458458750475,0.017165172976520444,0.03748499363143987,0.01845578936735298,0.1867950338961304,0.012533862193550597,0.5913732560533466,0.4444444444444444,1.0,0.4666666666666667,7
8,4,5,0.8395571402563269,0.8796207640713422,0.8236458458750475,0.017165172976520444,0.03748499363143987,0.01845578936735298,0.1867950338961304,0.012533862193550597,0.5913732560533466,0.4682539682539682,0.42857142857142855,0.638095238095238,7
8,4,2,0.7719479508186567,0.7761023631142188,0.7752810384571625,0.0368527352126234,0.0429366876678304,0.02931414928659326,0.13795243106495533,0.009034229332600148,0.5284563735312403,0.2222222222222222,0.2222222222222222,0.46666666666666656,7
8,4,5,0.7719479508186567,0.7761023631142188,0.7752810384571625,0.0368527352126234,0.0429366876678304,0.02931414928659326,0.13795243106495533,0.009034229332600148,0.5284563735312403,0.4880952380952381,0.5079365079365078,0.6476190476190475,7
8,4,2,0.8369242155740064,0.8466877787284949,0.8298775628775201,0.013664446398669044,0.02872048414959978,0.01611256146690266,0.17268430225285397,0.012523581504911384,0.522040737412747,0.4444444444444444,0.27777777777777773,0.5999999999999999,7
8,4,5,0.8369242155740064,0.8466877787284949,0.8298775628775201,0.013664446398669044,0.02872048414959978,0.01611256146690266,0.17268430225285397,0.012523581504911384,0.522040737412747,0.6031746031746031,0.5734126984126984,0.49047619047619057,7
8,4,2,0.8665344996077835,0.8630882807056234,0.8673223631392106,0.014672043441637595,0.040917689942836344,0.020151426537649494,0.13491009641981527,0.012027327289614344,0.5475425620995208,0.27777777777777773,0.16666666666666666,0.3333333333333333,7
8,4,5,0.8665344996077835,0.8630882807056234,0.8673223631392106,0.014672043441637595,0.040917689942836344,0.020151426537649494,0.13491009641981527,0.012027327289614344,0.5475425620995208,0.4384920634920635,0.4384920634920635,0.5380952380952381,7
8,4,2,0.8038256070621433,0.8082136484323149,0.8079960083259431,0.0232234435611618,0.04519278473246262,0.024051897479719274,0.1607201296477107,0.01088843859742684,0.43557769314969425,0.3333333333333333,0.38888888888888884,0.3777777777777777,7
8,4,5,0.8038256070621433,0.8082136484323149,0.8079960083259431,0.0232234435611618,0.04519278473246262,0.024051897479719274,0.1607201296477107,0.01088843859742684,0.43557769314969425,0.7222222222222222,0.5079365079365079,0.7841269841269839,7
8,4,2,0.7530690914638938,0.7752266408170329,0.7637900291228921,0.0174775541904894,0.040547385957951425,0.015063653064528785,0.18699948834442978,0.011165758061437964,0.67267607997685,0.27777777777777773,0.27777777777777773,0.46666666666666656,7
8,4,5,0.7530690914638938,0.7752266408170329,0.7637900291228921,0.0174775541904894,0.040547385957951425,0.015063653064528785,0.18699948834442978,0.011165758061437964,0.67267607997685,0.4484126984126984,0.5476190476190476,0.511904761904762,7
8,4,2,0.7258030732132053,0.744611042034908,0.7305876806722673,0.024226160290366575,0.03215580551437607,0.024882128247608572,0.10568910251442208,0.007045323203043186,0.2709386972162303,0.2222222222222222,0.5555555555555555,0.28888888888888886,8
8,4,5,0.7258030732132053,0.744611042034908,0.7305876806722673,0.024226160290366575,0.03215580551437607,0.024882128247608572,0.10568910251442208,0.007045323203043186,0.2709386972162303,0.4384920634920635,0.5,0.6126984126984127,8
8,4,2,0.8600117202305843,0.7381907707061526,0.8607534032269651,0.04971064712761586,0.043618255533862435,0.061359154211435805,0.07716358284932538,0.008182307950831738,0.18298381895715093,0.3333333333333333,1.0,0.5999999999999999,8
8,4,5,0.8600117202305843,0.7381907707061526,0.8607534032269651,0.04971064712761586,0.043618255533862435,0.061359154211435805,0.07716358284932538,0.008182307950831738,0.18298381895715093,0.5634920634920634,1.0,0.6317460317460317,8
8,4,2,0.7711715383949269,0.7620790410807088,0.7606335016701273,0.01284261194738611,0.05568704481375998,0.0165194563883196,0.14467209813294052,0.011251665462710898,0.680885837885756,0.5555555555555556,0.2222222222222222,0.3777777777777777,8
8,4,5,0.7711715383949269,0.7620790410807088,0.7606335016701273,0.01284261194738611,0.05568704481375998,0.0165194563883196,0.14467209813294052,0.011251665462710898,0.680885837885756,0.5873015873015872,0.5178571428571428,0.523809523809524,8
8,4,2,0.8637139306422857,0.728063008203457,0.8536633880382395,0.005849170181210846,0.06789972577393187,0.03409298317087964,0.11929627252251387,0.014866357258061813,0.4953289078982922,0.16666666666666666,0.27777777777777773,0.26666666666666666,8
8,4,5,0.8637139306422857,0.728063008203457,0.8536633880382395,0.005849170181210846,0.06789972577393187,0.03409298317087964,0.11929627252251387,0.014866357258061813,0.4953289078982922,0.4384920634920635,0.4682539682539682,0.5436507936507937,8
8,4,2,0.8386731237366112,0.8494280199475904,0.8284661036629007,0.012412050956030166,0.026203862568631615,0.013707051701421339,0.17402432808471768,0.011416296380340512,0.444067229256982,0.27777777777777773,0.5555555555555555,0.46666666666666656,8
8,4,5,0.8386731237366112,0.8494280199475904,0.8284661036629007,0.012412050956030166,0.026203862568631615,0.013707051701421339,0.17402432808471768,0.011416296380340512,0.444067229256982,0.40873015873015867,0.7777777777777777,0.5142857142857145,8
8,4,2,0.8405585774311688,0.7710429259997792,0.8320569802615553,0.013584640993548551,0.03332305557909011,0.01690361298246782,0.12613234764288872,0.01036342723986506,0.42398832695357735,0.5555555555555556,0.27777777777777773,0.44444444444444436,8
8,4,5,0.8405585774311688,0.7710429259997792,0.8320569802615553,0.013584640993548551,0.03332305557909011,0.01690361298246782,0.12613234764288872,0.01036342723986506,0.42398832695357735,0.5476190476190476,0.5079365079365079,0.523809523809524,8
8,4,2,0.8933924160260802,0.8832294237616548,0.8961851166865296,0.0052116777042767425,0.012553252768644219,0.009041055045414977,0.25347829062451216,0.015382276973448513,0.9057034926924262,0.3333333333333333,0.27777777777777773,0.5999999999999999,8
8,4,5,0.8933924160260802,0.8832294237616548,0.8961851166865296,0.0052116777042767425,0.012553252768644219,0.009041055045414977,0.25347829062451216,0.015382276973448513,0.9057034926924262,0.5079365079365078,0.5138888888888888,0.5714285714285715,8
8,4,2,0.7683848477638734,0.7871685682998341,0.7631252111385339,0.016658563002111167,0.03925226174404758,0.015507737012429416,0.1407762588600514,0.00875853908743599,0.3900351713103814,0.38888888888888884,0.4444444444444444,0.3555555555555555,8
8,4,5,0.7683848477638734,0.7871685682998341,0.7631252111385339,0.016658563002111167,0.03925226174404758,0.015507737012429416,0.1407762588600514,0.00875853908743599,0.3900351713103814,0.5634920634920634,0.5873015873015872,0.6253968253968253,8
8,4,2,0.9150789096911326,0.7593379371311844,0.9013149763708699,0.06750391749441337,0.26270144878747986,0.05090598736026368,0.09734128867738076,0.007817823051535482,0.38222615457729686,0.27777777777777773,0.3333333333333333,0.28888888888888886,9
8,4,5,0.9150789096911326,0.7593379371311844,0.9013149763708699,0.06750391749441337,0.26270144878747986,0.05090598736026368,0.09734128867738076,0.007817823051535482,0.38222615457729686,0.36904761904761907,0.4484126984126984,0.4126984126984128,9
8,4,2,0.778482216618497,0.774249023606797,0.7813457092404911,0.029739441499308274,0.06252456366529638,0.026824789836291746,0.18232308969543123,0.010685877040445723,0.4989677524123521,0.2222222222222222,0.3333333333333333,0.28888888888888886,9
8,4,5,0.778482216618497,0.774249023606797,0.7813457092404911,0.029739441499308274,0.06252456366529638,0.026824789836291746,0.18232308969543123,0.010685877040445723,0.4989677524123521,0.40873015873015867,0.6190476190476191,0.4230158730158731,9
8,4,2,0.8604889658841458,0.8283982887606792,0.8628530896794572,0.015127343296671708,0.04454625261092077,0.016252434012061216,0.20348834817853154,0.012483964978330297,0.5626847064144268,0.27777777777777773,0.27777777777777773,0.17777777777777776,9
8,4,5,0.8604889658841458,0.8283982887606792,0.8628530896794572,0.015127343296671708,0.04454625261092077,0.016252434012061216,0.20348834817853154,0.012483964978330297,0.5626847064144268,0.4682539682539682,0.6825396825396824,0.5420634920634921,9
8,4,2,0.7726451745247173,0.7049422908437194,0.8001871138245722,0.020128400454235976,0.10137035849555749,0.022700963321617813,0.15460073914486636,0.010653950904436457,0.7395289587890723,0.16666666666666666,0.3333333333333333,0.22222222222222224,9
8,4,5,0.7726451745247173,0.7049422908437194,0.8001871138245722,0.020128400454235976,0.10137035849555749,0.022700963321617813,0.15460073914486636,0.010653950904436457,0.7395289587890723,0.6666666666666666,0.603174603174603,0.657142857142857,9
8,4,2,0.7942114511332073,0.7843581999166417,0.8024712972016547,0.014331413801437737,0.02474052355183782,0.014487604275401574,0.21204985237081703,0.013305520802631548,0.6098795329953149,0.27777777777777773,0.27777777777777773,0.20000000000000004,9
8,4,5,0.7942114511332073,0.7843581999166417,0.8024712972016547,0.014331413801437737,0.02474052355183782,0.014487604275401574,0.21204985237081703,0.013305520802631548,0.6098795329953149,0.43849206349206343,0.6031746031746031,0.4444444444444445,9
8,4,2,0.7886377310448761,0.7922459873043133,0.7804715770138003,0.012605738367230761,0.035396510085153376,0.013414985868257694,0.2190037004546717,0.013771736756543806,0.5770012901373459,0.27777777777777773,0.3333333333333333,0.2,9
8,4,5,0.7886377310448761,0.7922459873043133,0.7804715770138003,0.012605738367230761,0.035396510085153376,0.013414985868257694,0.2190037004546717,0.013771736756543806,0.5770012901373459,0.5079365079365079,0.5079365079365079,0.47857142857142865,9
8,4,2,0.875301948521268,0.7223902463476592,0.8533797341651082,0.056760828916448895,0.19497837958512804,0.0858407483056824,0.10628390087895231,0.0072191995627886646,0.3906236914596659,0.2222222222222222,0.2222222222222222,0.17777777777777776,9
8,4,5,0.875301948521268,0.7223902463476592,0.8533797341651082,0.056760828916448895,0.19497837958512804,0.0858407483056824,0.10628390087895231,0.0072191995627886646,0.3906236914596659,0.43849206349206343,0.5079365079365078,0.49603174603174616,9
8,4,2,0.7771904454614742,0.7709596118015608,0.7812269167254838,0.023778332266385916,0.0563654175152881,0.02520247080498399,0.19098294076925504,0.010909552728746186,0.5379747426993838,0.3888888888888889,0.5555555555555555,0.24444444444444446,9
8,4,5,0.7771904454614742,0.7709596118015608,0.7812269167254838,0.023778332266385916,0.0563654175152881,0.02520247080498399,0.19098294076925504,0.010909552728746186,0.5379747426993838,0.4384920634920635,0.6190476190476191,0.4547619047619048,9
8,4,2,0.8864295283135357,0.881631236891169,0.8715618553712473,0.010413564471052534,0.02282224897999123,0.013211546245322215,0.2029749944776911,0.01586569077742383,0.7484066341800777,0.3333333333333333,0.38888888888888884,0.3333333333333333,10
8,4,5,0.8864295283135357,0.881631236891169,0.8715618553712473,0.010413564471052534,0.02282224897999123,0.013211546245322215,0.2029749944776911,0.01586569077742383,0.7484066341800777,0.5476190476190476,0.40873015873015867,0.5436507936507938,10
8,4,2,0.8400711819465164,0.8870970606861249,0.861143484845541,0.011541590032765583,0.039324011437451,0.018058700815350773,0.18451378012904965,0.014313558459059784,0.8275970279679327,0.3333333333333333,0.3333333333333333,0.33333333333333326,10
8,4,5,0.8400711819465164,0.8870970606861249,0.861143484845541,0.011541590032765583,0.039324011437451,0.018058700815350773,0.18451378012904965,0.014313558459059784,0.8275970279679327,0.6666666666666666,0.6825396825396824,0.6095238095238095,10
8,4,2,0.8408797690048181,0.841772510982448,0.8336619234262037,0.014364689734575185,0.033518837673804217,0.02350872927968796,0.1900167774159457,0.014626452514935233,1.2860068365426038,0.16666666666666666,0.3333333333333333,0.24444444444444446,10
8,4,5,0.8408797690048181,0.841772510982448,0.8336619234262037,0.014364689734575185,0.033518837673804217,0.02350872927968796,0.1900167774159457,0.014626452514935233,1.2860068365426038,0.6825396825396824,0.6428571428571428,0.5976190476190477,10
8,4,2,0.7915956314449395,0.7901623300067775,0.7718193517942967,0.032195933443016835,0.06082109567967356,0.038491173918060534,0.1597033404273192,0.009093270226726433,0.506923455717546,0.27777777777777773,0.3333333333333333,0.24444444444444446,10
8,4,5,0.7915956314449395,0.7901623300067775,0.7718193517942967,0.032195933443016835,0.06082109567967356,0.038491173918060534,0.1597033404273192,0.009093270226726433,0.506923455717546,0.5476190476190476,0.4781746031746032,0.7111111111111109,10
8,4,2,0.874849220556982,0.8943949899540516,0.8639071203806191,0.006399901827709195,0.012744821830792306,0.009277732075225639,0.26069099402225687,0.017107915034201917,0.8218268895658408,0.5,0.4444444444444444,0.5111111111111111,10
8,4,5,0.874849220556982,0.8943949899540516,0.8639071203806191,0.006399901827709195,0.012744821830792306,0.009277732075225639,0.26069099402225687,0.017107915034201917,0.8218268895658408,0.5079365079365078,0.494047619047619,0.5341269841269842,10
8,4,2,0.8295070272224023,0.8292381054964885,0.828598450416821,0.016930513040900562,0.047202799147646725,0.017458232172142693,0.18261691990772264,0.0118975369763759,0.5696751969724833,0.27777777777777773,0.4444444444444445,0.2,10
8,4,5,0.8295070272224023,0.8292381054964885,0.828598450416821,0.016930513040900562,0.047202799147646725,0.017458232172142693,0.18261691990772264,0.0118975369763759,0.5696751969724833,0.5079365079365078,0.5734126984126983,0.5500000000000002,10
8,4,2,0.8587794933160524,0.8388939524752794,0.8498812961946612,0.014644026856110673,0.04105327647669105,0.017328332620045024,0.15513518415584313,0.011055885839200643,0.5076313562601844,0.27777777777777773,0.16666666666666666,0.28888888888888886,10
8,4,5,0.8587794933160524,0.8388939524752794,0.8498812961946612,0.014644026856110673,0.04105327647669105,0.017328332620045024,0.15513518415584313,0.011055885839200643,0.5076313562601844,0.7222222222222222,0.4682539682539682,0.5777777777777777,10
8,4,2,0.8115956247065298,0.8385923636144754,0.831448106188549,0.008975960609120096,0.020489051640696657,0.014831125225911675,0.20451695179253726,0.016938089430617618,0.8041476860998071,0.3333333333333333,0.38888888888888884,0.24444444444444446,10
8,4,5,0.8115956247065298,0.8385923636144754,0.831448106188549,0.008975960609120096,0.020489051640696657,0.014831125225911675,0.20451695179253726,0.016938089430617618,0.8041476860998071,0.6428571428571428,0.4781746031746031,0.6031746031746033,10
8,4,2,0.7606620959866142,0.7993187356095406,0.8304221067037745,0.011465890651943315,0.02825629654327259,0.021700644528219022,0.20365855083572712,0.018057800096533773,1.1076563685519503,0.2222222222222222,0.38888888888888884,0.46666666666666656,11
8,4,5,0.7606620959866142,0.7993187356095406,0.8304221067037745,0.011465890651943315,0.02825629654327259,0.021700644528219022,0.20365855083572712,0.018057800096533773,1.1076563685519503,0.5079365079365078,0.4781746031746031,0.5222222222222223,11
8,4,2,0.7851125762162496,0.7475575548497544,0.7804731894917081,0.013901977973181816,0.048329350709280655,0.02595630514933306,0.15954728620086198,0.012480757799502026,0.7587335376668707,0.2222222222222222,0.5555555555555556,0.24444444444444446,11
8,4,5,0.7851125762162496,0.7475575548497544,0.7804731894917081,0.013901977973181816,0.048329350709280655,0.02595630514933306,0.15954728620086198,0.012480757799502026,0.7587335376668707,0.5476190476190476,0.4484126984126984,0.507936507936508,11
8,4,2,0.9108039955333952,0.9275285777494259,0.8880916405834186,0.007790810775218319,0.01789402978481786,0.01282815874215412,0.2761742230737017,0.02062410283202755,1.0669327431632638,0.3333333333333333,0.4444444444444445,0.20000000000000004,11
8,4,5,0.9108039955333952,0.9275285777494259,0.8880916405834186,0.007790810775218319,0.01789402978481786,0.01282815874215412,0.2761742230737017,0.02062410283202755,1.0669327431632638,0.5873015873015872,0.4384920634920635,0.5222222222222223,11
8,4,2,0.8893577882740759,0.8900123372461312,0.8794844318746254,0.008062141720980572,0.028657346412362835,0.012231278756614929,0.21447531571590372,0.015273138483316327,0.9863676391822113,0.4444444444444444,0.3888888888888889,0.33333333333333326,11
8,4,5,0.8893577882740759,0.8900123372461312,0.8794844318746254,0.008062141720980572,0.028657346412362835,0.012231278756614929,0.21447531571590372,0.015273138483316327,0.9863676391822113,0.8333333333333334,0.6666666666666666,0.5555555555555556,11
8,4,2,0.9035719249841463,0.9013023677159863,0.8967532172868186,0.007879912767633342,0.019676675959640753,0.01191310893498759,0.25871526471113004,0.01790204529388143,0.8057410771976826,0.6666666666666666,0.6666666666666666,0.35555555555555546,11
8,4,5,0.9035719249841463,0.9013023677159863,0.8967532172868186,0.007879912767633342,0.019676675959640753,0.01191310893498759,0.25871526471113004,0.01790204529388143,0.8057410771976826,0.5178571428571428,0.5238095238095237,0.55,11
8,4,2,0.8812109298514197,0.8918710680265204,0.8911873074163481,0.007987364837584335,0.029600747544560917,0.009801552402509073,0.22370503845009598,0.017455452098361364,1.0645583312647449,0.3333333333333333,0.3333333333333333,0.33333333333333326,11
8,4,5,0.8812109298514197,0.8918710680265204,0.8911873074163481,0.007987364837584335,0.029600747544560917,0.009801552402509073,0.22370503845009598,0.017455452098361364,1.0645583312647449,0.8333333333333334,1.0,0.5619047619047619,11
8,4,2,0.9415234113538917,0.9416457076886038,0.9296048056546218,0.010502115172079097,0.018264241578575764,0.0074754460836275,0.2456075880811476,0.01946944265716426,0.8781583304695677,0.6666666666666666,0.6666666666666666,0.4666666666666666,11
8,4,5,0.9415234113538917,0.9416457076886038,0.9296048056546218,0.010502115172079097,0.018264241578575764,0.0074754460836275,0.2456075880811476,0.01946944265716426,0.8781583304695677,0.7142857142857143,0.4781746031746031,0.6285714285714286,11
8,4,2,0.8966781754745659,0.9473164408717404,0.9184989169515806,0.006651132206825581,0.016935453032558487,0.008030762973769246,0.26510926766465626,0.021292638381136573,0.8756879171888318,0.6666666666666666,0.38888888888888884,0.28888888888888886,11
8,4,5,0.8966781754745659,0.9473164408717404,0.9184989169515806,0.006651132206825581,0.016935453032558487,0.008030762973769246,0.26510926766465626,0.021292638381136573,0.8756879171888318,0.5873015873015872,0.5476190476190476,0.4944444444444445,11
8,4,2,0.8137718571220757,0.8275369723223367,0.8021864051703935,0.013953631354812625,0.05007850961283235,0.022319718530731225,0.13920003450699164,0.011481197348349978,0.6834690807436097,0.2222222222222222,0.4444444444444444,0.20000000000000004,12
8,4,5,0.8137718571220757,0.8275369723223367,0.8021864051703935,0.013953631354812625,0.05007850961283235,0.022319718530731225,0.13920003450699164,0.011481197348349978,0.6834690807436097,0.5079365079365079,0.5079365079365079,0.6031746031746031,12
8,4,2,0.8507854013022648,0.8681882881088782,0.8093369506074821,0.011091478920874977,0.039667927234419816,0.013911405730445189,0.15841717521665657,0.013626778237038856,0.9724466462029364,0.2222222222222222,0.3333333333333333,0.20000000000000004,12
8,4,5,0.8507854013022648,0.8681882881088782,0.8093369506074821,0.011091478920874977,0.039667927234419816,0.013911405730445189,0.15841717521665657,0.013626778237038856,0.9724466462029364,0.503968253968254,0.5079365079365079,0.5595238095238096,12
8,4,2,0.8034830092869734,0.6729008982283762,0.8058057577440688,0.14451516660971525,0.14246410100223206,0.12760892912586885,0.06714317694976507,0.004434663169176292,0.18491579383951898,0.2222222222222222,0.27777777777777773,0.33333333333333326,12
8,4,5,0.8034830092869734,0.6729008982283762,0.8058057577440688,0.14451516660971525,0.14246410100223206,0.12760892912586885,0.06714317694976507,0.004434663169176292,0.18491579383951898,0.5079365079365079,0.36904761904761907,0.6158730158730159,12
8,4,2,0.7352968423920963,0.6857068517495891,0.7341105771988207,0.0432171823454347,0.11331533095821128,0.0401382750679955,0.08607246850231746,0.005568471330288664,0.33480413492227695,0.16666666666666666,0.16666666666666666,0.33333333333333326,12
8,4,5,0.7352968423920963,0.6857068517495891,0.7341105771988207,0.0432171823454347,0.11331533095821128,0.0401382750679955,0.08607246850231746,0.005568471330288664,0.33480413492227695,0.5476190476190476,0.5079365079365079,0.5619047619047619,12
8,4,2,0.8062705199049786,0.6614976568254166,0.8133701353799023,0.06283987837356049,0.12945286224287672,0.060904778034868254,0.0918419023420102,0.005280864357899319,0.22592764431419834,0.1111111111111111,0.3333333333333333,0.26666666666666666,12
8,4,5,0.8062705199049786,0.6614976568254166,0.8133701353799023,0.06283987837356049,0.12945286224287672,0.060904778034868254,0.0918419023420102,0.005280864357899319,0.22592764431419834,0.5476190476190476,0.6190476190476191,0.5063492063492064,12
8,4,2,0.8667258383752253,0.8673594413434361,0.7905077231149782,0.015771898519433558,0.054538396749766696,0.024444508012608997,0.12147052325531474,0.011398559778339234,0.8083069800918974,0.27777777777777773,0.2222222222222222,0.31111111111111106,12
8,4,5,0.8667258383752253,0.8673594413434361,0.7905077231149782,0.015771898519433558,0.054538396749766696,0.024444508012608997,0.12147052325531474,0.011398559778339234,0.8083069800918974,0.5476190476190476,0.4484126984126984,0.6095238095238096,12
8,4,2,0.7952139691799863,0.6862910872742045,0.7943634850747862,0.06113857901090986,0.10209964584796204,0.0778866156007905,0.08249914292842389,0.007130378032983355,0.23940587888953996,0.2222222222222222,0.27777777777777773,0.28888888888888886,12
8,4,5,0.7952139691799863,0.6862910872742045,0.7943634850747862,0.06113857901090986,0.10209964584796204,0.0778866156007905,0.08249914292842389,0.007130378032983355,0.23940587888953996,0.4384920634920635,0.5238095238095238,0.515873015873016,12
8,4,2,0.7123025767019571,0.5827720753067399,0.6896053640556689,0.13704929253688256,0.2065898263690797,0.1712523042777942,0.06955463427310615,0.0034664203140327586,0.19704933703812424,0.3333333333333333,0.6666666666666666,0.33333333333333326,12
8,4,5,0.7123025767019571,0.5827720753067399,0.6896053640556689,0.13704929253688256,0.2065898263690797,0.1712523042777942,0.06955463427310615,0.0034664203140327586,0.19704933703812424,0.5873015873015872,0.5476190476190476,0.5523809523809524,12
8,4,2,0.8522814824704129,0.8659960078477544,0.8496848746808878,0.010996768439167344,0.02351782546812832,0.012998684241496299,0.28026725794622215,0.016396728199592918,1.0797537585262018,0.27777777777777773,0.16666666666666666,0.24444444444444444,13
8,4,5,0.8522814824704129,0.8659960078477544,0.8496848746808878,0.010996768439167344,0.02351782546812832,0.012998684241496299,0.28026725794622215,0.016396728199592918,1.0797537585262018,0.3988095238095238,0.4781746031746031,0.45634920634920645,13
8,4,2,0.78864566316045,0.7636072014747171,0.7798130577225219,0.027108600906364293,0.10339951883215848,0.032124585148862836,0.13701491127500715,0.007713887608075028,0.46403249716562733,0.27777777777777773,0.27777777777777773,0.3777777777777777,13
8,4,5,0.78864566316045,0.7636072014747171,0.7798130577225219,0.027108600906364293,0.10339951883215848,0.032124585148862836,0.13701491127500715,0.007713887608075028,0.46403249716562733,0.5238095238095237,0.5079365079365078,0.45873015873015877,13
8,4,2,0.8392329392074559,0.8450157719077632,0.8287893342876442,0.00932191531939431,0.03524517294081804,0.016624533623379928,0.19593100241606864,0.015628654333831645,0.9920423095124095,0.1111111111111111,0.27777777777777773,0.22222222222222224,13
8,4,5,0.8392329392074559,0.8450157719077632,0.8287893342876442,0.00932191531939431,0.03524517294081804,0.016624533623379928,0.19593100241606864,0.015628654333831645,0.9920423095124095,0.4484126984126984,0.5476190476190476,0.4841269841269842,13
8,4,2,0.8680918042187605,0.8651909735356992,0.8683739468358402,0.010821945804175812,0.024357369686358023,0.012099751384425352,0.22051560493960604,0.016475357224656796,0.6904483159025947,0.38888888888888884,0.38888888888888884,0.35555555555555546,13
8,4,5,0.8680918042187605,0.8651909735356992,0.8683739468358402,0.010821945804175812,0.024357369686358023,0.012099751384425352,0.22051560493960604,0.016475357224656796,0.6904483159025947,0.38888888888888884,0.4384920634920635,0.4825396825396826,13
8,4,2,0.7944134831388032,0.7862557501860948,0.7939029062302734,0.020132003673331993,0.05491274741750128,0.024955744913839853,0.14966541122891547,0.009756917773858424,0.5010030256405783,0.2222222222222222,0.3333333333333333,0.26666666666666666,13
8,4,5,0.7944134831388032,0.7862557501860948,0.7939029062302734,0.020132003673331993,0.05491274741750128,0.024955744913839853,0.14966541122891547,0.009756917773858424,0.5010030256405783,0.5436507936507936,0.5079365079365078,0.48650793650793656,13
8,4,2,0.8736555652387501,0.8914675783232695,0.8658677049051489,0.007391906583226337,0.021811889458213156,0.007743852188896004,0.21735454943012836,0.01603114708787082,0.6973358041831605,0.2222222222222222,0.38888888888888884,0.20000000000000004,13
8,4,5,0.8736555652387501,0.8914675783232695,0.8658677049051489,0.007391906583226337,0.021811889458213156,0.007743852188896004,0.21735454943012836,0.01603114708787082,0.6973358041831605,0.43849206349206343,0.603174603174603,0.511904761904762,13
8,4,2,0.7457766896057972,0.7826338065826367,0.746668081799398,0.026926557221999575,0.05433056726912326,0.028020533813119197,0.12259796382017447,0.010430191466235387,0.4449920553345988,0.3333333333333333,0.27777777777777773,0.3777777777777777,13
8,4,5,0.7457766896057972,0.7826338065826367,0.746668081799398,0.026926557221999575,0.05433056726912326,0.028020533813119197,0.12259796382017447,0.010430191466235387,0.4449920553345988,0.5079365079365079,0.5178571428571428,0.5841269841269842,13
8,4,2,0.7191110545861578,0.7391204004165023,0.7090625095686823,0.02983425228110191,0.0983033707727936,0.029566922124114745,0.12489429550020108,0.00786641825132609,0.37685558852881207,0.27777777777777773,0.2222222222222222,0.22222222222222227,13
8,4,5,0.7191110545861578,0.7391204004165023,0.7090625095686823,0.02983425228110191,0.0983033707727936,0.029566922124114745,0.12489429550020108,0.00786641825132609,0.37685558852881207,0.5634920634920634,0.40873015873015867,0.515873015873016,13
8,4,2,0.7390300801727817,0.7309861769411565,0.7360110706914642,0.0391320953507201,0.07421191850743278,0.0424557188559994,0.1156856132983632,0.0071874363729276846,0.37751825159044755,0.27777777777777773,0.1111111111111111,0.17777777777777778,14
8,4,5,0.7390300801727817,0.7309861769411565,0.7360110706914642,0.0391320953507201,0.07421191850743278,0.0424557188559994,0.1156856132983632,0.0071874363729276846,0.37751825159044755,0.5238095238095237,0.5873015873015872,0.5261904761904763,14
8,4,2,0.7688799055261366,0.7982911484598956,0.7463272768802881,0.0106129552842598,0.024597218307576198,0.011259469798246357,0.2220583429333165,0.012469935657419048,0.6392219683150835,0.3333333333333333,0.5555555555555555,0.37777777777777766,14
8,4,5,0.7688799055261366,0.7982911484598956,0.7463272768802881,0.0106129552842598,0.024597218307576198,0.011259469798246357,0.2220583429333165,0.012469935657419048,0.6392219683150835,0.8333333333333334,0.7777777777777777,0.6222222222222221,14
8,4,2,0.7946436803379675,0.7788606330529371,0.801963087547989,0.01807913810745826,0.03916040489196505,0.016171649778527825,0.1739728013506716,0.010137583206198501,0.554682500310263,0.27777777777777773,0.2222222222222222,0.37777777777777766,14
8,4,5,0.7946436803379675,0.7788606330529371,0.801963087547989,0.01807913810745826,0.03916040489196505,0.016171649778527825,0.1739728013506716,0.010137583206198501,0.554682500310263,0.6031746031746031,0.8333333333333334,0.6476190476190475,14
8,4,2,0.8384073636420228,0.8285647969419078,0.8144592790588139,0.018314119482565925,0.05729042125736629,0.0191224353079495,0.13046512175488342,0.012108921466551018,0.5257032992975356,0.16666666666666666,0.38888888888888884,0.35555555555555546,14
8,4,5,0.8384073636420228,0.8285647969419078,0.8144592790588139,0.018314119482565925,0.05729042125736629,0.0191224353079495,0.13046512175488342,0.012108921466551018,0.5257032992975356,0.4781746031746031,0.4781746031746031,0.5142857142857143,14
8,4,2,0.8609163701232981,0.9034457765669619,0.8468908223341205,0.011711264581095376,0.020751988909278322,0.011930188820523695,0.18814380459487257,0.015193942724113391,0.5187849152653832,0.16666666666666666,0.1111111111111111,0.42222222222222217,14
8,4,5,0.8609163701232981,0.9034457765669619,0.8468908223341205,0.011711264581095376,0.020751988909278322,0.011930188820523695,0.18814380459487257,0.015193942724113391,0.5187849152653832,0.37896825396825395,0.5079365079365079,0.5642857142857144,14
8,4,2,0.8911409601288915,0.8440206563435716,0.9003674637763872,0.006216567138549031,0.037865705466834154,0.010464753437093379,0.196811902512729,0.015611153612143257,1.0365236282091321,0.27777777777777773,0.4444444444444444,0.26666666666666666,14
8,4,5,0.8911409601288915,0.8440206563435716,0.9003674637763872,0.006216567138549031,0.037865705466834154,0.010464753437093379,0.196811902512729,0.015611153612143257,1.0365236282091321,0.5079365079365079,0.5079365079365078,0.5126984126984128,14
8,4,2,0.8273926306658026,0.805969028945312,0.7934540464581322,0.022768434085815713,0.09940729415652691,0.032111231575258525,0.09114504013164135,0.008473312168906214,0.4361783991810663,0.16666666666666666,0.2222222222222222,0.3777777777777777,14
8,4,5,0.8273926306658026,0.805969028945312,0.7934540464581322,0.022768434085815713,0.09940729415652691,0.032111231575258525,0.09114504013164135,0.008473312168906214,0.4361783991810663,0.43849206349206343,0.5476190476190476,0.5341269841269842,14
8,4,2,0.8299400740207732,0.8337498395381135,0.7937386925456367,0.011432953421907205,0.034630298166022186,0.011524157880040098,0.1359490787253063,0.011540597371590154,0.5370926315027055,0.1111111111111111,0.4444444444444444,0.26666666666666666,14
8,4,5,0.8299400740207732,0.8337498395381135,0.7937386925456367,0.011432953421907205,0.034630298166022186,0.011524157880040098,0.1359490787253063,0.011540597371590154,0.5370926315027055,0.5079365079365079,0.5476190476190476,0.6634920634920635,14
8,4,2,0.7333691905831421,0.709642467075135,0.732097457076353,0.041191776168594714,0.08901024468661826,0.03615542524852969,0.11098566574453879,0.011103416838655074,0.4941128554570735,0.27777777777777773,0.5555555555555555,0.2888888888888889,15
8,4,5,0.7333691905831421,0.709642467075135,0.732097457076353,0.041191776168594714,0.08901024468661826,0.03615542524852969,0.11098566574453879,0.011103416838655074,0.4941128554570735,0.5873015873015872,0.5476190476190476,0.561904761904762,15
8,4,2,0.8963442852446463,0.896096091931847,0.8834766276467322,0.016082181118361974,0.03389540686405403,0.018534598449799697,0.19685742002157583,0.016821028395368254,0.6874317921279182,0.3888888888888889,0.3333333333333333,0.39999999999999997,15
8,4,5,0.8963442852446463,0.896096091931847,0.8834766276467322,0.016082181118361974,0.03389540686405403,0.018534598449799697,0.19685742002157583,0.016821028395368254,0.6874317921279182,0.6269841269841269,0.6428571428571428,0.6857142857142856,15
8,4,2,0.7768621260973113,0.7008824643976002,0.7815178975547672,0.016207629443788438,0.0977057879518856,0.06005814114517956,0.1285479006936388,0.01666146456940297,0.6445024677988448,0.27777777777777773,0.1111111111111111,0.44444444444444436,15
8,4,5,0.7768621260973113,0.7008824643976002,0.7815178975547672,0.016207629443788438,0.0977057879518856,0.06005814114517956,0.1285479006936388,0.01666146456940297,0.6445024677988448,0.4087301587301588,0.5079365079365078,0.5380952380952382,15
8,4,2,0.7471917115300493,0.7325278169268786,0.7629988448126798,0.043452879300400794,0.1253158147897821,0.058472865235424824,0.09828542957412077,0.007964125517411226,0.37616248441619976,0.27777777777777773,0.6666666666666666,0.4444444444444445,15
8,4,5,0.7471917115300493,0.7325278169268786,0.7629988448126798,0.043452879300400794,0.1253158147897821,0.058472865235424824,0.09828542957412077,0.007964125517411226,0.37616248441619976,0.6269841269841269,0.5079365079365078,0.6158730158730159,15
8,4,2,0.8613901936431783,0.884545107617123,0.8448705686330049,0.012273562001416003,0.02957206205893335,0.014029505015932487,0.20109592135384846,0.016686712081115235,0.6880549799445668,0.4444444444444444,0.5555555555555555,0.39999999999999997,15
8,4,5,0.8613901936431783,0.884545107617123,0.8448705686330049,0.012273562001416003,0.02957206205893335,0.014029505015932487,0.20109592135384846,0.016686712081115235,0.6880549799445668,0.5873015873015872,0.5079365079365079,0.5817460317460319,15
8,4,2,0.8643720814328926,0.7472625445646195,0.835642110992763,0.017599758568744968,0.08690314422876896,0.060930188954320716,0.1359831578622461,0.014720781033348623,0.5925960555326758,0.16666666666666666,0.5555555555555556,0.44444444444444436,15
8,4,5,0.8643720814328926,0.7472625445646195,0.835642110992763,0.017599758568744968,0.08690314422876896,0.060930188954320716,0.1359831578622461,0.014720781033348623,0.5925960555326758,0.5476190476190476,0.4384920634920635,0.6253968253968253,15
8,4,2,0.9129522682845683,0.7209387438070487,0.9143800433228496,0.01456467215656845,0.18640757143936004,0.05800677782535956,0.13871764272351186,0.017670386760848342,0.5439950448945154,0.4444444444444444,0.16666666666666666,0.39999999999999997,15
8,4,5,0.9129522682845683,0.7209387438070487,0.9143800433228496,0.01456467215656845,0.18640757143936004,0.05800677782535956,0.13871764272351186,0.017670386760848342,0.5439950448945154,0.6269841269841269,0.4484126984126984,0.6634920634920635,15
8,4,2,0.7069588659483327,0.698349356754146,0.7472953991615042,0.042202832539631335,0.16180450821938824,0.05882359972274172,0.0978373240969894,0.01214042474773853,0.5605913095243683,0.27777777777777773,0.4444444444444444,0.44444444444444436,15
8,4,5,0.7069588659483327,0.698349356754146,0.7472953991615042,0.042202832539631335,0.16180450821938824,0.05882359972274172,0.0978373240969894,0.01214042474773853,0.5605913095243683,0.4781746031746031,0.6428571428571428,0.5555555555555556,15
8,4,2,0.7948432988077249,0.8028628031002029,0.7843634909924763,0.022852878090668043,0.0351888669839473,0.02181889386823924,0.19226075616121602,0.010439058156888397,0.5772830312930731,0.16666666666666666,0.27777777777777773,0.26666666666666666,16
8,4,5,0.7948432988077249,0.8028628031002029,0.7843634909924763,0.022852878090668043,0.0351888669839473,0.02181889386823924,0.19226075616121602,0.010439058156888397,0.5772830312930731,0.5476190476190476,0.5436507936507936,0.5119047619047621,16
8,4,2,0.7407625326991569,0.7544093994108485,0.7621704188262134,0.052917615240158034,0.07614099409711943,0.04547675070727554,0.12495026652027769,0.008552621945184687,0.4751873401794165,0.1111111111111111,0.16666666666666666,0.24444444444444446,16
8,4,5,0.7407625326991569,0.7544093994108485,0.7621704188262134,0.052917615240158034,0.07614099409711943,0.04547675070727554,0.12495026652027769,0.008552621945184687,0.4751873401794165,0.5476190476190476,0.4484126984126984,0.5103174603174604,16
8,4,2,0.7835069636502333,0.783026949710327,0.7803809508120464,0.023194495668569463,0.04124582740991985,0.02177905522431907,0.20445464009566428,0.011347744397170996,0.6476214759408321,0.16666666666666666,0.3333333333333333,0.15555555555555553,16
8,4,5,0.7835069636502333,0.783026949710327,0.7803809508120464,0.023194495668569463,0.04124582740991985,0.02177905522431907,0.20445464009566428,0.011347744397170996,0.6476214759408321,0.4484126984126984,0.5873015873015872,0.5365079365079366,16
8,4,2,0.7600411155973149,0.8185435974293427,0.7743451420760359,0.02110489455206274,0.04501260921327835,0.02080725190351563,0.15481093695502318,0.013053090322214515,0.5592391161115754,0.27777777777777773,0.27777777777777773,0.3111111111111111,16
8,4,5,0.7600411155973149,0.8185435974293427,0.7743451420760359,0.02110489455206274,0.04501260921327835,0.02080725190351563,0.15481093695502318,0.013053090322214515,0.5592391161115754,0.4384920634920635,0.5634920634920634,0.565873015873016,16
8,4,2,0.7419868091212974,0.7292656703738354,0.7289816923253073,0.04283236948468283,0.11302842318210811,0.04360335531220717,0.14379206826966226,0.006966451818521486,0.450421906485862,0.1111111111111111,0.38888888888888884,0.17777777777777776,16
8,4,5,0.7419868091212974,0.7292656703738354,0.7289816923253073,0.04283236948468283,0.11302842318210811,0.04360335531220717,0.14379206826966226,0.006966451818521486,0.450421906485862,0.40873015873015867,0.4384920634920635,0.4484126984126985,16
8,4,2,0.700303180537539,0.701467733043374,0.6989840264193695,0.06212652888352145,0.06293276372066886,0.0598888540361691,0.09061845975194964,0.00786292446939767,0.2965121823815035,0.1111111111111111,0.27777777777777773,0.24444444444444444,16
8,4,5,0.700303180537539,0.701467733043374,0.6989840264193695,0.06212652888352145,0.06293276372066886,0.0598888540361691,0.09061845975194964,0.00786292446939767,0.2965121823815035,0.5178571428571428,0.5873015873015872,0.561904761904762,16
8,4,2,0.8735013706151219,0.8395845181500112,0.8730397486264697,0.010330760767277809,0.02123806840115608,0.013055120677756812,0.21860619348524377,0.019855093886026562,0.9051119025680776,0.4444444444444444,0.1111111111111111,0.3555555555555555,16
8,4,5,0.8735013706151219,0.8395845181500112,0.8730397486264697,0.010330760767277809,0.02123806840115608,0.013055120677756812,0.21860619348524377,0.019855093886026562,0.9051119025680776,0.6269841269841269,0.7222222222222222,0.5714285714285715,16
8,4,2,0.9228197519382225,0.7672415539115868,0.9204100594038388,0.04048204068138439,0.500100640843758,0.04641504873314377,0.08805829823999006,0.006998111872658188,0.3199365503066976,0.38888888888888884,0.27777777777777773,0.39999999999999997,16
8,4,5,0.9228197519382225,0.7672415539115868,0.9204100594038388,0.04048204068138439,0.500100640843758,0.04641504873314377,0.08805829823999006,0.006998111872658188,0.3199365503066976,0.5079365079365078,0.5079365079365078,0.5579365079365081,16
8,4,2,0.738595290412406,0.7771618072919131,0.7338367302542123,0.052629668202084236,0.09807300374551894,0.05523984095802407,0.17582015453773317,0.012080857366756922,0.7124311853224164,0.3333333333333333,0.1111111111111111,0.26666666666666666,17
8,4,5,0.738595290412406,0.7771618072919131,0.7338367302542123,0.052629668202084236,0.09807300374551894,0.05523984095802407,0.17582015453773317,0.012080857366756922,0.7124311853224164,0.5873015873015872,0.37896825396825395,0.5396825396825398,17
8,4,2,0.7804040851873664,0.6739935318878646,0.7632194466515194,0.037431383206330014,0.08235878545973588,0.0530572143281139,0.12468933440730345,0.011350056518613483,0.7385314204370473,0.27777777777777773,0.4444444444444444,0.2888888888888889,17
8,4,5,0.7804040851873664,0.6739935318878646,0.7632194466515194,0.037431383206330014,0.08235878545973588,0.0530572143281139,0.12468933440730345,0.011350056518613483,0.7385314204370473,0.5178571428571428,0.5476190476190476,0.6634920634920635,17
8,4,2,0.7766106218382134,0.7765101189226066,0.7723769876151584,0.0673051307043676,0.09247287882170648,0.05734845996242533,0.09938451112839529,0.010445320952554472,0.46863130940669667,0.3333333333333333,0.6666666666666666,0.511111111111111,17
8,4,5,0.7766106218382134,0.7765101189226066,0.7723769876151584,0.0673051307043676,0.09247287882170648,0.05734845996242533,0.09938451112839529,0.010445320952554472,0.46863130940669667,0.603174603174603,0.43849206349206343,0.5936507936507937,17
8,4,2,0.7196262843266847,0.747996675614828,0.721409977688038,0.03757180092895099,0.12100281768987979,0.07313511242824275,0.12010280883692527,0.013063217250271719,0.6161471158968133,0.1111111111111111,0.16666666666666666,0.17777777777777776,17
8,4,5,0.7196262843266847,0.747996675614828,0.721409977688038,0.03757180092895099,0.12100281768987979,0.07313511242824275,0.12010280883692527,0.013063217250271719,0.6161471158968133,0.5079365079365078,0.5079365079365079,0.7333333333333332,17
8,4,2,0.7282946922436481,0.738189951815844,0.709899811561186,0.03040354568883702,0.0797460958538776,0.028713098877157665,0.16540647988672072,0.011128065997531451,0.6756519146831688,0.16666666666666666,0.16666666666666666,0.17777777777777778,17
8,4,5,0.7282946922436481,0.738189951815844,0.709899811561186,0.03040354568883702,0.0797460958538776,0.028713098877157665,0.16540647988672072,0.011128065997531451,0.6756519146831688,0.5476190476190476,0.603174603174603,0.6190476190476191,17
8,4,2,0.7954169540674694,0.6971758250900316,0.8058270200355028,0.015572321052143404,0.13577969186314962,0.034233432418366135,0.1658885480290122,0.012275917592060474,1.0304602906061324,0.2222222222222222,0.1111111111111111,0.3777777777777777,17
8,4,5,0.7954169540674694,0.6971758250900316,0.8058270200355028,0.015572321052143404,0.13577969186314962,0.034233432418366135,0.1658885480290122,0.012275917592060474,1.0304602906061324,0.5079365079365078,0.603174603174603,0.6253968253968254,17
8,4,2,0.7509672317958597,0.7531071062542191,0.7309579826903458,0.0522719831639724,0.12411607682173141,0.044762465775036855,0.10491739037624521,0.009037624429389603,0.475666335882971,0.4444444444444444,0.4444444444444444,0.3333333333333333,17
8,4,5,0.7509672317958597,0.7531071062542191,0.7309579826903458,0.0522719831639724,0.12411607682173141,0.044762465775036855,0.10491739037624521,0.009037624429389603,0.475666335882971,0.5178571428571428,0.4880952380952381,0.49047619047619057,17
8,4,2,0.7757077355503276,0.7733426186402403,0.7729137893061984,0.03620469429411483,0.06837251921166904,0.038932114902789305,0.15700804862586537,0.009827175141722932,0.4760714530693678,0.27777777777777773,0.3333333333333333,0.26666666666666666,17
8,4,5,0.7757077355503276,0.7733426186402403,0.7729137893061984,0.03620469429411483,0.06837251921166904,0.038932114902789305,0.15700804862586537,0.009827175141722932,0.4760714530693678,0.5476190476190476,0.5634920634920634,0.5936507936507938,17
8,4,2,0.8858035910901672,0.7686431729846209,0.8856790157200973,0.031670816162202436,0.05395060479978723,0.03664224001152612,0.10853804569103995,0.009212587041013647,0.32436134607309186,0.4444444444444444,0.27777777777777773,0.3333333333333333,18
8,4,5,0.8858035910901672,0.7686431729846209,0.8856790157200973,0.031670816162202436,0.05395060479978723,0.03664224001152612,0.10853804569103995,0.009212587041013647,0.32436134607309186,0.5138888888888888,0.5436507936507936,0.5976190476190477,18
8,4,2,0.7946942282149695,0.7431387036750596,0.7948949810732654,0.04085896181328294,0.04957249271859769,0.056833882405865746,0.12694326841396322,0.009324778286670273,0.3354504497606084,0.38888888888888884,0.27777777777777773,0.44444444444444436,18
8,4,5,0.7946942282149695,0.7431387036750596,0.7948949810732654,0.04085896181328294,0.04957249271859769,0.056833882405865746,0.12694326841396322,0.009324778286670273,0.3354504497606084,0.7222222222222222,0.5238095238095237,0.4682539682539683,18
8,4,2,0.8586633274769598,0.8566480214613396,0.862587795852085,0.007766397159769589,0.022522150148808585,0.008280700868627472,0.2361928369377123,0.015459884653623928,0.7702013793811635,0.3333333333333333,0.27777777777777773,0.31111111111111106,18
8,4,5,0.8586633274769598,0.8566480214613396,0.862587795852085,0.007766397159769589,0.022522150148808585,0.008280700868627472,0.2361928369377123,0.015459884653623928,0.7702013793811635,0.5634920634920634,0.46428571428571425,0.6420634920634921,18
8,4,2,0.8428477267595778,0.7564940264245836,0.8181396763679063,0.02738297365089479,0.04141645198977631,0.031647521782952,0.13905120516234026,0.009751879983238817,0.3800207463278869,0.27777777777777773,0.27777777777777773,0.2222222222222222,18
8,4,5,0.8428477267595778,0.7564940264245836,0.8181396763679063,0.02738297365089479,0.04141645198977631,0.031647521782952,0.13905120516234026,0.009751879983238817,0.3800207463278869,0.5476190476190476,0.5079365079365078,0.4404761904761905,18
8,4,2,0.8574546421276784,0.8694706957265188,0.8506692714850496,0.008140834090581962,0.036364744248782555,0.009732069165395893,0.1707585486403579,0.012014852368603371,0.5855400063723702,0.3888888888888889,0.5555555555555555,0.4444444444444445,18
8,4,5,0.8574546421276784,0.8694706957265188,0.8506692714850496,0.008140834090581962,0.036364744248782555,0.009732069165395893,0.1707585486403579,0.012014852368603371,0.5855400063723702,0.5873015873015872,0.7777777777777777,0.5317460317460319,18
8,4,2,0.8035219475059399,0.7660890727853888,0.811160134127608,0.019309464637523827,0.036855323837064566,0.042309666475083996,0.15382857705357264,0.011671520680631374,0.4799115930945696,0.2222222222222222,0.6666666666666666,0.5999999999999999,18
8,4,5,0.8035219475059399,0.7660890727853888,0.811160134127608,0.019309464637523827,0.036855323837064566,0.042309666475083996,0.15382857705357264,0.011671520680631374,0.4799115930945696,0.6428571428571428,0.5873015873015872,0.6063492063492063,18
8,4,2,0.8425782388971128,0.8905684737891778,0.8374609178052875,0.006439359424538637,0.019540434239578148,0.006602289804914259,0.2254708339250014,0.015742424954387442,0.8059789743062252,0.27777777777777773,0.4444444444444444,0.3777777777777777,18
8,4,5,0.8425782388971128,0.8905684737891778,0.8374609178052875,0.006439359424538637,0.019540434239578148,0.006602289804914259,0.2254708339250014,0.015742424954387442,0.8059789743062252,0.6031746031746031,0.5178571428571428,0.5063492063492064,18
8,4,2,0.8553142449278311,0.864148259667367,0.8450172162848163,0.009317339786688871,0.031368894757892195,0.01049104757270293,0.22438467490257252,0.01512467505840776,0.7892619828702744,0.27777777777777773,0.27777777777777773,0.3555555555555555,18
8,4,5,0.8553142449278311,0.864148259667367,0.8450172162848163,0.009317339786688871,0.031368894757892195,0.01049104757270293,0.22438467490257252,0.01512467505840776,0.7892619828702744,0.6031746031746031,0.5873015873015872,0.5817460317460318,18
8,4,2,0.8421224004348122,0.8417899614355651,0.8566666695418245,0.018544436647480067,0.02831977310484703,0.017347758579295394,0.14521704545133515,0.012676181162863252,0.4225717511691782,0.4444444444444444,0.6666666666666666,0.511111111111111,19
8,4,5,0.8421224004348122,0.8417899614355651,0.8566666695418245,0.018544436647480067,0.02831977310484703,0.017347758579295394,0.14521704545133515,0.012676181162863252,0.4225717511691782,0.8333333333333334,0.7222222222222222,0.7079365079365079,19
8,4,2,0.8628449334740304,0.8132693416891518,0.837369266721373,0.040340890186282986,0.02947971011948921,0.018422415788725298,0.10510915990210884,0.015000635128992383,0.45618806685851165,1.0,1.0,0.6444444444444443,19
8,4,5,0.8628449334740304,0.8132693416891518,0.837369266721373,0.040340890186282986,0.02947971011948921,0.018422415788725298,0.10510915990210884,0.015000635128992383,0.45618806685851165,0.5634920634920634,0.5476190476190476,0.6126984126984126,19
8,4,2,0.8090036251868604,0.8215175615910278,0.8007383624878203,0.02366646496031612,0.047008972679831285,0.028024816959196123,0.20641382026188212,0.013295788311063365,0.6263490764629795,0.27777777777777773,0.4444444444444444,0.26666666666666666,19
8,4,5,0.8090036251868604,0.8215175615910278,0.8007383624878203,0.02366646496031612,0.047008972679831285,0.028024816959196123,0.20641382026188212,0.013295788311063365,0.6263490764629795,0.5476190476190476,0.7222222222222222,0.6095238095238096,19
8,4,2,0.7975254970078246,0.8391552014738098,0.8089674164542263,0.011923693207878847,0.032846893499717505,0.013009843095644305,0.1961862339576287,0.015892419391777598,0.7426601981338048,0.38888888888888884,0.38888888888888884,0.24444444444444446,19
8,4,5,0.7975254970078246,0.8391552014738098,0.8089674164542263,0.011923693207878847,0.032846893499717505,0.013009843095644305,0.1961862339576287,0.015892419391777598,0.7426601981338048,0.5079365079365079,0.6031746031746031,0.5396825396825398,19
8,4,2,0.8339949217383654,0.8275506775044675,0.8225879689289234,0.02418019691118161,0.04178427090438176,0.02923291675869731,0.1861828891226948,0.012271143501791731,0.567018895843424,0.3888888888888889,0.3333333333333333,0.3111111111111111,19
8,4,5,0.8339949217383654,0.8275506775044675,0.8225879689289234,0.02418019691118161,0.04178427090438176,0.02923291675869731,0.1861828891226948,0.012271143501791731,0.567018895843424,0.5476190476190476,0.6825396825396824,0.6476190476190475,19
8,4,2,0.8521810672628263,0.8210046338263518,0.827928743800466,0.032598805874967274,0.04556112648425899,0.018502194600808652,0.1543404422544244,0.015863856524670338,0.6174706251310904,0.6666666666666666,1.0,0.7777777777777779,19
8,4,5,0.8521810672628263,0.8210046338263518,0.827928743800466,0.032598805874967274,0.04556112648425899,0.018502194600808652,0.1543404422544244,0.015863856524670338,0.6174706251310904,0.5873015873015872,0.7222222222222222,0.6095238095238096,19
8,4,2,0.8400597130143497,0.8475933284777573,0.8354840730415722,0.011589418379206917,0.02759920667072948,0.013136274374532743,0.18410459421695285,0.014798197776671,0.6715505347818183,0.38888888888888884,0.6666666666666666,0.48888888888888893,19
8,4,5,0.8400597130143497,0.8475933284777573,0.8354840730415722,0.011589418379206917,0.02759920667072948,0.013136274374532743,0.18410459421695285,0.014798197776671,0.6715505347818183,0.4781746031746031,0.6031746031746031,0.5460317460317461,19
8,4,2,0.8490831993487772,0.8458232522125257,0.8373391876496977,0.012455607827212258,0.027985963922175873,0.015584942680103976,0.1811338999335834,0.014712220161135792,0.6486780719996225,0.38888888888888884,0.38888888888888884,0.44444444444444436,19
8,4,5,0.8490831993487772,0.8458232522125257,0.8373391876496977,0.012455607827212258,0.027985963922175873,0.015584942680103976,0.1811338999335834,0.014712220161135792,0.6486780719996225,0.6825396825396824,0.5178571428571428,0.8,19
8,5,2,0.9187063671198349,0.7956173967137568,0.8843435111848759,0.023203699249102004,0.03528570766922584,0.03719361690418688,0.10421502866966245,0.013912051679213746,0.6734180429109096,0.4666666666666666,0.2,0.5185185185185184,0
8,5,5,0.9187063671198349,0.7956173967137568,0.8843435111848759,0.023203699249102004,0.03528570766922584,0.03719361690418688,0.10421502866966245,0.013912051679213746,0.6734180429109096,0.6523809523809524,0.5,0.5589947089947089,0
8,5,2,0.7951591809054023,0.8119947018984797,0.8044980944146226,0.02757557749946484,0.05138144934867188,0.05522082249695663,0.12760557356911933,0.009256186008213986,0.4674196604844756,0.3333333333333333,0.19999999999999998,0.31111111111111117,0
8,5,5,0.7951591809054023,0.8119947018984797,0.8044980944146226,0.02757557749946484,0.05138144934867188,0.05522082249695663,0.12760557356911933,0.009256186008213986,0.4674196604844756,0.6285714285714286,0.4583333333333333,0.556084656084656,0
8,5,2,0.7382547005189101,0.721406571845846,0.7458428181083748,0.02160517458191994,0.060765985554056476,0.025457935982211025,0.11409224466190312,0.010930283475674778,0.5730930359649733,0.36666666666666664,0.2333333333333333,0.44444444444444436,0
8,5,5,0.7382547005189101,0.721406571845846,0.7458428181083748,0.02160517458191994,0.060765985554056476,0.025457935982211025,0.11409224466190312,0.010930283475674778,0.5730930359649733,0.5571428571428572,0.46428571428571425,0.5637566137566137,0
8,5,2,0.862426620953993,0.8909043252649318,0.8849782609519554,0.011479065916407285,0.025455444961851228,0.011211617574554782,0.17816389989138642,0.013840070620582175,0.5732991401596768,0.16666666666666666,0.33333333333333337,0.30370370370370375,0
8,5,5,0.862426620953993,0.8909043252649318,0.8849782609519554,0.011479065916407285,0.025455444961851228,0.011211617574554782,0.17816389989138642,0.013840070620582175,0.5732991401596768,0.5476190476190477,0.4976190476190476,0.5359788359788358,0
8,5,2,0.7604626125023245,0.7711041565409242,0.7871176699608328,0.01723232051308204,0.03983049439319885,0.01971285782110497,0.12940409640098105,0.01133281982672929,0.3815022398042231,0.19999999999999998,0.2222222222222222,0.5777777777777777,0
8,5,5,0.7604626125023245,0.7711041565409242,0.7871176699608328,0.01723232051308204,0.03983049439319885,0.01971285782110497,0.12940409640098105,0.01133281982672929,0.3815022398042231,0.46428571428571425,0.4484126984126984,0.6211640211640211,0
8,5,2,0.7476916814645403,0.7693495933322785,0.765271286484523,0.03372903335737258,0.07460089032551166,0.04765743766857661,0.09884378441636119,0.008680632895893112,0.5469668681801612,0.36666666666666664,0.2333333333333333,0.40740740740740733,0
8,5,5,0.7476916814645403,0.7693495933322785,0.765271286484523,0.03372903335737258,0.07460089032551166,0.04765743766857661,0.09884378441636119,0.008680632895893112,0.5469668681801612,0.4404761904761904,0.47619047619047616,0.49894179894179885,0
8,5,2,0.8924593706576144,0.8497261063632867,0.8665079059695503,0.017403784331166412,0.028220900708932933,0.0191003520236869,0.17544009724511567,0.012299722114712095,0.4547451121071659,0.4666666666666666,0.3333333333333333,0.5037037037037035,0
8,5,5,0.8924593706576144,0.8497261063632867,0.8665079059695503,0.017403784331166412,0.028220900708932933,0.0191003520236869,0.17544009724511567,0.012299722114712095,0.4547451121071659,0.5,0.6190476190476191,0.49947089947089945,0
8,5,2,0.8115215845445773,0.8242587654385458,0.8209464533189695,0.014402812290691885,0.033406049871250315,0.014124982407182334,0.17276160371305907,0.013396026412697833,0.6341412999067761,0.19999999999999998,0.5333333333333333,0.42962962962962953,0
8,5,5,0.8115215845445773,0.8242587654385458,0.8209464533189695,0.014402812290691885,0.033406049871250315,0.014124982407182334,0.17276160371305907,0.013396026412697833,0.6341412999067761,0.6523809523809525,0.4797619047619047,0.655026455026455,0
8,5,2,0.8062664828523224,0.7832981010748553,0.7978258858569791,0.027364289726512173,0.057271157047766585,0.02237181721639278,0.13360689458172914,0.010154832179513674,0.6321301936980728,0.13333333333333333,0.19999999999999998,0.2592592592592593,1
8,5,5,0.8062664828523224,0.7832981010748553,0.7978258858569791,0.027364289726512173,0.057271157047766585,0.02237181721639278,0.13360689458172914,0.010154832179513674,0.6321301936980728,0.47619047619047616,0.505952380952381,0.5087301587301586,1
8,5,2,0.836197711699342,0.8410895001716484,0.844582673147138,0.014539380274424071,0.03991590287880241,0.020938611154666137,0.13748452576092665,0.013572324799845489,0.5394768560595438,0.36666666666666664,0.33333333333333337,0.2592592592592593,1
8,5,5,0.836197711699342,0.8410895001716484,0.844582673147138,0.014539380274424071,0.03991590287880241,0.020938611154666137,0.13748452576092665,0.013572324799845489,0.5394768560595438,0.5714285714285714,0.6523809523809524,0.5066137566137564,1
8,5,2,0.8374929118121416,0.8073081853237335,0.8290654950252535,0.013780508620975868,0.034562448385571154,0.02442300867796951,0.17273758286342997,0.015041000686784158,1.077143729765124,0.26666666666666666,0.26666666666666666,0.17777777777777773,1
8,5,5,0.8374929118121416,0.8073081853237335,0.8290654950252535,0.013780508620975868,0.034562448385571154,0.02442300867796951,0.17273758286342997,0.015041000686784158,1.077143729765124,0.46785714285714286,0.4404761904761905,0.45634920634920634,1
8,5,2,0.8219014987478086,0.8106552388752024,0.7999291722239161,0.022121603230267156,0.04710285642346079,0.02636164596100855,0.14758676927147032,0.010491339454849702,0.5015053553176843,0.16666666666666666,0.2,0.2592592592592593,1
8,5,5,0.8219014987478086,0.8106552388752024,0.7999291722239161,0.022121603230267156,0.04710285642346079,0.02636164596100855,0.14758676927147032,0.010491339454849702,0.5015053553176843,0.4642857142857143,0.4226190476190476,0.5074074074074073,1
8,5,2,0.6886309626008105,0.6410738913114533,0.670911357268722,0.1054264312688266,0.17707371200359243,0.07510770494952297,0.0699914670144171,0.004143029496014994,0.24199092794664107,0.16666666666666666,0.2333333333333333,0.2592592592592593,1
8,5,5,0.6886309626008105,0.6410738913114533,0.670911357268722,0.1054264312688266,0.17707371200359243,0.07510770494952297,0.0699914670144171,0.004143029496014994,0.24199092794664107,0.4583333333333333,0.4404761904761904,0.5034391534391534,1
8,5,2,0.7058270790589888,0.670923660316604,0.7163775830788982,0.06233771836150692,0.12295907689122226,0.07621367635092494,0.09244736352572261,0.004917977683924792,0.21163371810690018,0.23333333333333334,0.27777777777777773,0.21481481481481485,1
8,5,5,0.7058270790589888,0.670923660316604,0.7163775830788982,0.06233771836150692,0.12295907689122226,0.07621367635092494,0.09244736352572261,0.004917977683924792,0.21163371810690018,0.4583333333333333,0.494047619047619,0.5063492063492063,1
8,5,2,0.8022120574091551,0.8113903106050101,0.7941756233942361,0.01885377751334147,0.054716178280540775,0.0277868070773642,0.13141173241061666,0.009979525731411214,0.5422652139960227,0.23333333333333334,0.23333333333333334,0.2666666666666667,1
8,5,5,0.8022120574091551,0.8113903106050101,0.7941756233942361,0.01885377751334147,0.054716178280540775,0.0277868070773642,0.13141173241061666,0.009979525731411214,0.5422652139960227,0.5,0.5,0.5145502645502645,1
8,5,2,0.7695673360353654,0.7428627953922479,0.7576269201309198,0.031136697536115074,0.0588422962037164,0.03638723693861243,0.10870709767090814,0.007136616491577334,0.3073706397812827,0.23333333333333334,0.13333333333333333,0.42962962962962953,1
8,5,5,0.7695673360353654,0.7428627953922479,0.7576269201309198,0.031136697536115074,0.0588422962037164,0.03638723693861243,0.10870709767090814,0.007136616491577334,0.3073706397812827,0.48809523809523814,0.3988095238095238,0.6507936507936508,1
8,5,2,0.8525008199071178,0.8056512610221012,0.8598646867493587,0.011222501847077952,0.03359432369587081,0.014560857020050196,0.15692166659565687,0.012391581212029096,0.7440471082384179,0.2333333333333333,0.2666666666666667,0.29629629629629634,2
8,5,5,0.8525008199071178,0.8056512610221012,0.8598646867493587,0.011222501847077952,0.03359432369587081,0.014560857020050196,0.15692166659565687,0.012391581212029096,0.7440471082384179,0.4404761904761905,0.5214285714285715,0.4989417989417988,2
8,5,2,0.7568362789084349,0.7612752385234763,0.7476544138810357,0.02759382505764072,0.04303738935963415,0.033930866818278366,0.12013952496388006,0.010204839402317296,0.5070785504885102,0.16666666666666666,0.33333333333333337,0.14814814814814814,2
8,5,5,0.7568362789084349,0.7612752385234763,0.7476544138810357,0.02759382505764072,0.04303738935963415,0.033930866818278366,0.12013952496388006,0.010204839402317296,0.5070785504885102,0.4642857142857143,0.41071428571428575,0.4743386243386242,2
8,5,2,0.9118529225305869,0.9108403900706217,0.8993111952752948,0.0072710185576859675,0.017226349127956078,0.01153527307330834,0.2201386162339726,0.01738432476914847,0.7888886032341839,0.16666666666666666,0.13333333333333333,0.34814814814814815,2
8,5,5,0.9118529225305869,0.9108403900706217,0.8993111952752948,0.0072710185576859675,0.017226349127956078,0.01153527307330834,0.2201386162339726,0.01738432476914847,0.7888886032341839,0.5238095238095238,0.47023809523809523,0.5452380952380951,2
8,5,2,0.7855350061858202,0.7628725213482973,0.7812604912409057,0.028752534883096557,0.05357527320968272,0.03237396486680208,0.12847996781642532,0.010399030064426417,0.5520836651008886,0.16666666666666666,0.2,0.14814814814814814,2
8,5,5,0.7855350061858202,0.7628725213482973,0.7812604912409057,0.028752534883096557,0.05357527320968272,0.03237396486680208,0.12847996781642532,0.010399030064426417,0.5520836651008886,0.47023809523809523,0.4226190476190476,0.5021164021164021,2
8,5,2,0.8451229364672096,0.7965999258833402,0.8125870535686339,0.015337782494221883,0.0429090183465444,0.02044495545637947,0.13684600405043706,0.009883342019765087,0.4741911083655837,0.26666666666666666,0.4,0.2888888888888889,2
8,5,5,0.8451229364672096,0.7965999258833402,0.8125870535686339,0.015337782494221883,0.0429090183465444,0.02044495545637947,0.13684600405043706,0.009883342019765087,0.4741911083655837,0.5,0.47023809523809523,0.5621693121693121,2
8,5,2,0.8786101986553574,0.8718956084025464,0.8329211464594362,0.01108321772714747,0.04639334251789641,0.02296136514947588,0.1615475987558301,0.013849551839714895,0.7634832643182974,0.33333333333333337,0.27777777777777773,0.28148148148148144,2
8,5,5,0.8786101986553574,0.8718956084025464,0.8329211464594362,0.01108321772714747,0.04639334251789641,0.02296136514947588,0.1615475987558301,0.013849551839714895,0.7634832643182974,0.5333333333333333,0.8333333333333334,0.4616402116402116,2
8,5,2,0.8069197058373413,0.8054695758409477,0.8157266979847929,0.016655683230483113,0.06825566253715012,0.025871931033447648,0.10168589708225446,0.009957812953822715,0.5300942052026455,0.16666666666666666,0.16666666666666666,0.46666666666666656,2
8,5,5,0.8069197058373413,0.8054695758409477,0.8157266979847929,0.016655683230483113,0.06825566253715012,0.025871931033447648,0.10168589708225446,0.009957812953822715,0.5300942052026455,0.4226190476190476,0.48809523809523814,0.5592592592592591,2
8,5,2,0.8352343777064941,0.8678250198482256,0.8668305852939948,0.014327910552160449,0.04614795781616418,0.013039478167131786,0.13944199432707108,0.011480406149554456,0.5214976249434232,0.5,0.3666666666666667,0.2518518518518519,2
8,5,5,0.8352343777064941,0.8678250198482256,0.8668305852939948,0.014327910552160449,0.04614795781616418,0.013039478167131786,0.13944199432707108,0.011480406149554456,0.5214976249434232,0.4345238095238095,0.6285714285714286,0.48650793650793644,2
8,5,2,0.8027540913798743,0.8096235882664223,0.8168424779337627,0.018700096947340518,0.06217179752184976,0.02609589019828632,0.12508986823754972,0.01053563637545494,0.5681638500424041,0.4,0.3333333333333333,0.34814814814814815,3
8,5,5,0.8027540913798743,0.8096235882664223,0.8168424779337627,0.018700096947340518,0.06217179752184976,0.02609589019828632,0.12508986823754972,0.01053563637545494,0.5681638500424041,0.6285714285714287,0.5392857142857144,0.5666666666666667,3
8,5,2,0.7623018881742385,0.6969715144270577,0.7469799149010476,0.055129835974101954,0.15455911217365795,0.05902866640917508,0.0748497213274891,0.005924688855653041,0.37707240994107166,0.26666666666666666,0.2,0.3777777777777777,3
8,5,5,0.7623018881742385,0.6969715144270577,0.7469799149010476,0.055129835974101954,0.15455911217365795,0.05902866640917508,0.0748497213274891,0.005924688855653041,0.37707240994107166,0.4583333333333333,0.4107142857142857,0.5156084656084655,3
8,5,2,0.7992467272174641,0.7878030545309477,0.7870621764177957,0.0134589721812768,0.04345856739960346,0.01888322471862379,0.12493639094648755,0.010960196160004055,0.5513986486382296,0.3,0.2666666666666667,0.2740740740740741,3
8,5,5,0.7992467272174641,0.7878030545309477,0.7870621764177957,0.0134589721812768,0.04345856739960346,0.01888322471862379,0.12493639094648755,0.010960196160004055,0.5513986486382296,0.5214285714285715,0.4976190476190476,0.48095238095238085,3
8,5,2,0.8126160118391962,0.7888512491717855,0.7971804563339489,0.045017156506430414,0.06989803212992854,0.0508729916863568,0.09769283383400652,0.007972363957652748,0.4061894337477511,0.16666666666666666,0.4,0.31111111111111117,3
8,5,5,0.8126160118391962,0.7888512491717855,0.7971804563339489,0.045017156506430414,0.06989803212992854,0.0508729916863568,0.09769283383400652,0.007972363957652748,0.4061894337477511,0.41666666666666663,0.580952380952381,0.4629629629629628,3
8,5,2,0.8543480953946081,0.8541813609747216,0.8681443134351701,0.011285986271442356,0.04387028778938093,0.01140519751579897,0.13483737832908785,0.011068352835974727,0.48668670792093244,0.4,0.23333333333333334,0.36296296296296304,3
8,5,5,0.8543480953946081,0.8541813609747216,0.8681443134351701,0.011285986271442356,0.04387028778938093,0.01140519751579897,0.13483737832908785,0.011068352835974727,0.48668670792093244,0.5571428571428572,0.7,0.503968253968254,3
8,5,2,0.8099831062694519,0.815703018482142,0.7862101241056663,0.031028477515687908,0.09941439746595845,0.022592504483637987,0.11460254167739992,0.007757227137730984,0.5402292824670029,0.26666666666666666,0.13333333333333333,0.4148148148148147,3
8,5,5,0.8099831062694519,0.815703018482142,0.7862101241056663,0.031028477515687908,0.09941439746595845,0.022592504483637987,0.11460254167739992,0.007757227137730984,0.5402292824670029,0.4738095238095238,0.46428571428571425,0.4708994708994707,3
8,5,2,0.7520392456189944,0.7119434161002988,0.7343679221843216,0.041782637249065786,0.1077480737539761,0.04938101710767448,0.0785117600517728,0.0064936653397624205,0.40388751766578423,0.26666666666666666,0.13333333333333333,0.31111111111111117,3
8,5,5,0.7520392456189944,0.7119434161002988,0.7343679221843216,0.041782637249065786,0.1077480737539761,0.04938101710767448,0.0785117600517728,0.0064936653397624205,0.40388751766578423,0.5809523809523809,0.47023809523809523,0.5029100529100528,3
8,5,2,0.7602676076065641,0.7488354513210376,0.7607197431102901,0.04141248267120562,0.0780238028506001,0.04177408836310735,0.08437576118102338,0.009662777349364231,0.5194025163009183,0.4,0.4666666666666666,0.2888888888888889,3
8,5,5,0.7602676076065641,0.7488354513210376,0.7607197431102901,0.04141248267120562,0.0780238028506001,0.04177408836310735,0.08437576118102338,0.009662777349364231,0.5194025163009183,0.6047619047619048,0.5333333333333334,0.5187830687830686,3
8,5,2,0.7597120284085116,0.7247155136847298,0.7726163594366121,0.043296989163071856,0.09044675206938307,0.04364340515928092,0.09194418538995265,0.008635262042687832,0.3660052153972489,0.3,0.26666666666666666,0.2444444444444445,4
8,5,5,0.7597120284085116,0.7247155136847298,0.7726163594366121,0.043296989163071856,0.09044675206938307,0.04364340515928092,0.09194418538995265,0.008635262042687832,0.3660052153972489,0.4404761904761904,0.5333333333333334,0.5137566137566137,4
8,5,2,0.8211650381821587,0.8288063527986735,0.8258249725831205,0.014110369972868663,0.03412013081468022,0.013764981946565353,0.13394498613625622,0.011626712376605125,0.6298866529933285,0.2333333333333333,0.23333333333333334,0.2888888888888889,4
8,5,5,0.8211650381821587,0.8288063527986735,0.8258249725831205,0.014110369972868663,0.03412013081468022,0.013764981946565353,0.13394498613625622,0.011626712376605125,0.6298866529933285,0.4345238095238095,0.4642857142857143,0.5021164021164021,4
8,5,2,0.8858654187567256,0.8595814107647924,0.8887719248245042,0.01510658106078361,0.03883933915396222,0.01706318916146653,0.13368541128927922,0.013597051479940215,0.7083302491030651,0.2666666666666667,0.23333333333333334,0.1925925925925926,4
8,5,5,0.8858654187567256,0.8595814107647924,0.8887719248245042,0.01510658106078361,0.03883933915396222,0.01706318916146653,0.13368541128927922,0.013597051479940215,0.7083302491030651,0.4404761904761904,0.5297619047619048,0.532010582010582,4
8,5,2,0.8367634549132474,0.7901268736103594,0.8375363915022529,0.03107966009124496,0.0799519370750937,0.024921036972437492,0.11126217682988017,0.00863801854920565,0.38750354258267045,0.2333333333333333,0.26666666666666666,0.22222222222222227,4
8,5,5,0.8367634549132474,0.7901268736103594,0.8375363915022529,0.03107966009124496,0.0799519370750937,0.024921036972437492,0.11126217682988017,0.00863801854920565,0.38750354258267045,0.48809523809523814,0.41666666666666663,0.5441798941798941,4
8,5,2,0.8953245629935386,0.8723579870115455,0.9026216618481175,0.014909933322502594,0.03380990876304635,0.01562771308492409,0.15947021537940592,0.012790062886519234,0.6311270074899268,0.13333333333333333,0.16666666666666666,0.24444444444444444,4
8,5,5,0.8953245629935386,0.8723579870115455,0.9026216618481175,0.014909933322502594,0.03380990876304635,0.01562771308492409,0.15947021537940592,0.012790062886519234,0.6311270074899268,0.47976190476190483,0.5952380952380952,0.4526455026455026,4
8,5,2,0.8517288714344178,0.870331549347472,0.8381257069679454,0.01121584957193254,0.03164818032850657,0.01436648259957525,0.1635039141996634,0.014421355346200478,1.020368677585506,0.26666666666666666,0.2333333333333333,0.22222222222222227,4
8,5,5,0.8517288714344178,0.870331549347472,0.8381257069679454,0.01121584957193254,0.03164818032850657,0.01436648259957525,0.1635039141996634,0.014421355346200478,1.020368677585506,0.5476190476190477,0.6761904761904762,0.4989417989417988,4
8,5,2,0.8296655689976539,0.8286251008690214,0.8147119986459583,0.01877510724652855,0.03652797220942043,0.01830155496908787,0.15782532810146882,0.011892882374472731,0.7111431571246557,0.19999999999999998,0.3,0.18518518518518515,4
8,5,5,0.8296655689976539,0.8286251008690214,0.8147119986459583,0.01877510724652855,0.03652797220942043,0.01830155496908787,0.15782532810146882,0.011892882374472731,0.7111431571246557,0.4619047619047619,0.5297619047619049,0.47645502645502646,4
8,5,2,0.8468989348079543,0.8411464350010018,0.850091171872586,0.01236555637037616,0.04111383748888228,0.013378080491912296,0.12752732995906016,0.01328870461470642,0.5654744116169829,0.33333333333333337,0.23333333333333334,0.34074074074074073,4
8,5,5,0.8468989348079543,0.8411464350010018,0.850091171872586,0.01236555637037616,0.04111383748888228,0.013378080491912296,0.12752732995906016,0.01328870461470642,0.5654744116169829,0.5238095238095238,0.5952380952380952,0.566137566137566,4
8,5,2,0.8247013673036746,0.8146847602757298,0.830420418978421,0.014500059761239241,0.03435363959319408,0.012634166559915762,0.22909663434480862,0.013021144779824403,0.7093173863413799,0.2666666666666667,0.33333333333333337,0.35555555555555557,5
8,5,5,0.8247013673036746,0.8146847602757298,0.830420418978421,0.014500059761239241,0.03435363959319408,0.012634166559915762,0.22909663434480862,0.013021144779824403,0.7093173863413799,0.5238095238095238,0.5214285714285715,0.5999999999999999,5
8,5,2,0.8874939396891859,0.8436757349487319,0.8730915561628019,0.005916971678012211,0.015560884165739183,0.014110519419147944,0.21698086373635117,0.019164731899112043,1.1146244263949248,0.3,0.5999999999999999,0.39999999999999986,5
8,5,5,0.8874939396891859,0.8436757349487319,0.8730915561628019,0.005916971678012211,0.015560884165739183,0.014110519419147944,0.21698086373635117,0.019164731899112043,1.1146244263949248,0.5238095238095238,0.6047619047619048,0.5219576719576718,5
8,5,2,0.84109023628349,0.8470370222426683,0.8368515618993952,0.0077088769959098,0.018285244855217438,0.010998454388438031,0.2264397848276182,0.01881774330973592,0.9136470593280489,0.4,0.3333333333333333,0.3999999999999999,5
8,5,5,0.84109023628349,0.8470370222426683,0.8368515618993952,0.0077088769959098,0.018285244855217438,0.010998454388438031,0.2264397848276182,0.01881774330973592,0.9136470593280489,0.6761904761904762,0.5714285714285714,0.6370370370370371,5
8,5,2,0.8325805550873637,0.8391929476546315,0.8279494438695642,0.012287455528285439,0.03396805270022647,0.018449331784224927,0.15855946005517654,0.011580246351293818,0.5767896491051002,0.4,0.3333333333333333,0.39259259259259244,5
8,5,5,0.8325805550873637,0.8391929476546315,0.8279494438695642,0.012287455528285439,0.03396805270022647,0.018449331784224927,0.15855946005517654,0.011580246351293818,0.5767896491051002,0.6523809523809525,0.6428571428571427,0.5650793650793651,5
8,5,2,0.8880387178563071,0.8695794551881193,0.8660847283635577,0.008625460225353007,0.027112567393389776,0.015015383917555962,0.19472959682244947,0.018045078652435143,1.0972074933947262,0.26666666666666666,0.19999999999999998,0.34814814814814815,5
8,5,5,0.8880387178563071,0.8695794551881193,0.8660847283635577,0.008625460225353007,0.027112567393389776,0.015015383917555962,0.19472959682244947,0.018045078652435143,1.0972074933947262,0.5714285714285714,0.5,0.5079365079365078,5
8,5,2,0.8814569504230588,0.8689268242444845,0.8487893879558515,0.021817646354880305,0.05658848418181051,0.021680325644718935,0.15133314008381976,0.012302533966266523,0.8838768336874149,0.3666666666666667,0.26666666666666666,0.34814814814814815,5
8,5,5,0.8814569504230588,0.8689268242444845,0.8487893879558515,0.021817646354880305,0.05658848418181051,0.021680325644718935,0.15133314008381976,0.012302533966266523,0.8838768336874149,0.5059523809523809,0.3928571428571428,0.5523809523809523,5
8,5,2,0.8014363418154462,0.812755285090619,0.7646927307705119,0.013208427421838753,0.03986608237967535,0.01802608183739167,0.18830924078348568,0.014428113602548127,0.8416285631931224,0.16666666666666666,0.4333333333333333,0.35555555555555557,5
8,5,5,0.8014363418154462,0.812755285090619,0.7646927307705119,0.013208427421838753,0.03986608237967535,0.01802608183739167,0.18830924078348568,0.014428113602548127,0.8416285631931224,0.5154761904761905,0.4821428571428571,0.5161375661375661,5
8,5,2,0.7991016052309355,0.8152413967311007,0.8225338123764224,0.015705253131909045,0.028370405912497954,0.018462312004837764,0.1952761507269287,0.01295651496218327,0.8015517346288141,0.2333333333333333,0.19999999999999998,0.31851851851851853,5
8,5,5,0.7991016052309355,0.8152413967311007,0.8225338123764224,0.015705253131909045,0.028370405912497954,0.018462312004837764,0.1952761507269287,0.01295651496218327,0.8015517346288141,0.4345238095238095,0.5630952380952381,0.5219576719576718,5
8,5,2,0.8918888524679534,0.9005672490071325,0.8813890029440762,0.012941912434655516,0.03138141558457162,0.01745491796114413,0.1630310517260587,0.013461511337674044,0.6608602290653567,0.16666666666666666,0.05555555555555555,0.3407407407407408,6
8,5,5,0.8918888524679534,0.9005672490071325,0.8813890029440762,0.012941912434655516,0.03138141558457162,0.01745491796114413,0.1630310517260587,0.013461511337674044,0.6608602290653567,0.5511904761904762,0.4880952380952381,0.46111111111111097,6
8,5,2,0.8491107693657701,0.8599399012791775,0.8529862886116559,0.013400388826131506,0.0315238515922501,0.012923162690848967,0.14757910600657187,0.012810417944370957,0.48389361398625336,0.26666666666666666,0.5,0.34814814814814815,6
8,5,5,0.8491107693657701,0.8599399012791775,0.8529862886116559,0.013400388826131506,0.0315238515922501,0.012923162690848967,0.14757910600657187,0.012810417944370957,0.48389361398625336,0.4404761904761904,0.5634920634920634,0.44576719576719565,6
8,5,2,0.7647784246359914,0.7751997711114685,0.778888854415873,0.033639163982483275,0.08670378173927426,0.02659584144967918,0.11453163191607206,0.00811852620088559,0.35204556097520995,0.16666666666666666,0.2333333333333333,0.24444444444444444,6
8,5,5,0.7647784246359914,0.7751997711114685,0.778888854415873,0.033639163982483275,0.08670378173927426,0.02659584144967918,0.11453163191607206,0.00811852620088559,0.35204556097520995,0.4821428571428571,0.5547619047619048,0.5367724867724867,6
8,5,2,0.8061678196493176,0.7742764531552905,0.8098343650866633,0.011354007207792761,0.03667885821585912,0.028352469571651766,0.15205497025595502,0.01391675625994398,0.6339310717685342,0.4666666666666666,0.5333333333333332,0.3999999999999999,6
8,5,5,0.8061678196493176,0.7742764531552905,0.8098343650866633,0.011354007207792761,0.03667885821585912,0.028352469571651766,0.15205497025595502,0.01391675625994398,0.6339310717685342,0.46428571428571425,0.6523809523809525,0.5605820105820105,6
8,5,2,0.8850563925077093,0.8957877451527511,0.8376980282122217,0.011012153502381938,0.0325175650456046,0.014247521609177523,0.18076948128516435,0.013566238784211716,0.8113060788351916,0.16666666666666666,0.27777777777777773,0.2592592592592593,6
8,5,5,0.8850563925077093,0.8957877451527511,0.8376980282122217,0.011012153502381938,0.0325175650456046,0.014247521609177523,0.18076948128516435,0.013566238784211716,0.8113060788351916,0.5333333333333334,0.5178571428571428,0.473015873015873,6
8,5,2,0.8221692590864408,0.8294200790285937,0.7986611365576007,0.008785028521741853,0.024597135068023596,0.012992743784844548,0.19504682155007944,0.0141760782559665,0.8263749526159911,0.16666666666666666,0.26666666666666666,0.20740740740740743,6
8,5,5,0.8221692590864408,0.8294200790285937,0.7986611365576007,0.008785028521741853,0.024597135068023596,0.012992743784844548,0.19504682155007944,0.0141760782559665,0.8263749526159911,0.580952380952381,0.4583333333333333,0.4735449735449735,6
8,5,2,0.8128945238406607,0.8122450201218103,0.8131948232753786,0.018209495726097674,0.03354255341235403,0.018625865199557036,0.1259248103858024,0.010786132059068207,0.42594167886260664,0.13333333333333333,0.4666666666666666,0.5407407407407406,6
8,5,5,0.8128945238406607,0.8122450201218103,0.8131948232753786,0.018209495726097674,0.03354255341235403,0.018625865199557036,0.1259248103858024,0.010786132059068207,0.42594167886260664,0.44642857142857134,0.48809523809523814,0.5082010582010581,6
8,5,2,0.7929652497273652,0.774359772070073,0.7907425226834883,0.01995415776328741,0.035335015336410605,0.04692424183971436,0.1492100564699661,0.013082804029418476,0.5494890388094464,0.4,0.7333333333333333,0.2592592592592593,6
8,5,5,0.7929652497273652,0.774359772070073,0.7907425226834883,0.01995415776328741,0.035335015336410605,0.04692424183971436,0.1492100564699661,0.013082804029418476,0.5494890388094464,0.4821428571428571,0.5059523809523809,0.5552910052910054,6
8,5,2,0.7920498982722558,0.7619388212621383,0.8032256637421363,0.042419399137829605,0.10181995943586195,0.036388187372119546,0.10100903331384488,0.007319999036239461,0.35610487487106374,0.16666666666666666,0.23333333333333334,0.2740740740740741,7
8,5,5,0.7920498982722558,0.7619388212621383,0.8032256637421363,0.042419399137829605,0.10181995943586195,0.036388187372119546,0.10100903331384488,0.007319999036239461,0.35610487487106374,0.4642857142857143,0.5714285714285714,0.5571428571428569,7
8,5,2,0.7473995518735607,0.7491319897626293,0.7562516666664005,0.022792075695823547,0.04360873184890901,0.03104545067693846,0.10697122929508372,0.010103478180142235,0.5981015306318429,0.16666666666666666,0.2666666666666667,0.21481481481481485,7
8,5,5,0.7473995518735607,0.7491319897626293,0.7562516666664005,0.022792075695823547,0.04360873184890901,0.03104545067693846,0.10697122929508372,0.010103478180142235,0.5981015306318429,0.4404761904761904,0.6523809523809524,0.48677248677248663,7
8,5,2,0.813806226310217,0.8089451585739142,0.8118134897290203,0.026801082626296296,0.06233011417225456,0.020201926698212566,0.11493805223141361,0.009493836420256033,0.5661437465016307,0.3666666666666667,0.2333333333333333,0.36296296296296293,7
8,5,5,0.813806226310217,0.8089451585739142,0.8118134897290203,0.026801082626296296,0.06233011417225456,0.020201926698212566,0.11493805223141361,0.009493836420256033,0.5661437465016307,0.5714285714285714,0.5428571428571429,0.5029100529100528,7
8,5,2,0.7451529296454016,0.7247754989328566,0.7375352887467135,0.04446764192889692,0.06377100996155444,0.04226393035325048,0.09482810786452342,0.007540414205005286,0.4075032820644473,0.13333333333333333,0.19999999999999998,0.22962962962962966,7
8,5,5,0.7451529296454016,0.7247754989328566,0.7375352887467135,0.04446764192889692,0.06377100996155444,0.04226393035325048,0.09482810786452342,0.007540414205005286,0.4075032820644473,0.44642857142857145,0.4821428571428571,0.4703703703703703,7
8,5,2,0.7404813957794836,0.7284894936169393,0.7541689760254378,0.03202701263342202,0.0631665940114442,0.03514077942575865,0.09360565608422748,0.007244055009416855,0.3475671400961604,0.16666666666666666,0.13333333333333333,0.3703703703703703,7
8,5,5,0.7404813957794836,0.7284894936169393,0.7541689760254378,0.03202701263342202,0.0631665940114442,0.03514077942575865,0.09360565608422748,0.007244055009416855,0.3475671400961604,0.46428571428571425,0.4821428571428571,0.46772486772486765,7
8,5,2,0.8554292330875773,0.7965105662683908,0.861108184285505,0.011237173891332365,0.04834344535147003,0.019400536180346414,0.1262292193154069,0.011373763399598637,0.9261510954033322,0.16666666666666666,0.16666666666666666,0.3999999999999999,7
8,5,5,0.8554292330875773,0.7965105662683908,0.861108184285505,0.011237173891332365,0.04834344535147003,0.019400536180346414,0.1262292193154069,0.011373763399598637,0.9261510954033322,0.5,0.5238095238095238,0.5925925925925926,7
8,5,2,0.6050781172679744,0.6289943155322548,0.61480364909689,0.08537834539367374,0.12302608608019636,0.08939183461556763,0.06114111060798739,0.0050080694844370135,0.21729897399018752,0.4,0.4444444444444444,0.2888888888888889,7
8,5,5,0.6050781172679744,0.6289943155322548,0.61480364909689,0.08537834539367374,0.12302608608019636,0.08939183461556763,0.06114111060798739,0.0050080694844370135,0.21729897399018752,0.4583333333333333,0.4484126984126984,0.5587301587301586,7
8,5,2,0.7117756691677318,0.7277249263529401,0.720853623334192,0.03781090045418227,0.06316475419068447,0.042283895802507285,0.09108792899387773,0.006857155956595574,0.28751345220815416,0.16666666666666666,0.2,0.37777777777777777,7
8,5,5,0.7117756691677318,0.7277249263529401,0.720853623334192,0.03781090045418227,0.06316475419068447,0.042283895802507285,0.09108792899387773,0.006857155956595574,0.28751345220815416,0.4976190476190476,0.4107142857142857,0.5386243386243386,7
8,5,2,0.8528192182068742,0.8082720551035442,0.8444320754224633,0.020160443500435464,0.05716386095575142,0.03243185843572805,0.11115115447793328,0.01085016473446814,0.5603885258520126,0.23333333333333334,0.2333333333333333,0.34814814814814815,8
8,5,5,0.8528192182068742,0.8082720551035442,0.8444320754224633,0.020160443500435464,0.05716386095575142,0.03243185843572805,0.11115115447793328,0.01085016473446814,0.5603885258520126,0.5154761904761905,0.5297619047619049,0.4664021164021162,8
8,5,2,0.6762458378729833,0.6651454884851306,0.7019281214534457,0.07070543402331889,0.08768073865492416,0.07832220665552608,0.07874327994273227,0.007351526889626287,0.2610649505574318,0.19999999999999998,0.4444444444444444,0.22962962962962968,8
8,5,5,0.6762458378729833,0.6651454884851306,0.7019281214534457,0.07070543402331889,0.08768073865492416,0.07832220665552608,0.07874327994273227,0.007351526889626287,0.2610649505574318,0.5571428571428572,0.5079365079365078,0.5478835978835978,8
8,5,2,0.7070611543993736,0.7504050764511777,0.7195980898316084,0.037589081448599626,0.06515367078230827,0.055295299481237195,0.10320011064683506,0.008026966485723522,0.3357603241304752,0.26666666666666666,0.3,0.39259259259259244,8
8,5,5,0.7070611543993736,0.7504050764511777,0.7195980898316084,0.037589081448599626,0.06515367078230827,0.055295299481237195,0.10320011064683506,0.008026966485723522,0.3357603241304752,0.6047619047619047,0.4404761904761904,0.6616402116402117,8
8,5,2,0.8873795234986146,0.8923311192452394,0.865384503887649,0.013412870661549585,0.02757985880896159,0.013945152835331036,0.1626046487140984,0.012887328292291982,0.5206750809125328,0.16666666666666666,0.4,0.29629629629629634,8
8,5,5,0.8873795234986146,0.8923311192452394,0.865384503887649,0.013412870661549585,0.02757985880896159,0.013945152835331036,0.1626046487140984,0.012887328292291982,0.5206750809125328,0.4404761904761904,0.5333333333333334,0.5174603174603174,8
8,5,2,0.7860036100555761,0.8070407093984656,0.7956199830842176,0.025332404832988396,0.0710525229167933,0.026146194667924047,0.11288386207287668,0.010914886276362962,0.5643770149226138,0.4,0.3666666666666667,0.40740740740740733,8
8,5,5,0.7860036100555761,0.8070407093984656,0.7956199830842176,0.025332404832988396,0.0710525229167933,0.026146194667924047,0.11288386207287668,0.010914886276362962,0.5643770149226138,0.6857142857142857,0.6761904761904762,0.5074074074074074,8
8,5,2,0.8257923342577214,0.806565822291081,0.785320439000311,0.01438535253680769,0.049636251674147494,0.015108163451409222,0.1291844525257545,0.011595510112484086,0.5611030045310222,0.33333333333333337,0.1111111111111111,0.2592592592592593,8
8,5,5,0.8257923342577214,0.806565822291081,0.785320439000311,0.01438535253680769,0.049636251674147494,0.015108163451409222,0.1291844525257545,0.011595510112484086,0.5611030045310222,0.6047619047619047,0.5079365079365078,0.5103174603174603,8
8,5,2,0.6790321276931423,0.6096353970525615,0.6472284150873363,0.07299213426082975,0.1388043103708206,0.07714466175334037,0.07369572608839146,0.005326640145775023,0.2681133792363846,0.26666666666666666,0.19999999999999998,0.39259259259259255,8
8,5,5,0.6790321276931423,0.6096353970525615,0.6472284150873363,0.07299213426082975,0.1388043103708206,0.07714466175334037,0.07369572608839146,0.005326640145775023,0.2681133792363846,0.6523809523809524,0.48571428571428577,0.6793650793650793,8
8,5,2,0.7196860177313846,0.7592060463286191,0.7379947146326129,0.024019286344336106,0.06424848265475555,0.032548618779909846,0.10419733572987315,0.010033096086720693,0.48192094980850436,0.3666666666666667,0.3,0.40740740740740733,8
8,5,5,0.7196860177313846,0.7592060463286191,0.7379947146326129,0.024019286344336106,0.06424848265475555,0.032548618779909846,0.10419733572987315,0.010033096086720693,0.48192094980850436,0.6238095238095239,0.488095238095238,0.5650793650793651,8
8,5,2,0.8732716622217428,0.8745990734144374,0.8688363664447365,0.00655947884072763,0.022876590955474688,0.007358997829762579,0.23269434812126136,0.014777242862857972,0.7289135481615321,0.33333333333333337,0.2222222222222222,0.34814814814814815,9
8,5,5,0.8732716622217428,0.8745990734144374,0.8688363664447365,0.00655947884072763,0.022876590955474688,0.007358997829762579,0.23269434812126136,0.014777242862857972,0.7289135481615321,0.5214285714285715,0.5238095238095237,0.5044973544973543,9
8,5,2,0.7801423626658578,0.7957433989224656,0.7753568674827238,0.030876686662651864,0.06822009740527887,0.03361690145600805,0.10764723441390284,0.009150380924589677,0.4834974834060557,0.4666666666666666,0.2333333333333333,0.35555555555555557,9
8,5,5,0.7801423626658578,0.7957433989224656,0.7753568674827238,0.030876686662651864,0.06822009740527887,0.03361690145600805,0.10764723441390284,0.009150380924589677,0.4834974834060557,0.5714285714285714,0.5297619047619048,0.5724867724867724,9
8,5,2,0.8644881610802609,0.8577578231012266,0.8423569453064369,0.011016696350589576,0.03439542997215682,0.012199983861153533,0.19738721718114988,0.015483753439666719,0.8868815501726164,0.2666666666666667,0.4666666666666666,0.3703703703703704,9
8,5,5,0.8644881610802609,0.8577578231012266,0.8423569453064369,0.011016696350589576,0.03439542997215682,0.012199983861153533,0.19738721718114988,0.015483753439666719,0.8868815501726164,0.580952380952381,0.580952380952381,0.7111111111111111,9
8,5,2,0.8207967480711325,0.8150046816544813,0.8231117584381075,0.019909202473792287,0.04315707046540665,0.01880365513559734,0.13231641985779405,0.0127489362766413,0.8189105212089857,0.33333333333333337,0.26666666666666666,0.2814814814814815,9
8,5,5,0.8207967480711325,0.8150046816544813,0.8231117584381075,0.019909202473792287,0.04315707046540665,0.01880365513559734,0.13231641985779405,0.0127489362766413,0.8189105212089857,0.4226190476190476,0.40476190476190477,0.44973544973544965,9
8,5,2,0.7930341808905719,0.7850736299430849,0.7891403376295112,0.023521777497310423,0.05342583027821881,0.023801315826727894,0.11246483852138271,0.009966623790990977,0.4111114680319015,0.3333333333333333,0.16666666666666666,0.2518518518518519,9
8,5,5,0.7930341808905719,0.7850736299430849,0.7891403376295112,0.023521777497310423,0.05342583027821881,0.023801315826727894,0.11246483852138271,0.009966623790990977,0.4111114680319015,0.6047619047619048,0.4821428571428571,0.6539682539682539,9
8,5,2,0.8073336436153851,0.8011104741576835,0.8215278823387561,0.03783434253561415,0.09655701523089708,0.031319273423657104,0.10784774209460277,0.010494261571463092,0.6625665494151209,0.5333333333333333,0.4666666666666666,0.3111111111111111,9
8,5,5,0.8073336436153851,0.8011104741576835,0.8215278823387561,0.03783434253561415,0.09655701523089708,0.031319273423657104,0.10784774209460277,0.010494261571463092,0.6625665494151209,0.7333333333333334,0.5095238095238095,0.5063492063492062,9
8,5,2,0.7892855862066183,0.7757807993754458,0.8008367557366998,0.014201854694282047,0.04135844717723378,0.016811531374531452,0.14221068752007385,0.009955611434821243,0.43441967882442317,0.16666666666666666,0.19999999999999998,0.27407407407407414,9
8,5,5,0.7892855862066183,0.7757807993754458,0.8008367557366998,0.014201854694282047,0.04135844717723378,0.016811531374531452,0.14221068752007385,0.009955611434821243,0.43441967882442317,0.4642857142857143,0.5630952380952381,0.5783068783068782,9
8,5,2,0.7698009157954381,0.7384805205132791,0.7496510201175414,0.02721151459299622,0.08428197464442766,0.027532055453161244,0.09034271551445615,0.00805807911045071,0.3665680131169727,0.2,0.13333333333333333,0.33333333333333337,9
8,5,5,0.7698009157954381,0.7384805205132791,0.7496510201175414,0.02721151459299622,0.08428197464442766,0.027532055453161244,0.09034271551445615,0.00805807911045071,0.3665680131169727,0.4821428571428571,0.4797619047619047,0.5452380952380952,9
8,5,2,0.8954467682810899,0.900908864423201,0.8975209980118609,0.015293698221716844,0.036241278796299806,0.023410806135635336,0.14070179499693386,0.014014875790273608,0.6063824227209094,0.16666666666666666,0.19999999999999998,0.29629629629629634,10
8,5,5,0.8954467682810899,0.900908864423201,0.8975209980118609,0.015293698221716844,0.036241278796299806,0.023410806135635336,0.14070179499693386,0.014014875790273608,0.6063824227209094,0.5476190476190477,0.5059523809523809,0.5682539682539682,10
8,5,2,0.7025129520818538,0.7143223474193308,0.6873296486713923,0.04960413866002696,0.06269357734196057,0.055237803804344565,0.1063209960797428,0.0073559089901449855,0.3380223056193368,0.26666666666666666,0.26666666666666666,0.32592592592592595,10
8,5,5,0.7025129520818538,0.7143223474193308,0.6873296486713923,0.04960413866002696,0.06269357734196057,0.055237803804344565,0.1063209960797428,0.0073559089901449855,0.3380223056193368,0.47619047619047616,0.6047619047619048,0.53015873015873,10
8,5,2,0.8107304939295781,0.8156505451904812,0.7848666130555856,0.014483106760478728,0.04573516404431468,0.027058225219101305,0.14050646638222755,0.01240908521068986,0.6637769403674869,0.19999999999999998,0.16666666666666666,0.2518518518518518,10
8,5,5,0.8107304939295781,0.8156505451904812,0.7848666130555856,0.014483106760478728,0.04573516404431468,0.027058225219101305,0.14050646638222755,0.01240908521068986,0.6637769403674869,0.5059523809523809,0.5297619047619048,0.5417989417989417,10
8,5,2,0.8203136297531923,0.8025347517387025,0.7957078871099035,0.021225749712469773,0.05706664542744305,0.029416696121473504,0.1341769202555258,0.011117451319554576,0.8031748705622658,0.4,0.13333333333333333,0.1925925925925926,10
8,5,5,0.8203136297531923,0.8025347517387025,0.7957078871099035,0.021225749712469773,0.05706664542744305,0.029416696121473504,0.1341769202555258,0.011117451319554576,0.8031748705622658,0.5571428571428572,0.48809523809523814,0.4955026455026455,10
8,5,2,0.7682572773659399,0.7573929768493073,0.7632952657819762,0.025734293707403412,0.05226344435246293,0.03274146304353008,0.14488492408280565,0.00903597057444318,0.444198027255622,0.19999999999999998,0.5333333333333332,0.4148148148148147,10
8,5,5,0.7682572773659399,0.7573929768493073,0.7632952657819762,0.025734293707403412,0.05226344435246293,0.03274146304353008,0.14488492408280565,0.00903597057444318,0.444198027255622,0.4583333333333333,0.5869047619047619,0.5523809523809523,10
8,5,2,0.6928705607760759,0.6572565204105194,0.6961937292247616,0.04003623277458304,0.0710752572879097,0.049906165751541345,0.09598754761854626,0.007710080968089684,0.321006712401644,0.13333333333333333,0.5333333333333332,0.31111111111111117,10
8,5,5,0.6928705607760759,0.6572565204105194,0.6961937292247616,0.04003623277458304,0.0710752572879097,0.049906165751541345,0.09598754761854626,0.007710080968089684,0.321006712401644,0.5214285714285715,0.488095238095238,0.5566137566137566,10
8,5,2,0.7829593091129328,0.8203992408783186,0.7948954906957356,0.03163598740897596,0.05770266101481772,0.034314591663399494,0.1250260855019795,0.009298372676355133,0.37340202502643455,0.23333333333333334,0.4999999999999999,0.3333333333333333,10
8,5,5,0.7829593091129328,0.8203992408783186,0.7948954906957356,0.03163598740897596,0.05770266101481772,0.034314591663399494,0.1250260855019795,0.009298372676355133,0.37340202502643455,0.5571428571428572,0.7666666666666667,0.5915343915343915,10
8,5,2,0.7947534324601176,0.8129911726699571,0.7845382944920951,0.02399134878814984,0.05659858234372349,0.022693019687222777,0.11897738791075708,0.010752765103587945,0.9184882459160948,0.16666666666666666,0.16666666666666666,0.2444444444444445,10
8,5,5,0.7947534324601176,0.8129911726699571,0.7845382944920951,0.02399134878814984,0.05659858234372349,0.022693019687222777,0.11897738791075708,0.010752765103587945,0.9184882459160948,0.5238095238095238,0.4738095238095238,0.5452380952380952,10
8,5,2,0.8720141685767412,0.8546294827922067,0.8618157237385636,0.013352348773633177,0.03780141011576228,0.013642825711027796,0.256486792482978,0.01767913873371133,0.7937471724025531,0.26666666666666666,0.4333333333333334,0.27407407407407414,11
8,5,5,0.8720141685767412,0.8546294827922067,0.8618157237385636,0.013352348773633177,0.03780141011576228,0.013642825711027796,0.256486792482978,0.01767913873371133,0.7937471724025531,0.7428571428571429,0.5809523809523809,0.5640211640211641,11
8,5,2,0.7869299367131285,0.7631894243188515,0.8110660196565931,0.0081644031697034,0.024261078444246447,0.012179074404831576,0.23189892493569042,0.01860360358148613,0.8992563185775686,0.33333333333333337,0.3666666666666667,0.20740740740740743,11
8,5,5,0.7869299367131285,0.7631894243188515,0.8110660196565931,0.0081644031697034,0.024261078444246447,0.012179074404831576,0.23189892493569042,0.01860360358148613,0.8992563185775686,0.6047619047619047,0.6857142857142857,0.5788359788359789,11
8,5,2,0.878567316469579,0.8514853883146138,0.8751803147344726,0.007309366424533039,0.027068184307961488,0.023172917484862866,0.2359887134327215,0.021603425640664767,1.1308541978197537,0.19999999999999998,0.5333333333333333,0.2814814814814815,11
8,5,5,0.878567316469579,0.8514853883146138,0.8751803147344726,0.007309366424533039,0.027068184307961488,0.023172917484862866,0.2359887134327215,0.021603425640664767,1.1308541978197537,0.6190476190476191,0.6523809523809524,0.5021164021164022,11
8,5,2,0.823896234278129,0.8708636367248488,0.8178370419677626,0.023308507426686928,0.050850235139042514,0.034444745454951395,0.1790341773560939,0.01408818996249241,0.6891318789210649,0.13333333333333333,0.13333333333333333,0.26666666666666666,11
8,5,5,0.823896234278129,0.8708636367248488,0.8178370419677626,0.023308507426686928,0.050850235139042514,0.034444745454951395,0.1790341773560939,0.01408818996249241,0.6891318789210649,0.5476190476190477,0.5297619047619049,0.5518518518518518,11
8,5,2,0.7482269272900421,0.7617569572675981,0.7399809356387297,0.04975360977049542,0.07926197834823476,0.04507018825357863,0.1662783374350282,0.011721773455568506,0.5657919752671184,0.1,0.3,0.2814814814814815,11
8,5,5,0.7482269272900421,0.7617569572675981,0.7399809356387297,0.04975360977049542,0.07926197834823476,0.04507018825357863,0.1662783374350282,0.011721773455568506,0.5657919752671184,0.5476190476190477,0.5476190476190477,0.5396825396825395,11
8,5,2,0.8439510940843239,0.8539467487256929,0.8417141084593288,0.0235171501614063,0.054854291077831484,0.026938132110425374,0.18596668652235815,0.014578081163226656,0.6810135807300229,0.19999999999999998,0.2666666666666667,0.25925925925925924,11
8,5,5,0.8439510940843239,0.8539467487256929,0.8417141084593288,0.0235171501614063,0.054854291077831484,0.026938132110425374,0.18596668652235815,0.014578081163226656,0.6810135807300229,0.5095238095238095,0.4583333333333333,0.5343915343915344,11
8,5,2,0.7651896819330785,0.8077898374031348,0.7907317837039051,0.02814620350328749,0.06101068514204213,0.037405321042970896,0.1499284125588875,0.01349328172943507,0.7719947305840071,0.16666666666666666,0.7333333333333333,0.2222222222222222,11
8,5,5,0.7651896819330785,0.8077898374031348,0.7907317837039051,0.02814620350328749,0.06101068514204213,0.037405321042970896,0.1499284125588875,0.01349328172943507,0.7719947305840071,0.488095238095238,0.5809523809523809,0.6161375661375661,11
8,5,2,0.8268712685662424,0.8165936616737488,0.8527540390623329,0.01312388047601249,0.029321895716186742,0.010409850862700909,0.220630650730754,0.017878389785073903,0.7610577186508162,0.33333333333333337,0.7333333333333333,0.33333333333333337,11
8,5,5,0.8268712685662424,0.8165936616737488,0.8527540390623329,0.01312388047601249,0.029321895716186742,0.010409850862700909,0.220630650730754,0.017878389785073903,0.7610577186508162,0.6047619047619048,0.6523809523809524,0.5915343915343915,11
8,5,2,0.8038293695819376,0.8281411192201616,0.8201938378154839,0.006651147430661112,0.01815451013537594,0.008159942568116092,0.19415770219174058,0.016227701040570804,0.8886636120121186,0.23333333333333334,0.3,0.3851851851851852,12
8,5,5,0.8038293695819376,0.8281411192201616,0.8201938378154839,0.006651147430661112,0.01815451013537594,0.008159942568116092,0.19415770219174058,0.016227701040570804,0.8886636120121186,0.488095238095238,0.6285714285714287,0.5034391534391535,12
8,5,2,0.8733741885126808,0.8701368493240231,0.8652787469220152,0.014524564351040943,0.02310568241205345,0.014673440375088283,0.17343076297543478,0.013315434915438669,0.7113316924408122,0.26666666666666666,0.4,0.29629629629629634,12
8,5,5,0.8733741885126808,0.8701368493240231,0.8652787469220152,0.014524564351040943,0.02310568241205345,0.014673440375088283,0.17343076297543478,0.013315434915438669,0.7113316924408122,0.5476190476190477,0.46428571428571425,0.6116402116402117,12
8,5,2,0.7769650024295457,0.7912469114557628,0.7760134120548817,0.028115303458140745,0.0647436065004738,0.034349042450193754,0.1040093836651437,0.007816710945351956,0.4600558788646988,0.19999999999999998,0.3666666666666667,0.30370370370370375,12
8,5,5,0.7769650024295457,0.7912469114557628,0.7760134120548817,0.028115303458140745,0.0647436065004738,0.034349042450193754,0.1040093836651437,0.007816710945351956,0.4600558788646988,0.5476190476190477,0.6047619047619048,0.47037037037037016,12
8,5,2,0.8809299881340247,0.8717041156812327,0.874896685265423,0.005719233807642502,0.017561031741300803,0.007785210546484712,0.21701784943476563,0.021164541911077632,1.2817342142033374,0.33333333333333337,0.5333333333333333,0.325925925925926,12
8,5,5,0.8809299881340247,0.8717041156812327,0.874896685265423,0.005719233807642502,0.017561031741300803,0.007785210546484712,0.21701784943476563,0.021164541911077632,1.2817342142033374,0.5476190476190477,0.6047619047619047,0.5341269841269839,12
8,5,2,0.8549734756719933,0.891086097413069,0.8639103610324966,0.01565812616638749,0.007558354784836467,0.012670518588831298,0.1874378231985686,0.021893396854257688,0.8505123479093616,0.26666666666666666,0.5333333333333333,0.30370370370370375,12
8,5,5,0.8549734756719933,0.891086097413069,0.8639103610324966,0.01565812616638749,0.007558354784836467,0.012670518588831298,0.1874378231985686,0.021893396854257688,0.8505123479093616,0.4821428571428571,0.6523809523809524,0.584126984126984,12
8,5,2,0.8620522083976199,0.9052923793920149,0.8574105630663374,0.007633447921003459,0.015909390106094195,0.006232309459074406,0.24902297618062222,0.016834703840143517,0.8642029686132184,0.3,0.6666666666666666,0.3111111111111111,12
8,5,5,0.8620522083976199,0.9052923793920149,0.8574105630663374,0.007633447921003459,0.015909390106094195,0.006232309459074406,0.24902297618062222,0.016834703840143517,0.8642029686132184,0.5714285714285714,1.0,0.5743386243386241,12
8,5,2,0.8905312869076952,0.8893563295871884,0.8825300184399938,0.0174436613497973,0.03421243813190973,0.01865902421821289,0.16056179927833186,0.010634667590183283,0.7572946745369676,0.3,0.2333333333333333,0.3111111111111111,12
8,5,5,0.8905312869076952,0.8893563295871884,0.8825300184399938,0.0174436613497973,0.03421243813190973,0.01865902421821289,0.16056179927833186,0.010634667590183283,0.7572946745369676,0.44642857142857145,0.6047619047619047,0.5113756613756613,12
8,5,2,0.8780573729174519,0.8737963547817821,0.8563636664980678,0.009606285505030924,0.019347841377051256,0.012286593366979718,0.18994564435761216,0.017390921188748173,0.9941125148222282,0.19999999999999998,0.4444444444444444,0.34814814814814815,12
8,5,5,0.8780573729174519,0.8737963547817821,0.8563636664980678,0.009606285505030924,0.019347841377051256,0.012286593366979718,0.18994564435761216,0.017390921188748173,0.9941125148222282,0.5059523809523809,0.4682539682539682,0.57989417989418,12
8,5,2,0.722000626806047,0.7292791316184349,0.7321261031056138,0.03217799893599093,0.06866562584492539,0.045438123090506974,0.11625079720070913,0.010232730301051417,0.44069103066909165,0.19999999999999998,0.16666666666666666,0.42222222222222217,13
8,5,5,0.722000626806047,0.7292791316184349,0.7321261031056138,0.03217799893599093,0.06866562584492539,0.045438123090506974,0.11625079720070913,0.010232730301051417,0.44069103066909165,0.44642857142857145,0.48809523809523814,0.48624338624338614,13
8,5,2,0.8288394647452344,0.8486812813188476,0.8111964145542662,0.00776459524398208,0.037171740854833865,0.019488304872880523,0.1584044432620297,0.018750338726517247,1.1670915216892235,0.1,0.13333333333333333,0.22222222222222227,13
8,5,5,0.8288394647452344,0.8486812813188476,0.8111964145542662,0.00776459524398208,0.037171740854833865,0.019488304872880523,0.1584044432620297,0.018750338726517247,1.1670915216892235,0.4166666666666667,0.4583333333333333,0.49603174603174593,13
8,5,2,0.8780099858888865,0.8559602198677279,0.8913865351314975,0.04375645222851919,0.05602521170627549,0.028559901150966682,0.09428044060678047,0.011262615611106787,0.6034379279935868,0.3,0.26666666666666666,0.25925925925925924,13
8,5,5,0.8780099858888865,0.8559602198677279,0.8913865351314975,0.04375645222851919,0.05602521170627549,0.028559901150966682,0.09428044060678047,0.011262615611106787,0.6034379279935868,0.511904761904762,0.5869047619047619,0.584126984126984,13
8,5,2,0.8246349823702067,0.7899847980293387,0.8121970564721815,0.0345812665185309,0.06820364802267079,0.038273416105244165,0.0890866918653872,0.012735610821655736,0.47002767740235557,0.1,0.23333333333333334,0.21481481481481485,13
8,5,5,0.8246349823702067,0.7899847980293387,0.8121970564721815,0.0345812665185309,0.06820364802267079,0.038273416105244165,0.0890866918653872,0.012735610821655736,0.47002767740235557,0.4226190476190476,0.4976190476190476,0.4505291005291005,13
8,5,2,0.7972840255450401,0.8348846654914183,0.789687007968082,0.014064617899976699,0.02444437375865751,0.01421513054453263,0.1638668143145884,0.015650592196454368,0.726998466130632,0.16666666666666666,0.3333333333333333,0.23703703703703707,13
8,5,5,0.7972840255450401,0.8348846654914183,0.789687007968082,0.014064617899976699,0.02444437375865751,0.01421513054453263,0.1638668143145884,0.015650592196454368,0.726998466130632,0.4345238095238095,0.5,0.5206349206349206,13
8,5,2,0.7793104503389037,0.795971060918466,0.7985824188560549,0.021095579711740135,0.044377997799194574,0.021710225778673865,0.14882796443857205,0.011736793903834947,0.6438334713841698,0.16666666666666666,0.16666666666666666,0.3777777777777777,13
8,5,5,0.7793104503389037,0.795971060918466,0.7985824188560549,0.021095579711740135,0.044377997799194574,0.021710225778673865,0.14882796443857205,0.011736793903834947,0.6438334713841698,0.48809523809523814,0.505952380952381,0.5563492063492063,13
8,5,2,0.7592876207730764,0.749511671514796,0.7882971002163788,0.04350406223338814,0.06262173608398644,0.03705630947580718,0.1023069657192608,0.01065313702606771,0.6135284303087055,0.2,0.16666666666666666,0.2592592592592593,13
8,5,5,0.7592876207730764,0.749511671514796,0.7882971002163788,0.04350406223338814,0.06262173608398644,0.03705630947580718,0.1023069657192608,0.01065313702606771,0.6135284303087055,0.5476190476190477,0.7,0.6232804232804233,13
8,5,2,0.8719036795248631,0.8867557341455155,0.8727825077559003,0.010509728201823935,0.027141722650458198,0.011858104250832467,0.23415865196083605,0.01563015037656195,0.9285566438159488,0.16666666666666666,0.3666666666666667,0.26666666666666666,13
8,5,5,0.8719036795248631,0.8867557341455155,0.8727825077559003,0.010509728201823935,0.027141722650458198,0.011858104250832467,0.23415865196083605,0.01563015037656195,0.9285566438159488,0.4404761904761904,0.5154761904761905,0.47169312169312166,13
8,5,2,0.8461800225652971,0.8421820576535234,0.8517367226402296,0.009451814938101209,0.03356711144609593,0.012497196505480649,0.1964409044731308,0.01317962196437966,0.6827296139352602,0.19999999999999998,0.3,0.24444444444444444,14
8,5,5,0.8461800225652971,0.8421820576535234,0.8517367226402296,0.009451814938101209,0.03356711144609593,0.012497196505480649,0.1964409044731308,0.01317962196437966,0.6827296139352602,0.4738095238095238,0.5869047619047619,0.5624338624338623,14
8,5,2,0.8753376317543424,0.8660322136685866,0.8731438250684114,0.014895301065715499,0.033472435470844435,0.017438590946671835,0.17686953907035294,0.01347911611952947,0.711732709740104,0.2666666666666667,0.2666666666666667,0.2888888888888889,14
8,5,5,0.8753376317543424,0.8660322136685866,0.8731438250684114,0.014895301065715499,0.033472435470844435,0.017438590946671835,0.17686953907035294,0.01347911611952947,0.711732709740104,0.5476190476190477,0.5952380952380952,0.5317460317460316,14
8,5,2,0.8508983605302893,0.7986705565713579,0.855442085301544,0.01270390573022923,0.030252724995825264,0.016477401605345273,0.17955639142569194,0.01342465843554392,0.6071501393000687,0.33333333333333337,0.26666666666666666,0.33333333333333337,14
8,5,5,0.8508983605302893,0.7986705565713579,0.855442085301544,0.01270390573022923,0.030252724995825264,0.016477401605345273,0.17955639142569194,0.01342465843554392,0.6071501393000687,0.4821428571428571,0.5,0.5865079365079364,14
8,5,2,0.8235218727737725,0.7953848798435588,0.8277810579927438,0.00805408086413955,0.02079892046271157,0.007906300504914192,0.18204447941672355,0.015398728339218565,0.4535946040941017,0.4,0.3333333333333333,0.6,14
8,5,5,0.8235218727737725,0.7953848798435588,0.8277810579927438,0.00805408086413955,0.02079892046271157,0.007906300504914192,0.18204447941672355,0.015398728339218565,0.4535946040941017,0.48809523809523814,0.5436507936507936,0.5992063492063492,14
8,5,2,0.8689584645016545,0.8459021352982948,0.8355004212149069,0.010773963633102865,0.027129807718547082,0.013754789830862897,0.1688175446707164,0.011645149147973273,0.6082432028652567,0.4666666666666666,1.0,0.34814814814814815,14
8,5,5,0.8689584645016545,0.8459021352982948,0.8355004212149069,0.010773963633102865,0.027129807718547082,0.013754789830862897,0.1688175446707164,0.011645149147973273,0.6082432028652567,0.5,0.6190476190476191,0.5716931216931218,14
8,5,2,0.8126596363758445,0.8286098660668524,0.8298829621278176,0.008185803562563376,0.023278492926191184,0.009652188040612382,0.20668023722456666,0.01282920165566661,0.5888811634699292,0.26666666666666666,1.0,0.23703703703703707,14
8,5,5,0.8126596363758445,0.8286098660668524,0.8298829621278176,0.008185803562563376,0.023278492926191184,0.009652188040612382,0.20668023722456666,0.01282920165566661,0.5888811634699292,0.569047619047619,1.0,0.5074074074074074,14
8,5,2,0.8509923473098687,0.8314337401645414,0.8514603051793032,0.012513695624479407,0.035103367541145555,0.011709356033659782,0.1656419817895007,0.012671889708069223,0.5891239908674609,0.4666666666666666,0.4444444444444444,0.33333333333333337,14
8,5,5,0.8509923473098687,0.8314337401645414,0.8514603051793032,0.012513695624479407,0.035103367541145555,0.011709356033659782,0.1656419817895007,0.012671889708069223,0.5891239908674609,0.6047619047619047,0.5734126984126984,0.5499999999999998,14
8,5,2,0.8467890437689342,0.8448060125825583,0.858044543251062,0.008537276487921113,0.022589563116562766,0.01580357009078149,0.20020494564199776,0.013183424112210488,0.6219556124816916,0.33333333333333337,0.3888888888888889,0.48148148148148134,14
8,5,5,0.8467890437689342,0.8448060125825583,0.858044543251062,0.008537276487921113,0.022589563116562766,0.01580357009078149,0.20020494564199776,0.013183424112210488,0.6219556124816916,0.5714285714285714,0.5734126984126984,0.6126984126984127,14
8,5,2,0.8678367597907781,0.8249726432560563,0.8527329061287646,0.011596521400593935,0.02491630566070313,0.015044123031457614,0.1653670044301072,0.014356662989838303,0.6566588757701209,0.2333333333333333,0.16666666666666666,0.2222222222222222,15
8,5,5,0.8678367597907781,0.8249726432560563,0.8527329061287646,0.011596521400593935,0.02491630566070313,0.015044123031457614,0.1653670044301072,0.014356662989838303,0.6566588757701209,0.5214285714285716,0.5059523809523809,0.5013227513227514,15
8,5,2,0.8418232450829605,0.8421444971200499,0.8492616496760267,0.014073404514502015,0.0342512291558599,0.018596588109173296,0.1442913554112404,0.013915460439748586,0.7916505046521434,0.19999999999999998,0.26666666666666666,0.40740740740740733,15
8,5,5,0.8418232450829605,0.8421444971200499,0.8492616496760267,0.014073404514502015,0.0342512291558599,0.018596588109173296,0.1442913554112404,0.013915460439748586,0.7916505046521434,0.46785714285714286,0.4976190476190476,0.49735449735449727,15
8,5,2,0.7624600685345883,0.777448502460107,0.7986031037611995,0.01573537688425596,0.06861310457815885,0.02812905431754041,0.14154984312659008,0.012075969578414848,0.7922823522981269,0.2,0.16666666666666666,0.2518518518518519,15
8,5,5,0.7624600685345883,0.777448502460107,0.7986031037611995,0.01573537688425596,0.06861310457815885,0.02812905431754041,0.14154984312659008,0.012075969578414848,0.7922823522981269,0.4821428571428571,0.47619047619047616,0.5478835978835979,15
8,5,2,0.8482245472762038,0.8546966036437611,0.8723573176439717,0.009529716077860177,0.033934083398929026,0.012839359361862722,0.14423884538952017,0.014195036763501787,0.6850908030658883,0.23333333333333334,0.3333333333333333,0.21481481481481485,15
8,5,5,0.8482245472762038,0.8546966036437611,0.8723573176439717,0.009529716077860177,0.033934083398929026,0.012839359361862722,0.14423884538952017,0.014195036763501787,0.6850908030658883,0.41666666666666663,0.4404761904761904,0.4835978835978835,15
8,5,2,0.8587276777498967,0.8722131845942656,0.8561075563438253,0.008624205374322274,0.02980280572975708,0.01199690304008491,0.17789664564860388,0.014156251079532247,0.653942764251526,0.33333333333333337,0.19999999999999998,0.31851851851851853,15
8,5,5,0.8587276777498967,0.8722131845942656,0.8561075563438253,0.008624205374322274,0.02980280572975708,0.01199690304008491,0.17789664564860388,0.014156251079532247,0.653942764251526,0.41071428571428575,0.47023809523809523,0.5015873015873014,15
8,5,2,0.8297483753619213,0.8149215181595434,0.8420083164287553,0.01821751765800654,0.04474996191162693,0.023249762166335827,0.16163290984142648,0.016223228477546838,0.7157712439886086,0.16666666666666666,0.2,0.2,15
8,5,5,0.8297483753619213,0.8149215181595434,0.8420083164287553,0.01821751765800654,0.04474996191162693,0.023249762166335827,0.16163290984142648,0.016223228477546838,0.7157712439886086,0.4226190476190476,0.48809523809523814,0.4589947089947089,15
8,5,2,0.8378762429259685,0.8122692176186629,0.8430760186467713,0.011917335398242397,0.026417318526275848,0.01908005562091162,0.17358582457542254,0.014146922171084446,0.7985318622583407,0.26666666666666666,0.16666666666666666,0.28888888888888886,15
8,5,5,0.8378762429259685,0.8122692176186629,0.8430760186467713,0.011917335398242397,0.026417318526275848,0.01908005562091162,0.17358582457542254,0.014146922171084446,0.7985318622583407,0.41666666666666663,0.4583333333333333,0.4478835978835979,15
8,5,2,0.9015950583745267,0.9552972681847383,0.8867949377241592,0.009422364637570959,0.02372850412109706,0.00819856749922388,0.26017066220601065,0.017825682886303002,0.8743963773485887,0.3666666666666667,0.2333333333333333,0.23703703703703702,15
8,5,5,0.9015950583745267,0.9552972681847383,0.8867949377241592,0.009422364637570959,0.02372850412109706,0.00819856749922388,0.26017066220601065,0.017825682886303002,0.8743963773485887,0.5476190476190477,0.6761904761904762,0.5285714285714286,15
8,5,2,0.848885246995538,0.8110746598409334,0.8260049605602181,0.024520892580057983,0.03737993819180409,0.024888918458904282,0.12806593305053632,0.012515680261538951,0.6249758542310281,0.33333333333333337,0.2,0.39999999999999986,16
8,5,5,0.848885246995538,0.8110746598409334,0.8260049605602181,0.024520892580057983,0.03737993819180409,0.024888918458904282,0.12806593305053632,0.012515680261538951,0.6249758542310281,0.5059523809523809,0.5238095238095238,0.5145502645502644,16
8,5,2,0.7988397149135008,0.7859165962362257,0.7998848794896918,0.01802458532692811,0.045578597629748654,0.02961653278626258,0.1299090757337835,0.010926722370892612,0.5464048610886222,0.3666666666666667,0.3,0.2740740740740741,16
8,5,5,0.7988397149135008,0.7859165962362257,0.7998848794896918,0.01802458532692811,0.045578597629748654,0.02961653278626258,0.1299090757337835,0.010926722370892612,0.5464048610886222,0.4821428571428571,0.5714285714285714,0.4690476190476189,16
8,5,2,0.8486903181701904,0.8401592176857453,0.8308025383183659,0.019875493305264554,0.05125326197558955,0.02772202538425556,0.14437948206372184,0.012138067633833025,0.6478225081813549,0.5333333333333333,0.4666666666666666,0.34814814814814815,16
8,5,5,0.8486903181701904,0.8401592176857453,0.8308025383183659,0.019875493305264554,0.05125326197558955,0.02772202538425556,0.14437948206372184,0.012138067633833025,0.6478225081813549,0.4738095238095238,0.6285714285714287,0.517989417989418,16
8,5,2,0.8323511522951373,0.8333955396191423,0.8167931300308607,0.018978440714398928,0.045309924568974744,0.022601137924410184,0.16296145985508745,0.012780347034437386,0.5919959092238886,0.19999999999999998,0.2333333333333333,0.2444444444444445,16
8,5,5,0.8323511522951373,0.8333955396191423,0.8167931300308607,0.018978440714398928,0.045309924568974744,0.022601137924410184,0.16296145985508745,0.012780347034437386,0.5919959092238886,0.4821428571428571,0.44642857142857145,0.4888888888888888,16
8,5,2,0.809128648106107,0.8021432223119034,0.8053973089179111,0.01661308297917006,0.06090086877003329,0.02311300314568645,0.11716695689176969,0.010805075602661803,0.603890916574095,0.2,0.19999999999999998,0.2592592592592593,16
8,5,5,0.809128648106107,0.8021432223119034,0.8053973089179111,0.01661308297917006,0.06090086877003329,0.02311300314568645,0.11716695689176969,0.010805075602661803,0.603890916574095,0.4642857142857143,0.5952380952380952,0.539153439153439,16
8,5,2,0.8188791749328284,0.7856928223132925,0.8378245712147157,0.0349846410959353,0.0667548911234512,0.03274958328342932,0.10394151595825445,0.008840002498594204,0.4759583746345911,0.13333333333333333,0.2,0.2888888888888889,16
8,5,5,0.8188791749328284,0.7856928223132925,0.8378245712147157,0.0349846410959353,0.0667548911234512,0.03274958328342932,0.10394151595825445,0.008840002498594204,0.4759583746345911,0.4976190476190476,0.47023809523809523,0.465079365079365,16
8,5,2,0.8666523000914709,0.8912089829561822,0.8473131254787649,0.010648119581722426,0.021094556065851457,0.012697016162989738,0.18786122559473817,0.017438724820041406,0.7878605652198963,0.4666666666666666,0.4,0.21481481481481485,16
8,5,5,0.8666523000914709,0.8912089829561822,0.8473131254787649,0.010648119581722426,0.021094556065851457,0.012697016162989738,0.18786122559473817,0.017438724820041406,0.7878605652198963,0.46428571428571425,0.6047619047619048,0.5497354497354496,16
8,5,2,0.7442334585580404,0.7608183330622825,0.7586378844318966,0.03448203117512193,0.05981053214945749,0.039596087102270375,0.12952928636511857,0.009133252389809336,0.4734538197563757,0.16666666666666666,0.26666666666666666,0.33333333333333337,16
8,5,5,0.7442334585580404,0.7608183330622825,0.7586378844318966,0.03448203117512193,0.05981053214945749,0.039596087102270375,0.12952928636511857,0.009133252389809336,0.4734538197563757,0.40476190476190477,0.5238095238095238,0.494973544973545,16
8,5,2,0.8191665239619461,0.8133194980276116,0.7892378693738129,0.01754436653174564,0.042647015164323857,0.01906427865539226,0.16021168669627087,0.00934843203556248,0.5282845667527527,0.2,0.19999999999999998,0.3407407407407408,17
8,5,5,0.8191665239619461,0.8133194980276116,0.7892378693738129,0.01754436653174564,0.042647015164323857,0.01906427865539226,0.16021168669627087,0.00934843203556248,0.5282845667527527,0.5476190476190477,0.48809523809523814,0.5756613756613755,17
8,5,2,0.817390005658047,0.8760511273477007,0.8083403298735482,0.023106411535712093,0.07498121733419792,0.029786736097316607,0.110087416249028,0.009554276803587895,0.514954508729074,0.5333333333333332,0.26666666666666666,0.4888888888888889,17
8,5,5,0.817390005658047,0.8760511273477007,0.8083403298735482,0.023106411535712093,0.07498121733419792,0.029786736097316607,0.110087416249028,0.009554276803587895,0.514954508729074,0.5,0.5535714285714286,0.5407407407407405,17
8,5,2,0.6924310091659699,0.683232704161392,0.698788954741991,0.044910609177813074,0.05359433621641603,0.05231707848522614,0.12730066817557714,0.0068582703822900526,0.3538196272534725,0.33333333333333337,0.27777777777777773,0.2222222222222222,17
8,5,5,0.6924310091659699,0.683232704161392,0.698788954741991,0.044910609177813074,0.05359433621641603,0.05231707848522614,0.12730066817557714,0.0068582703822900526,0.3538196272534725,0.6047619047619048,0.5138888888888888,0.6126984126984129,17
8,5,2,0.7765442957386071,0.7746787805433958,0.774088119497144,0.03601519828945334,0.06424263391273366,0.034086175319249776,0.1336000491084793,0.007555258953402349,0.40613405633633526,0.3333333333333333,0.16666666666666666,0.30370370370370375,17
8,5,5,0.7765442957386071,0.7746787805433958,0.774088119497144,0.03601519828945334,0.06424263391273366,0.034086175319249776,0.1336000491084793,0.007555258953402349,0.40613405633633526,0.488095238095238,0.46428571428571425,0.6116402116402117,17
8,5,2,0.8064910905773512,0.7817385566834426,0.8145288645386554,0.018901911863613365,0.04442799615479322,0.0206311003602167,0.16153420627738174,0.009458439314288606,0.4738702891314386,0.26666666666666666,0.3333333333333333,0.22962962962962966,17
8,5,5,0.8064910905773512,0.7817385566834426,0.8145288645386554,0.018901911863613365,0.04442799615479322,0.0206311003602167,0.16153420627738174,0.009458439314288606,0.4738702891314386,0.4976190476190476,0.7777777777777777,0.4955026455026455,17
8,5,2,0.7422350534955823,0.7506977784619997,0.7486233200266633,0.0202080425935624,0.049505377752945404,0.021541432868310877,0.14559128843000904,0.009161628449831212,0.4241653028847709,0.19999999999999998,0.4444444444444444,0.34814814814814815,17
8,5,5,0.7422350534955823,0.7506977784619997,0.7486233200266633,0.0202080425935624,0.049505377752945404,0.021541432868310877,0.14559128843000904,0.009161628449831212,0.4241653028847709,0.5297619047619048,0.7142857142857143,0.5431216931216931,17
8,5,2,0.7917793332815224,0.7900023635831052,0.7798599673803033,0.054450035275072424,0.0920577190584014,0.05251719779816862,0.11103658815708108,0.006387549825487934,0.3221067679592984,0.26666666666666666,0.3333333333333333,0.2518518518518519,17
8,5,5,0.7917793332815224,0.7900023635831052,0.7798599673803033,0.054450035275072424,0.0920577190584014,0.05251719779816862,0.11103658815708108,0.006387549825487934,0.3221067679592984,0.5714285714285714,0.4484126984126984,0.5518518518518519,17
8,5,2,0.8187047586801454,0.8121676669203739,0.8221327853064908,0.02887127555466385,0.06731744358922007,0.040672175524744836,0.1066391335714282,0.010089417691451044,0.6610718300962676,0.3,0.3,0.4962962962962962,17
8,5,5,0.8187047586801454,0.8121676669203739,0.8221327853064908,0.02887127555466385,0.06731744358922007,0.040672175524744836,0.1066391335714282,0.010089417691451044,0.6610718300962676,0.4583333333333333,0.5297619047619048,0.5259259259259258,17
8,5,2,0.795422953197805,0.8247699793871665,0.8104094358843257,0.009608139485041849,0.028869735661672506,0.009756197006991894,0.2214308067742326,0.017245159769258687,1.0266651712386685,0.19999999999999998,0.3,0.2592592592592593,18
8,5,5,0.795422953197805,0.8247699793871665,0.8104094358843257,0.009608139485041849,0.028869735661672506,0.009756197006991894,0.2214308067742326,0.017245159769258687,1.0266651712386685,0.45,0.6285714285714286,0.5224867724867724,18
8,5,2,0.8124029475943167,0.7670075649691914,0.836564898829939,0.0221332918687236,0.08189908712597176,0.027056702479874167,0.1314543109986426,0.012692647598496413,0.9238850666553149,0.2,0.4333333333333333,0.35555555555555557,18
8,5,5,0.8124029475943167,0.7670075649691914,0.836564898829939,0.0221332918687236,0.08189908712597176,0.027056702479874167,0.1314543109986426,0.012692647598496413,0.9238850666553149,0.5238095238095238,0.5714285714285714,0.5034391534391532,18
8,5,2,0.8387250494782023,0.8503255405721101,0.8463654319347922,0.009914245737265119,0.024577173551854226,0.01703371294817257,0.2563282770147259,0.023523776773935145,1.1415654387454983,0.4,1.0,0.23703703703703707,18
8,5,5,0.8387250494782023,0.8503255405721101,0.8463654319347922,0.009914245737265119,0.024577173551854226,0.01703371294817257,0.2563282770147259,0.023523776773935145,1.1415654387454983,0.5476190476190477,0.5,0.4798941798941798,18
8,5,2,0.8980711528007783,0.9007989691610231,0.8803576118455816,0.02000828619603489,0.03826789987326902,0.02168116592128142,0.19066796173504666,0.017984286577301747,0.8529040943334425,0.36666666666666664,0.16666666666666666,0.34074074074074073,18
8,5,5,0.8980711528007783,0.9007989691610231,0.8803576118455816,0.02000828619603489,0.03826789987326902,0.02168116592128142,0.19066796173504666,0.017984286577301747,0.8529040943334425,0.44642857142857145,0.5238095238095238,0.4796296296296295,18
8,5,2,0.883223501773532,0.911758433544386,0.8475973251646548,0.02021213600171745,0.05038691302655883,0.019730791778186093,0.2145600366149969,0.01767626740191343,0.70586102289774,0.2666666666666667,0.3333333333333333,0.2814814814814815,18
8,5,5,0.883223501773532,0.911758433544386,0.8475973251646548,0.02021213600171745,0.05038691302655883,0.019730791778186093,0.2145600366149969,0.01767626740191343,0.70586102289774,0.6047619047619047,0.5079365079365078,0.7671957671957671,18
8,5,2,0.8344277680964426,0.8338586344223695,0.8340506885419474,0.008210762029466558,0.020605345208448957,0.010690703768231873,0.22149475157817528,0.016407836724760903,1.0737945815304941,0.16666666666666666,0.26666666666666666,0.22222222222222227,18
8,5,5,0.8344277680964426,0.8338586344223695,0.8340506885419474,0.008210762029466558,0.020605345208448957,0.010690703768231873,0.22149475157817528,0.016407836724760903,1.0737945815304941,0.44642857142857145,0.4916666666666666,0.5619047619047619,18
8,5,2,0.8457394569402882,0.8026110486587837,0.8524908731119635,0.018592073019422777,0.08715352123912289,0.014462689319749962,0.16333613443474,0.016839671829366413,1.1130000646774858,0.26666666666666666,0.26666666666666666,0.24444444444444444,18
8,5,5,0.8457394569402882,0.8026110486587837,0.8524908731119635,0.018592073019422777,0.08715352123912289,0.014462689319749962,0.16333613443474,0.016839671829366413,1.1130000646774858,0.5476190476190477,0.48809523809523814,0.653968253968254,18
8,5,2,0.8218985598239292,0.8251048058382887,0.8294969944804473,0.014249176084458689,0.032443438974350584,0.013223341329411664,0.2403592442862061,0.015920027373785412,0.7302345145045824,0.3666666666666667,0.2222222222222222,0.40740740740740733,18
8,5,5,0.8218985598239292,0.8251048058382887,0.8294969944804473,0.014249176084458689,0.032443438974350584,0.013223341329411664,0.2403592442862061,0.015920027373785412,0.7302345145045824,0.580952380952381,0.5734126984126984,0.4986772486772486,18
8,5,2,0.7469746350439183,0.7505320977299206,0.7416247446042772,0.02612430253969611,0.06376082254007806,0.02854049265530101,0.08738084680126675,0.01003165845701292,0.4728925677449936,0.2666666666666667,0.2,0.34814814814814815,19
8,5,5,0.7469746350439183,0.7505320977299206,0.7416247446042772,0.02612430253969611,0.06376082254007806,0.02854049265530101,0.08738084680126675,0.01003165845701292,0.4728925677449936,0.44642857142857145,0.5297619047619048,0.5288359788359787,19
8,5,2,0.8259528367574694,0.8230909261622781,0.8299142803866907,0.03092135953398978,0.05072254889139752,0.02912410444530556,0.11026784800339812,0.010381765966108514,0.5520500681676627,0.16666666666666666,0.2333333333333333,0.3481481481481482,19
8,5,5,0.8259528367574694,0.8230909261622781,0.8299142803866907,0.03092135953398978,0.05072254889139752,0.02912410444530556,0.11026784800339812,0.010381765966108514,0.5520500681676627,0.4404761904761904,0.5,0.5224867724867726,19
8,5,2,0.8638681005169312,0.8407779853591877,0.8535069219366546,0.010288173029826809,0.03288855271804792,0.01849096573713096,0.14917046053575042,0.013281843128722106,0.8126172331264745,0.19999999999999998,0.30000000000000004,0.3999999999999999,19
8,5,5,0.8638681005169312,0.8407779853591877,0.8535069219366546,0.010288173029826809,0.03288855271804792,0.01849096573713096,0.14917046053575042,0.013281843128722106,0.8126172331264745,0.48809523809523814,0.6523809523809524,0.5558201058201059,19
8,5,2,0.854711714266634,0.8406996397716612,0.8385966038976487,0.010123065146039995,0.027635936466775653,0.010453702482699532,0.16217597112342524,0.014708670380539713,0.664896160485447,0.2333333333333333,0.26666666666666666,0.31111111111111117,19
8,5,5,0.854711714266634,0.8406996397716612,0.8385966038976487,0.010123065146039995,0.027635936466775653,0.010453702482699532,0.16217597112342524,0.014708670380539713,0.664896160485447,0.4821428571428571,0.5154761904761905,0.5246031746031745,19
8,5,2,0.8050316905758805,0.8287155119762931,0.8184247600563268,0.0365323977356546,0.06837373786162741,0.03085202165257148,0.0920370565113318,0.010284851825813407,0.726387412698722,0.5333333333333333,0.26666666666666666,0.4518518518518517,19
8,5,5,0.8050316905758805,0.8287155119762931,0.8184247600563268,0.0365323977356546,0.06837373786162741,0.03085202165257148,0.0920370565113318,0.010284851825813407,0.726387412698722,0.48809523809523814,0.4916666666666666,0.47962962962962963,19
8,5,2,0.7694735417607823,0.782434837062476,0.7503692936796731,0.04594411100495645,0.17777114146271478,0.05337504672782756,0.056255015162132375,0.006865104027890186,0.526586056197477,0.4,0.16666666666666666,0.3333333333333333,19
8,5,5,0.7694735417607823,0.782434837062476,0.7503692936796731,0.04594411100495645,0.17777114146271478,0.05337504672782756,0.056255015162132375,0.006865104027890186,0.526586056197477,0.48809523809523814,0.46428571428571425,0.47962962962962963,19
8,5,2,0.798598826054214,0.8079404957085382,0.7778350035855641,0.027778556090285227,0.05954444945075606,0.022873408804249564,0.12102188288985041,0.01058716490888137,0.6893544370915846,0.06666666666666667,0.4666666666666666,0.37777777777777777,19
8,5,5,0.798598826054214,0.8079404957085382,0.7778350035855641,0.027778556090285227,0.05954444945075606,0.022873408804249564,0.12102188288985041,0.01058716490888137,0.6893544370915846,0.4404761904761904,0.44642857142857145,0.5108465608465609,19
8,5,2,0.8389107506470208,0.8662976561704879,0.8283494192752657,0.018217435913773613,0.050212816860922924,0.019359446597848537,0.1306284852903701,0.012255610884611199,0.824474372525898,0.33333333333333337,0.33333333333333337,0.34074074074074073,19
8,5,5,0.8389107506470208,0.8662976561704879,0.8283494192752657,0.018217435913773613,0.050212816860922924,0.019359446597848537,0.1306284852903701,0.012255610884611199,0.824474372525898,0.48809523809523814,0.580952380952381,0.5592592592592592,19
14,3,4,0.8806572599471808,0.8046649487251927,0.8641099269458187,0.07443369010204892,0.21096117736929668,0.08342089320301513,0.14182024076269492,0.01525104849889129,0.46539800113583313,0.5111111111111111,0.5111111111111111,0.6,0
14,3,8,0.8806572599471808,0.8046649487251927,0.8641099269458187,0.07443369010204892,0.21096117736929668,0.08342089320301513,0.14182024076269492,0.01525104849889129,0.46539800113583313,0.5622895622895623,0.46262626262626255,0.5515151515151514,0
14,3,4,0.8320267297358326,0.8885817826838537,0.828440989384042,0.05100647615368599,0.12549392582946692,0.04512930381465801,0.18222315503035272,0.014247744390226216,0.5863815471429761,0.5111111111111111,0.35873015873015873,0.5111111111111111,0
14,3,8,0.8320267297358326,0.8885817826838537,0.828440989384042,0.05100647615368599,0.12549392582946692,0.04512930381465801,0.18222315503035272,0.014247744390226216,0.5863815471429761,0.5622895622895623,0.5515151515151514,0.6592592592592593,0
14,3,4,0.7705898055755686,0.7784945164830518,0.7696473038031332,0.04324434426623892,0.12779358930969023,0.03417721315807595,0.13849551549810699,0.014194728572240634,0.44146931232530423,0.3333333333333333,0.3333333333333333,0.5111111111111111,0
14,3,8,0.7705898055755686,0.7784945164830518,0.7696473038031332,0.04324434426623892,0.12779358930969023,0.03417721315807595,0.13849551549810699,0.014194728572240634,0.44146931232530423,0.6,0.46262626262626266,0.503030303030303,0
14,3,4,0.8061269410052835,0.8127628096222104,0.7964976535824433,0.026926278468949617,0.07846675382579645,0.023445267202587623,0.2207473454208066,0.01861227424304966,0.5929380784462503,0.4222222222222222,0.4222222222222222,0.2698412698412698,0
14,3,8,0.8061269410052835,0.8127628096222104,0.7964976535824433,0.026926278468949617,0.07846675382579645,0.023445267202587623,0.2207473454208066,0.01861227424304966,0.5929380784462503,0.5622895622895623,0.521885521885522,0.4222222222222222,0
14,3,4,0.8084347223693403,0.8281805821373088,0.7916825480016068,0.02720156157628783,0.07215393107281735,0.022938086023500566,0.2088837602195482,0.01979530127701322,0.5804861735119782,0.4222222222222222,0.2698412698412698,0.2698412698412698,0
14,3,8,0.8084347223693403,0.8281805821373088,0.7916825480016068,0.02720156157628783,0.07215393107281735,0.022938086023500566,0.2088837602195482,0.01979530127701322,0.5804861735119782,0.7185185185185184,0.7333333333333334,0.503030303030303,0
14,3,4,0.8294465468305389,0.8337340009268444,0.8380932012503886,0.031064009713970775,0.07489196401890967,0.025110935151033967,0.2149984818754727,0.01812369973146247,0.5851439105366685,0.4222222222222222,0.4222222222222222,0.4222222222222222,0
14,3,8,0.8294465468305389,0.8337340009268444,0.8380932012503886,0.031064009713970775,0.07489196401890967,0.025110935151033967,0.2149984818754727,0.01812369973146247,0.5851439105366685,0.5515151515151515,0.48148148148148145,0.5515151515151514,0
14,3,4,0.8348232799734646,0.8616444493076363,0.8390238037838237,0.025799708060892833,0.06717686956275223,0.02248523232067603,0.23807894996032583,0.019301129437550624,0.6397251590910192,0.35873015873015873,0.5555555555555555,0.4222222222222222,0
14,3,8,0.8348232799734646,0.8616444493076363,0.8390238037838237,0.025799708060892833,0.06717686956275223,0.02248523232067603,0.23807894996032583,0.019301129437550624,0.6397251590910192,0.5515151515151515,0.6592592592592593,0.7185185185185184,0
14,3,4,0.8669167105546098,0.8481520110753101,0.8571918127744144,0.0317265170770589,0.11198070919871765,0.027139100067906253,0.1908520521046035,0.017553463062935468,0.5308354784342649,0.7333333333333334,0.5555555555555555,0.35873015873015873,0
14,3,8,0.8669167105546098,0.8481520110753101,0.8571918127744144,0.0317265170770589,0.11198070919871765,0.027139100067906253,0.1908520521046035,0.017553463062935468,0.5308354784342649,0.7185185185185184,0.6107744107744107,0.503030303030303,0
14,3,4,0.8678127191819222,0.7245706435684394,0.8522505660620907,0.10601419703037619,0.29695385212367803,0.06510364231590668,0.1098596383664841,0.01217729188365441,0.4822698044745154,0.35873015873015873,0.2698412698412698,0.35873015873015873,1
14,3,8,0.8678127191819222,0.7245706435684394,0.8522505660620907,0.10601419703037619,0.29695385212367803,0.06510364231590668,0.1098596383664841,0.01217729188365441,0.4822698044745154,0.5515151515151514,0.5515151515151515,0.5515151515151514,1
14,3,4,0.7665671849562591,0.7911439916409219,0.7597509997813591,0.03348255097941989,0.06437639766265257,0.03317076410399256,0.1841716293176795,0.017329005205655824,0.5047239197366978,0.35873015873015873,0.5111111111111111,0.4222222222222222,1
14,3,8,0.7665671849562591,0.7911439916409219,0.7597509997813591,0.03348255097941989,0.06437639766265257,0.03317076410399256,0.1841716293176795,0.017329005205655824,0.5047239197366978,0.45454545454545453,0.6107744107744107,0.46262626262626266,1
14,3,4,0.7816881834286047,0.7449746991322741,0.7620365797977334,0.035087893079970095,0.09554780761792485,0.03071977192461502,0.18973372917587453,0.01744092043516489,0.6044206934578266,0.6,0.5111111111111111,0.5111111111111111,1
14,3,8,0.7816881834286047,0.7449746991322741,0.7620365797977334,0.035087893079970095,0.09554780761792485,0.03071977192461502,0.18973372917587453,0.01744092043516489,0.6044206934578266,0.7185185185185184,0.6363636363636364,0.48148148148148145,1
14,3,4,0.9282790035478473,0.723829186338761,0.9235674213407108,0.08181336920317493,0.540958700196027,0.07499575493502149,0.13622209154837986,0.009066358606148149,0.40644956620091305,0.29523809523809524,0.3333333333333333,0.5555555555555555,1
14,3,8,0.9282790035478473,0.723829186338761,0.9235674213407108,0.08181336920317493,0.540958700196027,0.07499575493502149,0.13622209154837986,0.009066358606148149,0.40644956620091305,0.4222222222222222,0.48148148148148145,0.5622895622895623,1
14,3,4,0.7954445594631201,0.8357553109591455,0.7892302147381542,0.03346070225042832,0.06005748901456081,0.030427920587681415,0.17322702512427046,0.016822348869703217,0.542020653509598,0.35873015873015873,0.7333333333333334,0.7333333333333334,1
14,3,8,0.7954445594631201,0.8357553109591455,0.7892302147381542,0.03346070225042832,0.06005748901456081,0.030427920587681415,0.17322702512427046,0.016822348869703217,0.542020653509598,0.5111111111111111,0.5555555555555555,0.6107744107744107,1
14,3,4,0.7693343958601359,0.7981508879389594,0.7614399451949184,0.05695677282885155,0.09601138447802841,0.054723542033355395,0.19204275028058498,0.015572596100328295,0.5113955747825161,0.35873015873015873,0.42857142857142855,0.24761904761904763,1
14,3,8,0.7693343958601359,0.7981508879389594,0.7614399451949184,0.05695677282885155,0.09601138447802841,0.054723542033355395,0.19204275028058498,0.015572596100328295,0.5113955747825161,0.5515151515151514,0.5555555555555555,0.6,1
14,3,4,0.9050638958556062,0.8369883342164126,0.8641469759923578,0.0750339442168781,0.21067793789609063,0.05278106038568732,0.12659960305193754,0.013133130664796551,0.5456922754718009,0.2222222222222222,0.35873015873015873,0.5555555555555555,1
14,3,8,0.9050638958556062,0.8369883342164126,0.8641469759923578,0.0750339442168781,0.21067793789609063,0.05278106038568732,0.12659960305193754,0.013133130664796551,0.5456922754718009,0.42843822843822843,0.5111111111111111,0.5515151515151514,1
14,3,4,0.8613973876120846,0.7827182938743245,0.8613973876120846,0.2549417150003021,0.3493923602662349,0.25664703341981804,0.09513706795526998,0.01003580706014688,0.21716159072430943,0.42857142857142855,1.0,0.35873015873015873,1
14,3,8,0.8613973876120846,0.7827182938743245,0.8613973876120846,0.2549417150003021,0.3493923602662349,0.25664703341981804,0.09513706795526998,0.01003580706014688,0.21716159072430943,0.6363636363636364,1.0,0.4871794871794872,1
14,3,4,0.8157310813352657,0.8243565294317944,0.8127134132986197,0.017219881619983973,0.05286826679641046,0.017152609209038952,0.23627240266833324,0.0201038508061573,0.747731008734964,0.6,0.5111111111111111,0.19999999999999998,2
14,3,8,0.8157310813352657,0.8243565294317944,0.8127134132986197,0.017219881619983973,0.05286826679641046,0.017152609209038952,0.23627240266833324,0.0201038508061573,0.747731008734964,0.5515151515151514,0.7185185185185184,0.4222222222222222,2
14,3,4,0.8575901206321974,0.8533747842397287,0.8604061040430154,0.021680116715581527,0.05795630853247619,0.028023484228566403,0.24124672612686854,0.018338515682667034,0.7223295670172892,0.42857142857142855,0.5555555555555555,0.4222222222222222,2
14,3,8,0.8575901206321974,0.8533747842397287,0.8604061040430154,0.021680116715581527,0.05795630853247619,0.028023484228566403,0.24124672612686854,0.018338515682667034,0.7223295670172892,0.503030303030303,0.5218855218855218,0.5111111111111111,2
14,3,4,0.886167092452882,0.8788751888461815,0.8759350487827968,0.014160289799732273,0.038784251880144824,0.02317466258705127,0.2832340549114692,0.018173018707996463,0.9550605546068545,0.4222222222222222,0.5111111111111111,0.35873015873015873,2
14,3,8,0.886167092452882,0.8788751888461815,0.8759350487827968,0.014160289799732273,0.038784251880144824,0.02317466258705127,0.2832340549114692,0.018173018707996463,0.9550605546068545,0.5515151515151514,0.7333333333333334,0.5515151515151514,2
14,3,4,0.922288470241119,0.8647317091004497,0.9122288200331121,0.02337629695219162,0.11838555749736324,0.023756965979682125,0.19027020682035364,0.017692599423060278,0.6152195766286198,0.5111111111111111,0.7333333333333334,0.5111111111111111,2
14,3,8,0.922288470241119,0.8647317091004497,0.9122288200331121,0.02337629695219162,0.11838555749736324,0.023756965979682125,0.19027020682035364,0.017692599423060278,0.6152195766286198,0.6592592592592593,0.5622895622895623,0.5515151515151515,2
14,3,4,0.7938017047473549,0.7978897194518836,0.8037659268006917,0.014877100839727521,0.04662474647427159,0.015622206010314475,0.24258420482037008,0.020729821890451017,0.8027791798528147,0.2698412698412698,0.6,0.29523809523809524,2
14,3,8,0.7938017047473549,0.7978897194518836,0.8037659268006917,0.014877100839727521,0.04662474647427159,0.015622206010314475,0.24258420482037008,0.020729821890451017,0.8027791798528147,0.5622895622895623,0.5622895622895623,0.5515151515151514,2
14,3,4,0.8558104139479265,0.8220952915141617,0.8493705691758404,0.021725869070967272,0.0780235492380544,0.02532045061530124,0.192934706383293,0.019306858948679465,0.5702429207540965,0.4222222222222222,0.4222222222222222,0.35873015873015873,2
14,3,8,0.8558104139479265,0.8220952915141617,0.8493705691758404,0.021725869070967272,0.0780235492380544,0.02532045061530124,0.192934706383293,0.019306858948679465,0.5702429207540965,0.5515151515151514,0.6,0.6592592592592593,2
14,3,4,0.9199598707760906,0.8187798929232718,0.9013315340150331,0.0234042514530871,0.12747110452943014,0.0288364007040917,0.18901744635542342,0.01796259708366996,0.6298467398100354,1.0,0.5111111111111111,0.5555555555555555,2
14,3,8,0.9199598707760906,0.8187798929232718,0.9013315340150331,0.0234042514530871,0.12747110452943014,0.0288364007040917,0.18901744635542342,0.01796259708366996,0.6298467398100354,0.7777777777777778,0.7185185185185184,0.5515151515151515,2
14,3,4,0.8942503189688326,0.8686677703598554,0.8889868776800862,0.02599818338818328,0.12014695805612141,0.040708835769838594,0.15107717307276733,0.02651328986844109,0.5610968232230884,1.0,0.5111111111111111,0.42857142857142855,2
14,3,8,0.8942503189688326,0.8686677703598554,0.8889868776800862,0.02599818338818328,0.12014695805612141,0.040708835769838594,0.15107717307276733,0.02651328986844109,0.5610968232230884,0.5515151515151514,0.7185185185185184,0.503030303030303,2
14,3,4,0.7503697162196431,0.731478053515869,0.7652458730422038,0.05909993455637034,0.09275741841956348,0.04963745086348971,0.11123190035571771,0.009202459708901241,0.31201240741773584,0.2698412698412698,0.5555555555555555,0.5111111111111111,3
14,3,8,0.7503697162196431,0.731478053515869,0.7652458730422038,0.05909993455637034,0.09275741841956348,0.04963745086348971,0.11123190035571771,0.009202459708901241,0.31201240741773584,0.6,0.6592592592592593,0.6592592592592593,3
14,3,4,0.6939140176231767,0.721349094216088,0.7018178835255644,0.10363979619089621,0.1606116679143419,0.10460346660979976,0.07016278474158241,0.0075177601228176415,0.19781750643024512,0.4222222222222222,0.20634920634920637,0.35873015873015873,3
14,3,8,0.6939140176231767,0.721349094216088,0.7018178835255644,0.10363979619089621,0.1606116679143419,0.10460346660979976,0.07016278474158241,0.0075177601228176415,0.19781750643024512,0.3799533799533799,0.46262626262626255,0.45454545454545453,3
14,3,4,0.8172442755326496,0.8426112201051068,0.79963213521833,0.024188014136392457,0.054615903463998056,0.022256638966313868,0.14928745397305757,0.015761055871403466,0.4606500653159951,0.5555555555555555,0.6,0.2698412698412698,3
14,3,8,0.8172442755326496,0.8426112201051068,0.79963213521833,0.024188014136392457,0.054615903463998056,0.022256638966313868,0.14928745397305757,0.015761055871403466,0.4606500653159951,0.6107744107744107,0.41414141414141414,0.503030303030303,3
14,3,4,0.8080979687355486,0.8274247802927125,0.7835448755076003,0.03671923855499112,0.07315633664938015,0.0324772171620326,0.1301543967254784,0.012930633464899859,0.38141965622231505,0.35873015873015873,0.5555555555555555,0.7333333333333334,3
14,3,8,0.8080979687355486,0.8274247802927125,0.7835448755076003,0.03671923855499112,0.07315633664938015,0.0324772171620326,0.1301543967254784,0.012930633464899859,0.38141965622231505,0.6107744107744107,0.6592592592592593,0.6107744107744107,3
14,3,4,0.7635936733554595,0.7509851693353914,0.7410289369720697,0.07364296252081692,0.13025379117728544,0.05886264827548585,0.11041207009056406,0.008391256312736914,0.2991669249989395,0.29523809523809524,0.5555555555555555,0.5111111111111111,3
14,3,8,0.7635936733554595,0.7509851693353914,0.7410289369720697,0.07364296252081692,0.13025379117728544,0.05886264827548585,0.11041207009056406,0.008391256312736914,0.2991669249989395,0.5515151515151515,0.48148148148148145,0.6107744107744107,3
14,3,4,0.7466018973962006,0.7702830044822291,0.7228168166486145,0.06146858374118121,0.1308737147304252,0.06010830666776635,0.077335767251465,0.008821263758501084,0.25117121409122634,0.3333333333333333,0.2698412698412698,0.3333333333333333,3
14,3,8,0.7466018973962006,0.7702830044822291,0.7228168166486145,0.06146858374118121,0.1308737147304252,0.06010830666776635,0.077335767251465,0.008821263758501084,0.25117121409122634,0.41414141414141414,0.4222222222222222,0.5515151515151514,3
14,3,4,0.7861551784872435,0.7733340902565332,0.7658118065552095,0.05779901102192849,0.11450274055674103,0.04901927242677283,0.10530465044322009,0.009712074149020377,0.2966843571479797,0.4222222222222222,0.7333333333333334,0.5555555555555555,3
14,3,8,0.7861551784872435,0.7733340902565332,0.7658118065552095,0.05779901102192849,0.11450274055674103,0.04901927242677283,0.10530465044322009,0.009712074149020377,0.2966843571479797,0.4222222222222222,0.7185185185185184,0.5622895622895623,3
14,3,4,0.7583182958109949,0.6991642601306598,0.7616830456140534,0.13442579349389872,0.2439159794740473,0.18058589876913503,0.055378119881439945,0.006017101741429531,0.15266880591349768,0.4222222222222222,0.2698412698412698,0.5555555555555555,3
14,3,8,0.7583182958109949,0.6991642601306598,0.7616830456140534,0.13442579349389872,0.2439159794740473,0.18058589876913503,0.055378119881439945,0.006017101741429531,0.15266880591349768,0.3737373737373737,0.46262626262626255,0.4472934472934473,3
14,3,4,0.8367823191272133,0.839270892195562,0.8424077928008269,0.038887757199892695,0.11858478388837176,0.04551670135262986,0.18353120386462343,0.014403822091409139,0.718647189679244,0.5111111111111111,0.42857142857142855,0.4222222222222222,4
14,3,8,0.8367823191272133,0.839270892195562,0.8424077928008269,0.038887757199892695,0.11858478388837176,0.04551670135262986,0.18353120386462343,0.014403822091409139,0.718647189679244,0.503030303030303,0.3799533799533799,0.6592592592592593,4
14,3,4,0.8622371743140644,0.8601597177693827,0.8799490111398214,0.00899939748737512,0.023980607868116646,0.009569707880997475,0.28137923573748075,0.026535181067832165,0.7497078292901779,0.4222222222222222,0.5555555555555555,0.4222222222222222,4
14,3,8,0.8622371743140644,0.8601597177693827,0.8799490111398214,0.00899939748737512,0.023980607868116646,0.009569707880997475,0.28137923573748075,0.026535181067832165,0.7497078292901779,0.5515151515151514,0.521885521885522,0.6107744107744107,4
14,3,4,0.8349075840860009,0.8681720103869854,0.8345511074621099,0.010911308604948829,0.027878130774860673,0.01063699636853224,0.2673454132420233,0.025380833885969758,0.7156245670709199,0.4222222222222222,0.29523809523809524,0.4222222222222222,4
14,3,8,0.8349075840860009,0.8681720103869854,0.8345511074621099,0.010911308604948829,0.027878130774860673,0.01063699636853224,0.2673454132420233,0.025380833885969758,0.7156245670709199,0.6592592592592593,0.5555555555555555,0.6363636363636364,4
14,3,4,0.8603937791066105,0.887556571309864,0.8579031906529743,0.013228221857017296,0.03165980542863251,0.012682765316444354,0.28911162636675575,0.022068022065673987,0.7370451111224112,0.35873015873015873,0.42857142857142855,0.5555555555555555,4
14,3,8,0.8603937791066105,0.887556571309864,0.8579031906529743,0.013228221857017296,0.03165980542863251,0.012682765316444354,0.28911162636675575,0.022068022065673987,0.7370451111224112,0.5515151515151514,0.7333333333333334,0.6107744107744107,4
14,3,4,0.8835618401993863,0.8530357893282101,0.8826336414693687,0.013708498239396178,0.039619723671736246,0.014629108743460777,0.24896814767784187,0.02371476186821637,0.7289154056255062,0.2698412698412698,0.35873015873015873,0.2698412698412698,4
14,3,8,0.8835618401993863,0.8530357893282101,0.8826336414693687,0.013708498239396178,0.039619723671736246,0.014629108743460777,0.24896814767784187,0.02371476186821637,0.7289154056255062,0.6592592592592593,0.6107744107744107,0.5515151515151514,4
14,3,4,0.8946677755796408,0.8621185484238982,0.8838970449649611,0.011084838579729969,0.03743558071719394,0.009772048684302531,0.26723257309681536,0.023518470124477907,0.7526974907678222,0.4222222222222222,0.5555555555555555,0.2698412698412698,4
14,3,8,0.8946677755796408,0.8621185484238982,0.8838970449649611,0.011084838579729969,0.03743558071719394,0.009772048684302531,0.26723257309681536,0.023518470124477907,0.7526974907678222,0.7185185185185184,0.5218855218855218,0.6107744107744107,4
14,3,4,0.7859356548629182,0.7948092423674665,0.7907165586489974,0.02311498388027459,0.054712287783440165,0.026535654622668988,0.23356486520232542,0.01941521476587561,0.817874618741697,0.4222222222222222,0.4222222222222222,0.7333333333333334,4
14,3,8,0.7859356548629182,0.7948092423674665,0.7907165586489974,0.02311498388027459,0.054712287783440165,0.026535654622668988,0.23356486520232542,0.01941521476587561,0.817874618741697,0.5622895622895623,0.3737373737373737,0.5515151515151514,4
14,3,4,0.8731243613173463,0.8853983194921642,0.8817133675486117,0.008740999278776956,0.025591890340180723,0.007546359538545517,0.27394002150652147,0.024806053906123036,0.7160954917033823,0.4222222222222222,0.5555555555555555,0.4222222222222222,4
14,3,8,0.8731243613173463,0.8853983194921642,0.8817133675486117,0.008740999278776956,0.025591890340180723,0.007546359538545517,0.27394002150652147,0.024806053906123036,0.7160954917033823,0.6592592592592593,0.5555555555555555,0.6363636363636364,4
14,3,4,0.8524948774160523,0.8188896996969545,0.8504113720220005,0.034065472341035935,0.12037271772782877,0.03813257945847314,0.17150940882314497,0.01249297318728864,0.6097997253923387,0.35873015873015873,0.29523809523809524,0.24761904761904763,5
14,3,8,0.8524948774160523,0.8188896996969545,0.8504113720220005,0.034065472341035935,0.12037271772782877,0.03813257945847314,0.17150940882314497,0.01249297318728864,0.6097997253923387,0.503030303030303,0.4222222222222222,0.5622895622895623,5
14,3,4,0.9980709075231596,,0.9980709075231596,0.08332324379822438,0.6328705921143042,0.13174212155174958,0.06775073120119808,0.026239863754472095,0.35146575080430403,0.24761904761904763,1.0,0.35873015873015873,5
14,3,8,0.9980709075231596,,0.9980709075231596,0.08332324379822438,0.6328705921143042,0.13174212155174958,0.06775073120119808,0.026239863754472095,0.35146575080430403,0.5515151515151514,1.0,0.38803418803418804,5
14,3,4,0.7475336643568247,0.7584178145044194,0.7513960723661196,0.08722754626114403,0.12706701996572875,0.09548405273839393,0.10473097796831392,0.010165990380336897,0.27312488803271057,0.4222222222222222,0.35873015873015873,0.4222222222222222,5
14,3,8,0.7475336643568247,0.7584178145044194,0.7513960723661196,0.08722754626114403,0.12706701996572875,0.09548405273839393,0.10473097796831392,0.010165990380336897,0.27312488803271057,0.5622895622895623,0.6592592592592593,0.7185185185185184,5
14,3,4,0.8146306758488984,0.7718167576986688,0.819476762959621,0.03050194414360201,0.10575520938938043,0.029410102248930557,0.15390024378938122,0.01218705928613984,0.45975066238002515,0.4222222222222222,0.35873015873015873,0.2698412698412698,5
14,3,8,0.8146306758488984,0.7718167576986688,0.819476762959621,0.03050194414360201,0.10575520938938043,0.029410102248930557,0.15390024378938122,0.01218705928613984,0.45975066238002515,0.503030303030303,0.503030303030303,0.503030303030303,5
14,3,4,0.7725223465009208,0.7808676501345222,0.7695142089844971,0.05258796808276551,0.11556693624271991,0.05993700937129073,0.12166880311840685,0.011248861732233023,0.29791832412600583,0.2698412698412698,0.5555555555555555,0.5111111111111111,5
14,3,8,0.7725223465009208,0.7808676501345222,0.7695142089844971,0.05258796808276551,0.11556693624271991,0.05993700937129073,0.12166880311840685,0.011248861732233023,0.29791832412600583,0.5515151515151515,0.6592592592592593,0.6592592592592593,5
14,3,4,0.829805993500236,0.8161426132856286,0.8425395229612479,0.03718531094178607,0.20112969146885187,0.039175973940821784,0.15046445855943763,0.010749166645118133,0.4677176526137499,0.5111111111111111,0.5555555555555555,0.20634920634920637,5
14,3,8,0.829805993500236,0.8161426132856286,0.8425395229612479,0.03718531094178607,0.20112969146885187,0.039175973940821784,0.15046445855943763,0.010749166645118133,0.4677176526137499,0.46262626262626255,0.5622895622895623,0.6107744107744107,5
14,3,4,0.8073285959917103,0.750750311772778,0.8140273325687376,0.030657880351560675,0.09029700630449768,0.031440345404141284,0.16039440280557712,0.013595352604017074,0.5164706831968964,0.4222222222222222,0.35873015873015873,0.35873015873015873,5
14,3,8,0.8073285959917103,0.750750311772778,0.8140273325687376,0.030657880351560675,0.09029700630449768,0.031440345404141284,0.16039440280557712,0.013595352604017074,0.5164706831968964,0.5622895622895623,0.5515151515151515,0.4222222222222222,5
14,3,4,0.8557467008374904,0.7688391579724,0.8527231013212189,0.06314097638066297,0.16323358644876113,0.0685656303460339,0.09405464581383241,0.010847646967550672,0.22032877813570892,0.29523809523809524,1.0,0.14285714285714285,5
14,3,8,0.8557467008374904,0.7688391579724,0.8527231013212189,0.06314097638066297,0.16323358644876113,0.0685656303460339,0.09405464581383241,0.010847646967550672,0.22032877813570892,0.4222222222222222,1.0,0.41414141414141414,5
14,3,4,0.7864120024410214,0.79925907099819,0.7734905946777144,0.05143175597959597,0.10592137266933492,0.03755497278439599,0.12805973361285522,0.013302964672765026,0.3934908891741305,0.24761904761904763,0.5111111111111111,0.42857142857142855,6
14,3,8,0.7864120024410214,0.79925907099819,0.7734905946777144,0.05143175597959597,0.10592137266933492,0.03755497278439599,0.12805973361285522,0.013302964672765026,0.3934908891741305,0.46262626262626255,0.6107744107744107,0.46262626262626255,6
14,3,4,0.830246755269665,0.8657238353821088,0.8454266990141783,0.026227726574284304,0.058299012341611084,0.024031178240105137,0.21945065006324652,0.018252275507209988,0.5699479509651245,0.5111111111111111,0.5555555555555555,0.6,6
14,3,8,0.830246755269665,0.8657238353821088,0.8454266990141783,0.026227726574284304,0.058299012341611084,0.024031178240105137,0.21945065006324652,0.018252275507209988,0.5699479509651245,0.6107744107744107,0.6107744107744107,0.5515151515151515,6
14,3,4,0.8173777111225027,0.8032719965016335,0.8019905509271761,0.04218374239636484,0.084934253605936,0.034404233953966724,0.1741392466810514,0.015270274862193376,0.4731081446160924,0.35873015873015873,0.42857142857142855,0.5555555555555555,6
14,3,8,0.8173777111225027,0.8032719965016335,0.8019905509271761,0.04218374239636484,0.084934253605936,0.034404233953966724,0.1741392466810514,0.015270274862193376,0.4731081446160924,0.5515151515151515,0.6592592592592593,0.6,6
14,3,4,0.8704988844178337,0.8783162241077508,0.8628638144420703,0.02248135789166677,0.06377111106627274,0.019694040017791195,0.2342097721363213,0.01831975520736293,0.6248494304020447,0.4222222222222222,0.7333333333333334,0.4222222222222222,6
14,3,8,0.8704988844178337,0.8783162241077508,0.8628638144420703,0.02248135789166677,0.06377111106627274,0.019694040017791195,0.2342097721363213,0.01831975520736293,0.6248494304020447,0.7185185185185184,0.8518518518518517,0.6107744107744107,6
14,3,4,0.8416354310613219,0.8273725362061021,0.8456678366001488,0.03500906621511924,0.06504955721551871,0.02717787525397206,0.21212644745301648,0.01791896985470007,0.5753832878272901,0.42857142857142855,0.5555555555555555,0.42857142857142855,6
14,3,8,0.8416354310613219,0.8273725362061021,0.8456678366001488,0.03500906621511924,0.06504955721551871,0.02717787525397206,0.21212644745301648,0.01791896985470007,0.5753832878272901,0.5515151515151515,0.7333333333333334,0.5515151515151514,6
14,3,4,0.9018450340006622,0.8588189223280258,0.9139925963534611,0.02292763761376651,0.06463812105588401,0.012318591533554834,0.20658197856590058,0.021018055654270538,0.782552504203688,0.6,0.5111111111111111,0.7333333333333334,6
14,3,8,0.9018450340006622,0.8588189223280258,0.9139925963534611,0.02292763761376651,0.06463812105588401,0.012318591533554834,0.20658197856590058,0.021018055654270538,0.782552504203688,0.8518518518518517,0.7777777777777778,0.7185185185185184,6
14,3,4,0.8715661602882393,0.8382650588349198,0.8593405672153936,0.023801999095021616,0.064587721137952,0.0159939553446759,0.2207662815512213,0.019051693866096613,0.7198042058822353,0.7333333333333334,1.0,0.35873015873015873,6
14,3,8,0.8715661602882393,0.8382650588349198,0.8593405672153936,0.023801999095021616,0.064587721137952,0.0159939553446759,0.2207662815512213,0.019051693866096613,0.7198042058822353,0.7777777777777778,0.8518518518518517,0.7185185185185184,6
14,3,4,0.8451968878275614,0.8649537119468095,0.8705674719141789,0.03389185358829266,0.06570365595672897,0.026286497208271177,0.19111209136016252,0.01748448631924008,0.5334466558176979,0.5111111111111111,0.7333333333333334,0.5111111111111111,6
14,3,8,0.8451968878275614,0.8649537119468095,0.8705674719141789,0.03389185358829266,0.06570365595672897,0.026286497208271177,0.19111209136016252,0.01748448631924008,0.5334466558176979,0.6107744107744107,0.6363636363636364,0.5515151515151515,6
14,3,4,0.8925066667693894,0.8753086644110937,0.902842312736567,0.03401782564578258,0.08784763777241152,0.03236635285555371,0.2586620150404281,0.018029872348133077,0.6791715711994032,0.42857142857142855,1.0,0.35873015873015873,7
14,3,8,0.8925066667693894,0.8753086644110937,0.902842312736567,0.03401782564578258,0.08784763777241152,0.03236635285555371,0.2586620150404281,0.018029872348133077,0.6791715711994032,0.5622895622895623,1.0,0.6107744107744107,7
14,3,4,0.8755753046823608,0.8555604210993938,0.8742974230179271,0.031087928843069768,0.09299281551551475,0.02830314133959498,0.22065738781616462,0.019079641558203093,0.6451562457583172,0.20634920634920637,0.5555555555555555,0.5111111111111111,7
14,3,8,0.8755753046823608,0.8555604210993938,0.8742974230179271,0.031087928843069768,0.09299281551551475,0.02830314133959498,0.22065738781616462,0.019079641558203093,0.6451562457583172,0.46262626262626255,0.5622895622895623,0.521885521885522,7
14,3,4,0.8944955553972638,0.8547919678418153,0.8809711582149748,0.022461213862684692,0.074103883194944,0.022880217925490148,0.2160647323125534,0.018994512673762065,0.5893957740184799,0.19999999999999998,0.42857142857142855,0.24761904761904763,7
14,3,8,0.8944955553972638,0.8547919678418153,0.8809711582149748,0.022461213862684692,0.074103883194944,0.022880217925490148,0.2160647323125534,0.018994512673762065,0.5893957740184799,0.3102453102453102,0.48148148148148145,0.29523809523809524,7
14,3,4,0.9415954465906018,0.8202977138515588,0.9282590140223052,0.031050334630379085,0.15567509946024646,0.02336762214219751,0.1571927909318351,0.01974289510728468,0.6305792677899599,0.20634920634920637,0.2222222222222222,0.2222222222222222,7
14,3,8,0.9415954465906018,0.8202977138515588,0.9282590140223052,0.031050334630379085,0.15567509946024646,0.02336762214219751,0.1571927909318351,0.01974289510728468,0.6305792677899599,0.41414141414141414,0.4131054131054131,0.4131054131054131,7
14,3,4,0.9038056244197784,0.7778475464721669,0.8893998957472891,0.032316353810364906,0.17245242709176498,0.029419098552928333,0.1445442393448075,0.013717689773768912,0.48348743988358994,0.2698412698412698,0.24761904761904763,0.2222222222222222,7
14,3,8,0.9038056244197784,0.7778475464721669,0.8893998957472891,0.032316353810364906,0.17245242709176498,0.029419098552928333,0.1445442393448075,0.013717689773768912,0.48348743988358994,0.41414141414141414,0.4222222222222222,0.46262626262626266,7
14,3,4,0.8758750024109679,0.8647461922627382,0.8921191186573757,0.029397255408412364,0.10578315792769863,0.022528877926948604,0.24064320322396823,0.019219753509460886,0.7608056530858993,0.5111111111111111,1.0,0.5555555555555555,7
14,3,8,0.8758750024109679,0.8647461922627382,0.8921191186573757,0.029397255408412364,0.10578315792769863,0.022528877926948604,0.24064320322396823,0.019219753509460886,0.7608056530858993,0.6592592592592593,1.0,0.6107744107744107,7
14,3,4,0.8380926501851926,0.8314491546218176,0.8312821808648362,0.026880024373510995,0.07325315938498952,0.029907130931599805,0.2200486937247187,0.017338344663545106,0.5287947917092042,0.3333333333333333,1.0,0.24761904761904763,7
14,3,8,0.8380926501851926,0.8314491546218176,0.8312821808648362,0.026880024373510995,0.07325315938498952,0.029907130931599805,0.2200486937247187,0.017338344663545106,0.5287947917092042,0.6363636363636364,1.0,0.6592592592592593,7
14,3,4,0.8340153486239041,0.7867142733431306,0.8453598244556895,0.024635435636282007,0.06565110896428776,0.027096918241148644,0.22129072193533866,0.019149887610616187,0.6181722472188135,0.19999999999999998,0.35873015873015873,0.15873015873015872,7
14,3,8,0.8340153486239041,0.7867142733431306,0.8453598244556895,0.024635435636282007,0.06565110896428776,0.027096918241148644,0.22129072193533866,0.019149887610616187,0.6181722472188135,0.4222222222222222,0.7333333333333334,0.388034188034188,7
14,3,4,0.8015031153466124,0.8151522711604136,0.8111779309219924,0.03679098096198855,0.08342277642676284,0.042363650428245775,0.20350531907938654,0.016743255987797332,0.5339859514767098,0.2698412698412698,0.35873015873015873,0.2698412698412698,8
14,3,8,0.8015031153466124,0.8151522711604136,0.8111779309219924,0.03679098096198855,0.08342277642676284,0.042363650428245775,0.20350531907938654,0.016743255987797332,0.5339859514767098,0.6592592592592593,0.5555555555555555,0.38803418803418804,8
14,3,4,0.8806675878307333,0.8001082056353915,0.871643226592415,0.07470663400010916,0.22559659185736344,0.07288744033912332,0.1383431108367819,0.01200271405655216,0.441561228410494,0.2698412698412698,0.6,0.4222222222222222,8
14,3,8,0.8806675878307333,0.8001082056353915,0.871643226592415,0.07470663400010916,0.22559659185736344,0.07288744033912332,0.1383431108367819,0.01200271405655216,0.441561228410494,0.46262626262626255,0.5622895622895623,0.5111111111111111,8
14,3,4,0.8168504984106979,0.7931247610804184,0.8144417676026064,0.0272116359435104,0.07896046798908052,0.02836091930293714,0.28711024744664404,0.01780204779098497,0.7503021239686071,1.0,1.0,1.0,8
14,3,8,0.8168504984106979,0.7931247610804184,0.8144417676026064,0.0272116359435104,0.07896046798908052,0.02836091930293714,0.28711024744664404,0.01780204779098497,0.7503021239686071,0.6107744107744107,1.0,0.7777777777777778,8
14,3,4,0.7376798303069908,0.7217063620325902,0.7488643287842117,0.09413605091783969,0.22845228827707212,0.09586084192233062,0.15180711739088368,0.010720053032766576,0.431295584534668,0.4222222222222222,0.5555555555555555,0.35873015873015873,8
14,3,8,0.7376798303069908,0.7217063620325902,0.7488643287842117,0.09413605091783969,0.22845228827707212,0.09586084192233062,0.15180711739088368,0.010720053032766576,0.431295584534668,0.6592592592592593,0.7333333333333334,0.5515151515151514,8
14,3,4,0.795395957873071,0.8237953268806436,0.7957199207352861,0.03135048389778205,0.07671778195914662,0.03556128106128461,0.31157071923006036,0.018420651056173142,0.8389011117655812,0.7333333333333334,1.0,0.7333333333333334,8
14,3,8,0.795395957873071,0.8237953268806436,0.7957199207352861,0.03135048389778205,0.07671778195914662,0.03556128106128461,0.31157071923006036,0.018420651056173142,0.8389011117655812,0.6107744107744107,1.0,0.5622895622895623,8
14,3,4,0.9409400103417492,0.8028077737750053,0.9449984561520082,0.04549132039655762,0.2882654274328518,0.0429172846812449,0.10121603839474819,0.014142327621030048,0.3213100241401111,0.15873015873015872,0.2222222222222222,0.4222222222222222,8
14,3,8,0.9409400103417492,0.8028077737750053,0.9449984561520082,0.04549132039655762,0.2882654274328518,0.0429172846812449,0.10121603839474819,0.014142327621030048,0.3213100241401111,0.3395493395493396,0.3333333333333333,0.3799533799533799,8
14,3,4,0.7778697829420681,0.7528059967213054,0.7810745196401064,0.09671327728199733,0.22716309854818525,0.08716566695287419,0.14568316980351212,0.010015392961152529,0.40499985231881497,0.7333333333333334,0.5555555555555555,0.35873015873015873,8
14,3,8,0.7778697829420681,0.7528059967213054,0.7810745196401064,0.09671327728199733,0.22716309854818525,0.08716566695287419,0.14568316980351212,0.010015392961152529,0.40499985231881497,0.7185185185185184,0.6592592592592593,0.5111111111111111,8
14,3,4,0.7129621524445181,0.7214755843496304,0.7193698278340225,0.08938583358901722,0.2063910764099612,0.0863449179521151,0.15276697008025508,0.009880548445333297,0.41610261518492575,0.5111111111111111,1.0,0.35873015873015873,8
14,3,8,0.7129621524445181,0.7214755843496304,0.7193698278340225,0.08938583358901722,0.2063910764099612,0.0863449179521151,0.15276697008025508,0.009880548445333297,0.41610261518492575,0.521885521885522,0.7185185185185184,0.503030303030303,8
14,3,4,0.7758896960725452,0.7807675193363623,0.7659701096138162,0.05904042274431414,0.10116785229083328,0.05492474329638512,0.11168026820322763,0.011485398989746471,0.27438239331122843,0.5111111111111111,0.5111111111111111,0.5555555555555555,9
14,3,8,0.7758896960725452,0.7807675193363623,0.7659701096138162,0.05904042274431414,0.10116785229083328,0.05492474329638512,0.11168026820322763,0.011485398989746471,0.27438239331122843,0.5111111111111111,0.6363636363636364,0.5218855218855218,9
14,3,4,0.7602996253628723,0.7701598192579561,0.7469239300523227,0.06899648620145904,0.11229968819490402,0.06200198314957717,0.11526029939130941,0.011901305311542995,0.2939229728184884,0.5111111111111111,0.4222222222222222,0.5555555555555555,9
14,3,8,0.7602996253628723,0.7701598192579561,0.7469239300523227,0.06899648620145904,0.11229968819490402,0.06200198314957717,0.11526029939130941,0.011901305311542995,0.2939229728184884,0.6107744107744107,0.7185185185185184,0.5111111111111111,9
14,3,4,0.8315663372459395,0.7686683129935736,0.8310971680370519,0.03671671185888198,0.10029627938692055,0.03619039224094481,0.1779099047004576,0.014264825473831379,0.401358079037302,0.29523809523809524,1.0,0.42857142857142855,9
14,3,8,0.8315663372459395,0.7686683129935736,0.8310971680370519,0.03671671185888198,0.10029627938692055,0.03619039224094481,0.1779099047004576,0.014264825473831379,0.401358079037302,0.5555555555555555,1.0,0.5622895622895623,9
14,3,4,0.7655345752230365,0.7764223996638967,0.7572536707248386,0.02954289729310992,0.0883876399411269,0.029989594121146945,0.18775910624828543,0.015583752758673176,0.4405948926554632,0.5555555555555555,0.42857142857142855,0.5555555555555555,9
14,3,8,0.7655345752230365,0.7764223996638967,0.7572536707248386,0.02954289729310992,0.0883876399411269,0.029989594121146945,0.18775910624828543,0.015583752758673176,0.4405948926554632,0.6107744107744107,0.6363636363636364,0.5218855218855218,9
14,3,4,0.7805645617145065,0.7204684442023478,0.7783875641855333,0.06342609132275041,0.12158866865918563,0.06057116763369647,0.12080142978929204,0.01099309302210163,0.28394247347292384,0.5555555555555555,0.35873015873015873,0.4222222222222222,9
14,3,8,0.7805645617145065,0.7204684442023478,0.7783875641855333,0.06342609132275041,0.12158866865918563,0.06057116763369647,0.12080142978929204,0.01099309302210163,0.28394247347292384,0.6,0.6363636363636364,0.6592592592592593,9
14,3,4,0.7637597976676083,0.772835924731714,0.7568545855634133,0.04978057828947913,0.11158411766130777,0.04327188772923481,0.1204137303434229,0.01330538634042978,0.330572192645476,0.7333333333333334,0.5555555555555555,0.5555555555555555,9
14,3,8,0.7637597976676083,0.772835924731714,0.7568545855634133,0.04978057828947913,0.11158411766130777,0.04327188772923481,0.1204137303434229,0.01330538634042978,0.330572192645476,0.5515151515151515,0.7185185185185184,0.5218855218855218,9
14,3,4,0.8343991519920085,0.826465440111451,0.831738563414331,0.02932514107168324,0.07315063143204258,0.029607725231849222,0.18542835393177076,0.014113296512816764,0.4253749442100505,0.5555555555555555,1.0,0.5555555555555555,9
14,3,8,0.8343991519920085,0.826465440111451,0.831738563414331,0.02932514107168324,0.07315063143204258,0.029607725231849222,0.18542835393177076,0.014113296512816764,0.4253749442100505,0.521885521885522,1.0,0.6592592592592593,9
14,3,4,0.792376551583074,0.7666358826755013,0.788177054802644,0.06109986391961379,0.137690686838763,0.06116963991756641,0.11995435265236246,0.011565290077825538,0.28577703120146736,0.5111111111111111,0.5555555555555555,0.20634920634920637,9
14,3,8,0.792376551583074,0.7666358826755013,0.788177054802644,0.06109986391961379,0.137690686838763,0.06116963991756641,0.11995435265236246,0.011565290077825538,0.28577703120146736,0.6592592592592593,0.6363636363636364,0.5515151515151514,9
14,3,4,0.8660741332064766,0.8921095021105706,0.8611287991374244,0.03920289359613649,0.11682135625631465,0.04034834653837454,0.1998744773961542,0.013785090460509141,0.5996733159750576,0.5555555555555555,0.42857142857142855,0.3333333333333333,10
14,3,8,0.8660741332064766,0.8921095021105706,0.8611287991374244,0.03920289359613649,0.11682135625631465,0.04034834653837454,0.1998744773961542,0.013785090460509141,0.5996733159750576,0.5515151515151514,0.4871794871794872,0.6107744107744107,10
14,3,4,0.8548604518303146,0.8708850424534148,0.8519747516940058,0.043697939144703685,0.09542829092732931,0.0379049109197062,0.18801265112904303,0.014174276636954926,0.4918006811977614,0.5555555555555555,0.3333333333333333,0.5111111111111111,10
14,3,8,0.8548604518303146,0.8708850424534148,0.8519747516940058,0.043697939144703685,0.09542829092732931,0.0379049109197062,0.18801265112904303,0.014174276636954926,0.4918006811977614,0.4871794871794872,0.5622895622895623,0.6592592592592593,10
14,3,4,0.8251513862639657,0.8389937493973988,0.8225682032270757,0.03375079922120798,0.08674952471059916,0.02825976322502628,0.20339822151582845,0.01575615345394519,0.5357297483685569,0.4222222222222222,0.7333333333333334,0.7333333333333334,10
14,3,8,0.8251513862639657,0.8389937493973988,0.8225682032270757,0.03375079922120798,0.08674952471059916,0.02825976322502628,0.20339822151582845,0.01575615345394519,0.5357297483685569,0.6107744107744107,0.6363636363636364,0.5218855218855218,10
14,3,4,0.8121075100647828,0.816797185840696,0.81623594275506,0.030922221558259005,0.07631188992006438,0.030426285423318825,0.20269060511984446,0.015186951474414274,0.5307624965501329,0.7333333333333334,0.5555555555555555,0.7333333333333334,10
14,3,8,0.8121075100647828,0.816797185840696,0.81623594275506,0.030922221558259005,0.07631188992006438,0.030426285423318825,0.20269060511984446,0.015186951474414274,0.5307624965501329,0.42843822843822843,0.7333333333333334,0.6107744107744107,10
14,3,4,0.9019863441689575,0.9266893161371041,0.8906419262635993,0.03883363806396819,0.10820695631099951,0.05378112975625919,0.1875883662899945,0.013910401373116926,0.6119347454198568,0.4222222222222222,0.42857142857142855,0.5555555555555555,10
14,3,8,0.9019863441689575,0.9266893161371041,0.8906419262635993,0.03883363806396819,0.10820695631099951,0.05378112975625919,0.1875883662899945,0.013910401373116926,0.6119347454198568,0.5515151515151514,0.48148148148148145,0.6592592592592593,10
14,3,4,0.8730515931241477,0.8523621448820877,0.8694030029809187,0.05170568043729334,0.134285554751675,0.05283854509163625,0.1542005351938505,0.016212182740627454,0.6132742277816495,0.35873015873015873,0.2698412698412698,0.42857142857142855,10
14,3,8,0.8730515931241477,0.8523621448820877,0.8694030029809187,0.05170568043729334,0.134285554751675,0.05283854509163625,0.1542005351938505,0.016212182740627454,0.6132742277816495,0.4222222222222222,0.5111111111111111,0.46262626262626266,10
14,3,4,0.8697319648570685,0.9029764452759863,0.8522569534171257,0.04130613235640045,0.12280736052463065,0.05317692485501984,0.1804803965990688,0.012821598284100373,0.5384269807760321,0.5555555555555555,0.42857142857142855,0.5555555555555555,10
14,3,8,0.8697319648570685,0.9029764452759863,0.8522569534171257,0.04130613235640045,0.12280736052463065,0.05317692485501984,0.1804803965990688,0.012821598284100373,0.5384269807760321,0.6107744107744107,0.7333333333333334,0.6592592592592593,10
14,3,4,0.8452413253886925,0.864602088481467,0.8386247987282778,0.06174992411594288,0.16169137073235476,0.04772387095474387,0.1604468780214082,0.012960267948444761,0.5178543794875404,0.35873015873015873,0.35873015873015873,0.4222222222222222,10
14,3,8,0.8452413253886925,0.864602088481467,0.8386247987282778,0.06174992411594288,0.16169137073235476,0.04772387095474387,0.1604468780214082,0.012960267948444761,0.5178543794875404,0.5622895622895623,0.503030303030303,0.503030303030303,10
14,3,4,0.8950886178659878,0.9214291740106275,0.8972608597909563,0.028720614713866114,0.051155243228754664,0.029100244671400967,0.1918959968080151,0.021435577032376786,0.47770154930050646,0.5555555555555555,1.0,0.35873015873015873,11
14,3,8,0.8950886178659878,0.9214291740106275,0.8972608597909563,0.028720614713866114,0.051155243228754664,0.029100244671400967,0.1918959968080151,0.021435577032376786,0.47770154930050646,0.46262626262626255,1.0,0.46262626262626266,11
14,3,4,0.816427272325285,0.8267542584508731,0.818808016579359,0.007140933622533236,0.018426091423069425,0.007953538377072942,0.35371223242115807,0.032478047081133304,0.8416122840246948,0.7333333333333334,0.42857142857142855,0.5555555555555555,11
14,3,8,0.816427272325285,0.8267542584508731,0.818808016579359,0.007140933622533236,0.018426091423069425,0.007953538377072942,0.35371223242115807,0.032478047081133304,0.8416122840246948,0.6,0.5555555555555555,0.7333333333333334,11
14,3,4,1.0,,1.0,0.01519331325089081,,0.014043745210840971,0.17311021034111027,,0.6933514316681539,0.14285714285714285,,0.4222222222222222,11
14,3,8,1.0,,1.0,0.01519331325089081,,0.014043745210840971,0.17311021034111027,,0.6933514316681539,0.5622895622895623,,0.46262626262626255,11
14,3,4,0.8101102320241259,0.8360906497907031,0.7999063295721073,0.011834108118119352,0.02891330276465052,0.012668666232099241,0.2999617026444569,0.025116609969428723,0.6963063946310531,0.7333333333333334,1.0,1.0,11
14,3,8,0.8101102320241259,0.8360906497907031,0.7999063295721073,0.011834108118119352,0.02891330276465052,0.012668666232099241,0.2999617026444569,0.025116609969428723,0.6963063946310531,0.6107744107744107,1.0,0.5622895622895623,11
14,3,4,0.847272595803629,0.8350540297092196,0.8539170357956518,0.011603794705630423,0.04783113419696682,0.013034530273415048,0.24804704163219954,0.021632312370628258,0.5917411071831801,0.5555555555555555,0.42857142857142855,0.5111111111111111,11
14,3,8,0.847272595803629,0.8350540297092196,0.8539170357956518,0.011603794705630423,0.04783113419696682,0.013034530273415048,0.24804704163219954,0.021632312370628258,0.5917411071831801,0.5515151515151514,0.5555555555555555,0.6592592592592593,11
14,3,4,0.8030652711373735,0.8035766269278636,0.803314002437711,0.009139249522613663,0.022820028806419233,0.009898789057648395,0.3454992417222591,0.029006819501642567,0.8077570432648832,0.4222222222222222,1.0,0.5111111111111111,11
14,3,8,0.8030652711373735,0.8035766269278636,0.803314002437711,0.009139249522613663,0.022820028806419233,0.009898789057648395,0.3454992417222591,0.029006819501642567,0.8077570432648832,0.46262626262626266,1.0,0.46262626262626266,11
14,3,4,0.8333593095193035,0.8074120250723793,0.8325781834922054,0.03985684496251801,0.163151362291216,0.04053140593554331,0.20274118793198653,0.015109914255734025,0.5166395302930358,0.5111111111111111,0.5555555555555555,0.5111111111111111,11
14,3,8,0.8333593095193035,0.8074120250723793,0.8325781834922054,0.03985684496251801,0.163151362291216,0.04053140593554331,0.20274118793198653,0.015109914255734025,0.5166395302930358,0.5622895622895623,0.5555555555555555,0.6107744107744107,11
14,3,4,0.8469276107461985,0.8245407031627043,0.8388343931563378,0.008314969098290282,0.02606798558144767,0.008831187509765954,0.33256354165380786,0.029105596698696782,0.7798463346053414,0.7333333333333334,0.42857142857142855,0.7333333333333334,11
14,3,8,0.8469276107461985,0.8245407031627043,0.8388343931563378,0.008314969098290282,0.02606798558144767,0.008831187509765954,0.33256354165380786,0.029105596698696782,0.7798463346053414,0.6107744107744107,0.6363636363636364,0.46262626262626255,11
14,3,4,0.9518841396317601,0.7395541136387639,0.939007920427733,0.07839918576472583,0.340536429130343,0.07210762595280787,0.11613085018662943,0.012805747788375137,0.3423723396476342,0.4222222222222222,0.7333333333333334,0.4222222222222222,12
14,3,8,0.9518841396317601,0.7395541136387639,0.939007920427733,0.07839918576472583,0.340536429130343,0.07210762595280787,0.11613085018662943,0.012805747788375137,0.3423723396476342,0.5111111111111111,0.5555555555555555,0.6107744107744107,12
14,3,4,0.8781127395336725,0.8073163296633767,0.8734178896235162,0.0364999410754013,0.12725173020836328,0.04430730558853817,0.14718978253145246,0.014481392437450639,0.42731300538639244,0.35873015873015873,0.35873015873015873,0.2698412698412698,12
14,3,8,0.8781127395336725,0.8073163296633767,0.8734178896235162,0.0364999410754013,0.12725173020836328,0.04430730558853817,0.14718978253145246,0.014481392437450639,0.42731300538639244,0.503030303030303,0.503030303030303,0.46262626262626266,12
14,3,4,0.9396856113046749,0.8246453134226109,0.9229420745112192,0.05517436635475698,0.22529286221243858,0.053549883564728236,0.1360853993929978,0.01496062081747911,0.4028170643600723,0.5111111111111111,0.5111111111111111,0.3333333333333333,12
14,3,8,0.9396856113046749,0.8246453134226109,0.9229420745112192,0.05517436635475698,0.22529286221243858,0.053549883564728236,0.1360853993929978,0.01496062081747911,0.4028170643600723,0.503030303030303,0.5515151515151514,0.6107744107744107,12
14,3,4,0.9175769330847965,0.7931595208457193,0.9154746995527234,0.12771912069902838,0.4262487298982093,0.12695604346692577,0.09061490517209278,0.011465681450810112,0.24512326598119585,0.42857142857142855,1.0,0.4222222222222222,12
14,3,8,0.9175769330847965,0.7931595208457193,0.9154746995527234,0.12771912069902838,0.4262487298982093,0.12695604346692577,0.09061490517209278,0.011465681450810112,0.24512326598119585,0.4222222222222222,1.0,0.46262626262626266,12
14,3,4,0.8290329872228959,0.8264504221884998,0.8204015226172849,0.0819913280389536,0.20426321809846607,0.07380040288409859,0.13950739299179685,0.011432715086072638,0.4577774151679272,0.4222222222222222,0.29523809523809524,0.35873015873015873,12
14,3,8,0.8290329872228959,0.8264504221884998,0.8204015226172849,0.0819913280389536,0.20426321809846607,0.07380040288409859,0.13950739299179685,0.011432715086072638,0.4577774151679272,0.41414141414141414,0.5515151515151514,0.6592592592592593,12
14,3,4,0.9496571399615874,0.824138029116845,0.9219221186471926,0.062012291455746736,0.3191524080176017,0.06327691445348745,0.13259898266710113,0.013214411515365735,0.37590097411182577,0.35873015873015873,0.5555555555555555,0.4222222222222222,12
14,3,8,0.9496571399615874,0.824138029116845,0.9219221186471926,0.062012291455746736,0.3191524080176017,0.06327691445348745,0.13259898266710113,0.013214411515365735,0.37590097411182577,0.7185185185185184,0.5515151515151514,0.6592592592592593,12
14,3,4,0.8923459390647989,0.8047473400583146,0.8829247715994811,0.07367556742655511,0.18340128236454345,0.07648767690447894,0.14088119976152574,0.014253887903695344,0.4082552014199024,0.35873015873015873,0.6,0.6,12
14,3,8,0.8923459390647989,0.8047473400583146,0.8829247715994811,0.07367556742655511,0.18340128236454345,0.07648767690447894,0.14088119976152574,0.014253887903695344,0.4082552014199024,0.503030303030303,0.6,0.6592592592592593,12
14,3,4,0.9178500867227328,0.8115059887599677,0.9139060743371852,0.1207444484861138,0.41945213783720936,0.11695310140844332,0.09881643175042816,0.012318272766193789,0.273245215981459,0.5111111111111111,1.0,0.15873015873015872,12
14,3,8,0.9178500867227328,0.8115059887599677,0.9139060743371852,0.1207444484861138,0.41945213783720936,0.11695310140844332,0.09881643175042816,0.012318272766193789,0.273245215981459,0.503030303030303,1.0,0.503030303030303,12
14,3,4,0.7712785051263241,0.800993978609682,0.7629227474600156,0.07608349106541099,0.17425676545593702,0.08112535051765837,0.20127773512312447,0.014378145022424214,0.49326393492815945,0.7333333333333334,0.42857142857142855,0.4222222222222222,13
14,3,8,0.7712785051263241,0.800993978609682,0.7629227474600156,0.07608349106541099,0.17425676545593702,0.08112535051765837,0.20127773512312447,0.014378145022424214,0.49326393492815945,0.503030303030303,0.6363636363636364,0.6592592592592593,13
14,3,4,0.8040252379911207,0.8079979316154334,0.7966141938559218,0.12202329974352255,0.2370683550670087,0.11290838115260772,0.18191999556597568,0.014027874358210337,0.4520441521944321,0.4222222222222222,1.0,0.5111111111111111,13
14,3,8,0.8040252379911207,0.8079979316154334,0.7966141938559218,0.12202329974352255,0.2370683550670087,0.11290838115260772,0.18191999556597568,0.014027874358210337,0.4520441521944321,0.7777777777777778,1.0,0.7333333333333334,13
14,3,4,0.8046570192939836,0.8307517126942273,0.7903525733513077,0.10432216520170674,0.3209148596823029,0.09674672332465556,0.162148899811302,0.012155954838313197,0.3955310312041133,0.5111111111111111,1.0,0.4222222222222222,13
14,3,8,0.8046570192939836,0.8307517126942273,0.7903525733513077,0.10432216520170674,0.3209148596823029,0.09674672332465556,0.162148899811302,0.012155954838313197,0.3955310312041133,0.7185185185185184,1.0,0.7333333333333334,13
14,3,4,0.7845897512542882,0.8405437813193245,0.7843067758252821,0.08933826082093582,0.2302080392022898,0.08244349452629542,0.185459419790011,0.014419029586406007,0.48856402462069864,0.5111111111111111,0.24761904761904763,0.5555555555555555,13
14,3,8,0.7845897512542882,0.8405437813193245,0.7843067758252821,0.08933826082093582,0.2302080392022898,0.08244349452629542,0.185459419790011,0.014419029586406007,0.48856402462069864,0.503030303030303,0.5218855218855218,0.6107744107744107,13
14,3,4,0.8611583497328738,0.8171745647887859,0.8605123719998337,0.0446401632352996,0.17733581456978273,0.036082825007969103,0.20928476331367332,0.02019237164952368,0.5736932784997142,0.42857142857142855,0.5555555555555555,0.35873015873015873,13
14,3,8,0.8611583497328738,0.8171745647887859,0.8605123719998337,0.0446401632352996,0.17733581456978273,0.036082825007969103,0.20928476331367332,0.02019237164952368,0.5736932784997142,0.5622895622895623,0.5622895622895623,0.46262626262626266,13
14,3,4,0.8213614074726225,0.8649803192361747,0.8093369273677984,0.09507252134562182,0.3016722177399125,0.08635922681954368,0.19049313691830683,0.014688844047875352,0.47073887104285184,0.2698412698412698,0.7333333333333334,0.29523809523809524,13
14,3,8,0.8213614074726225,0.8649803192361747,0.8093369273677984,0.09507252134562182,0.3016722177399125,0.08635922681954368,0.19049313691830683,0.014688844047875352,0.47073887104285184,0.503030303030303,0.8518518518518517,0.6363636363636364,13
14,3,4,0.8020084626031888,0.8153014459726577,0.8039601242653773,0.08059708754998607,0.18914587214838466,0.081155459849554,0.17074451021195042,0.011604559814836561,0.4015220605474965,0.35873015873015873,1.0,0.35873015873015873,13
14,3,8,0.8020084626031888,0.8153014459726577,0.8039601242653773,0.08059708754998607,0.18914587214838466,0.081155459849554,0.17074451021195042,0.011604559814836561,0.4015220605474965,0.5622895622895623,1.0,0.6592592592592593,13
14,3,4,0.8380727612311202,0.8739555320594223,0.8251417689686749,0.05932614870194218,0.1811844635681906,0.06056035225209798,0.2031376518380499,0.01657691138649679,0.570793861016461,0.24761904761904763,0.4222222222222222,0.4222222222222222,13
14,3,8,0.8380727612311202,0.8739555320594223,0.8251417689686749,0.05932614870194218,0.1811844635681906,0.06056035225209798,0.2031376518380499,0.01657691138649679,0.570793861016461,0.5515151515151515,0.6107744107744107,0.5111111111111111,13
14,3,4,0.8130976366598188,0.7531149970998928,0.8101175870266825,0.0628191534167872,0.19146662611683804,0.0704308455671326,0.19432185544329175,0.013581802211721842,0.5565442797212781,0.7333333333333334,1.0,0.5111111111111111,14
14,3,8,0.8130976366598188,0.7531149970998928,0.8101175870266825,0.0628191534167872,0.19146662611683804,0.0704308455671326,0.19432185544329175,0.013581802211721842,0.5565442797212781,0.7185185185185184,1.0,0.7185185185185184,14
14,3,4,0.8971324106723484,0.7127181023773032,0.8971324106723484,0.1845164004885154,0.38443153072442493,0.21020743751860507,0.11881843494356961,0.01081099836388273,0.2788634399125865,0.5111111111111111,0.35873015873015873,0.42857142857142855,14
14,3,8,0.8971324106723484,0.7127181023773032,0.8971324106723484,0.1845164004885154,0.38443153072442493,0.21020743751860507,0.11881843494356961,0.01081099836388273,0.2788634399125865,0.6592592592592593,0.8518518518518517,0.5622895622895623,14
14,3,4,0.852469903168687,0.6533135340957765,0.854837597212911,0.301915323726884,0.6696664025422748,0.37372760358187823,0.08453678607214622,0.008651361565856244,0.19582962529665845,0.29523809523809524,0.4222222222222222,0.5555555555555555,14
14,3,8,0.852469903168687,0.6533135340957765,0.854837597212911,0.301915323726884,0.6696664025422748,0.37372760358187823,0.08453678607214622,0.008651361565856244,0.19582962529665845,0.46262626262626266,0.6592592592592593,0.8518518518518517,14
14,3,4,0.8285815304272437,0.806157087562064,0.8270471529369835,0.014774199091602259,0.04990699409695441,0.017111212480993034,0.23564348192505974,0.0306064161087196,0.7505379189869071,0.4222222222222222,0.7333333333333334,0.2698412698412698,14
14,3,8,0.8285815304272437,0.806157087562064,0.8270471529369835,0.014774199091602259,0.04990699409695441,0.017111212480993034,0.23564348192505974,0.0306064161087196,0.7505379189869071,0.7777777777777778,0.5622895622895623,0.7777777777777778,14
14,3,4,0.9234150049319532,0.6768098218195371,0.9234150049319532,0.2413185498503401,0.27116775389003195,0.19795039304072287,0.10125607664707446,0.011949684313148289,0.28133893678194766,0.35873015873015873,0.42857142857142855,0.5555555555555555,14
14,3,8,0.9234150049319532,0.6768098218195371,0.9234150049319532,0.2413185498503401,0.27116775389003195,0.19795039304072287,0.10125607664707446,0.011949684313148289,0.28133893678194766,0.5515151515151514,0.7333333333333334,0.8518518518518517,14
14,3,4,0.8593080783259488,0.6866105862152453,0.8593080783259488,0.39802853787293835,0.585912747398753,0.3287529035973536,0.07514927419562906,0.0090601451403312,0.20502204119652415,0.5111111111111111,0.35873015873015873,0.5555555555555555,14
14,3,8,0.8593080783259488,0.6866105862152453,0.8593080783259488,0.39802853787293835,0.585912747398753,0.3287529035973536,0.07514927419562906,0.0090601451403312,0.20502204119652415,0.6,0.42843822843822843,0.48148148148148145,14
14,3,4,0.8546903587819237,0.8014814821330852,0.8480710272529,0.08094654921639154,0.22759422168708973,0.10640196256931125,0.18979759970736795,0.013879359458687521,0.5683536548394882,0.5555555555555555,1.0,0.5111111111111111,14
14,3,8,0.8546903587819237,0.8014814821330852,0.8480710272529,0.08094654921639154,0.22759422168708973,0.10640196256931125,0.18979759970736795,0.013879359458687521,0.5683536548394882,0.8518518518518517,1.0,0.6107744107744107,14
14,3,4,0.8850413160407963,0.6451134072831768,0.8850413160407963,0.18880789124614947,0.4198414495625388,0.2160349273665958,0.10071225467464417,0.009317767391426443,0.23072495761418324,0.29523809523809524,0.29523809523809524,0.42857142857142855,14
14,3,8,0.8850413160407963,0.6451134072831768,0.8850413160407963,0.18880789124614947,0.4198414495625388,0.2160349273665958,0.10071225467464417,0.009317767391426443,0.23072495761418324,0.6592592592592593,0.503030303030303,0.6107744107744107,14
14,3,4,0.6903812314761784,0.7016776744977122,0.6735116979086003,0.22452117511728667,0.3335826850169625,0.2181971973419174,0.08216901387122774,0.007194266653578816,0.2326936764636645,0.35873015873015873,0.15873015873015872,0.35873015873015873,15
14,3,8,0.6903812314761784,0.7016776744977122,0.6735116979086003,0.22452117511728667,0.3335826850169625,0.2181971973419174,0.08216901387122774,0.007194266653578816,0.2326936764636645,0.6,0.30536130536130535,0.6107744107744107,15
14,3,4,0.7917778449777404,0.671694018210242,0.7948140643883687,0.1660372760057962,0.37146184036475943,0.163755848197713,0.0963217764805368,0.008136620345806056,0.23570534133825935,0.24761904761904763,0.42857142857142855,0.42857142857142855,15
14,3,8,0.7917778449777404,0.671694018210242,0.7948140643883687,0.1660372760057962,0.37146184036475943,0.163755848197713,0.0963217764805368,0.008136620345806056,0.23570534133825935,0.46262626262626255,0.5515151515151514,0.6107744107744107,15
14,3,4,0.8101340567009442,0.6559282358895736,0.8126512009750584,0.21567063920737803,0.3904893380015039,0.2184576063708894,0.10885500552377463,0.009683428064303256,0.267625757694456,0.2698412698412698,0.35873015873015873,0.5555555555555555,15
14,3,8,0.8101340567009442,0.6559282358895736,0.8126512009750584,0.21567063920737803,0.3904893380015039,0.2184576063708894,0.10885500552377463,0.009683428064303256,0.267625757694456,0.6592592592592593,0.46262626262626255,0.6363636363636364,15
14,3,4,0.7426587959663388,0.7684027956009261,0.7243338765159177,0.19017164778271087,0.21760991306659763,0.17210090469399636,0.08932768312311797,0.008525664078421629,0.26963255582090206,0.35873015873015873,0.2698412698412698,0.5111111111111111,15
14,3,8,0.7426587959663388,0.7684027956009261,0.7243338765159177,0.19017164778271087,0.21760991306659763,0.17210090469399636,0.08932768312311797,0.008525664078421629,0.26963255582090206,0.5515151515151514,0.41414141414141414,0.6592592592592593,15
14,3,4,0.8294096078106505,0.7178931683931253,0.824844833105926,0.24161695386666007,0.36114694086601584,0.2418258859625501,0.09647571736244868,0.009262270775944966,0.23715504813953353,0.29523809523809524,0.5555555555555555,0.5111111111111111,15
14,3,8,0.8294096078106505,0.7178931683931253,0.824844833105926,0.24161695386666007,0.36114694086601584,0.2418258859625501,0.09647571736244868,0.009262270775944966,0.23715504813953353,0.503030303030303,0.6107744107744107,0.6107744107744107,15
14,3,4,0.8019573044561897,0.7425668403428929,0.8019573044561897,0.16455369916294837,0.29361956323601046,0.17650920210916105,0.10407236372414438,0.009048343243393351,0.24900795419071273,0.15873015873015872,0.42857142857142855,0.5555555555555555,15
14,3,8,0.8019573044561897,0.7425668403428929,0.8019573044561897,0.16455369916294837,0.29361956323601046,0.17650920210916105,0.10407236372414438,0.009048343243393351,0.24900795419071273,0.503030303030303,0.6363636363636364,0.6363636363636364,15
14,3,4,0.7520041645849476,0.7176309903947229,0.7290300679011525,0.24209582196767657,0.3123411908414235,0.21293124036330896,0.0876684395796715,0.008305396934492433,0.2743178237182585,0.35873015873015873,0.6,0.5111111111111111,15
14,3,8,0.7520041645849476,0.7176309903947229,0.7290300679011525,0.24209582196767657,0.3123411908414235,0.21293124036330896,0.0876684395796715,0.008305396934492433,0.2743178237182585,0.5515151515151514,0.5515151515151515,0.6107744107744107,15
14,3,4,0.8047775934161743,0.7470348788666143,0.8024190317582885,0.185348227903404,0.38290200240533084,0.19967685480285133,0.09738574408873621,0.008407938652348224,0.23252330807857916,0.35873015873015873,0.35873015873015873,0.5555555555555555,15
14,3,8,0.8047775934161743,0.7470348788666143,0.8024190317582885,0.185348227903404,0.38290200240533084,0.19967685480285133,0.09738574408873621,0.008407938652348224,0.23252330807857916,0.5515151515151514,0.6363636363636364,0.5555555555555555,15
14,3,4,0.8451546797553955,0.8347733332979858,0.8516179492167696,0.02605303069947822,0.0683003474111951,0.026567503617663878,0.18746109748704096,0.01597455665255825,0.6722923913177468,0.3333333333333333,0.4222222222222222,0.35873015873015873,16
14,3,8,0.8451546797553955,0.8347733332979858,0.8516179492167696,0.02605303069947822,0.0683003474111951,0.026567503617663878,0.18746109748704096,0.01597455665255825,0.6722923913177468,0.6,0.41414141414141414,0.6592592592592593,16
14,3,4,0.8609577958566996,0.8698799956527619,0.8477436670513449,0.02457883807415455,0.055769977028410266,0.0255741882999075,0.20570229693165182,0.016920779472420894,0.4937286933879026,0.2698412698412698,1.0,0.4222222222222222,16
14,3,8,0.8609577958566996,0.8698799956527619,0.8477436670513449,0.02457883807415455,0.055769977028410266,0.0255741882999075,0.20570229693165182,0.016920779472420894,0.4937286933879026,0.48148148148148145,1.0,0.503030303030303,16
14,3,4,0.8248547202366704,0.8030494464012714,0.8214250643063897,0.027336044003843617,0.07446937269781534,0.027545084948402056,0.1654344112842298,0.015249561415402547,0.37727491191039675,0.5555555555555555,1.0,0.20634920634920637,16
14,3,8,0.8248547202366704,0.8030494464012714,0.8214250643063897,0.027336044003843617,0.07446937269781534,0.027545084948402056,0.1654344112842298,0.015249561415402547,0.37727491191039675,0.6592592592592593,1.0,0.46262626262626255,16
14,3,4,0.827822958293226,0.8376225520002156,0.8199599513120215,0.02933590970485836,0.08566700691119607,0.028648824333917324,0.1634452452184546,0.015209844973436635,0.38664146848506525,0.5555555555555555,1.0,0.2698412698412698,16
14,3,8,0.827822958293226,0.8376225520002156,0.8199599513120215,0.02933590970485836,0.08566700691119607,0.028648824333917324,0.1634452452184546,0.015209844973436635,0.38664146848506525,0.5555555555555555,1.0,0.46262626262626255,16
14,3,4,0.8166009122468022,0.8050484856112501,0.8314485627079092,0.029392149184121367,0.14289732203024424,0.023245580801789317,0.15898352357903694,0.015378171956109023,0.6248055375767225,0.2698412698412698,0.35873015873015873,0.35873015873015873,16
14,3,8,0.8166009122468022,0.8050484856112501,0.8314485627079092,0.029392149184121367,0.14289732203024424,0.023245580801789317,0.15898352357903694,0.015378171956109023,0.6248055375767225,0.5515151515151514,0.41414141414141414,0.521885521885522,16
14,3,4,0.7608033583356181,0.7650667212354936,0.7752900548577414,0.037488726630841254,0.18506314202694313,0.03142491486590176,0.11926659237136407,0.011171033968028012,0.46381459641212014,0.2698412698412698,0.5111111111111111,0.4222222222222222,16
14,3,8,0.7608033583356181,0.7650667212354936,0.7752900548577414,0.037488726630841254,0.18506314202694313,0.03142491486590176,0.11926659237136407,0.011171033968028012,0.46381459641212014,0.4222222222222222,0.46262626262626266,0.7777777777777778,16
14,3,4,0.7623459018179207,0.7813708793423684,0.7589018229848389,0.06584783835466217,0.169516530711563,0.0597984516521516,0.12115483019681576,0.009532370261254338,0.305669402687086,0.4222222222222222,0.7333333333333334,0.4222222222222222,16
14,3,8,0.7623459018179207,0.7813708793423684,0.7589018229848389,0.06584783835466217,0.169516530711563,0.0597984516521516,0.12115483019681576,0.009532370261254338,0.305669402687086,0.5515151515151515,0.5555555555555555,0.5622895622895623,16
14,3,4,0.84216294592446,0.8348866695205337,0.842609628653204,0.018801210352281356,0.06955235532510967,0.018654075064367465,0.19223229741600048,0.018654016033690466,0.529179849996034,0.2698412698412698,0.5111111111111111,0.42857142857142855,16
14,3,8,0.84216294592446,0.8348866695205337,0.842609628653204,0.018801210352281356,0.06955235532510967,0.018654075064367465,0.19223229741600048,0.018654016033690466,0.529179849996034,0.46262626262626255,0.6107744107744107,0.5622895622895623,16
14,3,4,0.8189900988549242,0.8441306446312572,0.8099372634805708,0.02496771456833038,0.09002654194094716,0.044716052577562754,0.1255925722358643,0.013670189725852506,0.3985489622776391,0.4222222222222222,0.3333333333333333,0.29523809523809524,17
14,3,8,0.8189900988549242,0.8441306446312572,0.8099372634805708,0.02496771456833038,0.09002654194094716,0.044716052577562754,0.1255925722358643,0.013670189725852506,0.3985489622776391,0.5515151515151514,0.6592592592592593,0.6107744107744107,17
14,3,4,0.8412683214148108,0.8665331357678796,0.8411207780674171,0.01418155526383351,0.04274115630893761,0.014522067477362259,0.1861708930629723,0.017017711998145304,0.4260494729484273,0.5555555555555555,1.0,0.7333333333333334,17
14,3,8,0.8412683214148108,0.8665331357678796,0.8411207780674171,0.01418155526383351,0.04274115630893761,0.014522067477362259,0.1861708930629723,0.017017711998145304,0.4260494729484273,0.5515151515151515,1.0,0.7185185185185184,17
14,3,4,0.8211917711844089,0.8431259712759162,0.8142315027696234,0.016579966635866687,0.04858592030439952,0.01727138041868021,0.19870114049867826,0.017775969759234265,0.49560484796187604,0.4222222222222222,0.3333333333333333,0.2222222222222222,17
14,3,8,0.8211917711844089,0.8431259712759162,0.8142315027696234,0.016579966635866687,0.04858592030439952,0.01727138041868021,0.19870114049867826,0.017775969759234265,0.49560484796187604,0.503030303030303,0.48148148148148145,0.6592592592592593,17
14,3,4,0.8239951593409879,0.8416751769023706,0.8158592357199633,0.022792698504427375,0.06766048661862274,0.018956106056097228,0.1425360618673831,0.014388766830969988,0.4269643423062278,0.4222222222222222,0.4222222222222222,0.2698412698412698,17
14,3,8,0.8239951593409879,0.8416751769023706,0.8158592357199633,0.022792698504427375,0.06766048661862274,0.018956106056097228,0.1425360618673831,0.014388766830969988,0.4269643423062278,0.503030303030303,0.48148148148148145,0.7333333333333334,17
14,3,4,0.8287755850099208,0.8167283887234946,0.8069952148511617,0.018886303627112563,0.06137391566524104,0.01856077005281746,0.14208354152828742,0.015407502906487836,0.4056895561794358,0.4222222222222222,0.5111111111111111,0.2698412698412698,17
14,3,8,0.8287755850099208,0.8167283887234946,0.8069952148511617,0.018886303627112563,0.06137391566524104,0.01856077005281746,0.14208354152828742,0.015407502906487836,0.4056895561794358,0.4222222222222222,0.41414141414141414,0.5622895622895623,17
14,3,4,0.9033795705635344,0.9122875831558293,0.9058447020556895,0.01876460517587715,0.05198008187282466,0.018146805573395087,0.18418959518845227,0.01762262820852312,0.45116537643730686,0.20634920634920637,0.42857142857142855,0.24761904761904763,17
14,3,8,0.9033795705635344,0.9122875831558293,0.9058447020556895,0.01876460517587715,0.05198008187282466,0.018146805573395087,0.18418959518845227,0.01762262820852312,0.45116537643730686,0.5515151515151514,0.6363636363636364,0.7185185185185184,17
14,3,4,0.9203287393253959,0.9124057264889719,0.9118789774782066,0.044774290705497016,0.44012623825480424,0.059968063542937,0.11057692331777298,0.026279210838903465,0.3836074460038134,0.5555555555555555,0.42857142857142855,0.6,17
14,3,8,0.9203287393253959,0.9124057264889719,0.9118789774782066,0.044774290705497016,0.44012623825480424,0.059968063542937,0.11057692331777298,0.026279210838903465,0.3836074460038134,0.7333333333333334,0.4871794871794872,0.7777777777777778,17
14,3,4,0.8508740892094545,0.8345105330314356,0.849274687560466,0.024314697808276553,0.07572797088670341,0.02318739803580821,0.19416131657634925,0.014311332045901192,0.4728570111093069,0.6,0.3333333333333333,0.29523809523809524,17
14,3,8,0.8508740892094545,0.8345105330314356,0.849274687560466,0.024314697808276553,0.07572797088670341,0.02318739803580821,0.19416131657634925,0.014311332045901192,0.4728570111093069,0.6592592592592593,0.6363636363636364,0.6107744107744107,17
14,3,4,0.7613291966737102,0.6871661784029642,0.755508223922364,0.1499895335633364,0.3075839356476911,0.1436948491566674,0.07613193665131937,0.008284451309697152,0.22105245540371687,0.24761904761904763,0.35873015873015873,0.7333333333333334,18
14,3,8,0.7613291966737102,0.6871661784029642,0.755508223922364,0.1499895335633364,0.3075839356476911,0.1436948491566674,0.07613193665131937,0.008284451309697152,0.22105245540371687,0.46262626262626255,0.5622895622895623,0.5622895622895623,18
14,3,4,0.7877597286703286,0.8237121427338678,0.7690061033792421,0.09303062560123307,0.14756161859378417,0.08173576487698032,0.10891793718167965,0.01147016936512216,0.30773479224722566,1.0,0.7333333333333334,0.7333333333333334,18
14,3,8,0.7877597286703286,0.8237121427338678,0.7690061033792421,0.09303062560123307,0.14756161859378417,0.08173576487698032,0.10891793718167965,0.01147016936512216,0.30773479224722566,0.6,0.7333333333333334,0.7185185185185184,18
14,3,4,0.7714695151160832,0.7789875300224158,0.7693884626961645,0.080671160157948,0.18133771578015923,0.0732256168671841,0.11944822280958446,0.01245208661016959,0.36394921080740444,0.5555555555555555,0.6,0.7333333333333334,18
14,3,8,0.7714695151160832,0.7789875300224158,0.7693884626961645,0.080671160157948,0.18133771578015923,0.0732256168671841,0.11944822280958446,0.01245208661016959,0.36394921080740444,0.5111111111111111,0.5515151515151514,0.6107744107744107,18
14,3,4,0.7214863175503383,0.7324654457950808,0.7056637208812045,0.19114503917390238,0.25300093370091126,0.17351063786907256,0.08767248679389135,0.00816176816160889,0.21505979620063703,0.7333333333333334,0.5555555555555555,0.7333333333333334,18
14,3,8,0.7214863175503383,0.7324654457950808,0.7056637208812045,0.19114503917390238,0.25300093370091126,0.17351063786907256,0.08767248679389135,0.00816176816160889,0.21505979620063703,0.6107744107744107,0.521885521885522,0.7333333333333334,18
14,3,4,0.665498721900353,0.7061027344053549,0.6681094152489988,0.1011607501989898,0.15204707489345456,0.0804894345041307,0.1020886753321924,0.010015637942850687,0.2940309197366501,0.5555555555555555,0.35873015873015873,1.0,18
14,3,8,0.665498721900353,0.7061027344053549,0.6681094152489988,0.1011607501989898,0.15204707489345456,0.0804894345041307,0.1020886753321924,0.010015637942850687,0.2940309197366501,0.5111111111111111,0.6592592592592593,0.7333333333333334,18
14,3,4,0.7489474468966705,0.7911968188869453,0.7540227461798267,0.07644825082742027,0.14870015063947728,0.05288542924745244,0.13418863460097263,0.014146620102128908,0.3987887967305425,0.7333333333333334,0.7333333333333334,1.0,18
14,3,8,0.7489474468966705,0.7911968188869453,0.7540227461798267,0.07644825082742027,0.14870015063947728,0.05288542924745244,0.13418863460097263,0.014146620102128908,0.3987887967305425,0.7185185185185184,0.8518518518518517,0.6363636363636364,18
14,3,4,0.7215367797792503,0.7356257107283335,0.7023126465940032,0.129550416648197,0.18778584844832413,0.10043565036001893,0.10452734977929119,0.011102152352465831,0.3074996004102169,0.7333333333333334,0.5111111111111111,0.7333333333333334,18
14,3,8,0.7215367797792503,0.7356257107283335,0.7023126465940032,0.129550416648197,0.18778584844832413,0.10043565036001893,0.10452734977929119,0.011102152352465831,0.3074996004102169,0.6592592592592593,0.6592592592592593,0.7333333333333334,18
14,3,4,0.7468828144173754,0.7904805833452827,0.7248456921431581,0.07299544385194927,0.13483133810169615,0.05983440644265084,0.12549543362183202,0.012668973580138262,0.37456268554914185,0.7333333333333334,0.42857142857142855,1.0,18
14,3,8,0.7468828144173754,0.7904805833452827,0.7248456921431581,0.07299544385194927,0.13483133810169615,0.05983440644265084,0.12549543362183202,0.012668973580138262,0.37456268554914185,0.6,0.7777777777777778,0.6592592592592593,18
14,3,4,0.8080372982745453,0.8303264432256662,0.8001641952320738,0.06378088186133138,0.14493296382552695,0.06397306674098137,0.1761525605220354,0.012004669674782746,0.5217146009450594,0.5111111111111111,0.35873015873015873,0.35873015873015873,19
14,3,8,0.8080372982745453,0.8303264432256662,0.8001641952320738,0.06378088186133138,0.14493296382552695,0.06397306674098137,0.1761525605220354,0.012004669674782746,0.5217146009450594,0.6107744107744107,0.521885521885522,0.6,19
14,3,4,0.8589732349853363,0.8110827754179497,0.8402175316399689,0.010302646962027881,0.022560338122391842,0.008939115654151005,0.33162602179001255,0.025260531915991105,0.9336458544080427,0.35873015873015873,0.7333333333333334,0.4222222222222222,19
14,3,8,0.8589732349853363,0.8110827754179497,0.8402175316399689,0.010302646962027881,0.022560338122391842,0.008939115654151005,0.33162602179001255,0.025260531915991105,0.9336458544080427,0.7777777777777778,0.8518518518518517,0.6592592592592593,19
14,3,4,0.8413694579703147,0.8337987095685225,0.8428202246263691,0.04033451922885144,0.09300970191683834,0.04144164263678046,0.19021824092170128,0.013826072161722413,0.5871438223078884,0.6,0.7333333333333334,0.42857142857142855,19
14,3,8,0.8413694579703147,0.8337987095685225,0.8428202246263691,0.04033451922885144,0.09300970191683834,0.04144164263678046,0.19021824092170128,0.013826072161722413,0.5871438223078884,0.46262626262626266,0.7333333333333334,0.5515151515151514,19
14,3,4,1.0,,1.0,0.1908820194839362,,0.0871361892290958,0.04702432608577511,,0.2503015078967604,0.6,1.0,0.5555555555555555,19
14,3,8,1.0,,1.0,0.1908820194839362,,0.0871361892290958,0.04702432608577511,,0.2503015078967604,0.5622895622895623,1.0,0.5555555555555555,19
14,3,4,0.8691189309342464,0.9016350894509917,0.8778076452921052,0.029532885558182502,0.06280243875311041,0.024026050259950787,0.21563957251475435,0.019756197735327226,0.7042605912210329,0.2698412698412698,0.5111111111111111,0.5111111111111111,19
14,3,8,0.8691189309342464,0.9016350894509917,0.8778076452921052,0.029532885558182502,0.06280243875311041,0.024026050259950787,0.21563957251475435,0.019756197735327226,0.7042605912210329,0.6,0.5622895622895623,0.7185185185185184,19
14,3,4,0.8425862870815848,0.8447827982643268,0.8440031615830259,0.013282630206177417,0.025826077359253925,0.013116015649790482,0.311828277167769,0.024157613676770405,0.9023380333222879,0.5111111111111111,0.7333333333333334,0.2698412698412698,19
14,3,8,0.8425862870815848,0.8447827982643268,0.8440031615830259,0.013282630206177417,0.025826077359253925,0.013116015649790482,0.311828277167769,0.024157613676770405,0.9023380333222879,0.7185185185185184,0.6107744107744107,0.5515151515151515,19
14,3,4,0.8962328181930462,0.8421649617630087,0.9176892133281506,0.018472326523525318,0.12156021523519717,0.026260526740997322,0.22766214848257596,0.01692755977782689,0.7651387242718226,0.4222222222222222,0.5555555555555555,0.4222222222222222,19
14,3,8,0.8962328181930462,0.8421649617630087,0.9176892133281506,0.018472326523525318,0.12156021523519717,0.026260526740997322,0.22766214848257596,0.01692755977782689,0.7651387242718226,0.5622895622895623,0.5111111111111111,0.521885521885522,19
14,3,4,0.8130418524061702,0.7931640979209923,0.8182873092792059,0.03906619695187481,0.071001391307134,0.037453951003982945,0.20232092850387814,0.015869213409887277,0.5063196423132362,0.5555555555555555,1.0,0.4222222222222222,19
14,3,8,0.8130418524061702,0.7931640979209923,0.8182873092792059,0.03906619695187481,0.071001391307134,0.037453951003982945,0.20232092850387814,0.015869213409887277,0.5063196423132362,0.521885521885522,1.0,0.46262626262626255,19
14,4,4,0.7951313964210273,0.7909574908326121,0.7861085285578155,0.1034621654802595,0.21839362810512844,0.10934042824117297,0.09670611833894843,0.009947556284757152,0.31772986464859193,0.2698412698412698,0.10317460317460318,0.25587301587301586,0
14,4,8,0.7951313964210273,0.7909574908326121,0.7861085285578155,0.1034621654802595,0.21839362810512844,0.10934042824117297,0.09670611833894843,0.009947556284757152,0.31772986464859193,0.5272727272727272,0.4478114478114478,0.5388552188552187,0
14,4,4,0.7928916469512108,0.7664906423981727,0.8030275437724985,0.06679566845831071,0.2395994117064964,0.06398425765735317,0.09012695810042969,0.013049683256032719,0.49054830890353424,0.22698412698412695,0.4222222222222222,0.28,0
14,4,8,0.7928916469512108,0.7664906423981727,0.8030275437724985,0.06679566845831071,0.2395994117064964,0.06398425765735317,0.09012695810042969,0.013049683256032719,0.49054830890353424,0.6107744107744107,0.48282828282828283,0.5752188552188551,0
14,4,4,0.8046581438721705,0.8127202114769709,0.7993793049420944,0.03529541752884392,0.05166060234861144,0.03186726143639785,0.15854613515621577,0.018224931540662577,0.4408381310886325,0.5333333333333333,0.5333333333333333,0.2850793650793651,0
14,4,8,0.8046581438721705,0.8127202114769709,0.7993793049420944,0.03529541752884392,0.05166060234861144,0.03186726143639785,0.15854613515621577,0.018224931540662577,0.4408381310886325,0.635016835016835,0.5535353535353535,0.6115824915824916,0
14,4,4,0.81878710812829,0.7577791556275221,0.8127709361198681,0.03945531589669197,0.1397415957232827,0.0496455307423176,0.14999364551705138,0.013701318031836692,0.6098488690779048,0.35873015873015873,0.38095238095238093,0.38920634920634917,0
14,4,8,0.81878710812829,0.7577791556275221,0.8127709361198681,0.03945531589669197,0.1397415957232827,0.0496455307423176,0.14999364551705138,0.013701318031836692,0.6098488690779048,0.5164983164983165,0.46262626262626266,0.5536700336700335,0
14,4,4,0.842277720070801,0.8424452170254565,0.8363048163315527,0.05971103180509902,0.10164059757765143,0.0533786239777279,0.12372256368290843,0.014738380881553777,0.36758389431210026,0.28253968253968254,0.30158730158730157,0.3168253968253969,0
14,4,8,0.842277720070801,0.8424452170254565,0.8363048163315527,0.05971103180509902,0.10164059757765143,0.0533786239777279,0.12372256368290843,0.014738380881553777,0.36758389431210026,0.48282828282828283,0.5737373737373738,0.5462937062937062,0
14,4,4,0.7798866332205846,0.7608382707232414,0.7783800976061881,0.08537518529419424,0.19045298011655876,0.07572260545235558,0.1002527586091279,0.00939558518149348,0.29811101489736685,0.2587301587301587,0.2587301587301587,0.29206349206349214,0
14,4,8,0.7798866332205846,0.7608382707232414,0.7783800976061881,0.08537518529419424,0.19045298011655876,0.07572260545235558,0.1002527586091279,0.00939558518149348,0.29811101489736685,0.6107744107744107,0.5663299663299664,0.4647811447811447,0
14,4,4,0.7849462387370922,0.7981636215418759,0.7967009965564318,0.03532775221183895,0.08612149162746832,0.033712730228095705,0.13601947802615091,0.01701065489971066,0.5564790781415198,0.1714285714285714,0.21428571428571427,0.3568253968253968,0
14,4,8,0.7849462387370922,0.7981636215418759,0.7967009965564318,0.03532775221183895,0.08612149162746832,0.033712730228095705,0.13601947802615091,0.01701065489971066,0.5564790781415198,0.48282828282828283,0.4343434343434343,0.5197306397306396,0
14,4,4,0.850242029013778,0.8427082637131337,0.8476355838261127,0.028063326355727437,0.060693984570525356,0.02457961694872459,0.22747737655856953,0.0171339620620613,0.707753097709158,0.4222222222222222,0.3142857142857143,0.3358730158730159,0
14,4,8,0.850242029013778,0.8427082637131337,0.8476355838261127,0.028063326355727437,0.060693984570525356,0.02457961694872459,0.22747737655856953,0.0171339620620613,0.707753097709158,0.4994042994042995,0.5939393939393939,0.4930639730639729,0
14,4,4,0.8554760015661184,0.7843245677292037,0.8439293092112047,0.019633468905409686,0.07024229458052875,0.027822673776668357,0.16508699346541103,0.013768926223395163,0.5269608832279424,0.43492063492063493,0.35873015873015873,0.41460317460317453,1
14,4,8,0.8554760015661184,0.7843245677292037,0.8439293092112047,0.019633468905409686,0.07024229458052875,0.027822673776668357,0.16508699346541103,0.013768926223395163,0.5269608832279424,0.5811447811447812,0.521885521885522,0.46548562548562533,1
14,4,4,0.8200636379367575,0.8599284063233403,0.8208182440074038,0.018183161401022104,0.05577285139568036,0.01606736597195517,0.17785246423091408,0.015695535337509177,0.5840785490041419,0.34603174603174597,0.2825396825396825,0.36952380952380953,1
14,4,8,0.8200636379367575,0.8599284063233403,0.8208182440074038,0.018183161401022104,0.05577285139568036,0.01606736597195517,0.17785246423091408,0.015695535337509177,0.5840785490041419,0.503030303030303,0.6053872053872055,0.5159595959595957,1
14,4,4,0.8072146735736774,0.8463331685985341,0.8241403944424841,0.02493808329732364,0.04854594286955948,0.021929055498033142,0.14852516777102542,0.013712543229781965,0.4163402814133042,0.43492063492063493,0.7333333333333334,0.2622222222222222,1
14,4,8,0.8072146735736774,0.8463331685985341,0.8241403944424841,0.02493808329732364,0.04854594286955948,0.021929055498033142,0.14852516777102542,0.013712543229781965,0.4163402814133042,0.4922558922558922,0.6363636363636364,0.49474229474229464,1
14,4,4,0.9425182532238439,0.836508767393319,0.9488598630449966,0.02658156857494359,0.20166462971406526,0.037403542498366256,0.12733650496908608,0.011223778394888757,0.40582366650434437,0.6222222222222222,0.22698412698412698,0.32126984126984126,1
14,4,8,0.9425182532238439,0.836508767393319,0.9488598630449966,0.02658156857494359,0.20166462971406526,0.037403542498366256,0.12733650496908608,0.011223778394888757,0.40582366650434437,0.560942760942761,0.4343434343434343,0.4825589225589224,1
14,4,4,0.7788772639992902,0.7637872725635698,0.7951175403677285,0.03174883811614515,0.10341651562061456,0.03019456908409121,0.139206656898138,0.010910158879642733,0.40049984878858347,0.3142857142857143,0.40317460317460313,0.293968253968254,1
14,4,8,0.7788772639992902,0.7637872725635698,0.7951175403677285,0.03174883811614515,0.10341651562061456,0.03019456908409121,0.139206656898138,0.010910158879642733,0.40049984878858347,0.5272727272727272,0.48458948458948464,0.503196063196063,1
14,4,4,0.8809808921843334,0.831390539882471,0.8772115565377441,0.03055179668956365,0.11847651128103118,0.027872950841451617,0.13698503151875482,0.010744818719416568,0.3955279900403544,0.3904761904761905,0.5333333333333333,0.43999999999999984,1
14,4,8,0.8809808921843334,0.831390539882471,0.8772115565377441,0.03055179668956365,0.11847651128103118,0.027872950841451617,0.13698503151875482,0.010744818719416568,0.3955279900403544,0.5515151515151515,0.5811447811447811,0.5886868686868686,1
14,4,4,0.8213418496494846,0.8194735283348453,0.8344118795116672,0.026192897982639247,0.04592723121786106,0.023806856295108807,0.2022783894932724,0.013662101645319802,0.5498312517248444,0.6222222222222223,0.5555555555555555,0.23047619047619047,1
14,4,8,0.8213418496494846,0.8194735283348453,0.8344118795116672,0.026192897982639247,0.04592723121786106,0.023806856295108807,0.2022783894932724,0.013662101645319802,0.5498312517248444,0.4383838383838383,0.5555555555555555,0.5046464646464645,1
14,4,4,0.802081400770722,0.8015738212700542,0.8129757423556736,0.02355873406941234,0.056229579350264056,0.01974468040548294,0.15328480830953042,0.013971897729303462,0.45676494363186937,0.5015873015873016,0.6,0.3104761904761905,1
14,4,8,0.802081400770722,0.8015738212700542,0.8129757423556736,0.02355873406941234,0.056229579350264056,0.01974468040548294,0.15328480830953042,0.013971897729303462,0.45676494363186937,0.6053872053872054,0.8518518518518517,0.5100336700336698,1
14,4,4,0.8015581299902138,0.6557281160801918,0.8015581299902138,0.11833041588128539,0.3675336235719839,0.11820259827102354,0.07581866656355515,0.0049183417898347875,0.20709197108050548,0.5111111111111112,0.30317460317460315,0.6266666666666667,2
14,4,8,0.8015581299902138,0.6557281160801918,0.8015581299902138,0.11833041588128539,0.3675336235719839,0.11820259827102354,0.07581866656355515,0.0049183417898347875,0.20709197108050548,0.6962962962962963,0.5124579124579125,0.6301683501683502,2
14,4,4,0.8064811930220636,0.7580105957290375,0.8017829293579811,0.06006221258770876,0.12003009344168192,0.06417903746200744,0.10939736138293159,0.009006877988980101,0.2725396304513991,0.3142857142857142,0.35873015873015873,0.5377777777777777,2
14,4,8,0.8064811930220636,0.7580105957290375,0.8017829293579811,0.06006221258770876,0.12003009344168192,0.06417903746200744,0.10939736138293159,0.009006877988980101,0.2725396304513991,0.48282828282828283,0.6363636363636364,0.6180471380471378,2
14,4,4,0.8255615284431349,0.7303115464711896,0.8132787316520218,0.15847661928968115,0.48016023917871403,0.15291859771568544,0.0771613189381561,0.004978913699416376,0.21551030505549443,0.46666666666666673,0.38095238095238093,0.5466666666666666,2
14,4,8,0.8255615284431349,0.7303115464711896,0.8132787316520218,0.15847661928968115,0.48016023917871403,0.15291859771568544,0.0771613189381561,0.004978913699416376,0.21551030505549443,0.6888888888888888,0.468013468013468,0.4820823620823619,2
14,4,4,0.8249376965809344,0.8604192903441782,0.8327353528497898,0.02836468092426029,0.09038711442701755,0.0377535667842563,0.16868592799927143,0.013188971976131364,0.6467853535200233,0.3142857142857143,0.2698412698412698,0.3701587301587301,2
14,4,8,0.8249376965809344,0.8604192903441782,0.8327353528497898,0.02836468092426029,0.09038711442701755,0.0377535667842563,0.16868592799927143,0.013188971976131364,0.6467853535200233,0.4585858585858586,0.5367003367003367,0.4973737373737372,2
14,4,4,0.8698864914292948,0.8600906571430214,0.8708865669069183,0.05454284762213651,0.15102926934108837,0.05919782687223486,0.1279450026764118,0.01005364674293713,0.3431093931995999,0.46666666666666673,0.4222222222222222,0.41079365079365077,2
14,4,8,0.8698864914292948,0.8600906571430214,0.8708865669069183,0.05454284762213651,0.15102926934108837,0.05919782687223486,0.1279450026764118,0.01005364674293713,0.3431093931995999,0.46262626262626266,0.7333333333333334,0.48541828541828536,2
14,4,4,0.8033259946196789,0.7582078361673913,0.794772275053066,0.05832294681468978,0.13567898125549527,0.05927900854006605,0.09320976362778671,0.010314801362415582,0.33996791402233445,0.5555555555555556,0.4666666666666666,0.5034920634920633,2
14,4,8,0.8033259946196789,0.7582078361673913,0.794772275053066,0.05832294681468978,0.13567898125549527,0.05927900854006605,0.09320976362778671,0.010314801362415582,0.33996791402233445,0.6053872053872055,0.5272727272727272,0.5773737373737372,2
14,4,4,0.8530908902202698,0.7073909557299977,0.8529191872172569,0.18356406237677636,0.47512898483399907,0.19641630117789938,0.06396025542153676,0.005413514278373682,0.17562506321191249,0.41269841269841273,0.3142857142857142,0.5022222222222221,2
14,4,8,0.8530908902202698,0.7073909557299977,0.8529191872172569,0.18356406237677636,0.47512898483399907,0.19641630117789938,0.06396025542153676,0.005413514278373682,0.17562506321191249,0.5515151515151515,0.4646464646464646,0.7511111111111111,2
14,4,4,0.8183692742198218,0.7813374419659911,0.8165912118778434,0.07201485282229438,0.15679790718376124,0.0672882787794552,0.11436374320725404,0.008773656346144335,0.30328482398433476,0.37777777777777777,0.23809523809523805,0.44888888888888884,2
14,4,8,0.8183692742198218,0.7813374419659911,0.8165912118778434,0.07201485282229438,0.15679790718376124,0.0672882787794552,0.11436374320725404,0.008773656346144335,0.30328482398433476,0.5811447811447812,0.5535353535353535,0.5935353535353535,2
14,4,4,0.7785752594264025,0.7932535944071625,0.778063091939704,0.02184696675992045,0.061430718593881654,0.020309438718352637,0.1576212119802084,0.014805984538825924,0.5209773950826428,0.2698412698412698,0.3142857142857142,0.3663492063492063,3
14,4,8,0.7785752594264025,0.7932535944071625,0.778063091939704,0.02184696675992045,0.061430718593881654,0.020309438718352637,0.1576212119802084,0.014805984538825924,0.5209773950826428,0.5515151515151515,0.47878787878787876,0.564175084175084,3
14,4,4,0.8085904438666455,0.8095441141725871,0.8164957828261141,0.02295977711471219,0.06708884668205037,0.020924306343194865,0.14273666520303388,0.013469955344358261,0.5037550964747072,0.2825396825396825,0.37777777777777777,0.30095238095238097,3
14,4,8,0.8085904438666455,0.8095441141725871,0.8164957828261141,0.02295977711471219,0.06708884668205037,0.020924306343194865,0.14273666520303388,0.013469955344358261,0.5037550964747072,0.4212898212898213,0.5454545454545454,0.5278114478114476,3
14,4,4,0.8233832506151326,0.7513993883985489,0.8192571111327732,0.037885029950026426,0.08788118237598207,0.04005175816234714,0.12264587944380628,0.01230474476854462,0.3762476456668958,0.20317460317460315,0.21428571428571427,0.19555555555555557,3
14,4,8,0.8233832506151326,0.7513993883985489,0.8192571111327732,0.037885029950026426,0.08788118237598207,0.04005175816234714,0.12264587944380628,0.01230474476854462,0.3762476456668958,0.48282828282828283,0.4868686868686869,0.4196529396529396,3
14,4,4,0.8113793879211302,0.7916119507282365,0.8130125251064896,0.019255206110707475,0.06450685347307607,0.018513723604027935,0.14090198499894685,0.013301112756965779,0.5018521372726846,0.37777777777777777,0.3587301587301588,0.3631746031746032,3
14,4,8,0.8113793879211302,0.7916119507282365,0.8130125251064896,0.019255206110707475,0.06450685347307607,0.018513723604027935,0.14090198499894685,0.013301112756965779,0.5018521372726846,0.4922558922558922,0.503030303030303,0.5469360269360268,3
14,4,4,0.7759309947873322,0.7722855474403216,0.7779813278538628,0.024968146874459557,0.06938694002178512,0.02628568932471199,0.14519661281205132,0.013464547899921136,0.416549435374326,0.2698412698412698,0.5111111111111111,0.2914285714285714,3
14,4,8,0.7759309947873322,0.7722855474403216,0.7779813278538628,0.024968146874459557,0.06938694002178512,0.02628568932471199,0.14519661281205132,0.013464547899921136,0.416549435374326,0.46262626262626255,0.6363636363636364,0.5237710437710436,3
14,4,4,0.9249223712590031,0.870080269442965,0.9362657362304954,0.03194431141652949,0.2462595294034866,0.040793085054000346,0.12157467562794413,0.021120488388420573,0.5399901234317557,0.4444444444444444,0.3904761904761904,0.293968253968254,3
14,4,8,0.9249223712590031,0.870080269442965,0.9362657362304954,0.03194431141652949,0.2462595294034866,0.040793085054000346,0.12157467562794413,0.021120488388420573,0.5399901234317557,0.5515151515151515,0.6107744107744107,0.5215747215747215,3
14,4,4,0.8296234174865555,0.7993972336721689,0.8508781612856993,0.043115222654495904,0.13734063676515051,0.03553664746342635,0.11940601672591683,0.010598626985280765,0.3896160663494805,0.27777777777777773,0.42857142857142855,0.32126984126984126,3
14,4,8,0.8296234174865555,0.7993972336721689,0.8508781612856993,0.043115222654495904,0.13734063676515051,0.03553664746342635,0.11940601672591683,0.010598626985280765,0.3896160663494805,0.46262626262626266,0.5555555555555555,0.5692929292929292,3
14,4,4,0.8309356260315561,0.8231315195116989,0.8345868122787564,0.032336787024942096,0.07433620833505337,0.02847814376146456,0.13783961245696952,0.01281080592191877,0.3759417919894934,0.24603174603174602,0.4888888888888889,0.20507936507936506,3
14,4,8,0.8309356260315561,0.8231315195116989,0.8345868122787564,0.032336787024942096,0.07433620833505337,0.02847814376146456,0.13783961245696952,0.01281080592191877,0.3759417919894934,0.468013468013468,0.5663299663299664,0.4376379176379175,3
14,4,4,0.8583464674738749,0.8651454035393592,0.8583464674738749,0.030147454764842402,0.07904919120902495,0.026263395203112685,0.16205778594263512,0.014873799978507019,0.485442970662884,0.25079365079365074,0.3333333333333333,0.21269841269841272,4
14,4,8,0.8583464674738749,0.8651454035393592,0.8583464674738749,0.030147454764842402,0.07904919120902495,0.026263395203112685,0.16205778594263512,0.014873799978507019,0.485442970662884,0.5070707070707071,0.593939393939394,0.5240404040404039,4
14,4,4,0.8124545123582837,0.760130885376639,0.8138844962499018,0.03610375996484977,0.11625292884533324,0.04040050847377487,0.1343209215299224,0.012171748502002745,0.4317882495773488,0.23809523809523805,0.3333333333333333,0.28507936507936515,4
14,4,8,0.8124545123582837,0.760130885376639,0.8138844962499018,0.03610375996484977,0.11625292884533324,0.04040050847377487,0.1343209215299224,0.012171748502002745,0.4317882495773488,0.48282828282828283,0.6,0.5053509453509453,4
14,4,4,0.8153504854754196,0.8143907140053616,0.8042139468024857,0.02496202137787933,0.08867993277926817,0.023497086127066982,0.14306506984631043,0.016163436351530096,0.5223368420332515,0.5333333333333333,0.34603174603174597,0.27047619047619054,4
14,4,8,0.8153504854754196,0.8143907140053616,0.8042139468024857,0.02496202137787933,0.08867993277926817,0.023497086127066982,0.14306506984631043,0.016163436351530096,0.5223368420332515,0.5757575757575758,0.688888888888889,0.49494949494949475,4
14,4,4,0.7400056095265284,0.7429378116922771,0.760438016105359,0.03438338821091638,0.10028793857989524,0.03145190312305498,0.1182791147472436,0.012881209195532347,0.42739750639970886,0.40317460317460313,0.2698412698412698,0.28317460317460325,4
14,4,8,0.7400056095265284,0.7429378116922771,0.760438016105359,0.03438338821091638,0.10028793857989524,0.03145190312305498,0.1182791147472436,0.012881209195532347,0.42739750639970886,0.5313131313131313,0.4181818181818182,0.5558249158249157,4
14,4,4,0.7707805165273476,0.7590287790865816,0.7755880742218335,0.04628264030247607,0.10513513863198269,0.041251242284375475,0.11663794367051732,0.012603391767069583,0.3809665850898628,0.2587301587301587,0.3904761904761904,0.38412698412698404,4
14,4,8,0.7707805165273476,0.7590287790865816,0.7755880742218335,0.04628264030247607,0.10513513863198269,0.041251242284375475,0.11663794367051732,0.012603391767069583,0.3809665850898628,0.48282828282828283,0.5292929292929293,0.5218855218855217,4
14,4,4,0.8284909851048445,0.8393794405321764,0.8381735710084224,0.040435625527613366,0.10317112211047988,0.04180397481773801,0.11574545066287246,0.01388702318134117,0.41077573260242983,0.3349206349206349,0.2825396825396825,0.3441269841269841,4
14,4,8,0.8284909851048445,0.8393794405321764,0.8381735710084224,0.040435625527613366,0.10317112211047988,0.04180397481773801,0.11574545066287246,0.01388702318134117,0.41077573260242983,0.5164983164983165,0.45495985495985497,0.5268997668997667,4
14,4,4,0.7853273820549871,0.6884441196784201,0.7851266718578745,0.04067664323569173,0.12599406588305517,0.05414625296219345,0.10455327380564698,0.011407024329536478,0.3754308103221196,0.3349206349206349,0.3904761904761904,0.33904761904761904,4
14,4,8,0.7853273820549871,0.6884441196784201,0.7851266718578745,0.04067664323569173,0.12599406588305517,0.05414625296219345,0.10455327380564698,0.011407024329536478,0.3754308103221196,0.4181818181818182,0.5313131313131313,0.4965656565656564,4
14,4,4,0.8029515580135969,0.8198938562171542,0.8097809102077188,0.03776877890633053,0.09327657916364973,0.031141613166356878,0.14719644257312237,0.013438881342528408,0.5216592529774715,0.18253968253968253,0.326984126984127,0.25460317460317455,4
14,4,8,0.8029515580135969,0.8198938562171542,0.8097809102077188,0.03776877890633053,0.09327657916364973,0.031141613166356878,0.14719644257312237,0.013438881342528408,0.5216592529774715,0.48282828282828283,0.4792022792022792,0.4728619528619527,4
14,4,4,0.8790143439839606,0.9180599723824745,0.8509157132342072,0.04212275032103265,0.08799080980524784,0.048495873506480616,0.11512209334730111,0.011168100951685973,0.475796959646401,0.3142857142857142,0.34603174603174597,0.5365079365079365,5
14,4,8,0.8790143439839606,0.9180599723824745,0.8509157132342072,0.04212275032103265,0.08799080980524784,0.048495873506480616,0.11512209334730111,0.011168100951685973,0.475796959646401,0.5272727272727272,0.48282828282828283,0.498181818181818,5
14,4,4,0.8274300297611132,0.8390781826961733,0.8256439249261875,0.0341828286872038,0.09006704476235253,0.03697046188419425,0.10088227496722331,0.010048219439832322,0.35878447117786116,0.30158730158730157,0.22698412698412695,0.4095238095238095,5
14,4,8,0.8274300297611132,0.8390781826961733,0.8256439249261875,0.0341828286872038,0.09006704476235253,0.03697046188419425,0.10088227496722331,0.010048219439832322,0.35878447117786116,0.7481481481481481,0.5569023569023569,0.5477441077441075,5
14,4,4,0.8207772599693554,0.7845696347244817,0.8222581455015174,0.05173541182306846,0.10350295778623447,0.05006793412881458,0.0747280727084317,0.009396784934621186,0.21031458753546028,0.1952380952380952,0.20317460317460315,0.3187301587301588,5
14,4,8,0.8207772599693554,0.7845696347244817,0.8222581455015174,0.05173541182306846,0.10350295778623447,0.05006793412881458,0.0747280727084317,0.009396784934621186,0.21031458753546028,0.503030303030303,0.4455322455322455,0.5523232323232321,5
14,4,4,0.7983432983458475,0.7811684304289644,0.8031192812526103,0.05648913093899057,0.10414503646980454,0.05282682300509464,0.10216712233145295,0.00966656153220871,0.32425786767931786,0.5111111111111112,0.1714285714285714,0.36698412698412697,5
14,4,8,0.7983432983458475,0.7811684304289644,0.8031192812526103,0.05648913093899057,0.10414503646980454,0.05282682300509464,0.10216712233145295,0.00966656153220871,0.32425786767931786,0.5084175084175084,0.42533022533022535,0.5498989898989898,5
14,4,4,0.7824682604093944,0.6866033067335396,0.7927357875118869,0.10598518689476782,0.26765881464213015,0.16771706698442643,0.05716683725414085,0.005838165911671652,0.1401801141167279,0.5333333333333333,0.29047619047619044,0.4488888888888888,5
14,4,8,0.7824682604093944,0.6866033067335396,0.7927357875118869,0.10598518689476782,0.26765881464213015,0.16771706698442643,0.05716683725414085,0.005838165911671652,0.1401801141167279,0.5865319865319866,0.4424242424242424,0.6234343434343435,5
14,4,4,0.7574957576513894,0.8061130118542223,0.7879591405418365,0.0799952844058695,0.18895203133902405,0.08236198345185565,0.07138660695114647,0.008535156852830983,0.2792360098140536,0.5555555555555556,0.35873015873015873,0.3714285714285715,5
14,4,8,0.7574957576513894,0.8061130118542223,0.7879591405418365,0.0799952844058695,0.18895203133902405,0.08236198345185565,0.07138660695114647,0.008535156852830983,0.2792360098140536,0.503030303030303,0.41414141414141414,0.6032323232323231,5
14,4,4,0.7844446588941809,0.7641690136606727,0.7868720946362039,0.057881531194827876,0.12134616116761998,0.058396789747445436,0.06994890047220964,0.009608650016037966,0.24855723911072106,0.34920634920634913,0.38888888888888884,0.3784126984126983,5
14,4,8,0.7844446588941809,0.7641690136606727,0.7868720946362039,0.057881531194827876,0.12134616116761998,0.058396789747445436,0.06994890047220964,0.009608650016037966,0.24855723911072106,0.5569023569023569,0.34358974358974365,0.47114219114219097,5
14,4,4,0.7211203499694467,0.6531527103763061,0.7651431421110199,0.15676085938192,0.30140253783224674,0.20852207779592632,0.04893960173420461,0.005861781416741438,0.15027689429123797,0.5333333333333333,0.35873015873015873,0.5073015873015873,5
14,4,8,0.7211203499694467,0.6531527103763061,0.7651431421110199,0.15676085938192,0.30140253783224674,0.20852207779592632,0.04893960173420461,0.005861781416741438,0.15027689429123797,0.5164983164983165,0.48282828282828283,0.4610101010101008,5
14,4,4,0.8121350239049755,0.7229598023757158,0.8130720247095315,0.05263906208227425,0.15390865851914254,0.056425470895520136,0.07881347638638517,0.011413652205671858,0.28025149595561316,0.3904761904761904,0.24603174603174602,0.28317460317460325,6
14,4,8,0.8121350239049755,0.7229598023757158,0.8130720247095315,0.05263906208227425,0.15390865851914254,0.056425470895520136,0.07881347638638517,0.011413652205671858,0.28025149595561316,0.5811447811447811,0.4455322455322455,0.63988603988604,6
14,4,4,0.8130926259496614,0.7739345953702391,0.7938755353713827,0.04021163076088731,0.11447668563302704,0.04038618051972713,0.09635104283394684,0.013553688380196391,0.3881398896308998,0.21428571428571427,0.2825396825396825,0.379047619047619,6
14,4,8,0.8130926259496614,0.7739345953702391,0.7938755353713827,0.04021163076088731,0.11447668563302704,0.04038618051972713,0.09635104283394684,0.013553688380196391,0.3881398896308998,0.5272727272727272,0.41414141414141414,0.5773737373737372,6
14,4,4,0.7985048427199856,0.7836230025788118,0.8029907843766393,0.04131411571496375,0.10349540157070415,0.04988069690966462,0.09987365628851344,0.014384306690662025,0.3919170920174758,0.4666666666666666,0.29523809523809524,0.4196825396825396,6
14,4,8,0.7985048427199856,0.7836230025788118,0.8029907843766393,0.04131411571496375,0.10349540157070415,0.04988069690966462,0.09987365628851344,0.014384306690662025,0.3919170920174758,0.6053872053872055,0.48282828282828283,0.6449831649831651,6
14,4,4,0.7954043524657475,0.7704144520791422,0.7829931265636269,0.05602044090795137,0.1630618997964991,0.04534737531412194,0.08834399865345915,0.010891782551262507,0.3832500289790859,0.2698412698412698,0.3460317460317461,0.39809523809523806,6
14,4,8,0.7954043524657475,0.7704144520791422,0.7829931265636269,0.05602044090795137,0.1630618997964991,0.04534737531412194,0.08834399865345915,0.010891782551262507,0.3832500289790859,0.503030303030303,0.5515151515151515,0.526195286195286,6
14,4,4,0.676785069493986,0.671229833839198,0.6795457459379014,0.18001662700150442,0.21456518928875562,0.170481462150854,0.06437377805809825,0.006927313218039124,0.20510074766748096,0.34761904761904755,0.34920634920634913,0.4819047619047619,6
14,4,8,0.676785069493986,0.671229833839198,0.6795457459379014,0.18001662700150442,0.21456518928875562,0.170481462150854,0.06437377805809825,0.006927313218039124,0.20510074766748096,0.5164983164983165,0.4455322455322455,0.5789898989898988,6
14,4,4,0.7981316479830416,0.8046292936393172,0.8108073247548461,0.05312639771484558,0.10222303733517982,0.04471492101201969,0.07941486089223838,0.011676605495399705,0.3276720965412805,0.5015873015873017,0.37142857142857144,0.671111111111111,6
14,4,8,0.7981316479830416,0.8046292936393172,0.8108073247548461,0.05312639771484558,0.10222303733517982,0.04471492101201969,0.07941486089223838,0.011676605495399705,0.3276720965412805,0.6774410774410774,0.5111111111111111,0.6487542087542087,6
14,4,4,0.722344435989651,0.6995143302172258,0.7268635128232612,0.04227460186090873,0.09511994492302733,0.04058062259844207,0.11139128943307465,0.012518379691928778,0.34979980585584275,0.24761904761904763,0.2587301587301587,0.23555555555555555,6
14,4,8,0.722344435989651,0.6995143302172258,0.7268635128232612,0.04227460186090873,0.09511994492302733,0.04058062259844207,0.11139128943307465,0.012518379691928778,0.34979980585584275,0.6646464646464646,0.40611980611980614,0.5057239057239056,6
14,4,4,0.8073748477534526,0.7980158992765257,0.7978751388945821,0.06509791002543454,0.11524069577169746,0.05811858500115681,0.10371062070640827,0.00991083819322942,0.3271613912609962,0.34603174603174597,0.4698412698412699,0.41460317460317453,6
14,4,8,0.8073748477534526,0.7980158992765257,0.7978751388945821,0.06509791002543454,0.11524069577169746,0.05811858500115681,0.10371062070640827,0.00991083819322942,0.3271613912609962,0.6107744107744107,0.4751618751618752,0.5752188552188551,6
14,4,4,0.982282386323195,0.864117908405043,0.982282386323195,0.20135287351138656,0.8072209350049463,0.1668535002918918,0.06487936633372453,0.012861979831877417,0.22816329315537,0.17936507936507937,0.42857142857142855,0.31047619047619046,7
14,4,8,0.982282386323195,0.864117908405043,0.982282386323195,0.20135287351138656,0.8072209350049463,0.1668535002918918,0.06487936633372453,0.012861979831877417,0.22816329315537,0.4922558922558922,0.46262626262626255,0.5609427609427607,7
14,4,4,0.8556713737413502,0.8184535208380035,0.8488587642091386,0.03153540325264928,0.10006231408392281,0.02811572227708193,0.14195690889431864,0.013428787883569217,0.4384213834937809,0.25079365079365074,0.5555555555555555,0.37142857142857133,7
14,4,8,0.8556713737413502,0.8184535208380035,0.8488587642091386,0.03153540325264928,0.10006231408392281,0.02811572227708193,0.14195690889431864,0.013428787883569217,0.4384213834937809,0.3808857808857809,0.5555555555555555,0.4739393939393938,7
14,4,4,0.8756920753203293,0.8490984234190996,0.8666607614519668,0.028759452803383233,0.09949872477060037,0.029684107344698566,0.14924445392410274,0.014282768069793318,0.5075625582547607,0.34920634920634913,0.42857142857142855,0.35682539682539677,7
14,4,8,0.8756920753203293,0.8490984234190996,0.8666607614519668,0.028759452803383233,0.09949872477060037,0.029684107344698566,0.14924445392410274,0.014282768069793318,0.5075625582547607,0.4383838383838384,0.8518518518518517,0.4884848484848483,7
14,4,4,0.7888882525719614,0.8218719829554182,0.792861927118851,0.08485816923565591,0.15399073870065602,0.08039339430047009,0.1194330611429827,0.011266220275139814,0.3282584494294261,0.3174603174603174,0.32539682539682535,0.6,7
14,4,8,0.7888882525719614,0.8218719829554182,0.792861927118851,0.08485816923565591,0.15399073870065602,0.08039339430047009,0.1194330611429827,0.011266220275139814,0.3282584494294261,0.5326599326599327,0.5193473193473194,0.598922558922559,7
14,4,4,0.9050254340408949,0.7023554851077912,0.898915897908686,0.15245853756306524,0.5400442632199702,0.1693639618650752,0.08761644341364058,0.008958760484200867,0.3012236291478515,0.38095238095238093,0.35873015873015873,0.4273015873015872,7
14,4,8,0.9050254340408949,0.7023554851077912,0.898915897908686,0.15245853756306524,0.5400442632199702,0.1693639618650752,0.08761644341364058,0.008958760484200867,0.3012236291478515,0.4105154105154105,0.5555555555555555,0.4455529655529655,7
14,4,4,0.7514153582721913,0.7231357692553164,0.7369403406705906,0.07473723170535729,0.19659233276507024,0.06766114188636523,0.10226204091526579,0.00885182953759907,0.2803503823439942,0.3904761904761905,0.2825396825396825,0.2622222222222222,7
14,4,8,0.7514153582721913,0.7231357692553164,0.7369403406705906,0.07473723170535729,0.19659233276507024,0.06766114188636523,0.10226204091526579,0.00885182953759907,0.2803503823439942,0.48282828282828283,0.5993265993265994,0.47447811447811433,7
14,4,4,0.7832479050411477,0.822168757468558,0.7907028919949207,0.03075656581625576,0.07863088654692517,0.026373990652256464,0.16159611884128858,0.012810237211839066,0.44721969913722687,0.2507936507936508,0.28253968253968254,0.4780952380952381,7
14,4,8,0.7832479050411477,0.822168757468558,0.7907028919949207,0.03075656581625576,0.07863088654692517,0.026373990652256464,0.16159611884128858,0.012810237211839066,0.44721969913722687,0.4585858585858586,0.5292929292929293,0.6040404040404039,7
14,4,4,0.8948733901130016,0.7464799894451545,0.8883477195157958,0.07190271708062805,0.2817275457528556,0.0724698095638791,0.11913219728062194,0.010890572391604491,0.5433803016167932,0.25079365079365074,0.46666666666666673,0.36571428571428566,7
14,4,8,0.8948733901130016,0.7464799894451545,0.8883477195157958,0.07190271708062805,0.2817275457528556,0.0724698095638791,0.11913219728062194,0.010890572391604491,0.5433803016167932,0.5569023569023569,0.5164983164983165,0.45649313649313644,7
14,4,4,0.8389495701244488,0.8009331044574974,0.8510672493252932,0.02230859269756126,0.09105702489973652,0.023591784721042973,0.14906337289889246,0.015866634415066676,0.6772440937966794,0.1952380952380952,0.2825396825396825,0.18285714285714283,8
14,4,8,0.8389495701244488,0.8009331044574974,0.8510672493252932,0.02230859269756126,0.09105702489973652,0.023591784721042973,0.14906337289889246,0.015866634415066676,0.6772440937966794,0.4585858585858586,0.5124579124579124,0.48848484848484836,8
14,4,4,0.8139844264925256,0.7123868569111075,0.821363092181854,0.04795327791040566,0.2114521560657503,0.060328907812742145,0.11341298212976406,0.009738073410193978,0.3485578317619766,0.28253968253968254,0.43492063492063493,0.35555555555555557,8
14,4,8,0.8139844264925256,0.7123868569111075,0.821363092181854,0.04795327791040566,0.2114521560657503,0.060328907812742145,0.11341298212976406,0.009738073410193978,0.3485578317619766,0.4424242424242424,0.5865319865319866,0.5776430976430975,8
14,4,4,0.7805267927048904,0.7483955298253827,0.7963203966613223,0.040525228096185674,0.16255924665191118,0.04538732830694142,0.08772713224634236,0.013684106048868633,0.4074138248122892,0.2698412698412698,0.4380952380952381,0.39301587301587293,8
14,4,8,0.7805267927048904,0.7483955298253827,0.7963203966613223,0.040525228096185674,0.16255924665191118,0.04538732830694142,0.08772713224634236,0.013684106048868633,0.4074138248122892,0.4383838383838384,0.5851851851851851,0.5849158249158248,8
14,4,4,0.8911668381935264,0.8192821196151474,0.8872743898053268,0.040309359234289896,0.11462127272493534,0.03827486202983259,0.12244500192634336,0.013874503778576585,0.4177605033600644,0.21428571428571427,0.43492063492063493,0.24825396825396825,8
14,4,8,0.8911668381935264,0.8192821196151474,0.8872743898053268,0.040309359234289896,0.11462127272493534,0.03827486202983259,0.12244500192634336,0.013874503778576585,0.4177605033600644,0.4383838383838384,0.5070707070707071,0.5003367003367002,8
14,4,4,0.8349984564446106,0.7578575329558668,0.8371350804671647,0.03658185795180097,0.1830247390601122,0.049707052893421956,0.09833259178553946,0.012405625718359731,0.42074244168902647,0.2031746031746032,0.5333333333333333,0.2673015873015873,8
14,4,8,0.8349984564446106,0.7578575329558668,0.8371350804671647,0.03658185795180097,0.1830247390601122,0.049707052893421956,0.09833259178553946,0.012405625718359731,0.42074244168902647,0.3637917637917638,0.5164983164983165,0.43763791763791754,8
14,4,4,0.719162345408993,0.6875551610051248,0.7306363013214938,0.03462992954517776,0.14074961334985298,0.03650811932794654,0.09363626105636248,0.014560934837139161,0.3932752712187042,0.2698412698412698,0.35873015873015873,0.31047619047619046,8
14,4,8,0.719162345408993,0.6875551610051248,0.7306363013214938,0.03462992954517776,0.14074961334985298,0.03650811932794654,0.09363626105636248,0.014560934837139161,0.3932752712187042,0.5367003367003367,0.5367003367003367,0.6129292929292929,8
14,4,4,0.8789785715028987,0.7515168803930307,0.8730072553255415,0.07975178560889731,0.5528896499685438,0.11360015724111044,0.08164759386552209,0.008505513334065929,0.28297919032672775,0.34603174603174597,0.34603174603174597,0.34412698412698417,8
14,4,8,0.8789785715028987,0.7515168803930307,0.8730072553255415,0.07975178560889731,0.5528896499685438,0.11360015724111044,0.08164759386552209,0.008505513334065929,0.28297919032672775,0.42533022533022535,0.5070707070707071,0.5692929292929292,8
14,4,4,0.8914714327420001,0.8206092572724532,0.9034591635226651,0.03585441972384784,0.13910845218768061,0.03686768127104022,0.14951329251869047,0.011097441162571527,0.4699932923966946,0.3349206349206349,0.35873015873015873,0.29777777777777775,8
14,4,8,0.8914714327420001,0.8206092572724532,0.9034591635226651,0.03585441972384784,0.13910845218768061,0.03686768127104022,0.14951329251869047,0.011097441162571527,0.4699932923966946,0.44242424242424244,0.5905723905723906,0.4007977207977208,8
14,4,4,0.8317285839609602,0.8580729053532602,0.8538466003069664,0.03315554951298757,0.06705363129074562,0.03627172510865318,0.16054268224077656,0.013091465241798444,0.5196957911969414,0.43492063492063493,0.4444444444444444,0.3663492063492063,9
14,4,8,0.8317285839609602,0.8580729053532602,0.8538466003069664,0.03315554951298757,0.06705363129074562,0.03627172510865318,0.16054268224077656,0.013091465241798444,0.5196957911969414,0.5084175084175083,0.4276094276094276,0.5385858585858584,9
14,4,4,0.871381250900548,0.8742794890350899,0.8705980777551242,0.03931350295683097,0.1056635390104713,0.035042109641924404,0.149475262867832,0.012747618703380332,0.4655802154218056,0.3142857142857142,0.38095238095238093,0.4946031746031745,9
14,4,8,0.871381250900548,0.8742794890350899,0.8705980777551242,0.03931350295683097,0.1056635390104713,0.035042109641924404,0.149475262867832,0.012747618703380332,0.4655802154218056,0.39393939393939387,0.40823620823620826,0.6280134680134679,9
14,4,4,0.7774201224889355,0.7992580808062303,0.7815026263189437,0.046923811675126416,0.11408193949750209,0.047502040887356003,0.12800957880986577,0.012092310569833427,0.4370302437247348,0.5333333333333333,0.3460317460317461,0.4196825396825396,9
14,4,8,0.7774201224889355,0.7992580808062303,0.7815026263189437,0.046923811675126416,0.11408193949750209,0.047502040887356003,0.12800957880986577,0.012092310569833427,0.4370302437247348,0.4828282828282828,0.5811447811447811,0.561212121212121,9
14,4,4,0.7659778989124036,0.7255056557468792,0.772875472926005,0.09013915641954394,0.23302720454078987,0.10536287247024204,0.09433119339282688,0.007890150962181909,0.25596461197279774,0.3904761904761905,0.3904761904761905,0.5377777777777777,9
14,4,8,0.7659778989124036,0.7255056557468792,0.772875472926005,0.09013915641954394,0.23302720454078987,0.10536287247024204,0.09433119339282688,0.007890150962181909,0.25596461197279774,0.6646464646464646,0.46801346801346805,0.6665319865319863,9
14,4,4,0.8584699874260235,0.8296898565766805,0.8679724723622718,0.01685639833103375,0.06465521378416263,0.015978227751827254,0.14889269658709264,0.018075885760917867,0.5635509654359065,0.41269841269841273,0.46666666666666673,0.48444444444444434,9
14,4,8,0.8584699874260235,0.8296898565766805,0.8679724723622718,0.01685639833103375,0.06465521378416263,0.015978227751827254,0.14889269658709264,0.018075885760917867,0.5635509654359065,0.5569023569023569,0.6296296296296297,0.5267340067340066,9
14,4,4,0.8382416032014786,0.8480004433759093,0.8356163948732961,0.022631033403741466,0.0880012850516846,0.023377381475310308,0.16064039366603203,0.012648239046385854,0.47559492756658234,0.4126984126984126,0.34920634920634913,0.4019047619047618,9
14,4,8,0.8382416032014786,0.8480004433759093,0.8356163948732961,0.022631033403741466,0.0880012850516846,0.023377381475310308,0.16064039366603203,0.012648239046385854,0.47559492756658234,0.393939393939394,0.47920227920227926,0.5493602693602693,9
14,4,4,0.8027184751236195,0.8301617618348751,0.8372141228606548,0.026906120147608088,0.0991337611331861,0.03841730621625348,0.13611624879371145,0.013567943971126943,0.6123765365645865,0.3904761904761905,0.43492063492063493,0.4742857142857143,9
14,4,8,0.8027184751236195,0.8301617618348751,0.8372141228606548,0.026906120147608088,0.0991337611331861,0.03841730621625348,0.13611624879371145,0.013567943971126943,0.6123765365645865,0.5070707070707071,0.4383838383838384,0.49387205387205374,9
14,4,4,0.8509501445086793,0.8290520838257638,0.8388064547707343,0.02930174284709446,0.13139871814993895,0.034763676446213934,0.13522283712505276,0.014749104266256812,0.580956631684396,0.2825396825396825,0.24603174603174602,0.3777777777777778,9
14,4,8,0.8509501445086793,0.8290520838257638,0.8388064547707343,0.02930174284709446,0.13139871814993895,0.034763676446213934,0.13522283712505276,0.014749104266256812,0.580956631684396,0.5124579124579124,0.45454545454545453,0.4712457912457911,9
14,4,4,0.7390010200514013,0.7421091427578624,0.7558155775176219,0.09598327751739223,0.170210458451603,0.0922913875851102,0.0881073148151041,0.008555486990343426,0.27617959940449405,0.23809523809523805,0.12698412698412698,0.379047619047619,10
14,4,8,0.7390010200514013,0.7421091427578624,0.7558155775176219,0.09598327751739223,0.170210458451603,0.0922913875851102,0.0881073148151041,0.008555486990343426,0.27617959940449405,0.5569023569023569,0.4181818181818182,0.5760269360269359,10
14,4,4,0.8648367906095135,0.7875116613640266,0.8631861198796421,0.039228586244469135,0.12073655497011132,0.03538811777933852,0.11964171837527511,0.013634130423766455,0.43071260081722357,0.43492063492063493,0.3142857142857142,0.44507936507936496,10
14,4,8,0.8648367906095135,0.7875116613640266,0.8631861198796421,0.039228586244469135,0.12073655497011132,0.03538811777933852,0.11964171837527511,0.013634130423766455,0.43071260081722357,0.503030303030303,0.4383838383838384,0.5372390572390571,10
14,4,4,0.764932241090055,0.6777728742778529,0.7441699342709214,0.13281077277900835,0.30348918070143777,0.12357237971306144,0.07864999823546114,0.006232032237136337,0.2318412275644541,0.3333333333333333,0.34603174603174597,0.525079365079365,10
14,4,8,0.764932241090055,0.6777728742778529,0.7441699342709214,0.13281077277900835,0.30348918070143777,0.12357237971306144,0.07864999823546114,0.006232032237136337,0.2318412275644541,0.5811447811447812,0.5757575757575758,0.609158249158249,10
14,4,4,0.745137621798791,0.790338312571265,0.7532442900906997,0.04676886240699975,0.12433429140589788,0.04320345148013043,0.1011625523295863,0.011974979823671218,0.3725428219707538,0.15079365079365079,0.22698412698412695,0.2755555555555555,10
14,4,8,0.745137621798791,0.790338312571265,0.7532442900906997,0.04676886240699975,0.12433429140589788,0.04320345148013043,0.1011625523295863,0.011974979823671218,0.3725428219707538,0.5070707070707071,0.44149184149184145,0.6301683501683502,10
14,4,4,0.7018579936092321,0.689237397078799,0.7153364279045412,0.1506089407624144,0.22291200866632047,0.14166401327390393,0.0671601404875353,0.006069174853246969,0.2114054714528278,0.4253968253968254,0.2825396825396825,0.3568253968253968,10
14,4,8,0.7018579936092321,0.689237397078799,0.7153364279045412,0.1506089407624144,0.22291200866632047,0.14166401327390393,0.0671601404875353,0.006069174853246969,0.2114054714528278,0.6888888888888888,0.5569023569023569,0.6420202020202019,10
14,4,4,0.8546353317478472,0.7280806215775627,0.8472849600723887,0.044670584102584746,0.30323866426264456,0.0461618135062482,0.08782916251714967,0.013281554470047712,0.38580039827183704,0.3222222222222222,0.22698412698412695,0.3371428571428571,10
14,4,8,0.8546353317478472,0.7280806215775627,0.8472849600723887,0.044670584102584746,0.30323866426264456,0.0461618135062482,0.08782916251714967,0.013281554470047712,0.38580039827183704,0.6053872053872054,0.38088578088578084,0.46262626262626244,10
14,4,4,0.7659767557590127,0.7691127057211296,0.774744742213396,0.03930089253392256,0.1099848350232821,0.038200314378637766,0.1131423182415636,0.011733367164427915,0.39233717966623094,0.2063492063492063,0.15873015873015872,0.33142857142857135,10
14,4,8,0.7659767557590127,0.7691127057211296,0.774744742213396,0.03930089253392256,0.1099848350232821,0.038200314378637766,0.1131423182415636,0.011733367164427915,0.39233717966623094,0.48282828282828283,0.4378658378658378,0.5418181818181816,10
14,4,4,0.8356855848665642,0.7688213453479689,0.834240402871711,0.04034128434836648,0.20329070224693274,0.0398959615800904,0.09900121383946453,0.01283472434946036,0.46401869590479594,0.34920634920634913,0.22698412698412698,0.3104761904761905,10
14,4,8,0.8356855848665642,0.7688213453479689,0.834240402871711,0.04034128434836648,0.20329070224693274,0.0398959615800904,0.09900121383946453,0.01283472434946036,0.46401869590479594,0.5313131313131313,0.48282828282828283,0.5003367003367002,10
14,4,4,0.8288438247576033,0.8275216676099748,0.8342496852416698,0.023331489443314802,0.09124237052121999,0.03029252412331194,0.10430732558464596,0.012546499786602655,0.44978920095570524,0.2904761904761905,0.28571428571428564,0.3358730158730159,11
14,4,8,0.8288438247576033,0.8275216676099748,0.8342496852416698,0.023331489443314802,0.09124237052121999,0.03029252412331194,0.10430732558464596,0.012546499786602655,0.44978920095570524,0.5272727272727272,0.7185185185185184,0.49494949494949475,11
14,4,4,0.827375885787941,0.853504867960416,0.8323544610889649,0.027202263170079143,0.06401372519010548,0.029095605161880544,0.12237909007072893,0.01291917671979074,0.4496276873724869,0.4222222222222223,0.2793650793650793,0.25777777777777783,11
14,4,8,0.827375885787941,0.853504867960416,0.8323544610889649,0.027202263170079143,0.06401372519010548,0.029095605161880544,0.12237909007072893,0.01291917671979074,0.4496276873724869,0.6888888888888888,0.5811447811447812,0.5477441077441075,11
14,4,4,0.8073290543439391,0.832968770531942,0.8259270237708349,0.016057341286834413,0.05173440612733604,0.015165683677536755,0.16553873400473376,0.013675618093162454,0.43690729538368495,0.34603174603174597,0.5111111111111111,0.40571428571428564,11
14,4,8,0.8073290543439391,0.832968770531942,0.8259270237708349,0.016057341286834413,0.05173440612733604,0.015165683677536755,0.16553873400473376,0.013675618093162454,0.43690729538368495,0.5367003367003367,0.521885521885522,0.5372390572390571,11
14,4,4,0.8551216507874265,0.8686669604205016,0.8543792761356814,0.025714948606633023,0.062209211334906665,0.02857021413737142,0.1298938848707583,0.01272227481207659,0.40379738873580506,0.5015873015873016,0.5333333333333333,0.3784126984126983,11
14,4,8,0.8551216507874265,0.8686669604205016,0.8543792761356814,0.025714948606633023,0.062209211334906665,0.02857021413737142,0.1298938848707583,0.01272227481207659,0.40379738873580506,0.5313131313131313,0.5272727272727272,0.5069671069671068,11
14,4,4,0.8662531981503212,0.8306766918960328,0.8583961402668498,0.038342130996858445,0.08099935244877852,0.03329717105424586,0.11038877855565894,0.012361432238233007,0.3546779566994954,0.5777777777777778,0.5333333333333333,0.5377777777777778,11
14,4,8,0.8662531981503212,0.8306766918960328,0.8583961402668498,0.038342130996858445,0.08099935244877852,0.03329717105424586,0.11038877855565894,0.012361432238233007,0.3546779566994954,0.5865319865319866,0.6531986531986531,0.5493602693602693,11
14,4,4,0.8263211222127704,0.8510775025769928,0.8291578733135225,0.031053649803096595,0.06295432602468272,0.027814824653991585,0.12591009901531647,0.012310082384189432,0.3727906404117964,0.6222222222222222,0.27777777777777773,0.32317460317460317,11
14,4,8,0.8263211222127704,0.8510775025769928,0.8291578733135225,0.031053649803096595,0.06295432602468272,0.027814824653991585,0.12591009901531647,0.012310082384189432,0.3727906404117964,0.5811447811447812,0.5454545454545454,0.5283501683501682,11
14,4,4,0.858745948651025,0.849197555205477,0.8594705802986339,0.03953778174400466,0.08014810900956844,0.029294918506032497,0.11817936603930836,0.01265697217916121,0.3522849771343616,0.6666666666666666,0.4444444444444445,0.3834920634920635,11
14,4,8,0.858745948651025,0.849197555205477,0.8594705802986339,0.03953778174400466,0.08014810900956844,0.029294918506032497,0.11817936603930836,0.01265697217916121,0.3522849771343616,0.5569023569023569,0.5454545454545454,0.5824915824915825,11
14,4,4,0.8417785917773833,0.850158877889335,0.860928553588642,0.02499912546478231,0.06947896800127722,0.021869145280206753,0.11834631808604533,0.012094785379077128,0.450204793425262,0.2587301587301587,0.2507936507936508,0.2653968253968254,11
14,4,8,0.8417785917773833,0.850158877889335,0.860928553588642,0.02499912546478231,0.06947896800127722,0.021869145280206753,0.11834631808604533,0.012094785379077128,0.450204793425262,0.635016835016835,0.47878787878787876,0.45703185703185684,11
14,4,4,0.8502229770176049,0.8307295420630714,0.8587939653134272,0.03183571280986979,0.07885876871792932,0.031325363025366815,0.10887363085407059,0.011296481754590063,0.3127223438540499,0.3142857142857143,0.24603174603174602,0.2653968253968254,12
14,4,8,0.8502229770176049,0.8307295420630714,0.8587939653134272,0.03183571280986979,0.07885876871792932,0.031325363025366815,0.10887363085407059,0.011296481754590063,0.3127223438540499,0.560942760942761,0.4212898212898213,0.5218855218855217,12
14,4,4,0.7973784918754007,0.8132927583113183,0.7927935251929776,0.02301300452844349,0.05351039356379865,0.022687611315357768,0.11472994067864856,0.011860181336895457,0.28831185756370314,0.2587301587301587,1.0,0.24825396825396828,12
14,4,8,0.7973784918754007,0.8132927583113183,0.7927935251929776,0.02301300452844349,0.05351039356379865,0.022687611315357768,0.11472994067864856,0.011860181336895457,0.28831185756370314,0.5088319088319089,1.0,0.4358559958559957,12
14,4,4,0.7948893893603024,0.7891807689398556,0.7982431456904975,0.04813878257133174,0.1304569125661621,0.04382658953361801,0.08136956338040349,0.008344315234775794,0.21239689463824607,0.3333333333333333,0.7333333333333334,0.3892063492063491,12
14,4,8,0.7948893893603024,0.7891807689398556,0.7982431456904975,0.04813878257133174,0.1304569125661621,0.04382658953361801,0.08136956338040349,0.008344315234775794,0.21239689463824607,0.6888888888888888,0.6363636363636364,0.5315824915824915,12
14,4,4,0.8230386989540841,0.8069662700918072,0.8080975820733198,0.0351363676749523,0.12497352974507657,0.037401114828868764,0.08829681444047248,0.011924732790416918,0.3931489896895731,0.5555555555555556,0.6666666666666666,0.4146031746031745,12
14,4,8,0.8230386989540841,0.8069662700918072,0.8080975820733198,0.0351363676749523,0.12497352974507657,0.037401114828868764,0.08829681444047248,0.011924732790416918,0.3931489896895731,0.6107744107744107,0.5515151515151515,0.5655218855218854,12
14,4,4,0.7379320847147331,0.7261909298728432,0.7440483214778673,0.04777613556317889,0.14274524770649966,0.051962644259530025,0.07187148920990145,0.009896394624690651,0.26906006910842817,0.3904761904761905,0.3142857142857142,0.32126984126984126,12
14,4,8,0.7379320847147331,0.7261909298728432,0.7440483214778673,0.04777613556317889,0.14274524770649966,0.051962644259530025,0.07187148920990145,0.009896394624690651,0.26906006910842817,0.5016835016835017,0.6053872053872054,0.5089562289562288,12
14,4,4,0.8230825492138082,0.7833208719352106,0.8228596386214422,0.02041571227252603,0.08516679218831463,0.018108837082227665,0.1205328230559953,0.015160702670260278,0.5378484592113658,0.3904761904761905,0.6222222222222222,0.3142857142857142,12
14,4,8,0.8230825492138082,0.7833208719352106,0.8228596386214422,0.02041571227252603,0.08516679218831463,0.018108837082227665,0.1205328230559953,0.015160702670260278,0.5378484592113658,0.48282828282828283,0.4868686868686869,0.46909090909090895,12
14,4,4,0.7867007630877431,0.7690373458016205,0.7838874359513217,0.03193561793959369,0.0774599160167479,0.030123709115168176,0.10165629053757752,0.009568162536176952,0.283603160266999,0.24603174603174602,0.2619047619047619,0.34857142857142853,12
14,4,8,0.7867007630877431,0.7690373458016205,0.7838874359513217,0.03193561793959369,0.0774599160167479,0.030123709115168176,0.10165629053757752,0.009568162536176952,0.283603160266999,0.4455322455322455,0.5737373737373738,0.5024915824915823,12
14,4,4,0.8226840573088734,0.8167763962676492,0.8163119627938048,0.029863280243385498,0.09146608093677139,0.028622884228979545,0.10255688202007494,0.012083491636696652,0.3974895954038017,0.4222222222222222,0.4222222222222223,0.44888888888888884,12
14,4,8,0.8226840573088734,0.8167763962676492,0.8163119627938048,0.029863280243385498,0.09146608093677139,0.028622884228979545,0.10255688202007494,0.012083491636696652,0.3974895954038017,0.5757575757575758,0.5272727272727272,0.5827609427609427,12
14,4,4,0.802111358608027,0.7787288625307511,0.8155395888100997,0.028747291060492564,0.1012819790413397,0.026430621035809374,0.14585326409132005,0.011809890047173682,0.5544168635222545,0.25079365079365074,0.32698412698412693,0.3441269841269841,13
14,4,8,0.802111358608027,0.7787288625307511,0.8155395888100997,0.028747291060492564,0.1012819790413397,0.026430621035809374,0.14585326409132005,0.011809890047173682,0.5544168635222545,0.468013468013468,0.3224553224553225,0.5671380471380469,13
14,4,4,0.8682868257397681,0.7712150065948731,0.865607017549,0.09088327468352,0.34404934379855723,0.06280274982305445,0.06315329980924077,0.007454442111752712,0.28607688302602063,0.21428571428571427,0.3904761904761904,0.33142857142857146,13
14,4,8,0.8682868257397681,0.7712150065948731,0.865607017549,0.09088327468352,0.34404934379855723,0.06280274982305445,0.06315329980924077,0.007454442111752712,0.28607688302602063,0.4455322455322455,0.5084175084175084,0.43423983423983414,13
14,4,4,0.8236222838555245,0.8451724065715202,0.8287809928735146,0.03597537861591894,0.07354690203738222,0.034548255279242025,0.1078455002560306,0.011926913936579365,0.40784596390622824,0.35873015873015873,0.3904761904761905,0.346031746031746,13
14,4,8,0.8236222838555245,0.8451724065715202,0.8287809928735146,0.03597537861591894,0.07354690203738222,0.034548255279242025,0.1078455002560306,0.011926913936579365,0.40784596390622824,0.5272727272727272,0.5515151515151515,0.5159595959595957,13
14,4,4,0.8545215084433045,0.8370611751853366,0.846150777198559,0.03520523625200671,0.07958756642718788,0.029882261274100246,0.12493348043143304,0.011750914365294638,0.3836793542417289,0.34603174603174597,0.5111111111111111,0.4019047619047618,13
14,4,8,0.8545215084433045,0.8370611751853366,0.846150777198559,0.03520523625200671,0.07958756642718788,0.029882261274100246,0.12493348043143304,0.011750914365294638,0.3836793542417289,0.5367003367003368,0.6363636363636364,0.48471380471380454,13
14,4,4,0.8220446496047978,0.8102707327538456,0.82200282864064,0.033984527901636565,0.09849370373066302,0.03582946564004273,0.12349590887529541,0.010673679056540045,0.3099763128751203,0.8000000000000002,0.5555555555555555,0.7599999999999999,13
14,4,8,0.8220446496047978,0.8102707327538456,0.82200282864064,0.033984527901636565,0.09849370373066302,0.03582946564004273,0.12349590887529541,0.010673679056540045,0.3099763128751203,0.6424242424242425,0.5555555555555555,0.6352861952861951,13
14,4,4,0.9036514368504934,0.7080859605572275,0.8926647937330335,0.07582149211529632,0.18162484837266277,0.062063455168530665,0.07510245549876898,0.007607262644482312,0.30823202719012455,0.15079365079365079,0.34603174603174597,0.29269841269841274,13
14,4,8,0.9036514368504934,0.7080859605572275,0.8926647937330335,0.07582149211529632,0.18162484837266277,0.062063455168530665,0.07510245549876898,0.007607262644482312,0.30823202719012455,0.41818181818181815,0.393939393939394,0.4866614866614865,13
14,4,4,0.8115793424715505,0.8134959041629238,0.7908168832047829,0.03687627081372785,0.08433985037938092,0.0397584833871235,0.10711216419066873,0.010190880504507255,0.26283424806597266,0.4444444444444444,1.0,0.4914285714285714,13
14,4,8,0.8115793424715505,0.8134959041629238,0.7908168832047829,0.03687627081372785,0.08433985037938092,0.0397584833871235,0.10711216419066873,0.010190880504507255,0.26283424806597266,0.6888888888888888,1.0,0.6078114478114478,13
14,4,4,0.8150697844707993,0.7859582044403869,0.8167520569353584,0.03027075932396727,0.07390673034882647,0.028477321149396512,0.13410163402793962,0.011200787448819612,0.49220292370116664,0.23809523809523805,0.40317460317460313,0.3092063492063492,13
14,4,8,0.8150697844707993,0.7859582044403869,0.8167520569353584,0.03027075932396727,0.07390673034882647,0.028477321149396512,0.13410163402793962,0.011200787448819612,0.49220292370116664,0.5070707070707071,0.507070707070707,0.4376379176379175,13
14,4,4,0.7980225824027423,0.7930841526316825,0.7893295959219492,0.03377351102897311,0.06472237174609025,0.029143021147043934,0.13382811909010528,0.014276993691111123,0.47667000358386413,0.4222222222222222,0.43492063492063493,0.379047619047619,14
14,4,8,0.7980225824027423,0.7930841526316825,0.7893295959219492,0.03377351102897311,0.06472237174609025,0.029143021147043934,0.13382811909010528,0.014276993691111123,0.47667000358386413,0.6646464646464646,0.6107744107744107,0.5752188552188551,14
14,4,4,0.7953608469145433,0.7683633468413772,0.8027442754226697,0.04354547098091566,0.13635195851962362,0.044322152093064726,0.11227939355513498,0.009156504516377667,0.2828337291119347,0.40317460317460324,0.3333333333333333,0.2914285714285714,14
14,4,8,0.7953608469145433,0.7683633468413772,0.8027442754226697,0.04354547098091566,0.13635195851962362,0.044322152093064726,0.11227939355513498,0.009156504516377667,0.2828337291119347,0.472053872053872,0.5555555555555555,0.45794353794353776,14
14,4,4,0.8783774905770532,0.7662949872175763,0.9034037716747422,0.0332289825533042,0.14847697176435323,0.036227626926363866,0.13102449903469124,0.012794683292872618,0.41004284608917246,0.4222222222222222,0.24761904761904763,0.293968253968254,14
14,4,8,0.8783774905770532,0.7662949872175763,0.9034037716747422,0.0332289825533042,0.14847697176435323,0.036227626926363866,0.13102449903469124,0.012794683292872618,0.41004284608917246,0.46573426573426574,0.5515151515151514,0.48255892255892247,14
14,4,4,0.7485944159307574,0.7024257945879347,0.734533246426871,0.0478429741151666,0.15801927470596672,0.05215881879973478,0.11158099759591927,0.008963846610717162,0.2828068839763224,0.34603174603174597,0.5555555555555555,0.20952380952380956,14
14,4,8,0.7485944159307574,0.7024257945879347,0.734533246426871,0.0478429741151666,0.15801927470596672,0.05215881879973478,0.11158099759591927,0.008963846610717162,0.2828068839763224,0.560942760942761,0.7333333333333334,0.4227609427609426,14
14,4,4,0.8224584678983385,0.8198500093545186,0.8296122648864535,0.02093515195899454,0.04115668138726405,0.01885638133695111,0.20446166968226656,0.01651271182200956,0.6444526263107199,0.23809523809523805,0.34920634920634913,0.3549206349206349,14
14,4,8,0.8224584678983385,0.8198500093545186,0.8296122648864535,0.02093515195899454,0.04115668138726405,0.01885638133695111,0.20446166968226656,0.01651271182200956,0.6444526263107199,0.48282828282828283,0.6107744107744107,0.49494949494949475,14
14,4,4,0.7854432814500206,0.8140846396135385,0.7862993641411278,0.03692199592405537,0.06718723602906429,0.034651596700052245,0.10447070809191385,0.013641442888984428,0.3610558574481529,0.3142857142857143,0.3904761904761905,0.4044444444444444,14
14,4,8,0.7854432814500206,0.8140846396135385,0.7862993641411278,0.03692199592405537,0.06718723602906429,0.034651596700052245,0.10447070809191385,0.013641442888984428,0.3610558574481529,0.39393939393939387,0.4383838383838384,0.5164983164983163,14
14,4,4,0.8330810385335076,0.7538861631015398,0.8161599769328247,0.025546801799311913,0.08463748525129433,0.024143503406233766,0.15587895943481125,0.012148715533042774,0.4366016019560854,0.3142857142857143,0.3142857142857143,0.3803174603174603,14
14,4,8,0.8330810385335076,0.7538861631015398,0.8161599769328247,0.025546801799311913,0.08463748525129433,0.024143503406233766,0.15587895943481125,0.012148715533042774,0.4366016019560854,0.7185185185185184,0.6666666666666666,0.616161616161616,14
14,4,4,0.777343879773286,0.7494343058487772,0.7966713137137206,0.034808244068594354,0.10147427793157944,0.036177093291157904,0.10943203709680169,0.01061898045758145,0.3063098688429973,0.3142857142857142,0.18253968253968253,0.47174603174603164,14
14,4,8,0.777343879773286,0.7494343058487772,0.7966713137137206,0.034808244068594354,0.10147427793157944,0.036177093291157904,0.10943203709680169,0.01061898045758145,0.3063098688429973,0.5569023569023569,0.48484848484848486,0.44986272986272974,14
14,4,4,0.8031243782686353,0.8142561423651483,0.821059128300456,0.025190684807775282,0.06413665937097515,0.028949303817132906,0.16273729835248796,0.014484214935119448,0.41243624983241606,0.4222222222222222,0.42857142857142855,0.4095238095238095,15
14,4,8,0.8031243782686353,0.8142561423651483,0.821059128300456,0.025190684807775282,0.06413665937097515,0.028949303817132906,0.16273729835248796,0.014484214935119448,0.41243624983241606,0.6053872053872055,0.6363636363636364,0.6056565656565656,15
14,4,4,0.8155013684132544,0.7761468358011232,0.8221530285787207,0.06507591528370985,0.18490141696054946,0.06966111181409183,0.09991586968546344,0.010515731903659765,0.3525152191676403,0.3142857142857142,0.18253968253968253,0.33650793650793653,15
14,4,8,0.8155013684132544,0.7761468358011232,0.8221530285787207,0.06507591528370985,0.18490141696054946,0.06966111181409183,0.09991586968546344,0.010515731903659765,0.3525152191676403,0.6053872053872054,0.48282828282828283,0.5849158249158247,15
14,4,4,0.7687074661149488,0.793753868844041,0.7692321052862992,0.06189241209606948,0.16228601993202182,0.057165826697902905,0.12012799007156744,0.010062530658951211,0.34654493576363893,0.29047619047619044,0.4222222222222222,0.4450793650793649,15
14,4,8,0.7687074661149488,0.793753868844041,0.7692321052862992,0.06189241209606948,0.16228601993202182,0.057165826697902905,0.12012799007156744,0.010062530658951211,0.34654493576363893,0.468013468013468,0.5939393939393939,0.6627609427609429,15
14,4,4,0.8423504214377024,0.8390540910193273,0.8254176511672644,0.026516314750858375,0.10327094174089077,0.02375854812309147,0.12431435897487378,0.013986845790475814,0.5867492361472806,0.4222222222222222,0.3904761904761905,0.3009523809523809,15
14,4,8,0.8423504214377024,0.8390540910193273,0.8254176511672644,0.026516314750858375,0.10327094174089077,0.02375854812309147,0.12431435897487378,0.013986845790475814,0.5867492361472806,0.46262626262626255,0.47878787878787876,0.589225589225589,15
14,4,4,0.8154535776210785,0.7841159823712299,0.8112330260909559,0.013302732173770964,0.034985082491482355,0.013177289794315176,0.2106214823305262,0.019254640936461707,0.7118450515643356,0.4222222222222223,0.24603174603174602,0.3187301587301587,15
14,4,8,0.8154535776210785,0.7841159823712299,0.8112330260909559,0.013302732173770964,0.034985082491482355,0.013177289794315176,0.2106214823305262,0.019254640936461707,0.7118450515643356,0.3737373737373737,0.5124579124579125,0.46548562548562533,15
14,4,4,0.8053362081560054,0.8405224696643642,0.7989454692075859,0.058524012567044995,0.1441977493465876,0.062124027824763096,0.1268474941606127,0.011356433676296379,0.4076293250685345,0.3142857142857142,0.34603174603174597,0.4450793650793649,15
14,4,8,0.8053362081560054,0.8405224696643642,0.7989454692075859,0.058524012567044995,0.1441977493465876,0.062124027824763096,0.1268474941606127,0.011356433676296379,0.4076293250685345,0.48282828282828283,0.5196063196063195,0.6107744107744106,15
14,4,4,0.8574231888031351,0.8510466547985335,0.849258037711447,0.040812282839876896,0.1143474434757592,0.045128077820688714,0.14636069769052212,0.010908190674207527,0.3770329381245715,0.5111111111111112,0.42857142857142855,0.47682539682539676,15
14,4,8,0.8574231888031351,0.8510466547985335,0.849258037711447,0.040812282839876896,0.1143474434757592,0.045128077820688714,0.14636069769052212,0.010908190674207527,0.3770329381245715,0.5811447811447811,0.521885521885522,0.5824915824915824,15
14,4,4,0.7832632432212782,0.7825884639062569,0.7845792947721962,0.04665728872265429,0.08006970147374294,0.043916138702135656,0.08676187707050545,0.010263483040258002,0.26214007723589056,0.46666666666666673,0.38095238095238093,0.4539682539682539,15
14,4,8,0.7832632432212782,0.7825884639062569,0.7845792947721962,0.04665728872265429,0.08006970147374294,0.043916138702135656,0.08676187707050545,0.010263483040258002,0.26214007723589056,0.5070707070707071,0.5111111111111112,0.4812121212121211,15
14,4,4,0.8945320402534033,0.8877172210891999,0.8768078575793732,0.03964523490884748,0.06079794102133859,0.027289931404615282,0.11270265827618016,0.01351059100441044,0.34279498109259704,0.4222222222222222,0.35873015873015873,0.34222222222222226,16
14,4,8,0.8945320402534033,0.8877172210891999,0.8768078575793732,0.03964523490884748,0.06079794102133859,0.027289931404615282,0.11270265827618016,0.01351059100441044,0.34279498109259704,0.5124579124579124,0.5084175084175084,0.5523232323232321,16
14,4,4,0.7288423925735775,0.7139723440793928,0.7168210756701395,0.08438915663542976,0.1397024846822372,0.06971143795680859,0.0829597292909806,0.00797072549532413,0.25059123515116816,0.21428571428571427,0.28571428571428564,0.5161904761904761,16
14,4,8,0.7288423925735775,0.7139723440793928,0.7168210756701395,0.08438915663542976,0.1397024846822372,0.06971143795680859,0.0829597292909806,0.00797072549532413,0.25059123515116816,0.5272727272727272,0.4424242424242424,0.526195286195286,16
14,4,4,0.8493570908352454,0.868496505597318,0.8481969053575096,0.03695043890843164,0.052053470993829586,0.02781444460852584,0.12968986384513329,0.01378014674668266,0.4021758133997488,0.34603174603174597,0.40317460317460313,0.3796825396825396,16
14,4,8,0.8493570908352454,0.868496505597318,0.8481969053575096,0.03695043890843164,0.052053470993829586,0.02781444460852584,0.12968986384513329,0.01378014674668266,0.4021758133997488,0.47878787878787876,0.48282828282828283,0.5356850556850555,16
14,4,4,0.803778614334843,0.8224692073731611,0.8190952459392838,0.038009277992456805,0.0825412970653282,0.028258655323151863,0.12094788810492516,0.012989091649112917,0.43800141479326615,0.5111111111111112,0.6666666666666666,0.539047619047619,16
14,4,8,0.803778614334843,0.8224692073731611,0.8190952459392838,0.038009277992456805,0.0825412970653282,0.028258655323151863,0.12094788810492516,0.012989091649112917,0.43800141479326615,0.5811447811447811,0.635016835016835,0.6449831649831651,16
14,4,4,0.8687689643822648,0.861816228190857,0.8724538503116872,0.029452088194348153,0.0758215706234779,0.023835434676198166,0.12451925767383004,0.012654201842765972,0.39375422982698977,0.43492063492063493,0.35873015873015873,0.4057142857142857,16
14,4,8,0.8687689643822648,0.861816228190857,0.8724538503116872,0.029452088194348153,0.0758215706234779,0.023835434676198166,0.12451925767383004,0.012654201842765972,0.39375422982698977,0.4455322455322455,0.5811447811447812,0.5246412846412845,16
14,4,4,0.8312812887180424,0.8582508718330198,0.8202725024627354,0.04306642442896223,0.05321526539753106,0.03269152654900149,0.11515767661586519,0.012052496325570539,0.3443831801030264,0.3142857142857142,0.2031746031746032,0.4234920634920635,16
14,4,8,0.8312812887180424,0.8582508718330198,0.8202725024627354,0.04306642442896223,0.05321526539753106,0.03269152654900149,0.11515767661586519,0.012052496325570539,0.3443831801030264,0.5367003367003367,0.46262626262626266,0.49770525770525764,16
14,4,4,0.809739982437755,0.8360774817174293,0.8079496692774731,0.042222032743169345,0.07361959830788403,0.03228173978288058,0.09707909830750422,0.012493457613774938,0.3525232546792824,0.4222222222222222,0.5333333333333333,0.33079365079365075,16
14,4,8,0.809739982437755,0.8360774817174293,0.8079496692774731,0.042222032743169345,0.07361959830788403,0.03228173978288058,0.09707909830750422,0.012493457613774938,0.3525232546792824,0.6646464646464646,0.5070707070707071,0.49888629888629876,16
14,4,4,0.8642370573677042,0.887373670974637,0.840051780382259,0.039727476241789336,0.04209197247190963,0.03093441366978271,0.12878748050519515,0.013611295317281297,0.35991683250086626,0.30158730158730157,0.48888888888888893,0.30095238095238097,16
14,4,8,0.8642370573677042,0.887373670974637,0.840051780382259,0.039727476241789336,0.04209197247190963,0.03093441366978271,0.12878748050519515,0.013611295317281297,0.35991683250086626,0.48282828282828283,0.49225589225589234,0.49279461279461256,16
14,4,4,0.7755631138279928,0.7422935479661723,0.7792186967189567,0.07576154788159194,0.20330915494155147,0.06344048006359967,0.05645500683812767,0.008081246764259024,0.23837719487592773,0.3142857142857143,0.34603174603174597,0.38412698412698415,17
14,4,8,0.7755631138279928,0.7422935479661723,0.7792186967189567,0.07576154788159194,0.20330915494155147,0.06344048006359967,0.05645500683812767,0.008081246764259024,0.23837719487592773,0.4585858585858586,0.4378658378658378,0.44323232323232303,17
14,4,4,0.8227943996372813,0.8361206462300632,0.8201229049020531,0.027319508465147038,0.04721498465712137,0.026340864594477667,0.15278914688373363,0.012056466254792354,0.44706690606230154,0.25079365079365074,0.4666666666666666,0.3485714285714286,17
14,4,8,0.8227943996372813,0.8361206462300632,0.8201229049020531,0.027319508465147038,0.04721498465712137,0.026340864594477667,0.15278914688373363,0.012056466254792354,0.44706690606230154,0.4010878010878011,0.5326599326599327,0.521077441077441,17
14,4,4,0.8403706739267572,0.8483249981736448,0.8493711437764926,0.015984675826332943,0.031127312042048744,0.015835540878617316,0.1844700156907391,0.014101575706655139,0.5395658607794097,0.32698412698412693,0.28571428571428564,0.26857142857142857,17
14,4,8,0.8403706739267572,0.8483249981736448,0.8493711437764926,0.015984675826332943,0.031127312042048744,0.015835540878617316,0.1844700156907391,0.014101575706655139,0.5395658607794097,0.4621082621082621,0.6774410774410774,0.5337373737373736,17
14,4,4,0.7959608011480047,0.7894226768554631,0.7991788526659597,0.04646762339984399,0.07285057897850458,0.03998551772226354,0.10033734987419993,0.009455789545963126,0.3074510142725845,0.43492063492063493,0.32698412698412693,0.4285714285714285,17
14,4,8,0.7959608011480047,0.7894226768554631,0.7991788526659597,0.04646762339984399,0.07285057897850458,0.03998551772226354,0.10033734987419993,0.009455789545963126,0.3074510142725845,0.4474562474562474,0.5070707070707071,0.5062626262626261,17
14,4,4,0.8365695379369502,0.8431590755102457,0.8316414540584021,0.01898669718022562,0.05768680492164364,0.017580394438406304,0.1469391237972077,0.011875384422131633,0.359045520226741,0.2063492063492063,0.42857142857142855,0.35365079365079366,17
14,4,8,0.8365695379369502,0.8431590755102457,0.8316414540584021,0.01898669718022562,0.05768680492164364,0.017580394438406304,0.1469391237972077,0.011875384422131633,0.359045520226741,0.3763273763273764,0.5555555555555555,0.4422170422170421,17
14,4,4,0.8424150732348428,0.8033380671876355,0.8218125574919202,0.058151742348244516,0.28303286678543266,0.07748063285594167,0.060950919861806986,0.008926231792423304,0.25148124281639855,0.3142857142857143,0.2825396825396825,0.3365079365079365,17
14,4,8,0.8424150732348428,0.8033380671876355,0.8218125574919202,0.058151742348244516,0.28303286678543266,0.07748063285594167,0.060950919861806986,0.008926231792423304,0.25148124281639855,0.4994042994042995,0.35664335664335667,0.43801087801087785,17
14,4,4,0.7834462841805448,0.7658540073027136,0.7670492067956945,0.09776502268344564,0.18857857114685733,0.0816699514697025,0.047007444987554575,0.007197856971787562,0.2726813977512343,0.3904761904761905,0.35873015873015873,0.46666666666666656,17
14,4,8,0.7834462841805448,0.7658540073027136,0.7670492067956945,0.09776502268344564,0.18857857114685733,0.0816699514697025,0.047007444987554575,0.007197856971787562,0.2726813977512343,0.4922558922558922,0.4792022792022792,0.4660243460243459,17
14,4,4,0.8524948563627872,0.8301503728638869,0.8598668202800955,0.03317070716423322,0.0878930343911547,0.03494405765100962,0.10190999873961441,0.01032760254542154,0.34912653690191575,0.4666666666666666,0.2825396825396825,0.4895238095238094,17
14,4,8,0.8524948563627872,0.8301503728638869,0.8598668202800955,0.03317070716423322,0.0878930343911547,0.03494405765100962,0.10190999873961441,0.01032760254542154,0.34912653690191575,0.5313131313131313,0.6107744107744107,0.46764050764050746,17
14,4,4,0.7344371004762786,0.7432466351048378,0.7353785252227308,0.10320128604847403,0.2036790978108646,0.11002126051685901,0.06735716359604377,0.0070309351601537855,0.27062121983267196,0.40317460317460313,0.30317460317460315,0.5873015873015872,18
14,4,8,0.7344371004762786,0.7432466351048378,0.7353785252227308,0.10320128604847403,0.2036790978108646,0.11002126051685901,0.06735716359604377,0.0070309351601537855,0.27062121983267196,0.6592592592592593,0.5367003367003368,0.5256565656565655,18
14,4,4,0.8582949272898988,0.8439203221856726,0.8592664732283518,0.02224724212947662,0.06556068028462542,0.021087023567032046,0.16051345551634963,0.014109006435029346,0.5313157037184892,0.3904761904761904,0.29523809523809524,0.33714285714285713,18
14,4,8,0.8582949272898988,0.8439203221856726,0.8592664732283518,0.02224724212947662,0.06556068028462542,0.021087023567032046,0.16051345551634963,0.014109006435029346,0.5313157037184892,0.5811447811447811,0.6107744107744107,0.555286195286195,18
14,4,4,0.7053402703114404,0.7055771064050121,0.6938401358238176,0.0696117009319411,0.155882671649401,0.06335209740364395,0.07234167042551713,0.007968926325933807,0.2819880411256571,0.5777777777777778,0.5015873015873016,0.47682539682539676,18
14,4,8,0.7053402703114404,0.7055771064050121,0.6938401358238176,0.0696117009319411,0.155882671649401,0.06335209740364395,0.07234167042551713,0.007968926325933807,0.2819880411256571,0.5367003367003367,0.4922558922558922,0.6530639730639731,18
14,4,4,0.7160345857560643,0.6727005132325392,0.709238917588885,0.1901547442645061,0.3364981730945112,0.21922475145750744,0.05549562381164045,0.005912558870386598,0.1808287934533039,0.5111111111111112,0.4222222222222222,0.4692063492063491,18
14,4,8,0.7160345857560643,0.6727005132325392,0.709238917588885,0.1901547442645061,0.3364981730945112,0.21922475145750744,0.05549562381164045,0.005912558870386598,0.1808287934533039,0.6107744107744107,0.5515151515151515,0.5676767676767676,18
14,4,4,0.8101398101463303,0.8297765157108271,0.8156391194858171,0.03596907526660694,0.06937825616528594,0.033892367689929315,0.12532152602564084,0.012433027979576393,0.3951084664138422,0.3349206349206349,0.4222222222222222,0.5733333333333331,18
14,4,8,0.8101398101463303,0.8297765157108271,0.8156391194858171,0.03596907526660694,0.06937825616528594,0.033892367689929315,0.12532152602564084,0.012433027979576393,0.3951084664138422,0.6107744107744107,0.6053872053872055,0.6880808080808081,18
14,4,4,0.8816154432634354,0.8943877882073837,0.87127178721552,0.02137907017990598,0.05982779112689433,0.02299837586278359,0.1722693217725004,0.016146625795335875,0.6110306778657468,0.43492063492063493,0.4222222222222222,0.40571428571428564,18
14,4,8,0.8816154432634354,0.8943877882073837,0.87127178721552,0.02137907017990598,0.05982779112689433,0.02299837586278359,0.1722693217725004,0.016146625795335875,0.6110306778657468,0.503030303030303,0.46262626262626255,0.48703444703444687,18
14,4,4,0.8461231739648165,0.7208276251969963,0.8205203937108109,0.08657214009820938,0.26158258371232657,0.06335815585745344,0.06493726516333048,0.008317390630875943,0.26582072241837756,0.6666666666666666,0.4222222222222222,0.6533333333333331,18
14,4,8,0.8461231739648165,0.7208276251969963,0.8205203937108109,0.08657214009820938,0.26158258371232657,0.06335815585745344,0.06493726516333048,0.008317390630875943,0.26582072241837756,0.6592592592592593,0.725925925925926,0.6546801346801346,18
14,4,4,0.8298622422041255,0.829647774675484,0.8165184450439291,0.042016999045547086,0.10343041491154478,0.03809926245481552,0.12518219066895014,0.010817444715845724,0.4331328174375768,0.5333333333333333,0.2222222222222222,0.3263492063492064,18
14,4,8,0.8298622422041255,0.829647774675484,0.8165184450439291,0.042016999045547086,0.10343041491154478,0.03809926245481552,0.12518219066895014,0.010817444715845724,0.4331328174375768,0.503030303030303,0.41414141414141414,0.6086195286195285,18
14,4,4,0.8055501331769974,0.7737057188616289,0.7969854668289176,0.043852287618082506,0.08397721734579466,0.03685238620587062,0.18750762175798205,0.012556996551346069,0.5194853403109426,0.34603174603174597,0.3619047619047619,0.41587301587301584,19
14,4,8,0.8055501331769974,0.7737057188616289,0.7969854668289176,0.043852287618082506,0.08397721734579466,0.03685238620587062,0.18750762175798205,0.012556996551346069,0.5194853403109426,0.503030303030303,0.5084175084175084,0.44700336700336685,19
14,4,4,0.8472804391840384,0.805344346631166,0.820393853943826,0.02638439156854089,0.056902526109919596,0.023865593674025097,0.22749421263966857,0.014328201885200577,0.69629512986761,0.32698412698412693,0.42857142857142855,0.326984126984127,19
14,4,8,0.8472804391840384,0.805344346631166,0.820393853943826,0.02638439156854089,0.056902526109919596,0.023865593674025097,0.22749421263966857,0.014328201885200577,0.69629512986761,0.5272727272727272,0.6363636363636364,0.5498989898989898,19
14,4,4,0.795155403254395,0.816487588369541,0.7780754501431573,0.03389128175369522,0.07696964229145155,0.03600203673981868,0.19928977184036195,0.013059540378960142,0.5223007826609565,0.4888888888888889,1.0,0.2704761904761905,19
14,4,8,0.795155403254395,0.816487588369541,0.7780754501431573,0.03389128175369522,0.07696964229145155,0.03600203673981868,0.19928977184036195,0.013059540378960142,0.5223007826609565,0.5811447811447812,1.0,0.5116498316498315,19
14,4,4,0.8722341103332986,0.8998053255580379,0.8714132158595306,0.01100924606548743,0.02318005953669779,0.010112317144562821,0.32692850251337185,0.026821608444594976,0.8648553204420946,0.25079365079365074,1.0,0.30984126984126986,19
14,4,8,0.8722341103332986,0.8998053255580379,0.8714132158595306,0.01100924606548743,0.02318005953669779,0.010112317144562821,0.32692850251337185,0.026821608444594976,0.8648553204420946,0.468013468013468,1.0,0.5159595959595957,19
14,4,4,0.7856079062846677,0.7804953456766756,0.7927245323501394,0.045903370073142324,0.09687712911981441,0.04362114742840814,0.1496150263098366,0.013140164786276727,0.414238477712272,0.35873015873015873,0.38888888888888884,0.30539682539682544,19
14,4,8,0.7856079062846677,0.7804953456766756,0.7927245323501394,0.045903370073142324,0.09687712911981441,0.04362114742840814,0.1496150263098366,0.013140164786276727,0.414238477712272,0.5084175084175084,0.5535353535353535,0.526195286195286,19
14,4,4,0.8191916457108961,0.8087417144193935,0.8169434300967711,0.03892997260446225,0.0716708546168852,0.039383540787657725,0.17259635812124963,0.014478645402370255,0.5032545271874377,0.37777777777777777,0.4253968253968254,0.2755555555555556,19
14,4,8,0.8191916457108961,0.8087417144193935,0.8169434300967711,0.03892997260446225,0.0716708546168852,0.039383540787657725,0.17259635812124963,0.014478645402370255,0.5032545271874377,0.48821548821548827,0.5905723905723906,0.44016576016576003,19
14,4,4,0.8336740405318827,0.8235410207537891,0.8415956145458907,0.028658289902544612,0.10514580941533169,0.030353935268789406,0.1404179509257977,0.01791075686767118,0.5552914321178015,0.4222222222222223,0.3142857142857142,0.3752380952380952,19
14,4,8,0.8336740405318827,0.8235410207537891,0.8415956145458907,0.028658289902544612,0.10514580941533169,0.030353935268789406,0.1404179509257977,0.01791075686767118,0.5552914321178015,0.6107744107744107,0.5757575757575758,0.5781818181818181,19
14,4,4,0.8164358964185348,0.8268535580059424,0.8155926481403106,0.08055503884429399,0.13794937410796662,0.08353712447726871,0.12809453940224927,0.01180381432128312,0.3392769836710044,0.3142857142857142,0.5015873015873017,0.393015873015873,19
14,4,8,0.8164358964185348,0.8268535580059424,0.8155926481403106,0.08055503884429399,0.13794937410796662,0.08353712447726871,0.12809453940224927,0.01180381432128312,0.3392769836710044,0.6592592592592593,0.4994042994042995,0.5900336700336699,19
14,5,4,0.7654878469683071,0.7071995540512804,0.761152822114849,0.07250139827130442,0.16950489874449054,0.07043458368827843,0.04970815321718812,0.007091025320412325,0.16464699959898482,0.3685714285714286,0.22380952380952382,0.3108994708994709,0
14,5,8,0.7654878469683071,0.7071995540512804,0.761152822114849,0.07250139827130442,0.16950489874449054,0.07043458368827843,0.04970815321718812,0.007091025320412325,0.16464699959898482,0.4151981351981352,0.5127272727272726,0.4644081844081843,0
14,5,4,0.7684257235758457,0.76736076707928,0.7634923002504123,0.03676223076683489,0.07939469317262486,0.034534266686421566,0.08813709220085751,0.009720449340748607,0.363438541597998,0.2647619047619048,0.3142857142857143,0.2715343915343916,0
14,5,8,0.7684257235758457,0.76736076707928,0.7634923002504123,0.03676223076683489,0.07939469317262486,0.034534266686421566,0.08813709220085751,0.009720449340748607,0.363438541597998,0.5062626262626262,0.48282828282828283,0.5066424933091599,0
14,5,4,0.6618292127201032,0.6662590321480089,0.6701357932746453,0.08781415717632828,0.19589404085877873,0.11414351594432974,0.047104533941401364,0.006762780360136553,0.16730202134880784,0.24857142857142858,0.4222222222222222,0.29354497354497355,0
14,5,8,0.6618292127201032,0.6662590321480089,0.6701357932746453,0.08781415717632828,0.19589404085877873,0.11414351594432974,0.047104533941401364,0.006762780360136553,0.16730202134880784,0.4254545454545455,0.4478114478114478,0.5101648968315635,0
14,5,4,0.7380596966422908,0.7108431147462102,0.7344678706689491,0.04634400506736549,0.095560708143686,0.04468698177856369,0.09677234938774175,0.009188733596566658,0.3174252621217811,0.3561904761904762,0.37523809523809526,0.34095238095238095,0
14,5,8,0.7380596966422908,0.7108431147462102,0.7344678706689491,0.04634400506736549,0.095560708143686,0.04468698177856369,0.09677234938774175,0.009188733596566658,0.3174252621217811,0.37156177156177156,0.47272727272727266,0.44075973409306735,0
14,5,4,0.8147491743315511,0.8566932167186816,0.8417983037637127,0.021716404409345275,0.035067363302082134,0.016402592426381236,0.12812266957739638,0.014416854615101303,0.5147347151439807,0.3942857142857143,0.2838095238095238,0.3128042328042328,0
14,5,8,0.8147491743315511,0.8566932167186816,0.8417983037637127,0.021716404409345275,0.035067363302082134,0.016402592426381236,0.12812266957739638,0.014416854615101303,0.5147347151439807,0.44727272727272727,0.43701631701631694,0.4694707761374428,0
14,5,4,0.8256571752778011,0.8322418604383289,0.8353518000017441,0.016060411280923868,0.06723264052858423,0.014777252852679449,0.11816115868605898,0.014737454222774126,0.5092675495159013,0.2761904761904762,0.3904761904761904,0.2787301587301587,0
14,5,8,0.8256571752778011,0.8322418604383289,0.8353518000017441,0.016060411280923868,0.06723264052858423,0.014777252852679449,0.11816115868605898,0.014737454222774126,0.5092675495159013,0.504087024087024,0.7185185185185184,0.4458568591901924,0
14,5,4,0.8595301330899802,0.8563875660541455,0.8574594138539083,0.016859184198452677,0.03436796353383967,0.015517116629758318,0.14027255196660346,0.01626862969705462,0.5708218123657299,0.3028571428571428,0.32952380952380955,0.2937566137566137,0
14,5,8,0.8595301330899802,0.8563875660541455,0.8574594138539083,0.016859184198452677,0.03436796353383967,0.015517116629758318,0.14027255196660346,0.01626862969705462,0.5708218123657299,0.4006526806526806,0.4553535353535353,0.455733402400069,0
14,5,4,0.8005226868414649,0.8383103221863868,0.8057120011923319,0.023789526488004534,0.05610892430217032,0.01908162525457509,0.09981539632993738,0.012161689743239338,0.34157751102977035,0.3219047619047619,0.4222222222222222,0.3070899470899471,0
14,5,8,0.8005226868414649,0.8383103221863868,0.8057120011923319,0.023789526488004534,0.05610892430217032,0.01908162525457509,0.09981539632993738,0.012161689743239338,0.34157751102977035,0.4413053613053612,0.5663299663299664,0.4567555900889233,0
14,5,4,0.9000752028913677,0.8805448253510361,0.8774606226748183,0.02454768062536669,0.06472821604727319,0.02378454308165107,0.12364973229703767,0.01285834109965676,0.44429379538921077,0.23809523809523808,0.21904761904761902,0.3354497354497354,1
14,5,8,0.9000752028913677,0.8805448253510361,0.8774606226748183,0.02454768062536669,0.06472821604727319,0.02378454308165107,0.12364973229703767,0.01285834109965676,0.44429379538921077,0.4515617715617715,0.38088578088578084,0.5264301130967799,1
14,5,4,0.841687196111125,0.851273837304392,0.8454982279141067,0.02667154169738772,0.06890427634390693,0.025575394183049396,0.1180594815529253,0.010900053025023818,0.4735376164281193,0.3295238095238095,0.26666666666666666,0.3519576719576719,1
14,5,8,0.841687196111125,0.851273837304392,0.8454982279141067,0.02667154169738772,0.06890427634390693,0.025575394183049396,0.1180594815529253,0.010900053025023818,0.4735376164281193,0.4739393939393938,0.465050505050505,0.5314029180695846,1
14,5,4,0.8773664296670147,0.836850806486656,0.8832282332416771,0.025059558005093463,0.09960605159508609,0.02481792875490135,0.08611371666864617,0.009981156001888964,0.3581210336934843,0.22952380952380952,0.2838095238095238,0.2474074074074074,1
14,5,8,0.8773664296670147,0.836850806486656,0.8832282332416771,0.025059558005093463,0.09960605159508609,0.02481792875490135,0.08611371666864617,0.009981156001888964,0.3581210336934843,0.5105516705516705,0.4593939393939393,0.4766882500215833,1
14,5,4,0.8280877694072637,0.8838718811928231,0.8462267967493207,0.021226663642437332,0.054465713186001886,0.02281388600880634,0.13937337089989563,0.014725989318466231,0.5663609870133289,0.2552380952380952,0.26952380952380955,0.2607407407407408,1
14,5,8,0.8280877694072637,0.8838718811928231,0.8462267967493207,0.021226663642437332,0.054465713186001886,0.02281388600880634,0.13937337089989563,0.014725989318466231,0.5663609870133289,0.4884848484848484,0.44727272727272727,0.45878615211948537,1
14,5,4,0.8502631345446728,0.8246589120513563,0.8524550557350539,0.026617378145149362,0.09936421390039621,0.022650654389386127,0.09664501707425467,0.009929754081769602,0.3921372522360031,0.2961904761904762,0.26285714285714284,0.3525925925925926,1
14,5,8,0.8502631345446728,0.8246589120513563,0.8524550557350539,0.026617378145149362,0.09936421390039621,0.022650654389386127,0.09664501707425467,0.009929754081769602,0.3921372522360031,0.4273193473193473,0.545050505050505,0.4781800915134248,1
14,5,4,0.8222961437395475,0.8305559269567245,0.8322817629818381,0.025488482120338555,0.07956961491350767,0.028011860045224837,0.11040458786655491,0.01208469909485941,0.5078675742622328,0.31428571428571433,0.2095238095238095,0.2838095238095238,1
14,5,8,0.8222961437395475,0.8305559269567245,0.8322817629818381,0.025488482120338555,0.07956961491350767,0.028011860045224837,0.11040458786655491,0.01208469909485941,0.5078675742622328,0.44913752913752913,0.37156177156177156,0.48577743244409927,1
14,5,4,0.8185665862880606,0.810116012132707,0.8263114993695305,0.03601655509699753,0.12863146506326006,0.028779822369952083,0.09736702754644241,0.01023593064767986,0.39860127209107393,0.28476190476190477,0.22476190476190477,0.3257142857142857,1
14,5,8,0.8185665862880606,0.810116012132707,0.8263114993695305,0.03601655509699753,0.12863146506326006,0.028779822369952083,0.09736702754644241,0.01023593064767986,0.39860127209107393,0.5127272727272726,0.3903962703962704,0.524040404040404,1
14,5,4,0.8200285652653948,0.834525620476429,0.8251034808824093,0.029788166320657186,0.08988063882846892,0.027177742481102357,0.09197713854366059,0.010155145627539948,0.3020231761633441,0.24571428571428572,0.25047619047619046,0.27534391534391534,1
14,5,8,0.8200285652653948,0.834525620476429,0.8251034808824093,0.029788166320657186,0.08988063882846892,0.027177742481102357,0.09197713854366059,0.010155145627539948,0.3020231761633441,0.416006216006216,0.4496969696969696,0.52669947336614,1
14,5,4,0.8379535558300206,0.8850101137239413,0.847579273194857,0.0738676757602463,0.11732762628506413,0.05372371645501262,0.08969256131580747,0.008840687730589715,0.3104206026572626,0.29523809523809524,0.6666666666666666,0.31830687830687826,2
14,5,8,0.8379535558300206,0.8850101137239413,0.847579273194857,0.0738676757602463,0.11732762628506413,0.05372371645501262,0.08969256131580747,0.008840687730589715,0.3104206026572626,0.4739393939393938,0.6774410774410774,0.5641750841750841,2
14,5,4,0.7510512296186992,0.6554966969673198,0.7794349349948568,0.08971085557718086,0.16650239965175426,0.09058529653652826,0.0643594060062276,0.007333030781287646,0.23380366796558577,0.26476190476190475,0.2914285714285714,0.28211640211640204,2
14,5,8,0.7510512296186992,0.6554966969673198,0.7794349349948568,0.08971085557718086,0.16650239965175426,0.09058529653652826,0.0643594060062276,0.007333030781287646,0.23380366796558577,0.40251748251748254,0.3898368298368298,0.46525079858413176,2
14,5,4,0.8131485856091455,0.814600389400112,0.8327298524710176,0.020767399017502155,0.05794369248404557,0.02240804913760743,0.12014626226724409,0.011489338838654826,0.4109963809486596,0.24571428571428572,0.32380952380952377,0.3824338624338624,2
14,5,8,0.8131485856091455,0.814600389400112,0.8327298524710176,0.020767399017502155,0.05794369248404557,0.02240804913760743,0.12014626226724409,0.011489338838654826,0.4109963809486596,0.40680652680652674,0.5240404040404039,0.49566778900112235,2
14,5,4,0.8339794550570858,0.8436382697217013,0.834632934416054,0.016497005707988555,0.05074095396049055,0.016762561908234174,0.13117102116012205,0.011550435151402742,0.39506728604286856,0.3904761904761905,0.41269841269841273,0.4823280423280423,2
14,5,8,0.8339794550570858,0.8436382697217013,0.834632934416054,0.016497005707988555,0.05074095396049055,0.016762561908234174,0.13117102116012205,0.011550435151402742,0.39506728604286856,0.47636363636363627,0.5959595959595959,0.48907191573858233,2
14,5,4,0.7519522564589342,0.7239514506906546,0.755625720667238,0.10515950287354868,0.23652778125679896,0.06134591044482607,0.05689492985487743,0.006950233849472263,0.24810409089139168,0.28380952380952384,0.2571428571428571,0.3045502645502645,2
14,5,8,0.7519522564589342,0.7239514506906546,0.755625720667238,0.10515950287354868,0.23652778125679896,0.06134591044482607,0.05689492985487743,0.006950233849472263,0.24810409089139168,0.38610722610722614,0.4515617715617715,0.5118846585513251,2
14,5,4,0.7639374302423171,0.7433596287216934,0.7857939990718941,0.054445952160299564,0.36802564474573535,0.05950466484588706,0.056189257770194144,0.007917576642915022,0.23540356344991514,0.4152380952380953,0.3904761904761905,0.3625396825396826,2
14,5,8,0.7639374302423171,0.7433596287216934,0.7857939990718941,0.054445952160299564,0.36802564474573535,0.05950466484588706,0.056189257770194144,0.007917576642915022,0.23540356344991514,0.5329292929292928,0.47878787878787876,0.5034447034447033,2
14,5,4,0.7579003636730395,0.6758789743814337,0.7473861797756705,0.08707638930884955,0.19287994671030206,0.0736285974389052,0.06574158732268323,0.007380132744878234,0.23865324276089953,0.2361904761904762,0.25047619047619046,0.30687830687830686,2
14,5,8,0.7579003636730395,0.6758789743814337,0.7473861797756705,0.08707638930884955,0.19287994671030206,0.0736285974389052,0.06574158732268323,0.007380132744878234,0.23865324276089953,0.373986013986014,0.5159595959595957,0.46362082362082346,2
14,5,4,0.8307307518167835,0.7705227778342618,0.8336600701981716,0.03863327747196122,0.10752499013977339,0.035837600504058625,0.10504288370844539,0.009529767867699409,0.3233670205320402,0.2571428571428572,0.2761904761904762,0.3695238095238095,2
14,5,8,0.8307307518167835,0.7705227778342618,0.8336600701981716,0.03863327747196122,0.10752499013977339,0.035837600504058625,0.10504288370844539,0.009529767867699409,0.3233670205320402,0.4572183372183372,0.41277389277389276,0.5331641198307865,2
14,5,4,0.7625198393653295,0.7791148276850449,0.767374777759531,0.03666005446668756,0.07872047059394191,0.026221325324883003,0.1083488850216438,0.011224864469579864,0.40702200586785847,0.37523809523809526,0.24380952380952378,0.4002116402116401,3
14,5,8,0.7625198393653295,0.7791148276850449,0.767374777759531,0.03666005446668756,0.07872047059394191,0.026221325324883003,0.1083488850216438,0.011224864469579864,0.40702200586785847,0.45964257964257965,0.4006526806526806,0.4497522230855563,3
14,5,4,0.8128525644071519,0.8069769800680413,0.8144337840785696,0.0374126721017086,0.08934811450292796,0.03274051691027344,0.09676887141369785,0.013211594462025817,0.42966991829883766,0.2961904761904762,0.3371428571428572,0.39470899470899473,3
14,5,8,0.8128525644071519,0.8069769800680413,0.8144337840785696,0.0374126721017086,0.08934811450292796,0.03274051691027344,0.09676887141369785,0.013211594462025817,0.42966991829883766,0.4206060606060606,0.3801398601398601,0.47257877924544595,3
14,5,4,0.8594490462904656,0.8809512528967025,0.8567668235329208,0.024203516668530916,0.051207760551679894,0.020993183567085925,0.13078986183560526,0.01240268860588515,0.4113218423565754,0.3828571428571429,0.2523809523809524,0.34285714285714286,3
14,5,8,0.8594490462904656,0.8809512528967025,0.8567668235329208,0.024203516668530916,0.051207760551679894,0.020993183567085925,0.13078986183560526,0.01240268860588515,0.4113218423565754,0.49818181818181806,0.47272727272727266,0.46248812915479576,3
14,5,4,0.8127157279051613,0.7848842691689343,0.7913028068013903,0.03423514759504723,0.08713832628952829,0.03155377467271152,0.08649999207166693,0.01106197676275657,0.4094647571948769,0.31523809523809526,0.3676190476190476,0.4173544973544975,3
14,5,8,0.8127157279051613,0.7848842691689343,0.7913028068013903,0.03423514759504723,0.08713832628952829,0.03155377467271152,0.08649999207166693,0.01106197676275657,0.4094647571948769,0.5006060606060605,0.4892929292929292,0.46466471799805137,3
14,5,4,0.7469343469171587,0.7348123863406651,0.7509254958760575,0.08920632179194142,0.2142299662400578,0.10877653999684371,0.0674079406283577,0.008068033528997277,0.2024427839400464,0.2885714285714286,0.33714285714285713,0.24021164021164024,3
14,5,8,0.7469343469171587,0.7348123863406651,0.7509254958760575,0.08920632179194142,0.2142299662400578,0.10877653999684371,0.0674079406283577,0.008068033528997277,0.2024427839400464,0.4572183372183371,0.515151515151515,0.48058361391694715,3
14,5,4,0.822627913311794,0.8089504122869673,0.8153448207231251,0.02865666682149358,0.07008955755328433,0.02708402455518047,0.13185013271360624,0.01143126493345496,0.46319709416729,0.43999999999999995,0.2914285714285714,0.37121693121693117,3
14,5,8,0.822627913311794,0.8089504122869673,0.8153448207231251,0.02865666682149358,0.07008955755328433,0.02708402455518047,0.13185013271360624,0.01143126493345496,0.46319709416729,0.40388500388500387,0.41811965811965807,0.5039834239834241,3
14,5,4,0.781577615550147,0.7701613363163622,0.792777173314199,0.041686502265893176,0.10937714393074177,0.036071108728044206,0.08596329049757898,0.010053094723083026,0.33622657035884557,0.22476190476190477,0.20476190476190476,0.3316402116402116,3
14,5,8,0.781577615550147,0.7701613363163622,0.792777173314199,0.041686502265893176,0.10937714393074177,0.036071108728044206,0.08596329049757898,0.010053094723083026,0.33622657035884557,0.3637296037296037,0.432975912975913,0.4718397651730986,3
14,5,4,0.7895697112648237,0.8155672109492811,0.7940460940815821,0.03447516465581445,0.06284166422340375,0.028575082470006816,0.13161739216021695,0.012558889755074713,0.41179958928610233,0.44190476190476186,0.6222222222222222,0.4019047619047618,3
14,5,8,0.7895697112648237,0.8155672109492811,0.7940460940815821,0.03447516465581445,0.06284166422340375,0.028575082470006816,0.13161739216021695,0.012558889755074713,0.41179958928610233,0.5943434343434342,0.5454545454545455,0.48637140637140647,3
14,5,4,0.8027492777755408,0.7853349324629638,0.8095469051903644,0.03660314263901147,0.1158476139779623,0.031188335055588857,0.08407217062986874,0.009354905051754913,0.3582617945402914,0.4933333333333333,0.31047619047619046,0.3606349206349207,4
14,5,8,0.8027492777755408,0.7853349324629638,0.8095469051903644,0.03660314263901147,0.1158476139779623,0.031188335055588857,0.08407217062986874,0.009354905051754913,0.3582617945402914,0.5606526806526806,0.5329292929292928,0.5050056116722783,4
14,5,4,0.8162888277137582,0.7122907829571232,0.8081284524805981,0.03490682189142616,0.09323161654585971,0.032787965120147367,0.09562925323845668,0.010495589888495308,0.3282764170446523,0.4019047619047619,0.38857142857142857,0.27873015873015866,4
14,5,8,0.8162888277137582,0.7122907829571232,0.8081284524805981,0.03490682189142616,0.09323161654585971,0.032787965120147367,0.09562925323845668,0.010495589888495308,0.3282764170446523,0.46181818181818174,0.46181818181818174,0.45841319174652506,4
14,5,4,0.8421075503063201,0.8332715462435987,0.8368409652207649,0.024765079682259463,0.059563613979783714,0.024220720218370552,0.1412434925299781,0.012964749674219468,0.5458357410331897,0.3961904761904762,0.44761904761904764,0.33904761904761904,4
14,5,8,0.8421075503063201,0.8332715462435987,0.8368409652207649,0.024765079682259463,0.059563613979783714,0.024220720218370552,0.1412434925299781,0.012964749674219468,0.5458357410331897,0.4876767676767676,0.48606060606060597,0.5454096520763189,4
14,5,4,0.7922010244347919,0.8020948146167732,0.7791230196545577,0.033430982723675236,0.07609866911271673,0.029898320230534164,0.11848661824963509,0.011716311852694719,0.4863260781873639,0.24571428571428572,0.3676190476190476,0.26243386243386235,4
14,5,8,0.7922010244347919,0.8020948146167732,0.7791230196545577,0.033430982723675236,0.07609866911271673,0.029898320230534164,0.11848661824963509,0.011716311852694719,0.4863260781873639,0.671111111111111,0.49600621600621597,0.5394837261503928,4
14,5,4,0.865787799441356,0.750148629768283,0.869772039136629,0.08069949680087402,0.24079103774066643,0.10264545005097023,0.06473091558571703,0.008232927312847568,0.2217139183272962,0.2961904761904762,0.3295238095238095,0.2677248677248677,4
14,5,8,0.865787799441356,0.750148629768283,0.869772039136629,0.08069949680087402,0.24079103774066643,0.10264545005097023,0.06473091558571703,0.008232927312847568,0.2217139183272962,0.41277389277389276,0.4771717171717171,0.5137149270482604,4
14,5,4,0.8347518673119806,0.8084100817009324,0.84006359216995,0.06534229499511703,0.17295802755968734,0.05459818132306952,0.07365541957961334,0.00807111102925193,0.34601602061354897,0.44761904761904764,0.4133333333333334,0.328042328042328,4
14,5,8,0.8347518673119806,0.8084100817009324,0.84006359216995,0.06534229499511703,0.17295802755968734,0.05459818132306952,0.07365541957961334,0.00807111102925193,0.34601602061354897,0.46747474747474743,0.515151515151515,0.4954882154882154,4
14,5,4,0.7690830121183878,0.7730309928191094,0.7608406850392484,0.033426056303191794,0.10340066152251821,0.027822474774845368,0.1036022975026854,0.010615410330699768,0.4924256402836464,0.3238095238095238,0.3180952380952381,0.2965079365079365,4
14,5,8,0.7690830121183878,0.7730309928191094,0.7608406850392484,0.033426056303191794,0.10340066152251821,0.027822474774845368,0.1036022975026854,0.010615410330699768,0.4924256402836464,0.43272727272727274,0.4884848484848484,0.4757903824570491,4
14,5,4,0.8027964047389631,0.7651286575954195,0.8102693969779798,0.030272156668105524,0.06712240144058378,0.033256515347125516,0.09634578670883563,0.011606621783931145,0.31565011351503053,0.23809523809523808,0.2825396825396825,0.292063492063492,4
14,5,8,0.8027964047389631,0.7651286575954195,0.8102693969779798,0.030272156668105524,0.06712240144058378,0.033256515347125516,0.09634578670883563,0.011606621783931145,0.31565011351503053,0.4884848484848484,0.5367003367003368,0.4542968142968142,4
14,5,4,0.7652259172780858,0.784437106151985,0.7831735271689384,0.0272860928050571,0.06573693331551957,0.026100661879891296,0.10948023028445458,0.010101710004923046,0.35680804407694394,0.24285714285714288,0.3028571428571428,0.3028571428571428,5
14,5,8,0.7652259172780858,0.784437106151985,0.7831735271689384,0.0272860928050571,0.06573693331551957,0.026100661879891296,0.10948023028445458,0.010101710004923046,0.35680804407694394,0.37585081585081587,0.5474747474747473,0.4652369852369852,5
14,5,4,0.7983354884005321,0.7036650356380794,0.8191533224646859,0.027230586045348566,0.11666939448741506,0.04388855717523045,0.09298200131107073,0.011907596551420142,0.4158964639837143,0.25047619047619046,0.31428571428571433,0.37396825396825406,5
14,5,8,0.7983354884005321,0.7036650356380794,0.8191533224646859,0.027230586045348566,0.11666939448741506,0.04388855717523045,0.09298200131107073,0.011907596551420142,0.4158964639837143,0.4413053613053613,0.5240404040404039,0.44023482690149335,5
14,5,4,0.8021146073383643,0.7709370837112064,0.8056168297256202,0.03632252853644696,0.09097783700846078,0.03132615493118227,0.1211464485103492,0.011276748176112425,0.41794327004637444,0.4019047619047619,0.3695238095238095,0.4019047619047618,5
14,5,8,0.8021146073383643,0.7709370837112064,0.8056168297256202,0.03632252853644696,0.09097783700846078,0.03132615493118227,0.1211464485103492,0.011276748176112425,0.41794327004637444,0.4884848484848484,0.5030303030303029,0.48610204610204605,5
14,5,4,0.7953099616872318,0.7717097117769451,0.7832720286280227,0.05166124920594794,0.10056194732813858,0.04486780469247352,0.10765912948364362,0.00849470961302094,0.31163906387081103,0.2619047619047619,0.37523809523809526,0.24296296296296288,5
14,5,8,0.7953099616872318,0.7717097117769451,0.7832720286280227,0.05166124920594794,0.10056194732813858,0.04486780469247352,0.10765912948364362,0.00849470961302094,0.31163906387081103,0.42489510489510485,0.5018181818181817,0.4940723474056808,5
14,5,4,0.8062445244112548,0.7593663495333438,0.789202316518544,0.020250361463447514,0.07414475939738369,0.02316490277426754,0.1320269936895969,0.0116668415324082,0.4312963917535761,0.26476190476190475,0.22952380952380955,0.3566137566137566,5
14,5,8,0.8062445244112548,0.7593663495333438,0.789202316518544,0.020250361463447514,0.07414475939738369,0.02316490277426754,0.1320269936895969,0.0116668415324082,0.4312963917535761,0.38610722610722614,0.515151515151515,0.47722697056030383,5
14,5,4,0.8235152801433417,0.8479647394272111,0.8067978534581212,0.0077933752155672125,0.02497178225010926,0.00855844421657049,0.19992246348132944,0.018421186486053287,0.6197217502078882,0.2314285714285714,0.3238095238095238,0.4217989417989418,5
14,5,8,0.8235152801433417,0.8479647394272111,0.8067978534581212,0.0077933752155672125,0.02497178225010926,0.00855844421657049,0.19992246348132944,0.018421186486053287,0.6197217502078882,0.465050505050505,0.4303962703962704,0.5051713718380385,5
14,5,4,0.8644833380002961,0.8307586326402583,0.8605095061487104,0.01637489654394967,0.07724677888499393,0.02172999843290914,0.14682365545143644,0.01380070335168124,0.6178278747380599,0.28380952380952384,0.44000000000000006,0.30962962962962964,5
14,5,8,0.8644833380002961,0.8307586326402583,0.8605095061487104,0.01637489654394967,0.07724677888499393,0.02172999843290914,0.14682365545143644,0.01380070335168124,0.6178278747380599,0.4084848484848485,0.4984304584304583,0.45580246913580236,5
14,5,4,0.8851822602575851,0.8632278694915012,0.8652588884083452,0.042818278649326476,0.1279594999145286,0.056346222625458756,0.11652247155521006,0.010659175515791536,0.4597113269900735,0.28380952380952384,0.4152380952380952,0.48825396825396816,5
14,5,8,0.8851822602575851,0.8632278694915012,0.8652588884083452,0.042818278649326476,0.1279594999145286,0.056346222625458756,0.11652247155521006,0.010659175515791536,0.4597113269900735,0.5272727272727271,0.5329292929292928,0.4853077786411121,5
14,5,4,0.8522839637949794,0.7826658132290939,0.8545830486731918,0.06864989779211293,0.1630517931621884,0.07136030969250448,0.07239847354024967,0.00835774931598039,0.20980827616739356,0.2619047619047619,0.22476190476190477,0.313015873015873,6
14,5,8,0.8522839637949794,0.7826658132290939,0.8545830486731918,0.06864989779211293,0.1630517931621884,0.07136030969250448,0.07239847354024967,0.00835774931598039,0.20980827616739356,0.4693395493395493,0.4082717282717282,0.5028369161702494,6
14,5,4,0.7994840385765838,0.7505004273493586,0.8002031577755072,0.06617066331420819,0.1440219087085507,0.052242431505005266,0.07576881954160666,0.007368855190811121,0.21794718892200832,0.20476190476190476,0.24761904761904763,0.24190476190476187,6
14,5,8,0.7994840385765838,0.7505004273493586,0.8002031577755072,0.06617066331420819,0.1440219087085507,0.052242431505005266,0.07576881954160666,0.007368855190811121,0.21794718892200832,0.4345920745920745,0.45454545454545453,0.40869204869204867,6
14,5,4,0.8147930686817549,0.8168112310603298,0.812068560603791,0.042638427652724915,0.0714582675025606,0.03304471998363832,0.10395970609010027,0.010919781943840051,0.40972036008727364,0.2838095238095238,0.43492063492063493,0.4577777777777778,6
14,5,8,0.8147930686817549,0.8168112310603298,0.812068560603791,0.042638427652724915,0.0714582675025606,0.03304471998363832,0.10395970609010027,0.010919781943840051,0.40972036008727364,0.5919191919191917,0.5367003367003368,0.6049382716049384,6
14,5,4,0.8408519999172867,0.874093047659265,0.8338837586825787,0.04518237432199189,0.07993396488454696,0.04604028096482239,0.09252609421451576,0.009442083259464199,0.23348271056025413,0.3561904761904762,1.0,0.35068783068783066,6
14,5,8,0.8408519999172867,0.874093047659265,0.8338837586825787,0.04518237432199189,0.07993396488454696,0.04604028096482239,0.09252609421451576,0.009442083259464199,0.23348271056025413,0.47636363636363627,1.0,0.5128032461365795,6
14,5,4,0.8253563561562309,0.7955059707302173,0.8229844808939121,0.02998857494505984,0.05666761693604566,0.03214118105955246,0.12406101578548247,0.010958062398103896,0.4316379113735217,0.21904761904761902,0.2647619047619047,0.33925925925925926,6
14,5,8,0.8253563561562309,0.7955059707302173,0.8229844808939121,0.02998857494505984,0.05666761693604566,0.03214118105955246,0.12406101578548247,0.010958062398103896,0.4316379113735217,0.49171717171717155,0.42303030303030303,0.49488042821376155,6
14,5,4,0.7819117642690098,0.7714231026923499,0.7767885296585205,0.0514467549080778,0.14537147841186382,0.041391279946364115,0.07096585512118996,0.010174340984598696,0.38034704601606495,0.20476190476190476,0.23142857142857146,0.26603174603174606,6
14,5,8,0.7819117642690098,0.7714231026923499,0.7767885296585205,0.0514467549080778,0.14537147841186382,0.041391279946364115,0.07096585512118996,0.010174340984598696,0.38034704601606495,0.44267288267288263,0.5016627816627817,0.48794612794612796,6
14,5,4,0.8151334973198873,0.792333091852837,0.8182961214588297,0.05588050809105189,0.2922629012328861,0.08027891139824256,0.053666260931150234,0.010828898071157968,0.28938090726835625,0.3561904761904763,0.27714285714285714,0.29989417989417994,6
14,5,8,0.8151334973198873,0.792333091852837,0.8182961214588297,0.05588050809105189,0.2922629012328861,0.08027891139824256,0.053666260931150234,0.010828898071157968,0.28938090726835625,0.4572183372183371,0.42303030303030303,0.548966588966589,6
14,5,4,0.8927548459071619,0.7419234029039125,0.8916397371578699,0.24074221761329018,0.4076630451798802,0.293879821466665,0.03584189783930792,0.005530084709396562,0.10013388069997801,0.35619047619047617,0.40952380952380957,0.36973544973544975,6
14,5,8,0.8927548459071619,0.7419234029039125,0.8916397371578699,0.24074221761329018,0.4076630451798802,0.293879821466665,0.03584189783930792,0.005530084709396562,0.10013388069997801,0.5886868686868686,0.48065268065268063,0.5517154450487785,6
14,5,4,0.776979164490873,0.7455993107480603,0.7639771242764961,0.02686358504288626,0.058287617701551865,0.029139993952140175,0.10875008796676733,0.013199447413015332,0.3994809772981559,0.32285714285714284,0.3460317460317461,0.36126984126984124,7
14,5,8,0.776979164490873,0.7455993107480603,0.7639771242764961,0.02686358504288626,0.058287617701551865,0.029139993952140175,0.10875008796676733,0.013199447413015332,0.3994809772981559,0.5014141414141413,0.5252525252525253,0.5435241301907968,7
14,5,4,0.8841596606058132,0.8521984848206148,0.8882327188306447,0.021944587190492682,0.054484084670308484,0.019892406596432804,0.1338307550549857,0.01305377342350731,0.41780721862480036,0.3238095238095238,0.35873015873015873,0.39978835978835964,7
14,5,8,0.8841596606058132,0.8521984848206148,0.8882327188306447,0.021944587190492682,0.054484084670308484,0.019892406596432804,0.1338307550549857,0.01305377342350731,0.41780721862480036,0.5563636363636363,0.4424242424242424,0.6232547699214367,7
14,5,4,0.8474644127995248,0.8369005472372107,0.8438459781719291,0.023784575525953946,0.05708842213108234,0.025261068565836188,0.1179051711197284,0.014854604180921866,0.5051177607964024,0.26476190476190475,0.3371428571428572,0.33862433862433866,7
14,5,8,0.8474644127995248,0.8369005472372107,0.8438459781719291,0.023784575525953946,0.05708842213108234,0.025261068565836188,0.1179051711197284,0.014854604180921866,0.5051177607964024,0.49358197358197353,0.5595959595959595,0.5178451178451179,7
14,5,4,0.8133243186176032,0.7322326421490223,0.8029766876955147,0.0454774828507674,0.1269931844974126,0.042817676840857334,0.09059999197246604,0.009828248349476749,0.35581136145695874,0.32952380952380955,0.31047619047619046,0.3583068783068783,7
14,5,8,0.8133243186176032,0.7322326421490223,0.8029766876955147,0.0454774828507674,0.1269931844974126,0.042817676840857334,0.09059999197246604,0.009828248349476749,0.35581136145695874,0.5208080808080807,0.5418181818181818,0.4714253647586981,7
14,5,4,0.8292408527075668,0.8348278889512292,0.8301876940948398,0.02044996553053097,0.04370025184115868,0.014387632443878138,0.13447604741075495,0.015074639071198458,0.5345823590357394,0.33904761904761904,0.3180952380952381,0.2893121693121693,7
14,5,8,0.8292408527075668,0.8348278889512292,0.8301876940948398,0.02044996553053097,0.04370025184115868,0.014387632443878138,0.13447604741075495,0.015074639071198458,0.5345823590357394,0.48606060606060597,0.4941414141414141,0.4749477682811016,7
14,5,4,0.7870796609679702,0.7185776623122536,0.7927553993103108,0.028553979078212128,0.09742526272950838,0.03265160940547941,0.11105579232364941,0.01317130320608073,0.39801971748691434,0.3485714285714286,0.2698412698412698,0.3153439153439153,7
14,5,8,0.7870796609679702,0.7185776623122536,0.7927553993103108,0.028553979078212128,0.09742526272950838,0.03265160940547941,0.11105579232364941,0.01317130320608073,0.39801971748691434,0.621010101010101,0.5555555555555556,0.481391694725028,7
14,5,4,0.7838857453131655,0.756082509918979,0.7981065347341054,0.02418000948205048,0.09083903694723094,0.026129597767732087,0.11015885432491301,0.013093559105805801,0.4273518661254695,0.2647619047619048,0.4342857142857143,0.2992592592592593,7
14,5,8,0.7838857453131655,0.756082509918979,0.7981065347341054,0.02418000948205048,0.09083903694723094,0.026129597767732087,0.11015885432491301,0.013093559105805801,0.4273518661254695,0.5385858585858585,0.5038383838383836,0.589405162738496,7
14,5,4,0.8263049523384265,0.7410022273648257,0.8531767106134106,0.02818604481102037,0.08751548855800191,0.02783066699101623,0.10170511434779904,0.010990637041963526,0.3121181984044469,0.42095238095238097,0.6222222222222222,0.3392592592592592,7
14,5,8,0.8263049523384265,0.7410022273648257,0.8531767106134106,0.02818604481102037,0.08751548855800191,0.02783066699101623,0.10170511434779904,0.010990637041963526,0.3121181984044469,0.5159595959595958,0.5326599326599326,0.5096745230078563,7
14,5,4,0.8047872019459036,0.8196592809512205,0.7940375161264256,0.02756888486656153,0.07607041404361772,0.029132723997062644,0.12894138201546493,0.00909153468984968,0.3752155235556936,0.32952380952380955,0.31746031746031744,0.38412698412698404,8
14,5,8,0.8047872019459036,0.8196592809512205,0.7940375161264256,0.02756888486656153,0.07607041404361772,0.029132723997062644,0.12894138201546493,0.00909153468984968,0.3752155235556936,0.44453768453768444,0.5124579124579124,0.531672278338945,8
14,5,4,0.8075967218123483,0.8083969788297888,0.8145162316437387,0.023099449671780826,0.07057452673815226,0.023832678376908036,0.13022695171222856,0.012361004674339754,0.5357729979364791,0.4019047619047619,0.26285714285714284,0.3955555555555555,8
14,5,8,0.8075967218123483,0.8083969788297888,0.8145162316437387,0.023099449671780826,0.07057452673815226,0.023832678376908036,0.13022695171222856,0.012361004674339754,0.5357729979364791,0.5329292929292928,0.44509712509712507,0.6353759820426488,8
14,5,4,0.8731131964089603,0.8571969113717024,0.869229796802219,0.03185967443283543,0.07979478579718575,0.023852996831909057,0.10968522842728927,0.012803115670263954,0.45426697138475797,0.3219047619047619,0.37523809523809526,0.30306878306878304,8
14,5,8,0.8731131964089603,0.8571969113717024,0.869229796802219,0.03185967443283543,0.07979478579718575,0.023852996831909057,0.10968522842728927,0.012803115670263954,0.45426697138475797,0.416006216006216,0.5329292929292928,0.4622533022533023,8
14,5,4,0.7518089245674735,0.7532076166655738,0.7415792277658443,0.05580841935036939,0.10884958381498232,0.05042067987558144,0.08895538519016429,0.008670727545302657,0.2773762820434181,0.3238095238095238,0.2222222222222222,0.3798941798941798,8
14,5,8,0.7518089245674735,0.7532076166655738,0.7415792277658443,0.05580841935036939,0.10884958381498232,0.05042067987558144,0.08895538519016429,0.008670727545302657,0.2773762820434181,0.5127272727272726,0.401087801087801,0.5032651299317965,8
14,5,4,0.7984963188970294,0.8149596647520975,0.7990680474094296,0.03632245223346167,0.0846830037572291,0.0379380829626134,0.08764505780933772,0.008667192266013934,0.24729798215376259,0.3676190476190476,0.24603174603174602,0.2992592592592593,8
14,5,8,0.7984963188970294,0.8149596647520975,0.7990680474094296,0.03632245223346167,0.0846830037572291,0.0379380829626134,0.08764505780933772,0.008667192266013934,0.24729798215376259,0.4795959595959595,0.47920227920227926,0.45916601916601907,8
14,5,4,0.655819530998207,0.697625284687103,0.6574587412182479,0.1336046843415671,0.20978473560249822,0.1529418316164718,0.049420508179450914,0.00530210730924693,0.13618434547657882,0.2571428571428571,0.4222222222222222,0.3748148148148148,8
14,5,8,0.655819530998207,0.697625284687103,0.6574587412182479,0.1336046843415671,0.20978473560249822,0.1529418316164718,0.049420508179450914,0.00530210730924693,0.13618434547657882,0.4593939393939393,0.5569023569023569,0.4323404990071656,8
14,5,4,0.7931428250248358,0.7969834728015983,0.7986511014857094,0.038207742809280965,0.14257284595536937,0.03609492004354762,0.07086026235308605,0.00940619583701955,0.24759351959900563,0.2771428571428572,0.34920634920634913,0.3121693121693121,8
14,5,8,0.7931428250248358,0.7969834728015983,0.7986511014857094,0.038207742809280965,0.14257284595536937,0.03609492004354762,0.07086026235308605,0.00940619583701955,0.24759351959900563,0.44267288267288263,0.4585858585858586,0.4717154450487784,8
14,5,4,0.8159363910501398,0.8738874688456064,0.860592268160507,0.042733808846428675,0.0783087064731329,0.03576359377938101,0.11835999908059372,0.010352211810479803,0.5172007409854419,0.37523809523809526,0.20952380952380953,0.5157671957671959,8
14,5,8,0.8159363910501398,0.8738874688456064,0.860592268160507,0.042733808846428675,0.0783087064731329,0.03576359377938101,0.11835999908059372,0.010352211810479803,0.5172007409854419,0.5305050505050504,0.3885314685314686,0.50335491668825,8
14,5,4,0.7787653092244675,0.752714924730697,0.7961872781657368,0.04748278168334682,0.12026333908560063,0.03318088244962219,0.07994347836932361,0.00975157271800643,0.3520022905521228,0.2704761904761904,0.26476190476190475,0.3625396825396825,9
14,5,8,0.7787653092244675,0.752714924730697,0.7961872781657368,0.04748278168334682,0.12026333908560063,0.03318088244962219,0.07994347836932361,0.00975157271800643,0.3520022905521228,0.44727272727272716,0.5309090909090908,0.498057498057498,9
14,5,4,0.7228699983565525,0.7182809162956397,0.74496033920015,0.07870368019705873,0.1499149442422913,0.05561780176823788,0.05163009577567972,0.006954451507957166,0.24899405846428033,0.2838095238095238,0.31238095238095237,0.3180952380952381,9
14,5,8,0.7228699983565525,0.7182809162956397,0.74496033920015,0.07870368019705873,0.1499149442422913,0.05561780176823788,0.05163009577567972,0.006954451507957166,0.24899405846428033,0.4146386946386946,0.43104895104895097,0.5102339635672968,9
14,5,4,0.8071176048849736,0.7762338885817686,0.8037346525667983,0.018773018506404737,0.061611584374446735,0.020004805974759805,0.09409466952483883,0.012236214342491513,0.3768037168136702,0.26285714285714284,0.2952380952380952,0.30095238095238097,9
14,5,8,0.8071176048849736,0.7762338885817686,0.8037346525667983,0.018773018506404737,0.061611584374446735,0.020004805974759805,0.09409466952483883,0.012236214342491513,0.3768037168136702,0.46262626262626255,0.5527272727272726,0.49158594491927826,9
14,5,4,0.6994592583203175,0.7105966938485241,0.7047276011705993,0.13155735555171882,0.12950440626154786,0.10209269346403253,0.031952525445095616,0.007284236417136008,0.22740140926022034,0.3028571428571428,0.4019047619047619,0.3534391534391534,9
14,5,8,0.6994592583203175,0.7105966938485241,0.7047276011705993,0.13155735555171882,0.12950440626154786,0.10209269346403253,0.031952525445095616,0.007284236417136008,0.22740140926022034,0.43515151515151507,0.5595959595959595,0.47033411033411027,9
14,5,4,0.822132037862371,0.7640747705341685,0.8190432975737857,0.04462946186482616,0.1288797318994151,0.048362659005019196,0.08978619745438225,0.007828708637364458,0.22350553151662061,0.5333333333333332,0.3619047619047619,0.43915343915343924,9
14,5,8,0.822132037862371,0.7640747705341685,0.8190432975737857,0.04462946186482616,0.1288797318994151,0.048362659005019196,0.08978619745438225,0.007828708637364458,0.22350553151662061,0.4572183372183371,0.5566433566433567,0.5887766554433222,9
14,5,4,0.7426488034716955,0.7291038579344354,0.7166036904827241,0.12766840417634356,0.14837002060696725,0.08293730495323588,0.042305378659119965,0.007197798328444138,0.24036889992806673,0.5599999999999998,0.2628571428571428,0.46412698412698405,9
14,5,8,0.7426488034716955,0.7291038579344354,0.7166036904827241,0.12766840417634356,0.14837002060696725,0.08293730495323588,0.042305378659119965,0.007197798328444138,0.24036889992806673,0.5127272727272726,0.515151515151515,0.5632772166105499,9
14,5,4,0.828784454290718,0.8540009945607344,0.8294004401147177,0.026546491549027773,0.05717735209465292,0.028715648209503793,0.11008917694477413,0.010890280346859871,0.4090512464320299,0.5333333333333333,0.25809523809523804,0.40021164021164013,9
14,5,8,0.828784454290718,0.8540009945607344,0.8294004401147177,0.026546491549027773,0.05717735209465292,0.028715648209503793,0.11008917694477413,0.010890280346859871,0.4090512464320299,0.4984304584304584,0.4884848484848484,0.5032996632996634,9
14,5,4,0.8495927101995846,0.8310111153620313,0.8474328443924064,0.02842422710164103,0.08348348825007637,0.021299163181085913,0.09538467189435357,0.010821595013481627,0.3924928436152798,0.6266666666666666,0.5142857142857142,0.3809523809523809,9
14,5,8,0.8495927101995846,0.8310111153620313,0.8474328443924064,0.02842422710164103,0.08348348825007637,0.021299163181085913,0.09538467189435357,0.010821595013481627,0.3924928436152798,0.49171717171717166,0.5652525252525251,0.5526823793490461,9
14,5,4,0.79333689427821,0.7909078248591134,0.7999954411296065,0.02850975723867912,0.10286903472008632,0.02918193777645209,0.08207038461898351,0.009091135103980512,0.35913805089358164,0.33714285714285713,0.2838095238095238,0.3377777777777778,10
14,5,8,0.79333689427821,0.7909078248591134,0.7999954411296065,0.02850975723867912,0.10286903472008632,0.02918193777645209,0.08207038461898351,0.009091135103980512,0.35913805089358164,0.46610722610722605,0.4715151515151514,0.42604851938185273,10
14,5,4,0.7772623600579303,0.7468133009263755,0.7785668949412197,0.04129096649678108,0.10375351100150275,0.05222949868473536,0.0708922829473823,0.008904394394742627,0.23269837544349753,0.37523809523809526,0.43492063492063493,0.3426455026455026,10
14,5,8,0.7772623600579303,0.7468133009263755,0.7785668949412197,0.04129096649678108,0.10375351100150275,0.05222949868473536,0.0708922829473823,0.008904394394742627,0.23269837544349753,0.5474747474747474,0.5124579124579125,0.531672278338945,10
14,5,4,0.8004918058337536,0.7992021688294639,0.8066877113230966,0.017466002850124222,0.045819001877847654,0.02014097683710305,0.11580601773474584,0.012537642980990377,0.3600582904773382,0.2314285714285714,0.2961904761904762,0.37164021164021166,10
14,5,8,0.8004918058337536,0.7992021688294639,0.8066877113230966,0.017466002850124222,0.045819001877847654,0.02014097683710305,0.11580601773474584,0.012537642980990377,0.3600582904773382,0.47636363636363627,0.42918414918414916,0.5194267460934128,10
14,5,4,0.8369783969890882,0.8402429547427684,0.8424836679283478,0.015033285765007164,0.0590198233076516,0.013997343732717743,0.1211859466314369,0.012095272011801696,0.4921733027497649,0.27714285714285714,0.4,0.293968253968254,10
14,5,8,0.8369783969890882,0.8402429547427684,0.8424836679283478,0.015033285765007164,0.0590198233076516,0.013997343732717743,0.1211859466314369,0.012095272011801696,0.4921733027497649,0.5353535353535352,0.5418181818181818,0.5304152637485972,10
14,5,4,0.8509238248591582,0.8330772428666149,0.8514310526433507,0.018644205194421146,0.047409293854645006,0.017672164365305557,0.14864211732745242,0.013767501785991756,0.5715486034417251,0.3561904761904762,0.31047619047619046,0.40444444444444444,10
14,5,8,0.8509238248591582,0.8330772428666149,0.8514310526433507,0.018644205194421146,0.047409293854645006,0.017672164365305557,0.14864211732745242,0.013767501785991756,0.5715486034417251,0.4884848484848484,0.5183838383838383,0.611851851851852,10
14,5,4,0.7860918460659284,0.7740108995597479,0.8114784936995767,0.07938108122922305,0.12285975807582926,0.06521977522013502,0.0558320432684094,0.0067366559949574864,0.17691963468973707,0.3152380952380952,0.21428571428571427,0.37291005291005286,10
14,5,8,0.7860918460659284,0.7740108995597479,0.8114784936995767,0.07938108122922305,0.12285975807582926,0.06521977522013502,0.0558320432684094,0.0067366559949574864,0.17691963468973707,0.46989898989898987,0.37684537684537683,0.5498989898989899,10
14,5,4,0.8021517015354491,0.7588459445944639,0.8233546822574357,0.06676362164263881,0.16680686763803926,0.07820621108885385,0.06924838209143012,0.007064851548258604,0.18840084465511836,0.2914285714285715,0.40317460317460313,0.23343915343915345,10
14,5,8,0.8021517015354491,0.7588459445944639,0.8233546822574357,0.06676362164263881,0.16680686763803926,0.07820621108885385,0.06924838209143012,0.007064851548258604,0.18840084465511836,0.5919191919191917,0.48282828282828283,0.5112008978675644,10
14,5,4,0.7550017122372839,0.7841081533410137,0.7748422461424883,0.05743999061262181,0.1037462943669661,0.06069894748593444,0.06849084580838208,0.006692045469452675,0.1857228953962051,0.3038095238095238,0.22380952380952382,0.3346031746031745,10
14,5,8,0.7550017122372839,0.7841081533410137,0.7748422461424883,0.05743999061262181,0.1037462943669661,0.06069894748593444,0.06849084580838208,0.006692045469452675,0.1857228953962051,0.4739393939393938,0.4478114478114479,0.462881809548476,10
14,5,4,0.7982708023035816,0.8094445196248126,0.8023793532420364,0.0333787569792192,0.09912836202279125,0.030045540029564582,0.10961103600225104,0.010189477946622212,0.41869471558159077,0.1933333333333333,0.2698412698412698,0.24465608465608463,11
14,5,8,0.7982708023035816,0.8094445196248126,0.8023793532420364,0.0333787569792192,0.09912836202279125,0.030045540029564582,0.10961103600225104,0.010189477946622212,0.41869471558159077,0.4084848484848485,0.503030303030303,0.48170249503582835,11
14,5,4,0.8279740368350388,0.8205618956869193,0.8220278760499555,0.022760897410444916,0.05046838331845793,0.02361704212637563,0.116804468916418,0.011487958715579977,0.3645595641925445,0.2457142857142857,0.5333333333333333,0.2668783068783068,11
14,5,8,0.8279740368350388,0.8205618956869193,0.8220278760499555,0.022760897410444916,0.05046838331845793,0.02361704212637563,0.116804468916418,0.011487958715579977,0.3645595641925445,0.4351515151515152,0.6646464646464646,0.5499542432875766,11
14,5,4,0.8387840801786497,0.8051556023930043,0.8478776299261095,0.02338093838207791,0.06827982060831064,0.019598984161457823,0.14143026799511985,0.01377047197057122,0.5701095770745659,0.36952380952380953,0.23809523809523805,0.2687830687830688,11
14,5,8,0.8387840801786497,0.8051556023930043,0.8478776299261095,0.02338093838207791,0.06827982060831064,0.019598984161457823,0.14143026799511985,0.01377047197057122,0.5701095770745659,0.4739393939393938,0.5535353535353535,0.45903479236812567,11
14,5,4,0.8302799733415062,0.7420817511911967,0.8217226720381017,0.0324063110452071,0.18159395838119002,0.03462996847477872,0.08857748011742207,0.011287566675764964,0.3764422503248882,0.18095238095238092,0.3561904761904762,0.24338624338624334,11
14,5,8,0.8302799733415062,0.7420817511911967,0.8217226720381017,0.0324063110452071,0.18159395838119002,0.03462996847477872,0.08857748011742207,0.011287566675764964,0.3764422503248882,0.4496969696969697,0.4351515151515152,0.48590175256841917,11
14,5,4,0.8735188502961138,0.7113904214154942,0.8672571534334935,0.04435136189954065,0.19411541026086,0.04544442400203197,0.0783853438457367,0.008510354232160088,0.31614875249083246,0.22380952380952382,0.36190476190476184,0.2874074074074074,11
14,5,8,0.8735188502961138,0.7113904214154942,0.8672571534334935,0.04435136189954065,0.19411541026086,0.04544442400203197,0.0783853438457367,0.008510354232160088,0.31614875249083246,0.4636829836829836,0.5062626262626261,0.49189674523007854,11
14,5,4,0.871937175838319,0.762289494274384,0.8717393832265515,0.08150808960590823,0.20056537184885662,0.0810556869116989,0.06891073851062296,0.006754960419990682,0.1934966508324683,0.23809523809523808,0.2825396825396825,0.3695238095238095,11
14,5,8,0.871937175838319,0.762289494274384,0.8717393832265515,0.08150808960590823,0.20056537184885662,0.0810556869116989,0.06891073851062296,0.006754960419990682,0.1934966508324683,0.4715151515151514,0.4751618751618752,0.5286195286195285,11
14,5,4,0.7525066718526287,0.7490907452792771,0.7480139147121571,0.06822397888294676,0.1203853135392112,0.06020609000028374,0.06121268935206473,0.007767687156887101,0.21740334362860253,0.28190476190476194,0.31047619047619046,0.3324867724867725,11
14,5,8,0.7525066718526287,0.7490907452792771,0.7480139147121571,0.06822397888294676,0.1203853135392112,0.06020609000028374,0.06121268935206473,0.007767687156887101,0.21740334362860253,0.4642424242424242,0.45939393939393935,0.4851282051282052,11
14,5,4,0.8114404943411129,0.8178342201745596,0.8125321763551341,0.02654318683200532,0.08323522121314543,0.026581094597648493,0.09277668495387223,0.01160033484610074,0.3733256558521271,0.34857142857142864,0.4019047619047619,0.3153439153439153,11
14,5,8,0.8114404943411129,0.8178342201745596,0.8125321763551341,0.02654318683200532,0.08323522121314543,0.026581094597648493,0.09277668495387223,0.01160033484610074,0.3733256558521271,0.43701631701631694,0.4351515151515152,0.4344746611413277,11
14,5,4,0.7496209015353619,0.7448061309996917,0.748668882755193,0.07799123462872105,0.15863879225946614,0.07075203586091901,0.06955309285868766,0.007057104672337979,0.24023767003166427,0.3561904761904762,0.2698412698412698,0.442116402116402,12
14,5,8,0.7496209015353619,0.7448061309996917,0.748668882755193,0.07799123462872105,0.15863879225946614,0.07075203586091901,0.06955309285868766,0.007057104672337979,0.24023767003166427,0.45479409479409477,0.41818181818181815,0.5038038504705172,12
14,5,4,0.7534905485808546,0.724855216920176,0.7409840261760752,0.04606394013564073,0.11583288066793983,0.04893917793483465,0.0784199289636769,0.006897430641854645,0.2520700556129943,0.3561904761904762,0.21904761904761902,0.36,12
14,5,8,0.7534905485808546,0.724855216920176,0.7409840261760752,0.04606394013564073,0.11583288066793983,0.04893917793483465,0.0784199289636769,0.006897430641854645,0.2520700556129943,0.5418181818181818,0.445097125097125,0.5501890701890702,12
14,5,4,0.790458770328265,0.7999536426683959,0.7910597641900292,0.04446729270814935,0.10072277580056649,0.0412166345553174,0.09708450909348824,0.007940050742401858,0.2643726687696294,0.44952380952380955,0.5555555555555555,0.4353439153439153,12
14,5,8,0.790458770328265,0.7999536426683959,0.7910597641900292,0.04446729270814935,0.10072277580056649,0.0412166345553174,0.09708450909348824,0.007940050742401858,0.2643726687696294,0.5237296037296036,0.7333333333333334,0.5361616161616161,12
14,5,4,0.8046934208399262,0.70704653127326,0.8021471951562762,0.08306346063117599,0.1696835882958173,0.07527916710597495,0.06036666733812335,0.0062185089729522814,0.21061551397836015,0.2914285714285714,0.3866666666666667,0.31132275132275133,12
14,5,8,0.8046934208399262,0.70704653127326,0.8021471951562762,0.08306346063117599,0.1696835882958173,0.07527916710597495,0.06036666733812335,0.0062185089729522814,0.21061551397836015,0.44671328671328664,0.49171717171717155,0.4651896251896251,12
14,5,4,0.7470982315477335,0.7406484185631556,0.7433763563240937,0.05982080983789881,0.1354569944306602,0.05890407101353102,0.07394792225581834,0.006923152127618269,0.22573914645748744,0.21714285714285714,0.2857142857142857,0.3917460317460318,12
14,5,8,0.7470982315477335,0.7406484185631556,0.7433763563240937,0.05982080983789881,0.1354569944306602,0.05890407101353102,0.07394792225581834,0.006923152127618269,0.22573914645748744,0.43272727272727274,0.4868686868686869,0.490971250971251,12
14,5,4,0.7755310893697551,0.7890568478212385,0.777729293082538,0.036035196843311454,0.08397049856831046,0.030935018412853083,0.1002324737174198,0.009482896710801039,0.39188346174794847,0.3142857142857143,0.24285714285714283,0.3644444444444444,12
14,5,8,0.7755310893697551,0.7890568478212385,0.777729293082538,0.036035196843311454,0.08397049856831046,0.030935018412853083,0.1002324737174198,0.009482896710801039,0.39188346174794847,0.39822843822843823,0.4146386946386946,0.45835793835793837,12
14,5,4,0.7677728401478866,0.7473949733927812,0.7508625904649138,0.03917769981673634,0.1156516273264494,0.03265120768237481,0.06675806460829253,0.009391915521686944,0.2627609998599913,0.3485714285714286,0.2698412698412698,0.37185185185185177,12
14,5,8,0.7677728401478866,0.7473949733927812,0.7508625904649138,0.03917769981673634,0.1156516273264494,0.03265120768237481,0.06675806460829253,0.009391915521686944,0.2627609998599913,0.5038383838383838,0.5313131313131313,0.4489096089096089,12
14,5,4,0.7648052478934264,0.7494068380456435,0.7539479197119505,0.05188930055046255,0.10683636737314837,0.05400674255473228,0.08343894995128531,0.008596191942947537,0.31113528418577935,0.23809523809523808,0.2123809523809524,0.3627513227513227,12
14,5,8,0.7648052478934264,0.7494068380456435,0.7539479197119505,0.05188930055046255,0.10683636737314837,0.05400674255473228,0.08343894995128531,0.008596191942947537,0.31113528418577935,0.4224708624708624,0.4394405594405594,0.48541828541828536,12
14,5,4,0.8742584182330886,0.7892677823728764,0.8883124621902299,0.06704122153031494,0.19568011592032,0.07747456561250886,0.07650728008340547,0.008161547229596423,0.25918543268178623,0.48761904761904756,0.1838095238095238,0.39005291005291,13
14,5,8,0.8742584182330886,0.7892677823728764,0.8883124621902299,0.06704122153031494,0.19568011592032,0.07747456561250886,0.07650728008340547,0.008161547229596423,0.25918543268178623,0.5240404040404039,0.3866666666666667,0.49886557886557886,13
14,5,4,0.7694959489999834,0.7805061234816053,0.7816040417080926,0.047036190096921074,0.20533197184489613,0.041827514527841995,0.07446176249005851,0.009454258918364468,0.34766320386006855,0.6799999999999999,0.3342857142857143,0.5386243386243388,13
14,5,8,0.7694959489999834,0.7805061234816053,0.7816040417080926,0.047036190096921074,0.20533197184489613,0.041827514527841995,0.07446176249005851,0.009454258918364468,0.34766320386006855,0.5474747474747473,0.4884848484848484,0.6259483726150394,13
14,5,4,0.8292027181150052,0.7690811895603032,0.8188404585126745,0.05889602855611929,0.158690025977422,0.053812965923677125,0.08347611302261831,0.007523927709180058,0.26917894629251665,0.320952380952381,0.26761904761904765,0.4467724867724867,13
14,5,8,0.8292027181150052,0.7690811895603032,0.8188404585126745,0.05889602855611929,0.158690025977422,0.053812965923677125,0.08347611302261831,0.007523927709180058,0.26917894629251665,0.4933333333333333,0.465050505050505,0.5557351290684623,13
14,5,4,0.719828656573489,0.5977949024995421,0.7364517365380491,0.17746807053598185,0.4549387339938995,0.16283893567845087,0.0358872886769467,0.004341224878636214,0.1671971019014011,0.3676190476190476,0.27142857142857146,0.40910052910052896,13
14,5,8,0.719828656573489,0.5977949024995421,0.7364517365380491,0.17746807053598185,0.4549387339938995,0.16283893567845087,0.0358872886769467,0.004341224878636214,0.1671971019014011,0.44267288267288263,0.44727272727272727,0.48854010187343533,13
14,5,4,0.8146777120966227,0.865295055797075,0.824897868453121,0.035872390766358,0.07960402247520562,0.03795465911364404,0.11170777187007118,0.01063369920977425,0.4297023901836299,0.5333333333333333,0.3028571428571428,0.431957671957672,13
14,5,8,0.8146777120966227,0.865295055797075,0.824897868453121,0.035872390766358,0.07960402247520562,0.03795465911364404,0.11170777187007118,0.01063369920977425,0.4297023901836299,0.5797979797979798,0.4158508158508159,0.5260157126823793,13
14,5,4,0.8044665394505586,0.6784499529136385,0.8003828003344013,0.08854067150836195,0.21420552942404944,0.09125365957315008,0.06616449253338072,0.00662594742037262,0.2090357846860383,0.37523809523809526,0.18253968253968253,0.475978835978836,13
14,5,8,0.8044665394505586,0.6784499529136385,0.8003828003344013,0.08854067150836195,0.21420552942404944,0.09125365957315008,0.06616449253338072,0.00662594742037262,0.2090357846860383,0.46181818181818174,0.5326599326599327,0.5454096520763189,13
14,5,4,0.8328911236840812,0.7203918103915729,0.8328911236840812,0.08573710465420452,0.2339779126139923,0.09995776964811144,0.06796046770709266,0.007480465061843782,0.2385598164769591,0.4152380952380952,0.22698412698412698,0.4391534391534392,13
14,5,8,0.8328911236840812,0.7203918103915729,0.8328911236840812,0.08573710465420452,0.2339779126139923,0.09995776964811144,0.06796046770709266,0.007480465061843782,0.2385598164769591,0.574141414141414,0.4585858585858586,0.45835793835793837,13
14,5,4,0.8033307905915472,0.8055642010270784,0.8310557057872204,0.04857356015083502,0.09997729869483764,0.05002639096811615,0.09569984788309523,0.009938205530344019,0.4737527980763246,0.3942857142857143,0.20476190476190476,0.4905820105820105,13
14,5,8,0.8033307905915472,0.8055642010270784,0.8310557057872204,0.04857356015083502,0.09997729869483764,0.05002639096811615,0.09569984788309523,0.009938205530344019,0.4737527980763246,0.47636363636363627,0.3782750582750583,0.5211879478546145,13
14,5,4,0.7269449532291883,0.7927719047695737,0.7558002311121852,0.04431766447277553,0.06109678922224492,0.03627998910762015,0.10612073349755516,0.009939538000723593,0.36389744902832494,0.3028571428571429,0.5333333333333333,0.44423280423280426,14
14,5,8,0.7269449532291883,0.7927719047695737,0.7558002311121852,0.04431766447277553,0.06109678922224492,0.03627998910762015,0.10612073349755516,0.009939538000723593,0.36389744902832494,0.6298989898989898,0.4585858585858586,0.5283501683501683,14
14,5,4,0.8454528668717098,0.8340918997027041,0.8196255475243297,0.02207003990859442,0.052993661727819844,0.027103299893197035,0.1526604099909999,0.012552580953283867,0.6426039391288848,0.3942857142857143,0.4222222222222222,0.30835978835978833,14
14,5,8,0.8454528668717098,0.8340918997027041,0.8196255475243297,0.02207003990859442,0.052993661727819844,0.027103299893197035,0.1526604099909999,0.012552580953283867,0.6426039391288848,0.5773737373737372,0.5111111111111112,0.5009859276525942,14
14,5,4,0.7208879470160657,0.7268335533513985,0.7370557678018406,0.051863317379343576,0.29493336136609105,0.05538709984696468,0.0645311567531289,0.005796347811841293,0.26737936187686245,0.3504761904761905,0.2825396825396825,0.41121693121693126,14
14,5,8,0.7208879470160657,0.7268335533513985,0.7370557678018406,0.051863317379343576,0.29493336136609105,0.05538709984696468,0.0645311567531289,0.005796347811841293,0.26737936187686245,0.5014141414141413,0.5313131313131313,0.4657066390399722,14
14,5,4,0.8031488784339248,0.7998527587080771,0.8002824886051458,0.044012448384497166,0.09518947288389006,0.045323760334653275,0.10537442916070669,0.008141155838691282,0.31598056419509785,0.2314285714285714,0.34380952380952384,0.3371428571428571,14
14,5,8,0.8031488784339248,0.7998527587080771,0.8002824886051458,0.044012448384497166,0.09518947288389006,0.045323760334653275,0.10537442916070669,0.008141155838691282,0.31598056419509785,0.6064646464646464,0.3917637917637918,0.45248726582059906,14
14,5,4,0.8168943423602701,0.8988807536048601,0.8166462282119759,0.0375116249104505,0.045600689283249216,0.035395232830863,0.11245850783456053,0.01201829654353648,0.3623545615988887,0.43999999999999995,0.3142857142857142,0.31132275132275133,14
14,5,8,0.8168943423602701,0.8988807536048601,0.8166462282119759,0.0375116249104505,0.045600689283249216,0.035395232830863,0.11245850783456053,0.01201829654353648,0.3623545615988887,0.44727272727272716,0.3693417693417693,0.44672019338686,14
14,5,4,0.8254229170517527,0.8731688210748105,0.8035677548778948,0.01628215927674357,0.030318073461864953,0.01629856115787104,0.18934482679119552,0.019028845331660996,0.7107938950053234,0.2838095238095238,0.21714285714285714,0.321058201058201,14
14,5,8,0.8254229170517527,0.8731688210748105,0.8035677548778948,0.01628215927674357,0.030318073461864953,0.01629856115787104,0.18934482679119552,0.019028845331660996,0.7107938950053234,0.4884848484848484,0.4161038961038961,0.5193024259690926,14
14,5,4,0.7136409640968743,0.6906166760354197,0.7225710203200477,0.07813284152244021,0.16553346321434367,0.08757661724738,0.05614717685431557,0.007052661541392702,0.18895410160879672,0.3866666666666667,0.24571428571428572,0.32825396825396824,14
14,5,8,0.7136409640968743,0.6906166760354197,0.7225710203200477,0.07813284152244021,0.16553346321434367,0.08757661724738,0.05614717685431557,0.007052661541392702,0.18895410160879672,0.4739393939393938,0.4642424242424242,0.4639247172580506,14
14,5,4,0.8285607715781008,0.7770446512925483,0.8028024232938213,0.03867992910069962,0.14747132412774097,0.03976259290780301,0.08516802485648037,0.009533894445922767,0.4528059213432532,0.3561904761904762,0.4742857142857142,0.32126984126984126,14
14,5,8,0.8285607715781008,0.7770446512925483,0.8028024232938213,0.03867992910069962,0.14747132412774097,0.03976259290780301,0.08516802485648037,0.009533894445922767,0.4528059213432532,0.562020202020202,0.5175757575757575,0.5032098765432098,14
14,5,4,0.7872495653275525,0.7837909265116899,0.8116611425721724,0.03836129480185439,0.08001848206497879,0.03482524591616981,0.11231886096647535,0.011714327277890709,0.5009612301944281,0.37523809523809526,0.28380952380952384,0.3428571428571429,15
14,5,8,0.7872495653275525,0.7837909265116899,0.8116611425721724,0.03836129480185439,0.08001848206497879,0.03482524591616981,0.11231886096647535,0.011714327277890709,0.5009612301944281,0.5008547008547009,0.5062626262626262,0.5885072951739619,15
14,5,4,0.824082880940033,0.7855947870157177,0.8151671493908453,0.0362606508897384,0.11041828090011925,0.033035792277807306,0.10571041411973166,0.008766864337976167,0.31525032387577756,0.2533333333333333,0.4380952380952381,0.31343915343915335,15
14,5,8,0.824082880940033,0.7855947870157177,0.8151671493908453,0.0362606508897384,0.11041828090011925,0.033035792277807306,0.10571041411973166,0.008766864337976167,0.31525032387577756,0.5216161616161615,0.5454545454545455,0.5098540965207631,15
14,5,4,0.822350350266748,0.8307390962275814,0.8336052001316948,0.029770338852389625,0.08130168985970086,0.023672549248416566,0.13906005041393613,0.01123034634248239,0.4266469356986088,0.3961904761904762,0.41269841269841273,0.37650793650793646,15
14,5,8,0.822350350266748,0.8307390962275814,0.8336052001316948,0.029770338852389625,0.08130168985970086,0.023672549248416566,0.13906005041393613,0.01123034634248239,0.4266469356986088,0.5038383838383838,0.632996632996633,0.48854010187343533,15
14,5,4,0.8271984243322442,0.831442336609358,0.823965230243641,0.03344293735391586,0.06320107253490032,0.03127396029141255,0.12919427167477152,0.013014286036788664,0.4273574366362013,0.3485714285714286,0.3038095238095238,0.40571428571428564,15
14,5,8,0.8271984243322442,0.831442336609358,0.823965230243641,0.03344293735391586,0.06320107253490032,0.03127396029141255,0.12919427167477152,0.013014286036788664,0.4273574366362013,0.5818181818181817,0.5773737373737373,0.5197306397306397,15
14,5,4,0.7886712395207577,0.7722688863623604,0.7907504308364383,0.07772394827712256,0.13336667448633657,0.07598332743547971,0.085151343210227,0.007201671845491459,0.2539155828369565,0.36095238095238097,0.4142857142857143,0.4213756613756614,15
14,5,8,0.7886712395207577,0.7722688863623604,0.7907504308364383,0.07772394827712256,0.13336667448633657,0.07598332743547971,0.085151343210227,0.007201671845491459,0.2539155828369565,0.4771717171717171,0.4478114478114478,0.5561840628507295,15
14,5,4,0.8059633301542166,0.8011396411661705,0.7891755037442422,0.026456158283201876,0.07155232689172324,0.025687906373582547,0.12500295438883063,0.011947288247014435,0.5549787080681028,0.3485714285714286,0.23809523809523808,0.3756613756613757,15
14,5,8,0.8059633301542166,0.8011396411661705,0.7891755037442422,0.026456158283201876,0.07155232689172324,0.025687906373582547,0.12500295438883063,0.011947288247014435,0.5549787080681028,0.493986013986014,0.3782750582750583,0.5391798325131659,15
14,5,4,0.7329301650752017,0.7241497291689277,0.7590435699482183,0.104556568408568,0.1733869157887531,0.10280448757502215,0.05986732967572305,0.0066018371771329265,0.21154344406365783,0.3504761904761905,0.2695238095238095,0.3466666666666666,15
14,5,8,0.7329301650752017,0.7241497291689277,0.7590435699482183,0.104556568408568,0.1733869157887531,0.10280448757502215,0.05986732967572305,0.0066018371771329265,0.21154344406365783,0.43272727272727274,0.4715151515151514,0.5275420875420875,15
14,5,4,0.8015887034368409,0.8018221468942297,0.7942932608279959,0.03464687062059254,0.07345929838765648,0.034801064327110075,0.09624539680204798,0.011854290334904498,0.39321893491804294,0.43999999999999995,0.3009523809523809,0.42857142857142855,15
14,5,8,0.8015887034368409,0.8018221468942297,0.7942932608279959,0.03464687062059254,0.07345929838765648,0.034801064327110075,0.09624539680204798,0.011854290334904498,0.39321893491804294,0.574141414141414,0.5014141414141413,0.5227833894500561,15
14,5,4,0.8715147744239085,0.838268757155037,0.8782200314804132,0.03427712275424726,0.11516705900168842,0.05403426206976948,0.08843139007326371,0.010647347089902911,0.40667458632330206,0.3028571428571428,0.29523809523809524,0.35724867724867726,16
14,5,8,0.8715147744239085,0.838268757155037,0.8782200314804132,0.03427712275424726,0.11516705900168842,0.05403426206976948,0.08843139007326371,0.010647347089902911,0.40667458632330206,0.5797979797979796,0.4496969696969697,0.5029612362945696,16
14,5,4,0.7477887284789219,0.7367715810482256,0.7183454625357313,0.04268841271849434,0.1049828209819021,0.051673568863015294,0.08271502370962987,0.010199380092306564,0.3516055515666094,0.28380952380952384,0.3219047619047619,0.35449735449735453,16
14,5,8,0.7477887284789219,0.7367715810482256,0.7183454625357313,0.04268841271849434,0.1049828209819021,0.051673568863015294,0.08271502370962987,0.010199380092306564,0.3516055515666094,0.5016627816627816,0.4351515151515152,0.48130190796857447,16
14,5,4,0.8350706473334113,0.8108364129630126,0.8271658855224617,0.03783208538070042,0.08612256151474304,0.038473124273505,0.10378539797339262,0.00961525538903542,0.28957390059561217,0.1980952380952381,0.41269841269841273,0.2778835978835979,16
14,5,8,0.8350706473334113,0.8108364129630126,0.8271658855224617,0.03783208538070042,0.08612256151474304,0.038473124273505,0.10378539797339262,0.00961525538903542,0.28957390059561217,0.42489510489510485,0.4922558922558922,0.4563964430631096,16
14,5,4,0.8539949570671136,0.8146639464987601,0.8475579042780532,0.03864319367107154,0.11811822839669234,0.030708436859241323,0.07622024314238973,0.009863835825196789,0.2338810465630781,0.23809523809523808,0.4666666666666666,0.34857142857142853,16
14,5,8,0.8539949570671136,0.8146639464987601,0.8475579042780532,0.03864319367107154,0.11811822839669234,0.030708436859241323,0.07622024314238973,0.009863835825196789,0.2338810465630781,0.4903496503496503,0.5333333333333333,0.4985064318397651,16
14,5,4,0.8150048177572919,0.8338096425939235,0.824137017643805,0.02178352950071872,0.06621873821163377,0.024295628606643357,0.12502829736109625,0.013659647516963325,0.6198896842934426,0.3028571428571428,0.37523809523809526,0.4052910052910052,16
14,5,8,0.8150048177572919,0.8338096425939235,0.824137017643805,0.02178352950071872,0.06621873821163377,0.024295628606643357,0.12502829736109625,0.013659647516963325,0.6198896842934426,0.5208080808080806,0.5183838383838383,0.4980022446689113,16
14,5,4,0.7471374436797359,0.7238767472481095,0.7510430788734275,0.028120717760557055,0.08186945914568775,0.048089584715237096,0.09446470904473213,0.011649820046271383,0.41060156343160975,0.30476190476190473,0.4933333333333333,0.4455026455026455,16
14,5,8,0.7471374436797359,0.7238767472481095,0.7510430788734275,0.028120717760557055,0.08186945914568775,0.048089584715237096,0.09446470904473213,0.011649820046271383,0.41060156343160975,0.46181818181818174,0.4496969696969697,0.5259811793145127,16
14,5,4,0.862520488921643,0.8297270260258863,0.8354727318900984,0.05128754791997194,0.1355463554372487,0.04626726441233633,0.10011090942557359,0.009511721418714243,0.43918104155138277,0.3561904761904762,0.2571428571428571,0.3544973544973545,16
14,5,8,0.862520488921643,0.8297270260258863,0.8354727318900984,0.05128754791997194,0.1355463554372487,0.04626726441233633,0.10011090942557359,0.009511721418714243,0.43918104155138277,0.5062626262626261,0.35589743589743594,0.5633670033670034,16
14,5,4,0.8635713238946836,0.832126234249656,0.8624283038946998,0.05592647476306621,0.09137487310483339,0.05830503091148955,0.12073078771548792,0.010038649116942308,0.3228996120371069,0.340952380952381,0.38095238095238093,0.3343915343915344,16
14,5,8,0.8635713238946836,0.832126234249656,0.8624283038946998,0.05592647476306621,0.09137487310483339,0.05830503091148955,0.12073078771548792,0.010038649116942308,0.3228996120371069,0.4642424242424242,0.5454545454545455,0.4338195138195138,16
14,5,4,0.7817708600875256,0.7869689190592811,0.7750217288391333,0.02821875650829874,0.07440974983548862,0.037465434257955475,0.10349736517426437,0.012582555877851538,0.5784617331314513,0.4019047619047619,0.35619047619047617,0.3553439153439153,17
14,5,8,0.7817708600875256,0.7869689190592811,0.7750217288391333,0.02821875650829874,0.07440974983548862,0.037465434257955475,0.10349736517426437,0.012582555877851538,0.5784617331314513,0.5183838383838383,0.465050505050505,0.5569023569023571,17
14,5,4,0.7081585097598424,0.6818549843521442,0.7220768174440059,0.09931793695355262,0.21829859687887648,0.13451371847491617,0.06899684293335999,0.0058360867526641965,0.17780433296448436,0.3028571428571429,0.34603174603174597,0.3733333333333333,17
14,5,8,0.7081585097598424,0.6818549843521442,0.7220768174440059,0.09931793695355262,0.21829859687887648,0.13451371847491617,0.06899684293335999,0.0058360867526641965,0.17780433296448436,0.4892929292929292,0.6107744107744107,0.5585185185185185,17
14,5,4,0.819369053190507,0.7386714362069764,0.8240835866785182,0.03726973952462341,0.1858584752266847,0.04573228351198143,0.08062703549041493,0.009623718952065197,0.28661439565352725,0.15714285714285714,0.25047619047619046,0.2427513227513227,17
14,5,8,0.819369053190507,0.7386714362069764,0.8240835866785182,0.03726973952462341,0.1858584752266847,0.04573228351198143,0.08062703549041493,0.009623718952065197,0.28661439565352725,0.4402486402486402,0.432975912975913,0.5131416731416731,17
14,5,4,0.8270441183567573,0.7957680777284403,0.8105969481595038,0.05687985614562555,0.1513384073111958,0.054880893797484884,0.07726163423357088,0.007400936380066465,0.24805453495345253,0.23809523809523808,0.31047619047619046,0.42920634920634926,17
14,5,8,0.8270441183567573,0.7957680777284403,0.8105969481595038,0.05687985614562555,0.1513384073111958,0.054880893797484884,0.07726163423357088,0.007400936380066465,0.24805453495345253,0.5450505050505049,0.4795959595959595,0.5515151515151516,17
14,5,4,0.8143984699179956,0.8168514480754632,0.8195748921794191,0.03231921063763284,0.06740530778575568,0.029486738858696123,0.10395609619413698,0.011120218880803423,0.4252228234855345,0.42857142857142855,0.2857142857142857,0.34730158730158733,17
14,5,8,0.8143984699179956,0.8168514480754632,0.8195748921794191,0.03231921063763284,0.06740530778575568,0.029486738858696123,0.10395609619413698,0.011120218880803423,0.4252228234855345,0.532121212121212,0.5216161616161615,0.6064646464646465,17
14,5,4,0.7292513386353783,0.5963795266423595,0.7353484830780577,0.08136993033689979,0.17377036309446683,0.08277321140074968,0.06031631878658513,0.007012227252853448,0.27752108855752533,0.3561904761904762,0.2571428571428571,0.4264550264550264,17
14,5,8,0.7292513386353783,0.5963795266423595,0.7353484830780577,0.08136993033689979,0.17377036309446683,0.08277321140074968,0.06031631878658513,0.007012227252853448,0.27752108855752533,0.44509712509712507,0.4146386946386946,0.5233221099887767,17
14,5,4,0.7419712189156317,0.6933824037850659,0.729985168983658,0.09888443932095665,0.174318265718074,0.10132641936345428,0.07289630686884846,0.0067789319349753395,0.25917376281793925,0.31047619047619046,0.1980952380952381,0.4099470899470899,17
14,5,8,0.7419712189156317,0.6933824037850659,0.729985168983658,0.09888443932095665,0.174318265718074,0.10132641936345428,0.07289630686884846,0.0067789319349753395,0.25917376281793925,0.5208080808080807,0.3782750582750583,0.5663299663299664,17
14,5,4,0.6972271404592858,0.7108420728132657,0.7135627232796167,0.07148275536254649,0.1673079673138443,0.08063334381595692,0.06693448201834255,0.007444296498700098,0.2859995793124597,0.35619047619047617,0.24285714285714288,0.3856084656084657,17
14,5,8,0.6972271404592858,0.7108420728132657,0.7135627232796167,0.07148275536254649,0.1673079673138443,0.08063334381595692,0.06693448201834255,0.007444296498700098,0.2859995793124597,0.5442424242424242,0.41090909090909095,0.5564534231200898,17
14,5,4,0.7732659130938303,0.7972139020131235,0.7770337295951473,0.04639084154523032,0.08048890635613593,0.04167851296432553,0.08000752824436948,0.011016711874468673,0.3364314635107546,0.2619047619047619,0.31047619047619046,0.3976719576719576,18
14,5,8,0.7732659130938303,0.7972139020131235,0.7770337295951473,0.04639084154523032,0.08048890635613593,0.04167851296432553,0.08000752824436948,0.011016711874468673,0.3364314635107546,0.49090909090909085,0.40606060606060607,0.5000328066994734,18
14,5,4,0.7971012850630549,0.7953581439688545,0.7922522618460077,0.04111109887058401,0.09781282949986926,0.042733007726019644,0.07796758292011675,0.010089033507212655,0.29813517975316567,0.30952380952380953,0.26666666666666666,0.3815873015873015,18
14,5,8,0.7971012850630549,0.7953581439688545,0.7922522618460077,0.04111109887058401,0.09781282949986926,0.042733007726019644,0.07796758292011675,0.010089033507212655,0.29813517975316567,0.42918414918414916,0.44727272727272716,0.5811447811447812,18
14,5,4,0.8030684732153195,0.8022144135562314,0.7993775649451125,0.028801252110616925,0.07332436454221078,0.027337703698025292,0.11978231713970686,0.01178339215781775,0.3763110804650572,0.3428571428571428,0.32698412698412693,0.4016931216931217,18
14,5,8,0.8030684732153195,0.8022144135562314,0.7993775649451125,0.028801252110616925,0.07332436454221078,0.027337703698025292,0.11978231713970686,0.01178339215781775,0.3763110804650572,0.5595959595959595,0.5272727272727272,0.6038608305274972,18
14,5,4,0.8203004080977683,0.8507571492645835,0.8203495204430361,0.02205958903318991,0.06856839654785941,0.020405766781326974,0.11061593260034179,0.012355768275416339,0.43810790663791954,0.24285714285714288,0.4698412698412698,0.28380952380952373,18
14,5,8,0.8203004080977683,0.8507571492645835,0.8203495204430361,0.02205958903318991,0.06856839654785941,0.020405766781326974,0.11061593260034179,0.012355768275416339,0.43810790663791954,0.5361616161616161,0.5326599326599327,0.5323905723905724,18
14,5,4,0.800287452951154,0.7864167306128146,0.793862716060638,0.030844656262332154,0.07471222511349813,0.03004272910114334,0.10426328290322626,0.010672438258908505,0.35571057384583266,0.2761904761904762,0.4609523809523809,0.314074074074074,18
14,5,8,0.800287452951154,0.7864167306128146,0.793862716060638,0.030844656262332154,0.07471222511349813,0.03004272910114334,0.10426328290322626,0.010672438258908505,0.35571057384583266,0.5329292929292928,0.5830303030303029,0.5505274971941639,18
14,5,4,0.7584067138715115,0.7600154347092327,0.758321177081671,0.052304408976325475,0.09557757029359146,0.050387089616249686,0.07644783188758106,0.010158482002577232,0.29926373605993783,0.3485714285714286,0.35873015873015873,0.42857142857142855,18
14,5,8,0.7584067138715115,0.7600154347092327,0.758321177081671,0.052304408976325475,0.09557757029359146,0.050387089616249686,0.07644783188758106,0.010158482002577232,0.29926373605993783,0.6064646464646464,0.5272727272727272,0.5984736251402918,18
14,5,4,0.8282489959195627,0.8142728889355305,0.8155870671755405,0.03222314674099983,0.06193531446598467,0.02103956439219041,0.0986708319442015,0.011887261110938213,0.38626171628918843,0.4533333333333333,0.34603174603174597,0.4031746031746031,18
14,5,8,0.8282489959195627,0.8142728889355305,0.8155870671755405,0.03222314674099983,0.06193531446598467,0.02103956439219041,0.0986708319442015,0.011887261110938213,0.38626171628918843,0.5773737373737373,0.46262626262626266,0.5121885521885522,18
14,5,4,0.8715071731460203,0.8322905398110428,0.8702370905276919,0.035695986549019273,0.07855973021731147,0.0365602653022894,0.1281128585752106,0.00960760955126173,0.36679345720123585,0.32285714285714284,0.19999999999999998,0.39005291005291,18
14,5,8,0.8715071731460203,0.8322905398110428,0.8702370905276919,0.035695986549019273,0.07855973021731147,0.0365602653022894,0.1281128585752106,0.00960760955126173,0.36679345720123585,0.5086868686868686,0.4871794871794872,0.567138047138047,18
14,5,4,0.8628194820944229,0.8534793127423319,0.8560982599012116,0.020326502795236713,0.06635104061369133,0.0237531762102107,0.11789723470472287,0.01404922662095304,0.6080483421664981,0.3028571428571428,0.31047619047619046,0.34201058201058204,19
14,5,8,0.8628194820944229,0.8534793127423319,0.8560982599012116,0.020326502795236713,0.06635104061369133,0.0237531762102107,0.11789723470472287,0.01404922662095304,0.6080483421664981,0.5474747474747473,0.5038383838383836,0.522783389450056,19
14,5,4,0.7991382564147758,0.7698942742635956,0.7867229392485356,0.042275670801045155,0.1068797963828394,0.0370798887625063,0.10914730645513317,0.010470470953703856,0.5031262624656401,0.24285714285714283,0.20952380952380953,0.353015873015873,19
14,5,8,0.7991382564147758,0.7698942742635956,0.7867229392485356,0.042275670801045155,0.1068797963828394,0.0370798887625063,0.10914730645513317,0.010470470953703856,0.5031262624656401,0.4941414141414141,0.44453768453768455,0.5698316498316498,19
14,5,4,0.8243194162203549,0.8111371700354485,0.8222588216560521,0.02789476192473101,0.0745730170081115,0.021301055403607015,0.11858537469311567,0.01262291378593602,0.5377296588748526,0.28380952380952384,0.19809523809523807,0.32613756613756606,19
14,5,8,0.8243194162203549,0.8111371700354485,0.8222588216560521,0.02789476192473101,0.0745730170081115,0.021301055403607015,0.11858537469311567,0.01262291378593602,0.5377296588748526,0.4642424242424242,0.45479409479409477,0.4802876136209469,19
14,5,4,0.8119466890223886,0.8102711863885571,0.7969797001063424,0.020951791434519564,0.06696961698635819,0.016315405560406546,0.10667619093943367,0.013140346315860894,0.470346351014491,0.26476190476190475,0.21047619047619048,0.3887830687830687,19
14,5,8,0.8119466890223886,0.8102711863885571,0.7969797001063424,0.020951791434519564,0.06696961698635819,0.016315405560406546,0.10667619093943367,0.013140346315860894,0.470346351014491,0.48606060606060597,0.4771717171717171,0.5638159371492705,19
14,5,4,0.8392419340638266,0.844867010250489,0.8488796997486662,0.03713812562210353,0.09801272884779702,0.03193274256009292,0.09713989926000935,0.011847892487131435,0.4886357333562946,0.22666666666666666,0.21904761904761902,0.29798941798941797,19
14,5,8,0.8392419340638266,0.844867010250489,0.8488796997486662,0.03713812562210353,0.09801272884779702,0.03193274256009292,0.09713989926000935,0.011847892487131435,0.4886357333562946,0.4496969696969696,0.4852525252525252,0.45812311145644474,19
14,5,4,0.8607883303433249,0.8512712023174405,0.8462624429009528,0.014992061360771709,0.05544238045534178,0.02015365411515368,0.13063073967326932,0.015348616872626675,0.6057911898236554,0.28380952380952384,0.3561904761904762,0.2992592592592592,19
14,5,8,0.8607883303433249,0.8512712023174405,0.8462624429009528,0.014992061360771709,0.05544238045534178,0.02015365411515368,0.13063073967326932,0.015348616872626675,0.6057911898236554,0.4795959595959595,0.5127272727272726,0.5026711560044892,19
14,5,4,0.7404979685252048,0.7379492863724342,0.7536681193940733,0.04401314010892799,0.1118408549360506,0.04777574237525792,0.09673290126245963,0.011022582057202414,0.4153529238467579,0.28380952380952384,0.31523809523809526,0.2848677248677248,19
14,5,8,0.7404979685252048,0.7379492863724342,0.7536681193940733,0.04401314010892799,0.1118408549360506,0.04777574237525792,0.09673290126245963,0.011022582057202414,0.4153529238467579,0.545050505050505,0.4146386946386946,0.5190330656997324,19
14,5,4,0.8518386133665641,0.8597361301726897,0.8443288187533136,0.025450406597658508,0.08267260819250562,0.028435346721654643,0.10466234754654395,0.012692859044574591,0.4626111250270686,0.26476190476190475,0.3180952380952381,0.3286772486772487,19
14,5,8,0.8518386133665641,0.8597361301726897,0.8443288187533136,0.025450406597658508,0.08267260819250562,0.028435346721654643,0.10466234754654395,0.012692859044574591,0.4626111250270686,0.5450505050505049,0.48146076146076144,0.47703358370025034,19
20,3,6,0.875159728908424,0.8900386302642329,0.8697947931775791,0.029637378371819997,0.08839126362482765,0.0295912408523142,0.20979875610195156,0.02253702819010522,0.5568170675216041,0.5,0.5555555555555555,0.2888888888888889,0
20,3,12,0.875159728908424,0.8900386302642329,0.8697947931775791,0.029637378371819997,0.08839126362482765,0.0295912408523142,0.20979875610195156,0.02253702819010522,0.5568170675216041,0.5859728506787331,0.6666666666666666,0.5714285714285715,0
20,3,6,0.7551803190759916,0.7929146697724654,0.7588149607906115,0.07366784071409666,0.13662015990608858,0.07010480952140138,0.1882948073443882,0.01677471259783314,0.4491899102604605,0.4158730158730159,1.0,0.4603174603174603,0
20,3,12,0.7551803190759916,0.7929146697724654,0.7588149607906115,0.07366784071409666,0.13662015990608858,0.07010480952140138,0.1882948073443882,0.01677471259783314,0.4491899102604605,0.5372549019607843,1.0,0.5666666666666667,0
20,3,6,0.8334655695354755,0.8508303102855866,0.8395427890629528,0.052117311638948505,0.12761860070784645,0.05521951049355942,0.22555108331149362,0.01977061654886506,0.5287429925296773,0.6666666666666666,1.0,0.5158730158730159,0
20,3,12,0.8334655695354755,0.8508303102855866,0.8395427890629528,0.052117311638948505,0.12761860070784645,0.05521951049355942,0.22555108331149362,0.01977061654886506,0.5287429925296773,0.7333333333333334,1.0,0.6487179487179487,0
20,3,6,0.8440375199133553,0.8405131061271466,0.8363753254681807,0.03273883204971803,0.11831803732440041,0.03222893755983337,0.2249379856449142,0.0210738702927183,0.5804930319623137,0.5158730158730158,1.0,0.38888888888888884,0
20,3,12,0.8440375199133553,0.8405131061271466,0.8363753254681807,0.03273883204971803,0.11831803732440041,0.03222893755983337,0.2249379856449142,0.0210738702927183,0.5804930319623137,0.7582417582417582,1.0,0.5666666666666668,0
20,3,6,0.8128568968473032,0.8028003935730731,0.8197674579429993,0.08770098538577412,0.2834321041096006,0.08423017313755048,0.124253491591456,0.016622310989465077,0.3879953870037884,0.5158730158730159,0.38888888888888884,0.26363636363636367,0
20,3,12,0.8128568968473032,0.8028003935730731,0.8197674579429993,0.08770098538577412,0.2834321041096006,0.08423017313755048,0.124253491591456,0.016622310989465077,0.3879953870037884,0.7142857142857143,0.503921568627451,0.47450980392156855,0
20,3,6,0.8269478106369622,0.821962653715589,0.8183548801998201,0.05597958409057351,0.14897856551827002,0.05087961762013263,0.17303675497977258,0.0170763798226958,0.42591535720223406,0.4158730158730159,0.5555555555555555,0.4444444444444444,0
20,3,12,0.8269478106369622,0.821962653715589,0.8183548801998201,0.05597958409057351,0.14897856551827002,0.05087961762013263,0.17303675497977258,0.0170763798226958,0.42591535720223406,0.682051282051282,0.6666666666666666,0.7142857142857143,0
20,3,6,0.8966374845195719,0.8937066990738186,0.8962775035617093,0.03840270713520217,0.14375987467367055,0.03785373198015572,0.23397728269870877,0.022038705731566133,0.5864962843189129,0.3444444444444444,1.0,0.2888888888888889,0
20,3,12,0.8966374845195719,0.8937066990738186,0.8962775035617093,0.03840270713520217,0.14375987467367055,0.03785373198015572,0.23397728269870877,0.022038705731566133,0.5864962843189129,0.6078431372549019,1.0,0.4705882352941176,0
20,3,6,0.8115966194894528,0.8095394007107252,0.8140740268073912,0.08944279131700246,0.21194274203427801,0.08491972585685294,0.1729194890723627,0.017020650461952506,0.40972298280239655,0.5158730158730158,1.0,0.5714285714285715,0
20,3,12,0.8115966194894528,0.8095394007107252,0.8140740268073912,0.08944279131700246,0.21194274203427801,0.08491972585685294,0.1729194890723627,0.017020650461952506,0.40972298280239655,0.5714285714285715,1.0,0.7582417582417582,0
20,3,6,0.7545385777608898,0.7598027719240886,0.7514409329706054,0.041324042721266975,0.10404778772108066,0.04060148140211055,0.1466278877146204,0.014905544237637043,0.33400157935654545,0.6666666666666666,1.0,0.8095238095238096,1
20,3,12,0.7545385777608898,0.7598027719240886,0.7514409329706054,0.041324042721266975,0.10404778772108066,0.04060148140211055,0.1466278877146204,0.014905544237637043,0.33400157935654545,0.7333333333333334,1.0,0.7201465201465201,1
20,3,6,0.7939446445332433,0.8248193926920552,0.789061071246041,0.057337381237994776,0.10462053070816894,0.06102389973643536,0.11454760168434065,0.014434066209912721,0.362212125283272,0.24444444444444446,0.3080808080808081,0.4444444444444444,1
20,3,12,0.7939446445332433,0.8248193926920552,0.789061071246041,0.057337381237994776,0.10462053070816894,0.06102389973643536,0.11454760168434065,0.014434066209912721,0.362212125283272,0.5666666666666668,0.6047619047619047,0.4705882352941176,1
20,3,6,0.7723951728858751,0.7996423017007943,0.775494485729166,0.030572320320234436,0.08647597749627924,0.03012734414382236,0.14182280841356515,0.019049548266994825,0.3484283330121999,0.5158730158730159,0.4666666666666666,0.24444444444444446,1
20,3,12,0.7723951728858751,0.7996423017007943,0.775494485729166,0.030572320320234436,0.08647597749627924,0.03012734414382236,0.14182280841356515,0.019049548266994825,0.3484283330121999,0.6761904761904761,0.5555555555555555,0.5372549019607843,1
20,3,6,0.6777631976691689,0.6966599379619983,0.6703585005601139,0.28654010312222283,0.38895924535798193,0.28615989017903765,0.05913732189566823,0.0073699011239170015,0.1272824115394587,0.3444444444444444,1.0,0.5555555555555555,1
20,3,12,0.6777631976691689,0.6966599379619983,0.6703585005601139,0.28654010312222283,0.38895924535798193,0.28615989017903765,0.05913732189566823,0.0073699011239170015,0.1272824115394587,0.5714285714285715,1.0,0.6047619047619048,1
20,3,6,0.7191522286154549,0.7137854909885156,0.720842878432871,0.10418239036001771,0.1606511999173001,0.1065850637438587,0.09690628380087955,0.011034247004840956,0.212490920098692,0.4603174603174603,1.0,0.4603174603174603,1
20,3,12,0.7191522286154549,0.7137854909885156,0.720842878432871,0.10418239036001771,0.1606511999173001,0.1065850637438587,0.09690628380087955,0.011034247004840956,0.212490920098692,0.5372549019607843,1.0,0.682051282051282,1
20,3,6,0.773904740711671,0.7945303640614293,0.7704389929556006,0.06565749723379728,0.14348392762641285,0.07430109060951998,0.10908255734483245,0.01400133345891121,0.33482066473588057,0.2080808080808081,0.30808080808080807,0.4158730158730159,1
20,3,12,0.773904740711671,0.7945303640614293,0.7704389929556006,0.06565749723379728,0.14348392762641285,0.07430109060951998,0.10908255734483245,0.01400133345891121,0.33482066473588057,0.4705882352941176,0.542016806722689,0.503921568627451,1
20,3,6,0.7018027473914312,0.741540939377564,0.6917891863954068,0.10406606461284004,0.28275353941466097,0.10046383189047495,0.08896635495651901,0.00915797871929257,0.21169027870273144,0.38888888888888884,1.0,0.4158730158730159,1
20,3,12,0.7018027473914312,0.741540939377564,0.6917891863954068,0.10406606461284004,0.28275353941466097,0.10046383189047495,0.08896635495651901,0.00915797871929257,0.21169027870273144,0.638095238095238,1.0,0.638095238095238,1
20,3,6,0.6429632706084545,0.6836853297805392,0.6270406167997382,0.2630387209483663,0.4430371539147565,0.25613593596683226,0.05815113697634603,0.006330830978805131,0.14245151742251733,0.2272727272727273,0.39393939393939387,0.4158730158730159,1
20,3,12,0.6429632706084545,0.6836853297805392,0.6270406167997382,0.2630387209483663,0.4430371539147565,0.25613593596683226,0.05815113697634603,0.006330830978805131,0.14245151742251733,0.503921568627451,0.5565610859728506,0.5565610859728506,1
20,3,6,0.8474458435437564,0.8591863741217632,0.8419887690077518,0.033890635225606126,0.06358266150939659,0.03388832110893577,0.21463336360727284,0.017261738625514455,0.6513723880383642,0.4158730158730159,0.5158730158730158,0.30808080808080807,2
20,3,12,0.8474458435437564,0.8591863741217632,0.8419887690077518,0.033890635225606126,0.06358266150939659,0.03388832110893577,0.21463336360727284,0.017261738625514455,0.6513723880383642,0.682051282051282,0.6666666666666666,0.503921568627451,2
20,3,6,0.8984074783880802,0.9485353879636111,0.8730328802368685,0.05779296626982901,0.0656062162884443,0.055356349884213465,0.2340149700590155,0.02034321138208065,0.7253966416009079,0.3444444444444444,0.4603174603174603,0.2888888888888889,2
20,3,12,0.8984074783880802,0.9485353879636111,0.8730328802368685,0.05779296626982901,0.0656062162884443,0.055356349884213465,0.2340149700590155,0.02034321138208065,0.7253966416009079,0.5666666666666667,0.682051282051282,0.6,2
20,3,6,0.8340707788982991,0.8618907636350057,0.8149667383267278,0.03764208197150022,0.07954088740303601,0.039961575107648854,0.20810355627155483,0.01663585810724746,0.6303198006091509,0.5714285714285715,0.5158730158730158,0.3444444444444444,2
20,3,12,0.8340707788982991,0.8618907636350057,0.8149667383267278,0.03764208197150022,0.07954088740303601,0.039961575107648854,0.20810355627155483,0.01663585810724746,0.6303198006091509,0.542016806722689,0.6487179487179487,0.503921568627451,2
20,3,6,0.854681856241518,0.8995103889363479,0.8201396730704538,0.0356667920138098,0.0837570070468204,0.03551919167814696,0.2079142444098579,0.016770129031741573,0.633287520266672,0.5158730158730158,0.8095238095238096,0.2888888888888889,2
20,3,12,0.854681856241518,0.8995103889363479,0.8201396730704538,0.0356667920138098,0.0837570070468204,0.03551919167814696,0.2079142444098579,0.016770129031741573,0.633287520266672,0.5,0.6153846153846154,0.4411764705882353,2
20,3,6,0.87821231665952,0.9449700630506664,0.8324985211862375,0.05881794752064022,0.07312592429144851,0.0522521531969452,0.256563214634911,0.02160935696652713,0.7529459996345856,0.3444444444444444,0.4666666666666666,0.5555555555555555,2
20,3,12,0.87821231665952,0.9449700630506664,0.8324985211862375,0.05881794752064022,0.07312592429144851,0.0522521531969452,0.256563214634911,0.02160935696652713,0.7529459996345856,0.503921568627451,0.6666666666666666,0.5333333333333333,2
20,3,6,0.925419612030399,0.8260389231412495,0.9158275009518562,0.037674029667934344,0.23623180307771288,0.03865843234238409,0.11587900058100048,0.017056726653712422,0.29046560210702055,0.3444444444444444,0.3444444444444444,0.38888888888888884,2
20,3,12,0.925419612030399,0.8260389231412495,0.9158275009518562,0.037674029667934344,0.23623180307771288,0.03865843234238409,0.11587900058100048,0.017056726653712422,0.29046560210702055,0.6047619047619048,0.5714285714285715,0.6761904761904761,2
20,3,6,0.8561428642850455,0.8210149644250451,0.8695711628800238,0.040996461921780365,0.11788199555935885,0.03744850416522774,0.1520878020979226,0.01438384398358656,0.45051390712424616,0.5158730158730159,0.4158730158730159,0.4603174603174603,2
20,3,12,0.8561428642850455,0.8210149644250451,0.8695711628800238,0.040996461921780365,0.11788199555935885,0.03744850416522774,0.1520878020979226,0.01438384398358656,0.45051390712424616,0.48646125116713357,0.5753501400560225,0.5666666666666668,2
20,3,6,0.8289651026094554,0.8721706557424225,0.8502300830929873,0.04153696365807614,0.18097591165100516,0.036856079842187715,0.12791417949281675,0.014299860905695981,0.4346145648740281,0.30808080808080807,0.6428571428571429,0.3444444444444444,2
20,3,12,0.8289651026094554,0.8721706557424225,0.8502300830929873,0.04153696365807614,0.18097591165100516,0.036856079842187715,0.12791417949281675,0.014299860905695981,0.4346145648740281,0.4705882352941176,0.6761904761904761,0.5666666666666667,2
20,3,6,0.7743822493944921,0.781119519137012,0.7734430321489622,0.030808515790062368,0.05838022345178075,0.03444907845792454,0.20429375656599905,0.02237007139593825,0.462604576523353,0.30808080808080807,1.0,0.3444444444444444,3
20,3,12,0.7743822493944921,0.781119519137012,0.7734430321489622,0.030808515790062368,0.05838022345178075,0.03444907845792454,0.20429375656599905,0.02237007139593825,0.462604576523353,0.682051282051282,1.0,0.5304172951231775,3
20,3,6,0.9095448597295189,0.7759530470015181,0.9062362935643042,0.05673524860884807,0.18389558627267277,0.062141110341781394,0.15480877174984134,0.02242248284140003,0.38906558555201104,0.4603174603174603,1.0,0.4158730158730159,3
20,3,12,0.9095448597295189,0.7759530470015181,0.9062362935643042,0.05673524860884807,0.18389558627267277,0.062141110341781394,0.15480877174984134,0.02242248284140003,0.38906558555201104,0.503921568627451,1.0,0.542016806722689,3
20,3,6,0.8208545954765119,0.8304369514168607,0.809762195264485,0.03520165003791313,0.10866236847133036,0.02603178844900266,0.1996777136402429,0.023226762256325407,0.5902614004137228,0.38888888888888884,0.37142857142857144,0.3333333333333333,3
20,3,12,0.8208545954765119,0.8304369514168607,0.809762195264485,0.03520165003791313,0.10866236847133036,0.02603178844900266,0.1996777136402429,0.023226762256325407,0.5902614004137228,0.6761904761904761,0.48646125116713357,0.6761904761904761,3
20,3,6,0.8429652860426146,0.8295321826804882,0.8450508262450505,0.08295600060048601,0.1736731836091238,0.0863060755122407,0.16441835285798914,0.02153304057426297,0.4269483168036577,0.5,0.4158730158730159,0.4444444444444444,3
20,3,12,0.8429652860426146,0.8295321826804882,0.8450508262450505,0.08295600060048601,0.1736731836091238,0.0863060755122407,0.16441835285798914,0.02153304057426297,0.4269483168036577,0.7582417582417582,0.5565610859728506,0.7582417582417582,3
20,3,6,0.8347784541073183,0.7983281342357018,0.833131536333942,0.04920373982829747,0.1060671380796658,0.05439550479449488,0.16094386745833342,0.01970104985674301,0.42145846985955926,0.4444444444444444,0.4603174603174603,0.4666666666666666,3
20,3,12,0.8347784541073183,0.7983281342357018,0.833131536333942,0.04920373982829747,0.1060671380796658,0.05439550479449488,0.16094386745833342,0.01970104985674301,0.42145846985955926,0.5714285714285715,0.6487179487179487,0.6761904761904761,3
20,3,6,0.8342938012947786,0.8118275027017191,0.8270270906883593,0.04697005965145599,0.12056629506773303,0.04160190254631277,0.19348712714894337,0.020197519490485236,0.5213776509647147,0.3080808080808081,0.4158730158730159,0.5158730158730159,3
20,3,12,0.8342938012947786,0.8118275027017191,0.8270270906883593,0.04697005965145599,0.12056629506773303,0.04160190254631277,0.19348712714894337,0.020197519490485236,0.5213776509647147,0.5753501400560225,0.5565610859728506,0.6047619047619047,3
20,3,6,0.8380628987940681,0.8176112526172049,0.8313291749598052,0.05311964317641836,0.1225832052434285,0.0590098403862685,0.1567158581856408,0.021031585765334475,0.39596282542366545,0.4444444444444444,0.5158730158730159,0.25252525252525254,3
20,3,12,0.8380628987940681,0.8176112526172049,0.8313291749598052,0.05311964317641836,0.1225832052434285,0.0590098403862685,0.1567158581856408,0.021031585765334475,0.39596282542366545,0.5666666666666667,0.6666666666666666,0.6,3
20,3,6,0.8114709357491051,0.8029759328110978,0.8207034174639073,0.026234026364350748,0.1417346674879068,0.02143195061712517,0.19787093191017568,0.022475005011728857,0.6651164714308935,0.33506493506493507,0.38888888888888884,0.38888888888888884,3
20,3,12,0.8114709357491051,0.8029759328110978,0.8207034174639073,0.026234026364350748,0.1417346674879068,0.02143195061712517,0.19787093191017568,0.022475005011728857,0.6651164714308935,0.6761904761904761,0.5666666666666667,0.8461538461538461,3
20,3,6,0.8301775236946386,0.8266440121707147,0.8162045971307906,0.0481711364895898,0.16653248135118456,0.04549940123666948,0.14061323641750195,0.013574489051928922,0.5747233023344513,0.38888888888888884,0.39999999999999997,0.2888888888888889,4
20,3,12,0.8301775236946386,0.8266440121707147,0.8162045971307906,0.0481711364895898,0.16653248135118456,0.04549940123666948,0.14061323641750195,0.013574489051928922,0.5747233023344513,0.7201465201465201,0.542016806722689,0.6761904761904761,4
20,3,6,0.896135443639399,0.7557381238420512,0.8757058585766482,0.08501705010636677,0.3714128196944425,0.0842926682028448,0.10694525772760302,0.01053251882799998,0.2883773708155877,0.5555555555555555,1.0,0.4444444444444444,4
20,3,12,0.896135443639399,0.7557381238420512,0.8757058585766482,0.08501705010636677,0.3714128196944425,0.0842926682028448,0.10694525772760302,0.01053251882799998,0.2883773708155877,0.6487179487179487,1.0,0.542016806722689,4
20,3,6,0.8817570868264912,0.90086340384099,0.8719920158704288,0.04985399003620253,0.08299348698646938,0.044390703924668685,0.19265475071260119,0.01629117208653336,0.5183726291685418,0.4158730158730159,0.4666666666666666,0.33506493506493507,4
20,3,12,0.8817570868264912,0.90086340384099,0.8719920158704288,0.04985399003620253,0.08299348698646938,0.044390703924668685,0.19265475071260119,0.01629117208653336,0.5183726291685418,0.5666666666666667,0.6153846153846154,0.6047619047619048,4
20,3,6,0.9042447357166797,0.8152719770525994,0.8971359792141104,0.1525095900777615,0.4169668531656756,0.14250934392631642,0.07649864733284889,0.011210156571630029,0.1923240171628766,0.4666666666666666,1.0,0.4666666666666666,4
20,3,12,0.9042447357166797,0.8152719770525994,0.8971359792141104,0.1525095900777615,0.4169668531656756,0.14250934392631642,0.07649864733284889,0.011210156571630029,0.1923240171628766,0.6078431372549019,1.0,0.5042735042735043,4
20,3,6,0.8555684324962795,0.7058902862449306,0.8534816397918775,0.12654434479357832,0.46802727700562735,0.1317290255307564,0.08385324506973085,0.00819048044324119,0.2117064333155238,0.4603174603174603,1.0,0.5158730158730158,4
20,3,12,0.8555684324962795,0.7058902862449306,0.8534816397918775,0.12654434479357832,0.46802727700562735,0.1317290255307564,0.08385324506973085,0.00819048044324119,0.2117064333155238,0.6487179487179487,1.0,0.6047619047619047,4
20,3,6,0.762503962345411,0.7443656637301098,0.7601449265298709,0.10178763124309037,0.2241166301146218,0.09996645222419409,0.1059433231036309,0.008411361639692427,0.25443997828382175,0.4603174603174603,1.0,0.3444444444444444,4
20,3,12,0.762503962345411,0.7443656637301098,0.7601449265298709,0.10178763124309037,0.2241166301146218,0.09996645222419409,0.1059433231036309,0.008411361639692427,0.25443997828382175,0.5666666666666668,1.0,0.5666666666666668,4
20,3,6,0.9876423175312687,0.43770562725821927,0.9876423175312687,0.1835765565730662,0.49244756495920167,0.1145208866605678,0.050165298605734945,0.005981719391026733,0.352715023980103,0.3444444444444444,0.4666666666666666,0.38888888888888884,4
20,3,12,0.9876423175312687,0.43770562725821927,0.9876423175312687,0.1835765565730662,0.49244756495920167,0.1145208866605678,0.050165298605734945,0.005981719391026733,0.352715023980103,0.6761904761904761,0.6666666666666666,0.6047619047619047,4
20,3,6,0.7960965072067012,0.8049580254050513,0.7910481957445681,0.05715701702320494,0.11821458967532311,0.0540122013051423,0.14897920167007997,0.012670615376029174,0.34855566025854245,0.4666666666666666,1.0,0.38888888888888884,4
20,3,12,0.7960965072067012,0.8049580254050513,0.7910481957445681,0.05715701702320494,0.11821458967532311,0.0540122013051423,0.14897920167007997,0.012670615376029174,0.34855566025854245,0.5565610859728506,1.0,0.5333333333333333,4
20,3,6,0.8612105721256572,0.8328861775962729,0.8599973138318421,0.035343812293826715,0.11106163170513264,0.033852991821277455,0.1750858576566733,0.015420286466761381,0.40717749230138917,0.5714285714285715,1.0,0.5158730158730158,5
20,3,12,0.8612105721256572,0.8328861775962729,0.8599973138318421,0.035343812293826715,0.11106163170513264,0.033852991821277455,0.1750858576566733,0.015420286466761381,0.40717749230138917,0.6047619047619047,1.0,0.6153846153846154,5
20,3,6,0.7901255217888994,0.7970791215484798,0.776157475640213,0.04253038350113635,0.10269232387759564,0.04078807781772335,0.1475343886069019,0.016014206573421872,0.42520658504154085,0.2888888888888889,0.5555555555555555,0.7142857142857143,5
20,3,12,0.7901255217888994,0.7970791215484798,0.776157475640213,0.04253038350113635,0.10269232387759564,0.04078807781772335,0.1475343886069019,0.016014206573421872,0.42520658504154085,0.5666666666666667,0.6487179487179487,0.5333333333333333,5
20,3,6,0.7774603401620072,0.8385858868826823,0.7774603401620072,0.03713075826422545,0.09243556157185129,0.035881832209655226,0.19422084239073098,0.0162732813528171,0.4391366242580965,0.5555555555555555,1.0,0.5555555555555555,5
20,3,12,0.7774603401620072,0.8385858868826823,0.7774603401620072,0.03713075826422545,0.09243556157185129,0.035881832209655226,0.19422084239073098,0.0162732813528171,0.4391366242580965,0.5565610859728506,1.0,0.4603174603174603,5
20,3,6,0.8346145363519366,0.7826063656311594,0.8326748230217111,0.043602358480270983,0.1304621330844462,0.0440136048751192,0.15222285572586555,0.015397049698365061,0.401982986285707,0.3444444444444444,0.4603174603174603,0.2888888888888889,5
20,3,12,0.8346145363519366,0.7826063656311594,0.8326748230217111,0.043602358480270983,0.1304621330844462,0.0440136048751192,0.15222285572586555,0.015397049698365061,0.401982986285707,0.503921568627451,0.5565610859728506,0.4777777777777778,5
20,3,6,0.7849108647453806,0.7648364071008867,0.800666361653149,0.1083671462113143,0.272439302769137,0.10647012119724344,0.11932915265805967,0.00976293528379346,0.3496112225609458,0.2888888888888889,0.4158730158730159,0.37142857142857144,5
20,3,12,0.7849108647453806,0.7648364071008867,0.800666361653149,0.1083671462113143,0.272439302769137,0.10647012119724344,0.11932915265805967,0.00976293528379346,0.3496112225609458,0.5333333333333333,0.542016806722689,0.5158730158730159,5
20,3,6,0.846692085718157,0.8496739359877773,0.8506607399612347,0.033324024732617766,0.11118337120253392,0.033455197685105055,0.19606089744478494,0.016831814661474327,0.46328501487059287,0.3,1.0,0.3,5
20,3,12,0.846692085718157,0.8496739359877773,0.8506607399612347,0.033324024732617766,0.11118337120253392,0.033455197685105055,0.19606089744478494,0.016831814661474327,0.46328501487059287,0.8095238095238096,1.0,0.7201465201465201,5
20,3,6,0.8813146096897336,0.7973375493204689,0.8736568399396065,0.04104615750954632,0.1389686168680234,0.04327095934628901,0.1521124179315633,0.015560541759429431,0.3891482307185767,0.4444444444444444,0.5555555555555555,0.3444444444444444,5
20,3,12,0.8813146096897336,0.7973375493204689,0.8736568399396065,0.04104615750954632,0.1389686168680234,0.04327095934628901,0.1521124179315633,0.015560541759429431,0.3891482307185767,0.6047619047619048,0.8095238095238096,0.47450980392156855,5
20,3,6,0.8252995511390121,0.825766148318594,0.8142176523722657,0.10883326238735665,0.2742114499221579,0.11082749143853075,0.12559162517602826,0.010349302805254078,0.34472973437720333,0.4444444444444444,1.0,0.5555555555555555,5
20,3,12,0.8252995511390121,0.825766148318594,0.8142176523722657,0.10883326238735665,0.2742114499221579,0.11082749143853075,0.12559162517602826,0.010349302805254078,0.34472973437720333,0.503921568627451,1.0,0.6666666666666666,5
20,3,6,0.7669232591124329,0.7374930509540195,0.7596139661949148,0.32843178450722205,0.3971183337725182,0.31889055367522523,0.06979920119676047,0.007954250105830448,0.1664135580774864,0.8095238095238096,0.2888888888888889,0.5158730158730159,6
20,3,12,0.7669232591124329,0.7374930509540195,0.7596139661949148,0.32843178450722205,0.3971183337725182,0.31889055367522523,0.06979920119676047,0.007954250105830448,0.1664135580774864,0.682051282051282,0.47450980392156855,0.7582417582417582,6
20,3,6,0.73098898339694,0.655285498431295,0.7269122133711783,0.36517764329053715,0.45056505097635485,0.34706003000934077,0.061418354730250556,0.007336813807872119,0.14837364181067117,0.5158730158730159,0.3,0.6666666666666666,6
20,3,12,0.73098898339694,0.655285498431295,0.7269122133711783,0.36517764329053715,0.45056505097635485,0.34706003000934077,0.061418354730250556,0.007336813807872119,0.14837364181067117,0.6153846153846154,0.5158730158730158,0.6047619047619047,6
20,3,6,0.772057875229771,0.7520295091673634,0.7793723019939629,0.18288498660246622,0.2911670070328049,0.18719145801355191,0.08570069978950684,0.009993893124673522,0.20249445760425674,0.38888888888888884,0.4603174603174603,0.5555555555555555,6
20,3,12,0.772057875229771,0.7520295091673634,0.7793723019939629,0.18288498660246622,0.2911670070328049,0.18719145801355191,0.08570069978950684,0.009993893124673522,0.20249445760425674,0.542016806722689,0.6666666666666666,1.0,6
20,3,6,0.7327531371160315,0.7307527917415979,0.7416157032178579,0.2823005433528692,0.400165666652476,0.2821621575588773,0.07410914133283261,0.008760840788252655,0.17160883543583963,0.5158730158730159,0.37142857142857144,0.5158730158730159,6
20,3,12,0.7327531371160315,0.7307527917415979,0.7416157032178579,0.2823005433528692,0.400165666652476,0.2821621575588773,0.07410914133283261,0.008760840788252655,0.17160883543583963,0.5714285714285715,0.5859728506787331,0.7201465201465201,6
20,3,6,0.7181718766524554,0.7150310585523132,0.7318839893702396,0.3726089123059133,0.43083689830903144,0.370385188597779,0.06512003592983996,0.007357537190729167,0.15504640519402205,0.5714285714285715,0.38888888888888884,0.6666666666666666,6
20,3,12,0.7181718766524554,0.7150310585523132,0.7318839893702396,0.3726089123059133,0.43083689830903144,0.370385188597779,0.06512003592983996,0.007357537190729167,0.15504640519402205,0.6047619047619048,0.8095238095238096,0.6487179487179487,6
20,3,6,0.858691480624828,0.8593539400761254,0.854657407030036,0.10091028816928611,0.15199773519487456,0.08022484650049479,0.1575769227109572,0.013854611864683737,0.5076049565943394,0.8095238095238096,0.6428571428571429,0.5158730158730159,6
20,3,12,0.858691480624828,0.8593539400761254,0.854657407030036,0.10091028816928611,0.15199773519487456,0.08022484650049479,0.1575769227109572,0.013854611864683737,0.5076049565943394,0.6047619047619047,0.6,0.6153846153846154,6
20,3,6,0.739982421801344,0.6761968205151934,0.7394110001990012,0.40603051824460457,0.6317800648783471,0.4212687906497923,0.06029943592448091,0.007971062367090588,0.13882240089831224,0.5158730158730159,0.4603174603174603,0.6428571428571429,6
20,3,12,0.739982421801344,0.6761968205151934,0.7394110001990012,0.40603051824460457,0.6317800648783471,0.4212687906497923,0.06029943592448091,0.007971062367090588,0.13882240089831224,0.503921568627451,0.5565610859728506,0.682051282051282,6
20,3,6,0.7537679920223109,0.707464053832297,0.7483132486585431,0.34420359875024786,0.4877377047115391,0.3584568778170898,0.06312194638960852,0.009088811784652984,0.13828765310140598,0.3444444444444444,0.2683982683982684,0.4603174603174603,6
20,3,12,0.7537679920223109,0.707464053832297,0.7483132486585431,0.34420359875024786,0.4877377047115391,0.3584568778170898,0.06312194638960852,0.009088811784652984,0.13828765310140598,0.5333333333333333,0.5042735042735043,0.6153846153846154,6
20,3,6,0.8485197291723441,0.8218516207981421,0.8454799623884791,0.0885084281348593,0.18727187834239042,0.09190716547811226,0.1348720943333874,0.01404215340316031,0.30986389431399997,0.2683982683982684,1.0,0.3080808080808081,7
20,3,12,0.8485197291723441,0.8218516207981421,0.8454799623884791,0.0885084281348593,0.18727187834239042,0.09190716547811226,0.1348720943333874,0.01404215340316031,0.30986389431399997,0.4369256474519632,1.0,0.5333333333333333,7
20,3,6,0.8206462615436001,0.719100729547107,0.8073488152470759,0.16461862064661634,0.41678152283328956,0.17685548924207542,0.0824236084866892,0.01137633213382586,0.19631065578391324,0.3,0.37142857142857144,0.3,7
20,3,12,0.8206462615436001,0.719100729547107,0.8073488152470759,0.16461862064661634,0.41678152283328956,0.17685548924207542,0.0824236084866892,0.01137633213382586,0.19631065578391324,0.4222222222222222,0.4574898785425101,0.5753501400560225,7
20,3,6,0.791108747686087,0.7937650939038202,0.77743445958698,0.05838050318976223,0.18914840671170327,0.0638169300128266,0.1201288838594174,0.016493465964655785,0.37462277291937596,0.24444444444444446,0.4666666666666666,0.3080808080808081,7
20,3,12,0.791108747686087,0.7937650939038202,0.77743445958698,0.05838050318976223,0.18914840671170327,0.0638169300128266,0.1201288838594174,0.016493465964655785,0.37462277291937596,0.4150326797385621,0.5714285714285715,0.4150326797385621,7
20,3,6,0.7656425259116001,0.712568433480921,0.7619787894688443,0.11917835132711287,0.2052140314209926,0.13148204381760478,0.11062291930999393,0.012571091467991723,0.26466713143517234,0.3444444444444444,0.5555555555555555,0.26363636363636367,7
20,3,12,0.7656425259116001,0.712568433480921,0.7619787894688443,0.11917835132711287,0.2052140314209926,0.13148204381760478,0.11062291930999393,0.012571091467991723,0.26466713143517234,0.35947712418300654,0.6487179487179487,0.3543859649122807,7
20,3,6,0.9069526015030313,0.7149255873165584,0.9069526015030313,0.39632911314121355,0.6561583771509135,0.29078958754649775,0.056305749747280406,0.012544384545366534,0.1714504571366679,0.25252525252525254,0.33506493506493507,0.4666666666666666,7
20,3,12,0.9069526015030313,0.7149255873165584,0.9069526015030313,0.39632911314121355,0.6561583771509135,0.29078958754649775,0.056305749747280406,0.012544384545366534,0.1714504571366679,0.4411764705882353,0.5565610859728506,0.4777777777777778,7
20,3,6,0.835380373698724,0.6961361720619892,0.8282674581067248,0.27661269691156204,0.6401615546522519,0.2434222258354563,0.08272283494264261,0.0078014100494510925,0.20295778445113835,0.3444444444444444,1.0,0.37142857142857144,7
20,3,12,0.835380373698724,0.6961361720619892,0.8282674581067248,0.27661269691156204,0.6401615546522519,0.2434222258354563,0.08272283494264261,0.0078014100494510925,0.20295778445113835,0.4483660130718954,1.0,0.6078431372549019,7
20,3,6,0.9339164666150713,0.6577068105771506,0.9203623611151779,0.08573231618477732,0.5027169132169235,0.10395965453644826,0.09738289113768434,0.014984434021132321,0.33845760727741453,0.38888888888888884,0.6666666666666666,0.38888888888888884,7
20,3,12,0.9339164666150713,0.6577068105771506,0.9203623611151779,0.08573231618477732,0.5027169132169235,0.10395965453644826,0.09738289113768434,0.014984434021132321,0.33845760727741453,0.503921568627451,0.6153846153846154,0.5714285714285715,7
20,3,6,0.7843493520125124,0.7868889429437966,0.7881917104337112,0.058376467500754564,0.14225414229772956,0.05742009906467078,0.1411285470921514,0.015875589459892182,0.3730142877642535,0.2222222222222222,0.39393939393939387,0.3,7
20,3,12,0.7843493520125124,0.7868889429437966,0.7881917104337112,0.058376467500754564,0.14225414229772956,0.05742009906467078,0.1411285470921514,0.015875589459892182,0.3730142877642535,0.5666666666666668,0.6487179487179487,0.638095238095238,7
20,3,6,0.659777527309168,0.6908207473597019,0.6562340386501879,0.24936718049715406,0.33879133963204144,0.25084527398136824,0.08118030821682257,0.012098207962095101,0.16690982106097044,0.5714285714285715,1.0,0.6666666666666666,8
20,3,12,0.659777527309168,0.6908207473597019,0.6562340386501879,0.24936718049715406,0.33879133963204144,0.25084527398136824,0.08118030821682257,0.012098207962095101,0.16690982106097044,0.6153846153846154,1.0,0.8095238095238096,8
20,3,6,0.8126237429706393,0.8135836442430153,0.8134013965316834,0.027759165694301383,0.06691191940124844,0.028536765547598278,0.2773806787165603,0.027639363213463233,0.7923422037939826,0.3444444444444444,0.5158730158730158,0.3444444444444444,8
20,3,12,0.8126237429706393,0.8135836442430153,0.8134013965316834,0.027759165694301383,0.06691191940124844,0.028536765547598278,0.2773806787165603,0.027639363213463233,0.7923422037939826,0.6047619047619048,0.5859728506787331,0.6047619047619048,8
20,3,6,0.735778681044609,0.7784665356644355,0.7416562049339762,0.05593091461783481,0.12306748713080773,0.05530627536420304,0.15354451851916956,0.018094426031539844,0.3266262339027409,0.6666666666666666,1.0,0.5158730158730159,8
20,3,12,0.735778681044609,0.7784665356644355,0.7416562049339762,0.05593091461783481,0.12306748713080773,0.05530627536420304,0.15354451851916956,0.018094426031539844,0.3266262339027409,0.6666666666666666,1.0,0.7582417582417582,8
20,3,6,0.8563293215209874,0.8534751203405025,0.8517404810245938,0.03269782847205531,0.08158627800503522,0.03682469805073275,0.3495803762466004,0.02719747380415612,0.8824737633027456,0.8095238095238096,1.0,0.4158730158730159,8
20,3,12,0.8563293215209874,0.8534751203405025,0.8517404810245938,0.03269782847205531,0.08158627800503522,0.03682469805073275,0.3495803762466004,0.02719747380415612,0.8824737633027456,0.638095238095238,1.0,0.542016806722689,8
20,3,6,0.821657008183266,0.826836424166286,0.8092881132597947,0.02720538595601329,0.08440283176711354,0.027187687759263432,0.2675940365912754,0.029234369797383083,0.9565718548084627,0.3444444444444444,0.3444444444444444,0.3444444444444444,8
20,3,12,0.821657008183266,0.826836424166286,0.8092881132597947,0.02720538595601329,0.08440283176711354,0.027187687759263432,0.2675940365912754,0.029234369797383083,0.9565718548084627,0.7142857142857143,0.503921568627451,0.6047619047619048,8
20,3,6,0.8343039397709258,0.8063682203347504,0.8389087443702482,0.030677589225645396,0.08011956134271231,0.03198538632210444,0.24314945985515582,0.022996502398759267,0.604691637540211,0.5158730158730158,1.0,0.5555555555555555,8
20,3,12,0.8343039397709258,0.8063682203347504,0.8389087443702482,0.030677589225645396,0.08011956134271231,0.03198538632210444,0.24314945985515582,0.022996502398759267,0.604691637540211,0.5753501400560225,1.0,0.5714285714285715,8
20,3,6,0.8128922151219264,0.8305416709075444,0.807627392417352,0.04108780201654227,0.10696355924439649,0.04060626380503425,0.19517694108957573,0.021740215049811648,0.45091290655162325,0.6428571428571429,1.0,0.6428571428571429,8
20,3,12,0.8128922151219264,0.8305416709075444,0.807627392417352,0.04108780201654227,0.10696355924439649,0.04060626380503425,0.19517694108957573,0.021740215049811648,0.45091290655162325,0.6761904761904761,1.0,0.542016806722689,8
20,3,6,0.808864576810122,0.7660718706707673,0.8005289840646054,0.06508385446387532,0.1706349983451695,0.06319548928691103,0.17001481005746688,0.019306343046936337,0.3744079074045921,0.5714285714285715,1.0,0.8095238095238096,8
20,3,12,0.808864576810122,0.7660718706707673,0.8005289840646054,0.06508385446387532,0.1706349983451695,0.06319548928691103,0.17001481005746688,0.019306343046936337,0.3744079074045921,0.6047619047619047,1.0,0.7333333333333334,8
20,3,6,0.8209679202632465,0.7967079826820499,0.8095509552603665,0.04763587823540921,0.09200101067904955,0.039997438150352844,0.202918880123151,0.019459571874736643,0.5225335673933167,0.4444444444444444,0.6666666666666666,0.4158730158730159,9
20,3,12,0.8209679202632465,0.7967079826820499,0.8095509552603665,0.04763587823540921,0.09200101067904955,0.039997438150352844,0.202918880123151,0.019459571874736643,0.5225335673933167,0.4777777777777778,0.5714285714285715,0.6428571428571429,9
20,3,6,0.8105084506898527,0.8619683257655596,0.8128706031278471,0.022150913231101813,0.05520043966433322,0.023784721172672964,0.2806863447701316,0.028597130325540666,0.9664832112621838,0.5555555555555555,0.5714285714285715,0.4603174603174603,9
20,3,12,0.8105084506898527,0.8619683257655596,0.8128706031278471,0.022150913231101813,0.05520043966433322,0.023784721172672964,0.2806863447701316,0.028597130325540666,0.9664832112621838,0.542016806722689,0.503921568627451,0.5372549019607843,9
20,3,6,0.8233820048314372,0.8829101543610803,0.8047181473256814,0.023577323119027115,0.037137282952563994,0.025250430767022883,0.41552264599182,0.03259257260543362,1.0808837688996875,0.33506493506493507,1.0,0.3444444444444444,9
20,3,12,0.8233820048314372,0.8829101543610803,0.8047181473256814,0.023577323119027115,0.037137282952563994,0.025250430767022883,0.41552264599182,0.03259257260543362,1.0808837688996875,0.542016806722689,1.0,0.503921568627451,9
20,3,6,0.850954054850619,0.8920416481282462,0.8292822690957224,0.02774809070793069,0.0585409942967034,0.025873258073815884,0.2664734070076941,0.027030914875543693,0.8171494604015493,0.38888888888888884,0.6428571428571429,0.4603174603174603,9
20,3,12,0.850954054850619,0.8920416481282462,0.8292822690957224,0.02774809070793069,0.0585409942967034,0.025873258073815884,0.2664734070076941,0.027030914875543693,0.8171494604015493,0.5333333333333333,0.6047619047619047,0.4222222222222222,9
20,3,6,0.840210236795291,0.8572615860082246,0.8579388942766899,0.028267903546509446,0.049011978111901125,0.029171965763466222,0.2700749523756964,0.02828270475985171,0.9076225151960053,0.5158730158730159,0.5158730158730159,0.4444444444444444,9
20,3,12,0.840210236795291,0.8572615860082246,0.8579388942766899,0.028267903546509446,0.049011978111901125,0.029171965763466222,0.2700749523756964,0.02828270475985171,0.9076225151960053,0.6047619047619047,0.5,0.6047619047619047,9
20,3,6,0.8598233442219101,0.8527408829045197,0.8380332513553929,0.02998440776156807,0.060937236113549176,0.025022526530162334,0.2565320945750267,0.02711348255599251,0.8060827273032445,0.2888888888888889,0.6428571428571429,0.4603174603174603,9
20,3,12,0.8598233442219101,0.8527408829045197,0.8380332513553929,0.02998440776156807,0.060937236113549176,0.025022526530162334,0.2565320945750267,0.02711348255599251,0.8060827273032445,0.6,0.6047619047619047,0.4150326797385621,9
20,3,6,0.810016799716173,0.8156380152958219,0.7873766834242079,0.015295019406981721,0.053087348823447636,0.015844098415888158,0.29293846486805025,0.02963885911748588,1.000990760728246,0.4444444444444444,0.5714285714285715,0.5,9
20,3,12,0.810016799716173,0.8156380152958219,0.7873766834242079,0.015295019406981721,0.053087348823447636,0.015844098415888158,0.29293846486805025,0.02963885911748588,1.000990760728246,0.5333333333333333,0.5666666666666668,0.542016806722689,9
20,3,6,0.8413011842504348,0.8901161423520021,0.8379639681033566,0.02043339171607237,0.04071823437178596,0.02102443407993163,0.2917379061154181,0.029148769977957987,0.9035982255340065,0.30808080808080807,0.30808080808080807,0.3444444444444444,9
20,3,12,0.8413011842504348,0.8901161423520021,0.8379639681033566,0.02043339171607237,0.04071823437178596,0.02102443407993163,0.2917379061154181,0.029148769977957987,0.9035982255340065,0.503921568627451,0.542016806722689,0.47450980392156855,9
20,3,6,0.8419210265705008,0.7841996733781319,0.8535904796659712,0.024591143437668755,0.06862491365272273,0.022804569195352987,0.17530295162120216,0.020804727884407747,0.5492944643798869,0.5158730158730159,0.38888888888888884,0.4158730158730159,10
20,3,12,0.8419210265705008,0.7841996733781319,0.8535904796659712,0.024591143437668755,0.06862491365272273,0.022804569195352987,0.17530295162120216,0.020804727884407747,0.5492944643798869,0.5666666666666667,0.6428571428571429,0.44836601307189544,10
20,3,6,0.8717258080428055,0.8202091273090577,0.8789316288184678,0.025634746275051978,0.1171316359611681,0.02184442651847877,0.17945093263340808,0.02367971673580922,0.5833251070920531,0.5714285714285715,0.4158730158730159,0.2888888888888889,10
20,3,12,0.8717258080428055,0.8202091273090577,0.8789316288184678,0.025634746275051978,0.1171316359611681,0.02184442651847877,0.17945093263340808,0.02367971673580922,0.5833251070920531,0.5714285714285715,0.6153846153846154,0.5714285714285715,10
20,3,6,0.7918612396888787,0.7919919395871469,0.7909612119608824,0.025057570500108792,0.07591127480665051,0.02299427161345059,0.21188562722705875,0.02360000221803615,0.6034985694425214,0.4444444444444444,0.5158730158730159,0.8095238095238096,10
20,3,12,0.7918612396888787,0.7919919395871469,0.7909612119608824,0.025057570500108792,0.07591127480665051,0.02299427161345059,0.21188562722705875,0.02360000221803615,0.6034985694425214,0.503921568627451,0.6047619047619048,0.682051282051282,10
20,3,6,0.7619277107841806,0.6759816947654685,0.7531071112002196,0.12935673191197802,0.23662854192110422,0.10668073358672528,0.10047127308165815,0.016718448100766555,0.37773757649986545,0.38888888888888884,0.4158730158730159,0.38888888888888884,10
20,3,12,0.7619277107841806,0.6759816947654685,0.7531071112002196,0.12935673191197802,0.23662854192110422,0.10668073358672528,0.10047127308165815,0.016718448100766555,0.37773757649986545,0.5714285714285715,0.48646125116713357,0.6428571428571429,10
20,3,6,0.816898339091754,0.8278722360382658,0.8173910977750054,0.025795306523203883,0.06595716579365213,0.026246219448421936,0.22062668872281346,0.02419089435981537,0.6139560528218512,0.5,0.37142857142857144,0.5158730158730158,10
20,3,12,0.816898339091754,0.8278722360382658,0.8173910977750054,0.025795306523203883,0.06595716579365213,0.026246219448421936,0.22062668872281346,0.02419089435981537,0.6139560528218512,0.5666666666666667,0.6153846153846154,0.503921568627451,10
20,3,6,0.9201421429892059,0.7832966535534697,0.9172540668226408,0.029442021175736154,0.39897238354358905,0.027770813012450456,0.12471953805264098,0.01936326658128094,0.5348705488803113,0.4158730158730159,0.2987012987012987,0.4158730158730159,10
20,3,12,0.9201421429892059,0.7832966535534697,0.9172540668226408,0.029442021175736154,0.39897238354358905,0.027770813012450456,0.12471953805264098,0.01936326658128094,0.5348705488803113,0.6487179487179487,0.5565610859728506,0.5714285714285715,10
20,3,6,0.9163392978573114,0.8194054303710799,0.911580416572133,0.036321372758690997,0.14886274569701188,0.03393468127560778,0.1349166667420962,0.023937365408501162,0.4885114626324702,0.37142857142857144,0.2636363636363636,0.5158730158730158,10
20,3,12,0.9163392978573114,0.8194054303710799,0.911580416572133,0.036321372758690997,0.14886274569701188,0.03393468127560778,0.1349166667420962,0.023937365408501162,0.4885114626324702,0.4777777777777777,0.5042735042735043,0.5372549019607843,10
20,3,6,0.8122828198476095,0.7506138194117024,0.8260878710407005,0.026033256081859833,0.09288909308590398,0.027094551939339403,0.16944062061312112,0.025856215753536565,0.5943729716230167,0.4444444444444444,0.39999999999999997,0.5158730158730158,10
20,3,12,0.8122828198476095,0.7506138194117024,0.8260878710407005,0.026033256081859833,0.09288909308590398,0.027094551939339403,0.16944062061312112,0.025856215753536565,0.5943729716230167,0.4444444444444444,0.6153846153846154,0.542016806722689,10
20,3,6,0.8630211059199361,0.8393931751663415,0.8605686978268462,0.04673930312375069,0.1314194248405007,0.04568037969178299,0.21812298706471447,0.017254705702755377,0.5427363768805212,0.5714285714285715,1.0,0.3333333333333333,11
20,3,12,0.8630211059199361,0.8393931751663415,0.8605686978268462,0.04673930312375069,0.1314194248405007,0.04568037969178299,0.21812298706471447,0.017254705702755377,0.5427363768805212,0.6047619047619047,1.0,0.682051282051282,11
20,3,6,0.7979779910629147,0.8141593664445552,0.8124104878010663,0.07364839737105054,0.1876461409507461,0.07692613613716633,0.17527327741126206,0.01569288366420336,0.538262391926044,0.5714285714285715,0.29870129870129875,0.5,11
20,3,12,0.7979779910629147,0.8141593664445552,0.8124104878010663,0.07364839737105054,0.1876461409507461,0.07692613613716633,0.17527327741126206,0.01569288366420336,0.538262391926044,0.5666666666666668,0.4222222222222222,0.6761904761904761,11
20,3,6,0.8567707296395399,0.8433942620438517,0.8427972183338974,0.06813710168356972,0.16802316372159104,0.06830005665546718,0.17909639931300766,0.014877843346062625,0.5277274362199992,0.5158730158730159,0.5555555555555555,0.5158730158730159,11
20,3,12,0.8567707296395399,0.8433942620438517,0.8427972183338974,0.06813710168356972,0.16802316372159104,0.06830005665546718,0.17909639931300766,0.014877843346062625,0.5277274362199992,0.8021978021978021,0.6078431372549019,0.6487179487179487,11
20,3,6,0.8028556410784567,0.8167692149477451,0.7824679287975632,0.04966881475689189,0.10628791292318727,0.0485319840754403,0.1959293918555286,0.019336893385599036,0.48916097389954066,0.3444444444444444,0.5555555555555555,0.4444444444444444,11
20,3,12,0.8028556410784567,0.8167692149477451,0.7824679287975632,0.04966881475689189,0.10628791292318727,0.0485319840754403,0.1959293918555286,0.019336893385599036,0.48916097389954066,0.5666666666666668,0.7333333333333334,0.6047619047619048,11
20,3,6,0.8583840737303449,0.8699044684500652,0.8547846372715728,0.058556110838939156,0.16744009513183933,0.0580345738537426,0.17400829908211116,0.014801395544144745,0.4964055212813052,0.5714285714285715,1.0,0.5714285714285715,11
20,3,12,0.8583840737303449,0.8699044684500652,0.8547846372715728,0.058556110838939156,0.16744009513183933,0.0580345738537426,0.17400829908211116,0.014801395544144745,0.4964055212813052,0.638095238095238,1.0,0.6761904761904761,11
20,3,6,0.8753907968104341,0.8917040575626415,0.8742899847634382,0.05189136252563176,0.10960300282077305,0.052738766906407886,0.1748636006675938,0.01770169967634855,0.4397094708719502,0.6428571428571429,1.0,0.8095238095238096,11
20,3,12,0.8753907968104341,0.8917040575626415,0.8742899847634382,0.05189136252563176,0.10960300282077305,0.052738766906407886,0.1748636006675938,0.01770169967634855,0.4397094708719502,0.6047619047619048,1.0,0.682051282051282,11
20,3,6,0.8401546798601166,0.8267114049691547,0.8243457483388656,0.06940706840213372,0.17511524609297507,0.08906857378922639,0.16953789395023305,0.015224274129346743,0.4976070363082742,0.5714285714285715,0.4666666666666666,0.6428571428571429,11
20,3,12,0.8401546798601166,0.8267114049691547,0.8243457483388656,0.06940706840213372,0.17511524609297507,0.08906857378922639,0.16953789395023305,0.015224274129346743,0.4976070363082742,0.638095238095238,0.5304172951231775,0.6761904761904761,11
20,3,6,0.8234262794093524,0.8354379145853419,0.8264285073466837,0.073399678760076,0.17186900399196323,0.07525249146945816,0.13725583975482744,0.01662141857057395,0.4107496830329102,0.4603174603174603,0.4158730158730159,0.6428571428571429,11
20,3,12,0.8234262794093524,0.8354379145853419,0.8264285073466837,0.073399678760076,0.17186900399196323,0.07525249146945816,0.13725583975482744,0.01662141857057395,0.4107496830329102,0.6,0.4150326797385621,0.6761904761904761,11
20,3,6,0.926652183169111,0.7879601082137948,0.926652183169111,0.5967495419373621,0.3971005398826115,0.5987918781236367,0.07373210278815044,0.026305407384686088,0.20545723743268654,0.4444444444444444,0.4603174603174603,0.5158730158730159,12
20,3,12,0.926652183169111,0.7879601082137948,0.926652183169111,0.5967495419373621,0.3971005398826115,0.5987918781236367,0.07373210278815044,0.026305407384686088,0.20545723743268654,0.5126050420168067,0.4222222222222222,0.6153846153846154,12
20,3,6,0.9482774232378582,0.825668546767635,0.9482774232378582,0.041306158767679006,0.266862464367562,0.037492748392706436,0.18510074142402008,0.036487282892612424,0.4456524209661812,0.38888888888888884,1.0,0.39393939393939387,12
20,3,12,0.9482774232378582,0.825668546767635,0.9482774232378582,0.041306158767679006,0.266862464367562,0.037492748392706436,0.18510074142402008,0.036487282892612424,0.4456524209661812,0.5753501400560225,1.0,0.6078431372549019,12
20,3,6,0.8457205839971097,0.7610659256597363,0.8457205839971097,0.008448946602607343,0.011183237889546272,0.007935493551834576,0.3818660694666078,0.060762763151976346,0.9016596092078054,0.29870129870129875,1.0,0.3333333333333333,12
20,3,12,0.8457205839971097,0.7610659256597363,0.8457205839971097,0.008448946602607343,0.011183237889546272,0.007935493551834576,0.3818660694666078,0.060762763151976346,0.9016596092078054,0.6153846153846154,1.0,0.682051282051282,12
20,3,6,0.8529231176721597,0.8750247160121245,0.8385520733813918,0.046012329119856775,0.1630382975935997,0.039883676511336334,0.20865589843495636,0.030751597000682897,0.5899821836345672,0.4444444444444444,0.4666666666666666,0.7142857142857143,12
20,3,12,0.8529231176721597,0.8750247160121245,0.8385520733813918,0.046012329119856775,0.1630382975935997,0.039883676511336334,0.20865589843495636,0.030751597000682897,0.5899821836345672,0.6047619047619048,0.6487179487179487,0.638095238095238,12
20,3,6,0.8828619944645077,0.7578341910581056,0.8807338762649755,0.16778834800640513,0.08378898527066458,0.0982971392296031,0.12268087604899726,0.035134077726496675,0.3658550301926301,0.3444444444444444,0.5158730158730159,0.5555555555555555,12
20,3,12,0.8828619944645077,0.7578341910581056,0.8807338762649755,0.16778834800640513,0.08378898527066458,0.0982971392296031,0.12268087604899726,0.035134077726496675,0.3658550301926301,0.5126050420168067,0.503921568627451,0.5714285714285715,12
20,3,6,0.9025043628459638,0.7424527060401879,0.9025043628459638,0.3614381085268405,0.3973576512620764,0.38691468909626475,0.09358475431261586,0.025036700677784556,0.22384254757412078,0.4158730158730159,0.5555555555555555,0.5158730158730159,12
20,3,12,0.9025043628459638,0.7424527060401879,0.9025043628459638,0.3614381085268405,0.3973576512620764,0.38691468909626475,0.09358475431261586,0.025036700677784556,0.22384254757412078,0.5333333333333333,0.5859728506787331,0.7333333333333334,12
20,3,6,0.8689222663584666,0.8079338496562469,0.8741936829490554,0.24073348627945865,0.19495973694571825,0.22632844266204633,0.08561082613246325,0.03123616378048717,0.2555270312331979,0.4603174603174603,0.38888888888888884,0.38888888888888884,12
20,3,12,0.8689222663584666,0.8079338496562469,0.8741936829490554,0.24073348627945865,0.19495973694571825,0.22632844266204633,0.08561082613246325,0.03123616378048717,0.2555270312331979,0.5333333333333333,0.4705882352941176,0.5714285714285715,12
20,3,6,0.9386871612173473,0.7561244911767285,0.9386871612173473,0.4755369969322621,0.907996076984593,0.561522701794864,0.061765075775129824,0.017008991165273154,0.1504300239641711,0.3,1.0,0.39393939393939387,12
20,3,12,0.9386871612173473,0.7561244911767285,0.9386871612173473,0.4755369969322621,0.907996076984593,0.561522701794864,0.061765075775129824,0.017008991165273154,0.1504300239641711,0.6047619047619047,1.0,0.7333333333333334,12
20,3,6,0.7588041606218479,0.7694783264722532,0.7650896601525857,0.0560397858604045,0.14884525192094022,0.056287141273556086,0.10232055018827493,0.011731702362145964,0.2365120469179664,0.38888888888888884,1.0,0.3444444444444444,13
20,3,12,0.7588041606218479,0.7694783264722532,0.7650896601525857,0.0560397858604045,0.14884525192094022,0.056287141273556086,0.10232055018827493,0.011731702362145964,0.2365120469179664,0.6047619047619048,1.0,0.638095238095238,13
20,3,6,0.8886974900052665,0.8058514620567202,0.8724478978247618,0.02834415546486402,0.1414365199055454,0.02879639877115187,0.13252374727994642,0.015688008930607608,0.3340917424466101,0.3444444444444444,0.3333333333333333,0.3444444444444444,13
20,3,12,0.8886974900052665,0.8058514620567202,0.8724478978247618,0.02834415546486402,0.1414365199055454,0.02879639877115187,0.13252374727994642,0.015688008930607608,0.3340917424466101,0.503921568627451,0.4808816914080072,0.5565610859728506,13
20,3,6,0.7734166544258244,0.8103042613151521,0.7735503846366129,0.04224887105241335,0.11756149051633048,0.04325632996176462,0.11003785028097973,0.012549551059346664,0.2582292517659816,0.3333333333333333,1.0,0.25252525252525254,13
20,3,12,0.7734166544258244,0.8103042613151521,0.7735503846366129,0.04224887105241335,0.11756149051633048,0.04325632996176462,0.11003785028097973,0.012549551059346664,0.2582292517659816,0.638095238095238,1.0,0.5126050420168067,13
20,3,6,0.8184041596053017,0.8239889221795067,0.8089070544477984,0.020003816936578808,0.04562450608297415,0.018380727762943718,0.21843437035482055,0.027732749440311972,0.6989463648776587,0.2888888888888889,0.39999999999999997,0.3,13
20,3,12,0.8184041596053017,0.8239889221795067,0.8089070544477984,0.020003816936578808,0.04562450608297415,0.018380727762943718,0.21843437035482055,0.027732749440311972,0.6989463648776587,0.4705882352941176,0.4411764705882353,0.5333333333333333,13
20,3,6,0.8837284404796479,0.8666043498715974,0.8765987617648714,0.014918209840304224,0.04219630904767241,0.016385461532333653,0.22000707288993265,0.027041823014484854,0.653289089893704,0.2888888888888889,0.6428571428571429,0.26363636363636367,13
20,3,12,0.8837284404796479,0.8666043498715974,0.8765987617648714,0.014918209840304224,0.04219630904767241,0.016385461532333653,0.22000707288993265,0.027041823014484854,0.653289089893704,0.638095238095238,0.48646125116713357,0.5333333333333333,13
20,3,6,0.8307927396199281,0.8321524590264668,0.8352823985973509,0.040764780341373125,0.1156376666598156,0.0400775722700764,0.1136608332443327,0.013288878707882356,0.27127660435969153,0.3444444444444444,1.0,0.25252525252525254,13
20,3,12,0.8307927396199281,0.8321524590264668,0.8352823985973509,0.040764780341373125,0.1156376666598156,0.0400775722700764,0.1136608332443327,0.013288878707882356,0.27127660435969153,0.5666666666666668,1.0,0.4705882352941176,13
20,3,6,0.7695879211991993,0.768895976241639,0.7695770122290004,0.02826148738575826,0.08803343720161229,0.02841061020077339,0.13088832548722443,0.01558141148386914,0.31381243409483567,0.3444444444444444,1.0,0.7142857142857143,13
20,3,12,0.7695879211991993,0.768895976241639,0.7695770122290004,0.02826148738575826,0.08803343720161229,0.02841061020077339,0.13088832548722443,0.01558141148386914,0.31381243409483567,0.6047619047619048,1.0,0.5666666666666668,13
20,3,6,0.8848165910850034,0.8087234976909983,0.8829536161062443,0.030351020473386142,0.13210514426725126,0.030383622392745915,0.14017847552967136,0.016709362211874468,0.3556480443269436,0.3,0.4666666666666666,0.3,13
20,3,12,0.8848165910850034,0.8087234976909983,0.8829536161062443,0.030351020473386142,0.13210514426725126,0.030383622392745915,0.14017847552967136,0.016709362211874468,0.3556480443269436,0.6,0.5565610859728506,0.5333333333333333,13
20,3,6,0.7617307410034636,0.7415360946169988,0.7709363125708667,0.06594957182935299,0.174001877128882,0.0521538909105371,0.10383436797038409,0.011371050128163718,0.33068364966202984,0.38888888888888884,0.38888888888888884,0.3333333333333333,14
20,3,12,0.7617307410034636,0.7415360946169988,0.7709363125708667,0.06594957182935299,0.174001877128882,0.0521538909105371,0.10383436797038409,0.011371050128163718,0.33068364966202984,0.6047619047619047,0.4411764705882353,0.503921568627451,14
20,3,6,0.6745548391993839,0.676750569305798,0.6660591390274825,0.15905258602594802,0.4146992932371226,0.12284773934009684,0.06896872598560962,0.007515725621467931,0.20038002293053808,0.4444444444444444,0.5555555555555555,0.4444444444444444,14
20,3,12,0.6745548391993839,0.676750569305798,0.6660591390274825,0.15905258602594802,0.4146992932371226,0.12284773934009684,0.06896872598560962,0.007515725621467931,0.20038002293053808,0.5666666666666667,0.5859728506787331,0.7582417582417582,14
20,3,6,0.8134121684442805,0.8490140367598917,0.8179419882612331,0.05032793605599217,0.10439434509045711,0.05355430426716405,0.20840305149274457,0.015582431368785291,0.5191180577469663,0.6666666666666666,1.0,0.6428571428571429,14
20,3,12,0.8134121684442805,0.8490140367598917,0.8179419882612331,0.05032793605599217,0.10439434509045711,0.05355430426716405,0.20840305149274457,0.015582431368785291,0.5191180577469663,0.6047619047619048,1.0,0.682051282051282,14
20,3,6,0.7882332663416352,0.7689439286765772,0.7886741717771567,0.07994327939491437,0.28468509621024857,0.06870849704231516,0.09951378687975135,0.009655338107434816,0.29231861622971966,0.38888888888888884,0.5158730158730158,0.2888888888888889,14
20,3,12,0.7882332663416352,0.7689439286765772,0.7886741717771567,0.07994327939491437,0.28468509621024857,0.06870849704231516,0.09951378687975135,0.009655338107434816,0.29231861622971966,0.4150326797385621,0.6078431372549019,0.6761904761904761,14
20,3,6,0.8083372658424385,0.7410342916110866,0.7976506614211718,0.07595897014353073,0.24771256739857708,0.06494539084119813,0.09934715190952201,0.010242266837765183,0.3102348450562611,0.38888888888888884,0.4444444444444444,0.4444444444444444,14
20,3,12,0.8083372658424385,0.7410342916110866,0.7976506614211718,0.07595897014353073,0.24771256739857708,0.06494539084119813,0.09934715190952201,0.010242266837765183,0.3102348450562611,0.6047619047619047,0.638095238095238,0.7582417582417582,14
20,3,6,0.7902249281615595,0.7851919896098929,0.7677923167315118,0.11607812504951523,0.26210043469538236,0.10603518596366092,0.10115230121990418,0.010994539613633763,0.2870323273246486,0.4158730158730159,0.30808080808080807,0.3444444444444444,14
20,3,12,0.7902249281615595,0.7851919896098929,0.7677923167315118,0.11607812504951523,0.26210043469538236,0.10603518596366092,0.10115230121990418,0.010994539613633763,0.2870323273246486,0.5666666666666667,0.6078431372549019,0.6,14
20,3,6,0.6895532684035982,0.6073967553169878,0.6713872200819976,0.14039279916663738,0.3519655331209005,0.1147989098200298,0.08121002865977692,0.007599694692622294,0.23291315731285744,0.3,0.2683982683982684,0.4158730158730159,14
20,3,12,0.6895532684035982,0.6073967553169878,0.6713872200819976,0.14039279916663738,0.3519655331209005,0.1147989098200298,0.08121002865977692,0.007599694692622294,0.23291315731285744,0.5666666666666667,0.4369256474519632,0.6153846153846154,14
20,3,6,0.8816667134673877,0.8086899098325202,0.8819002373942275,0.14367354314140077,0.41577792913436695,0.09159842670652546,0.06907411887419103,0.014798918337934737,0.28523723100203496,0.3444444444444444,0.3444444444444444,0.38888888888888884,14
20,3,12,0.8816667134673877,0.8086899098325202,0.8819002373942275,0.14367354314140077,0.41577792913436695,0.09159842670652546,0.06907411887419103,0.014798918337934737,0.28523723100203496,0.4777777777777778,0.5372549019607843,0.4777777777777778,14
20,3,6,0.9114999128022074,0.7920062625305346,0.9018798735065029,0.11534734041197955,0.34577204561810077,0.14113518750782922,0.12097728425827713,0.015456608419823334,0.2960679043555219,0.3,1.0,0.37142857142857144,15
20,3,12,0.9114999128022074,0.7920062625305346,0.9018798735065029,0.11534734041197955,0.34577204561810077,0.14113518750782922,0.12097728425827713,0.015456608419823334,0.2960679043555219,0.638095238095238,1.0,0.5714285714285715,15
20,3,6,0.7838327486369756,0.7887525981486792,0.7732089484787067,0.09492407930490972,0.18340650697498018,0.09468365783405724,0.11267786098622336,0.014154014026296664,0.24459214864062076,0.6428571428571429,1.0,0.6428571428571429,15
20,3,12,0.7838327486369756,0.7887525981486792,0.7732089484787067,0.09492407930490972,0.18340650697498018,0.09468365783405724,0.11267786098622336,0.014154014026296664,0.24459214864062076,0.6153846153846154,1.0,0.6487179487179487,15
20,3,6,0.8144300392332384,0.8129174534747473,0.8099932253666676,0.04157966078093756,0.0782969843372285,0.042099558247818025,0.19866445376052966,0.020388800596342405,0.44918791910592315,0.33506493506493507,1.0,0.4158730158730159,15
20,3,12,0.8144300392332384,0.8129174534747473,0.8099932253666676,0.04157966078093756,0.0782969843372285,0.042099558247818025,0.19866445376052966,0.020388800596342405,0.44918791910592315,0.638095238095238,1.0,0.5753501400560225,15
20,3,6,0.8157552842596275,0.7883094320613022,0.8157552842596275,0.02511944875814114,0.06601420633900133,0.02454890910455737,0.2306615135952172,0.021824789086379207,0.5015092392503258,0.33506493506493507,1.0,0.5158730158730159,15
20,3,12,0.8157552842596275,0.7883094320613022,0.8157552842596275,0.02511944875814114,0.06601420633900133,0.02454890910455737,0.2306615135952172,0.021824789086379207,0.5015092392503258,0.6666666666666666,1.0,0.6487179487179487,15
20,3,6,0.798588737494301,0.8191306114654332,0.8019049363854657,0.027851460808802003,0.07757287977168056,0.027600542134867696,0.2254212075372433,0.022379109838687437,0.5073477014663027,0.4666666666666666,1.0,0.4158730158730159,15
20,3,12,0.798588737494301,0.8191306114654332,0.8019049363854657,0.027851460808802003,0.07757287977168056,0.027600542134867696,0.2254212075372433,0.022379109838687437,0.5073477014663027,0.6487179487179487,1.0,0.6153846153846154,15
20,3,6,0.7761790231233119,0.802918138581775,0.7708767543697047,0.04317726935422353,0.099564830076799,0.042114230617149376,0.1827457049634737,0.019295254160122812,0.4450613767638302,0.33506493506493507,0.5555555555555555,0.39999999999999997,15
20,3,12,0.7761790231233119,0.802918138581775,0.7708767543697047,0.04317726935422353,0.099564830076799,0.042114230617149376,0.1827457049634737,0.019295254160122812,0.4450613767638302,0.5714285714285715,0.6078431372549019,0.6047619047619048,15
20,3,6,0.9237941948123668,0.7520063055323356,0.9191620721136327,0.14175287362633562,0.4202070715289003,0.15686188844885077,0.10040275596961713,0.013479178991731035,0.24727946751731963,0.3,1.0,0.4158730158730159,15
20,3,12,0.9237941948123668,0.7520063055323356,0.9191620721136327,0.14175287362633562,0.4202070715289003,0.15686188844885077,0.10040275596961713,0.013479178991731035,0.24727946751731963,0.5333333333333333,1.0,0.6153846153846154,15
20,3,6,0.780027111993056,0.8008814948721656,0.7833434754263038,0.02732375639073236,0.07024691761714887,0.027071187377544402,0.2078996168578469,0.02157670255265726,0.47539574116265276,0.4158730158730159,1.0,0.33506493506493507,15
20,3,12,0.780027111993056,0.8008814948721656,0.7833434754263038,0.02732375639073236,0.07024691761714887,0.027071187377544402,0.2078996168578469,0.02157670255265726,0.47539574116265276,0.6666666666666666,1.0,0.6047619047619047,15
20,3,6,0.9217366387456021,0.8099177701841539,0.90723153587488,0.06909488278849463,0.195053881435523,0.09116529814413224,0.09218347967402797,0.012575260881832893,0.23547327565764148,0.3444444444444444,0.7142857142857143,0.5714285714285715,16
20,3,12,0.9217366387456021,0.8099177701841539,0.90723153587488,0.06909488278849463,0.195053881435523,0.09116529814413224,0.09218347967402797,0.012575260881832893,0.23547327565764148,0.4222222222222222,0.6078431372549019,0.542016806722689,16
20,3,6,0.8254847293701545,0.7774442748979193,0.8235413243892321,0.04625641807322504,0.11630257161676329,0.05589310664510975,0.12312099450444418,0.014484392271709695,0.28734202760163197,0.5158730158730159,0.5555555555555555,0.4603174603174603,16
20,3,12,0.8254847293701545,0.7774442748979193,0.8235413243892321,0.04625641807322504,0.11630257161676329,0.05589310664510975,0.12312099450444418,0.014484392271709695,0.28734202760163197,0.7201465201465201,0.6153846153846154,0.5372549019607843,16
20,3,6,0.837887034485683,0.8122917483412084,0.8457582361508991,0.03311415878915411,0.09644167571940035,0.03515352228261863,0.1588664586731929,0.01577126236746358,0.4626759933473892,0.4158730158730159,0.37142857142857144,0.5158730158730159,16
20,3,12,0.837887034485683,0.8122917483412084,0.8457582361508991,0.03311415878915411,0.09644167571940035,0.03515352228261863,0.1588664586731929,0.01577126236746358,0.4626759933473892,0.48646125116713357,0.5304172951231775,0.37058823529411766,16
20,3,6,0.9108762881974758,0.796250763451895,0.8949724891812395,0.06381182175471437,0.17923559362402502,0.09009969796120973,0.09375195331183048,0.013670833864528173,0.2316787029648467,0.2080808080808081,0.33506493506493507,0.6666666666666666,16
20,3,12,0.9108762881974758,0.796250763451895,0.8949724891812395,0.06381182175471437,0.17923559362402502,0.09009969796120973,0.09375195331183048,0.013670833864528173,0.2316787029648467,0.6761904761904761,0.5565610859728506,0.7142857142857143,16
20,3,6,0.8295209537651036,0.7973502679582017,0.8350326742517473,0.0512481454757039,0.10459452267763317,0.059410459979932155,0.12108363328501118,0.014022163237933287,0.28965410885584786,0.2888888888888889,0.4666666666666666,0.4603174603174603,16
20,3,12,0.8295209537651036,0.7973502679582017,0.8350326742517473,0.0512481454757039,0.10459452267763317,0.059410459979932155,0.12108363328501118,0.014022163237933287,0.28965410885584786,0.682051282051282,0.638095238095238,0.6,16
20,3,6,0.9711137346054051,0.878126714276009,0.9711137346054051,0.06584050672963754,0.4733867567982121,0.08705613095395805,0.08370269652702644,0.0124502429368219,0.2085485161817858,0.2888888888888889,0.4666666666666666,0.4603174603174603,16
20,3,12,0.9711137346054051,0.878126714276009,0.9711137346054051,0.06584050672963754,0.4733867567982121,0.08705613095395805,0.08370269652702644,0.0124502429368219,0.2085485161817858,0.5666666666666668,0.44836601307189544,0.542016806722689,16
20,3,6,0.9011305530268913,0.8653998717795854,0.8953306168787333,0.03856843469557432,0.1255556496077077,0.03526046008536103,0.16812619912732382,0.01561008458229168,0.5006444725831634,0.4158730158730159,1.0,0.4444444444444444,16
20,3,12,0.9011305530268913,0.8653998717795854,0.8953306168787333,0.03856843469557432,0.1255556496077077,0.03526046008536103,0.16812619912732382,0.01561008458229168,0.5006444725831634,0.503921568627451,1.0,0.6047619047619047,16
20,3,6,0.8452100193503246,0.8246892790347876,0.8377846983450645,0.060008075960485685,0.18095546707504795,0.0767265587684125,0.10455898412047188,0.013902357134848307,0.24015545606919395,0.6428571428571429,0.5714285714285715,0.6428571428571429,16
20,3,12,0.8452100193503246,0.8246892790347876,0.8377846983450645,0.060008075960485685,0.18095546707504795,0.0767265587684125,0.10455898412047188,0.013902357134848307,0.24015545606919395,0.6047619047619048,0.5372549019607843,0.6761904761904761,16
20,3,6,0.8699178528798203,0.8019059157354543,0.8672752520611623,0.04935416798904843,0.20036269883050806,0.05792348853110947,0.1539291760836014,0.01716961020231588,0.4204787604401374,0.39999999999999997,0.5158730158730158,0.4444444444444444,17
20,3,12,0.8699178528798203,0.8019059157354543,0.8672752520611623,0.04935416798904843,0.20036269883050806,0.05792348853110947,0.1539291760836014,0.01716961020231588,0.4204787604401374,0.4705882352941176,0.6666666666666666,0.6153846153846154,17
20,3,6,0.9349255496183092,0.8243191135199266,0.9349255496183092,0.07860082564245907,0.2828475594579292,0.08563799153892747,0.11684937061789853,0.016230259190923153,0.3005719322884158,0.38888888888888884,0.4666666666666666,0.4603174603174603,17
20,3,12,0.9349255496183092,0.8243191135199266,0.9349255496183092,0.07860082564245907,0.2828475594579292,0.08563799153892747,0.11684937061789853,0.016230259190923153,0.3005719322884158,0.5372549019607843,0.5859728506787331,0.6428571428571429,17
20,3,6,0.7965952130176678,0.7475685816169223,0.7895139051613093,0.09755972978554947,0.21717901422213273,0.09863405705599751,0.12630252584339208,0.014587338463594831,0.29440756433564963,0.39999999999999997,0.5555555555555555,0.24444444444444446,17
20,3,12,0.7965952130176678,0.7475685816169223,0.7895139051613093,0.09755972978554947,0.21717901422213273,0.09863405705599751,0.12630252584339208,0.014587338463594831,0.29440756433564963,0.638095238095238,0.6487179487179487,0.7582417582417582,17
20,3,6,0.8365214317545665,0.8189419160121029,0.8422022659794496,0.11129883237062223,0.20337261921807803,0.10130513752679314,0.11866807401367976,0.013441708660491731,0.2995058272358617,0.38888888888888884,1.0,0.5555555555555555,17
20,3,12,0.8365214317545665,0.8189419160121029,0.8422022659794496,0.11129883237062223,0.20337261921807803,0.10130513752679314,0.11866807401367976,0.013441708660491731,0.2995058272358617,0.5666666666666668,1.0,0.6153846153846154,17
20,3,6,0.8534975798784779,0.8068045306693267,0.8408181021392939,0.06717525315772441,0.1743580508432219,0.0691392658679943,0.1375308554567596,0.016997382843610853,0.34357006699119397,0.3444444444444444,0.393939393939394,0.38888888888888884,17
20,3,12,0.8534975798784779,0.8068045306693267,0.8408181021392939,0.06717525315772441,0.1743580508432219,0.0691392658679943,0.1375308554567596,0.016997382843610853,0.34357006699119397,0.7201465201465201,0.5565610859728506,0.503921568627451,17
20,3,6,0.9093843994251943,0.8069691740080893,0.9090607193266833,0.13659809832583,0.23976626774935467,0.1308406205254457,0.0929965571506832,0.013300878864366966,0.23114115188156828,0.2888888888888889,0.6666666666666666,0.4603174603174603,17
20,3,12,0.9093843994251943,0.8069691740080893,0.9090607193266833,0.13659809832583,0.23976626774935467,0.1308406205254457,0.0929965571506832,0.013300878864366966,0.23114115188156828,0.503921568627451,0.6666666666666666,0.682051282051282,17
20,3,6,0.9036964600647712,0.789347035702435,0.9017517260083437,0.12724420846659834,0.3002906379259004,0.1288193198427206,0.09740644539004022,0.014517782981200988,0.24276511052846456,0.38888888888888884,0.5158730158730158,0.38888888888888884,17
20,3,12,0.9036964600647712,0.789347035702435,0.9017517260083437,0.12724420846659834,0.3002906379259004,0.1288193198427206,0.09740644539004022,0.014517782981200988,0.24276511052846456,0.6047619047619048,0.6153846153846154,0.5666666666666668,17
20,3,6,0.7741854713245454,0.7912649370880059,0.7644848971684112,0.049301502608856455,0.1302819560032286,0.04510712444028472,0.16011357449567462,0.017351086195706238,0.3996468171088354,0.38888888888888884,0.4603174603174603,0.5158730158730159,17
20,3,12,0.7741854713245454,0.7912649370880059,0.7644848971684112,0.049301502608856455,0.1302819560032286,0.04510712444028472,0.16011357449567462,0.017351086195706238,0.3996468171088354,0.6761904761904761,0.6078431372549019,0.5714285714285715,17
20,3,6,0.8639827536172723,0.8723345238082372,0.8501972052336707,0.029203845642563155,0.07590632908047165,0.02762703287288535,0.2625215852177943,0.022589879710293696,0.6567721351139953,0.5555555555555555,1.0,0.5158730158730159,18
20,3,12,0.8639827536172723,0.8723345238082372,0.8501972052336707,0.029203845642563155,0.07590632908047165,0.02762703287288535,0.2625215852177943,0.022589879710293696,0.6567721351139953,0.5859728506787331,1.0,0.5333333333333333,18
20,3,6,0.7856918824328845,0.7907898054408662,0.7832426034925297,0.0693846596191285,0.12074128038865832,0.07095423500854064,0.13192736019128562,0.015415280790130475,0.3288453481927924,0.2888888888888889,0.33506493506493507,0.37142857142857144,18
20,3,12,0.7856918824328845,0.7907898054408662,0.7832426034925297,0.0693846596191285,0.12074128038865832,0.07095423500854064,0.13192736019128562,0.015415280790130475,0.3288453481927924,0.503921568627451,0.5372549019607843,0.5714285714285715,18
20,3,6,0.8109616467545068,0.7964847705986408,0.809324882932807,0.10342932107856856,0.1724321027801724,0.10151549150809598,0.11968549442417076,0.01528037255366016,0.2922569282472193,0.38888888888888884,0.3,0.33506493506493507,18
20,3,12,0.8109616467545068,0.7964847705986408,0.809324882932807,0.10342932107856856,0.1724321027801724,0.10151549150809598,0.11968549442417076,0.01528037255366016,0.2922569282472193,0.5333333333333333,0.542016806722689,0.6761904761904761,18
20,3,6,0.802473990761452,0.7983064239281606,0.7962344612707442,0.024597842264104806,0.067887157357234,0.023234575800789983,0.28093360892188435,0.025571935918579383,0.7471942866428366,0.4603174603174603,1.0,0.5158730158730159,18
20,3,12,0.802473990761452,0.7983064239281606,0.7962344612707442,0.024597842264104806,0.067887157357234,0.023234575800789983,0.28093360892188435,0.025571935918579383,0.7471942866428366,0.6428571428571429,1.0,0.5666666666666668,18
20,3,6,0.7704098717327686,0.7810985703268783,0.7678957104488748,0.07352513762214527,0.12216169951700773,0.07195231629902149,0.15900164482196083,0.017235792554770663,0.3609850403167661,0.3444444444444444,1.0,0.2888888888888889,18
20,3,12,0.7704098717327686,0.7810985703268783,0.7678957104488748,0.07352513762214527,0.12216169951700773,0.07195231629902149,0.15900164482196083,0.017235792554770663,0.3609850403167661,0.5126050420168067,1.0,0.542016806722689,18
20,3,6,0.8811215654511276,0.7028058686380041,0.8717572271401449,0.13635089601797937,0.23615582279562874,0.12483677275338848,0.10059022409988763,0.01360271114109913,0.2511450763156089,0.4444444444444444,0.37142857142857144,0.5555555555555555,18
20,3,12,0.8811215654511276,0.7028058686380041,0.8717572271401449,0.13635089601797937,0.23615582279562874,0.12483677275338848,0.10059022409988763,0.01360271114109913,0.2511450763156089,0.4444444444444444,0.5565610859728506,0.6428571428571429,18
20,3,6,0.8161921016395745,0.7765701076423811,0.816508840259683,0.11877481944072227,0.21930114408229212,0.11067056630117796,0.1099427907427695,0.012739076160880325,0.2645595812972704,0.2888888888888889,0.4666666666666666,0.5714285714285715,18
20,3,12,0.8161921016395745,0.7765701076423811,0.816508840259683,0.11877481944072227,0.21930114408229212,0.11067056630117796,0.1099427907427695,0.012739076160880325,0.2645595812972704,0.5666666666666668,0.6047619047619047,0.5859728506787331,18
20,3,6,0.7980319799651089,0.7724627597838359,0.8016389256981677,0.03972432128290295,0.14596035339647823,0.039193889062496746,0.13980412034350043,0.017867759549906437,0.40883375162277313,0.4444444444444444,0.4444444444444444,0.5158730158730159,18
20,3,12,0.7980319799651089,0.7724627597838359,0.8016389256981677,0.03972432128290295,0.14596035339647823,0.039193889062496746,0.13980412034350043,0.017867759549906437,0.40883375162277313,0.503921568627451,0.5666666666666668,0.4705882352941176,18
20,3,6,0.7290823852910461,0.6106623754326771,0.7404964794155785,0.08663072041812281,0.481071749775749,0.08258584179037665,0.07431993169959299,0.022327882530068646,0.35178901416586134,0.2636363636363636,0.4158730158730159,0.3,19
20,3,12,0.7290823852910461,0.6106623754326771,0.7404964794155785,0.08663072041812281,0.481071749775749,0.08258584179037665,0.07431993169959299,0.022327882530068646,0.35178901416586134,0.638095238095238,0.5565610859728506,0.638095238095238,19
20,3,6,0.9740508021601416,0.8033070160084279,0.9740508021601416,0.24310796816726885,0.8184204948219191,0.28185435741625287,0.050853829853995496,0.012168280418259465,0.15493619297726957,0.2080808080808081,0.2272727272727273,0.24444444444444446,19
20,3,12,0.9740508021601416,0.8033070160084279,0.9740508021601416,0.24310796816726885,0.8184204948219191,0.28185435741625287,0.050853829853995496,0.012168280418259465,0.15493619297726957,0.5,0.39164086687306504,0.542016806722689,19
20,3,6,0.9906383537053731,0.9615125044978163,0.9906383537053731,0.1998429435769096,0.8952740417593037,0.17998447081063437,0.0657199710216644,0.027829822054051923,0.21870560732942398,0.5158730158730159,0.4158730158730159,0.37142857142857144,19
20,3,12,0.9906383537053731,0.9615125044978163,0.9906383537053731,0.1998429435769096,0.8952740417593037,0.17998447081063437,0.0657199710216644,0.027829822054051923,0.21870560732942398,0.5666666666666667,0.6078431372549019,0.5,19
20,3,6,0.9623155175580599,0.7988364019105946,0.9623155175580599,0.2987469015579159,0.5393087870290884,0.27304329532598925,0.05241566655155267,0.012266419965352625,0.16443018718475658,0.24444444444444446,1.0,0.3,19
20,3,12,0.9623155175580599,0.7988364019105946,0.9623155175580599,0.2987469015579159,0.5393087870290884,0.27304329532598925,0.05241566655155267,0.012266419965352625,0.16443018718475658,0.6,1.0,0.5333333333333333,19
20,3,6,0.987632266240574,0.7778566044682911,0.987632266240574,0.4623179078218883,0.7234921829236935,0.41976686670760016,0.045700961207726674,0.012014427978626821,0.12994132501856065,0.30808080808080807,1.0,0.37142857142857144,19
20,3,12,0.987632266240574,0.7778566044682911,0.987632266240574,0.4623179078218883,0.7234921829236935,0.41976686670760016,0.045700961207726674,0.012014427978626821,0.12994132501856065,0.4705882352941176,1.0,0.5714285714285715,19
20,3,6,0.9324054560307274,0.8498078069258108,0.9324054560307274,0.10173957581398112,0.25515124018349095,0.13996634597453322,0.10778577124298759,0.014736762334311596,0.253691144429195,0.2636363636363636,1.0,0.3444444444444444,19
20,3,12,0.9324054560307274,0.8498078069258108,0.9324054560307274,0.10173957581398112,0.25515124018349095,0.13996634597453322,0.10778577124298759,0.014736762334311596,0.253691144429195,0.638095238095238,1.0,0.7582417582417582,19
20,3,6,0.9921016413258255,0.5470345031127256,0.9921016413258255,0.30482139403871095,0.9990022700841376,0.3298636988244111,0.050541750361978895,0.002839239695011392,0.17510444961342392,0.38888888888888884,0.5555555555555555,0.4444444444444444,19
20,3,12,0.9921016413258255,0.5470345031127256,0.9921016413258255,0.30482139403871095,0.9990022700841376,0.3298636988244111,0.050541750361978895,0.002839239695011392,0.17510444961342392,0.5333333333333333,0.682051282051282,0.4777777777777778,19
20,3,6,0.9433011352173738,0.8246365931973468,0.9433011352173738,0.11479337519404859,0.31110022949365,0.08464650628993262,0.0764209191013117,0.015177833989434925,0.24095865659348922,0.38888888888888884,0.3444444444444444,0.4603174603174603,19
20,3,12,0.9433011352173738,0.8246365931973468,0.9433011352173738,0.11479337519404859,0.31110022949365,0.08464650628993262,0.0764209191013117,0.015177833989434925,0.24095865659348922,0.638095238095238,0.5859728506787331,0.5372549019607843,19
20,4,6,0.8642023461930626,0.8474314021202655,0.8654295570463733,0.03880713447892234,0.09615595843554449,0.03808859683286009,0.10517801267334072,0.01401799004516691,0.35284673324924865,0.3444444444444444,0.361976911976912,0.40444444444444444,0
20,4,12,0.8642023461930626,0.8474314021202655,0.8654295570463733,0.03880713447892234,0.09615595843554449,0.03808859683286009,0.10517801267334072,0.01401799004516691,0.35284673324924865,0.5249299719887955,0.5429864253393665,0.5338332255979314,0
20,4,6,0.8557942239915489,0.8421395347711842,0.8598107048435982,0.026304615282612704,0.08582064776605522,0.029891891611975495,0.15781067101712315,0.01635452740898834,0.48315320416024926,0.2858585858585858,0.5714285714285715,0.38539682539682535,0
20,4,12,0.8557942239915489,0.8421395347711842,0.8598107048435982,0.026304615282612704,0.08582064776605522,0.029891891611975495,0.15781067101712315,0.01635452740898834,0.48315320416024926,0.55,0.6047619047619047,0.5114098972922502,0
20,4,6,0.7917609271886196,0.7986390776995674,0.804322888703511,0.05532153065875151,0.1491219209991288,0.04116905653401452,0.0752327345060995,0.012195027067331743,0.31389307951736944,0.24444444444444444,0.3746031746031746,0.33468975468975476,0
20,4,12,0.7917609271886196,0.7986390776995674,0.804322888703511,0.05532153065875151,0.1491219209991288,0.04116905653401452,0.0752327345060995,0.012195027067331743,0.31389307951736944,0.5543417366946779,0.43333333333333335,0.5125633843280901,0
20,4,6,0.7967435468068161,0.7538285639948396,0.8030611606231859,0.043756901414162136,0.1437139931922389,0.04591456556828557,0.08350394800063246,0.014840538877086197,0.3278255798305514,0.31753246753246755,0.2564213564213564,0.4238095238095238,0
20,4,12,0.7967435468068161,0.7538285639948396,0.8030611606231859,0.043756901414162136,0.1437139931922389,0.04591456556828557,0.08350394800063246,0.014840538877086197,0.3278255798305514,0.4915966386554622,0.44281045751633985,0.5299719887955182,0
20,4,6,0.863106488549439,0.8520296080653107,0.8695052429382776,0.019134341643359157,0.057576339683738695,0.01612832227591717,0.13569597936956015,0.01853567565271066,0.47788093102933465,0.37546897546897545,0.45021645021645024,0.3552958152958153,0
20,4,12,0.863106488549439,0.8520296080653107,0.8695052429382776,0.019134341643359157,0.057576339683738695,0.01612832227591717,0.13569597936956015,0.01853567565271066,0.47788093102933465,0.5880952380952381,0.48211951447245566,0.5121942110177404,0
20,4,6,0.8952303799095508,0.8590920324840192,0.8988726018565419,0.01994377251837789,0.04573753400897462,0.020179739809927343,0.16893081162732126,0.018321400379807472,0.5349759641120143,0.39444444444444443,0.4777777777777778,0.30101010101010106,0
20,4,12,0.8952303799095508,0.8590920324840192,0.8988726018565419,0.01994377251837789,0.04573753400897462,0.020179739809927343,0.16893081162732126,0.018321400379807472,0.5349759641120143,0.5265639589169001,0.5076923076923078,0.5139309056956116,0
20,4,6,0.8005027674721714,0.8029833877189132,0.8215411842224708,0.05302571532690727,0.13702589214343147,0.047734389953529396,0.07539976914375597,0.012392692317852987,0.30469752802434963,0.33888888888888885,0.33888888888888885,0.42444444444444435,0
20,4,12,0.8005027674721714,0.8029833877189132,0.8215411842224708,0.05302571532690727,0.13702589214343147,0.047734389953529396,0.07539976914375597,0.012392692317852987,0.30469752802434963,0.557936507936508,0.42810457516339867,0.5098039215686274,0
20,4,6,0.8059565662793029,0.8004503740689823,0.8056654015408767,0.04784790172541353,0.15710789013905765,0.03644087501004161,0.08638495617342559,0.012321287490696388,0.3655469510329199,0.3166666666666666,0.2651515151515151,0.3796825396825397,0
20,4,12,0.8059565662793029,0.8004503740689823,0.8056654015408767,0.04784790172541353,0.15710789013905765,0.03644087501004161,0.08638495617342559,0.012321287490696388,0.3655469510329199,0.5186274509803922,0.6067226890756303,0.5577591036414566,0
20,4,6,0.808822215781588,0.82963113873542,0.8108658046663391,0.04073153290187538,0.10054024861434807,0.03726759241447361,0.10693273286425044,0.012991191024865078,0.3591161953039353,0.3444444444444444,0.4444444444444445,0.44952380952380955,1
20,4,12,0.808822215781588,0.82963113873542,0.8108658046663391,0.04073153290187538,0.10054024861434807,0.03726759241447361,0.10693273286425044,0.012991191024865078,0.3591161953039353,0.6243589743589744,0.4932306255835668,0.5676190476190476,1
20,4,6,0.8394612242816474,0.8242568962359674,0.8363059716932504,0.045414156604939894,0.1430970946025237,0.04242392418413383,0.09447145296512181,0.012071461698433206,0.3090145561990452,0.42460317460317465,0.23585858585858585,0.5038095238095238,1
20,4,12,0.8394612242816474,0.8242568962359674,0.8363059716932504,0.045414156604939894,0.1430970946025237,0.04242392418413383,0.09447145296512181,0.012071461698433206,0.3090145561990452,0.6214285714285716,0.5229691876750701,0.6219564748976513,1
20,4,6,0.7957003523930959,0.7749730438642622,0.8142600845185043,0.03551646072193969,0.10249100548501552,0.030315107769382583,0.11647732245771501,0.014293638941549244,0.44653206181784094,0.29935064935064937,0.27626262626262627,0.3619047619047619,1
20,4,12,0.7957003523930959,0.7749730438642622,0.8142600845185043,0.03551646072193969,0.10249100548501552,0.030315107769382583,0.11647732245771501,0.014293638941549244,0.44653206181784094,0.49355742296918764,0.461437908496732,0.6095238095238094,1
20,4,6,0.8372285834916219,0.8339201276767226,0.8369206527610695,0.03826867348838314,0.09116275984538044,0.03654453987511934,0.10530505245411227,0.013369213061707236,0.3126017284546912,0.36666666666666664,0.2722222222222222,0.5523809523809523,1
20,4,12,0.8372285834916219,0.8339201276767226,0.8369206527610695,0.03826867348838314,0.09116275984538044,0.03654453987511934,0.10530505245411227,0.013369213061707236,0.3126017284546912,0.6214285714285716,0.45155195681511473,0.5773626373626374,1
20,4,6,0.8440970453638189,0.8394531059281126,0.8430761878180898,0.031919414729464184,0.1027766318207625,0.03166658261306316,0.10152367130946766,0.01312021304708527,0.3425142076124824,0.39444444444444443,0.30808080808080807,0.5746031746031746,1
20,4,12,0.8440970453638189,0.8394531059281126,0.8430761878180898,0.031919414729464184,0.1027766318207625,0.03166658261306316,0.10152367130946766,0.01312021304708527,0.3425142076124824,0.55,0.542016806722689,0.5803174603174602,1
20,4,6,0.813941448366938,0.8132991740838657,0.8116147161486095,0.052638963417815134,0.13566825910526473,0.045497739370494006,0.09030795476321969,0.010835580552981762,0.27132233092459734,0.29848484848484846,0.24935064935064935,0.42669552669552663,1
20,4,12,0.813941448366938,0.8132991740838657,0.8116147161486095,0.052638963417815134,0.13566825910526473,0.045497739370494006,0.09030795476321969,0.010835580552981762,0.27132233092459734,0.5229691876750701,0.44313725490196076,0.63074768368886,1
20,4,6,0.8044810492206924,0.8130555007234687,0.8096460798755883,0.04649635942881246,0.12314492125991047,0.044718970309110574,0.09901397412961499,0.01204412683857642,0.3290004742163033,0.28888888888888886,0.3080808080808081,0.44577200577200576,1
20,4,12,0.8044810492206924,0.8130555007234687,0.8096460798755883,0.04649635942881246,0.12314492125991047,0.044718970309110574,0.09901397412961499,0.01204412683857642,0.3290004742163033,0.5900560224089636,0.503921568627451,0.6017884076707606,1
20,4,6,0.8165427173278508,0.7267624143509279,0.83281892754723,0.06846866198805346,0.1763832492181807,0.05198540724409715,0.09999690742919112,0.009236499671931174,0.2983324606486254,0.26666666666666666,0.5555555555555555,0.4326984126984127,1
20,4,12,0.8165427173278508,0.7267624143509279,0.83281892754723,0.06846866198805346,0.1763832492181807,0.05198540724409715,0.09999690742919112,0.009236499671931174,0.2983324606486254,0.45375694137304046,0.7333333333333334,0.5095898872369461,1
20,4,6,0.8102951629956793,0.8452929955834636,0.8257188025870654,0.07405381746244714,0.10530464871863165,0.05696712623652854,0.07361924766799857,0.011458175781678698,0.2461168857504927,0.304040404040404,0.3493506493506493,0.41523809523809524,2
20,4,12,0.8102951629956793,0.8452929955834636,0.8257188025870654,0.07405381746244714,0.10530464871863165,0.05696712623652854,0.07361924766799857,0.011458175781678698,0.2461168857504927,0.4872549019607843,0.5352941176470588,0.5726610644257702,2
20,4,6,0.8454147255841831,0.8423529754930361,0.8527102808662071,0.036197688613305856,0.10351075533907715,0.03552776045532984,0.09683176693842434,0.013264068502882092,0.36484540806839444,0.25404040404040407,0.5793650793650794,0.4888888888888889,2
20,4,12,0.8454147255841831,0.8423529754930361,0.8527102808662071,0.036197688613305856,0.10351075533907715,0.03552776045532984,0.09683176693842434,0.013264068502882092,0.36484540806839444,0.4908496732026144,0.5596530920060332,0.4320536635706915,2
20,4,6,0.765962693882828,0.7970899437397312,0.7598227436080982,0.089190630867364,0.14111098352354512,0.07259197946054799,0.07062646791775848,0.00973411334851512,0.23371347100142123,0.2429292929292929,0.4801587301587302,0.40069264069264066,2
20,4,12,0.765962693882828,0.7970899437397312,0.7598227436080982,0.089190630867364,0.14111098352354512,0.07259197946054799,0.07062646791775848,0.00973411334851512,0.23371347100142123,0.5265639589169001,0.5543417366946779,0.5046763968745395,2
20,4,6,0.8008431382399055,0.7813755877855186,0.806982184046006,0.0691434475541896,0.14123198242488158,0.07064675490042818,0.07627604278396105,0.01024954655148579,0.239368230737746,0.20808080808080806,0.29848484848484846,0.3581240981240981,2
20,4,12,0.8008431382399055,0.7813755877855186,0.806982184046006,0.0691434475541896,0.14123198242488158,0.07064675490042818,0.07627604278396105,0.01024954655148579,0.239368230737746,0.45751633986928103,0.4888888888888889,0.4704575163398692,2
20,4,6,0.813572506517866,0.8448596583903764,0.8242970062942567,0.04705747914968971,0.07242698924510821,0.045625405639629545,0.13541555680923914,0.01276336194708578,0.4079250297647568,0.23737373737373735,0.3523809523809524,0.31786435786435785,2
20,4,12,0.813572506517866,0.8448596583903764,0.8242970062942567,0.04705747914968971,0.07242698924510821,0.045625405639629545,0.13541555680923914,0.01276336194708578,0.4079250297647568,0.4383040935672515,0.5171694318753143,0.44728193031598595,2
20,4,6,0.7475889153547334,0.7913609292818383,0.7777784868313994,0.09444719003754763,0.1829314063068289,0.07843334808886121,0.0657748102201271,0.00917345686955471,0.19827125718956568,0.2722222222222222,0.5436507936507937,0.37145743145743143,2
20,4,12,0.7475889153547334,0.7913609292818383,0.7777784868313994,0.09444719003754763,0.1829314063068289,0.07843334808886121,0.0657748102201271,0.00917345686955471,0.19827125718956568,0.47418300653594775,0.5690476190476191,0.5075862355738515,2
20,4,6,0.7975973821504093,0.8383404856922202,0.7989480926557149,0.04650529530562563,0.07866438205839062,0.04293459334376073,0.12151080341563104,0.013196986881141683,0.335516679958879,0.35793650793650794,0.5158730158730159,0.3803463203463204,2
20,4,12,0.7975973821504093,0.8383404856922202,0.7989480926557149,0.04650529530562563,0.07866438205839062,0.04293459334376073,0.12151080341563104,0.013196986881141683,0.335516679958879,0.5352941176470588,0.542016806722689,0.5690713208360269,2
20,4,6,0.8063577466494175,0.8034571183956726,0.8005801459658284,0.034485930174422114,0.07180666357874563,0.030891293575945528,0.13783461860427604,0.014779224004212018,0.4153933270544638,0.27864357864357864,0.4158730158730159,0.347965367965368,2
20,4,12,0.8063577466494175,0.8034571183956726,0.8005801459658284,0.034485930174422114,0.07180666357874563,0.030891293575945528,0.13783461860427604,0.014779224004212018,0.4153933270544638,0.4872549019607843,0.5565610859728506,0.5666206995618759,2
20,4,6,0.8042642100071844,0.6640498205373746,0.7965946446520322,0.15040489882126104,0.45685683691354645,0.1163009529181595,0.08110674937446989,0.006783404485841508,0.2697131308924954,0.38975468975468974,0.3666666666666667,0.39463203463203456,3
20,4,12,0.8042642100071844,0.6640498205373746,0.7965946446520322,0.15040489882126104,0.45685683691354645,0.1163009529181595,0.08110674937446989,0.006783404485841508,0.2697131308924954,0.5210084033613446,0.503921568627451,0.5406679594914888,3
20,4,6,0.832324778869583,0.822775119701486,0.8191658095605202,0.016231749152689212,0.037068900372834356,0.01581453889613683,0.19811486559589261,0.024160130231410018,0.5671633264297996,0.21515151515151512,0.5158730158730159,0.2509090909090909,3
20,4,12,0.832324778869583,0.822775119701486,0.8191658095605202,0.016231749152689212,0.037068900372834356,0.01581453889613683,0.19811486559589261,0.024160130231410018,0.5671633264297996,0.4594771241830065,0.638095238095238,0.5299719887955182,3
20,4,6,0.8137614368958901,0.793572683091894,0.820282123790172,0.025804507672739792,0.07279826260711113,0.025419182633294245,0.14990718450647347,0.02000836389133787,0.5310203292410492,0.32222222222222224,0.3222222222222222,0.36701298701298696,3
20,4,12,0.8137614368958901,0.793572683091894,0.820282123790172,0.025804507672739792,0.07279826260711113,0.025419182633294245,0.14990718450647347,0.02000836389133787,0.5310203292410492,0.40947712418300647,0.4951914098972922,0.5456956115779644,3
20,4,6,0.8115818456371313,0.8312337933629176,0.8014171823493186,0.047088134427046166,0.13800743525882747,0.046147037106223636,0.12905647789092184,0.014292073936592117,0.34992796072268956,0.2944444444444444,0.34696969696969693,0.4025685425685425,3
20,4,12,0.8115818456371313,0.8312337933629176,0.8014171823493186,0.047088134427046166,0.13800743525882747,0.046147037106223636,0.12905647789092184,0.014292073936592117,0.34992796072268956,0.6047619047619048,0.6166666666666667,0.527950872656755,3
20,4,6,0.7749374159558181,0.7750780075492917,0.7796372106284215,0.0663101054721188,0.22996838362309166,0.047648943231180484,0.11630520030878201,0.01133209923605684,0.501083959666414,0.1636363636363636,0.4246031746031746,0.25030303030303036,3
20,4,12,0.7749374159558181,0.7750780075492917,0.7796372106284215,0.0663101054721188,0.22996838362309166,0.047648943231180484,0.11630520030878201,0.01133209923605684,0.501083959666414,0.4169934640522876,0.47254901960784307,0.4831372549019608,3
20,4,6,0.8369173612314711,0.6873585726541976,0.8398874524925339,0.5192407196532313,0.5913301867177284,0.5098155798759656,0.03686743824352072,0.006446292468858766,0.10064058891164558,0.254040404040404,0.4666666666666666,0.3768542568542569,3
20,4,12,0.8369173612314711,0.6873585726541976,0.8398874524925339,0.5192407196532313,0.5913301867177284,0.5098155798759656,0.03686743824352072,0.006446292468858766,0.10064058891164558,0.4611111111111111,0.6666666666666666,0.5130489118724413,3
20,4,6,0.8369618685402183,0.8327872164825926,0.848638246044406,0.03260172991798278,0.13976762541447152,0.03443477692664091,0.13485124421288447,0.015323081291279293,0.40164703151521797,0.3166666666666666,0.4523809523809524,0.2993939393939395,3
20,4,12,0.8369618685402183,0.8327872164825926,0.848638246044406,0.03260172991798278,0.13976762541447152,0.03443477692664091,0.13485124421288447,0.015323081291279293,0.40164703151521797,0.48211951447245566,0.5857142857142857,0.4759850606909431,3
20,4,6,0.8522819075963066,0.8145502231594163,0.8446145175656598,0.016080512430208534,0.05533386524111108,0.017161877399914836,0.17912720863339335,0.021847347765659438,0.5122432650922416,0.3166666666666666,0.3,0.3574603174603175,3
20,4,12,0.8522819075963066,0.8145502231594163,0.8446145175656598,0.016080512430208534,0.05533386524111108,0.017161877399914836,0.17912720863339335,0.021847347765659438,0.5122432650922416,0.4594771241830065,0.5616138763197587,0.5234791352438412,3
20,4,6,0.7753121526670353,0.7428375665345713,0.7744237715600715,0.11771200640073637,0.26832191561739005,0.10941215058192671,0.06573618275222745,0.009790672952823565,0.22319105545258833,0.26666666666666666,0.40238095238095234,0.3076190476190476,4
20,4,12,0.7753121526670353,0.7428375665345713,0.7744237715600715,0.11771200640073637,0.26832191561739005,0.10941215058192671,0.06573618275222745,0.009790672952823565,0.22319105545258833,0.461437908496732,0.5352941176470588,0.5296875673346262,4
20,4,6,0.7690298094355662,0.7949776614935199,0.7617229797867567,0.041724090945026535,0.12061437418363066,0.038001979007901907,0.08863287221412838,0.013197353465986106,0.3606361926355348,0.407936507936508,0.4444444444444444,0.3225685425685426,4
20,4,12,0.7690298094355662,0.7949776614935199,0.7617229797867567,0.041724090945026535,0.12061437418363066,0.038001979007901907,0.08863287221412838,0.013197353465986106,0.3606361926355348,0.6047619047619047,0.503921568627451,0.5301730948789772,4
20,4,6,0.8566237610687757,0.797198548088738,0.8422058552806863,0.04915222886392011,0.1256357883005543,0.047444833906024414,0.13963616165518325,0.011897028847246676,0.3492263359230169,0.407936507936508,1.0,0.36608946608946613,4
20,4,12,0.8566237610687757,0.797198548088738,0.8422058552806863,0.04915222886392011,0.1256357883005543,0.047444833906024414,0.13963616165518325,0.011897028847246676,0.3492263359230169,0.44477124183006533,1.0,0.5227221144868204,4
20,4,6,0.8221029288206257,0.823718181220525,0.8214238734832677,0.03301298221597599,0.07086640928758639,0.02831874561416315,0.11993187491700968,0.015539159395882417,0.473806764638434,0.48809523809523814,0.4444444444444444,0.42507936507936506,4
20,4,12,0.8221029288206257,0.823718181220525,0.8214238734832677,0.03301298221597599,0.07086640928758639,0.02831874561416315,0.11993187491700968,0.015539159395882417,0.473806764638434,0.5900560224089636,0.544947209653092,0.5819047619047618,4
20,4,6,0.7413906283841419,0.7536227439938206,0.729543021375136,0.060699723845609434,0.13547311494589917,0.050076791347925434,0.06853139085562018,0.01089174464900573,0.2667220330580957,0.3444444444444444,0.407936507936508,0.36256854256854254,4
20,4,12,0.7413906283841419,0.7536227439938206,0.729543021375136,0.060699723845609434,0.13547311494589917,0.050076791347925434,0.06853139085562018,0.01089174464900573,0.2667220330580957,0.5857142857142857,0.44477124183006533,0.5334453781512605,4
20,4,6,0.8211294608199803,0.7937851495008114,0.808067411962787,0.05030004331080411,0.10729172163379523,0.0493215068111116,0.08275056460227194,0.014632781609552618,0.3273445360298977,0.3826839826839827,0.5357142857142857,0.3203463203463203,4
20,4,12,0.8211294608199803,0.7937851495008114,0.808067411962787,0.05030004331080411,0.10729172163379523,0.0493215068111116,0.08275056460227194,0.014632781609552618,0.3273445360298977,0.5543417366946779,0.5900560224089636,0.5737815126050421,4
20,4,6,0.7828482527802718,0.7163353794315199,0.792333443362233,0.10942720414207814,0.2983680985085473,0.10665339197809298,0.061206846030569376,0.01042813610611174,0.24505400025906,0.4523809523809524,0.28888888888888886,0.3682828282828282,4
20,4,12,0.7828482527802718,0.7163353794315199,0.792333443362233,0.10942720414207814,0.2983680985085473,0.10665339197809298,0.061206846030569376,0.01042813610611174,0.24505400025906,0.5019607843137255,0.5186274509803922,0.5235064282123105,4
20,4,6,0.8182075272686535,0.7576521382312471,0.8123226087228962,0.08727850901543838,0.279920636873294,0.08923325778912605,0.0606124382260083,0.011605121597641035,0.243907017428423,0.4801587301587302,0.3888888888888889,0.4653968253968254,4
20,4,12,0.8182075272686535,0.7576521382312471,0.8123226087228962,0.08727850901543838,0.279920636873294,0.08923325778912605,0.0606124382260083,0.011605121597641035,0.243907017428423,0.5666666666666668,0.6096530920060331,0.5657659987071751,4
20,4,6,0.8608703145717663,0.7946451018614191,0.8686479822411799,0.020720072929443858,0.10555558692347408,0.022288931473990362,0.16100259498103955,0.017204444339701884,0.49892751196759944,0.5079365079365079,0.27626262626262627,0.4384126984126984,5
20,4,12,0.8608703145717663,0.7946451018614191,0.8686479822411799,0.020720072929443858,0.10555558692347408,0.022288931473990362,0.16100259498103955,0.017204444339701884,0.49892751196759944,0.4908496732026144,0.4396800825593395,0.5527501256913021,5
20,4,6,0.8135121379915159,0.7918160013861244,0.8102967649911208,0.06999802317454559,0.2389806389808316,0.09893057199375187,0.11416526126073483,0.011738411255711309,0.3573811635963536,0.254040404040404,0.35793650793650794,0.43777777777777777,5
20,4,12,0.8135121379915159,0.7918160013861244,0.8102967649911208,0.06999802317454559,0.2389806389808316,0.09893057199375187,0.11416526126073483,0.011738411255711309,0.3573811635963536,0.5857142857142857,0.5710084033613446,0.5761904761904761,5
20,4,6,0.7874128114011311,0.804286292831468,0.7821631415375453,0.04820242812322102,0.1185888297133633,0.047393681630012334,0.12593181888767183,0.013332034046510677,0.3230426940990921,0.5714285714285715,0.37777777777777777,0.41463203463203463,5
20,4,12,0.7874128114011311,0.804286292831468,0.7821631415375453,0.04820242812322102,0.1185888297133633,0.047393681630012334,0.12593181888767183,0.013332034046510677,0.3230426940990921,0.5876750700280112,0.5411764705882353,0.5460647848883143,5
20,4,6,0.7731042151502923,0.6907096791566418,0.7752533252224847,0.04477798914421449,0.1340587629948121,0.04402800447815223,0.12317405601194337,0.013158964496109031,0.31215272083383444,0.36753246753246754,0.6428571428571429,0.4326984126984127,5
20,4,12,0.7731042151502923,0.6907096791566418,0.7752533252224847,0.04477798914421449,0.1340587629948121,0.04402800447815223,0.12317405601194337,0.013158964496109031,0.31215272083383444,0.5523809523809524,0.6666666666666666,0.6131652661064425,5
20,4,6,0.8482819757723248,0.7186907656548108,0.8519697247858693,0.10520466114354003,0.29294829189980115,0.1700988706979435,0.061688801184288426,0.01136100409080029,0.20740837368074963,0.37222222222222223,0.20404040404040402,0.44190476190476186,5
20,4,12,0.8482819757723248,0.7186907656548108,0.8519697247858693,0.10520466114354003,0.29294829189980115,0.1700988706979435,0.061688801184288426,0.01136100409080029,0.20740837368074963,0.592436974789916,0.4872549019607843,0.5225210084033614,5
20,4,6,0.9185229297798431,0.7836139058802425,0.9244725844907546,0.06706596006818485,0.6183957932337697,0.09861733099122737,0.07603461217096963,0.011687522059676552,0.25265633898884376,0.33015873015873015,0.40238095238095234,0.4098412698412698,5
20,4,12,0.9185229297798431,0.7836139058802425,0.9244725844907546,0.06706596006818485,0.6183957932337697,0.09861733099122737,0.07603461217096963,0.011687522059676552,0.25265633898884376,0.4594771241830065,0.48211951447245566,0.55131221719457,5
20,4,6,0.7604394343156843,0.778400940468029,0.7569449341820739,0.14509232215685983,0.2719929275822036,0.15544018176437602,0.08150677996712449,0.009992006852812733,0.2025803000316638,0.27626262626262627,0.393939393939394,0.33119769119769127,5
20,4,12,0.7604394343156843,0.778400940468029,0.7569449341820739,0.14509232215685983,0.2719929275822036,0.15544018176437602,0.08150677996712449,0.009992006852812733,0.2025803000316638,0.5205882352941177,0.4603174603174603,0.5372922502334266,5
20,4,6,0.8002095601706579,0.8077641762731339,0.8066456104255245,0.1205443189038502,0.23341612895242467,0.12345608055735395,0.06388773508394462,0.010800962307406731,0.19901721449438461,0.22626262626262625,0.19783549783549784,0.39367965367965374,5
20,4,12,0.8002095601706579,0.8077641762731339,0.8066456104255245,0.1205443189038502,0.23341612895242467,0.12345608055735395,0.06388773508394462,0.010800962307406731,0.19901721449438461,0.5523809523809524,0.4390510590200993,0.538763197586727,5
20,4,6,0.8102726518402228,0.777203705276836,0.8175529169544136,0.05361227400190446,0.20861082239795822,0.04968614191564764,0.10579827591617379,0.014579595776947325,0.43384569249249527,0.40238095238095245,0.26666666666666666,0.40828282828282825,6
20,4,12,0.8102726518402228,0.777203705276836,0.8175529169544136,0.05361227400190446,0.20861082239795822,0.04968614191564764,0.10579827591617379,0.014579595776947325,0.43384569249249527,0.6023809523809525,0.4374170720919947,0.5924326653738418,6
20,4,6,0.708813517584474,0.774573814893293,0.7450378933807029,0.15821770655482922,0.26391046001244944,0.12744685133741282,0.06884121943912262,0.00990652862580671,0.2773192615119664,0.4357142857142857,0.39999999999999997,0.4774603174603175,6
20,4,12,0.708813517584474,0.774573814893293,0.7450378933807029,0.15821770655482922,0.26391046001244944,0.12744685133741282,0.06884121943912262,0.00990652862580671,0.2773192615119664,0.6047619047619048,0.5675895999425412,0.5988795518207283,6
20,4,6,0.7297866412455802,0.771601017092409,0.7712347556705248,0.18617903632586663,0.4063005488140597,0.15502455307289106,0.06411922156281116,0.009884036664784216,0.25260161293815087,0.5992063492063492,0.407936507936508,0.5095238095238096,6
20,4,12,0.7297866412455802,0.771601017092409,0.7712347556705248,0.18617903632586663,0.4063005488140597,0.15502455307289106,0.06411922156281116,0.009884036664784216,0.25260161293815087,0.6214285714285714,0.5763197586726999,0.5826890756302521,6
20,4,6,0.8445955487357517,0.82777972988833,0.8484742297532725,0.0910816695776856,0.14472760074140056,0.08533639249268486,0.1134207292206655,0.013074747208765575,0.35999463091870554,0.4444444444444444,0.31197691197691196,0.45841269841269844,6
20,4,12,0.8445955487357517,0.82777972988833,0.8484742297532725,0.0910816695776856,0.14472760074140056,0.08533639249268486,0.1134207292206655,0.013074747208765575,0.35999463091870554,0.6023809523809525,0.5586834733893558,0.5518767507002802,6
20,4,6,0.8164906814506928,0.8209134131967183,0.8035894693910265,0.06183613985897848,0.09512950672547306,0.0598422643505748,0.10953695884165433,0.014227080628272467,0.3397418081468031,0.38015873015873014,0.31197691197691196,0.3965079365079365,6
20,4,12,0.8164906814506928,0.8209134131967183,0.8035894693910265,0.06183613985897848,0.09512950672547306,0.0598422643505748,0.10953695884165433,0.014227080628272467,0.3397418081468031,0.55,0.40196078431372545,0.6459857789269553,6
20,4,6,0.8164837090820591,0.7966929825428865,0.8016073699671991,0.08386279882118561,0.21446157138810965,0.06722667800910552,0.10910311111529851,0.014496782332041243,0.5242861815425389,0.4436507936507937,0.31666666666666665,0.4873015873015873,6
20,4,12,0.8164837090820591,0.7966929825428865,0.8016073699671991,0.08386279882118561,0.21446157138810965,0.06722667800910552,0.10910311111529851,0.014496782332041243,0.5242861815425389,0.5205882352941177,0.5900560224089636,0.6126007326007326,6
20,4,6,0.8102585588351879,0.8205340894869454,0.8111460753622471,0.06536625359356577,0.14548780624558957,0.06354858760421486,0.12027187154527824,0.013678302003665281,0.34948857679432155,0.4523809523809524,0.29292929292929293,0.40828282828282825,6
20,4,12,0.8102585588351879,0.8205340894869454,0.8111460753622471,0.06536625359356577,0.14548780624558957,0.06354858760421486,0.12027187154527824,0.013678302003665281,0.34948857679432155,0.5857142857142857,0.5040975364504776,0.5550700280112044,6
20,4,6,0.789539323967467,0.8208935051965965,0.8216056549368843,0.10518134930524518,0.24823083902288318,0.07507858373213767,0.09692167377833699,0.011385993848374706,0.37013810452433166,0.6071428571428572,0.3318181818181818,0.4904761904761904,6
20,4,12,0.789539323967467,0.8208935051965965,0.8216056549368843,0.10518134930524518,0.24823083902288318,0.07507858373213767,0.09692167377833699,0.011385993848374706,0.37013810452433166,0.6404761904761905,0.415032679738562,0.6088429217840983,6
20,4,6,0.8005060690683655,0.771040937945778,0.7887502363318821,0.0614902604288074,0.11898969659123278,0.060400414579905,0.09829897240518427,0.009915866843166136,0.22917270504468176,0.30793650793650795,1.0,0.41396825396825404,7
20,4,12,0.8005060690683655,0.771040937945778,0.7887502363318821,0.0614902604288074,0.11898969659123278,0.060400414579905,0.09829897240518427,0.009915866843166136,0.22917270504468176,0.5019607843137255,1.0,0.5241930618401206,7
20,4,6,0.8726485694686692,0.7858003301835342,0.8746954254108869,0.03653270074176162,0.19387434924784888,0.04015537019890762,0.11567233859832148,0.01226768282163123,0.40382919135117545,0.3801587301587302,0.4777777777777778,0.4949206349206349,7
20,4,12,0.8726485694686692,0.7858003301835342,0.8746954254108869,0.03653270074176162,0.19387434924784888,0.04015537019890762,0.11567233859832148,0.01226768282163123,0.40382919135117545,0.47222222222222215,0.5265639589169001,0.5317086834733894,7
20,4,6,0.8708541025725283,0.8385521535140781,0.8759847033998508,0.09778400074008702,0.24490519462570162,0.09600923612086891,0.056376924758290876,0.009923908624386819,0.20218997230828042,0.36666666666666664,0.407936507936508,0.45619047619047615,7
20,4,12,0.8708541025725283,0.8385521535140781,0.8759847033998508,0.09778400074008702,0.24490519462570162,0.09600923612086891,0.056376924758290876,0.009923908624386819,0.20218997230828042,0.41339869281045744,0.55,0.551027795733678,7
20,4,6,0.8192086637049809,0.7771710139068295,0.8107759928546285,0.08460257854499426,0.18116233581875055,0.07366359049705481,0.07378471622744069,0.00952329655119943,0.24102670755059105,0.4301587301587302,0.3523809523809524,0.43619047619047613,7
20,4,12,0.8192086637049809,0.7771710139068295,0.8107759928546285,0.08460257854499426,0.18116233581875055,0.07366359049705481,0.07378471622744069,0.00952329655119943,0.24102670755059105,0.5166666666666667,0.5857142857142857,0.5581469510881276,7
20,4,6,0.8098700342943373,0.7464222404245778,0.8124575061097141,0.04109478205422549,0.1322922378353884,0.038278671421855405,0.07811804094146639,0.01065790009434356,0.274174983822635,0.5079365079365079,0.23181818181818178,0.4726984126984127,7
20,4,12,0.8098700342943373,0.7464222404245778,0.8124575061097141,0.04109478205422549,0.1322922378353884,0.038278671421855405,0.07811804094146639,0.01065790009434356,0.274174983822635,0.5543417366946778,0.5333333333333333,0.5436744954392014,7
20,4,6,0.8364850471768982,0.7458566963418558,0.8335586100027295,0.06078909637468207,0.1940929458335387,0.0648955360897422,0.061937733522620074,0.01011226661781679,0.2447530861935406,0.48809523809523814,0.37222222222222223,0.4952380952380952,7
20,4,12,0.8364850471768982,0.7458566963418558,0.8335586100027295,0.06078909637468207,0.1940929458335387,0.0648955360897422,0.061937733522620074,0.01011226661781679,0.2447530861935406,0.5063025210084033,0.5082633053221288,0.6029605688429218,7
20,4,6,0.743065155732935,0.7120124349487807,0.7413775451756589,0.09500272719885625,0.19290074094386653,0.09385425818174148,0.062199811444112754,0.007122896964176318,0.16094983615226474,0.33419913419913416,0.33419913419913416,0.4044444444444444,7
20,4,12,0.743065155732935,0.7120124349487807,0.7413775451756589,0.09500272719885625,0.19290074094386653,0.09385425818174148,0.062199811444112754,0.007122896964176318,0.16094983615226474,0.4580191050779286,0.5872549019607843,0.5428901817137111,7
20,4,6,0.8176840915686018,0.7049817085083564,0.8264430030704604,0.08055497913537396,0.26161623921095956,0.09157720544147183,0.05856078484763831,0.009144522134698768,0.23348988593343328,0.2858585858585858,0.3444444444444444,0.526984126984127,7
20,4,12,0.8176840915686018,0.7049817085083564,0.8264430030704604,0.08055497913537396,0.26161623921095956,0.09157720544147183,0.05856078484763831,0.009144522134698768,0.23348988593343328,0.47418300653594775,0.6291208791208792,0.5114098972922502,7
20,4,6,0.7463889315518968,0.7316742505397468,0.7460911696987149,0.07499579362992764,0.1474664531697117,0.07806832041169973,0.0763563821793283,0.009062550636093836,0.2506826039720032,0.3666666666666667,0.31666666666666665,0.47841269841269846,8
20,4,12,0.7463889315518968,0.7316742505397468,0.7460911696987149,0.07499579362992764,0.1474664531697117,0.07806832041169973,0.0763563821793283,0.009062550636093836,0.2506826039720032,0.4611111111111112,0.44477124183006533,0.5251124039359333,8
20,4,6,0.7300983410467244,0.7269325114822316,0.7379924476022713,0.06553994563439691,0.10643450910369823,0.058765153492161076,0.10282798692687924,0.010220517683160662,0.304576619815802,0.31197691197691196,0.5158730158730158,0.5625396825396825,8
20,4,12,0.7300983410467244,0.7269325114822316,0.7379924476022713,0.06553994563439691,0.10643450910369823,0.058765153492161076,0.10282798692687924,0.010220517683160662,0.304576619815802,0.6238095238095239,0.5603174603174603,0.6353932342167635,8
20,4,6,0.8378984034925278,0.7832208854557535,0.8455265324438022,0.07533651632107764,0.13974849396868655,0.05575968241087439,0.09336138134657451,0.011357911646435674,0.28744962712608463,0.4801587301587302,0.38015873015873014,0.47206349206349196,8
20,4,12,0.8378984034925278,0.7832208854557535,0.8455265324438022,0.07533651632107764,0.13974849396868655,0.05575968241087439,0.09336138134657451,0.011357911646435674,0.28744962712608463,0.6214285714285716,0.5152086475615888,0.5428901817137111,8
20,4,6,0.843302740024189,0.8267905316935059,0.8344206108432196,0.023607745063461964,0.05743336588216521,0.019747169428532774,0.14483170703428033,0.015329366043821032,0.523488027237573,0.31666666666666665,0.26753246753246757,0.35333333333333333,8
20,4,12,0.843302740024189,0.8267905316935059,0.8344206108432196,0.023607745063461964,0.05743336588216521,0.019747169428532774,0.14483170703428033,0.015329366043821032,0.523488027237573,0.44477124183006533,0.49084967320261436,0.48679738562091507,8
20,4,6,0.8489657588290561,0.8460629006418487,0.8605850157817346,0.06911567177902134,0.18776940909821482,0.07022163358085948,0.07527900435604776,0.010992753139588007,0.3286512155439209,0.5079365079365079,0.2484848484848485,0.473015873015873,8
20,4,12,0.8489657588290561,0.8460629006418487,0.8605850157817346,0.06911567177902134,0.18776940909821482,0.07022163358085948,0.07527900435604776,0.010992753139588007,0.3286512155439209,0.55,0.47418300653594775,0.5485714285714285,8
20,4,6,0.8108132015642772,0.8216174220916096,0.8056214830767824,0.05344958790992314,0.14056509457724217,0.041705441003095256,0.12080206459892776,0.011276808157618806,0.3624337242648131,0.4166666666666667,0.5158730158730159,0.33307359307359313,8
20,4,12,0.8108132015642772,0.8216174220916096,0.8056214830767824,0.05344958790992314,0.14056509457724217,0.041705441003095256,0.12080206459892776,0.011276808157618806,0.3624337242648131,0.5787007110536523,0.7333333333333334,0.4803318250377073,8
20,4,6,0.7706070685677537,0.7761580158279955,0.7843183816850541,0.039782979199992116,0.11059515434848058,0.043091732462062125,0.10304527225029607,0.013542567679028523,0.3415485676415037,0.3746031746031746,0.31111111111111106,0.4076190476190476,8
20,4,12,0.7706070685677537,0.7761580158279955,0.7843183816850541,0.039782979199992116,0.11059515434848058,0.043091732462062125,0.10304527225029607,0.013542567679028523,0.3415485676415037,0.573389355742297,0.4390510590200993,0.5517086834733894,8
20,4,6,0.8098079144561438,0.7981510213979391,0.8281386262285572,0.06821535302231986,0.12522981710494532,0.05329475446049793,0.09245439709272474,0.011108210871164143,0.29875489665364624,0.4579365079365079,0.31197691197691196,0.4552380952380953,8
20,4,12,0.8098079144561438,0.7981510213979391,0.8281386262285572,0.06821535302231986,0.12522981710494532,0.05329475446049793,0.09245439709272474,0.011108210871164143,0.29875489665364624,0.5543417366946779,0.6013431013431013,0.5442577030812324,8
20,4,6,0.8062914826953382,0.8401082885989488,0.8199110119554955,0.019016611721874587,0.05898037645934226,0.02253852456873673,0.21493399383556086,0.01981301743570995,0.9633920883399905,0.27626262626262627,0.32070707070707066,0.3022222222222222,9
20,4,12,0.8062914826953382,0.8401082885989488,0.8199110119554955,0.019016611721874587,0.05898037645934226,0.02253852456873673,0.21493399383556086,0.01981301743570995,0.9633920883399905,0.42301341589267283,0.47418300653594764,0.4546680426556587,9
20,4,6,0.8156467825546289,0.8446605871798246,0.804938058967885,0.04671230556562456,0.1271933605301595,0.04277307251849266,0.1487026773312988,0.012634805948045759,0.40609004171695706,0.27626262626262627,0.5555555555555555,0.46507936507936515,9
20,4,12,0.8156467825546289,0.8446605871798246,0.804938058967885,0.04671230556562456,0.1271933605301595,0.04277307251849266,0.1487026773312988,0.012634805948045759,0.40609004171695706,0.47418300653594775,0.542016806722689,0.5225858764558455,9
20,4,6,0.8261596473861464,0.800683079448604,0.8123993125094221,0.02463897759350644,0.0624938936071096,0.02120455729971139,0.13898645142941943,0.02005421579004576,0.5415922411749599,0.21363636363636362,0.31666666666666665,0.28963924963924964,9
20,4,12,0.8261596473861464,0.800683079448604,0.8123993125094221,0.02463897759350644,0.0624938936071096,0.02120455729971139,0.13898645142941943,0.02005421579004576,0.5415922411749599,0.44477124183006533,0.4811145510835913,0.5224233283056813,9
20,4,6,0.8076689480832792,0.8599113734311888,0.8049565234727366,0.027238405888042296,0.06234105839247695,0.028940796697381085,0.15127110190464438,0.014797580934869884,0.37740406828151657,0.23585858585858588,1.0,0.3298412698412699,9
20,4,12,0.8076689480832792,0.8599113734311888,0.8049565234727366,0.027238405888042296,0.06234105839247695,0.028940796697381085,0.15127110190464438,0.014797580934869884,0.37740406828151657,0.45965309200603316,1.0,0.5540012928248222,9
20,4,6,0.8330802270891173,0.8174140191597538,0.8249188736889494,0.019186710462245807,0.06810759263380682,0.02051238675675786,0.15815942728795238,0.015197824184196896,0.4101565151711563,0.2937950937950938,1.0,0.31529581529581535,9
20,4,12,0.8330802270891173,0.8174140191597538,0.8249188736889494,0.019186710462245807,0.06810759263380682,0.02051238675675786,0.15815942728795238,0.015197824184196896,0.4101565151711563,0.46248710010319916,1.0,0.5139309056956116,9
20,4,6,0.8800473874586183,0.864737238740386,0.8811209064622014,0.022987867410960674,0.08099389200036032,0.022382424075128707,0.1419534392208108,0.017052802087210148,0.5130912894589263,0.3222222222222222,0.35555555555555557,0.37847041847041846,9
20,4,12,0.8800473874586183,0.864737238740386,0.8811209064622014,0.022987867410960674,0.08099389200036032,0.022382424075128707,0.1419534392208108,0.017052802087210148,0.5130912894589263,0.47418300653594775,0.6333333333333333,0.48477626948215186,9
20,4,6,0.8923762729243175,0.7979972409495354,0.8899201275297992,0.02305887546329075,0.10032636586676857,0.018940995987335122,0.1768534388037671,0.01546843094382728,0.5196917645530763,0.23823953823953822,1.0,0.26297258297258297,9
20,4,12,0.8923762729243175,0.7979972409495354,0.8899201275297992,0.02305887546329075,0.10032636586676857,0.018940995987335122,0.1768534388037671,0.01546843094382728,0.5196917645530763,0.4908496732026144,1.0,0.4399439775910365,9
20,4,6,0.8418122841629183,0.8277772586797282,0.8502322175365514,0.04145206470535817,0.14288930642112982,0.032479631511605794,0.08201909669999143,0.013393606525121617,0.4592571468119766,0.24848484848484845,0.27626262626262627,0.27111111111111114,9
20,4,12,0.8418122841629183,0.8277772586797282,0.8502322175365514,0.04145206470535817,0.14288930642112982,0.032479631511605794,0.08201909669999143,0.013393606525121617,0.4592571468119766,0.46307189542483657,0.43307533539731674,0.5058263305322129,9
20,4,6,0.7738155907463222,0.7627500873774082,0.7785478298529593,0.0467434844681949,0.11246560136805285,0.04809602341644131,0.11480178030004026,0.012004147329179166,0.34139167539099063,0.3523809523809524,0.3175324675324675,0.388917748917749,10
20,4,12,0.7738155907463222,0.7627500873774082,0.7785478298529593,0.0467434844681949,0.11246560136805285,0.04809602341644131,0.11480178030004026,0.012004147329179166,0.34139167539099063,0.6571428571428571,0.4857968828557064,0.5710924369747897,10
20,4,6,0.7809299811871503,0.8262003227472058,0.7831192944612647,0.04105715814811983,0.07801591294664423,0.0374105202677396,0.15351727634643905,0.018951700401452352,0.5690782571610299,0.4301587301587302,0.40238095238095245,0.3796825396825397,10
20,4,12,0.7809299811871503,0.8262003227472058,0.7831192944612647,0.04105715814811983,0.07801591294664423,0.0374105202677396,0.15351727634643905,0.018951700401452352,0.5690782571610299,0.4872549019607843,0.47254901960784307,0.4944164332399626,10
20,4,6,0.9069924116125078,0.9159742211182897,0.8981647479510334,0.030815429446101477,0.0710890277645666,0.024880684709832512,0.15953616264106643,0.016594640676261995,0.6542504719364974,0.3944444444444444,0.4357142857142857,0.4457720057720058,10
20,4,12,0.9069924116125078,0.9159742211182897,0.8981647479510334,0.030815429446101477,0.0710890277645666,0.024880684709832512,0.15953616264106643,0.016594640676261995,0.6542504719364974,0.5690476190476191,0.5376750700280112,0.5233053221288515,10
20,4,6,0.8083054798021212,0.8099780945455451,0.8094355237500398,0.0340959847160098,0.0796153256254843,0.03377346524620759,0.1528256203330231,0.014234548471414804,0.37819404581774546,0.5079365079365079,0.3333333333333333,0.43942279942279944,10
20,4,12,0.8083054798021212,0.8099780945455451,0.8094355237500398,0.0340959847160098,0.0796153256254843,0.03377346524620759,0.1528256203330231,0.014234548471414804,0.37819404581774546,0.5690476190476191,0.48579688285570644,0.5454298642533936,10
20,4,6,0.8089193702365115,0.8078808241209866,0.8117246891913671,0.031202233799430327,0.11084565300051598,0.024193496845243138,0.13007132410685052,0.014736223741209408,0.5673342997474325,0.34848484848484845,0.5714285714285715,0.308975468975469,10
20,4,12,0.8089193702365115,0.8078808241209866,0.8117246891913671,0.031202233799430327,0.11084565300051598,0.024193496845243138,0.13007132410685052,0.014736223741209408,0.5673342997474325,0.5833333333333334,0.6023809523809524,0.5937728937728938,10
20,4,6,0.7198671323223602,0.7637490514352501,0.7323617760948704,0.1264242663273387,0.17614456148757196,0.1241506163112424,0.07404510550836428,0.008726887343505916,0.2037563261916299,0.33888888888888885,0.2937950937950938,0.31018759018759023,10
20,4,12,0.7198671323223602,0.7637490514352501,0.7323617760948704,0.1264242663273387,0.17614456148757196,0.1241506163112424,0.07404510550836428,0.008726887343505916,0.2037563261916299,0.5857142857142857,0.5690476190476191,0.5796638655462185,10
20,4,6,0.7988975166525082,0.7925250913181051,0.7961918150570296,0.06080233927141263,0.12345005379285758,0.06147768677710868,0.11847720374930798,0.011638181320907298,0.28152862064396433,0.4158730158730159,1.0,0.4073015873015873,10
20,4,12,0.7988975166525082,0.7925250913181051,0.7961918150570296,0.06080233927141263,0.12345005379285758,0.06147768677710868,0.11847720374930798,0.011638181320907298,0.28152862064396433,0.5357142857142857,1.0,0.6289463477698771,10
20,4,6,0.8141651834819754,0.8234238929452863,0.8120882281697878,0.07940532399638915,0.1487465650641208,0.08498983755243147,0.0981889981754621,0.009538171759489336,0.2823764036532724,0.33015873015873015,0.4666666666666666,0.44190476190476186,10
20,4,12,0.8141651834819754,0.8234238929452863,0.8120882281697878,0.07940532399638915,0.1487465650641208,0.08498983755243147,0.0981889981754621,0.009538171759489336,0.2823764036532724,0.4872549019607843,0.6078431372549019,0.5385434173669468,10
20,4,6,0.9154682305695002,0.8387277330627954,0.9156836344780772,0.06641785467368967,0.1757829535539937,0.059662533929851255,0.10159487779747743,0.012203841936444923,0.28483637441764725,0.254040404040404,0.23737373737373738,0.3581240981240981,11
20,4,12,0.9154682305695002,0.8387277330627954,0.9156836344780772,0.06641785467368967,0.1757829535539937,0.059662533929851255,0.10159487779747743,0.012203841936444923,0.28483637441764725,0.41190230478156176,0.5021367521367521,0.49170868347338925,11
20,4,6,0.7819575665659554,0.7934342825581759,0.7958818351371745,0.03849087435243741,0.09433884448656302,0.04141745078622948,0.12311157671370436,0.014622265892051877,0.4077855334158512,0.33975468975468975,0.40238095238095234,0.36,11
20,4,12,0.7819575665659554,0.7934342825581759,0.7958818351371745,0.03849087435243741,0.09433884448656302,0.04141745078622948,0.12311157671370436,0.014622265892051877,0.4077855334158512,0.503921568627451,0.591025641025641,0.5099719887955182,11
20,4,6,0.8378936545358673,0.8048322440036374,0.8386451498447803,0.04286535919685503,0.11119811379322438,0.040617586386875286,0.1502437412680842,0.015897197712777988,0.5234805275798463,0.3166666666666666,0.4444444444444444,0.34761904761904755,11
20,4,12,0.8378936545358673,0.8048322440036374,0.8386451498447803,0.04286535919685503,0.11119811379322438,0.040617586386875286,0.1502437412680842,0.015897197712777988,0.5234805275798463,0.5229691876750701,0.4804855275443511,0.465125558995528,11
20,4,6,0.8096165144430462,0.8112429940223264,0.812427024415683,0.055134663748445396,0.1562465422913524,0.04908702622945075,0.11431944427109365,0.01479228410635494,0.4356580439694673,0.3857142857142857,0.36666666666666664,0.3098989898989899,11
20,4,12,0.8096165144430462,0.8112429940223264,0.812427024415683,0.055134663748445396,0.1562465422913524,0.04908702622945075,0.11431944427109365,0.01479228410635494,0.4356580439694673,0.5543417366946779,0.44281045751633985,0.5104575163398692,11
20,4,6,0.7882203318015609,0.8073671085118781,0.7829857300801092,0.04149769935926809,0.09046866793133838,0.03898303434138935,0.12881997636194367,0.013347510524871181,0.3353560943390431,0.27626262626262627,0.6666666666666666,0.26392496392496395,11
20,4,12,0.7882203318015609,0.8073671085118781,0.7829857300801092,0.04149769935926809,0.09046866793133838,0.03898303434138935,0.12881997636194367,0.013347510524871181,0.3353560943390431,0.5082633053221288,0.7333333333333334,0.5116110033757092,11
20,4,6,0.8012059774988911,0.8011833472380449,0.7972672178385173,0.056798474998170256,0.13228555604417047,0.05661339584128058,0.1087531495609484,0.012376028173872589,0.31889168120016165,0.22626262626262628,0.4801587301587302,0.2743434343434344,11
20,4,12,0.8012059774988911,0.8011833472380449,0.7972672178385173,0.056798474998170256,0.13228555604417047,0.05661339584128058,0.1087531495609484,0.012376028173872589,0.31889168120016165,0.46381886087768437,0.5345830639948287,0.504873949579832,11
20,4,6,0.8426151559416675,0.8514010606479747,0.8407726385004353,0.0707130336956082,0.14211119610937004,0.06552866935833325,0.12985475802451268,0.011917031517498513,0.3804587830478325,0.2722222222222222,0.4666666666666666,0.3787301587301587,11
20,4,12,0.8426151559416675,0.8514010606479747,0.8407726385004353,0.0707130336956082,0.14211119610937004,0.06552866935833325,0.12985475802451268,0.011917031517498513,0.3804587830478325,0.4705882352941176,0.6153846153846154,0.5282352941176469,11
20,4,6,0.817191482606748,0.7789807713013621,0.8249357540118909,0.050665698858089914,0.15777798324287393,0.04752910537649581,0.13778389718225104,0.013742535213880162,0.5098987643479438,0.33888888888888885,0.5714285714285715,0.29847041847041844,11
20,4,12,0.817191482606748,0.7789807713013621,0.8249357540118909,0.050665698858089914,0.15777798324287393,0.04752910537649581,0.13778389718225104,0.013742535213880162,0.5098987643479438,0.4411764705882353,0.6047619047619048,0.5012138188608778,11
20,4,6,0.7833344982179418,0.8245312830967636,0.7857536069122365,0.04004828635025078,0.09123160918875625,0.031258182965986,0.1301808806395259,0.01650267367981751,0.4509643709164653,0.2318181818181818,0.47222222222222215,0.2936796536796537,12
20,4,12,0.7833344982179418,0.8245312830967636,0.7857536069122365,0.04004828635025078,0.09123160918875625,0.031258182965986,0.1301808806395259,0.01650267367981751,0.4509643709164653,0.5563025210084034,0.6243589743589744,0.5053408029878618,12
20,4,6,0.8086612345808922,0.8107441242069626,0.8112760668790688,0.030969346203286962,0.0739467601570298,0.026916839842095735,0.15056894229534376,0.016734124357887105,0.540141810691357,0.3444444444444444,0.2222222222222222,0.29434343434343435,12
20,4,12,0.8086612345808922,0.8107441242069626,0.8112760668790688,0.030969346203286962,0.0739467601570298,0.026916839842095735,0.15056894229534376,0.016734124357887105,0.540141810691357,0.44477124183006533,0.4768907563025209,0.5299719887955182,12
20,4,6,0.8362026321562863,0.8393293170204497,0.8269448988099327,0.03174910539457921,0.07557224701805233,0.03241646611762017,0.14548339318731765,0.014289181707673258,0.40175994017548894,0.48809523809523814,0.6666666666666666,0.3730158730158731,12
20,4,12,0.8362026321562863,0.8393293170204497,0.8269448988099327,0.03174910539457921,0.07557224701805233,0.03241646611762017,0.14548339318731765,0.014289181707673258,0.40175994017548894,0.6214285714285716,0.7333333333333334,0.5690382819794585,12
20,4,6,0.834485983193734,0.8236821366324317,0.859959325255317,0.03735753357185277,0.061690034770971194,0.03331992988332091,0.12587182231472288,0.018324147794064237,0.41226959368046434,0.3444444444444444,0.4523809523809524,0.3907936507936508,12
20,4,12,0.834485983193734,0.8236821366324317,0.859959325255317,0.03735753357185277,0.061690034770971194,0.03331992988332091,0.12587182231472288,0.018324147794064237,0.41226959368046434,0.569047619047619,0.4852941176470588,0.5330489118724413,12
20,4,6,0.8396570122583877,0.8197414094174796,0.8504375465217029,0.042985403671166995,0.1015481514001117,0.03713287698947645,0.1118892391841846,0.013740696593619586,0.37275642433538714,0.33888888888888885,0.40238095238095245,0.4019047619047619,12
20,4,12,0.8396570122583877,0.8197414094174796,0.8504375465217029,0.042985403671166995,0.1015481514001117,0.03713287698947645,0.1118892391841846,0.013740696593619586,0.37275642433538714,0.544947209653092,0.4259791635952626,0.5846642246642246,12
20,4,6,0.8351304590176647,0.8255337202166243,0.8296598127018662,0.05397762519910702,0.12080470374674168,0.03991646144254619,0.08690956566497769,0.014830426317152662,0.32031572131405733,0.3444444444444444,0.3166666666666666,0.3365079365079365,12
20,4,12,0.8351304590176647,0.8255337202166243,0.8296598127018662,0.05397762519910702,0.12080470374674168,0.03991646144254619,0.08690956566497769,0.014830426317152662,0.32031572131405733,0.5396358543417367,0.4458204334365325,0.5530489118724413,12
20,4,6,0.8673002634951532,0.8446089137361955,0.8635232654960524,0.024826783622789228,0.062260497824919624,0.019584170473322927,0.15982707075513108,0.018199956901118718,0.5596350827259298,0.40238095238095234,0.3611111111111111,0.2660606060606061,12
20,4,12,0.8673002634951532,0.8446089137361955,0.8635232654960524,0.024826783622789228,0.062260497824919624,0.019584170473322927,0.15982707075513108,0.018199956901118718,0.5596350827259298,0.5019607843137255,0.5586834733893558,0.45496682883679784,12
20,4,6,0.8358509659012837,0.8156598150968705,0.8320474837870018,0.03222550846716143,0.08387631956144606,0.02822636797808831,0.14632363040818852,0.015550366100219528,0.5711971100207603,0.2897546897546897,0.37777777777777777,0.3711111111111111,12
20,4,12,0.8358509659012837,0.8156598150968705,0.8320474837870018,0.03222550846716143,0.08387631956144606,0.02822636797808831,0.14632363040818852,0.015550366100219528,0.5711971100207603,0.48921568627450984,0.5210084033613446,0.5060130718954248,12
20,4,6,0.8879324178890813,0.850344424461839,0.894268362634653,0.03645246651611947,0.12709088886687778,0.040575306273042504,0.10731483730768332,0.01419808615273647,0.4572762593503371,0.31666666666666665,0.3444444444444444,0.3768542568542569,13
20,4,12,0.8879324178890813,0.850344424461839,0.894268362634653,0.03645246651611947,0.12709088886687778,0.040575306273042504,0.10731483730768332,0.01419808615273647,0.4572762593503371,0.5616138763197587,0.5376750700280112,0.6849816849816848,13
20,4,6,0.8034779834745298,0.7325222820848781,0.7889098935953506,0.07233379753048808,0.21840527553581215,0.06470964998337977,0.084461241781994,0.009876397715726683,0.20519006913248536,0.4214285714285715,1.0,0.49494949494949486,13
20,4,12,0.8034779834745298,0.7325222820848781,0.7889098935953506,0.07233379753048808,0.21840527553581215,0.06470964998337977,0.084461241781994,0.009876397715726683,0.20519006913248536,0.5412698412698412,1.0,0.6393708252531781,13
20,4,6,0.8153882619706587,0.7826755791645461,0.831250035832023,0.0791579246062421,0.1627321099712942,0.08748446412228647,0.08459548425745872,0.010592489163553936,0.2201138043170658,0.3968253968253968,0.40238095238095234,0.427965367965368,13
20,4,12,0.8153882619706587,0.7826755791645461,0.831250035832023,0.0791579246062421,0.1627321099712942,0.08748446412228647,0.08459548425745872,0.010592489163553936,0.2201138043170658,0.6120340443869856,0.6571428571428571,0.6543374272786037,13
20,4,6,0.8478648531024507,0.8257688273473106,0.8453453242146097,0.061033005858105296,0.16880315117882932,0.0631376517351012,0.08850730723881665,0.010382799652503666,0.23746894227725449,0.36666666666666664,0.3414141414141414,0.5126984126984128,13
20,4,12,0.8478648531024507,0.8257688273473106,0.8453453242146097,0.061033005858105296,0.16880315117882932,0.0631376517351012,0.08850730723881665,0.010382799652503666,0.23746894227725449,0.7142857142857143,0.6019607843137255,0.631700064641241,13
20,4,6,0.7879150812219275,0.7300155301841216,0.7846889091080411,0.10149154610389975,0.18913976682013092,0.10586799450121383,0.07690416234149029,0.009587991983048905,0.1954561003548655,0.34379509379509376,0.5714285714285715,0.39968253968253964,13
20,4,12,0.7879150812219275,0.7300155301841216,0.7846889091080411,0.10149154610389975,0.18913976682013092,0.10586799450121383,0.07690416234149029,0.009587991983048905,0.1954561003548655,0.5229691876750701,0.6153846153846154,0.5945572074983839,13
20,4,6,0.8065823773011866,0.8195958629160676,0.8168828113898541,0.03892372011724285,0.11119209943808736,0.040602531981747236,0.11559765741395364,0.013586784878651972,0.35054583699086217,0.36666666666666664,0.3801587301587302,0.3060606060606061,13
20,4,12,0.8065823773011866,0.8195958629160676,0.8168828113898541,0.03892372011724285,0.11119209943808736,0.040602531981747236,0.11559765741395364,0.013586784878651972,0.35054583699086217,0.5352941176470588,0.4928104575163399,0.549187675070028,13
20,4,6,0.7752209853488722,0.7665484567054034,0.7638321003221572,0.09310922779437605,0.1434002320499556,0.10158528212439309,0.07802782627776662,0.009788935123186049,0.196947580843247,0.39444444444444443,0.5555555555555555,0.5038095238095238,13
20,4,12,0.7752209853488722,0.7665484567054034,0.7638321003221572,0.09310922779437605,0.1434002320499556,0.10158528212439309,0.07802782627776662,0.009788935123186049,0.196947580843247,0.614414996767938,0.5565610859728506,0.6958974358974358,13
20,4,6,0.834084091775286,0.8466691126773819,0.8373985999402197,0.0530578604650859,0.12611026123707442,0.048902476500193505,0.1374666291805417,0.012556462855678378,0.5429482170575788,0.31666666666666665,0.42460317460317465,0.3381240981240981,13
20,4,12,0.834084091775286,0.8466691126773819,0.8373985999402197,0.0530578604650859,0.12611026123707442,0.048902476500193505,0.1374666291805417,0.012556462855678378,0.5429482170575788,0.5710084033613446,0.5543417366946779,0.5607843137254901,13
20,4,6,0.9922904595919531,,0.9922904595919531,0.17668581375487497,0.884523749993887,0.16678351367818345,0.04701627066452193,0.028890607110165965,0.17064436234843328,0.32626262626262625,1.0,0.393015873015873,14
20,4,12,0.9922904595919531,,0.9922904595919531,0.17668581375487497,0.884523749993887,0.16678351367818345,0.04701627066452193,0.028890607110165965,0.17064436234843328,0.503921568627451,1.0,0.6210558069381598,14
20,4,6,0.8893863239628486,0.8437973899720357,0.8962890734822256,0.05833893552520375,0.20126795271379225,0.04899538256448362,0.09658806577203186,0.01170379816121046,0.3860031826810584,0.3944444444444444,0.2715728715728715,0.4244444444444444,14
20,4,12,0.8893863239628486,0.8437973899720357,0.8962890734822256,0.05833893552520375,0.20126795271379225,0.04899538256448362,0.09658806577203186,0.01170379816121046,0.3860031826810584,0.503921568627451,0.4580191050779286,0.5123249299719888,14
20,4,6,0.9851470024461902,0.7367927768178156,0.9851470024461902,0.11509043113428268,0.914264451968132,0.11454826167011221,0.05712143885128488,0.007112511563569049,0.22888724035541036,0.3166666666666666,0.32157287157287157,0.41275613275613277,14
20,4,12,0.9851470024461902,0.7367927768178156,0.9851470024461902,0.11509043113428268,0.914264451968132,0.11454826167011221,0.05712143885128488,0.007112511563569049,0.22888724035541036,0.5205882352941177,0.503921568627451,0.5686748545572075,14
20,4,6,0.8569298653709092,0.8736259598428378,0.8676094065266775,0.06545005690820578,0.13063220208268553,0.06352424688943303,0.145506892249917,0.012429868981766653,0.45197024140441683,0.4333333333333334,0.4666666666666666,0.42190476190476184,14
20,4,12,0.8569298653709092,0.8736259598428378,0.8676094065266775,0.06545005690820578,0.13063220208268553,0.06352424688943303,0.145506892249917,0.012429868981766653,0.45197024140441683,0.5098972922502334,0.5555555555555555,0.5417366946778711,14
20,4,6,0.8699415029689717,,0.869241535573899,0.08885165363877585,0.7210489586175473,0.07832277643077905,0.06832807466329492,0.022142926587622246,0.33054182677989163,0.1525252525252525,0.4666666666666666,0.2547763347763348,14
20,4,12,0.8699415029689717,,0.869241535573899,0.08885165363877585,0.7210489586175473,0.07832277643077905,0.06832807466329492,0.022142926587622246,0.33054182677989163,0.43111455108359126,0.48646125116713357,0.5306631586507747,14
20,4,6,0.9889517413004714,0.5056119850281161,0.9889517413004714,0.16412102499822492,0.9017249243423224,0.1619378288231559,0.04969890407920683,0.0047544715090924485,0.17295646005998264,0.28888888888888886,0.24242424242424235,0.28271284271284275,14
20,4,12,0.9889517413004714,0.5056119850281161,0.9889517413004714,0.16412102499822492,0.9017249243423224,0.1619378288231559,0.04969890407920683,0.0047544715090924485,0.17295646005998264,0.5229691876750701,0.492401630017729,0.5288759606406664,14
20,4,6,0.8430217584161372,0.8016916187476846,0.8514843088840927,0.0776031413082271,0.19017167213226693,0.08072410320904932,0.09789209904272969,0.011974681567039772,0.26899037446787744,0.1645021645021645,0.4666666666666666,0.30447330447330445,14
20,4,12,0.8430217584161372,0.8016916187476846,0.8514843088840927,0.0776031413082271,0.19017167213226693,0.08072410320904932,0.09789209904272969,0.011974681567039772,0.26899037446787744,0.46232247284878863,0.6666666666666666,0.5114747653447344,14
20,4,6,0.8091355351981692,0.8167605038304483,0.8131356200117008,0.05905748941346719,0.12870679433119836,0.061867568392083745,0.10344370233559075,0.012349288180056962,0.29395897971349966,0.1803030303030303,0.31919191919191914,0.26929292929292925,14
20,4,12,0.8091355351981692,0.8167605038304483,0.8131356200117008,0.05905748941346719,0.12870679433119836,0.061867568392083745,0.10344370233559075,0.012349288180056962,0.29395897971349966,0.4872549019607843,0.5210084033613446,0.5248739495798319,14
20,4,6,0.853035041921522,0.7950688838550335,0.8507340159421218,0.096975098774578,0.2788939166166916,0.08926965472868151,0.09940762454052532,0.009717554420416285,0.26824909370680206,0.46587301587301594,1.0,0.36865800865800863,15
20,4,12,0.853035041921522,0.7950688838550335,0.8507340159421218,0.096975098774578,0.2788939166166916,0.08926965472868151,0.09940762454052532,0.009717554420416285,0.26824909370680206,0.5857142857142857,1.0,0.5933850463262227,15
20,4,6,0.823448359397906,0.7191348772616413,0.8370599073407358,0.16175453719861027,0.3457905438200332,0.14244685641144064,0.0503710414260817,0.007428818676357004,0.14263686757400046,0.4444444444444444,0.33506493506493507,0.5457142857142858,15
20,4,12,0.823448359397906,0.7191348772616413,0.8370599073407358,0.16175453719861027,0.3457905438200332,0.14244685641144064,0.0503710414260817,0.007428818676357004,0.14263686757400046,0.6190476190476191,0.5042735042735043,0.5702434820081879,15
20,4,6,0.8378141506160506,0.6568345431526157,0.8335155963545933,0.1333320750978605,0.3756185792835981,0.16029656567461736,0.054440794334769914,0.009068709122320053,0.17028867784999915,0.6071428571428572,0.27460317460317457,0.4892063492063492,15
20,4,12,0.8378141506160506,0.6568345431526157,0.8335155963545933,0.1333320750978605,0.3756185792835981,0.16029656567461736,0.054440794334769914,0.009068709122320053,0.17028867784999915,0.6434065934065935,0.46545284780578905,0.5803318250377074,15
20,4,6,0.8050072552439133,0.8166860530864344,0.7927606029523501,0.0509399471705336,0.10190443869596963,0.04671258247280034,0.0980495640427639,0.013904038513842153,0.32392521296729826,0.33888888888888885,0.38888888888888884,0.3393939393939394,15
20,4,12,0.8050072552439133,0.8166860530864344,0.7927606029523501,0.0509399471705336,0.10190443869596963,0.04671258247280034,0.0980495640427639,0.013904038513842153,0.32392521296729826,0.5857142857142857,0.5710084033613445,0.5474323062558356,15
20,4,6,0.8305069772665791,0.7773390930614003,0.8266024800701293,0.060186080610416054,0.18384209093437573,0.06347541787658918,0.09210816541989206,0.010603137729844916,0.2858679019578352,0.4603174603174603,0.4301587301587302,0.4504761904761904,15
20,4,12,0.8305069772665791,0.7773390930614003,0.8266024800701293,0.060186080610416054,0.18384209093437573,0.06347541787658918,0.09210816541989206,0.010603137729844916,0.2858679019578352,0.5710084033613446,0.6071428571428572,0.6257142857142857,15
20,4,6,0.7559562746893506,0.813342510542722,0.7784946403769425,0.045414045692941746,0.09320211696652755,0.04153042431485644,0.11488993912445915,0.014107986647329929,0.33962222642819706,0.39444444444444443,0.38888888888888884,0.3247907647907648,15
20,4,12,0.7559562746893506,0.813342510542722,0.7784946403769425,0.045414045692941746,0.09320211696652755,0.04153042431485644,0.11488993912445915,0.014107986647329929,0.33962222642819706,0.6410256410256411,0.5710084033613445,0.5971428571428571,15
20,4,6,0.8147571302495672,0.7499246300325512,0.8034785228675954,0.10017255554259562,0.20367387238658563,0.11393733518377176,0.06532572703639675,0.010313877377961618,0.18712987152590446,0.45793650793650803,0.5158730158730159,0.36479076479076483,15
20,4,12,0.8147571302495672,0.7499246300325512,0.8034785228675954,0.10017255554259562,0.20367387238658563,0.11393733518377176,0.06532572703639675,0.010313877377961618,0.18712987152590446,0.569047619047619,0.5126050420168067,0.5861538461538461,15
20,4,6,0.7526345421417071,0.7295727085437658,0.7317895177826482,0.049268815706154094,0.13313594929912256,0.053590030495168875,0.09247680687696137,0.011535701574161849,0.32378610509461114,0.33975468975468975,0.38888888888888884,0.3898412698412698,15
20,4,12,0.7526345421417071,0.7295727085437658,0.7317895177826482,0.049268815706154094,0.13313594929912256,0.053590030495168875,0.09247680687696137,0.011535701574161849,0.32378610509461114,0.5055555555555555,0.47254901960784307,0.6371428571428571,15
20,4,6,0.8526767220462619,0.848575600258398,0.8476952783215012,0.02884220875907499,0.07721569203991391,0.030660930430203584,0.12750116755236085,0.013433423589476079,0.3556245448244939,0.3611111111111111,0.4158730158730159,0.34196248196248197,16
20,4,12,0.8526767220462619,0.848575600258398,0.8476952783215012,0.02884220875907499,0.07721569203991391,0.030660930430203584,0.12750116755236085,0.013433423589476079,0.3556245448244939,0.5686274509803921,0.6487179487179487,0.6000517129928895,16
20,4,6,0.8483123015498534,0.8121349726368127,0.8476434757525982,0.028623702399792866,0.0975277256251918,0.02629817257618745,0.13846271657409617,0.013657890013122762,0.44223533674874654,0.32070707070707066,0.33015873015873015,0.3355555555555556,16
20,4,12,0.8483123015498534,0.8121349726368127,0.8476434757525982,0.028623702399792866,0.0975277256251918,0.02629817257618745,0.13846271657409617,0.013657890013122762,0.44223533674874654,0.4594771241830065,0.5362170509229333,0.44241780922895474,16
20,4,6,0.8545872141577932,0.8389682975476529,0.8534861849852194,0.039092153478494165,0.09989379476215282,0.04001617260228857,0.13902828737284667,0.013447878718635826,0.45712135124862513,0.507936507936508,0.4301587301587302,0.41079365079365077,16
20,4,12,0.8545872141577932,0.8389682975476529,0.8534861849852194,0.039092153478494165,0.09989379476215282,0.04001617260228857,0.13902828737284667,0.013447878718635826,0.45712135124862513,0.5229691876750701,0.5719313366372191,0.5876003734827263,16
20,4,6,0.8982495522353316,0.7783861822655487,0.898544549051711,0.18974090836603597,0.42417054777304053,0.15643458122028975,0.0487211186313414,0.008040738964995292,0.14700743660055768,0.38015873015873014,0.2080808080808081,0.3261471861471862,16
20,4,12,0.8982495522353316,0.7783861822655487,0.898544549051711,0.18974090836603597,0.42417054777304053,0.15643458122028975,0.0487211186313414,0.008040738964995292,0.14700743660055768,0.5282805429864253,0.4150326797385621,0.5397155785391079,16
20,4,6,0.9166003269664055,0.7614551658942489,0.9166003269664055,0.078528672662857,0.37381137729995795,0.06918254866437426,0.08574956024959422,0.008594768560828468,0.24004019228301435,0.2929292929292929,0.37142857142857144,0.333073593073593,16
20,4,12,0.9166003269664055,0.7614551658942489,0.9166003269664055,0.078528672662857,0.37381137729995795,0.06918254866437426,0.08574956024959422,0.008594768560828468,0.24004019228301435,0.4785247432306256,0.6487179487179487,0.4937628384687208,16
20,4,6,0.8871509143997269,0.8149229930800882,0.8661361667349737,0.025395939238310773,0.10569776538384418,0.026056800886515512,0.13512844471146215,0.013246091895419598,0.3766669467135038,0.4222222222222222,0.3414141414141414,0.3235786435786435,16
20,4,12,0.8871509143997269,0.8149229930800882,0.8661361667349737,0.025395939238310773,0.10569776538384418,0.026056800886515512,0.13512844471146215,0.013246091895419598,0.3766669467135038,0.4594771241830065,0.47109100050276514,0.5474509803921568,16
20,4,6,0.8597796355159406,0.8426241595117927,0.8617248577623251,0.03551023134696947,0.1013107408442922,0.03295107240756236,0.12773399490430778,0.012747405480056677,0.37809590375991675,0.36666666666666664,0.2525252525252525,0.42761904761904757,16
20,4,12,0.8597796355159406,0.8426241595117927,0.8617248577623251,0.03551023134696947,0.1013107408442922,0.03295107240756236,0.12773399490430778,0.012747405480056677,0.37809590375991675,0.5098972922502334,0.5725490196078431,0.549187675070028,16
20,4,6,0.8186179519255018,0.8479167982397393,0.8205653369248039,0.027829462542206976,0.08857969926302431,0.026745697101407857,0.14607697852085824,0.015157771658184632,0.390582023348205,0.3944444444444444,0.33506493506493507,0.32828282828282834,16
20,4,12,0.8186179519255018,0.8479167982397393,0.8205653369248039,0.027829462542206976,0.08857969926302431,0.026745697101407857,0.14607697852085824,0.015157771658184632,0.390582023348205,0.4761437908496731,0.6153846153846154,0.5491876750700281,16
20,4,6,0.787183445620458,0.8078397417328669,0.7869527899867432,0.06352693899053607,0.1386405293384859,0.06846654600086098,0.1277460327812107,0.014829264796079102,0.4027523248497263,0.31111111111111106,0.24444444444444446,0.37873015873015875,17
20,4,12,0.787183445620458,0.8078397417328669,0.7869527899867432,0.06352693899053607,0.1386405293384859,0.06846654600086098,0.1277460327812107,0.014829264796079102,0.4027523248497263,0.5333333333333333,0.48646125116713357,0.55131221719457,17
20,4,6,0.7759234446524834,0.7513824045992651,0.7653219544546747,0.02885768837685317,0.07224595885831717,0.02993714482199082,0.1513434219347473,0.022265349213588977,0.48662521519224616,0.38015873015873014,0.32222222222222224,0.48730158730158724,17
20,4,12,0.7759234446524834,0.7513824045992651,0.7653219544546747,0.02885768837685317,0.07224595885831717,0.02993714482199082,0.1513434219347473,0.022265349213588977,0.48662521519224616,0.45784313725490194,0.4033367733058135,0.5675026933850463,17
20,4,6,0.7405036976001255,0.795351538292731,0.7551985829345442,0.024202407344653187,0.053941472623249886,0.02453816715027321,0.1781110779577079,0.022354211730358824,0.5233766916144588,0.47222222222222227,0.3636363636363636,0.44095238095238093,17
20,4,12,0.7405036976001255,0.795351538292731,0.7551985829345442,0.024202407344653187,0.053941472623249886,0.02453816715027321,0.1781110779577079,0.022354211730358824,0.5233766916144588,0.5523809523809524,0.4872549019607843,0.5507936507936508,17
20,4,6,0.7965091812946331,0.8217406547297954,0.8116542644856948,0.082949747852387,0.17282479920440966,0.05526184040747735,0.11058171031641152,0.01375876682834528,0.4435682786203007,0.4444444444444444,0.45793650793650803,0.6174603174603174,17
20,4,12,0.7965091812946331,0.8217406547297954,0.8116542644856948,0.082949747852387,0.17282479920440966,0.05526184040747735,0.11058171031641152,0.01375876682834528,0.4435682786203007,0.4872549019607843,0.4872549019607843,0.5196451914098972,17
20,4,6,0.7798015575176023,0.790142710811942,0.7797632828202502,0.029618467754703497,0.05890421716949225,0.028908071374896205,0.1612602811345936,0.019758333164296683,0.49040614798258547,0.4444444444444444,0.32222222222222224,0.4695238095238095,17
20,4,12,0.7798015575176023,0.790142710811942,0.7797632828202502,0.029618467754703497,0.05890421716949225,0.028908071374896205,0.1612602811345936,0.019758333164296683,0.49040614798258547,0.5833333333333334,0.48880685877589897,0.5070961718020541,17
20,4,6,0.8042503222079023,0.7721032910978708,0.8038876758736988,0.10350707361412734,0.2400266346851373,0.10958463887933434,0.08218782689732737,0.01180257441874217,0.2541657025979421,0.4801587301587302,0.2937950937950938,0.5777777777777777,17
20,4,12,0.8042503222079023,0.7721032910978708,0.8038876758736988,0.10350707361412734,0.2400266346851373,0.10958463887933434,0.08218782689732737,0.01180257441874217,0.2541657025979421,0.55,0.503921568627451,0.5685714285714284,17
20,4,6,0.8447659318897881,0.7659433165732192,0.8411588156197948,0.10258432816067584,0.24351190505513617,0.10518039194542696,0.08317690186624802,0.012376876440938153,0.25810663065162986,0.38888888888888884,0.4523809523809524,0.5746031746031746,17
20,4,12,0.8447659318897881,0.7659433165732192,0.8411588156197948,0.10258432816067584,0.24351190505513617,0.10518039194542696,0.08317690186624802,0.012376876440938153,0.25810663065162986,0.6380952380952382,0.5135746606334842,0.619047619047619,17
20,4,6,0.8130452241761962,0.8116313849576895,0.8056677701325787,0.06792606938921,0.13828177829195268,0.07706505462850731,0.09895935396689966,0.014799974698813528,0.39551213469773194,0.4222222222222223,0.3444444444444444,0.48634920634920636,17
20,4,12,0.8130452241761962,0.8116313849576895,0.8056677701325787,0.06792606938921,0.13828177829195268,0.07706505462850731,0.09895935396689966,0.014799974698813528,0.39551213469773194,0.5019607843137255,0.503921568627451,0.48091503267973856,17
20,4,6,0.77604657606897,0.7313568840301099,0.7895223515923188,0.03129637709341796,0.09584900226734437,0.031052022635625478,0.13019117763010293,0.016143619930468794,0.4944529676351646,0.36666666666666664,0.3968253968253968,0.314949494949495,18
20,4,12,0.77604657606897,0.7313568840301099,0.7895223515923188,0.03129637709341796,0.09584900226734437,0.031052022635625478,0.13019117763010293,0.016143619930468794,0.4944529676351646,0.5710084033613446,0.5543417366946779,0.5670489950366111,18
20,4,6,0.8318431806983545,0.8704833324817559,0.8465906311941622,0.026830077799465467,0.08909464696469745,0.027105684058475795,0.1413546115658431,0.016408457518115427,0.5411096124079474,0.2080808080808081,0.4079365079365079,0.24101010101010106,18
20,4,12,0.8318431806983545,0.8704833324817559,0.8465906311941622,0.026830077799465467,0.08909464696469745,0.027105684058475795,0.1413546115658431,0.016408457518115427,0.5411096124079474,0.38863089095287234,0.5690476190476191,0.5309243697478992,18
20,4,6,0.7754613766603324,0.8343459243428849,0.7712634343298244,0.04257039908927657,0.10906400794095371,0.04224131469904106,0.09874900430923274,0.01150940567846065,0.2974482715181038,0.27626262626262627,0.2897546897546898,0.3857431457431458,18
20,4,12,0.7754613766603324,0.8343459243428849,0.7712634343298244,0.04257039908927657,0.10906400794095371,0.04224131469904106,0.09874900430923274,0.01150940567846065,0.2974482715181038,0.3869969040247678,0.47109100050276514,0.548903253609136,18
20,4,6,0.7784660834574433,0.7893725766767828,0.801622151216211,0.025010819459659397,0.0904241366670039,0.022345565195522322,0.138435958955225,0.01611958625273035,0.5571570426284861,0.27626262626262627,0.33975468975468975,0.21373737373737375,18
20,4,12,0.7784660834574433,0.7893725766767828,0.801622151216211,0.025010819459659397,0.0904241366670039,0.022345565195522322,0.138435958955225,0.01611958625273035,0.5571570426284861,0.5075163398692811,0.4200034399724802,0.4996451914098972,18
20,4,6,0.832710923028181,0.8611603627358393,0.8057602441582089,0.022425978854550957,0.06836985259838281,0.026489692268713477,0.15853267207967098,0.01738588110672731,0.5756441049170044,0.23585858585858585,0.24531024531024528,0.2524675324675325,18
20,4,12,0.832710923028181,0.8611603627358393,0.8057602441582089,0.022425978854550957,0.06836985259838281,0.026489692268713477,0.15853267207967098,0.01738588110672731,0.5756441049170044,0.47614379084967323,0.5098972922502335,0.45441643323996267,18
20,4,6,0.8460153340027063,0.8345458718319773,0.8449889886118036,0.03266749288838641,0.11475285305337338,0.03452804614301732,0.13495661776296683,0.015066137685786353,0.526200579067312,0.31111111111111106,0.37222222222222223,0.30034632034632036,18
20,4,12,0.8460153340027063,0.8345458718319773,0.8449889886118036,0.03266749288838641,0.11475285305337338,0.03452804614301732,0.13495661776296683,0.015066137685786353,0.526200579067312,0.47418300653594775,0.4281045751633987,0.5309243697478991,18
20,4,6,0.8126854596505164,0.7859708386923828,0.8139348793108178,0.04866973199533892,0.11952315623596749,0.04715103749244704,0.13063808916143457,0.011585367221221186,0.3531812480699557,0.27626262626262627,0.38015873015873014,0.2971717171717172,18
20,4,12,0.8126854596505164,0.7859708386923828,0.8139348793108178,0.04866973199533892,0.11952315623596749,0.04715103749244704,0.13063808916143457,0.011585367221221186,0.3531812480699557,0.4908496732026144,0.5188034188034188,0.5338332255979314,18
20,4,6,0.8722301909043937,0.804357215914905,0.8711172041746639,0.024413090684342352,0.14999329061544958,0.0261736900534869,0.13878610284299916,0.017161544126878734,0.5964992275906377,0.2484848484848485,0.44365079365079363,0.31212121212121213,18
20,4,12,0.8722301909043937,0.804357215914905,0.8711172041746639,0.024413090684342352,0.14999329061544958,0.0261736900534869,0.13878610284299916,0.017161544126878734,0.5964992275906377,0.5205882352941177,0.5596530920060332,0.4584588923288614,18
20,4,6,0.8404465055467588,0.8213930643911457,0.8405143703746096,0.03474630607266725,0.08369576148180648,0.026093049028467506,0.10648067503625744,0.014286519135512618,0.3873151593594856,0.3944444444444444,0.33888888888888885,0.5095238095238095,19
20,4,12,0.8404465055467588,0.8213930643911457,0.8405143703746096,0.03474630607266725,0.08369576148180648,0.026093049028467506,0.10648067503625744,0.014286519135512618,0.3873151593594856,0.6023809523809524,0.5880952380952381,0.6123809523809524,19
20,4,6,0.8820869920403731,0.9017475996242414,0.8888155534753246,0.03230889506657164,0.07088101089867407,0.028187043209370106,0.16287334120184363,0.01588133256647744,0.5114708533707368,0.38888888888888884,0.27878787878787875,0.3768542568542569,19
20,4,12,0.8820869920403731,0.9017475996242414,0.8888155534753246,0.03230889506657164,0.07088101089867407,0.028187043209370106,0.16287334120184363,0.01588133256647744,0.5114708533707368,0.5880952380952381,0.5318753142282554,0.6356776556776556,19
20,4,6,0.8200606749819473,0.8385723530853265,0.8080787956468813,0.0591353155594304,0.19190719518988403,0.04691412396602254,0.07359817181794197,0.011136221343158764,0.3436909565227274,0.38888888888888884,0.33015873015873015,0.43148629148629153,19
20,4,12,0.8200606749819473,0.8385723530853265,0.8080787956468813,0.0591353155594304,0.19190719518988403,0.04691412396602254,0.07359817181794197,0.011136221343158764,0.3436909565227274,0.4558823529411764,0.5205882352941177,0.5274509803921569,19
20,4,6,0.8355858475626537,0.8539342286157413,0.8287986935661148,0.034706101693775096,0.087141187796697,0.03131042200104905,0.127128732611514,0.013001876128364816,0.4420699182349089,0.40238095238095245,0.33419913419913416,0.4107936507936508,19
20,4,12,0.8355858475626537,0.8539342286157413,0.8287986935661148,0.034706101693775096,0.087141187796697,0.03131042200104905,0.127128732611514,0.013001876128364816,0.4420699182349089,0.5396358543417367,0.5019607843137255,0.55131221719457,19
20,4,6,0.7998290981847487,0.8067249699807673,0.8071789840479051,0.029962914169956858,0.05717744338277455,0.02618073527276941,0.13527283282345468,0.015072283459737035,0.37311177565105447,0.3222222222222222,0.5714285714285715,0.3619047619047619,19
20,4,12,0.7998290981847487,0.8067249699807673,0.8071789840479051,0.029962914169956858,0.05717744338277455,0.02618073527276941,0.13527283282345468,0.015072283459737035,0.37311177565105447,0.6047619047619048,0.7333333333333334,0.5828571428571429,19
20,4,6,0.7727188176636608,0.7511579134443488,0.7668218841887273,0.06236635692865868,0.13346117749045117,0.05702599722772816,0.08300325126331218,0.011562387993699862,0.2713433620501421,0.38015873015873014,0.4166666666666667,0.494920634920635,19
20,4,12,0.7727188176636608,0.7511579134443488,0.7668218841887273,0.06236635692865868,0.13346117749045117,0.05702599722772816,0.08300325126331218,0.011562387993699862,0.2713433620501421,0.5666666666666667,0.5186274509803922,0.5149019607843137,19
20,4,6,0.8121041220720566,0.7130727916754549,0.812003048981405,0.08035637215079039,0.26672291794311725,0.09779008488684855,0.05028194991834626,0.010201037102188282,0.1833720004294389,0.33888888888888885,0.2944444444444444,0.334025974025974,19
20,4,12,0.8121041220720566,0.7130727916754549,0.812003048981405,0.08035637215079039,0.26672291794311725,0.09779008488684855,0.05028194991834626,0.010201037102188282,0.1833720004294389,0.5603174603174603,0.47418300653594775,0.5375910364145658,19
20,4,6,0.8443074945518972,0.8562053471912255,0.8348933638998639,0.045932586363205186,0.09355058084451932,0.037935596898233545,0.10821554391606346,0.012845849528648218,0.40785465160944057,0.42460317460317465,0.40404040404040403,0.3823088023088023,19
20,4,12,0.8443074945518972,0.8562053471912255,0.8348933638998639,0.045932586363205186,0.09355058084451932,0.037935596898233545,0.10821554391606346,0.012845849528648218,0.40785465160944057,0.4594771241830065,0.5499999999999999,0.48679738562091496,19
20,5,6,0.8310288636832018,0.8209967529235638,0.8193412142472941,0.04254686845216994,0.09533356352681317,0.04369576131233685,0.08628206534957665,0.010220286446285745,0.239849535288881,0.3157575757575758,0.4603174603174603,0.4830880230880231,0
20,5,12,0.8310288636832018,0.8209967529235638,0.8193412142472941,0.04254686845216994,0.09533356352681317,0.04369576131233685,0.08628206534957665,0.010220286446285745,0.239849535288881,0.5426050420168067,0.6666666666666666,0.5239029700949207,0
20,5,6,0.8822381766739837,0.7887599546868178,0.8942852513818627,0.042128394314280546,0.15094958751807647,0.033670844710448816,0.06906512299844907,0.01082242107913774,0.2893132234958852,0.2990909090909091,0.36,0.36088504088504086,0
20,5,12,0.8822381766739837,0.7887599546868178,0.8942852513818627,0.042128394314280546,0.15094958751807647,0.033670844710448816,0.06906512299844907,0.01082242107913774,0.2893132234958852,0.49568627450980396,0.49265460030165914,0.5221432162608632,0
20,5,6,0.82253317201979,0.817443402075679,0.8056190982136776,0.04043520430670714,0.09118144358942568,0.03658181342502716,0.08347204117594892,0.01094597426314992,0.3213759775489257,0.39476190476190476,0.2890909090909091,0.36477152477152475,0
20,5,12,0.82253317201979,0.817443402075679,0.8056190982136776,0.04043520430670714,0.09118144358942568,0.03658181342502716,0.08347204117594892,0.01094597426314992,0.3213759775489257,0.5511764705882353,0.47064425770308127,0.5221259785965668,0
20,5,6,0.8501003251317266,0.8021317408807527,0.8477582608858691,0.01693571473987339,0.04816717439650521,0.025643556927359173,0.12586941638646798,0.017998247078722305,0.4439247870009433,0.3614285714285715,0.6428571428571429,0.428051948051948,0
20,5,12,0.8501003251317266,0.8021317408807527,0.8477582608858691,0.01693571473987339,0.04816717439650521,0.025643556927359173,0.12586941638646798,0.017998247078722305,0.4439247870009433,0.5135294117647058,0.6153846153846154,0.5178218295865354,0
20,5,6,0.8387538256001482,0.857095319416561,0.8256948362622495,0.03443304111781327,0.08718457414541846,0.03026010200736473,0.13718993091338846,0.012714678281934384,0.5134335930317638,0.45476190476190476,0.5,0.3537758537758538,0
20,5,12,0.8387538256001482,0.857095319416561,0.8256948362622495,0.03443304111781327,0.08718457414541846,0.03026010200736473,0.13718993091338846,0.012714678281934384,0.5134335930317638,0.6532643826761473,0.5523809523809524,0.5361004572769279,0
20,5,6,0.8772619971319188,0.8241706773823023,0.8734518166709963,0.03427389570876477,0.11257843637108679,0.02628236674259113,0.07443791435238412,0.012695313253633857,0.33511995694953156,0.2833333333333333,0.41142857142857137,0.3591630591630592,0
20,5,12,0.8772619971319188,0.8241706773823023,0.8734518166709963,0.03427389570876477,0.11257843637108679,0.02628236674259113,0.07443791435238412,0.012695313253633857,0.33511995694953156,0.5440336134453782,0.5469683257918552,0.48561141415630577,0
20,5,6,0.830662435577342,0.8093059638838184,0.8371618721875665,0.01812670740600529,0.08488372441131131,0.01597987540301956,0.1061377939245127,0.014610794593617265,0.43191071335444325,0.37333333333333335,0.2938528138528139,0.37260221260221255,0
20,5,12,0.830662435577342,0.8093059638838184,0.8371618721875665,0.01812670740600529,0.08488372441131131,0.01597987540301956,0.1061377939245127,0.014610794593617265,0.43191071335444325,0.5197198879551821,0.4804481792717087,0.5099845138235231,0
20,5,6,0.8324513855054906,0.8162453537755595,0.8359695627265271,0.02490821019196922,0.07910139295948086,0.017585118742721666,0.08837702263864708,0.013085654436274087,0.34424745216501923,0.3614285714285715,0.3324242424242424,0.3695526695526695,0
20,5,12,0.8324513855054906,0.8162453537755595,0.8359695627265271,0.02490821019196922,0.07910139295948086,0.017585118742721666,0.08837702263864708,0.013085654436274087,0.34424745216501923,0.5335294117647059,0.533781512605042,0.5256114897600965,0
20,5,6,0.8228345251419693,0.8199418925566588,0.8234205659040348,0.015543697304141213,0.04275169065916736,0.015314153625502244,0.18564489406763537,0.020366008465491494,0.48061142493833814,0.37333333333333335,1.0,0.34755170755170756,1
20,5,12,0.8228345251419693,0.8199418925566588,0.8234205659040348,0.015543697304141213,0.04275169065916736,0.015314153625502244,0.18564489406763537,0.020366008465491494,0.48061142493833814,0.4804481792717087,1.0,0.509905029038156,1
20,5,6,0.7459971235079492,0.7450509663356514,0.7544532115007757,0.10411675610173207,0.29021612534455515,0.11512844276472066,0.05809823687074303,0.008006427796334103,0.2022189233514989,0.2780952380952382,0.37666666666666665,0.3276479076479077,1
20,5,12,0.7459971235079492,0.7450509663356514,0.7544532115007757,0.10411675610173207,0.29021612534455515,0.11512844276472066,0.05809823687074303,0.008006427796334103,0.2022189233514989,0.4553353973168215,0.5511764705882353,0.5110301898537192,1
20,5,6,0.7702061400154231,0.7242442657544127,0.7731314384675192,0.06793623176198407,0.24058596337532379,0.0790300337627233,0.07142076073445006,0.009525140968646978,0.2545475877576607,0.3314285714285715,0.2672727272727273,0.36138528138528125,1
20,5,12,0.7702061400154231,0.7242442657544127,0.7731314384675192,0.06793623176198407,0.24058596337532379,0.0790300337627233,0.07142076073445006,0.009525140968646978,0.2545475877576607,0.5311764705882352,0.479467787114846,0.554096099978453,1
20,5,6,0.8682085316933702,0.8594487762389075,0.8698354874304051,0.012460523741585924,0.04294821821838545,0.010465407424042079,0.1778653445698051,0.022174795871526175,0.6623598482891484,0.361948051948052,0.38888888888888884,0.36330928330928325,1
20,5,12,0.8682085316933702,0.8594487762389075,0.8698354874304051,0.012460523741585924,0.04294821821838545,0.010465407424042079,0.1778653445698051,0.022174795871526175,0.6623598482891484,0.4846071060002949,0.573389355742297,0.5354267518973401,1
20,5,6,0.7668112097938938,0.7519279488748415,0.7737811215547409,0.057786803125742386,0.17941779072706115,0.0581535016997625,0.0660070084266575,0.011810032647021886,0.26891262328083226,0.3157575757575758,0.3480952380952381,0.40449254449254435,1
20,5,12,0.7668112097938938,0.7519279488748415,0.7737811215547409,0.057786803125742386,0.17941779072706115,0.0581535016997625,0.0660070084266575,0.011810032647021886,0.26891262328083226,0.44254901960784315,0.4868627450980393,0.5309885321650027,1
20,5,6,0.8652421562063617,0.8347677726947963,0.864935852339907,0.08610391792407679,0.14749990332402912,0.05617528581907165,0.09197312589143164,0.010610397392101291,0.3556450708987307,0.33666666666666667,0.24718614718614723,0.2951130351130351,1
20,5,12,0.8652421562063617,0.8347677726947963,0.864935852339907,0.08610391792407679,0.14749990332402912,0.05617528581907165,0.09197312589143164,0.010610397392101291,0.3556450708987307,0.46803921568627455,0.5740336134453782,0.4506098579782789,1
20,5,6,0.8516307499860146,0.7192524865402987,0.8386288629405302,0.04816702551755,0.28743790632695343,0.07006236522512642,0.08011790741889145,0.011667965183252565,0.2602801858722609,0.39,0.4801587301587302,0.3333621933621934,1
20,5,12,0.8516307499860146,0.7192524865402987,0.8386288629405302,0.04816702551755,0.28743790632695343,0.07006236522512642,0.08011790741889145,0.011667965183252565,0.2602801858722609,0.5452100840336135,0.5205882352941177,0.5315080562139386,1
20,5,6,0.802817466218493,0.7776795229947037,0.8144387752769789,0.07451947977965971,0.15682253744302005,0.07897086499037918,0.09434380630333011,0.009513719191760773,0.24775950950177567,0.31333333333333335,0.37142857142857144,0.29729677729677734,1
20,5,12,0.802817466218493,0.7776795229947037,0.8144387752769789,0.07451947977965971,0.15682253744302005,0.07897086499037918,0.09434380630333011,0.009513719191760773,0.24775950950177567,0.43435500515995873,0.6666666666666666,0.469125503552748,1
20,5,6,0.8608625881945084,0.8807061049903715,0.8486401813394713,0.05090277555630354,0.12617036243419155,0.04282527140777342,0.10323856131169304,0.012077810013124735,0.34503491814571935,0.37333333333333335,0.3238528138528139,0.41156325156325146,2
20,5,12,0.8608625881945084,0.8807061049903715,0.8486401813394713,0.05090277555630354,0.12617036243419155,0.04282527140777342,0.10323856131169304,0.012077810013124735,0.34503491814571935,0.4868627450980393,0.5030532212885155,0.5473202614379086,2
20,5,6,0.7550568909977025,0.7300993393444228,0.7511516310816342,0.11408492798744393,0.22800071699105876,0.09444492563811666,0.0624263984080522,0.007669891385170382,0.20012240421464586,0.30242424242424243,0.254040404040404,0.3918903318903319,2
20,5,12,0.7550568909977025,0.7300993393444228,0.7511516310816342,0.11408492798744393,0.22800071699105876,0.09444492563811666,0.0624263984080522,0.007669891385170382,0.20012240421464586,0.5381447963800905,0.4777777777777778,0.5541090282266753,2
20,5,6,0.7964072154138275,0.8227909964166749,0.8175836519868224,0.04914741957222344,0.1196788116294849,0.03998437758113278,0.08002353645759047,0.012921975157165422,0.3047426043521647,0.30294372294372296,0.2481818181818182,0.36837902837902836,2
20,5,12,0.7964072154138275,0.8227909964166749,0.8175836519868224,0.04914741957222344,0.1196788116294849,0.03998437758113278,0.08002353645759047,0.012921975157165422,0.3047426043521647,0.5683968972204265,0.5173669467787115,0.4792391486509133,2
20,5,6,0.8325984386750904,0.7998230450796509,0.8288540617961472,0.13238945288595502,0.22452290214765383,0.1262322658957057,0.06121777311544344,0.008343384169693182,0.18362271487595613,0.3371861471861472,0.5079365079365079,0.3714381914381914,2
20,5,12,0.8325984386750904,0.7998230450796509,0.8288540617961472,0.13238945288595502,0.22452290214765383,0.1262322658957057,0.06121777311544344,0.008343384169693182,0.18362271487595613,0.44495798319327723,0.573389355742297,0.4679219668074157,2
20,5,6,0.8484495190282643,0.8397617325364339,0.8516217799230512,0.03316841098134367,0.07805932725424053,0.029140690539208997,0.10780383760427685,0.014567361900815916,0.45812489632500697,0.36,0.24242424242424243,0.43174603174603177,2
20,5,12,0.8484495190282643,0.8397617325364339,0.8516217799230512,0.03316841098134367,0.07805932725424053,0.029140690539208997,0.10780383760427685,0.014567361900815916,0.45812489632500697,0.5311764705882351,0.5223529411764706,0.5617821829586536,2
20,5,6,0.8253856765819748,0.8121270095726779,0.8321675319125273,0.04958243143409841,0.12454703449081332,0.0438163271652645,0.09925239554352637,0.010438222226232965,0.3240819742262166,0.3566666666666667,0.2833333333333333,0.35559403559403563,2
20,5,12,0.8253856765819748,0.8121270095726779,0.8321675319125273,0.04958243143409841,0.12454703449081332,0.0438163271652645,0.09925239554352637,0.010438222226232965,0.3240819742262166,0.4768627450980392,0.5135294117647059,0.4864971629677512,2
20,5,6,0.7823338501445226,0.8070284622626221,0.7885966219052832,0.05568738081522074,0.16049154940052313,0.04932879783893887,0.07366856551664626,0.01028471780983507,0.3023300687631584,0.4247619047619048,0.3081818181818182,0.3747570947570948,2
20,5,12,0.7823338501445226,0.8070284622626221,0.7885966219052832,0.05568738081522074,0.16049154940052313,0.04932879783893887,0.07366856551664626,0.01028471780983507,0.3023300687631584,0.522702344095533,0.5423529411764705,0.5455213196389667,2
20,5,6,0.818849591710158,0.8033513497615137,0.8237828837888342,0.03355916913850818,0.13495165528346784,0.0334349462462116,0.08725527658233158,0.014961562100523733,0.524857090884473,0.36294372294372296,0.3266666666666667,0.38561808561808564,2
20,5,12,0.818849591710158,0.8033513497615137,0.8237828837888342,0.03355916913850818,0.13495165528346784,0.0334349462462116,0.08725527658233158,0.014961562100523733,0.524857090884473,0.4492156862745098,0.453781512605042,0.4843185137302784,2
20,5,6,0.8648742997141936,0.7943181026618381,0.8791857313459964,0.06204334092150607,0.18814590526355696,0.054660150858321314,0.08146752037300344,0.010286805974476237,0.2654953094125115,0.2666666666666667,0.4603174603174603,0.37293891293891296,3
20,5,12,0.8648742997141936,0.7943181026618381,0.8791857313459964,0.06204334092150607,0.18814590526355696,0.054660150858321314,0.08146752037300344,0.010286805974476237,0.2654953094125115,0.43352941176470583,0.5753501400560225,0.46441810912399134,3
20,5,6,0.8288773984277904,0.7970723008034255,0.8288198977338057,0.02923985729058521,0.08048634161165195,0.03399295083912545,0.08649100703460687,0.01253924730366633,0.2887854786267977,0.28575757575757577,0.4444444444444444,0.3767291967291967,3
20,5,12,0.8288773984277904,0.7970723008034255,0.8288198977338057,0.02923985729058521,0.08048634161165195,0.03399295083912545,0.08649100703460687,0.01253924730366633,0.2887854786267977,0.4968627450980391,0.638095238095238,0.45764496711865116,3
20,5,6,0.8004182546598247,0.8011901590574069,0.8087503560156055,0.048657926566718454,0.11053242949480199,0.047505706355101165,0.09211248031374411,0.009824187951661754,0.25622669286796784,0.38666666666666666,0.4603174603174603,0.455026455026455,3
20,5,12,0.8004182546598247,0.8011901590574069,0.8087503560156055,0.048657926566718454,0.11053242949480199,0.047505706355101165,0.09211248031374411,0.009824187951661754,0.25622669286796784,0.4678431372549019,0.682051282051282,0.6137025066436832,3
20,5,6,0.8162050447680967,0.8421335738962571,0.824340331080586,0.03139734381538625,0.09051289883829063,0.02921068204112179,0.09504023741525994,0.01064653050142681,0.31186267423636327,0.32627705627705633,0.2777922077922078,0.3848773448773448,3
20,5,12,0.8162050447680967,0.8421335738962571,0.824340331080586,0.03139734381538625,0.09051289883829063,0.02921068204112179,0.09504023741525994,0.01064653050142681,0.31186267423636327,0.5023529411764706,0.4322541648238243,0.537609710550887,3
20,5,6,0.7997833018295951,0.8244065055037588,0.8151302959633557,0.05332184131977296,0.1214670344510306,0.04575162033864133,0.08992305280108094,0.010685383193046032,0.35166990503181894,0.3705194805194806,0.49285714285714277,0.3495719095719096,3
20,5,12,0.7997833018295951,0.8244065055037588,0.8151302959633557,0.05332184131977296,0.1214670344510306,0.04575162033864133,0.08992305280108094,0.010685383193046032,0.35166990503181894,0.5757918552036199,0.6371428571428572,0.5375350140056022,3
20,5,6,0.7894623299085843,0.7204716197822786,0.783398851395895,0.0857485117355592,0.25592819929582455,0.07999868145806496,0.0530592871654696,0.008726915998499972,0.22258272476731067,0.3057575757575758,0.5,0.3406637806637806,3
20,5,12,0.7894623299085843,0.7204716197822786,0.783398851395895,0.0857485117355592,0.25592819929582455,0.07999868145806496,0.0530592871654696,0.008726915998499972,0.22258272476731067,0.5426050420168067,0.4150326797385621,0.5108808723669405,3
20,5,6,0.7830104130727829,0.7643341445140106,0.7775820618198752,0.033719728415846036,0.11998719514461184,0.04018147291180642,0.07568277219150708,0.010590870353913847,0.2960503771663933,0.22393939393939394,0.30242424242424243,0.33263107263107256,3
20,5,12,0.7830104130727829,0.7643341445140106,0.7775820618198752,0.033719728415846036,0.11998719514461184,0.04018147291180642,0.07568277219150708,0.010590870353913847,0.2960503771663933,0.48352941176470593,0.4658823529411764,0.4798286566088424,3
20,5,6,0.7983086541037194,0.8127991953993036,0.8056237653350954,0.04136764155862492,0.12743982001557153,0.0358273485045865,0.07982223150710809,0.011594973199594301,0.276638747290462,0.2914285714285715,0.31051948051948053,0.3337662337662337,3
20,5,12,0.7983086541037194,0.8127991953993036,0.8056237653350954,0.04136764155862492,0.12743982001557153,0.0358273485045865,0.07982223150710809,0.011594973199594301,0.276638747290462,0.4443550051599587,0.5133333333333333,0.5183160515668257,3
20,5,6,0.7855585834035937,0.8077351609745644,0.7993179803543848,0.04477539022865944,0.1594253070539542,0.033692603830883884,0.07603682181088059,0.0104475796599789,0.38857821653025576,0.32151515151515153,0.2914285714285715,0.3958826358826358,4
20,5,12,0.7855585834035937,0.8077351609745644,0.7993179803543848,0.04477539022865944,0.1594253070539542,0.033692603830883884,0.07603682181088059,0.0104475796599789,0.38857821653025576,0.4276883384932921,0.4513725490196078,0.4816338231198912,4
20,5,6,0.8139984893446158,0.7984052497150925,0.8174845010889191,0.03478599914075483,0.11056426273127823,0.03638378807079885,0.10603057875243754,0.011110113077866328,0.29253540326101807,0.30718614718614723,0.44142857142857145,0.4026647426647426,4
20,5,12,0.8139984893446158,0.7984052497150925,0.8174845010889191,0.03478599914075483,0.11056426273127823,0.03638378807079885,0.10603057875243754,0.011110113077866328,0.29253540326101807,0.48568627450980395,0.5188450764921353,0.5465359477124183,4
20,5,6,0.7444734948389888,0.7172476616315363,0.7641572972147824,0.06664982682080582,0.1543460764747383,0.06472038181497793,0.053950374870332114,0.009452028135701559,0.2209681426751531,0.37333333333333335,0.27242424242424246,0.41906685906685903,4
20,5,12,0.7444734948389888,0.7172476616315363,0.7641572972147824,0.06664982682080582,0.1543460764747383,0.06472038181497793,0.053950374870332114,0.009452028135701559,0.2209681426751531,0.4624502432551968,0.48352941176470593,0.5489760348583879,4
20,5,6,0.8260539902506866,0.8346080519308495,0.8248332498205532,0.0300299575453138,0.07285778893502645,0.026682851179494822,0.11629120478101675,0.012397531487374538,0.4049064560902327,0.3624242424242424,0.41,0.3258682058682059,4
20,5,12,0.8260539902506866,0.8346080519308495,0.8248332498205532,0.0300299575453138,0.07285778893502645,0.026682851179494822,0.11629120478101675,0.012397531487374538,0.4049064560902327,0.5526050420168067,0.4857918552036199,0.523493575567879,4
20,5,6,0.8144575559786218,0.7928038671332458,0.8282166762602621,0.019771361453411997,0.06622958754716063,0.022457498554239112,0.12244988023371714,0.015427523454104843,0.5319542958113965,0.29909090909090913,0.33536796536796537,0.32829244829244836,4
20,5,12,0.8144575559786218,0.7928038671332458,0.8282166762602621,0.019771361453411997,0.06622958754716063,0.022457498554239112,0.12244988023371714,0.015427523454104843,0.5319542958113965,0.4590196078431372,0.4435294117647059,0.4821724245253657,4
20,5,6,0.8009910964452106,0.7529895966360465,0.8137499016716003,0.04331424014844595,0.1341683858680295,0.046851211696156095,0.07265605179092421,0.01004531615534983,0.2448291743368359,0.2833333333333333,0.35718614718614716,0.383973063973064,4
20,5,12,0.8009910964452106,0.7529895966360465,0.8137499016716003,0.04331424014844595,0.1341683858680295,0.046851211696156095,0.07265605179092421,0.01004531615534983,0.2448291743368359,0.47343063541205954,0.5740336134453782,0.4897651368239603,4
20,5,6,0.8149245940462676,0.8357619572977343,0.8061789856387117,0.04653612490627505,0.09030678775158532,0.041183461682815795,0.09464158607935143,0.00976500230980621,0.2893590526228892,0.39476190476190476,0.2690909090909091,0.3733429533429532,4
20,5,12,0.8149245940462676,0.8357619572977343,0.8061789856387117,0.04653612490627505,0.09030678775158532,0.041183461682815795,0.09464158607935143,0.00976500230980621,0.2893590526228892,0.5452100840336135,0.5775630252100841,0.5565797601091719,4
20,5,6,0.7830293380028576,0.7811145038046495,0.7906291967144166,0.03908417371819939,0.09237724441943461,0.04136816910529795,0.09516563101714133,0.01047919396589838,0.2746703793642809,0.3433333333333334,0.26303030303030306,0.35527657527657525,4
20,5,12,0.7830293380028576,0.7811145038046495,0.7906291967144166,0.03908417371819939,0.09237724441943461,0.04136816910529795,0.09516563101714133,0.01047919396589838,0.2746703793642809,0.4758823529411765,0.4804481792717087,0.5081514999162058,4
20,5,6,0.851518769326869,0.8540429447094896,0.8614184242108163,0.02941015844653281,0.07535776795342557,0.026974163634597845,0.1496354754733423,0.013266869226275938,0.4518460269772121,0.31051948051948053,0.29696969696969694,0.3736507936507937,5
20,5,12,0.851518769326869,0.8540429447094896,0.8614184242108163,0.02941015844653281,0.07535776795342557,0.026974163634597845,0.1496354754733423,0.013266869226275938,0.4518460269772121,0.4492156862745098,0.5040975364504776,0.5315827527592234,5
20,5,6,0.7487211207003843,0.6795927890378787,0.7605855871393943,0.10575473435347589,0.3114153698854542,0.11380229138843245,0.04230985758499,0.007863297753566431,0.15518550885920926,0.3533333333333334,0.2890909090909091,0.33466089466089466,5
20,5,12,0.7487211207003843,0.6795927890378787,0.7605855871393943,0.10575473435347589,0.3114153698854542,0.11380229138843245,0.04230985758499,0.007863297753566431,0.15518550885920926,0.4806442577030812,0.5173669467787114,0.49320740261916735,5
20,5,6,0.7257764960348507,0.7191350862358277,0.7176554087740139,0.1435498897706422,0.24262998567534022,0.1442874904490821,0.03816269809542856,0.007335617315854111,0.14139790192496923,0.5033333333333333,0.25909090909090915,0.3318807118807119,5
20,5,12,0.7257764960348507,0.7191350862358277,0.7176554087740139,0.1435498897706422,0.24262998567534022,0.1442874904490821,0.03816269809542856,0.007335617315854111,0.14139790192496923,0.5757918552036199,0.5566386554621848,0.43870198371746355,5
20,5,6,0.8338547785195587,0.8001883690716745,0.8466614606654546,0.06794979944167957,0.19343380178842143,0.04620342722319297,0.07062895145000313,0.011063615174400803,0.39614315218502844,0.5904761904761905,0.3681818181818182,0.33068783068783064,5
20,5,12,0.8338547785195587,0.8001883690716745,0.8466614606654546,0.06794979944167957,0.19343380178842143,0.04620342722319297,0.07062895145000313,0.011063615174400803,0.39614315218502844,0.5385434173669468,0.6086489980607628,0.5037099284158106,5
20,5,6,0.7751412886037564,0.786534396192262,0.7950828606346502,0.07968660255988394,0.13455648318750787,0.07801521258784312,0.06461246520753314,0.008462307420615557,0.19294483376056776,0.27484848484848484,0.31051948051948053,0.3300913900913901,5
20,5,12,0.7751412886037564,0.786534396192262,0.7950828606346502,0.07968660255988394,0.13455648318750787,0.07801521258784312,0.06461246520753314,0.008462307420615557,0.19294483376056776,0.533781512605042,0.48093117408906877,0.5468117503411621,5
20,5,6,0.8710956962769617,0.8593422508941789,0.8643345332040905,0.04590682609539467,0.12152620266481448,0.040828727216547886,0.09432969822540184,0.010794548348647522,0.3916793122058531,0.27575757575757576,0.26718614718614725,0.3410870610870611,5
20,5,12,0.8710956962769617,0.8593422508941789,0.8643345332040905,0.04590682609539467,0.12152620266481448,0.040828727216547886,0.09432969822540184,0.010794548348647522,0.3916793122058531,0.5082913165266107,0.4871148459383754,0.5583681677799326,5
20,5,6,0.8431628135404858,0.8804060523421434,0.8461357640585973,0.029119138822902707,0.05974858403921798,0.02652030653175347,0.1623893741308842,0.013143482411316128,0.4581643014460487,0.30242424242424243,0.45021645021645024,0.3776815776815777,5
20,5,12,0.8431628135404858,0.8804060523421434,0.8461357640585973,0.029119138822902707,0.05974858403921798,0.02652030653175347,0.1623893741308842,0.013143482411316128,0.4581643014460487,0.4997198879551821,0.5632478632478632,0.5196577164379022,5
20,5,6,0.8639897091954796,0.832588677717238,0.8541282246214896,0.052366089901330355,0.1671590826782184,0.04521689272411873,0.07757776815455439,0.011141299425509893,0.37909020310465286,0.41142857142857137,0.2957575757575758,0.3342183742183742,5
20,5,12,0.8639897091954796,0.832588677717238,0.8541282246214896,0.052366089901330355,0.1671590826782184,0.04521689272411873,0.07757776815455439,0.011141299425509893,0.37909020310465286,0.6054621848739495,0.5049579831932773,0.5679973185855539,5
20,5,6,0.8450538768241451,0.788484227512613,0.8619270946547567,0.023122896921378512,0.11263221905787917,0.026460433932078774,0.10317486635918037,0.013910842551561728,0.37810349558544093,0.2966666666666667,0.34051948051948056,0.2866474266474267,6
20,5,12,0.8450538768241451,0.788484227512613,0.8619270946547567,0.023122896921378512,0.11263221905787917,0.026460433932078774,0.10317486635918037,0.013910842551561728,0.37810349558544093,0.4716246498599439,0.5960439560439561,0.4827806822234067,6
20,5,6,0.748781269777473,0.8033116410949394,0.7673059789522139,0.08908938555381388,0.20821185700255207,0.08517224074153058,0.055716528893770344,0.007841194758609392,0.20717908975766974,0.2515151515151516,0.22626262626262625,0.3343049543049543,6
20,5,12,0.748781269777473,0.8033116410949394,0.7673059789522139,0.08908938555381388,0.20821185700255207,0.08517224074153058,0.055716528893770344,0.007841194758609392,0.20717908975766974,0.5199999999999999,0.4872549019607843,0.5047634924415111,6
20,5,6,0.7490226357873682,0.7819048779993384,0.7439684740607984,0.11097293403946679,0.15691180997751467,0.10456805635875491,0.051991448841803095,0.007145453104992919,0.1699522488471924,0.2990909090909091,0.36718614718614717,0.331976911976912,6
20,5,12,0.7490226357873682,0.7819048779993384,0.7439684740607984,0.11097293403946679,0.15691180997751467,0.10456805635875491,0.051991448841803095,0.007145453104992919,0.1699522488471924,0.48352941176470593,0.5197198879551821,0.4823684147523156,6
20,5,6,0.778737450580303,0.7725644227750708,0.7675554070512266,0.0901060709512069,0.21725516730068165,0.08495464738654279,0.05390254529104053,0.007787365789755059,0.19847453737442056,0.3290909090909091,0.47095238095238096,0.3508032708032708,6
20,5,12,0.778737450580303,0.7725644227750708,0.7675554070512266,0.0901060709512069,0.21725516730068165,0.08495464738654279,0.05390254529104053,0.007787365789755059,0.19847453737442056,0.4626050420168067,0.45901960784313733,0.495004504725867,6
20,5,6,0.8983469647744423,0.8149454596927697,0.8939016111276186,0.02129018860869321,0.31691061603143184,0.02307760768363939,0.10092144721509864,0.017426467012877637,0.4100450724693528,0.34,0.5261904761904762,0.3234439634439634,6
20,5,12,0.8983469647744423,0.8149454596927697,0.8939016111276186,0.02129018860869321,0.31691061603143184,0.02307760768363939,0.10092144721509864,0.017426467012877637,0.4100450724693528,0.45182072829131653,0.5426050420168067,0.48881353711075076,6
20,5,6,0.8573018260857292,0.8217285952154993,0.8498539761171313,0.03390767852823409,0.12754888534474815,0.03336596091195449,0.09572365947150008,0.011444815400866086,0.2864965337403415,0.2781818181818182,0.3746031746031746,0.3806541606541606,6
20,5,12,0.8573018260857292,0.8217285952154993,0.8498539761171313,0.03390767852823409,0.12754888534474815,0.03336596091195449,0.09572365947150008,0.011444815400866086,0.2864965337403415,0.46260504201680674,0.6600732600732601,0.5285719073954368,6
20,5,6,0.7422641736946907,0.7342945127188315,0.7419561329646719,0.08881932734517975,0.21146400369905333,0.08511475693661208,0.04736936907771459,0.008809963910940835,0.17037422148187645,0.31051948051948053,0.3296103896103896,0.28463684463684463,6
20,5,12,0.7422641736946907,0.7342945127188315,0.7419561329646719,0.08881932734517975,0.21146400369905333,0.08511475693661208,0.04736936907771459,0.008809963910940835,0.17037422148187645,0.5087394957983193,0.4804481792717087,0.5136446445424775,6
20,5,6,0.7879210463934143,0.755468045583776,0.7979150397471424,0.043651798871911326,0.13495292904913606,0.03898117361261144,0.0707135480135685,0.010452031806647688,0.2962726709380725,0.2672727272727273,0.37333333333333335,0.2875901875901876,6
20,5,12,0.7879210463934143,0.755468045583776,0.7979150397471424,0.043651798871911326,0.13495292904913606,0.03898117361261144,0.0707135480135685,0.010452031806647688,0.2962726709380725,0.4647058823529412,0.5930122818358112,0.49842514783691244,6
20,5,6,0.7380343725067173,0.7126858663955711,0.7320041605494915,0.06627901257907752,0.18135054603483952,0.06633142154564999,0.07609630209848227,0.00865550652009817,0.24082774924931524,0.3347619047619048,0.3266666666666667,0.397046657046657,7
20,5,12,0.7380343725067173,0.7126858663955711,0.7320041605494915,0.06627901257907752,0.18135054603483952,0.06633142154564999,0.07609630209848227,0.00865550652009817,0.24082774924931524,0.4945098039215686,0.4768627450980392,0.49397160573631155,7
20,5,6,0.8568039188478359,0.7453164995069446,0.8514261166365455,0.06939667869692703,0.26362775841411834,0.06684627227669185,0.08457934766711055,0.007527319444989587,0.26725456106939016,0.39952380952380956,0.3619769119769119,0.3463588263588263,7
20,5,12,0.8568039188478359,0.7453164995069446,0.8514261166365455,0.06939667869692703,0.26362775841411834,0.06684627227669185,0.08457934766711055,0.007527319444989587,0.26725456106939016,0.553781512605042,0.5098972922502334,0.6174904833728364,7
20,5,6,0.761956098846961,0.7429552385572323,0.7546636363742457,0.17732911990659395,0.2293727645553134,0.17499406901970907,0.05515782760027236,0.0060618523840991895,0.1418830891035091,0.28051948051948056,0.4666666666666666,0.2893698893698894,7
20,5,12,0.761956098846961,0.7429552385572323,0.7546636363742457,0.17732911990659395,0.2293727645553134,0.17499406901970907,0.05515782760027236,0.0060618523840991895,0.1418830891035091,0.4856862745098039,0.5304172951231775,0.4819468984174866,7
20,5,6,0.825028653168799,0.8012567233389468,0.8261830659741966,0.0650638313130907,0.16334613553229904,0.06104559505801658,0.08889816042046446,0.010088345586705958,0.3344390548959206,0.20242424242424245,0.32242424242424245,0.2996344396344396,7
20,5,12,0.825028653168799,0.8012567233389468,0.8261830659741966,0.0650638313130907,0.16334613553229904,0.06104559505801658,0.08889816042046446,0.010088345586705958,0.3344390548959206,0.48470588235294115,0.500497737556561,0.5338313103018986,7
20,5,6,0.8514109415648992,0.8428619328478371,0.8479586772286615,0.07372063537987919,0.20756037964002372,0.061903803064524726,0.06945796034243451,0.009582306512103315,0.3513536007475257,0.21484848484848484,0.19303030303030302,0.3161231361231361,7
20,5,12,0.8514109415648992,0.8428619328478371,0.8479586772286615,0.07372063537987919,0.20756037964002372,0.061903803064524726,0.06945796034243451,0.009582306512103315,0.3513536007475257,0.43651186790505675,0.5023529411764706,0.4562366701066392,7
20,5,6,0.8430979169235454,0.8450177918580045,0.8375656253406604,0.046169786568308925,0.12160628100064826,0.04001417141528687,0.10109469340428073,0.009702053497456637,0.27726079553691807,0.30242424242424243,0.393939393939394,0.41418951418951416,7
20,5,12,0.8430979169235454,0.8450177918580045,0.8375656253406604,0.046169786568308925,0.12160628100064826,0.04001417141528687,0.10109469340428073,0.009702053497456637,0.27726079553691807,0.48162464985994397,0.5555555555555555,0.5484660872896167,7
20,5,6,0.8278950058599639,0.7833549901595593,0.8332482916413589,0.052266606515054444,0.17007796370196987,0.04622567856534096,0.08308369587832268,0.00997822377730357,0.2735795048665817,0.34051948051948056,0.25339105339105344,0.31528619528619534,7
20,5,12,0.8278950058599639,0.7833549901595593,0.8332482916413589,0.052266606515054444,0.17007796370196987,0.04622567856534096,0.08308369587832268,0.00997822377730357,0.2735795048665817,0.440392156862745,0.5338360985419809,0.5315612056788527,7
20,5,6,0.7706748109853431,0.7651379663122841,0.7806359706645251,0.08314865269695236,0.13756777176454368,0.08632463628011136,0.0656542803194452,0.008246513908909715,0.20701652191658926,0.27242424242424246,0.33015873015873015,0.2961231361231362,7
20,5,12,0.7706748109853431,0.7651379663122841,0.7806359706645251,0.08314865269695236,0.13756777176454368,0.08632463628011136,0.0656542803194452,0.008246513908909715,0.20701652191658926,0.4768627450980391,0.46545284780578894,0.49247296219432435,7
20,5,6,0.9322838640006957,0.8503417198107531,0.9262545004640949,0.0701909181101236,0.21204563196668166,0.049340444663979716,0.0684010756438457,0.009748760489373464,0.2775864203645549,0.4,0.2290909090909091,0.3199134199134199,8
20,5,12,0.9322838640006957,0.8503417198107531,0.9262545004640949,0.0701909181101236,0.21204563196668166,0.049340444663979716,0.0684010756438457,0.009748760489373464,0.2775864203645549,0.5163865546218488,0.4137254901960784,0.5307687519452227,8
20,5,6,0.8250701555337686,0.834080749910616,0.8148034731408096,0.039433794486582005,0.0993289599389812,0.033119741189896676,0.10098369325009474,0.011002273069762274,0.32389714729031227,0.43809523809523804,0.39999999999999997,0.3203174603174602,8
20,5,12,0.8250701555337686,0.834080749910616,0.8148034731408096,0.039433794486582005,0.0993289599389812,0.033119741189896676,0.10098369325009474,0.011002273069762274,0.32389714729031227,0.5200973020787263,0.592436974789916,0.49043884220354805,8
20,5,6,0.8578910333331963,0.8213738224565399,0.8641350227967156,0.049038462433720564,0.16356576331737085,0.04203874034887111,0.07843500504277309,0.009425988487483047,0.2312261140307171,0.34575757575757576,0.30793650793650795,0.3991726791726791,8
20,5,12,0.8578910333331963,0.8213738224565399,0.8641350227967156,0.049038462433720564,0.16356576331737085,0.04203874034887111,0.07843500504277309,0.009425988487483047,0.2312261140307171,0.5426050420168067,0.43604108309990663,0.5104700413678742,8
20,5,6,0.9108288719156693,0.7321738507304153,0.918478243207098,0.12091365273805638,0.495163788863319,0.13780728785292914,0.04348376989590584,0.009917473077386173,0.19127634237128907,0.33,0.3433333333333334,0.4237325637325636,8
20,5,12,0.9108288719156693,0.7321738507304153,0.918478243207098,0.12091365273805638,0.495163788863319,0.13780728785292914,0.04348376989590584,0.009917473077386173,0.19127634237128907,0.48588235294117643,0.47946778711484594,0.49597084717827755,8
20,5,6,0.9090237976560833,0.8425328776908125,0.8965989235258037,0.0847337202034521,0.27937557496542503,0.08028959924974388,0.06603256963126496,0.0091055548915803,0.2743663449713925,0.33,0.22818181818181818,0.36968734968734956,8
20,5,12,0.9090237976560833,0.8425328776908125,0.8965989235258037,0.0847337202034521,0.27937557496542503,0.08028959924974388,0.06603256963126496,0.0091055548915803,0.2743663449713925,0.4882913165266106,0.4626050420168067,0.49064393008665447,8
20,5,6,0.8573027975473771,0.6740774782027528,0.8681969502584042,0.11672103482108218,0.6172726562972354,0.18067393985570265,0.051448358953101056,0.008412241109395086,0.19298737370961988,0.37,0.37777777777777777,0.3291486291486291,8
20,5,12,0.8573027975473771,0.6740774782027528,0.8681969502584042,0.11672103482108218,0.6172726562972354,0.18067393985570265,0.051448358953101056,0.008412241109395086,0.19298737370961988,0.45901960784313733,0.4507469654528478,0.47613387415245,8
20,5,6,0.8836807373403046,0.8066546751159143,0.8922779455623691,0.044010467604846795,0.16399990409529946,0.03930992618773938,0.08793021079758187,0.009597684888752376,0.2594340057115974,0.37333333333333335,0.4666666666666666,0.41781625781625786,8
20,5,12,0.8836807373403046,0.8066546751159143,0.8922779455623691,0.044010467604846795,0.16399990409529946,0.03930992618773938,0.08793021079758187,0.009597684888752376,0.2594340057115974,0.5211764705882352,0.682051282051282,0.5770935382700089,8
20,5,6,0.8009540470359752,0.8381146581486074,0.8245575425782492,0.042077102966068425,0.10168433598273492,0.03704857330935565,0.12327716223888922,0.0111525577081177,0.35507388546398994,0.3566666666666667,0.4151515151515152,0.34185666185666186,8
20,5,12,0.8009540470359752,0.8381146581486074,0.8245575425782492,0.042077102966068425,0.10168433598273492,0.03704857330935565,0.12327716223888922,0.0111525577081177,0.35507388546398994,0.4868627450980392,0.5763197586726999,0.4961469032057268,8
20,5,6,0.8663804005205057,0.8704001737120449,0.8751104699310867,0.023774440000584846,0.07445030802903446,0.024105260186017368,0.12838266567579332,0.019690272460600764,0.5808354014157703,0.33,0.24484848484848487,0.38160654160654156,9
20,5,12,0.8663804005205057,0.8704001737120449,0.8751104699310867,0.023774440000584846,0.07445030802903446,0.024105260186017368,0.12838266567579332,0.019690272460600764,0.5808354014157703,0.5954621848739496,0.49378151260504194,0.5746922358687067,9
20,5,6,0.8214321324233321,0.8167878549490823,0.8256381299594225,0.04849239349502748,0.11497472653334802,0.037068459289243544,0.09604355483262147,0.01335605536528703,0.4344802833272198,0.3466666666666667,0.3262626262626262,0.35547859547859545,9
20,5,12,0.8214321324233321,0.8167878549490823,0.8256381299594225,0.04849239349502748,0.11497472653334802,0.037068459289243544,0.09604355483262147,0.01335605536528703,0.4344802833272198,0.5133333333333333,0.5690476190476191,0.5476817735641265,9
20,5,6,0.9021432294046471,0.9116007820113261,0.8807857144810559,0.024442166367500448,0.04583910116764166,0.022427817052860333,0.16692442710806923,0.01958616330505441,0.5287054537811071,0.4499999999999999,0.24935064935064932,0.40574314574314563,9
20,5,12,0.9021432294046471,0.9116007820113261,0.8807857144810559,0.024442166367500448,0.04583910116764166,0.022427817052860333,0.16692442710806923,0.01958616330505441,0.5287054537811071,0.5528571428571429,0.4857968828557064,0.6273116426057602,9
20,5,6,0.7317442119487692,0.7733708511815731,0.742083020840444,0.05266545852615673,0.13609079915068628,0.05227473487168623,0.06722150829864698,0.010788003327183791,0.25222521315056706,0.31242424242424244,0.4461904761904762,0.32800384800384796,9
20,5,12,0.7317442119487692,0.7733708511815731,0.742083020840444,0.05266545852615673,0.13609079915068628,0.05227473487168623,0.06722150829864698,0.010788003327183791,0.25222521315056706,0.4704481792717087,0.4882913165266106,0.5552366587660705,9
20,5,6,0.8067346391059392,0.7787616207401659,0.8009563014328557,0.028388701244851107,0.10094307478519028,0.02421564883019198,0.10024169032783642,0.015568075204255188,0.5472149010240467,0.4461904761904762,0.4214285714285714,0.4506878306878308,9
20,5,12,0.8067346391059392,0.7787616207401659,0.8009563014328557,0.028388701244851107,0.10094307478519028,0.02421564883019198,0.10024169032783642,0.015568075204255188,0.5472149010240467,0.49044817927170864,0.50593837535014,0.5146390864037923,9
20,5,6,0.8440405801904984,0.8461774253870086,0.8292160523004687,0.0363962995958938,0.07715331535983856,0.03219286080502319,0.11121707477987032,0.013961807075249492,0.40531162208414867,0.31909090909090915,0.3493506493506493,0.31167869167869167,9
20,5,12,0.8440405801904984,0.8461774253870086,0.8292160523004687,0.0363962995958938,0.07715331535983856,0.03219286080502319,0.11121707477987032,0.013961807075249492,0.40531162208414867,0.46803921568627455,0.5857142857142857,0.5478743364192281,9
20,5,6,0.7225649460146835,0.6881198808085541,0.7233348125922743,0.13278504247325368,0.27168704265687543,0.15481601852313825,0.04138476697820516,0.008226075882338415,0.15765746121949206,0.3705194805194805,0.33,0.3602597402597402,9
20,5,12,0.7225649460146835,0.6881198808085541,0.7233348125922743,0.13278504247325368,0.27168704265687543,0.15481601852313825,0.04138476697820516,0.008226075882338415,0.15765746121949206,0.4847058823529412,0.5123529411764706,0.5525978596566833,9
20,5,6,0.7649848658430772,0.6825131409823975,0.7503920294318291,0.13704762892109923,0.2475269167815943,0.11846049306192824,0.04263006073741738,0.008752332549237385,0.16714389760278064,0.4714285714285714,0.4222222222222222,0.43111111111111117,9
20,5,12,0.7649848658430772,0.6825131409823975,0.7503920294318291,0.13704762892109923,0.2475269167815943,0.11846049306192824,0.04263006073741738,0.008752332549237385,0.16714389760278064,0.5714285714285714,0.503921568627451,0.5643453278747398,9
20,5,6,0.8060237207675925,0.7959207986270782,0.8064969738022745,0.03443630519199362,0.08835000082234118,0.029738748219997557,0.10426288878615214,0.014447487467845108,0.4476279460791036,0.38952380952380955,0.4714285714285714,0.3396248196248196,10
20,5,12,0.8060237207675925,0.7959207986270782,0.8064969738022745,0.03443630519199362,0.08835000082234118,0.029738748219997557,0.10426288878615214,0.014447487467845108,0.4476279460791036,0.4747058823529412,0.5411764705882354,0.47718499365558187,10
20,5,6,0.9128493785806984,0.9292820702958974,0.8972928495407327,0.018619146920596862,0.03068863726404297,0.017426000816614887,0.19007618147735636,0.02310880533739535,0.6407501534381519,0.3290909090909091,0.4523809523809524,0.30523328523328525,10
20,5,12,0.9128493785806984,0.9292820702958974,0.8972928495407327,0.018619146920596862,0.03068863726404297,0.017426000816614887,0.19007618147735636,0.02310880533739535,0.6407501534381519,0.45784313725490194,0.544947209653092,0.48386849476632765,10
20,5,6,0.7886110156292759,0.8101495829358099,0.7804696979821236,0.057186596906418564,0.13515869315188478,0.054126652383839895,0.0821134605783415,0.011051667437234368,0.3026968565967978,0.31627705627705627,0.4247619047619048,0.3715536315536316,10
20,5,12,0.7886110156292759,0.8101495829358099,0.7804696979821236,0.057186596906418564,0.13515869315188478,0.054126652383839895,0.0821134605783415,0.011051667437234368,0.3026968565967978,0.4935294117647059,0.533781512605042,0.5130891330891331,10
20,5,6,0.734706418445805,0.7671232402214175,0.7257178098956344,0.039187177506972794,0.09545646762370348,0.04008766259344555,0.11098109864557933,0.012175834487234282,0.34117613831146415,0.2915151515151515,0.35793650793650794,0.3711303511303511,10
20,5,12,0.734706418445805,0.7671232402214175,0.7257178098956344,0.039187177506972794,0.09545646762370348,0.04008766259344555,0.11098109864557933,0.012175834487234282,0.34117613831146415,0.5161344537815126,0.5690476190476191,0.5652196605137783,10
20,5,6,0.7730118171558564,0.80030473889872,0.7751134370831473,0.05609067903197526,0.12881282683965278,0.051801792310180145,0.08451883802180689,0.010537700795028167,0.27645461948662536,0.32666666666666666,0.354040404040404,0.3518614718614719,10
20,5,12,0.7730118171558564,0.80030473889872,0.7751134370831473,0.05609067903197526,0.12881282683965278,0.051801792310180145,0.08451883802180689,0.010537700795028167,0.27645461948662536,0.4935294117647059,0.5596530920060332,0.5322176733941439,10
20,5,6,0.7922773412974905,0.7256063099493646,0.7952348290021954,0.04259686877694853,0.15357377944694575,0.03898587505005417,0.07678951746134155,0.01209847298591101,0.31787530356916827,0.39142857142857146,0.47095238095238096,0.41841269841269835,10
20,5,12,0.7922773412974905,0.7256063099493646,0.7952348290021954,0.04259686877694853,0.15357377944694575,0.03898587505005417,0.07678951746134155,0.01209847298591101,0.31787530356916827,0.582857142857143,0.4582913165266107,0.5888501041442219,10
20,5,6,0.8785510126157462,0.789967877272352,0.8905104481723007,0.13877340253468684,0.31785521586360943,0.13041462460871486,0.06238513011454229,0.009064504899796566,0.1978570313915269,0.36,0.2707070707070707,0.4131313131313131,10
20,5,12,0.8785510126157462,0.789967877272352,0.8905104481723007,0.13877340253468684,0.31785521586360943,0.13041462460871486,0.06238513011454229,0.009064504899796566,0.1978570313915269,0.523781512605042,0.5063025210084033,0.5350203059181389,10
20,5,6,0.8538469648736718,0.8082165454947005,0.8498438768448227,0.034210412272878826,0.08952824232865159,0.03113985983324761,0.1105065426134372,0.014056734196711206,0.3721468565774941,0.37,0.3371861471861472,0.3518614718614719,10
20,5,12,0.8538469648736718,0.8082165454947005,0.8498438768448227,0.034210412272878826,0.08952824232865159,0.03113985983324761,0.1105065426134372,0.014056734196711206,0.3721468565774941,0.5828571428571429,0.4804481792717087,0.5261515276375958,10
20,5,6,0.7026838159046359,0.6839849835789035,0.6928305438651895,0.11952752448871934,0.28674068453470647,0.10400024121156529,0.04013511642480439,0.006833898432691359,0.16291266074541802,0.23484848484848486,0.24242424242424243,0.4318518518518517,11
20,5,12,0.7026838159046359,0.6839849835789035,0.6928305438651895,0.11952752448871934,0.28674068453470647,0.10400024121156529,0.04013511642480439,0.006833898432691359,0.16291266074541802,0.5440336134453782,0.4356862745098039,0.5500233741719809,11
20,5,6,0.8296804753348705,0.8334189934848429,0.8276730889773287,0.050853265236221294,0.16126861545616247,0.044896422051669535,0.08466571882242054,0.01112160028589109,0.34450538312338763,0.42142857142857143,0.29444444444444445,0.4251178451178451,11
20,5,12,0.8296804753348705,0.8334189934848429,0.8276730889773287,0.050853265236221294,0.16126861545616247,0.044896422051669535,0.08466571882242054,0.01112160028589109,0.34450538312338763,0.5363865546218488,0.4411764705882352,0.566226627403098,11
20,5,6,0.6594419345761601,0.6957486171245157,0.6538343111355428,0.16299577177058044,0.2686163022285569,0.1527221179467862,0.0353428956134571,0.006513530775884894,0.1298487065534283,0.3347619047619048,0.21242424242424246,0.4126022126022125,11
20,5,12,0.6594419345761601,0.6957486171245157,0.6538343111355428,0.16299577177058044,0.2686163022285569,0.1527221179467862,0.0353428956134571,0.006513530775884894,0.1298487065534283,0.5766386554621848,0.43352941176470583,0.6575824175824176,11
20,5,6,0.8364969697642818,0.8229849384638409,0.8304575701746725,0.04418509409695402,0.14126045589940509,0.05025027224445842,0.08249922119199403,0.010482985040777082,0.36900408108807453,0.5476190476190477,0.24,0.35221741221741215,11
20,5,12,0.8364969697642818,0.8229849384638409,0.8304575701746725,0.04418509409695402,0.14126045589940509,0.05025027224445842,0.08249922119199403,0.010482985040777082,0.36900408108807453,0.5626050420168067,0.43200206398348817,0.5285590547510051,11
20,5,6,0.7692791501417663,0.7733146369009509,0.7719179227124602,0.0848710947212798,0.2566987451909536,0.07962683245571163,0.0436601416915624,0.009385578476559743,0.22749711240638065,0.3705194805194806,0.2506060606060606,0.39305435305435305,11
20,5,12,0.7692791501417663,0.7733146369009509,0.7719179227124602,0.0848710947212798,0.2566987451909536,0.07962683245571163,0.0436601416915624,0.009385578476559743,0.22749711240638065,0.5599719887955181,0.46803921568627455,0.5165874212933037,11
20,5,6,0.8424692023843985,0.8516623405372542,0.8453427882302256,0.04047303553047693,0.09970684282260445,0.037467738502155956,0.08765455877942287,0.010691839921417404,0.3018390019392237,0.5095238095238095,0.2862770562770563,0.413121693121693,11
20,5,12,0.8424692023843985,0.8516623405372542,0.8453427882302256,0.04047303553047693,0.09970684282260445,0.037467738502155956,0.08765455877942287,0.010691839921417404,0.3018390019392237,0.5161344537815126,0.4781447963800905,0.5358155569920275,11
20,5,6,0.7933238309694808,0.807613915087396,0.7923181102250754,0.04264425232497255,0.07738111730041604,0.041563129503069826,0.09729209743048922,0.011658833907592607,0.2847873021125319,0.2024242424242424,0.35793650793650794,0.31224627224627227,11
20,5,12,0.7933238309694808,0.807613915087396,0.7923181102250754,0.04264425232497255,0.07738111730041604,0.041563129503069826,0.09729209743048922,0.011658833907592607,0.2847873021125319,0.5528571428571428,0.5616138763197587,0.5000421365127248,11
20,5,6,0.84068183962631,0.8579454960848126,0.8527521025087069,0.042639591422919856,0.11872077870423493,0.041013573756128935,0.10820091289137172,0.011616207734116861,0.38523358961828297,0.37666666666666665,0.2579365079365079,0.3904761904761904,11
20,5,12,0.84068183962631,0.8579454960848126,0.8527521025087069,0.042639591422919856,0.11872077870423493,0.041013573756128935,0.10820091289137172,0.011616207734116861,0.38523358961828297,0.5626050420168067,0.5075163398692811,0.5318523306758601,11
20,5,6,0.7980670866858384,0.8340812743750883,0.8237572660807794,0.05601736988006193,0.14967728782187312,0.043755677897949555,0.11305641855223411,0.011299273249779177,0.4247838781517928,0.31,0.27626262626262627,0.34437710437710434,12
20,5,12,0.7980670866858384,0.8340812743750883,0.8237572660807794,0.05601736988006193,0.14967728782187312,0.043755677897949555,0.11305641855223411,0.011299273249779177,0.4247838781517928,0.5614285714285714,0.4594771241830065,0.48904090291087193,12
20,5,6,0.8237072142937828,0.7953551564385333,0.8113724008239501,0.043480484036374195,0.10112529213766691,0.03402194856337067,0.09787054159072432,0.013758823568058355,0.40968294711487674,0.24575757575757579,0.27051948051948055,0.3154882154882155,12
20,5,12,0.8237072142937828,0.7953551564385333,0.8113724008239501,0.043480484036374195,0.10112529213766691,0.03402194856337067,0.09787054159072432,0.013758823568058355,0.40968294711487674,0.46568627450980393,0.508095238095238,0.49588546529723004,12
20,5,6,0.7732776665640729,0.7907704790922627,0.7750642163326423,0.1720976517535448,0.31220349087015636,0.168856759058214,0.05116729747080574,0.008191533899549948,0.20013197555624845,0.27242424242424246,0.2206060606060606,0.30196248196248193,12
20,5,12,0.7732776665640729,0.7907704790922627,0.7750642163326423,0.1720976517535448,0.31220349087015636,0.168856759058214,0.05116729747080574,0.008191533899549948,0.20013197555624845,0.5752100840336134,0.4443550051599588,0.5060178601355072,12
20,5,6,0.8217362692178454,0.8456725035255613,0.842839109371556,0.06857845367368735,0.14017368505966685,0.054271354863113526,0.078131132170305,0.010287793008080862,0.3207757919127178,0.4033333333333333,0.30818181818181817,0.29993265993265994,12
20,5,12,0.8217362692178454,0.8456725035255613,0.842839109371556,0.06857845367368735,0.14017368505966685,0.054271354863113526,0.078131132170305,0.010287793008080862,0.3207757919127178,0.5207002801120447,0.5118767507002799,0.50397910311223,12
20,5,6,0.7918460212166996,0.7957026602850485,0.7835899167501067,0.06411137099159268,0.14727378820726572,0.05549741579072992,0.0803941619934247,0.010580365951974325,0.33450229645499047,0.3057575757575758,0.3134632034632035,0.35719095719095717,12
20,5,12,0.7918460212166996,0.7957026602850485,0.7835899167501067,0.06411137099159268,0.14727378820726572,0.05549741579072992,0.0803941619934247,0.010580365951974325,0.33450229645499047,0.46686274509803916,0.45999999999999996,0.4947712418300654,12
20,5,6,0.8715389627865597,0.8282714820330885,0.8665839890634519,0.04059203274189014,0.11522378904635942,0.0328566945527929,0.12210479332578456,0.012508156911106988,0.4209093270478038,0.31051948051948053,0.18787878787878784,0.38531986531986523,12
20,5,12,0.8715389627865597,0.8282714820330885,0.8665839890634519,0.04059203274189014,0.11522378904635942,0.0328566945527929,0.12210479332578456,0.012508156911106988,0.4209093270478038,0.5411764705882354,0.4469600471767655,0.5127017644664703,12
20,5,6,0.7498893754839172,0.7572575200176122,0.7385400031200707,0.1854660196868673,0.2879727061227461,0.16886604199664546,0.05572112617616727,0.007741638752857621,0.2075773286052763,0.24242424242424243,0.21484848484848484,0.36655122655122646,12
20,5,12,0.7498893754839172,0.7572575200176122,0.7385400031200707,0.1854660196868673,0.2879727061227461,0.16886604199664546,0.05572112617616727,0.007741638752857621,0.2075773286052763,0.5085434173669469,0.45352941176470585,0.5503943115707822,12
20,5,6,0.7999925789600592,0.8051775147488844,0.8014857439814677,0.05012671526188795,0.11056845762688192,0.04483228395809312,0.10582755476430725,0.010406829179904544,0.3575789244282928,0.4714285714285714,0.37777777777777777,0.43047619047619046,12
20,5,12,0.7999925789600592,0.8051775147488844,0.8014857439814677,0.05012671526188795,0.11056845762688192,0.04483228395809312,0.10582755476430725,0.010406829179904544,0.3575789244282928,0.5559383753501399,0.6166666666666667,0.5549019607843136,12
20,5,6,0.7646052348186622,0.8066408947039558,0.7688030887147951,0.06509562842061432,0.15133666221265954,0.06438895828323062,0.0936615889399358,0.009641499723357268,0.2945308718192118,0.2396969696969697,0.40809523809523807,0.33633477633477626,13
20,5,12,0.7646052348186622,0.8066408947039558,0.7688030887147951,0.06509562842061432,0.15133666221265954,0.06438895828323062,0.0936615889399358,0.009641499723357268,0.2945308718192118,0.4445098039215686,0.5135294117647059,0.5091383561971797,13
20,5,6,0.8320800335740752,0.8263910673657177,0.8145531626846538,0.042632785341405396,0.09091239065201821,0.040263529737336726,0.09063897260326771,0.011282707077839295,0.27316702202046034,0.3266666666666667,0.5555555555555555,0.3808754208754208,13
20,5,12,0.8320800335740752,0.8263910673657177,0.8145531626846538,0.042632785341405396,0.09091239065201821,0.040263529737336726,0.09063897260326771,0.011282707077839295,0.27316702202046034,0.4920728291316527,0.6666666666666666,0.5310493428140488,13
20,5,6,0.8263545365052859,0.7967529440038373,0.8246515511481874,0.032757408498317944,0.08887276334158085,0.035196392007480495,0.1168521978756667,0.017513387425085188,0.602300322899075,0.3290909090909091,0.41666666666666663,0.3985281385281384,13
20,5,12,0.8263545365052859,0.7967529440038373,0.8246515511481874,0.032757408498317944,0.08887276334158085,0.035196392007480495,0.1168521978756667,0.017513387425085188,0.602300322899075,0.5352100840336135,0.4945098039215686,0.5528071813520731,13
20,5,6,0.7083193492578203,0.7154843955949237,0.7374099102589192,0.0878919014341584,0.16278897305707063,0.0880098551806536,0.07840918123866043,0.008614107421427422,0.25104976546559077,0.23727272727272725,0.2938528138528139,0.26918710918710914,13
20,5,12,0.7083193492578203,0.7154843955949237,0.7374099102589192,0.0878919014341584,0.16278897305707063,0.0880098551806536,0.07840918123866043,0.008614107421427422,0.25104976546559077,0.5035294117647059,0.4804481792717087,0.5204819237636575,13
20,5,6,0.7975521202188206,0.844415432779507,0.8100351277940581,0.03699845802328123,0.12259158982560794,0.03708182264290299,0.08505169734439394,0.012592046417177245,0.3508478957204823,0.21727272727272723,0.19878787878787876,0.3014526214526214,13
20,5,12,0.7975521202188206,0.844415432779507,0.8100351277940581,0.03699845802328123,0.12259158982560794,0.03708182264290299,0.08505169734439394,0.012592046417177245,0.3508478957204823,0.4225490196078431,0.43435500515995873,0.49711795829442895,13
20,5,6,0.927390514242796,0.7558334456260223,0.9256980647291029,0.18633937275080426,0.5575566801800568,0.1998581930203499,0.037205260124925796,0.006498021286027751,0.14094561860468116,0.2766666666666667,0.2690909090909091,0.25700817700817696,13
20,5,12,0.927390514242796,0.7558334456260223,0.9256980647291029,0.18633937275080426,0.5575566801800568,0.1998581930203499,0.037205260124925796,0.006498021286027751,0.14094561860468116,0.41470588235294115,0.46686274509803927,0.4725736664436355,13
20,5,6,0.7347219646798168,0.7423841819462539,0.7336357176081749,0.08368410289690212,0.15738270269947083,0.08923853391455727,0.08186586713435128,0.00846647854455934,0.2423131894624393,0.3057575757575758,0.4128571428571429,0.327041847041847,13
20,5,12,0.7347219646798168,0.7423841819462539,0.7336357176081749,0.08368410289690212,0.15738270269947083,0.08923853391455727,0.08186586713435128,0.00846647854455934,0.2423131894624393,0.47784313725490196,0.5854621848739495,0.5170557111733581,13
20,5,6,0.7926184910869835,0.8153545023275637,0.7987150704955863,0.025952721994830136,0.0688798010560126,0.026202069784654225,0.150770799119714,0.013829664284974404,0.49736976885660844,0.2615151515151516,0.35555555555555557,0.3195189995189995,13
20,5,12,0.7926184910869835,0.8153545023275637,0.7987150704955863,0.025952721994830136,0.0688798010560126,0.026202069784654225,0.150770799119714,0.013829664284974404,0.49736976885660844,0.44578357658853013,0.4872549019607843,0.5312437453613924,13
20,5,6,0.8300987156801072,0.8871547991263519,0.8261897017503668,0.0434960116472081,0.09438838072899304,0.04415255464116635,0.14058861386786592,0.01755913385443371,0.4423978502359608,0.37,0.3444444444444444,0.4116883116883117,14
20,5,12,0.8300987156801072,0.8871547991263519,0.8261897017503668,0.0434960116472081,0.09438838072899304,0.04415255464116635,0.14058861386786592,0.01755913385443371,0.4423978502359608,0.6485714285714286,0.503921568627451,0.554228255404726,14
20,5,6,0.7494541827814655,0.7089356101136264,0.7618683074191087,0.08949736234910534,0.27235154304370945,0.08567905375989462,0.05710955141501806,0.011838076979291422,0.27002715454752796,0.3262770562770563,0.45809523809523806,0.3066762866762867,14
20,5,12,0.7494541827814655,0.7089356101136264,0.7618683074191087,0.08949736234910534,0.27235154304370945,0.08567905375989462,0.05710955141501806,0.011838076979291422,0.27002715454752796,0.51593837535014,0.5526050420168068,0.5272704637410519,14
20,5,6,0.8779496709441421,0.829765905065135,0.8771406298411409,0.0799804216054187,0.20472281911287246,0.05634383372342743,0.07180917537447801,0.01101001043317731,0.3224062365672458,0.19818181818181818,0.37575757575757573,0.27169793169793166,14
20,5,12,0.8779496709441421,0.829765905065135,0.8771406298411409,0.0799804216054187,0.20472281911287246,0.05634383372342743,0.07180917537447801,0.01101001043317731,0.3224062365672458,0.5337815126050419,0.5698254686489981,0.5478618113912231,14
20,5,6,0.8120565627818384,0.8073614492736387,0.8186602801266325,0.0769899066729019,0.17607187802440685,0.07867411908619758,0.07316128075819625,0.01056388155504614,0.2771430201462639,0.2290909090909091,0.3214285714285715,0.2523520923520923,14
20,5,12,0.8120565627818384,0.8073614492736387,0.8186602801266325,0.0769899066729019,0.17607187802440685,0.07867411908619758,0.07316128075819625,0.01056388155504614,0.2771430201462639,0.4580392156862746,0.47568627450980394,0.5047183317771553,14
20,5,6,0.7918858071043848,0.7884289322325029,0.793626162647884,0.09443047986658318,0.17607182813616332,0.08307325550828949,0.052002899870419075,0.009872146421579823,0.18851699414896822,0.2557575757575758,0.40809523809523807,0.3874266474266474,14
20,5,12,0.7918858071043848,0.7884289322325029,0.793626162647884,0.09443047986658318,0.17607182813616332,0.08307325550828949,0.052002899870419075,0.009872146421579823,0.18851699414896822,0.4890196078431372,0.5646153846153845,0.4635104100119579,14
20,5,6,0.6801356504438553,0.7179500199018495,0.6913022249195913,0.266347062718387,0.43025141974961983,0.27139827913056713,0.044356169244558284,0.00521584214747876,0.11384573842237343,0.3238528138528139,0.4603174603174603,0.276940836940837,14
20,5,12,0.6801356504438553,0.7179500199018495,0.6913022249195913,0.266347062718387,0.43025141974961983,0.27139827913056713,0.044356169244558284,0.00521584214747876,0.11384573842237343,0.5203016591251886,0.5565610859728506,0.5274931169048815,14
20,5,6,0.7744722287597213,0.7084386984230794,0.7532772781057578,0.07952795886969777,0.24945706912110172,0.07444087040339836,0.0525318669907333,0.00961896245418217,0.22696285331739335,0.22000000000000003,0.27575757575757576,0.2985666185666186,14
20,5,12,0.7744722287597213,0.7084386984230794,0.7532772781057578,0.07952795886969777,0.24945706912110172,0.07444087040339836,0.0525318669907333,0.00961896245418217,0.22696285331739335,0.46803921568627455,0.5049579831932773,0.5019077104526022,14
20,5,6,0.7783712312290371,0.7660039154472882,0.7762101170715215,0.14825294232546762,0.35112473379918213,0.1406151813649393,0.06333474031924903,0.006845829404856845,0.18188022204756696,0.2006060606060606,0.4247619047619048,0.2898220298220298,14
20,5,12,0.7783712312290371,0.7660039154472882,0.7762101170715215,0.14825294232546762,0.35112473379918213,0.1406151813649393,0.06333474031924903,0.006845829404856845,0.18188022204756696,0.5135294117647058,0.5369683257918553,0.516884771002418,14
20,5,6,0.8037065240638802,0.8069462203985496,0.7874592472467998,0.03716241039657323,0.0696359576231822,0.03543067008500363,0.10365667135969096,0.012086031006075445,0.26740346561654277,0.2971861471861472,0.3444444444444444,0.3658201058201058,15
20,5,12,0.8037065240638802,0.8069462203985496,0.7874592472467998,0.03716241039657323,0.0696359576231822,0.03543067008500363,0.10365667135969096,0.012086031006075445,0.26740346561654277,0.49568627450980396,0.5392156862745098,0.5865158371040725,15
20,5,6,0.8388496853540303,0.8222525660365256,0.8371968050755781,0.039504323177991414,0.11986202418247885,0.034552592230532586,0.09251443881981167,0.01218762731928244,0.3410498164795504,0.3147619047619048,0.32626262626262625,0.3619143819143819,15
20,5,12,0.8388496853540303,0.8222525660365256,0.8371968050755781,0.039504323177991414,0.11986202418247885,0.034552592230532586,0.09251443881981167,0.01218762731928244,0.3410498164795504,0.471624649859944,0.5055555555555556,0.5051042639277933,15
20,5,6,0.8034238177696508,0.7645743094338984,0.7961981766633367,0.054243609850715496,0.10367002668861448,0.0474667765894167,0.08664906589359894,0.011119712712592073,0.28835944900030125,0.26151515151515153,0.31575757575757574,0.3653102453102453,15
20,5,12,0.8034238177696508,0.7645743094338984,0.7961981766633367,0.054243609850715496,0.10367002668861448,0.0474667765894167,0.08664906589359894,0.011119712712592073,0.28835944900030125,0.45182072829131653,0.4930532212885154,0.48222844693432926,15
20,5,6,0.821033233126993,0.8199081241324858,0.8345055384885036,0.051626050811662,0.1311749088172712,0.03891966277200797,0.0809465367103134,0.012010515525182177,0.4152800078674437,0.20393939393939392,0.24484848484848487,0.31165945165945164,15
20,5,12,0.821033233126993,0.8199081241324858,0.8345055384885036,0.051626050811662,0.1311749088172712,0.03891966277200797,0.0809465367103134,0.012010515525182177,0.4152800078674437,0.5023529411764706,0.46117647058823524,0.5313476501711796,15
20,5,6,0.7896875450924927,0.7760330180619964,0.7857511894850322,0.04008273736699181,0.10701067229548339,0.033682476592204094,0.10012464318329548,0.012377068601284149,0.4407685432579755,0.22393939393939394,0.2315151515151515,0.2665319865319865,15
20,5,12,0.7896875450924927,0.7760330180619964,0.7857511894850322,0.04008273736699181,0.10701067229548339,0.033682476592204094,0.10012464318329548,0.012377068601284149,0.4407685432579755,0.4553353973168215,0.4747058823529412,0.5518767507002802,15
20,5,6,0.8132070562331382,0.8087733602254702,0.819166263441067,0.03241359598008767,0.08718408832769309,0.032285692439118635,0.1036930814622577,0.012860349710391357,0.321182794627803,0.2506060606060606,0.3957575757575758,0.3238287638287638,15
20,5,12,0.8132070562331382,0.8087733602254702,0.819166263441067,0.03241359598008767,0.08718408832769309,0.032285692439118635,0.1036930814622577,0.012860349710391357,0.321182794627803,0.5349579831932774,0.5479487179487179,0.47845483492542307,15
20,5,6,0.8345409538698103,0.8245387434749346,0.8292999175134234,0.045930462703514495,0.1354304960532643,0.04174820249268745,0.08028433314912181,0.011873485550597938,0.28628524196697847,0.35051948051948056,0.33015873015873015,0.38860990860990857,15
20,5,12,0.8345409538698103,0.8245387434749346,0.8292999175134234,0.045930462703514495,0.1354304960532643,0.04174820249268745,0.08028433314912181,0.011873485550597938,0.28628524196697847,0.4847058823529412,0.5586834733893558,0.5740716799540329,15
20,5,6,0.8197880613865753,0.8565461931583994,0.815735134689729,0.05576031390192807,0.12917746042612463,0.04998290089798522,0.09432906963612506,0.009854249917510872,0.2308484296341318,0.37476190476190474,1.0,0.3535449735449735,15
20,5,12,0.8197880613865753,0.8565461931583994,0.815735134689729,0.05576031390192807,0.12917746042612463,0.04998290089798522,0.09432906963612506,0.009854249917510872,0.2308484296341318,0.4945098039215686,1.0,0.5035558226889496,15
20,5,6,0.8547827033502629,0.8397093067121786,0.8534537667874277,0.02721007321559257,0.11459922225454164,0.025128040367850858,0.09742669897056119,0.014650130790751741,0.37769847657470085,0.3190909090909091,0.4595238095238095,0.33758537758537754,16
20,5,12,0.8547827033502629,0.8397093067121786,0.8534537667874277,0.02721007321559257,0.11459922225454164,0.025128040367850858,0.09742669897056119,0.014650130790751741,0.37769847657470085,0.4835294117647059,0.49495798319327733,0.5521353156647275,16
20,5,6,0.8404777715336732,0.8293852224787095,0.8410275027820123,0.026109695412604647,0.0618914848087834,0.02392928623640885,0.14135022214000442,0.01519885245356339,0.44504645924924024,0.2539393939393939,0.48015873015873023,0.31680615680615676,16
20,5,12,0.8404777715336732,0.8293852224787095,0.8410275027820123,0.026109695412604647,0.0618914848087834,0.02392928623640885,0.14135022214000442,0.01519885245356339,0.44504645924924024,0.5326050420168068,0.5725490196078431,0.5599923388158684,16
20,5,6,0.8229836641863677,0.7925142636587116,0.8179990089898594,0.03301230331158882,0.08942821741657807,0.03238168738904478,0.1141563278208665,0.013221642838401841,0.3788667396068393,0.31242424242424244,0.38015873015873014,0.3511399711399712,16
20,5,12,0.8229836641863677,0.7925142636587116,0.8179990089898594,0.03301230331158882,0.08942821741657807,0.03238168738904478,0.1141563278208665,0.013221642838401841,0.3788667396068393,0.5614285714285714,0.507936507936508,0.5817366946778713,16
20,5,6,0.8171030249411945,0.8450789266394706,0.8201053275310829,0.03254416460623892,0.08480010137784474,0.02955940035194131,0.10901993924711757,0.014848443104500576,0.3883592864207287,0.31,0.36666666666666664,0.3182395382395382,16
20,5,12,0.8171030249411945,0.8450789266394706,0.8201053275310829,0.03254416460623892,0.08480010137784474,0.02955940035194131,0.10901993924711757,0.014848443104500576,0.3883592864207287,0.4845098039215686,0.6571428571428571,0.542432904785846,16
20,5,6,0.8164300877862076,0.8353493787909727,0.840289399274533,0.02853661415598896,0.06017884744745162,0.029599489827887324,0.10437212693927012,0.01850337626419234,0.45942480053205653,0.3433333333333334,0.31333333333333335,0.3361038961038961,16
20,5,12,0.8164300877862076,0.8353493787909727,0.840289399274533,0.02853661415598896,0.06017884744745162,0.029599489827887324,0.10437212693927012,0.01850337626419234,0.45942480053205653,0.4935294117647059,0.5259383753501401,0.592938303526539,16
20,5,6,0.824553221480496,0.8101118554991853,0.8281929320061187,0.03521633263438513,0.07820083434117904,0.0366625489823533,0.1231030026019166,0.012889443490433585,0.31462332501797285,0.2557575757575758,0.4666666666666666,0.35254449254449255,16
20,5,12,0.824553221480496,0.8101118554991853,0.8281929320061187,0.03521633263438513,0.07820083434117904,0.0366625489823533,0.1231030026019166,0.012889443490433585,0.31462332501797285,0.49829131652661063,0.7333333333333334,0.5757288898465369,16
20,5,6,0.8519516949718255,0.8533958801163917,0.8570180876648684,0.034147452706281285,0.05223399810628718,0.02382434381270568,0.1100254647566617,0.014751592459207713,0.3768139620048612,0.33333333333333337,0.6428571428571429,0.2904280904280905,16
20,5,12,0.8519516949718255,0.8533958801163917,0.8570180876648684,0.034147452706281285,0.05223399810628718,0.02382434381270568,0.1100254647566617,0.014751592459207713,0.3768139620048612,0.5307498383968972,0.682051282051282,0.5464942900237019,16
20,5,6,0.8505940343426235,0.8539610946012194,0.8434493799528202,0.019218565540069996,0.051819857154553464,0.021548338510775172,0.146357121018823,0.015328271271447006,0.3970339674153782,0.28051948051948056,0.39393939393939387,0.30595478595478587,16
20,5,12,0.8505940343426235,0.8539610946012194,0.8434493799528202,0.019218565540069996,0.051819857154553464,0.021548338510775172,0.146357121018823,0.015328271271447006,0.3970339674153782,0.47102167182662547,0.6153846153846154,0.5097944206922536,16
20,5,6,0.868204551906856,0.8135367414930024,0.8800746449285082,0.03564097538556835,0.11796308732455038,0.03659420152680798,0.10208758343893018,0.011499086295465926,0.274709993604525,0.22536796536796538,1.0,0.32714766714766713,17
20,5,12,0.868204551906856,0.8135367414930024,0.8800746449285082,0.03564097538556835,0.11796308732455038,0.03659420152680798,0.10208758343893018,0.011499086295465926,0.274709993604525,0.46280112044817934,0.7201465201465201,0.5499735008713338,17
20,5,6,0.8517544407847318,0.753542626543394,0.8408780839792434,0.07928598102964897,0.22284784726091939,0.06738418524357033,0.054320755991284296,0.007545509604396983,0.16007480009494868,0.26151515151515153,0.26961038961038963,0.34944684944684945,17
20,5,12,0.8517544407847318,0.753542626543394,0.8408780839792434,0.07928598102964897,0.22284784726091939,0.06738418524357033,0.054320755991284296,0.007545509604396983,0.16007480009494868,0.5123529411764706,0.45446058585377475,0.5180923651511886,17
20,5,6,0.8631642623282275,0.8205945369805104,0.8498597063838267,0.04280816527136709,0.10237512680580194,0.04038948110373424,0.0898860332682219,0.011270180062919747,0.2778380183718944,0.2966666666666667,0.40238095238095245,0.35567099567099564,17
20,5,12,0.8631642623282275,0.8205945369805104,0.8498597063838267,0.04280816527136709,0.10237512680580194,0.04038948110373424,0.0898860332682219,0.011270180062919747,0.2778380183718944,0.4780392156862745,0.5005027652086476,0.5727846010198951,17
20,5,6,0.9252778586100002,0.7641008048733087,0.9168689428823352,0.07036577173105919,0.4030575404420314,0.10075716539787127,0.05687152740171443,0.011022476619955073,0.17290258455995158,0.2890909090909091,0.42142857142857143,0.38804232804232797,17
20,5,12,0.9252778586100002,0.7641008048733087,0.9168689428823352,0.07036577173105919,0.4030575404420314,0.10075716539787127,0.05687152740171443,0.011022476619955073,0.17290258455995158,0.4646071060002949,0.5900000000000001,0.5101884172472408,17
20,5,6,0.7873276911840407,0.7195415593292857,0.7614160355003128,0.029491675784937842,0.13769709922992665,0.035567814674443775,0.06548729803196697,0.010661485372081296,0.3125414595743941,0.3433333333333333,0.31333333333333335,0.3727176527176527,17
20,5,12,0.7873276911840407,0.7195415593292857,0.7614160355003128,0.029491675784937842,0.13769709922992665,0.035567814674443775,0.06548729803196697,0.010661485372081296,0.3125414595743941,0.4882913165266106,0.5514285714285714,0.550619358854653,17
20,5,6,0.8099161557645208,0.8078753977269081,0.8010385529956594,0.0656406000200918,0.1863293921444061,0.05976540202160145,0.0640523453153195,0.008421211226197978,0.17545544275671074,0.2700000000000001,0.4666666666666666,0.37091871091871087,17
20,5,12,0.8099161557645208,0.8078753977269081,0.8010385529956594,0.0656406000200918,0.1863293921444061,0.05976540202160145,0.0640523453153195,0.008421211226197978,0.17545544275671074,0.4768627450980392,0.6666666666666666,0.48397287840012304,17
20,5,6,0.8698092516941976,0.8644911304204558,0.8709547177075578,0.0250804394082399,0.07200197724595299,0.025993972092439036,0.0987781141349516,0.01416719767996916,0.44009238761250236,0.31333333333333335,0.2910389610389611,0.3599134199134199,17
20,5,12,0.8698092516941976,0.8644911304204558,0.8709547177075578,0.0250804394082399,0.07200197724595299,0.025993972092439036,0.0987781141349516,0.01416719767996916,0.44009238761250236,0.48142857142857143,0.4942296918767507,0.5208791964829117,17
20,5,6,0.8055997551189309,0.8185183607724561,0.7974578392283894,0.0380960114087426,0.10085369296383245,0.03780821919373416,0.10585187324220557,0.012272203950567129,0.3296895577693803,0.28870129870129874,0.6666666666666666,0.35559403559403563,17
20,5,12,0.8055997551189309,0.8185183607724561,0.7974578392283894,0.0380960114087426,0.10085369296383245,0.03780821919373416,0.10585187324220557,0.012272203950567129,0.3296895577693803,0.4758823529411765,0.6153846153846154,0.49823553352965105,17
20,5,6,0.8180282601977232,0.8132397573955735,0.8407307505967445,0.06549256486154795,0.15916208658655426,0.058534796566418176,0.07038540568381722,0.010985545704362654,0.3412367602793192,0.31333333333333335,0.43809523809523804,0.3800288600288599,18
20,5,12,0.8180282601977232,0.8132397573955735,0.8407307505967445,0.06549256486154795,0.15916208658655426,0.058534796566418176,0.07038540568381722,0.010985545704362654,0.3412367602793192,0.4845098039215686,0.4513725490196078,0.5700811606693961,18
20,5,6,0.8181005441816056,0.8005170285802037,0.8193240490614342,0.05976805533740736,0.1285862126539027,0.047146504617888364,0.06325836940854655,0.009279648974405077,0.22812538148572234,0.4714285714285714,0.39,0.3595863395863396,18
20,5,12,0.8181005441816056,0.8005170285802037,0.8193240490614342,0.05976805533740736,0.1285862126539027,0.047146504617888364,0.06325836940854655,0.009279648974405077,0.22812538148572234,0.4868627450980393,0.44495798319327734,0.5027590595392455,18
20,5,6,0.8290137057721438,0.7443237267384603,0.8421046094217481,0.1023198246953166,0.22700974848213118,0.09330180114574635,0.05377693104661741,0.0082233887622598,0.18497862054300887,0.2724242424242424,0.3444444444444444,0.3858297258297258,18
20,5,12,0.8290137057721438,0.7443237267384603,0.8421046094217481,0.1023198246953166,0.22700974848213118,0.09330180114574635,0.05377693104661741,0.0082233887622598,0.18497862054300887,0.49711484593837535,0.5352941176470588,0.5688113193995548,18
20,5,6,0.7707518479748209,0.771778290385558,0.7663328276627878,0.046254094731486325,0.17913033946845344,0.03243817234784043,0.07546572327501719,0.009907198579569758,0.3252299694070721,0.45809523809523806,0.3611111111111111,0.4432804232804232,18
20,5,12,0.7707518479748209,0.771778290385558,0.7663328276627878,0.046254094731486325,0.17913033946845344,0.03243817234784043,0.07546572327501719,0.009907198579569758,0.3252299694070721,0.5259383753501401,0.55,0.5272829131652661,18
20,5,6,0.833525080822879,0.8334677848902718,0.834142843233366,0.047708824496253674,0.1189028061686075,0.041390907210329196,0.1040051556537648,0.011436259718152387,0.4723533095186711,0.37,0.36666666666666664,0.31327561327561326,18
20,5,12,0.833525080822879,0.8334677848902718,0.834142843233366,0.047708824496253674,0.1189028061686075,0.041390907210329196,0.1040051556537648,0.011436259718152387,0.4723533095186711,0.4845098039215686,0.5523809523809524,0.48115930852772953,18
20,5,6,0.8512027864004682,0.7810946622070601,0.8664429288040251,0.07613777421337015,0.2448720269797534,0.08620743647090848,0.06480289500170917,0.00792939857921111,0.1891730369141619,0.38666666666666666,0.4801587301587302,0.404136604136604,18
20,5,12,0.8512027864004682,0.7810946622070601,0.8664429288040251,0.07613777421337015,0.2448720269797534,0.08620743647090848,0.06480289500170917,0.00792939857921111,0.1891730369141619,0.5533333333333333,0.5690476190476191,0.532737424254452,18
20,5,6,0.866690417929287,0.7781705560607227,0.8661098267718015,0.06480723749361925,0.1920940484265631,0.0633644518243846,0.057248763882413824,0.009122283066255813,0.19297214465487342,0.3614285714285715,0.2206060606060606,0.39322751322751315,18
20,5,12,0.866690417929287,0.7781705560607227,0.8661098267718015,0.06480723749361925,0.1920940484265631,0.0633644518243846,0.057248763882413824,0.009122283066255813,0.19297214465487342,0.4856862745098039,0.4894677871148459,0.543570111805406,18
20,5,6,0.9000076057405133,0.843968626014106,0.9046281722330682,0.052758627925061745,0.20968972605961073,0.05518359461592762,0.075872607857175,0.013116003721867097,0.38082316730935034,0.42000000000000004,0.38666666666666666,0.3840307840307839,18
20,5,12,0.9000076057405133,0.843968626014106,0.9046281722330682,0.052758627925061745,0.20968972605961073,0.05518359461592762,0.075872607857175,0.013116003721867097,0.38082316730935034,0.5071148459383753,0.5614285714285714,0.47016646694665265,18
20,5,6,0.7910853901950612,0.8373847560049342,0.7881604677117182,0.08230366681104874,0.16052374590122925,0.07333571495494025,0.08627433657685492,0.009166538932887436,0.31552317720942924,0.2206060606060606,0.2206060606060606,0.29565175565175567,19
20,5,12,0.7910853901950612,0.8373847560049342,0.7881604677117182,0.08230366681104874,0.16052374590122925,0.07333571495494025,0.08627433657685492,0.009166538932887436,0.31552317720942924,0.45317853457172347,0.4925490196078431,0.5042452536570184,19
20,5,6,0.7837309181203443,0.7907426332875009,0.8002434062731141,0.04231214181467452,0.11632188508574583,0.040971329690862396,0.09379250539518498,0.012138012355100312,0.3572608386905454,0.33242424242424246,0.25575757575757574,0.4176815776815777,19
20,5,12,0.7837309181203443,0.7907426332875009,0.8002434062731141,0.04231214181467452,0.11632188508574583,0.040971329690862396,0.09379250539518498,0.012138012355100312,0.3572608386905454,0.48946778711484595,0.47705882352941187,0.5197371256194786,19
20,5,6,0.740802682147042,0.7527395620622773,0.7333689614172032,0.048258240022915115,0.13564044895139493,0.042785273214288745,0.07579402685411507,0.01026658150316238,0.30667470545582803,0.32333333333333336,0.3728571428571429,0.3337854737854738,19
20,5,12,0.740802682147042,0.7527395620622773,0.7333689614172032,0.048258240022915115,0.13564044895139493,0.042785273214288745,0.07579402685411507,0.01026658150316238,0.30667470545582803,0.42435500515995866,0.43470588235294116,0.4581512605042017,19
20,5,6,0.8912182932664938,0.8838050612819919,0.8916801050100955,0.02997938610357331,0.0726748854869931,0.027247743886084138,0.11127155432655626,0.013836282699353998,0.4634254225975266,0.2966666666666667,0.37,0.3555651755651756,19
20,5,12,0.8912182932664938,0.8838050612819919,0.8916801050100955,0.02997938610357331,0.0726748854869931,0.027247743886084138,0.11127155432655626,0.013836282699353998,0.4634254225975266,0.5237815126050421,0.4618207282913165,0.49481776336265504,19
20,5,6,0.7665595731150902,0.7543390240224522,0.7782307296892973,0.04779977375034469,0.12683964601756378,0.04308880598185812,0.07892900840736362,0.01098092271212504,0.3441950778250699,0.3447619047619048,0.3271861471861472,0.3261568061568061,19
20,5,12,0.7665595731150902,0.7543390240224522,0.7782307296892973,0.04779977375034469,0.12683964601756378,0.04308880598185812,0.07892900840736362,0.01098092271212504,0.3441950778250699,0.4601960784313725,0.49568627450980396,0.4998195589526858,19
20,5,6,0.8387784468312339,0.8551453862714348,0.8324768375359983,0.07572001515390574,0.17514394498076233,0.06455428607831837,0.09873295692480505,0.009463478300239487,0.3618634889575371,0.23575757575757578,0.21303030303030304,0.38497354497354497,19
20,5,12,0.8387784468312339,0.8551453862714348,0.8324768375359983,0.07572001515390574,0.17514394498076233,0.06455428607831837,0.09873295692480505,0.009463478300239487,0.3618634889575371,0.4747058823529412,0.5418767507002801,0.5521568627450981,19
20,5,6,0.8186756625429874,0.8119507915109647,0.8324240667846612,0.053343323220547786,0.1162002472500658,0.046785757547971235,0.0891054437906012,0.011479495567708829,0.3375171567397519,0.2190909090909091,0.42142857142857143,0.3391149591149591,19
20,5,12,0.8186756625429874,0.8119507915109647,0.8324240667846612,0.053343323220547786,0.1162002472500658,0.046785757547971235,0.0891054437906012,0.011479495567708829,0.3375171567397519,0.41470588235294115,0.43921568627450985,0.503728602552132,19
20,5,6,0.7352851908770409,0.7103790154843299,0.7337030856503137,0.08445658153281685,0.12316787652285091,0.07896287023859569,0.07808637764605998,0.008677444370091342,0.2475599395891871,0.2566666666666667,0.30242424242424243,0.40933140933140927,19
20,5,12,0.7352851908770409,0.7103790154843299,0.7337030856503137,0.08445658153281685,0.12316787652285091,0.07896287023859569,0.07808637764605998,0.008677444370091342,0.2475599395891871,0.38977296181630544,0.4853422016579912,0.5661830544183486,19
