n_features,n_classes,min_pair_class_frac_hard,centroid_hard,centroid_soft,pooled_hard,pooled_soft,pair_hard,pair_soft,diag_hard,diag_soft,cov_logodds,ovr,contrastive,seed
8,3,0.46922016312129694,0.9285714285714287,0.9047619047619048,0.9285714285714287,0.9761904761904763,0.9285714285714287,0.9761904761904763,0.9761904761904763,0.9761904761904763,1.0,0.9761904761904763,1.0,0
8,3,0.42485984019406264,0.9761904761904763,0.9523809523809524,1.0,1.0,0.9523809523809524,1.0,0.9523809523809524,0.9523809523809524,1.0,0.9761904761904763,1.0,0
8,3,0.4571769735001812,0.9523809523809524,0.9523809523809524,0.9761904761904763,0.9761904761904763,0.9761904761904763,0.9761904761904763,0.9523809523809524,0.9285714285714287,0.9761904761904763,0.9523809523809524,1.0,0
8,3,0.43855932475630527,0.9523809523809524,0.9761904761904763,0.9285714285714287,0.9761904761904763,0.9285714285714287,0.9761904761904763,0.9523809523809524,0.9285714285714287,1.0,0.9523809523809524,1.0,0
8,3,0.4876616201280981,0.9047619047619048,0.880952380952381,0.9523809523809524,1.0,0.9523809523809524,1.0,0.9523809523809524,0.9523809523809524,1.0,1.0,1.0,0
8,3,0.43604844540082444,0.9761904761904763,0.9761904761904763,0.9761904761904763,1.0,0.9761904761904763,1.0,0.9761904761904763,0.9523809523809524,1.0,0.9761904761904763,1.0,0
8,3,0.48627776937332556,0.9523809523809524,0.9761904761904763,0.9523809523809524,1.0,0.9523809523809524,1.0,0.9761904761904763,1.0,1.0,1.0,1.0,0
8,3,0.416360295690687,0.9761904761904763,0.9761904761904763,0.9761904761904763,0.9761904761904763,0.9761904761904763,0.9761904761904763,1.0,0.9523809523809524,0.9761904761904763,0.9523809523809524,1.0,0
8,3,0.37699716495111296,0.9047619047619048,0.9285714285714287,0.9761904761904763,0.9761904761904763,0.9761904761904763,0.9761904761904763,0.9285714285714287,0.9285714285714287,0.9761904761904763,0.9285714285714287,1.0,1
8,3,0.4555028561841932,0.9285714285714287,0.9285714285714287,0.9285714285714287,0.9285714285714287,0.9285714285714287,0.9285714285714287,0.9285714285714287,0.9285714285714287,0.9285714285714287,0.9285714285714287,1.0,1
8,3,0.4586235738776615,0.9523809523809524,0.9523809523809524,1.0,1.0,1.0,1.0,0.9761904761904763,0.9761904761904763,1.0,1.0,1.0,1
8,3,0.32830293185984355,0.9285714285714287,0.9523809523809524,0.9285714285714287,0.9285714285714287,0.9761904761904763,0.9523809523809524,0.9523809523809524,0.9523809523809524,0.9523809523809524,0.9761904761904763,1.0,1
8,3,0.3535220264209959,0.880952380952381,0.880952380952381,0.9761904761904763,0.9761904761904763,0.9761904761904763,1.0,0.880952380952381,0.880952380952381,0.9523809523809524,0.9761904761904763,1.0,1
8,3,0.2847671823441423,0.9285714285714287,0.9285714285714287,1.0,1.0,0.9761904761904763,0.9761904761904763,0.9285714285714287,0.9285714285714287,0.9523809523809524,0.9761904761904763,1.0,1
8,3,0.38382798297296633,0.9523809523809524,0.880952380952381,0.9047619047619048,0.9285714285714287,0.9047619047619048,0.9285714285714287,0.9523809523809524,0.9047619047619048,0.9285714285714287,0.9523809523809524,1.0,1
8,3,0.4511797212281592,0.9523809523809524,0.9761904761904763,0.9761904761904763,1.0,0.9761904761904763,0.9761904761904763,1.0,1.0,0.9523809523809524,1.0,1.0,1
8,3,0.4811602398655913,0.9285714285714287,0.9761904761904763,0.9761904761904763,1.0,0.9761904761904763,1.0,0.9285714285714287,0.9285714285714287,1.0,1.0,1.0,2
8,3,0.4964490209236928,0.9285714285714287,0.9285714285714287,0.9047619047619048,1.0,0.9047619047619048,1.0,0.9047619047619048,0.9047619047619048,1.0,1.0,1.0,2
8,3,0.47198343773639656,0.9523809523809524,0.9285714285714287,0.9285714285714287,1.0,0.9285714285714287,1.0,0.8571428571428572,0.9285714285714287,1.0,1.0,1.0,2
8,3,0.4737995134406696,0.9761904761904763,1.0,0.9285714285714287,0.9761904761904763,0.9285714285714287,0.9761904761904763,0.8333333333333335,0.8571428571428572,1.0,0.9761904761904763,1.0,2
8,3,0.4571576444641033,0.9761904761904763,0.9523809523809524,0.9285714285714287,0.9761904761904763,0.9285714285714287,0.9761904761904763,0.9047619047619048,0.9523809523809524,0.9761904761904763,0.9761904761904763,1.0,2
8,3,0.45278778813133214,0.9761904761904763,0.9761904761904763,1.0,1.0,1.0,1.0,1.0,1.0,1.0,1.0,1.0,2
8,3,0.3773944665472594,0.9285714285714287,0.9285714285714287,0.9523809523809524,0.9761904761904763,0.9523809523809524,0.9761904761904763,0.9523809523809524,0.9523809523809524,0.9761904761904763,0.9761904761904763,1.0,2
8,3,0.47390284379965053,0.9761904761904763,0.9761904761904763,0.9047619047619048,0.9047619047619048,0.9047619047619048,0.9047619047619048,0.8571428571428572,0.8333333333333335,0.9761904761904763,0.9047619047619048,1.0,2
8,3,0.4836122552185909,0.9047619047619048,0.9047619047619048,1.0,1.0,1.0,1.0,0.9761904761904763,0.9523809523809524,1.0,1.0,1.0,3
8,3,0.4799345861634356,0.880952380952381,0.880952380952381,0.9761904761904763,1.0,0.9761904761904763,1.0,0.9761904761904763,0.9285714285714287,1.0,1.0,1.0,3
8,3,0.49752550027990505,0.9047619047619048,0.880952380952381,0.9761904761904763,1.0,0.9761904761904763,1.0,0.9761904761904763,0.9761904761904763,1.0,1.0,1.0,3
8,3,0.43210204389885243,0.9761904761904763,0.9761904761904763,1.0,1.0,1.0,1.0,1.0,0.9761904761904763,1.0,1.0,1.0,3
8,3,0.4763286901850472,0.8333333333333335,0.8333333333333335,0.9285714285714287,1.0,0.9285714285714287,1.0,0.9047619047619048,0.9523809523809524,1.0,1.0,1.0,3
8,3,0.4313416081391873,0.9047619047619048,0.880952380952381,0.9761904761904763,1.0,0.9761904761904763,1.0,0.9761904761904763,0.9761904761904763,1.0,1.0,1.0,3
8,3,0.47285190362243606,0.9523809523809524,0.9047619047619048,0.9761904761904763,1.0,0.9761904761904763,1.0,1.0,1.0,1.0,1.0,1.0,3
8,3,0.43955441049058946,0.8571428571428572,0.9285714285714287,0.9285714285714287,1.0,0.9285714285714287,1.0,0.9761904761904763,0.9761904761904763,1.0,1.0,1.0,3
8,3,0.4867618040226986,0.9285714285714287,0.9285714285714287,0.9761904761904763,0.9761904761904763,0.9761904761904763,1.0,1.0,1.0,1.0,0.9761904761904763,1.0,4
8,3,0.45026313275679825,0.9285714285714287,0.9285714285714287,1.0,1.0,1.0,1.0,0.9761904761904763,1.0,1.0,1.0,1.0,4
8,3,0.3376088132186433,0.9047619047619048,0.9047619047619048,0.8571428571428572,0.9523809523809524,0.8571428571428572,0.9761904761904763,0.8333333333333335,0.8333333333333335,0.9523809523809524,0.9761904761904763,1.0,4
8,3,0.44850177709173994,0.9761904761904763,0.9285714285714287,0.9761904761904763,0.9761904761904763,1.0,0.9761904761904763,0.9761904761904763,1.0,0.9761904761904763,0.9761904761904763,1.0,4
8,3,0.46515857221700196,0.8333333333333335,0.8333333333333335,0.7857142857142858,1.0,0.8333333333333335,1.0,0.8571428571428572,1.0,1.0,1.0,1.0,4
8,3,0.3906111520641429,0.8333333333333335,0.8571428571428572,0.9285714285714287,0.8571428571428572,0.9285714285714287,0.9761904761904763,0.9523809523809524,0.9285714285714287,0.9047619047619048,0.9523809523809524,1.0,4
8,3,0.40898794145154643,0.9761904761904763,0.9761904761904763,0.9761904761904763,0.9761904761904763,0.9523809523809524,0.9761904761904763,0.9523809523809524,0.9761904761904763,0.9761904761904763,0.9761904761904763,1.0,4
8,3,0.3940694365094402,0.8571428571428572,0.9047619047619048,0.9761904761904763,1.0,0.9761904761904763,1.0,0.9285714285714287,0.9761904761904763,0.9523809523809524,1.0,1.0,4
8,3,0.34007679562351417,0.9761904761904763,0.9761904761904763,0.9761904761904763,1.0,0.9761904761904763,1.0,0.9523809523809524,0.9523809523809524,1.0,1.0,1.0,5
8,3,0.3991361565999638,0.9523809523809524,0.9761904761904763,0.9761904761904763,0.9761904761904763,0.9761904761904763,0.9761904761904763,0.9523809523809524,0.9761904761904763,1.0,1.0,1.0,5
8,3,0.46760467074817774,0.8333333333333335,0.8333333333333335,0.9761904761904763,1.0,0.9761904761904763,1.0,0.9047619047619048,0.9047619047619048,1.0,0.9761904761904763,1.0,5
8,3,0.47702503059131757,0.7857142857142858,0.7857142857142858,0.9761904761904763,0.9761904761904763,0.9761904761904763,0.9761904761904763,0.7857142857142858,0.8333333333333335,0.9761904761904763,0.9761904761904763,1.0,5
8,3,0.4189864489875262,1.0,1.0,1.0,1.0,1.0,1.0,0.880952380952381,0.8571428571428572,1.0,1.0,1.0,5
8,3,0.488105894090412,0.6666666666666669,0.6666666666666669,0.9285714285714287,1.0,0.9285714285714287,1.0,0.8333333333333335,0.9523809523809524,1.0,1.0,1.0,5
8,3,0.4741330802813717,0.9047619047619048,0.880952380952381,0.9761904761904763,0.9761904761904763,0.9761904761904763,0.9761904761904763,0.8095238095238096,0.9285714285714287,0.9761904761904763,0.9761904761904763,1.0,5
8,3,0.4431833039540458,0.9523809523809524,0.9761904761904763,0.9285714285714287,0.9761904761904763,0.9285714285714287,0.9761904761904763,0.9523809523809524,0.9523809523809524,1.0,0.9761904761904763,1.0,5
8,3,0.46510377504711803,0.9047619047619048,0.9047619047619048,0.9761904761904763,1.0,1.0,1.0,0.9523809523809524,0.9761904761904763,0.9761904761904763,1.0,1.0,6
8,3,0.47521920633667436,0.9523809523809524,0.9523809523809524,1.0,0.9761904761904763,1.0,0.9761904761904763,0.9761904761904763,0.9761904761904763,0.9761904761904763,0.9761904761904763,1.0,6
8,3,0.46871243990023465,0.9523809523809524,0.9047619047619048,1.0,1.0,1.0,1.0,0.9523809523809524,0.9761904761904763,1.0,1.0,1.0,6
8,3,0.4697906675146896,0.8333333333333335,0.880952380952381,0.9047619047619048,0.9523809523809524,0.9047619047619048,0.9523809523809524,0.8333333333333335,0.9523809523809524,0.9523809523809524,1.0,1.0,6
8,3,0.48669649111180413,0.9523809523809524,0.9523809523809524,1.0,1.0,1.0,1.0,1.0,1.0,1.0,1.0,1.0,6
8,3,0.44959803001801246,0.9047619047619048,0.9047619047619048,1.0,1.0,1.0,0.9761904761904763,0.9761904761904763,0.9523809523809524,0.9761904761904763,1.0,1.0,6
8,3,0.40962652124275223,0.9047619047619048,0.9047619047619048,0.9761904761904763,1.0,0.9761904761904763,1.0,0.9761904761904763,0.9761904761904763,1.0,1.0,1.0,6
8,3,0.49616540670022424,0.9523809523809524,0.9523809523809524,0.9761904761904763,1.0,0.9761904761904763,1.0,0.9523809523809524,0.9761904761904763,1.0,1.0,1.0,6
8,3,0.424500246634379,0.9285714285714287,0.9761904761904763,0.9761904761904763,1.0,0.9761904761904763,1.0,0.9761904761904763,1.0,1.0,1.0,1.0,7
8,3,0.4491937813497446,0.9047619047619048,0.8333333333333335,0.9761904761904763,0.9761904761904763,0.9761904761904763,0.9761904761904763,0.9761904761904763,0.9761904761904763,1.0,1.0,1.0,7
8,3,0.4869882064463555,0.9047619047619048,0.9047619047619048,0.9285714285714287,0.9761904761904763,0.9285714285714287,0.9761904761904763,0.8333333333333335,0.880952380952381,1.0,1.0,1.0,7
8,3,0.43865123400544304,0.8333333333333335,0.7857142857142858,0.9285714285714287,0.9761904761904763,0.9285714285714287,0.9761904761904763,0.880952380952381,0.9523809523809524,1.0,0.9761904761904763,1.0,7
8,3,0.48286552821930523,0.7857142857142858,0.7857142857142858,0.9285714285714287,0.9761904761904763,0.9285714285714287,0.9761904761904763,0.8571428571428572,0.8571428571428572,1.0,0.9761904761904763,1.0,7
8,3,0.4482479622829391,0.9761904761904763,1.0,1.0,1.0,1.0,1.0,1.0,1.0,1.0,1.0,1.0,7
8,3,0.44650345107688827,0.9761904761904763,0.9761904761904763,0.9761904761904763,0.9761904761904763,1.0,0.9761904761904763,0.9761904761904763,1.0,0.9761904761904763,0.9761904761904763,1.0,7
8,3,0.4504451129449271,0.9047619047619048,0.9047619047619048,1.0,0.9761904761904763,1.0,0.9761904761904763,0.880952380952381,0.880952380952381,0.9761904761904763,0.9761904761904763,1.0,7
8,3,0.4347947213983341,1.0,0.9761904761904763,1.0,1.0,1.0,1.0,0.9285714285714287,0.9761904761904763,1.0,1.0,1.0,8
8,3,0.4870970695868281,0.9761904761904763,0.9761904761904763,0.9523809523809524,0.9761904761904763,0.9523809523809524,0.9761904761904763,0.9285714285714287,0.9761904761904763,1.0,0.9761904761904763,1.0,8
8,3,0.45052417428797986,0.9523809523809524,0.9523809523809524,1.0,1.0,1.0,1.0,0.9761904761904763,0.9761904761904763,1.0,1.0,1.0,8
8,3,0.4593960223110353,0.9285714285714287,0.9285714285714287,1.0,0.9761904761904763,1.0,1.0,0.9761904761904763,0.9761904761904763,1.0,0.9761904761904763,1.0,8
8,3,0.4769432583774107,0.9761904761904763,0.9761904761904763,1.0,1.0,1.0,1.0,0.9761904761904763,0.9761904761904763,1.0,1.0,1.0,8
8,3,0.47290361895007993,0.9523809523809524,0.9285714285714287,1.0,1.0,1.0,1.0,1.0,0.9523809523809524,1.0,1.0,1.0,8
8,3,0.4902602071844773,0.9761904761904763,1.0,0.9761904761904763,1.0,1.0,1.0,1.0,1.0,1.0,0.9761904761904763,1.0,8
8,3,0.4905566080154095,0.9523809523809524,0.9761904761904763,0.9761904761904763,1.0,0.9761904761904763,1.0,0.9523809523809524,0.9523809523809524,1.0,1.0,1.0,8
8,3,0.4569861764591533,0.9047619047619048,0.9047619047619048,1.0,1.0,1.0,1.0,0.9285714285714287,0.9285714285714287,1.0,1.0,1.0,9
8,3,0.44446347100983535,0.9523809523809524,0.9523809523809524,0.9523809523809524,1.0,0.9523809523809524,1.0,0.8333333333333335,0.8571428571428572,1.0,0.9761904761904763,1.0,9
8,3,0.46484433291014243,0.9523809523809524,0.9523809523809524,0.9761904761904763,1.0,0.9761904761904763,1.0,0.880952380952381,0.9285714285714287,1.0,1.0,1.0,9
8,3,0.32567882020935013,0.9285714285714287,0.9285714285714287,0.9285714285714287,1.0,0.9285714285714287,1.0,0.9047619047619048,0.9761904761904763,1.0,0.9761904761904763,1.0,9
8,3,0.4475871394027216,0.9523809523809524,0.9523809523809524,0.9761904761904763,0.9761904761904763,0.9761904761904763,0.9761904761904763,0.9761904761904763,0.9761904761904763,0.9761904761904763,0.9761904761904763,1.0,9
8,3,0.48237186706619095,0.8333333333333335,0.8333333333333335,0.9761904761904763,0.9761904761904763,0.9761904761904763,0.9761904761904763,0.8333333333333335,0.8571428571428572,1.0,0.9047619047619048,1.0,9
8,3,0.4746917813365015,0.9285714285714287,0.9047619047619048,1.0,0.9761904761904763,1.0,0.9761904761904763,0.9047619047619048,0.9285714285714287,1.0,0.9761904761904763,1.0,9
8,3,0.4658894888117105,0.9047619047619048,0.9285714285714287,0.9761904761904763,0.9523809523809524,0.9285714285714287,0.9523809523809524,0.9523809523809524,1.0,0.9761904761904763,0.9761904761904763,1.0,9
8,3,0.4813027231923796,0.9761904761904763,0.9761904761904763,0.9761904761904763,1.0,0.9761904761904763,1.0,0.9761904761904763,0.9761904761904763,1.0,1.0,1.0,10
8,3,0.26244855272261136,0.9285714285714287,0.9523809523809524,0.9285714285714287,0.9761904761904763,0.9523809523809524,1.0,0.9285714285714287,0.9761904761904763,1.0,0.9523809523809524,1.0,10
8,3,0.36847568094178373,0.9761904761904763,1.0,1.0,1.0,1.0,1.0,1.0,1.0,0.9761904761904763,1.0,1.0,10
8,3,0.33618575295337405,0.9761904761904763,0.9761904761904763,1.0,1.0,1.0,1.0,0.9285714285714287,0.9761904761904763,1.0,0.9523809523809524,1.0,10
8,3,0.2531166826370037,0.9285714285714287,1.0,1.0,1.0,0.9523809523809524,1.0,0.9285714285714287,0.9285714285714287,1.0,0.9761904761904763,1.0,10
8,3,0.3472315440204932,0.9761904761904763,0.9761904761904763,0.9523809523809524,0.9761904761904763,0.9523809523809524,1.0,0.9761904761904763,0.9523809523809524,1.0,0.9523809523809524,1.0,10
8,3,0.4504579210240851,0.9761904761904763,0.9523809523809524,0.9761904761904763,0.9761904761904763,0.9761904761904763,0.9761904761904763,1.0,0.9523809523809524,1.0,0.9761904761904763,1.0,10
8,3,0.309220420684167,0.9285714285714287,0.9285714285714287,0.9523809523809524,1.0,0.9523809523809524,1.0,0.9285714285714287,0.9285714285714287,1.0,1.0,1.0,10
8,3,0.4738305224518622,0.7857142857142858,0.7619047619047621,0.9047619047619048,0.9285714285714287,0.9047619047619048,0.9285714285714287,0.8333333333333335,0.8571428571428572,1.0,0.9285714285714287,1.0,11
8,3,0.3593522629772024,0.8095238095238096,0.8095238095238096,0.9285714285714287,0.9285714285714287,0.880952380952381,0.9285714285714287,0.880952380952381,0.9047619047619048,1.0,0.9285714285714287,1.0,11
8,3,0.4657834874417303,0.9285714285714287,0.9047619047619048,0.9761904761904763,1.0,0.9761904761904763,1.0,0.9523809523809524,1.0,1.0,1.0,1.0,11
8,3,0.48312372410642246,0.9285714285714287,0.9285714285714287,1.0,0.9761904761904763,1.0,1.0,0.9761904761904763,0.9761904761904763,1.0,0.9761904761904763,1.0,11
8,3,0.45427712285625443,0.9285714285714287,0.9285714285714287,1.0,1.0,1.0,1.0,1.0,1.0,1.0,1.0,1.0,11
8,3,0.40037509596478604,0.7380952380952381,0.8095238095238096,0.9523809523809524,0.9523809523809524,0.9047619047619048,0.9761904761904763,0.8571428571428572,0.9523809523809524,1.0,0.9761904761904763,1.0,11
8,3,0.4739397871023192,0.9047619047619048,0.9047619047619048,1.0,1.0,1.0,1.0,0.9523809523809524,0.9761904761904763,1.0,1.0,1.0,11
8,3,0.4250698460214715,0.7857142857142858,0.7857142857142858,1.0,1.0,1.0,1.0,0.7857142857142858,0.7619047619047621,1.0,1.0,1.0,11
8,3,0.4692412355174598,0.8333333333333335,0.8333333333333335,0.9761904761904763,0.9047619047619048,0.9761904761904763,0.9285714285714287,0.9047619047619048,0.9285714285714287,0.9047619047619048,1.0,1.0,12
8,3,0.4671516096870481,0.880952380952381,0.9285714285714287,1.0,1.0,1.0,1.0,0.9761904761904763,0.9047619047619048,1.0,1.0,1.0,12
8,3,0.4489572305432848,0.8333333333333335,0.8333333333333335,0.9761904761904763,0.9761904761904763,0.9761904761904763,0.9761904761904763,0.9761904761904763,0.9761904761904763,0.9285714285714287,1.0,1.0,12
8,3,0.4623269416929364,0.9285714285714287,1.0,1.0,1.0,1.0,1.0,0.9761904761904763,1.0,1.0,1.0,1.0,12
8,3,0.4583045895011617,0.9761904761904763,0.9761904761904763,0.9523809523809524,0.9761904761904763,0.9523809523809524,0.9761904761904763,0.9523809523809524,0.9761904761904763,0.9285714285714287,1.0,1.0,12
8,3,0.45751407354244317,1.0,1.0,0.9761904761904763,1.0,0.9761904761904763,1.0,0.9285714285714287,0.9761904761904763,1.0,1.0,1.0,12
8,3,0.2804192794348603,0.880952380952381,0.9523809523809524,1.0,0.9761904761904763,0.9285714285714287,1.0,0.880952380952381,1.0,0.9047619047619048,1.0,1.0,12
8,3,0.4912088493189072,0.9523809523809524,0.9523809523809524,0.9761904761904763,1.0,0.9761904761904763,1.0,1.0,1.0,1.0,1.0,1.0,12
8,3,0.4555766676893303,0.8333333333333335,0.9047619047619048,0.7857142857142858,0.9761904761904763,0.9047619047619048,1.0,0.9047619047619048,1.0,0.9761904761904763,0.9761904761904763,1.0,13
8,3,0.47161237225834335,0.9047619047619048,0.9047619047619048,0.9761904761904763,0.9523809523809524,0.9285714285714287,0.9523809523809524,0.9285714285714287,0.9761904761904763,1.0,0.9761904761904763,1.0,13
8,3,0.47911470812121837,0.9047619047619048,0.9761904761904763,0.8095238095238096,0.9523809523809524,0.9047619047619048,0.9047619047619048,0.7619047619047621,0.8095238095238096,0.9761904761904763,0.9047619047619048,1.0,13
8,3,0.4613567451248399,0.9761904761904763,0.9761904761904763,0.9761904761904763,1.0,0.9761904761904763,1.0,0.9761904761904763,0.9761904761904763,1.0,0.9761904761904763,1.0,13
8,3,0.3519470215590951,0.7619047619047621,0.7857142857142858,1.0,0.9761904761904763,0.9761904761904763,0.9523809523809524,0.8571428571428572,0.7857142857142858,0.9761904761904763,0.8571428571428572,0.9523809523809524,13
8,3,0.3912302526266858,0.9047619047619048,0.9285714285714287,0.9285714285714287,0.9761904761904763,0.9285714285714287,0.9761904761904763,0.9047619047619048,0.9047619047619048,1.0,0.9523809523809524,0.9761904761904763,13
8,3,0.4961849713352261,0.9523809523809524,0.9523809523809524,0.880952380952381,0.9285714285714287,0.880952380952381,0.9285714285714287,0.9047619047619048,0.9523809523809524,0.9285714285714287,0.880952380952381,1.0,13
8,3,0.45140216791811477,0.9285714285714287,0.9285714285714287,0.9761904761904763,0.9523809523809524,0.9761904761904763,0.9523809523809524,0.9047619047619048,0.880952380952381,1.0,0.9523809523809524,0.9761904761904763,13
8,3,0.393189847479193,0.9761904761904763,0.9523809523809524,0.9761904761904763,1.0,0.9761904761904763,1.0,1.0,0.9761904761904763,1.0,1.0,1.0,14
8,3,0.4525611288918954,0.9285714285714287,0.9285714285714287,0.9761904761904763,1.0,0.9761904761904763,1.0,0.9523809523809524,0.9523809523809524,1.0,1.0,1.0,14
8,3,0.4928200768481816,0.9761904761904763,0.9761904761904763,0.9761904761904763,1.0,0.9761904761904763,1.0,1.0,1.0,1.0,1.0,1.0,14
8,3,0.4953227527289281,1.0,1.0,1.0,1.0,1.0,1.0,0.9761904761904763,0.9761904761904763,1.0,1.0,1.0,14
8,3,0.3635423145361749,0.9761904761904763,0.9761904761904763,1.0,1.0,1.0,1.0,0.9761904761904763,0.9761904761904763,1.0,1.0,1.0,14
8,3,0.3595391095434997,0.9285714285714287,0.9761904761904763,1.0,1.0,1.0,1.0,0.9761904761904763,0.9761904761904763,1.0,1.0,1.0,14
8,3,0.3812938025358295,0.9523809523809524,0.9523809523809524,0.9761904761904763,1.0,0.9761904761904763,1.0,0.9523809523809524,1.0,1.0,1.0,1.0,14
8,3,0.4346191932957377,0.9761904761904763,0.9761904761904763,1.0,1.0,1.0,1.0,1.0,1.0,1.0,1.0,1.0,14
8,3,0.4528177367708566,1.0,1.0,1.0,1.0,1.0,1.0,1.0,1.0,0.9761904761904763,1.0,1.0,15
8,3,0.42501586329782437,1.0,1.0,1.0,1.0,1.0,1.0,1.0,1.0,0.9761904761904763,1.0,1.0,15
8,3,0.4943631270511315,1.0,1.0,1.0,1.0,1.0,1.0,1.0,1.0,1.0,1.0,1.0,15
8,3,0.24748329780135367,0.7619047619047621,0.8333333333333335,0.9523809523809524,0.9523809523809524,0.9761904761904763,1.0,0.8571428571428572,0.9047619047619048,0.9761904761904763,0.9523809523809524,1.0,15
8,3,0.44378269378183915,0.9761904761904763,0.9523809523809524,1.0,0.9761904761904763,1.0,1.0,1.0,0.9761904761904763,0.9761904761904763,1.0,1.0,15
8,3,0.3148231492594686,0.9761904761904763,0.9761904761904763,1.0,1.0,1.0,1.0,1.0,1.0,0.9761904761904763,1.0,1.0,15
8,3,0.48225751584526955,0.9761904761904763,0.9761904761904763,0.9761904761904763,1.0,0.9761904761904763,1.0,1.0,1.0,1.0,1.0,1.0,15
8,3,0.45315082043449845,0.9761904761904763,1.0,0.9761904761904763,1.0,0.9761904761904763,1.0,0.9761904761904763,0.9761904761904763,0.9761904761904763,1.0,1.0,15
8,3,0.414815980766772,0.880952380952381,0.9047619047619048,0.9761904761904763,0.9761904761904763,0.9761904761904763,0.9761904761904763,0.9523809523809524,0.9761904761904763,0.9761904761904763,0.9523809523809524,1.0,16
8,3,0.4324343428619047,0.880952380952381,0.9047619047619048,0.9761904761904763,1.0,0.9761904761904763,0.9761904761904763,0.9285714285714287,0.9285714285714287,1.0,0.9285714285714287,1.0,16
8,3,0.45368051744686844,0.9047619047619048,0.9047619047619048,0.9761904761904763,0.9761904761904763,0.9761904761904763,0.9761904761904763,0.9761904761904763,0.9761904761904763,1.0,0.9761904761904763,1.0,16
8,3,0.4576260361617043,0.9285714285714287,0.9285714285714287,0.9761904761904763,1.0,0.9761904761904763,1.0,0.9761904761904763,0.9761904761904763,1.0,1.0,1.0,16
8,3,0.45756020341194487,0.9761904761904763,0.9285714285714287,0.9523809523809524,1.0,0.9523809523809524,1.0,0.8571428571428572,0.9285714285714287,1.0,0.9761904761904763,1.0,16
8,3,0.45236065643440626,0.9047619047619048,0.9285714285714287,0.9761904761904763,0.9761904761904763,0.9761904761904763,0.9761904761904763,0.9285714285714287,0.9761904761904763,0.9761904761904763,0.9761904761904763,1.0,16
8,3,0.38659648322308277,0.9047619047619048,0.9047619047619048,0.9761904761904763,0.9761904761904763,0.9761904761904763,0.9761904761904763,0.9761904761904763,0.9761904761904763,1.0,0.9761904761904763,1.0,16
8,3,0.34756354945388385,0.6904761904761906,0.7619047619047621,0.9285714285714287,0.9761904761904763,0.9285714285714287,0.9761904761904763,0.7142857142857144,0.880952380952381,0.9761904761904763,0.9523809523809524,1.0,16
8,3,0.2974251152088538,0.9285714285714287,0.9047619047619048,0.6666666666666669,0.9761904761904763,0.7619047619047621,0.9761904761904763,0.5000000000000001,0.6190476190476191,0.9285714285714287,0.7857142857142858,1.0,17
8,3,0.4585322539424043,0.9761904761904763,0.9761904761904763,0.9523809523809524,1.0,0.9523809523809524,1.0,0.9523809523809524,0.9761904761904763,1.0,0.9761904761904763,1.0,17
8,3,0.220362126902098,0.8333333333333335,0.9047619047619048,0.880952380952381,0.9285714285714287,0.9761904761904763,0.9285714285714287,0.7380952380952381,0.9047619047619048,0.9285714285714287,0.9285714285714287,1.0,17
8,3,0.45920669562575367,0.9047619047619048,0.9523809523809524,0.9047619047619048,1.0,0.9047619047619048,1.0,1.0,0.9523809523809524,0.9761904761904763,0.9761904761904763,1.0,17
8,3,0.2042786985804239,0.6666666666666669,0.8095238095238096,0.9047619047619048,1.0,0.880952380952381,0.9047619047619048,0.6666666666666669,0.9047619047619048,0.9285714285714287,0.9761904761904763,1.0,17
8,3,0.3312076246856394,0.880952380952381,0.9523809523809524,0.9285714285714287,0.9761904761904763,0.9047619047619048,1.0,0.8333333333333335,0.880952380952381,0.9523809523809524,0.9285714285714287,1.0,17
8,3,0.24178006865891355,0.8095238095238096,0.8095238095238096,0.9761904761904763,1.0,0.9761904761904763,0.9761904761904763,0.8333333333333335,0.8333333333333335,0.9523809523809524,0.9047619047619048,1.0,17
8,3,0.2640411200277769,0.8333333333333335,0.8333333333333335,0.9285714285714287,0.9761904761904763,0.9285714285714287,0.9761904761904763,0.8333333333333335,0.8333333333333335,0.9523809523809524,0.9047619047619048,1.0,17
8,3,0.4399502889280005,0.9523809523809524,0.9047619047619048,1.0,1.0,1.0,1.0,1.0,0.9761904761904763,1.0,1.0,1.0,18
8,3,0.45106532545631456,0.9761904761904763,0.9761904761904763,1.0,1.0,1.0,1.0,0.9761904761904763,0.9761904761904763,1.0,1.0,1.0,18
8,3,0.4536797537438555,0.9047619047619048,0.9047619047619048,0.9761904761904763,1.0,0.9761904761904763,1.0,0.9523809523809524,0.9047619047619048,1.0,0.9761904761904763,1.0,18
8,3,0.38796554772579306,0.9047619047619048,0.9047619047619048,1.0,0.9761904761904763,1.0,1.0,0.9523809523809524,0.9761904761904763,0.9285714285714287,0.9761904761904763,1.0,18
8,3,0.44163267441936294,0.9047619047619048,0.9047619047619048,1.0,1.0,1.0,1.0,0.9285714285714287,0.9761904761904763,1.0,0.9761904761904763,1.0,18
8,3,0.4829596274697848,0.9761904761904763,0.9761904761904763,1.0,1.0,1.0,1.0,0.9761904761904763,0.9761904761904763,1.0,1.0,1.0,18
8,3,0.41187227955112193,0.9761904761904763,0.9761904761904763,0.9761904761904763,1.0,1.0,1.0,1.0,1.0,1.0,1.0,1.0,18
8,3,0.4393563260335569,0.9761904761904763,1.0,1.0,1.0,1.0,1.0,0.9761904761904763,0.9523809523809524,1.0,1.0,1.0,18
8,3,0.3730195302595644,0.8333333333333335,0.9047619047619048,0.9761904761904763,0.9761904761904763,0.9761904761904763,1.0,0.9761904761904763,0.9761904761904763,0.9047619047619048,0.9761904761904763,1.0,19
8,3,0.4512661969502008,0.7857142857142858,0.7380952380952381,0.9523809523809524,0.9523809523809524,0.9523809523809524,0.9523809523809524,0.9523809523809524,0.9523809523809524,0.9523809523809524,0.9761904761904763,0.9761904761904763,19
8,3,0.45138601497619474,0.7380952380952381,0.7380952380952381,1.0,0.9523809523809524,1.0,0.9761904761904763,0.9761904761904763,0.9523809523809524,0.9523809523809524,0.9761904761904763,1.0,19
8,3,0.4203181974325432,0.7142857142857144,0.7142857142857144,0.9523809523809524,0.9523809523809524,0.9523809523809524,0.9761904761904763,0.9047619047619048,0.9285714285714287,0.9047619047619048,0.9761904761904763,1.0,19
8,3,0.4799143358556027,0.7142857142857144,0.7142857142857144,0.9047619047619048,0.9761904761904763,0.9047619047619048,0.9761904761904763,0.9523809523809524,0.9523809523809524,0.9523809523809524,0.9523809523809524,0.9761904761904763,19
8,3,0.4277211101817226,0.6190476190476191,0.7142857142857144,0.9047619047619048,0.9285714285714287,0.9047619047619048,0.9761904761904763,0.880952380952381,0.9285714285714287,0.9047619047619048,1.0,1.0,19
8,3,0.4709636911879181,0.7857142857142858,0.7857142857142858,0.9523809523809524,0.9761904761904763,0.9523809523809524,0.9761904761904763,0.9523809523809524,0.9761904761904763,0.9523809523809524,0.9761904761904763,1.0,19
8,3,0.3429909226731184,0.9285714285714287,0.9047619047619048,1.0,1.0,0.9761904761904763,1.0,0.9761904761904763,0.9761904761904763,1.0,0.9761904761904763,1.0,19
8,4,0.45522295297804616,0.7857142857142858,0.7857142857142858,0.9523809523809524,0.9761904761904763,0.9523809523809524,0.9761904761904763,0.9523809523809524,0.9761904761904763,0.9761904761904763,1.0,1.0,0
8,4,0.22627384574478757,0.7380952380952381,0.8095238095238096,0.9285714285714287,0.9761904761904763,0.9047619047619048,0.9761904761904763,0.7142857142857144,0.7857142857142858,0.9523809523809524,1.0,1.0,0
8,4,0.45785032484917193,0.9285714285714287,0.9047619047619048,1.0,1.0,1.0,1.0,0.9761904761904763,1.0,1.0,1.0,1.0,0
8,4,0.30454865508307655,0.7380952380952381,0.8095238095238096,0.9285714285714287,0.9761904761904763,0.9285714285714287,1.0,0.6428571428571429,0.7380952380952381,0.9761904761904763,0.9523809523809524,1.0,0
8,4,0.40273847415526304,0.9047619047619048,0.9523809523809524,0.9047619047619048,1.0,0.9285714285714287,1.0,0.9047619047619048,0.9761904761904763,1.0,1.0,1.0,0
8,4,0.29457902892889504,0.9761904761904763,0.9761904761904763,1.0,1.0,0.9761904761904763,0.9761904761904763,1.0,1.0,1.0,1.0,1.0,0
8,4,0.46534116854915764,0.9761904761904763,0.9285714285714287,1.0,1.0,1.0,1.0,1.0,1.0,1.0,1.0,1.0,0
8,4,0.4145872917212221,0.7619047619047621,0.8333333333333335,0.9523809523809524,0.9761904761904763,0.9523809523809524,0.9761904761904763,0.9761904761904763,1.0,0.9761904761904763,1.0,1.0,0
8,4,0.49335909146412354,0.9285714285714287,0.880952380952381,1.0,0.9523809523809524,1.0,0.9523809523809524,0.9523809523809524,0.9523809523809524,1.0,0.9761904761904763,1.0,1
8,4,0.43821697580109925,0.9285714285714287,0.9761904761904763,0.9761904761904763,0.9761904761904763,0.9761904761904763,0.9761904761904763,0.9761904761904763,0.9761904761904763,0.9761904761904763,0.9761904761904763,1.0,1
8,4,0.4912781076228994,0.9761904761904763,0.9523809523809524,1.0,1.0,1.0,1.0,0.9761904761904763,0.9523809523809524,1.0,1.0,1.0,1
8,4,0.40357502693300956,0.9523809523809524,0.9523809523809524,1.0,1.0,1.0,1.0,1.0,1.0,1.0,1.0,1.0,1
8,4,0.46104280512654083,0.7857142857142858,0.8571428571428572,0.9047619047619048,0.9523809523809524,0.9285714285714287,0.9761904761904763,0.880952380952381,0.8571428571428572,0.9761904761904763,0.9523809523809524,1.0,1
8,4,0.4571834179953549,0.9523809523809524,0.9761904761904763,0.9523809523809524,1.0,0.9523809523809524,0.9761904761904763,0.9523809523809524,0.9761904761904763,1.0,1.0,1.0,1
8,4,0.4361979064066593,0.9285714285714287,0.9285714285714287,0.9523809523809524,0.9761904761904763,0.9761904761904763,1.0,0.9285714285714287,0.9285714285714287,0.9761904761904763,0.9761904761904763,1.0,1
8,4,0.47714604985195064,0.8095238095238096,0.880952380952381,0.880952380952381,0.9285714285714287,0.880952380952381,0.9285714285714287,0.8095238095238096,0.880952380952381,0.9523809523809524,0.9285714285714287,1.0,1
8,4,0.3189476160417383,0.6666666666666669,0.7380952380952381,0.880952380952381,0.9761904761904763,0.9285714285714287,1.0,0.5952380952380953,0.6666666666666669,0.9523809523809524,0.7619047619047621,1.0,2
8,4,0.43407719608802436,0.880952380952381,0.880952380952381,0.9761904761904763,0.9761904761904763,0.9761904761904763,0.9761904761904763,0.9285714285714287,0.9761904761904763,0.9761904761904763,0.9761904761904763,1.0,2
8,4,0.37635462211185133,0.9761904761904763,0.9761904761904763,1.0,1.0,1.0,1.0,0.9761904761904763,0.9761904761904763,0.9047619047619048,1.0,0.9761904761904763,2
8,4,0.4228520293596202,0.9285714285714287,0.9047619047619048,1.0,1.0,1.0,1.0,0.9523809523809524,0.9523809523809524,1.0,0.9523809523809524,1.0,2
8,4,0.4952968842285865,0.9523809523809524,0.9523809523809524,0.9761904761904763,0.9761904761904763,0.9761904761904763,0.9761904761904763,0.9761904761904763,0.9285714285714287,1.0,0.9523809523809524,1.0,2
8,4,0.2930439682141148,0.5714285714285715,0.7380952380952381,0.9523809523809524,0.9761904761904763,0.9523809523809524,1.0,0.6190476190476191,0.7142857142857144,0.9285714285714287,0.8095238095238096,1.0,2
8,4,0.4389414960165454,0.9047619047619048,0.9047619047619048,1.0,1.0,1.0,1.0,1.0,1.0,0.9761904761904763,1.0,0.9761904761904763,2
8,4,0.2469738651305622,0.9047619047619048,0.9523809523809524,1.0,1.0,1.0,1.0,0.9761904761904763,0.9761904761904763,0.9761904761904763,1.0,1.0,2
8,4,0.3867968553044172,0.9761904761904763,0.9761904761904763,0.9761904761904763,1.0,0.9761904761904763,1.0,0.9761904761904763,0.9761904761904763,1.0,1.0,1.0,3
8,4,0.45938428511595586,0.9761904761904763,0.9761904761904763,1.0,1.0,1.0,1.0,1.0,1.0,1.0,1.0,1.0,3
8,4,0.12664288672934915,0.7857142857142858,0.9047619047619048,0.8333333333333335,0.9523809523809524,0.8095238095238096,0.9523809523809524,0.7619047619047621,0.880952380952381,0.9523809523809524,0.9523809523809524,0.9761904761904763,3
8,4,0.1319002995085515,0.523809523809524,0.8571428571428572,0.9761904761904763,0.9761904761904763,0.9761904761904763,0.9761904761904763,0.6428571428571429,0.8571428571428572,0.9047619047619048,0.9761904761904763,0.9761904761904763,3
8,4,0.47793107909051774,0.9761904761904763,0.9761904761904763,0.9761904761904763,0.9761904761904763,0.9761904761904763,0.9761904761904763,1.0,1.0,1.0,0.9761904761904763,1.0,3
8,4,0.3883294895621998,0.9761904761904763,0.9761904761904763,1.0,1.0,0.9761904761904763,1.0,0.9523809523809524,0.9761904761904763,1.0,1.0,1.0,3
8,4,0.45949880117290737,0.9285714285714287,0.9761904761904763,0.9285714285714287,0.9761904761904763,0.9285714285714287,0.9761904761904763,0.9285714285714287,0.9761904761904763,1.0,0.9761904761904763,1.0,3
8,4,0.4270723097189353,0.9761904761904763,0.880952380952381,1.0,1.0,0.9761904761904763,1.0,0.9761904761904763,0.9523809523809524,1.0,0.9761904761904763,1.0,3
8,4,0.2088694226587244,0.5714285714285715,0.9047619047619048,0.9047619047619048,0.9761904761904763,0.9047619047619048,0.9523809523809524,0.7380952380952381,0.8571428571428572,0.9523809523809524,0.9047619047619048,1.0,4
8,4,0.2636028094090738,0.7142857142857144,0.7857142857142858,0.9761904761904763,1.0,0.9761904761904763,1.0,0.9047619047619048,0.9285714285714287,0.9523809523809524,0.9523809523809524,1.0,4
8,4,0.3977939932029366,0.9285714285714287,0.9285714285714287,0.9761904761904763,1.0,0.9761904761904763,1.0,0.9285714285714287,0.9047619047619048,0.9761904761904763,1.0,1.0,4
8,4,0.27315111253885205,0.5714285714285715,0.6904761904761906,0.8571428571428572,0.9047619047619048,0.9285714285714287,0.9285714285714287,0.6190476190476191,0.7380952380952381,1.0,0.9047619047619048,1.0,4
8,4,0.4745039525935092,0.9761904761904763,0.9523809523809524,0.9523809523809524,0.9523809523809524,0.9523809523809524,0.9523809523809524,0.9047619047619048,0.9047619047619048,0.9523809523809524,0.9523809523809524,1.0,4
8,4,0.482564322372193,0.9761904761904763,1.0,0.8571428571428572,0.9523809523809524,0.8571428571428572,0.9523809523809524,0.9047619047619048,0.9523809523809524,0.9761904761904763,0.9047619047619048,1.0,4
8,4,0.2927337183270712,1.0,1.0,0.9761904761904763,1.0,0.9761904761904763,1.0,0.9523809523809524,0.9523809523809524,0.9761904761904763,0.9523809523809524,1.0,4
8,4,0.2768070706330205,0.9047619047619048,0.9285714285714287,1.0,1.0,0.9285714285714287,0.9761904761904763,0.9047619047619048,0.9285714285714287,1.0,1.0,1.0,4
8,4,0.22645423551164218,0.9761904761904763,0.9761904761904763,1.0,1.0,1.0,1.0,0.9761904761904763,1.0,0.9761904761904763,1.0,1.0,5
8,4,0.307958696600162,0.8571428571428572,0.8571428571428572,1.0,1.0,0.9523809523809524,1.0,0.9523809523809524,0.9523809523809524,1.0,0.9761904761904763,1.0,5
8,4,0.48455788224496354,0.880952380952381,0.8571428571428572,1.0,1.0,1.0,1.0,0.9761904761904763,0.9523809523809524,1.0,1.0,1.0,5
8,4,0.3604302269686805,0.8095238095238096,0.7857142857142858,0.9761904761904763,1.0,0.9761904761904763,1.0,0.9285714285714287,0.9523809523809524,1.0,0.9761904761904763,1.0,5
8,4,0.3465400811900548,0.9285714285714287,0.880952380952381,0.9761904761904763,1.0,1.0,1.0,0.9285714285714287,1.0,1.0,0.9523809523809524,1.0,5
8,4,0.34025484028081315,0.9761904761904763,1.0,0.9761904761904763,1.0,0.9285714285714287,1.0,0.9761904761904763,1.0,1.0,1.0,1.0,5
8,4,0.1945317394313166,0.7380952380952381,0.7857142857142858,1.0,0.9761904761904763,1.0,1.0,0.8571428571428572,0.9047619047619048,0.9047619047619048,0.9761904761904763,1.0,5
8,4,0.23627985409622543,0.7857142857142858,0.8571428571428572,0.9761904761904763,0.9761904761904763,0.9761904761904763,0.9761904761904763,0.9761904761904763,1.0,1.0,0.9523809523809524,1.0,5
8,4,0.4708439648598974,0.880952380952381,0.8571428571428572,1.0,0.9761904761904763,0.9761904761904763,1.0,0.9761904761904763,0.9523809523809524,1.0,0.9523809523809524,1.0,6
8,4,0.3728166478484256,0.9761904761904763,0.9761904761904763,0.9761904761904763,1.0,0.9761904761904763,1.0,1.0,1.0,0.9761904761904763,1.0,1.0,6
8,4,0.4069067076483829,0.7380952380952381,0.7380952380952381,0.9523809523809524,0.9761904761904763,0.9761904761904763,1.0,0.8333333333333335,0.9047619047619048,1.0,0.9523809523809524,1.0,6
8,4,0.41170348733220563,0.9047619047619048,0.9285714285714287,0.9523809523809524,1.0,0.9761904761904763,1.0,1.0,1.0,0.9761904761904763,1.0,1.0,6
8,4,0.48749482298637326,0.9523809523809524,0.9523809523809524,0.9761904761904763,1.0,0.9761904761904763,0.9761904761904763,0.9523809523809524,0.9047619047619048,1.0,0.9761904761904763,1.0,6
8,4,0.4380832036167764,0.9761904761904763,0.9761904761904763,0.9761904761904763,1.0,0.9761904761904763,1.0,0.9523809523809524,0.9523809523809524,0.9761904761904763,1.0,1.0,6
8,4,0.45174377893938206,0.9761904761904763,0.9761904761904763,0.9761904761904763,0.9761904761904763,0.9761904761904763,0.9761904761904763,0.9761904761904763,1.0,1.0,0.9761904761904763,1.0,6
8,4,0.30055800615313666,0.9047619047619048,0.9047619047619048,0.9285714285714287,0.9761904761904763,0.9761904761904763,1.0,0.9523809523809524,0.9761904761904763,0.9523809523809524,0.9761904761904763,1.0,6
8,4,0.26886636197539526,0.880952380952381,0.880952380952381,0.9761904761904763,1.0,0.9761904761904763,1.0,0.9523809523809524,0.9523809523809524,0.9761904761904763,0.9047619047619048,1.0,7
8,4,0.4804776826601953,0.9047619047619048,0.9761904761904763,0.9523809523809524,0.9523809523809524,0.9523809523809524,0.9761904761904763,0.8095238095238096,0.9285714285714287,1.0,1.0,1.0,7
8,4,0.49291131499647234,0.9047619047619048,0.9047619047619048,1.0,0.9761904761904763,1.0,0.9761904761904763,0.9285714285714287,0.880952380952381,1.0,0.9761904761904763,1.0,7
8,4,0.34795915235065267,0.9285714285714287,0.9285714285714287,0.9523809523809524,1.0,0.9523809523809524,1.0,0.9285714285714287,0.9523809523809524,1.0,1.0,1.0,7
8,4,0.2148128689332325,0.9523809523809524,0.9523809523809524,0.9047619047619048,0.9523809523809524,0.880952380952381,0.9761904761904763,0.9285714285714287,0.9761904761904763,1.0,0.9761904761904763,1.0,7
8,4,0.46468607278522206,0.880952380952381,0.880952380952381,1.0,1.0,1.0,1.0,0.8571428571428572,0.8571428571428572,1.0,1.0,1.0,7
8,4,0.4498873137913078,0.8333333333333335,0.8333333333333335,0.9761904761904763,0.9761904761904763,0.9523809523809524,0.9761904761904763,0.9047619047619048,0.9047619047619048,1.0,0.9047619047619048,1.0,7
8,4,0.26741448062064904,0.7380952380952381,0.8333333333333335,0.7857142857142858,0.7857142857142858,0.7857142857142858,0.7857142857142858,0.6666666666666669,0.7857142857142858,0.9761904761904763,0.7857142857142858,1.0,7
8,4,0.18144563217582785,0.8571428571428572,0.8571428571428572,0.9761904761904763,0.9761904761904763,1.0,1.0,0.9285714285714287,0.9523809523809524,0.9761904761904763,0.9523809523809524,1.0,8
8,4,0.3442464020176359,0.8333333333333335,0.8095238095238096,0.9761904761904763,0.9761904761904763,0.9761904761904763,0.9761904761904763,0.880952380952381,0.9285714285714287,0.9523809523809524,1.0,1.0,8
8,4,0.42678887401888,0.9523809523809524,0.9285714285714287,0.9761904761904763,1.0,1.0,1.0,0.9761904761904763,0.9761904761904763,1.0,0.9761904761904763,1.0,8
8,4,0.35474680690475036,0.880952380952381,0.9285714285714287,0.9047619047619048,1.0,0.9047619047619048,0.9761904761904763,0.9285714285714287,0.9761904761904763,0.9761904761904763,0.9761904761904763,1.0,8
8,4,0.47186192140941463,0.9761904761904763,1.0,1.0,1.0,1.0,1.0,0.9761904761904763,0.9761904761904763,1.0,1.0,1.0,8
8,4,0.47451611385978665,0.9761904761904763,0.9285714285714287,0.9761904761904763,1.0,0.9761904761904763,1.0,0.9523809523809524,0.9761904761904763,1.0,1.0,1.0,8
8,4,0.23258723525871994,0.9285714285714287,0.9523809523809524,0.9761904761904763,1.0,0.9761904761904763,0.9761904761904763,0.9523809523809524,0.9761904761904763,0.9523809523809524,1.0,1.0,8
8,4,0.19339940156370108,0.880952380952381,0.9523809523809524,1.0,1.0,1.0,0.9761904761904763,1.0,1.0,0.9761904761904763,0.9761904761904763,1.0,8
8,4,0.4494178546663834,0.9523809523809524,0.9523809523809524,1.0,1.0,0.9761904761904763,1.0,0.9761904761904763,0.9761904761904763,1.0,1.0,1.0,9
8,4,0.47289790776789026,0.9761904761904763,0.9761904761904763,0.9761904761904763,0.9761904761904763,0.9761904761904763,0.9761904761904763,1.0,1.0,0.9761904761904763,1.0,1.0,9
8,4,0.44169255078709696,0.9761904761904763,0.9761904761904763,0.9761904761904763,1.0,0.9761904761904763,0.9761904761904763,0.9761904761904763,1.0,1.0,1.0,1.0,9
8,4,0.38881812537082505,0.9285714285714287,0.9285714285714287,1.0,1.0,1.0,1.0,0.9285714285714287,0.9761904761904763,1.0,1.0,1.0,9
8,4,0.3812680990296919,0.880952380952381,0.9285714285714287,1.0,1.0,0.9761904761904763,1.0,0.9285714285714287,0.9285714285714287,1.0,0.9761904761904763,1.0,9
8,4,0.3383822365324668,0.9761904761904763,0.9761904761904763,0.9285714285714287,0.9761904761904763,0.9285714285714287,1.0,0.9523809523809524,0.9761904761904763,1.0,0.9761904761904763,1.0,9
8,4,0.3763885373712703,0.9285714285714287,0.9285714285714287,1.0,1.0,1.0,1.0,0.9761904761904763,0.9761904761904763,1.0,0.9523809523809524,1.0,9
8,4,0.2840100707288787,0.9523809523809524,0.9523809523809524,0.9761904761904763,0.9761904761904763,0.9285714285714287,1.0,0.9285714285714287,0.9285714285714287,0.9761904761904763,0.9761904761904763,1.0,9
8,4,0.42801304286299846,0.8571428571428572,0.8571428571428572,0.9761904761904763,1.0,0.9761904761904763,1.0,0.9761904761904763,0.9761904761904763,1.0,1.0,1.0,10
8,4,0.46481016417939386,0.8571428571428572,0.9285714285714287,0.9761904761904763,1.0,0.9761904761904763,1.0,0.9761904761904763,1.0,1.0,1.0,1.0,10
8,4,0.4759163479680676,0.8571428571428572,0.8571428571428572,1.0,1.0,1.0,1.0,0.9761904761904763,0.9761904761904763,1.0,1.0,1.0,10
8,4,0.4841195713581485,0.8333333333333335,0.8571428571428572,1.0,1.0,1.0,1.0,0.9761904761904763,0.9761904761904763,1.0,1.0,1.0,10
8,4,0.46756935682719025,0.8333333333333335,0.8095238095238096,1.0,1.0,1.0,1.0,0.9761904761904763,0.9761904761904763,1.0,1.0,1.0,10
8,4,0.4750395868333706,0.9047619047619048,0.9047619047619048,0.9761904761904763,0.9761904761904763,0.9761904761904763,0.9761904761904763,0.9285714285714287,0.9047619047619048,1.0,0.9761904761904763,1.0,10
8,4,0.4470650329237343,0.9047619047619048,0.9285714285714287,0.9523809523809524,0.9761904761904763,0.9523809523809524,0.9761904761904763,1.0,0.9285714285714287,0.9761904761904763,0.9761904761904763,1.0,10
8,4,0.3282106088647664,0.9761904761904763,0.9285714285714287,0.9761904761904763,1.0,0.9523809523809524,1.0,1.0,0.9761904761904763,0.9047619047619048,1.0,1.0,10
8,4,0.36425739131739504,0.9761904761904763,0.9761904761904763,1.0,1.0,1.0,1.0,0.9761904761904763,1.0,1.0,1.0,1.0,11
8,4,0.40656890634276,1.0,1.0,1.0,1.0,1.0,1.0,1.0,1.0,1.0,1.0,1.0,11
8,4,0.39527531903977386,0.9761904761904763,0.9761904761904763,0.9523809523809524,0.9761904761904763,0.9523809523809524,0.9761904761904763,1.0,1.0,1.0,0.9761904761904763,1.0,11
8,4,0.3097294692840122,0.8333333333333335,0.9523809523809524,0.9761904761904763,1.0,0.9761904761904763,1.0,0.8571428571428572,0.9523809523809524,1.0,0.9761904761904763,1.0,11
8,4,0.49787073736359555,0.9761904761904763,0.9285714285714287,0.9761904761904763,0.9761904761904763,0.9761904761904763,0.9761904761904763,0.9761904761904763,0.9761904761904763,0.9761904761904763,0.9761904761904763,1.0,11
8,4,0.427086453044595,1.0,1.0,1.0,1.0,1.0,1.0,1.0,1.0,1.0,1.0,1.0,11
8,4,0.3760296320114716,0.9047619047619048,0.9761904761904763,0.9761904761904763,0.9761904761904763,0.9761904761904763,0.9761904761904763,0.9285714285714287,0.9761904761904763,1.0,0.9523809523809524,1.0,11
8,4,0.2891206759412145,0.9761904761904763,1.0,1.0,1.0,1.0,1.0,1.0,0.9761904761904763,1.0,0.9761904761904763,1.0,11
8,4,0.44760360111023034,0.880952380952381,0.880952380952381,1.0,1.0,1.0,1.0,0.9523809523809524,0.9523809523809524,1.0,0.9523809523809524,1.0,12
8,4,0.30345088276481713,0.9285714285714287,0.9761904761904763,1.0,1.0,1.0,0.9761904761904763,0.880952380952381,0.9285714285714287,0.9523809523809524,1.0,1.0,12
8,4,0.38637119029818867,0.9285714285714287,0.9285714285714287,0.9761904761904763,1.0,0.9761904761904763,1.0,0.9285714285714287,0.9285714285714287,0.9761904761904763,1.0,1.0,12
8,4,0.2852813382006205,0.880952380952381,0.9285714285714287,0.9047619047619048,0.9761904761904763,0.9047619047619048,0.9761904761904763,0.9047619047619048,0.9285714285714287,0.9047619047619048,0.9523809523809524,1.0,12
8,4,0.3265607198664363,0.7619047619047621,0.8571428571428572,0.9523809523809524,0.9761904761904763,0.9523809523809524,1.0,0.7619047619047621,0.880952380952381,0.9761904761904763,0.9047619047619048,1.0,12
8,4,0.44687924391182127,0.9761904761904763,0.9523809523809524,1.0,1.0,1.0,1.0,0.9761904761904763,0.9761904761904763,0.9761904761904763,1.0,1.0,12
8,4,0.43156265708171565,0.9761904761904763,1.0,0.9761904761904763,1.0,1.0,1.0,1.0,1.0,0.9761904761904763,1.0,1.0,12
8,4,0.3817696129158393,0.8095238095238096,0.8095238095238096,0.9523809523809524,0.9761904761904763,0.9523809523809524,1.0,0.9047619047619048,0.9285714285714287,1.0,0.9523809523809524,1.0,12
8,4,0.22061656984573283,0.8095238095238096,0.880952380952381,1.0,1.0,1.0,1.0,0.9047619047619048,0.9047619047619048,1.0,1.0,1.0,13
8,4,0.4853423749995853,0.9047619047619048,0.9047619047619048,1.0,1.0,1.0,1.0,0.8333333333333335,0.8333333333333335,1.0,1.0,1.0,13
8,4,0.14036452127029447,1.0,0.9047619047619048,0.9761904761904763,1.0,1.0,1.0,1.0,1.0,0.9761904761904763,0.9761904761904763,1.0,13
8,4,0.21613007312350024,0.9285714285714287,0.9761904761904763,0.9523809523809524,0.9523809523809524,0.9523809523809524,0.9523809523809524,0.9047619047619048,0.9523809523809524,0.9285714285714287,0.9523809523809524,1.0,13
8,4,0.3643112274202844,0.9047619047619048,0.9047619047619048,0.9761904761904763,0.9761904761904763,0.9761904761904763,1.0,0.8571428571428572,0.9523809523809524,0.9523809523809524,0.9761904761904763,1.0,13
8,4,0.258558593538454,0.7619047619047621,0.8333333333333335,0.9761904761904763,1.0,0.9523809523809524,0.9761904761904763,0.7142857142857144,0.9285714285714287,0.9761904761904763,1.0,1.0,13
8,4,0.2705952149289914,0.880952380952381,0.9523809523809524,0.9761904761904763,1.0,1.0,0.9761904761904763,0.9285714285714287,1.0,1.0,1.0,1.0,13
8,4,0.3575954002378538,0.7380952380952381,0.8333333333333335,0.9761904761904763,0.9761904761904763,1.0,1.0,0.7857142857142858,0.7857142857142858,0.9761904761904763,0.9761904761904763,1.0,13
8,4,0.4571608736170231,1.0,1.0,1.0,1.0,1.0,1.0,1.0,1.0,1.0,1.0,1.0,14
8,4,0.4280701507389917,0.7619047619047621,0.7857142857142858,0.9761904761904763,1.0,1.0,1.0,0.9285714285714287,0.9761904761904763,1.0,1.0,1.0,14
8,4,0.41411165355775426,0.7142857142857144,0.7142857142857144,0.9523809523809524,1.0,0.9523809523809524,1.0,0.8571428571428572,0.8571428571428572,1.0,0.9761904761904763,1.0,14
8,4,0.40792400185886624,0.7619047619047621,0.9047619047619048,0.9761904761904763,0.9761904761904763,0.9761904761904763,0.9761904761904763,0.9285714285714287,0.9761904761904763,1.0,0.9761904761904763,1.0,14
8,4,0.4227998295414104,0.9761904761904763,0.9761904761904763,1.0,1.0,1.0,1.0,0.9761904761904763,1.0,1.0,1.0,1.0,14
8,4,0.28406714354776924,0.7619047619047621,0.8571428571428572,1.0,1.0,0.9761904761904763,1.0,1.0,1.0,0.9761904761904763,0.9523809523809524,1.0,14
8,4,0.2635210130736966,0.6904761904761906,0.8095238095238096,0.9761904761904763,0.9761904761904763,0.9761904761904763,0.9761904761904763,0.880952380952381,0.9523809523809524,0.9761904761904763,0.9761904761904763,1.0,14
8,4,0.28697833953987195,0.8095238095238096,0.7619047619047621,0.9761904761904763,1.0,1.0,1.0,0.9523809523809524,0.9523809523809524,0.9761904761904763,0.9761904761904763,1.0,14
8,4,0.34865297128998685,0.8571428571428572,0.8571428571428572,0.9285714285714287,0.9285714285714287,0.9285714285714287,1.0,0.9047619047619048,0.8571428571428572,1.0,0.9285714285714287,1.0,15
8,4,0.34558555109104167,0.880952380952381,0.9523809523809524,1.0,1.0,1.0,1.0,0.9761904761904763,0.9761904761904763,1.0,0.9761904761904763,1.0,15
8,4,0.41156449545796553,0.9761904761904763,0.9285714285714287,0.9761904761904763,1.0,0.9761904761904763,1.0,1.0,0.9285714285714287,1.0,1.0,1.0,15
8,4,0.42562521621155247,0.9761904761904763,1.0,0.9761904761904763,0.9761904761904763,0.9761904761904763,0.9761904761904763,0.9761904761904763,0.9761904761904763,0.9761904761904763,0.9523809523809524,1.0,15
8,4,0.4553599209550848,0.8571428571428572,0.9761904761904763,0.9285714285714287,0.9761904761904763,0.9285714285714287,0.9761904761904763,0.8571428571428572,0.9285714285714287,1.0,0.9761904761904763,1.0,15
8,4,0.4662797686561282,0.9285714285714287,0.9285714285714287,0.9761904761904763,1.0,0.9761904761904763,1.0,0.9285714285714287,0.9285714285714287,1.0,0.9761904761904763,1.0,15
8,4,0.24861798049929754,0.8095238095238096,0.8571428571428572,0.9761904761904763,1.0,0.9761904761904763,1.0,0.880952380952381,0.9761904761904763,0.9761904761904763,1.0,1.0,15
8,4,0.3858528368579426,0.7619047619047621,0.7857142857142858,0.9285714285714287,0.9761904761904763,0.9285714285714287,0.9761904761904763,0.7619047619047621,0.7619047619047621,1.0,0.9761904761904763,1.0,15
8,4,0.4434119631965943,0.9523809523809524,0.9761904761904763,0.9761904761904763,1.0,0.9761904761904763,1.0,0.9761904761904763,1.0,1.0,1.0,1.0,16
8,4,0.3083512310032905,0.8571428571428572,0.8571428571428572,0.9761904761904763,1.0,0.9761904761904763,1.0,0.9285714285714287,0.9761904761904763,1.0,1.0,1.0,16
8,4,0.47459875647210414,0.8095238095238096,0.8095238095238096,0.9523809523809524,1.0,0.9523809523809524,1.0,0.9285714285714287,0.9761904761904763,1.0,1.0,1.0,16
8,4,0.4349831592484527,0.9285714285714287,0.9761904761904763,0.880952380952381,0.9285714285714287,0.880952380952381,0.9285714285714287,0.9285714285714287,0.9761904761904763,0.9761904761904763,0.9285714285714287,1.0,16
8,4,0.32711189212677816,0.9047619047619048,0.9047619047619048,0.9285714285714287,0.9761904761904763,0.880952380952381,0.9285714285714287,0.9047619047619048,0.9761904761904763,0.9761904761904763,0.9523809523809524,1.0,16
8,4,0.43972800593098244,0.9047619047619048,0.9047619047619048,0.9523809523809524,0.9523809523809524,0.9523809523809524,0.9523809523809524,0.8095238095238096,0.8333333333333335,0.9523809523809524,1.0,1.0,16
8,4,0.431982602305649,0.9047619047619048,0.9047619047619048,1.0,1.0,0.9761904761904763,1.0,0.9285714285714287,0.9761904761904763,1.0,1.0,1.0,16
8,4,0.40118135776318486,0.8571428571428572,0.8571428571428572,0.9047619047619048,0.9523809523809524,0.9047619047619048,0.9523809523809524,0.8095238095238096,0.8333333333333335,0.9523809523809524,0.880952380952381,1.0,16
8,4,0.3536773838060517,0.9761904761904763,0.9285714285714287,1.0,1.0,1.0,1.0,0.9047619047619048,0.9047619047619048,1.0,1.0,1.0,17
8,4,0.3256173676227522,0.9523809523809524,0.9523809523809524,0.9285714285714287,0.9761904761904763,0.9285714285714287,1.0,0.9761904761904763,0.9523809523809524,1.0,0.9523809523809524,1.0,17
8,4,0.1932106423631465,0.880952380952381,0.9761904761904763,0.7142857142857144,0.9761904761904763,0.7619047619047621,1.0,0.6904761904761906,0.880952380952381,0.9285714285714287,0.9761904761904763,1.0,17
8,4,0.23223759203037475,0.9761904761904763,0.9761904761904763,0.9047619047619048,1.0,0.8571428571428572,0.9761904761904763,0.9047619047619048,0.9047619047619048,0.9761904761904763,0.9047619047619048,1.0,17
8,4,0.4709587577826501,0.7857142857142858,0.9047619047619048,0.880952380952381,1.0,0.880952380952381,1.0,0.9047619047619048,0.9523809523809524,1.0,0.9761904761904763,1.0,17
8,4,0.4366811900163572,0.5476190476190477,0.5714285714285715,0.9761904761904763,1.0,0.9761904761904763,0.9761904761904763,0.8095238095238096,0.7857142857142858,1.0,1.0,1.0,17
8,4,0.33486142470603786,0.880952380952381,0.9523809523809524,0.9047619047619048,0.9761904761904763,0.9047619047619048,0.9761904761904763,0.8571428571428572,0.9523809523809524,0.9761904761904763,0.9523809523809524,1.0,17
8,4,0.4398013767535807,0.9523809523809524,0.9523809523809524,1.0,1.0,1.0,1.0,0.9761904761904763,0.9761904761904763,1.0,0.9761904761904763,1.0,17
8,4,0.4902684539114971,0.9047619047619048,0.9047619047619048,1.0,1.0,1.0,1.0,0.9523809523809524,0.9523809523809524,1.0,1.0,1.0,18
8,4,0.4759713613025123,0.9761904761904763,0.9285714285714287,1.0,1.0,1.0,1.0,0.9761904761904763,0.9761904761904763,1.0,0.9761904761904763,1.0,18
8,4,0.4912265564484844,0.9761904761904763,0.9761904761904763,1.0,1.0,1.0,1.0,1.0,1.0,1.0,1.0,1.0,18
8,4,0.22566971642172062,0.880952380952381,0.9285714285714287,0.9523809523809524,1.0,0.9761904761904763,1.0,0.880952380952381,0.9047619047619048,0.9761904761904763,1.0,1.0,18
8,4,0.49008316051997275,0.9761904761904763,0.9761904761904763,1.0,1.0,1.0,1.0,0.9761904761904763,0.9761904761904763,1.0,1.0,1.0,18
8,4,0.40403905565794235,0.9761904761904763,0.9761904761904763,0.9761904761904763,1.0,0.9761904761904763,1.0,1.0,1.0,1.0,1.0,1.0,18
8,4,0.4880158339050447,0.8571428571428572,0.880952380952381,1.0,1.0,1.0,1.0,0.880952380952381,0.880952380952381,1.0,1.0,1.0,18
8,4,0.47599136787464963,0.9761904761904763,0.9761904761904763,1.0,1.0,1.0,1.0,1.0,1.0,1.0,1.0,1.0,18
8,4,0.17941150111190046,0.4285714285714286,0.7142857142857144,0.9047619047619048,0.9761904761904763,0.8333333333333335,1.0,0.5714285714285715,0.7619047619047621,0.9047619047619048,0.9047619047619048,1.0,19
8,4,0.27554045010134415,0.880952380952381,0.880952380952381,1.0,1.0,0.9761904761904763,1.0,0.9047619047619048,0.9047619047619048,0.9523809523809524,0.9761904761904763,1.0,19
8,4,0.4375038329333693,0.9523809523809524,0.9523809523809524,1.0,1.0,1.0,1.0,0.9761904761904763,1.0,1.0,1.0,1.0,19
8,4,0.3734859823634981,0.6904761904761906,0.7619047619047621,0.9761904761904763,0.9761904761904763,1.0,1.0,0.7380952380952381,0.7380952380952381,0.9761904761904763,0.9523809523809524,1.0,19
8,4,0.2712488730362677,0.880952380952381,0.9523809523809524,0.9523809523809524,1.0,0.9523809523809524,1.0,0.9047619047619048,0.9761904761904763,0.9523809523809524,1.0,1.0,19
8,4,0.42576541245087046,0.9761904761904763,0.9523809523809524,0.9761904761904763,1.0,1.0,1.0,1.0,1.0,1.0,1.0,1.0,19
8,4,0.45073459553374184,0.9761904761904763,0.9761904761904763,1.0,1.0,1.0,0.9761904761904763,1.0,1.0,1.0,1.0,1.0,19
8,4,0.3593193038737528,0.8571428571428572,0.9523809523809524,0.9761904761904763,1.0,0.9523809523809524,1.0,0.9285714285714287,0.9761904761904763,0.9761904761904763,1.0,1.0,19
8,5,0.38443664026335916,0.9761904761904763,0.9761904761904763,0.9761904761904763,0.9761904761904763,0.9761904761904763,0.9761904761904763,1.0,1.0,1.0,0.9761904761904763,1.0,0
8,5,0.2649119715856374,0.9047619047619048,0.9047619047619048,0.9761904761904763,1.0,0.9523809523809524,0.9761904761904763,0.880952380952381,1.0,0.9761904761904763,0.9761904761904763,1.0,0
8,5,0.38846333206958994,1.0,0.9761904761904763,0.9761904761904763,1.0,0.9761904761904763,1.0,0.9761904761904763,0.9761904761904763,1.0,1.0,1.0,0
8,5,0.2991510027391858,0.8571428571428572,0.880952380952381,1.0,1.0,1.0,1.0,0.9523809523809524,0.9285714285714287,1.0,1.0,1.0,0
8,5,0.25310855285790584,0.9761904761904763,0.9761904761904763,0.9761904761904763,0.9761904761904763,0.9761904761904763,0.9761904761904763,0.9761904761904763,0.9761904761904763,0.9761904761904763,0.9761904761904763,1.0,0
8,5,0.2964492121009929,0.9761904761904763,0.9761904761904763,0.9761904761904763,0.9761904761904763,0.9761904761904763,1.0,0.9761904761904763,0.9761904761904763,1.0,0.9761904761904763,1.0,0
8,5,0.4145316667049621,1.0,1.0,1.0,1.0,1.0,1.0,1.0,1.0,1.0,1.0,1.0,0
8,5,0.2615135014471316,0.7142857142857144,0.880952380952381,0.9047619047619048,1.0,0.9285714285714287,0.9047619047619048,0.7142857142857144,0.7857142857142858,0.9047619047619048,0.9047619047619048,1.0,0
8,5,0.24875244940694352,0.8333333333333335,0.880952380952381,0.9761904761904763,1.0,0.9761904761904763,1.0,0.8571428571428572,0.8571428571428572,0.9761904761904763,0.9523809523809524,1.0,1
8,5,0.36979168766705683,0.880952380952381,0.9523809523809524,0.9761904761904763,1.0,0.9761904761904763,1.0,0.9285714285714287,0.9761904761904763,1.0,0.9761904761904763,1.0,1
8,5,0.28365117609255197,0.8571428571428572,0.880952380952381,0.9523809523809524,0.9761904761904763,0.880952380952381,0.9761904761904763,0.8333333333333335,0.9047619047619048,1.0,0.9523809523809524,1.0,1
8,5,0.2005144498348983,0.7619047619047621,0.880952380952381,0.9047619047619048,0.9761904761904763,0.9047619047619048,1.0,0.7380952380952381,0.9285714285714287,1.0,0.9285714285714287,1.0,1
8,5,0.2612200084689755,0.8571428571428572,0.880952380952381,1.0,0.9761904761904763,1.0,1.0,0.9761904761904763,0.9761904761904763,0.9761904761904763,0.9761904761904763,1.0,1
8,5,0.2777109019377899,0.9285714285714287,0.9285714285714287,0.9285714285714287,1.0,0.9523809523809524,1.0,0.9047619047619048,0.9761904761904763,1.0,0.9523809523809524,1.0,1
8,5,0.2951801532624883,0.9523809523809524,0.9761904761904763,0.9761904761904763,0.9761904761904763,0.9523809523809524,1.0,0.9523809523809524,0.9761904761904763,1.0,1.0,1.0,1
8,5,0.32208485383491864,0.880952380952381,0.880952380952381,0.9761904761904763,0.9761904761904763,0.9047619047619048,0.9523809523809524,0.8571428571428572,0.8571428571428572,0.9761904761904763,0.9285714285714287,1.0,1
8,5,0.22318784181743942,0.7619047619047621,0.7857142857142858,1.0,1.0,1.0,1.0,0.9761904761904763,1.0,0.9761904761904763,1.0,1.0,2
8,5,0.12717947492957624,0.7380952380952381,0.8095238095238096,1.0,1.0,0.9285714285714287,1.0,0.7142857142857144,0.8095238095238096,0.9047619047619048,1.0,1.0,2
8,5,0.15775443539916564,0.7619047619047621,0.8333333333333335,0.9047619047619048,0.9523809523809524,0.9523809523809524,0.9523809523809524,0.7380952380952381,0.8333333333333335,0.9761904761904763,0.9761904761904763,1.0,2
8,5,0.29521593923746714,0.7380952380952381,0.7380952380952381,0.9523809523809524,0.9761904761904763,0.9523809523809524,0.9761904761904763,0.9285714285714287,0.9047619047619048,1.0,0.9761904761904763,1.0,2
8,5,0.3717513835453444,0.9761904761904763,0.9523809523809524,0.9761904761904763,1.0,0.9761904761904763,1.0,1.0,1.0,0.9761904761904763,1.0,1.0,2
8,5,0.19582397247208286,0.5476190476190477,0.7619047619047621,0.9761904761904763,0.9761904761904763,1.0,0.9761904761904763,0.5952380952380953,0.9047619047619048,0.9523809523809524,0.9761904761904763,1.0,2
8,5,0.31778754346292326,0.7857142857142858,0.7857142857142858,1.0,1.0,0.9761904761904763,1.0,0.9047619047619048,0.9761904761904763,1.0,0.9523809523809524,1.0,2
8,5,0.46402263099714364,0.9761904761904763,1.0,0.9047619047619048,0.9047619047619048,0.9047619047619048,0.9047619047619048,0.9761904761904763,0.9761904761904763,0.9761904761904763,0.9523809523809524,1.0,2
8,5,0.45634061465057363,0.9523809523809524,0.9761904761904763,1.0,0.9761904761904763,1.0,0.9761904761904763,1.0,0.9761904761904763,0.9761904761904763,0.9761904761904763,1.0,3
8,5,0.47102224437569207,0.9047619047619048,0.880952380952381,0.9285714285714287,0.9285714285714287,0.9285714285714287,0.9285714285714287,0.9285714285714287,0.9285714285714287,0.9761904761904763,0.9285714285714287,1.0,3
8,5,0.38199692905277344,0.9761904761904763,0.9047619047619048,0.9761904761904763,0.9761904761904763,0.9761904761904763,0.9761904761904763,0.9761904761904763,0.9761904761904763,0.9285714285714287,0.9761904761904763,1.0,3
8,5,0.3257276838372836,0.9761904761904763,0.9523809523809524,1.0,0.9761904761904763,0.9761904761904763,0.9761904761904763,1.0,0.9761904761904763,1.0,0.9761904761904763,1.0,3
8,5,0.4383494930628606,0.9285714285714287,0.9523809523809524,0.9523809523809524,1.0,0.9523809523809524,1.0,0.9761904761904763,0.9761904761904763,1.0,1.0,1.0,3
8,5,0.24776367638247057,0.8095238095238096,0.880952380952381,0.9047619047619048,0.9761904761904763,0.9047619047619048,1.0,0.8095238095238096,0.880952380952381,0.9761904761904763,0.9047619047619048,1.0,3
8,5,0.3568576004235475,0.9285714285714287,0.9285714285714287,0.9761904761904763,0.9761904761904763,1.0,1.0,0.9761904761904763,1.0,0.9761904761904763,0.9761904761904763,1.0,3
8,5,0.43577747842997433,0.9285714285714287,0.9285714285714287,1.0,1.0,0.9761904761904763,1.0,0.9523809523809524,0.9761904761904763,1.0,1.0,1.0,3
8,5,0.34840259873268414,0.9285714285714287,0.9047619047619048,1.0,1.0,1.0,1.0,0.9285714285714287,0.9047619047619048,0.9761904761904763,1.0,1.0,4
8,5,0.27602610358493634,0.9761904761904763,0.9523809523809524,0.9523809523809524,0.9761904761904763,1.0,0.9761904761904763,0.9285714285714287,0.9523809523809524,0.9761904761904763,0.9761904761904763,1.0,4
8,5,0.40825783499588536,0.9761904761904763,0.9761904761904763,0.9761904761904763,0.9761904761904763,0.9761904761904763,0.9761904761904763,1.0,1.0,0.9761904761904763,1.0,1.0,4
8,5,0.48657904576310584,0.8333333333333335,0.8333333333333335,0.9761904761904763,1.0,0.9761904761904763,1.0,0.8333333333333335,0.9047619047619048,1.0,1.0,1.0,4
8,5,0.39791842759649965,0.9523809523809524,0.9523809523809524,0.9761904761904763,0.9761904761904763,0.9761904761904763,0.9761904761904763,0.9761904761904763,0.9761904761904763,0.9761904761904763,1.0,1.0,4
8,5,0.3746597715833939,0.9761904761904763,0.9285714285714287,1.0,0.9761904761904763,0.9761904761904763,0.9761904761904763,0.9761904761904763,0.9285714285714287,1.0,0.880952380952381,1.0,4
8,5,0.2993641019519938,0.8571428571428572,0.9285714285714287,0.7857142857142858,0.7857142857142858,0.8571428571428572,0.9285714285714287,0.9285714285714287,0.9285714285714287,0.8333333333333335,0.8571428571428572,0.9761904761904763,4
8,5,0.29515769198244074,0.9761904761904763,1.0,1.0,1.0,1.0,1.0,0.9761904761904763,1.0,0.9761904761904763,1.0,1.0,4
8,5,0.4461970360462104,0.9761904761904763,1.0,0.9047619047619048,0.9761904761904763,0.9047619047619048,1.0,1.0,1.0,0.9761904761904763,1.0,1.0,5
8,5,0.2885565063913446,0.880952380952381,0.9523809523809524,0.9761904761904763,0.9761904761904763,0.9523809523809524,0.9761904761904763,0.9047619047619048,0.9761904761904763,0.9761904761904763,0.9761904761904763,1.0,5
8,5,0.3268536331457939,0.8095238095238096,0.880952380952381,0.9285714285714287,1.0,0.9285714285714287,1.0,0.8095238095238096,0.880952380952381,1.0,1.0,1.0,5
8,5,0.362093275588098,0.9047619047619048,0.9047619047619048,1.0,1.0,0.9761904761904763,1.0,0.9285714285714287,0.9047619047619048,0.9761904761904763,1.0,1.0,5
8,5,0.3363448552887319,0.9761904761904763,0.9761904761904763,0.9761904761904763,0.9761904761904763,0.9761904761904763,0.9761904761904763,0.9523809523809524,0.9761904761904763,1.0,1.0,1.0,5
8,5,0.37226376358835805,0.880952380952381,0.8571428571428572,0.9761904761904763,1.0,0.9761904761904763,0.9761904761904763,0.9047619047619048,0.9523809523809524,1.0,0.9761904761904763,1.0,5
8,5,0.4107165635625953,0.880952380952381,0.9047619047619048,0.9047619047619048,1.0,0.9047619047619048,0.9761904761904763,0.880952380952381,0.9047619047619048,0.9761904761904763,1.0,1.0,5
8,5,0.440941884451477,0.9047619047619048,0.9523809523809524,0.9523809523809524,1.0,0.9523809523809524,1.0,0.9047619047619048,0.9523809523809524,1.0,0.9761904761904763,1.0,5
8,5,0.4713857580104245,0.9761904761904763,0.9761904761904763,1.0,1.0,1.0,1.0,0.9761904761904763,0.9761904761904763,1.0,1.0,1.0,6
8,5,0.3935052877539326,1.0,1.0,0.9761904761904763,1.0,0.9761904761904763,1.0,0.9761904761904763,1.0,1.0,1.0,1.0,6
8,5,0.3301041916288137,0.9761904761904763,0.9761904761904763,1.0,1.0,1.0,1.0,0.9761904761904763,0.9047619047619048,1.0,0.9761904761904763,1.0,6
8,5,0.4401022395738564,0.9761904761904763,0.9761904761904763,1.0,1.0,1.0,1.0,0.9761904761904763,1.0,1.0,1.0,1.0,6
8,5,0.47585563275368303,1.0,1.0,1.0,1.0,1.0,1.0,0.9761904761904763,1.0,1.0,1.0,1.0,6
8,5,0.33596175136445033,0.7619047619047621,0.880952380952381,0.9523809523809524,1.0,0.9523809523809524,1.0,0.8095238095238096,0.880952380952381,1.0,0.9761904761904763,1.0,6
8,5,0.21750676954264334,0.9761904761904763,0.9761904761904763,1.0,1.0,1.0,1.0,0.9523809523809524,0.9523809523809524,1.0,1.0,1.0,6
8,5,0.29405635806029773,0.9761904761904763,0.9761904761904763,0.9761904761904763,0.9761904761904763,0.9761904761904763,1.0,0.9285714285714287,0.9523809523809524,1.0,0.9761904761904763,1.0,6
8,5,0.16486519910563552,0.9047619047619048,0.9523809523809524,0.9761904761904763,1.0,0.9761904761904763,1.0,0.9285714285714287,0.9761904761904763,0.9047619047619048,1.0,1.0,7
8,5,0.23623144711827151,0.9761904761904763,0.9761904761904763,0.9047619047619048,0.9761904761904763,0.9761904761904763,1.0,0.9523809523809524,1.0,0.9047619047619048,0.9285714285714287,1.0,7
8,5,0.24832798760243827,0.880952380952381,0.9047619047619048,0.9523809523809524,0.9761904761904763,0.9523809523809524,0.9761904761904763,0.9523809523809524,0.9761904761904763,0.880952380952381,1.0,1.0,7
8,5,0.2712475125930751,0.9047619047619048,0.9761904761904763,1.0,1.0,1.0,1.0,0.9761904761904763,1.0,0.9047619047619048,1.0,1.0,7
8,5,0.25211168247037513,0.5476190476190477,0.5476190476190477,0.8333333333333335,0.9761904761904763,0.9523809523809524,0.9761904761904763,0.6666666666666669,0.6666666666666669,0.9761904761904763,0.8571428571428572,1.0,7
8,5,0.169960630453806,0.8571428571428572,0.9285714285714287,0.880952380952381,0.9285714285714287,0.9523809523809524,0.9761904761904763,0.9285714285714287,0.9761904761904763,0.8333333333333335,1.0,1.0,7
8,5,0.2877501659660526,0.9047619047619048,0.9047619047619048,1.0,1.0,1.0,1.0,0.9523809523809524,0.9761904761904763,0.8095238095238096,1.0,1.0,7
8,5,0.4777819585522725,0.8571428571428572,0.8333333333333335,0.9761904761904763,0.9761904761904763,0.9761904761904763,1.0,0.9047619047619048,0.880952380952381,1.0,0.9761904761904763,1.0,7
8,5,0.36068438715896833,0.9047619047619048,0.7857142857142858,1.0,1.0,1.0,1.0,0.9523809523809524,0.9761904761904763,1.0,1.0,1.0,8
8,5,0.4394945580535438,0.8333333333333335,0.8333333333333335,1.0,1.0,1.0,1.0,0.9761904761904763,0.9761904761904763,1.0,1.0,1.0,8
8,5,0.28715692469040605,0.8095238095238096,0.8095238095238096,0.9761904761904763,0.9285714285714287,0.9285714285714287,0.9761904761904763,0.9285714285714287,1.0,0.9285714285714287,0.9285714285714287,1.0,8
8,5,0.4004369682689291,0.9047619047619048,0.9523809523809524,0.9523809523809524,0.9761904761904763,0.9523809523809524,1.0,0.8571428571428572,0.9285714285714287,0.9761904761904763,1.0,1.0,8
8,5,0.3272306073442542,0.9285714285714287,0.9047619047619048,1.0,1.0,1.0,1.0,0.9761904761904763,0.9761904761904763,0.9761904761904763,1.0,1.0,8
8,5,0.2871814282098163,0.7619047619047621,0.7857142857142858,1.0,1.0,1.0,1.0,0.8333333333333335,0.8333333333333335,0.9761904761904763,0.9761904761904763,1.0,8
8,5,0.16060290116643164,0.7619047619047621,0.7857142857142858,0.9761904761904763,1.0,0.9761904761904763,1.0,0.880952380952381,0.9047619047619048,0.9761904761904763,1.0,1.0,8
8,5,0.30037970251367335,0.9047619047619048,0.9047619047619048,0.9761904761904763,0.9761904761904763,0.9761904761904763,0.9761904761904763,0.8333333333333335,0.9523809523809524,0.9761904761904763,0.9523809523809524,1.0,8
8,5,0.30306943606148,0.9523809523809524,0.9523809523809524,0.9761904761904763,1.0,1.0,1.0,0.9761904761904763,0.9761904761904763,0.9761904761904763,0.9761904761904763,1.0,9
8,5,0.2348932892782065,0.7619047619047621,0.8333333333333335,0.9285714285714287,1.0,0.9285714285714287,0.9761904761904763,0.9285714285714287,0.9523809523809524,0.9523809523809524,0.9285714285714287,1.0,9
8,5,0.2717762297692122,0.9285714285714287,0.9285714285714287,1.0,1.0,1.0,1.0,0.9761904761904763,0.9761904761904763,0.9761904761904763,1.0,1.0,9
8,5,0.40310585592462744,0.9761904761904763,0.9761904761904763,1.0,1.0,1.0,1.0,1.0,0.9761904761904763,1.0,1.0,1.0,9
8,5,0.25963758474556614,0.9047619047619048,0.9047619047619048,0.9761904761904763,0.9761904761904763,1.0,0.9761904761904763,0.9285714285714287,0.9285714285714287,0.9285714285714287,0.9761904761904763,1.0,9
8,5,0.32706829888710043,0.9523809523809524,0.9761904761904763,0.9285714285714287,0.9761904761904763,0.9285714285714287,1.0,0.9285714285714287,0.9761904761904763,1.0,0.9761904761904763,1.0,9
8,5,0.2964258300440631,0.9285714285714287,0.9285714285714287,1.0,1.0,0.9761904761904763,0.9761904761904763,0.9523809523809524,0.9523809523809524,0.9761904761904763,0.9761904761904763,1.0,9
8,5,0.2650092482229934,0.9285714285714287,0.9523809523809524,0.9761904761904763,1.0,0.9761904761904763,1.0,0.9761904761904763,0.9761904761904763,1.0,0.9761904761904763,1.0,9
8,5,0.150410622467382,0.9047619047619048,0.9523809523809524,0.9047619047619048,0.9761904761904763,0.9047619047619048,0.9761904761904763,0.9047619047619048,0.9523809523809524,0.9523809523809524,0.9285714285714287,1.0,10
8,5,0.40851961452772484,0.8571428571428572,0.8571428571428572,1.0,1.0,0.9761904761904763,0.9761904761904763,0.8571428571428572,0.9285714285714287,0.9761904761904763,0.9761904761904763,1.0,10
8,5,0.23786739849710245,0.8333333333333335,0.8571428571428572,0.9523809523809524,0.9761904761904763,0.9761904761904763,1.0,0.9285714285714287,0.9285714285714287,0.9523809523809524,0.9761904761904763,1.0,10
8,5,0.3198017442680108,1.0,1.0,1.0,0.9761904761904763,1.0,0.9761904761904763,1.0,1.0,1.0,1.0,1.0,10
8,5,0.29009794272302913,0.9761904761904763,0.9761904761904763,0.9761904761904763,1.0,0.9761904761904763,1.0,0.9761904761904763,0.9761904761904763,0.9761904761904763,0.9761904761904763,1.0,10
8,5,0.3413963629677844,0.9761904761904763,0.9761904761904763,0.9761904761904763,0.9761904761904763,0.9523809523809524,0.9761904761904763,0.9761904761904763,0.9761904761904763,0.9523809523809524,0.9761904761904763,1.0,10
8,5,0.4565523612615778,0.8333333333333335,0.8333333333333335,0.8571428571428572,0.880952380952381,0.880952380952381,0.880952380952381,0.880952380952381,0.9047619047619048,0.9761904761904763,0.9047619047619048,1.0,10
8,5,0.31987988389409555,0.880952380952381,0.9047619047619048,0.8571428571428572,0.9761904761904763,0.9523809523809524,0.9761904761904763,0.9047619047619048,0.9285714285714287,0.9285714285714287,0.9761904761904763,1.0,10
8,5,0.2201390223014627,0.8095238095238096,0.8571428571428572,0.9761904761904763,1.0,0.9761904761904763,1.0,0.8333333333333335,0.880952380952381,1.0,0.9761904761904763,1.0,11
8,5,0.21013732904940768,0.7619047619047621,0.8095238095238096,0.9761904761904763,0.9761904761904763,0.9761904761904763,0.9761904761904763,0.9285714285714287,0.880952380952381,1.0,0.9285714285714287,0.9285714285714287,11
8,5,0.12391384443717281,1.0,0.9761904761904763,0.9523809523809524,1.0,0.9523809523809524,1.0,1.0,0.9761904761904763,0.9761904761904763,1.0,1.0,11
8,5,0.15793593355608876,0.6666666666666669,0.7619047619047621,0.9761904761904763,0.9761904761904763,0.9761904761904763,0.9761904761904763,0.6904761904761906,0.7857142857142858,1.0,0.9761904761904763,0.9761904761904763,11
8,5,0.2939609815545571,0.9523809523809524,0.9761904761904763,1.0,1.0,0.9523809523809524,1.0,0.9761904761904763,1.0,1.0,1.0,1.0,11
8,5,0.3572659609250811,1.0,1.0,0.9761904761904763,0.9761904761904763,1.0,0.9761904761904763,1.0,0.9761904761904763,0.9523809523809524,0.9761904761904763,1.0,11
8,5,0.1835070199817916,0.8095238095238096,0.8095238095238096,0.9285714285714287,0.9285714285714287,0.9047619047619048,0.9285714285714287,0.7380952380952381,0.7380952380952381,0.9523809523809524,0.9285714285714287,0.9285714285714287,11
8,5,0.36165353325406285,0.9761904761904763,0.9761904761904763,1.0,1.0,1.0,1.0,0.9761904761904763,0.9761904761904763,0.9761904761904763,0.9761904761904763,1.0,11
8,5,0.4512766660794963,0.9047619047619048,0.9047619047619048,0.9761904761904763,1.0,0.9285714285714287,1.0,0.9761904761904763,0.9761904761904763,1.0,0.9761904761904763,1.0,12
8,5,0.3638709788662909,0.8095238095238096,0.8333333333333335,1.0,1.0,1.0,1.0,0.9761904761904763,1.0,0.9761904761904763,0.9761904761904763,1.0,12
8,5,0.22698974647445527,0.9285714285714287,0.8571428571428572,1.0,0.9761904761904763,1.0,1.0,0.9761904761904763,0.9761904761904763,0.9523809523809524,0.9761904761904763,1.0,12
8,5,0.22497257648856003,0.9047619047619048,0.8571428571428572,1.0,1.0,1.0,1.0,1.0,0.9761904761904763,0.9761904761904763,1.0,1.0,12
8,5,0.40081601866183225,0.7380952380952381,0.7380952380952381,1.0,0.9761904761904763,0.9761904761904763,1.0,0.9047619047619048,0.7619047619047621,1.0,0.9047619047619048,1.0,12
8,5,0.3537569820285066,0.8571428571428572,0.880952380952381,0.880952380952381,1.0,0.880952380952381,0.9761904761904763,0.7857142857142858,0.9523809523809524,1.0,0.9047619047619048,1.0,12
8,5,0.3496597441639579,0.880952380952381,0.880952380952381,0.9285714285714287,1.0,0.9285714285714287,1.0,0.9047619047619048,0.9047619047619048,1.0,0.9761904761904763,1.0,12
8,5,0.20109914138679363,0.8333333333333335,0.8333333333333335,0.9761904761904763,1.0,0.9761904761904763,1.0,0.9761904761904763,0.9761904761904763,0.9761904761904763,1.0,1.0,12
8,5,0.21706044151340903,0.8571428571428572,0.8571428571428572,0.9523809523809524,0.9047619047619048,0.9761904761904763,1.0,0.9523809523809524,0.9523809523809524,0.9285714285714287,0.9047619047619048,1.0,13
8,5,0.25368551899681485,0.9047619047619048,0.9047619047619048,0.9285714285714287,0.9761904761904763,0.9285714285714287,0.9761904761904763,0.9523809523809524,0.9761904761904763,0.9761904761904763,0.9285714285714287,1.0,13
8,5,0.3549611270190627,0.7857142857142858,0.9047619047619048,0.9761904761904763,0.9285714285714287,0.9761904761904763,0.9761904761904763,0.880952380952381,0.9285714285714287,0.9523809523809524,0.9285714285714287,1.0,13
8,5,0.1376613277066504,0.8333333333333335,0.9285714285714287,0.9523809523809524,0.9761904761904763,0.9761904761904763,1.0,0.9047619047619048,0.9523809523809524,0.9285714285714287,0.9523809523809524,1.0,13
8,5,0.39839991443830214,0.8571428571428572,0.9047619047619048,0.8333333333333335,0.9047619047619048,1.0,0.9285714285714287,0.9761904761904763,0.9761904761904763,0.8571428571428572,0.9761904761904763,1.0,13
8,5,0.4322368166860771,0.9047619047619048,0.9047619047619048,0.9523809523809524,0.9761904761904763,0.9523809523809524,0.9761904761904763,0.9523809523809524,0.9761904761904763,1.0,0.9761904761904763,1.0,13
8,5,0.3666082327537154,0.9047619047619048,0.8571428571428572,0.9047619047619048,0.9761904761904763,0.9285714285714287,0.9761904761904763,0.8571428571428572,0.9047619047619048,0.9761904761904763,0.9523809523809524,1.0,13
8,5,0.20556148209163377,0.8095238095238096,0.880952380952381,0.9761904761904763,0.9761904761904763,0.9761904761904763,1.0,0.9523809523809524,0.9523809523809524,0.880952380952381,0.9523809523809524,1.0,13
8,5,0.33925038921492334,0.9761904761904763,1.0,1.0,1.0,1.0,1.0,1.0,1.0,1.0,1.0,1.0,14
8,5,0.49271420801188653,0.8571428571428572,0.8571428571428572,1.0,0.9761904761904763,1.0,0.9761904761904763,0.9761904761904763,0.9761904761904763,0.9761904761904763,1.0,1.0,14
8,5,0.4463161166818239,0.9285714285714287,0.8571428571428572,1.0,1.0,1.0,1.0,1.0,1.0,0.9761904761904763,1.0,1.0,14
8,5,0.401869685054142,0.9761904761904763,0.9523809523809524,1.0,1.0,1.0,1.0,0.9761904761904763,0.9523809523809524,1.0,0.9761904761904763,1.0,14
8,5,0.42230915222759574,0.9047619047619048,0.9285714285714287,0.9523809523809524,1.0,0.9761904761904763,1.0,0.9523809523809524,0.9523809523809524,1.0,1.0,1.0,14
8,5,0.3311584053999241,0.9761904761904763,0.9047619047619048,1.0,1.0,1.0,1.0,0.9761904761904763,0.9285714285714287,1.0,1.0,1.0,14
8,5,0.3080997746243679,0.9285714285714287,0.9523809523809524,0.9761904761904763,0.9761904761904763,0.9761904761904763,0.9761904761904763,0.9523809523809524,0.9523809523809524,1.0,0.9761904761904763,1.0,14
8,5,0.3202375397118346,0.9523809523809524,1.0,0.9761904761904763,1.0,0.9761904761904763,0.9761904761904763,0.9523809523809524,0.9761904761904763,1.0,1.0,1.0,14
8,5,0.27089220846327644,0.9761904761904763,0.9523809523809524,0.9761904761904763,0.9761904761904763,0.9761904761904763,1.0,1.0,0.9761904761904763,0.9047619047619048,1.0,1.0,15
8,5,0.2763050223140634,0.880952380952381,0.9523809523809524,1.0,0.9761904761904763,1.0,1.0,0.880952380952381,0.9523809523809524,0.9047619047619048,1.0,1.0,15
8,5,0.26299077545330257,0.9047619047619048,0.9047619047619048,0.7619047619047621,0.9285714285714287,0.8333333333333335,0.9047619047619048,0.8333333333333335,0.9285714285714287,0.8571428571428572,0.880952380952381,0.9761904761904763,15
8,5,0.4230791346083922,0.9761904761904763,0.9761904761904763,0.9523809523809524,0.9761904761904763,0.9761904761904763,0.9761904761904763,1.0,0.9761904761904763,0.880952380952381,0.9523809523809524,1.0,15
8,5,0.3431457385991759,0.880952380952381,0.9285714285714287,0.9285714285714287,0.9761904761904763,0.9047619047619048,0.9761904761904763,0.9047619047619048,0.9523809523809524,0.9523809523809524,0.9047619047619048,0.9761904761904763,15
8,5,0.4502053798686528,0.9761904761904763,0.9285714285714287,0.9761904761904763,0.9761904761904763,0.9761904761904763,0.9761904761904763,1.0,0.9285714285714287,1.0,0.9761904761904763,1.0,15
8,5,0.383168977943469,0.9047619047619048,0.9047619047619048,0.9047619047619048,0.9047619047619048,0.9285714285714287,0.9285714285714287,0.9285714285714287,0.9047619047619048,0.9285714285714287,0.9285714285714287,0.9761904761904763,15
8,5,0.27636168253908017,0.9523809523809524,0.9523809523809524,1.0,1.0,0.9761904761904763,1.0,0.9761904761904763,0.9761904761904763,0.9047619047619048,1.0,1.0,15
8,5,0.2740880752875727,0.8333333333333335,0.8333333333333335,0.9047619047619048,0.9761904761904763,0.9047619047619048,1.0,0.8333333333333335,0.9047619047619048,0.9761904761904763,0.9761904761904763,1.0,16
8,5,0.2016137271105832,0.9761904761904763,0.9761904761904763,0.9523809523809524,0.9761904761904763,0.9047619047619048,0.9523809523809524,1.0,0.9761904761904763,0.9523809523809524,0.9523809523809524,1.0,16
8,5,0.41615815585409854,0.880952380952381,0.9047619047619048,0.9761904761904763,0.9761904761904763,1.0,0.9761904761904763,0.9047619047619048,0.9523809523809524,0.9523809523809524,1.0,1.0,16
8,5,0.3375687093846196,0.9285714285714287,0.8571428571428572,0.9523809523809524,0.9523809523809524,0.9523809523809524,0.9761904761904763,0.9285714285714287,0.9523809523809524,0.9761904761904763,0.9523809523809524,1.0,16
8,5,0.33223353542943923,0.9523809523809524,0.9523809523809524,0.9761904761904763,0.9761904761904763,0.9761904761904763,0.9761904761904763,0.9285714285714287,0.9761904761904763,0.9523809523809524,1.0,1.0,16
8,5,0.298953527244061,0.9285714285714287,0.9285714285714287,0.9761904761904763,0.9761904761904763,0.9761904761904763,0.9761904761904763,0.9047619047619048,0.9285714285714287,0.9761904761904763,0.9761904761904763,1.0,16
8,5,0.33094207050723445,0.9761904761904763,0.9761904761904763,1.0,0.9761904761904763,1.0,0.9761904761904763,0.9761904761904763,0.9761904761904763,0.9523809523809524,0.9761904761904763,1.0,16
8,5,0.2105394581104045,0.9047619047619048,0.9285714285714287,1.0,1.0,0.9523809523809524,1.0,0.9761904761904763,0.9761904761904763,0.9523809523809524,0.9761904761904763,1.0,16
8,5,0.34028432810352105,0.8095238095238096,0.8095238095238096,0.8571428571428572,0.9761904761904763,0.8333333333333335,0.9761904761904763,0.9047619047619048,0.9523809523809524,1.0,0.9761904761904763,1.0,17
8,5,0.4490693054650009,0.9523809523809524,0.9523809523809524,0.9761904761904763,1.0,0.9761904761904763,1.0,0.9047619047619048,0.9285714285714287,1.0,0.9761904761904763,1.0,17
8,5,0.23988021499124718,0.9761904761904763,0.9523809523809524,0.9761904761904763,0.9761904761904763,0.9761904761904763,0.9761904761904763,1.0,1.0,0.9761904761904763,1.0,1.0,17
8,5,0.3951631170330129,0.9523809523809524,0.9523809523809524,1.0,1.0,1.0,1.0,0.9761904761904763,0.9761904761904763,0.9761904761904763,1.0,1.0,17
8,5,0.2798558031010999,0.7619047619047621,0.8571428571428572,0.8333333333333335,0.9285714285714287,0.8571428571428572,0.9285714285714287,0.7857142857142858,0.9285714285714287,1.0,0.8095238095238096,1.0,17
8,5,0.41012747012947964,0.9523809523809524,0.9761904761904763,0.9761904761904763,1.0,1.0,1.0,1.0,1.0,0.9761904761904763,1.0,1.0,17
8,5,0.2811907370845514,0.9523809523809524,0.9523809523809524,0.9761904761904763,0.9761904761904763,1.0,1.0,0.9761904761904763,0.9761904761904763,0.9761904761904763,1.0,1.0,17
8,5,0.25655790603549977,0.8333333333333335,0.7857142857142858,0.9761904761904763,0.9761904761904763,0.9047619047619048,0.9047619047619048,0.8333333333333335,0.7857142857142858,0.9761904761904763,0.9523809523809524,1.0,17
8,5,0.4395228260355999,0.9285714285714287,0.9523809523809524,1.0,0.9761904761904763,0.9761904761904763,0.9761904761904763,0.9761904761904763,0.9761904761904763,0.9761904761904763,0.9761904761904763,1.0,18
8,5,0.21261228957251607,0.9523809523809524,0.9761904761904763,1.0,1.0,0.9761904761904763,1.0,0.9761904761904763,0.9761904761904763,1.0,1.0,1.0,18
8,5,0.2964647638525041,0.9761904761904763,0.9523809523809524,0.9523809523809524,0.9761904761904763,0.9523809523809524,0.9523809523809524,0.9761904761904763,1.0,0.9761904761904763,0.9761904761904763,1.0,18
8,5,0.22768486192987675,0.8571428571428572,0.8571428571428572,0.9285714285714287,0.9285714285714287,0.9285714285714287,0.9285714285714287,0.8571428571428572,0.8571428571428572,0.9761904761904763,0.9285714285714287,0.9761904761904763,18
8,5,0.39327401848266114,0.9761904761904763,0.9285714285714287,0.9285714285714287,0.9761904761904763,0.9523809523809524,1.0,0.9761904761904763,0.9761904761904763,0.9761904761904763,1.0,1.0,18
8,5,0.2814728009621921,0.9523809523809524,0.9761904761904763,0.9523809523809524,0.9761904761904763,0.9523809523809524,0.9523809523809524,0.9047619047619048,0.9285714285714287,0.9523809523809524,0.9047619047619048,1.0,18
8,5,0.35342558266200474,0.9523809523809524,0.9761904761904763,1.0,1.0,1.0,1.0,0.9761904761904763,0.9761904761904763,1.0,1.0,1.0,18
8,5,0.4841425160965211,1.0,1.0,0.9761904761904763,1.0,0.9761904761904763,1.0,1.0,1.0,1.0,1.0,1.0,18
8,5,0.4857869939843507,0.9047619047619048,0.9047619047619048,0.9285714285714287,1.0,0.9285714285714287,1.0,0.9761904761904763,0.9761904761904763,1.0,0.9761904761904763,1.0,19
8,5,0.4631608871491588,0.9285714285714287,0.9285714285714287,0.9285714285714287,0.9761904761904763,1.0,1.0,0.9761904761904763,0.9761904761904763,0.9761904761904763,1.0,1.0,19
8,5,0.39114144747639057,0.8571428571428572,0.9047619047619048,0.9285714285714287,0.9761904761904763,0.9285714285714287,0.9285714285714287,0.8571428571428572,0.8333333333333335,0.9761904761904763,0.9047619047619048,0.9761904761904763,19
8,5,0.36635996080927047,0.8095238095238096,0.8095238095238096,0.9285714285714287,1.0,0.9285714285714287,0.9761904761904763,0.880952380952381,0.9285714285714287,1.0,0.9761904761904763,1.0,19
8,5,0.24299096357615282,0.9047619047619048,0.9047619047619048,0.9523809523809524,1.0,0.9047619047619048,0.9761904761904763,0.9761904761904763,0.9285714285714287,1.0,1.0,1.0,19
8,5,0.3836046510787729,0.7380952380952381,0.9047619047619048,0.9047619047619048,0.9761904761904763,0.8571428571428572,0.9761904761904763,0.7619047619047621,0.9761904761904763,0.9523809523809524,1.0,1.0,19
8,5,0.34825056693851253,0.9523809523809524,0.9285714285714287,1.0,0.9761904761904763,0.9761904761904763,1.0,0.9761904761904763,1.0,0.9523809523809524,0.9761904761904763,1.0,19
8,5,0.4333386028872625,0.9047619047619048,1.0,1.0,1.0,1.0,0.9761904761904763,0.9761904761904763,0.9761904761904763,0.9761904761904763,1.0,1.0,19
14,3,0.4652333394544917,0.9032967032967033,0.9120879120879121,0.9648351648351648,0.9912087912087912,0.9648351648351648,0.9912087912087912,0.9120879120879121,0.9428571428571428,0.9956043956043955,0.9912087912087912,1.0,0
14,3,0.4927898700471343,0.9076923076923077,0.9120879120879121,0.9648351648351648,0.9824175824175824,0.9648351648351648,0.9824175824175824,0.9516483516483516,0.9604395604395607,0.9956043956043955,0.9824175824175824,1.0,0
14,3,0.4971393408009402,0.9428571428571428,0.8989010989010989,0.9428571428571428,0.9956043956043955,0.9428571428571428,0.9956043956043955,0.9340659340659341,0.956043956043956,1.0,0.9956043956043955,1.0,0
14,3,0.4447177555882209,0.8197802197802198,0.8681318681318682,0.9076923076923077,0.9868131868131869,0.9076923076923077,0.956043956043956,0.8197802197802198,0.8681318681318682,0.9956043956043955,0.9780219780219781,1.0,0
14,3,0.4614019315818909,0.8813186813186813,0.8769230769230769,0.9296703296703297,0.9956043956043955,0.9296703296703297,0.9956043956043955,0.9604395604395607,0.9648351648351648,0.9956043956043955,0.9956043956043955,1.0,0
14,3,0.4479205514655643,0.9208791208791209,0.9120879120879121,0.9648351648351648,0.9956043956043955,0.9120879120879121,0.9956043956043955,0.9296703296703297,0.9340659340659341,0.9868131868131869,0.9780219780219781,1.0,0
14,3,0.46777512182760916,0.9516483516483516,0.9736263736263736,0.9076923076923077,0.956043956043956,0.9076923076923077,0.956043956043956,0.9648351648351648,0.9824175824175824,0.9956043956043955,0.956043956043956,1.0,0
14,3,0.4942267512253035,0.8769230769230769,0.8945054945054945,0.9736263736263736,0.9956043956043955,0.9736263736263736,0.9956043956043955,0.9340659340659341,0.9428571428571428,1.0,0.9956043956043955,1.0,0
14,3,0.48777357752299894,0.9340659340659341,0.9692307692307693,0.9604395604395607,1.0,0.9604395604395607,1.0,0.9472527472527472,0.9516483516483516,1.0,1.0,1.0,1
14,3,0.48413428478920784,0.9252747252747253,0.9428571428571428,0.9340659340659341,0.9824175824175824,0.9340659340659341,0.9824175824175824,0.9516483516483516,0.956043956043956,0.9956043956043955,0.9824175824175824,0.9956043956043955,1
14,3,0.49086137417570386,0.8549450549450549,0.8637362637362638,0.9780219780219781,0.9956043956043955,0.9868131868131869,0.9956043956043955,0.9296703296703297,0.9516483516483516,0.9956043956043955,0.9912087912087912,0.9956043956043955,1
14,3,0.45873735534311155,0.9384615384615385,0.9428571428571428,0.9956043956043955,0.9868131868131869,0.9956043956043955,0.9868131868131869,0.9868131868131869,0.9736263736263736,0.9912087912087912,0.9780219780219781,0.9956043956043955,1
14,3,0.47708578323742445,0.9252747252747253,0.9296703296703297,0.9428571428571428,0.9516483516483516,0.9428571428571428,0.9516483516483516,0.9296703296703297,0.9428571428571428,0.9824175824175824,0.9648351648351648,1.0,1
14,3,0.43011034880666077,0.8989010989010989,0.9076923076923077,0.9604395604395607,0.9780219780219781,0.9604395604395607,0.9780219780219781,0.9472527472527472,0.9780219780219781,0.9956043956043955,0.9824175824175824,0.9956043956043955,1
14,3,0.3438561306833527,0.9164835164835166,0.9340659340659341,0.9912087912087912,0.9956043956043955,0.9956043956043955,1.0,0.9868131868131869,0.9912087912087912,0.9868131868131869,0.9956043956043955,0.9956043956043955,1
14,3,0.4647464582913297,0.9648351648351648,0.9648351648351648,0.9912087912087912,0.9956043956043955,0.9912087912087912,0.9956043956043955,0.9824175824175824,0.9824175824175824,0.9956043956043955,0.9956043956043955,0.9956043956043955,1
14,3,0.12646190141158173,0.7758241758241758,0.8769230769230769,0.9824175824175824,0.9912087912087912,0.9428571428571428,1.0,0.8021978021978022,0.9208791208791209,0.9912087912087912,0.9956043956043955,1.0,2
14,3,0.2798075296374402,0.8285714285714285,0.9032967032967033,0.8945054945054945,0.9648351648351648,0.9296703296703297,0.9736263736263736,0.8505494505494505,0.9208791208791209,0.9472527472527472,0.9296703296703297,1.0,2
14,3,0.36105007013383017,0.8461538461538461,0.8989010989010989,0.9736263736263736,0.9736263736263736,0.9736263736263736,0.9824175824175824,0.8461538461538461,0.9208791208791209,0.9956043956043955,0.9472527472527472,1.0,2
14,3,0.3091990132404698,0.8681318681318682,0.8945054945054945,0.9692307692307693,0.9824175824175824,0.9824175824175824,1.0,0.9120879120879121,0.956043956043956,0.9956043956043955,0.9780219780219781,1.0,2
14,3,0.4557253508072797,0.8813186813186813,0.9032967032967033,0.9868131868131869,0.9956043956043955,0.9736263736263736,0.9912087912087912,0.8989010989010989,0.9428571428571428,0.9956043956043955,0.9912087912087912,1.0,2
14,3,0.4128697467126088,0.7934065934065934,0.832967032967033,0.9824175824175824,0.9956043956043955,0.9824175824175824,0.9956043956043955,0.9296703296703297,0.956043956043956,0.9912087912087912,0.9956043956043955,1.0,2
14,3,0.21263695354903916,0.8725274725274725,0.9384615384615385,0.9428571428571428,0.9736263736263736,0.9340659340659341,0.9912087912087912,0.8637362637362638,0.9208791208791209,0.9780219780219781,0.956043956043956,1.0,2
14,3,0.246448552806728,0.8461538461538461,0.8637362637362638,0.9912087912087912,0.9912087912087912,0.9868131868131869,1.0,0.8813186813186813,0.9428571428571428,0.9956043956043955,0.9868131868131869,1.0,2
14,3,0.46675496229558044,0.9252747252747253,0.9604395604395607,0.9868131868131869,1.0,0.9868131868131869,1.0,0.9648351648351648,0.9868131868131869,1.0,1.0,1.0,3
14,3,0.4970219111952654,0.9384615384615385,0.9516483516483516,0.9956043956043955,0.9956043956043955,0.9956043956043955,0.9956043956043955,0.9956043956043955,0.9868131868131869,1.0,0.9956043956043955,1.0,3
14,3,0.4983440078903022,0.9296703296703297,0.9692307692307693,0.9252747252747253,0.9824175824175824,0.9252747252747253,0.9824175824175824,0.9692307692307693,0.9912087912087912,0.9868131868131869,0.9824175824175824,1.0,3
14,3,0.4599534669816865,0.9340659340659341,0.9428571428571428,0.9824175824175824,0.9956043956043955,0.9824175824175824,0.9956043956043955,0.9692307692307693,0.9912087912087912,0.9956043956043955,0.9956043956043955,1.0,3
14,3,0.4751407570572616,0.9428571428571428,0.9252747252747253,0.9780219780219781,0.9956043956043955,0.9780219780219781,0.9956043956043955,0.9736263736263736,0.9868131868131869,1.0,0.9956043956043955,1.0,3
14,3,0.48989562703732037,0.9384615384615385,0.9472527472527472,0.9736263736263736,0.9868131868131869,0.9736263736263736,0.9868131868131869,0.9164835164835166,0.9516483516483516,0.9956043956043955,0.9868131868131869,1.0,3
14,3,0.4965243976949558,0.9120879120879121,0.9296703296703297,0.956043956043956,0.9912087912087912,0.956043956043956,0.9956043956043955,0.9384615384615385,0.9736263736263736,1.0,0.9912087912087912,1.0,3
14,3,0.4961107654273399,0.9340659340659341,0.9120879120879121,0.9956043956043955,0.9824175824175824,0.9956043956043955,0.9824175824175824,0.9736263736263736,0.9516483516483516,0.9868131868131869,0.9868131868131869,1.0,3
14,3,0.3393060449874128,0.8901098901098902,0.8989010989010989,0.9780219780219781,0.9956043956043955,0.9824175824175824,0.9912087912087912,0.9692307692307693,0.9648351648351648,1.0,0.9956043956043955,1.0,4
14,3,0.46654998443943235,0.8857142857142857,0.8857142857142857,0.8857142857142857,0.9780219780219781,0.8857142857142857,0.9780219780219781,0.8857142857142857,0.9384615384615385,0.9912087912087912,0.9780219780219781,1.0,4
14,3,0.4661654912837554,0.9340659340659341,0.956043956043956,0.9868131868131869,1.0,0.9868131868131869,1.0,0.9384615384615385,0.9516483516483516,1.0,1.0,1.0,4
14,3,0.4863850793129477,0.9692307692307693,0.9692307692307693,0.9956043956043955,1.0,0.9956043956043955,1.0,0.9780219780219781,0.9736263736263736,1.0,1.0,1.0,4
14,3,0.4478790063006288,0.8945054945054945,0.8593406593406594,0.9736263736263736,0.9956043956043955,0.9736263736263736,0.9956043956043955,0.9736263736263736,0.9252747252747253,0.9956043956043955,0.9868131868131869,1.0,4
14,3,0.46484436088447045,0.9164835164835166,0.9340659340659341,0.9780219780219781,0.9780219780219781,0.9780219780219781,0.9780219780219781,0.8725274725274725,0.8945054945054945,0.9912087912087912,0.9780219780219781,1.0,4
14,3,0.38560408983560324,0.8989010989010989,0.8901098901098902,0.9912087912087912,1.0,0.9956043956043955,1.0,0.9868131868131869,0.9912087912087912,1.0,1.0,1.0,4
14,3,0.4566176129351689,0.956043956043956,0.956043956043956,0.9912087912087912,1.0,0.9912087912087912,1.0,0.9648351648351648,0.9296703296703297,1.0,1.0,1.0,4
14,3,0.38992844535970794,0.9252747252747253,0.9428571428571428,0.9516483516483516,0.9912087912087912,0.9692307692307693,1.0,0.9296703296703297,0.9516483516483516,0.9692307692307693,0.9648351648351648,1.0,5
14,3,0.44753152877727387,0.9208791208791209,0.9296703296703297,0.9516483516483516,0.9912087912087912,0.9516483516483516,0.9956043956043955,0.9516483516483516,0.9604395604395607,0.9956043956043955,0.9956043956043955,1.0,5
14,3,0.480560226113223,0.9384615384615385,0.956043956043956,0.9428571428571428,0.9912087912087912,0.9428571428571428,0.9912087912087912,0.9648351648351648,0.9648351648351648,0.9956043956043955,0.9912087912087912,1.0,5
14,3,0.471319372423336,0.9648351648351648,0.9648351648351648,0.9692307692307693,0.9956043956043955,0.9736263736263736,0.9956043956043955,0.9780219780219781,0.9868131868131869,1.0,0.9956043956043955,1.0,5
14,3,0.4003268535232403,0.9736263736263736,0.9780219780219781,0.9472527472527472,0.9868131868131869,0.9252747252747253,0.9868131868131869,0.9472527472527472,0.9604395604395607,0.9780219780219781,0.9516483516483516,1.0,5
14,3,0.47638900555342556,0.9032967032967033,0.9208791208791209,0.956043956043956,0.9868131868131869,0.956043956043956,0.9868131868131869,0.8153846153846154,0.9164835164835166,0.9956043956043955,0.9868131868131869,1.0,5
14,3,0.4864174327219795,0.9340659340659341,0.9604395604395607,0.956043956043956,0.9912087912087912,0.956043956043956,0.9912087912087912,0.8901098901098902,0.9516483516483516,0.9912087912087912,0.9912087912087912,1.0,5
14,3,0.46166954405901567,0.9076923076923077,0.9340659340659341,0.9868131868131869,0.9824175824175824,0.9824175824175824,0.9780219780219781,0.9384615384615385,0.9516483516483516,0.9868131868131869,0.9604395604395607,1.0,5
14,3,0.47542773977055747,0.9340659340659341,0.9428571428571428,0.9604395604395607,0.9956043956043955,0.9384615384615385,0.9912087912087912,0.9384615384615385,0.9296703296703297,0.9956043956043955,0.9780219780219781,1.0,6
14,3,0.24785096612552054,0.7802197802197802,0.8505494505494505,0.9340659340659341,0.9824175824175824,0.9472527472527472,0.9868131868131869,0.9384615384615385,0.9912087912087912,0.9736263736263736,0.9868131868131869,1.0,6
14,3,0.25380317610064235,0.7758241758241758,0.8681318681318682,0.9252747252747253,0.9736263736263736,0.956043956043956,0.9736263736263736,0.7846153846153847,0.8241758241758241,0.9780219780219781,0.9340659340659341,1.0,6
14,3,0.4511036950328032,0.7714285714285714,0.8109890109890111,1.0,1.0,0.9956043956043955,1.0,0.9868131868131869,0.9604395604395607,0.9956043956043955,1.0,1.0,6
14,3,0.3265619114063638,0.7098901098901099,0.8109890109890111,0.7978021978021977,0.9956043956043955,0.7714285714285714,0.9780219780219781,0.5384615384615385,0.8065934065934066,0.9868131868131869,0.956043956043956,1.0,6
14,3,0.4086186535301955,0.8813186813186813,0.8901098901098902,0.9648351648351648,0.9824175824175824,0.9692307692307693,0.9824175824175824,0.9604395604395607,0.9648351648351648,0.9912087912087912,0.9824175824175824,1.0,6
14,3,0.48687203346698077,0.8153846153846154,0.8769230769230769,0.9824175824175824,0.9912087912087912,0.9780219780219781,0.9956043956043955,0.9736263736263736,0.9912087912087912,0.9956043956043955,1.0,1.0,6
14,3,0.4564749372923275,0.832967032967033,0.8857142857142857,0.9340659340659341,0.9604395604395607,0.9208791208791209,0.9604395604395607,0.767032967032967,0.7538461538461538,0.9736263736263736,0.9296703296703297,1.0,6
14,3,0.46873079859854017,0.9736263736263736,0.9384615384615385,0.9912087912087912,0.9824175824175824,0.9912087912087912,0.9780219780219781,0.9472527472527472,0.8901098901098902,0.9912087912087912,0.9824175824175824,1.0,7
14,3,0.44179320535279865,0.8285714285714285,0.7802197802197802,0.9648351648351648,0.9868131868131869,0.9516483516483516,0.9912087912087912,0.8769230769230769,0.7934065934065934,1.0,0.9868131868131869,1.0,7
14,3,0.4556755676453142,0.8857142857142857,0.9120879120879121,0.8989010989010989,0.9472527472527472,0.9032967032967033,0.9428571428571428,0.8989010989010989,0.9340659340659341,0.9824175824175824,0.9472527472527472,1.0,7
14,3,0.4822308136526414,0.8549450549450549,0.8725274725274725,0.9428571428571428,0.8989010989010989,0.9428571428571428,0.8989010989010989,0.8197802197802198,0.7582417582417583,0.9868131868131869,0.8989010989010989,1.0,7
14,3,0.4628966350533151,0.6615384615384616,0.6879120879120879,0.8989010989010989,0.9736263736263736,0.8857142857142857,0.9736263736263736,0.8153846153846154,0.7890109890109891,0.9912087912087912,0.9736263736263736,1.0,7
14,3,0.47484463444401287,0.7538461538461538,0.7846153846153847,0.8945054945054945,0.9824175824175824,0.8945054945054945,0.9824175824175824,0.8945054945054945,0.9032967032967033,0.9912087912087912,0.9780219780219781,1.0,7
14,3,0.47220431732404233,0.9076923076923077,0.8813186813186813,0.8769230769230769,0.9604395604395607,0.8769230769230769,0.9692307692307693,0.6923076923076923,0.7318681318681319,0.9912087912087912,0.9604395604395607,1.0,7
14,3,0.44235239261451537,0.5032967032967033,0.5780219780219781,0.8989010989010989,0.9428571428571428,0.8989010989010989,0.9428571428571428,0.7406593406593407,0.8461538461538461,0.9780219780219781,0.9428571428571428,1.0,7
14,3,0.327203410596175,0.9208791208791209,0.9164835164835166,0.9868131868131869,0.9912087912087912,0.9736263736263736,0.9868131868131869,0.8945054945054945,0.8725274725274725,0.9912087912087912,0.9912087912087912,1.0,8
14,3,0.42613015070995774,0.9252747252747253,0.9340659340659341,0.9472527472527472,0.9956043956043955,0.9472527472527472,0.9956043956043955,0.8417582417582418,0.8593406593406594,1.0,0.9956043956043955,1.0,8
14,3,0.34429822946813693,0.8945054945054945,0.9296703296703297,0.9516483516483516,0.9956043956043955,0.9516483516483516,0.9956043956043955,0.8769230769230769,0.8813186813186813,0.9956043956043955,1.0,1.0,8
14,3,0.467778142211915,0.9428571428571428,0.9384615384615385,0.9912087912087912,1.0,0.9868131868131869,1.0,0.9076923076923077,0.9120879120879121,1.0,1.0,1.0,8
14,3,0.3820802953676766,0.9780219780219781,0.9516483516483516,0.9340659340659341,0.9736263736263736,0.9120879120879121,0.9692307692307693,0.9472527472527472,0.9472527472527472,0.9956043956043955,0.9736263736263736,1.0,8
14,3,0.48562733017966964,0.9252747252747253,0.9120879120879121,0.9692307692307693,0.9780219780219781,0.9692307692307693,0.9780219780219781,0.9252747252747253,0.9296703296703297,0.9912087912087912,0.9780219780219781,1.0,8
14,3,0.40783763339578055,0.9648351648351648,0.9780219780219781,0.9516483516483516,0.9912087912087912,0.9604395604395607,0.9912087912087912,0.9648351648351648,0.9692307692307693,1.0,0.9912087912087912,1.0,8
14,3,0.42883498638850737,0.9692307692307693,0.9912087912087912,0.9648351648351648,0.9912087912087912,0.9648351648351648,0.9956043956043955,0.9780219780219781,0.9956043956043955,1.0,0.9956043956043955,1.0,8
14,3,0.42531569245079953,0.9912087912087912,0.9868131868131869,0.9780219780219781,0.9824175824175824,0.9780219780219781,0.9824175824175824,0.9604395604395607,0.956043956043956,0.9956043956043955,0.9780219780219781,1.0,9
14,3,0.3907263171798198,0.9472527472527472,0.956043956043956,0.9208791208791209,0.9648351648351648,0.8989010989010989,0.9692307692307693,0.9384615384615385,0.9604395604395607,0.9868131868131869,0.956043956043956,1.0,9
14,3,0.4866312063464786,0.9252747252747253,0.9296703296703297,0.956043956043956,0.9692307692307693,0.956043956043956,0.9692307692307693,0.8769230769230769,0.8857142857142857,0.9736263736263736,0.9692307692307693,1.0,9
14,3,0.46604686460431066,0.8241758241758241,0.9164835164835166,0.9428571428571428,0.9604395604395607,0.9428571428571428,0.9604395604395607,0.9076923076923077,0.9252747252747253,0.9780219780219781,0.9736263736263736,1.0,9
14,3,0.43967102042276457,0.9252747252747253,0.9120879120879121,0.9736263736263736,0.9868131868131869,0.9824175824175824,0.9868131868131869,0.9604395604395607,0.9604395604395607,0.9956043956043955,0.9868131868131869,1.0,9
14,3,0.4435216369585991,0.956043956043956,0.9780219780219781,0.9428571428571428,0.9824175824175824,0.9428571428571428,0.9824175824175824,0.8373626373626375,0.8813186813186813,0.9912087912087912,0.9824175824175824,1.0,9
14,3,0.4217052677074604,0.9384615384615385,0.9736263736263736,0.9384615384615385,0.9692307692307693,0.9384615384615385,0.9692307692307693,0.9032967032967033,0.9472527472527472,0.9736263736263736,0.9692307692307693,1.0,9
14,3,0.4299251902969318,0.9340659340659341,0.9472527472527472,0.956043956043956,0.9692307692307693,0.956043956043956,0.9692307692307693,0.9692307692307693,0.956043956043956,0.9956043956043955,0.9692307692307693,1.0,9
14,3,0.4063676940029702,0.9472527472527472,0.9208791208791209,0.9824175824175824,0.9780219780219781,0.9692307692307693,0.9956043956043955,0.9692307692307693,0.9120879120879121,0.9780219780219781,0.9780219780219781,1.0,10
14,3,0.4569900412726589,0.9296703296703297,0.9516483516483516,0.9120879120879121,0.9956043956043955,0.9120879120879121,0.9956043956043955,0.8725274725274725,0.9340659340659341,0.9956043956043955,0.9956043956043955,0.9956043956043955,10
14,3,0.34564263711236204,0.9252747252747253,0.9296703296703297,0.9780219780219781,0.9956043956043955,0.9736263736263736,1.0,0.9428571428571428,0.9472527472527472,1.0,0.9956043956043955,1.0,10
14,3,0.45275482037174336,0.9428571428571428,0.9340659340659341,0.956043956043956,1.0,0.956043956043956,1.0,0.9516483516483516,0.9648351648351648,1.0,1.0,1.0,10
14,3,0.43715906112836084,0.8153846153846154,0.8681318681318682,0.9252747252747253,0.9912087912087912,0.9208791208791209,0.9912087912087912,0.8197802197802198,0.8681318681318682,0.9912087912087912,0.9780219780219781,0.9956043956043955,10
14,3,0.48791549582560434,0.9032967032967033,0.9208791208791209,0.9692307692307693,0.9956043956043955,0.9692307692307693,0.9956043956043955,0.9208791208791209,0.9516483516483516,1.0,0.9956043956043955,1.0,10
14,3,0.39319434046598356,0.9208791208791209,0.9208791208791209,0.9604395604395607,0.9736263736263736,0.9692307692307693,0.9736263736263736,0.9164835164835166,0.9516483516483516,0.9736263736263736,0.9868131868131869,1.0,10
14,3,0.45667968985386986,0.9252747252747253,0.9516483516483516,0.9604395604395607,1.0,0.9604395604395607,0.9956043956043955,0.9692307692307693,1.0,1.0,0.9956043956043955,1.0,10
14,3,0.48884184834850275,0.9296703296703297,0.9604395604395607,0.9604395604395607,0.9912087912087912,0.9604395604395607,0.9912087912087912,0.8417582417582418,0.8857142857142857,0.9912087912087912,0.9824175824175824,1.0,11
14,3,0.3065139931144101,0.7714285714285714,0.8417582417582418,0.9340659340659341,0.9604395604395607,0.9296703296703297,0.956043956043956,0.7098901098901099,0.8681318681318682,0.9780219780219781,0.9516483516483516,1.0,11
14,3,0.4840077401294476,0.956043956043956,0.9472527472527472,0.9692307692307693,0.9824175824175824,0.9692307692307693,0.9824175824175824,0.9516483516483516,0.9164835164835166,0.9868131868131869,0.9736263736263736,1.0,11
14,3,0.4254522972256106,0.9604395604395607,0.9604395604395607,0.9648351648351648,0.9824175824175824,0.9824175824175824,0.9956043956043955,0.9516483516483516,0.9252747252747253,0.9956043956043955,0.9780219780219781,1.0,11
14,3,0.4234533512046874,0.9736263736263736,0.9736263736263736,0.9780219780219781,0.9824175824175824,0.9692307692307693,0.9780219780219781,0.9252747252747253,0.9296703296703297,0.9956043956043955,0.9780219780219781,1.0,11
14,3,0.44113097859772404,0.956043956043956,0.9604395604395607,0.9868131868131869,0.9736263736263736,0.9868131868131869,0.9736263736263736,0.9428571428571428,0.9604395604395607,0.9780219780219781,0.9736263736263736,1.0,11
14,3,0.3899146729807379,0.9120879120879121,0.9472527472527472,0.9516483516483516,0.9780219780219781,0.9604395604395607,0.9868131868131869,0.7758241758241758,0.7890109890109891,0.9912087912087912,0.9648351648351648,1.0,11
14,3,0.3887149980600654,0.9340659340659341,0.9472527472527472,0.9604395604395607,0.9780219780219781,0.9604395604395607,0.9912087912087912,0.7538461538461538,0.8373626373626375,0.9824175824175824,0.9516483516483516,1.0,11
14,3,0.4851930042807726,0.9252747252747253,0.9428571428571428,0.9780219780219781,1.0,0.9780219780219781,1.0,0.956043956043956,0.9428571428571428,0.9824175824175824,1.0,1.0,12
14,3,0.32480820838385005,0.8153846153846154,0.8945054945054945,0.9384615384615385,0.9868131868131869,0.9164835164835166,0.9736263736263736,0.8065934065934066,0.8725274725274725,0.9912087912087912,0.9780219780219781,1.0,12
14,3,0.47984539885323535,0.9428571428571428,0.9780219780219781,0.9516483516483516,0.9956043956043955,0.9516483516483516,0.9956043956043955,0.9824175824175824,0.9780219780219781,0.9956043956043955,0.9956043956043955,1.0,12
14,3,0.29588177191105036,0.8945054945054945,0.9296703296703297,0.9604395604395607,0.9648351648351648,0.956043956043956,0.9956043956043955,0.8945054945054945,0.9736263736263736,0.956043956043956,0.9736263736263736,1.0,12
14,3,0.4653826502123397,0.8153846153846154,0.8285714285714285,0.8945054945054945,0.9956043956043955,0.8945054945054945,0.9956043956043955,0.8593406593406594,0.9208791208791209,1.0,0.9912087912087912,1.0,12
14,3,0.45270481064187534,0.9736263736263736,0.9692307692307693,0.9824175824175824,0.9912087912087912,0.9736263736263736,0.9912087912087912,0.9780219780219781,0.9912087912087912,0.9824175824175824,0.9912087912087912,1.0,12
14,3,0.4980777284143022,0.9164835164835166,0.9472527472527472,0.9868131868131869,0.9956043956043955,0.9868131868131869,0.9912087912087912,0.956043956043956,0.9648351648351648,0.9956043956043955,0.9956043956043955,1.0,12
14,3,0.49855633138771677,0.8989010989010989,0.8989010989010989,0.9516483516483516,0.9868131868131869,0.9516483516483516,0.9868131868131869,0.9384615384615385,0.9296703296703297,0.9956043956043955,0.9868131868131869,1.0,12
14,3,0.44558766061709054,0.8021978021978022,0.8901098901098902,0.8109890109890111,0.9384615384615385,0.9120879120879121,0.9692307692307693,0.8549450549450549,0.8461538461538461,0.9384615384615385,0.956043956043956,0.9956043956043955,13
14,3,0.4313157335382215,0.7934065934065934,0.8461538461538461,0.956043956043956,0.9604395604395607,0.9516483516483516,0.9648351648351648,0.8021978021978022,0.7846153846153847,0.9648351648351648,0.9648351648351648,0.9956043956043955,13
14,3,0.4615818915737941,0.9472527472527472,0.9428571428571428,0.7362637362637363,0.9164835164835166,0.6879120879120879,0.8813186813186813,0.8197802197802198,0.8769230769230769,0.9472527472527472,0.8681318681318682,1.0,13
14,3,0.4958723929474071,0.8549450549450549,0.8989010989010989,0.9428571428571428,0.9868131868131869,0.9428571428571428,0.9868131868131869,0.7934065934065934,0.7582417582417583,0.9956043956043955,0.9868131868131869,0.9956043956043955,13
14,3,0.47302528325212945,0.8989010989010989,0.9032967032967033,0.8593406593406594,0.9912087912087912,0.9032967032967033,0.9868131868131869,0.8593406593406594,0.8593406593406594,0.9912087912087912,0.9736263736263736,0.9956043956043955,13
14,3,0.4815154466321931,0.8989010989010989,0.9340659340659341,0.9648351648351648,0.9912087912087912,0.9648351648351648,0.9912087912087912,0.9384615384615385,0.9736263736263736,0.9956043956043955,0.9912087912087912,0.9956043956043955,13
14,3,0.39393259733076197,0.8373626373626375,0.8945054945054945,0.7714285714285714,0.9472527472527472,0.8285714285714285,0.9604395604395607,0.7142857142857143,0.9472527472527472,1.0,0.9164835164835166,0.9956043956043955,13
14,3,0.4536909105026715,0.9384615384615385,0.8593406593406594,0.8153846153846154,0.9076923076923077,0.8109890109890111,0.8945054945054945,0.8461538461538461,0.7538461538461538,0.956043956043956,0.9340659340659341,1.0,13
14,3,0.4833870892752277,0.7406593406593407,0.7582417582417583,0.9516483516483516,0.9912087912087912,0.9516483516483516,0.9912087912087912,0.9516483516483516,0.9384615384615385,0.9956043956043955,0.9912087912087912,1.0,14
14,3,0.4761047338670313,0.8989010989010989,0.8549450549450549,0.9868131868131869,1.0,0.9868131868131869,1.0,0.9472527472527472,0.9472527472527472,1.0,1.0,1.0,14
14,3,0.4991964906507199,0.9296703296703297,0.9208791208791209,0.9824175824175824,0.9956043956043955,0.9824175824175824,0.9956043956043955,0.9384615384615385,0.9428571428571428,1.0,0.9956043956043955,0.9956043956043955,14
14,3,0.4696022482290725,0.8417582417582418,0.8021978021978022,0.9648351648351648,0.9956043956043955,0.9648351648351648,0.9912087912087912,0.956043956043956,0.9824175824175824,1.0,0.9868131868131869,1.0,14
14,3,0.4663486948717507,0.9472527472527472,0.9252747252747253,0.956043956043956,0.9868131868131869,0.956043956043956,0.9868131868131869,0.9692307692307693,0.9736263736263736,1.0,0.9824175824175824,0.9956043956043955,14
14,3,0.38468702030891194,0.9296703296703297,0.9428571428571428,0.9912087912087912,0.9956043956043955,0.9780219780219781,1.0,0.9868131868131869,0.9868131868131869,0.9868131868131869,0.9956043956043955,1.0,14
14,3,0.44050117360899665,0.9516483516483516,0.956043956043956,0.9472527472527472,0.9780219780219781,0.9472527472527472,0.9780219780219781,0.9428571428571428,0.9692307692307693,0.9956043956043955,0.9780219780219781,1.0,14
14,3,0.4798697289602792,0.9208791208791209,0.9208791208791209,0.9780219780219781,1.0,0.9780219780219781,1.0,0.9692307692307693,0.9384615384615385,1.0,1.0,0.9956043956043955,14
14,3,0.4593064055362468,0.9032967032967033,0.9472527472527472,0.9648351648351648,1.0,0.9648351648351648,1.0,0.9604395604395607,0.9824175824175824,1.0,1.0,1.0,15
14,3,0.4912711190473159,0.9208791208791209,0.9208791208791209,0.9736263736263736,0.9956043956043955,0.9736263736263736,0.9956043956043955,0.9472527472527472,0.9604395604395607,1.0,1.0,1.0,15
14,3,0.49272001434997487,0.8637362637362638,0.8373626373626375,1.0,1.0,1.0,1.0,0.9692307692307693,0.9824175824175824,1.0,1.0,1.0,15
14,3,0.48795006289229587,0.8901098901098902,0.9296703296703297,0.9604395604395607,0.9956043956043955,0.9604395604395607,0.9956043956043955,0.9516483516483516,0.9648351648351648,1.0,0.9956043956043955,1.0,15
14,3,0.47254308807562595,0.9428571428571428,0.9648351648351648,0.9824175824175824,0.9956043956043955,0.9824175824175824,0.9956043956043955,0.9472527472527472,0.9604395604395607,1.0,0.9956043956043955,1.0,15
14,3,0.47524333638776384,0.8813186813186813,0.9032967032967033,0.9736263736263736,0.9780219780219781,0.9736263736263736,0.9780219780219781,0.9428571428571428,0.9384615384615385,0.9956043956043955,0.9780219780219781,1.0,15
14,3,0.4972790495502293,0.956043956043956,0.9208791208791209,0.9912087912087912,1.0,0.9912087912087912,1.0,0.9604395604395607,0.9516483516483516,1.0,1.0,1.0,15
14,3,0.4948228395547822,0.9076923076923077,0.9648351648351648,0.9824175824175824,0.9868131868131869,0.9824175824175824,0.9868131868131869,0.9472527472527472,0.9736263736263736,0.9956043956043955,0.9868131868131869,1.0,15
14,3,0.44452198158334977,0.9428571428571428,0.9692307692307693,0.9472527472527472,0.9912087912087912,0.9428571428571428,0.9956043956043955,0.9472527472527472,0.9780219780219781,0.9912087912087912,0.9956043956043955,1.0,16
14,3,0.2883349614989016,0.8945054945054945,0.9208791208791209,0.9692307692307693,0.9956043956043955,0.9824175824175824,0.9912087912087912,0.8637362637362638,0.9296703296703297,0.9780219780219781,0.9956043956043955,1.0,16
14,3,0.4278135192205916,0.9340659340659341,0.9736263736263736,0.9736263736263736,0.9956043956043955,0.9780219780219781,1.0,0.9516483516483516,0.956043956043956,1.0,0.9956043956043955,1.0,16
14,3,0.47937311965382917,0.9384615384615385,0.9472527472527472,0.9252747252747253,0.9956043956043955,0.9252747252747253,0.9956043956043955,0.9032967032967033,0.9164835164835166,0.9956043956043955,0.9956043956043955,1.0,16
14,3,0.45876491709082484,0.8725274725274725,0.8813186813186813,0.8813186813186813,0.9648351648351648,0.8813186813186813,0.9516483516483516,0.9120879120879121,0.9296703296703297,0.9868131868131869,0.9692307692307693,1.0,16
14,3,0.4065415926029958,0.9384615384615385,0.9516483516483516,0.9164835164835166,0.9604395604395607,0.9164835164835166,0.956043956043956,0.9428571428571428,0.9472527472527472,0.9824175824175824,0.956043956043956,1.0,16
14,3,0.19769600346492755,0.8725274725274725,0.9340659340659341,0.9164835164835166,0.9824175824175824,0.9252747252747253,0.9868131868131869,0.7846153846153847,0.8769230769230769,0.9736263736263736,0.9824175824175824,1.0,16
14,3,0.3309115681657945,0.9428571428571428,0.9384615384615385,0.9692307692307693,0.9868131868131869,0.9692307692307693,0.9868131868131869,0.9252747252747253,0.9472527472527472,0.9912087912087912,0.9868131868131869,1.0,16
14,3,0.3428131910731019,0.9604395604395607,0.9604395604395607,0.9956043956043955,0.9912087912087912,0.9692307692307693,0.9956043956043955,0.9604395604395607,0.9516483516483516,0.9956043956043955,0.9868131868131869,1.0,17
14,3,0.4362581220949023,0.9164835164835166,0.9428571428571428,0.9384615384615385,1.0,0.9120879120879121,0.9824175824175824,0.9252747252747253,0.9604395604395607,0.9956043956043955,1.0,1.0,17
14,3,0.4582890547630791,0.9780219780219781,0.9736263736263736,0.9252747252747253,0.9780219780219781,0.9252747252747253,0.9824175824175824,0.9384615384615385,0.956043956043956,0.9956043956043955,0.9824175824175824,0.9956043956043955,17
14,3,0.37513330179672855,0.8681318681318682,0.8989010989010989,0.9340659340659341,0.9824175824175824,0.9164835164835166,0.9912087912087912,0.8989010989010989,0.9340659340659341,0.9912087912087912,0.9824175824175824,1.0,17
14,3,0.39501480659158783,0.8769230769230769,0.9032967032967033,0.9648351648351648,0.9956043956043955,0.9384615384615385,1.0,0.9252747252747253,0.9604395604395607,1.0,0.9912087912087912,1.0,17
14,3,0.4692881019366198,0.9252747252747253,0.9472527472527472,0.956043956043956,0.9868131868131869,0.956043956043956,0.9868131868131869,0.9472527472527472,0.9472527472527472,1.0,0.9868131868131869,1.0,17
14,3,0.4411000107468114,0.8945054945054945,0.9296703296703297,0.8725274725274725,0.9912087912087912,0.8857142857142857,0.9912087912087912,0.8857142857142857,0.9340659340659341,0.9956043956043955,0.9912087912087912,0.9956043956043955,17
14,3,0.4710748100921092,0.7362637362637363,0.8417582417582418,0.9252747252747253,0.9868131868131869,0.9252747252747253,0.9736263736263736,0.7758241758241758,0.8813186813186813,1.0,0.9868131868131869,1.0,17
14,3,0.47044933783259224,0.8593406593406594,0.8593406593406594,0.9824175824175824,0.9912087912087912,0.9824175824175824,0.9912087912087912,0.9340659340659341,0.9516483516483516,0.9956043956043955,0.9912087912087912,1.0,18
14,3,0.46701453383103064,0.8901098901098902,0.8901098901098902,0.9648351648351648,0.9604395604395607,0.9648351648351648,0.9604395604395607,0.8637362637362638,0.9032967032967033,0.9780219780219781,0.9604395604395607,1.0,18
14,3,0.41553593301624553,0.9076923076923077,0.9340659340659341,0.8769230769230769,0.956043956043956,0.8989010989010989,0.956043956043956,0.9120879120879121,0.9516483516483516,0.9912087912087912,0.956043956043956,1.0,18
14,3,0.4867782729369732,0.8769230769230769,0.8637362637362638,0.9780219780219781,0.9956043956043955,0.9780219780219781,0.9956043956043955,0.8681318681318682,0.9604395604395607,1.0,0.9956043956043955,1.0,18
14,3,0.4954890082941501,0.8769230769230769,0.8373626373626375,0.9472527472527472,0.9692307692307693,0.9472527472527472,0.9692307692307693,0.8241758241758241,0.8373626373626375,1.0,0.9604395604395607,1.0,18
14,3,0.41469257397654413,0.8989010989010989,0.8989010989010989,0.9428571428571428,0.9648351648351648,0.9428571428571428,0.9604395604395607,0.9428571428571428,0.9472527472527472,0.9912087912087912,0.9428571428571428,1.0,18
14,3,0.47152791791148657,0.9428571428571428,0.9296703296703297,0.9780219780219781,0.9868131868131869,0.9780219780219781,0.9824175824175824,0.9516483516483516,0.9648351648351648,0.9956043956043955,0.9868131868131869,1.0,18
14,3,0.46978531560386927,0.8373626373626375,0.8901098901098902,0.9252747252747253,0.9824175824175824,0.9252747252747253,0.9824175824175824,0.9296703296703297,0.9516483516483516,0.9912087912087912,0.9824175824175824,1.0,18
14,3,0.46548937983405314,0.9428571428571428,0.9208791208791209,0.9780219780219781,0.9780219780219781,0.9692307692307693,0.9780219780219781,0.9736263736263736,0.9824175824175824,0.9912087912087912,0.9648351648351648,0.9956043956043955,19
14,3,0.20142142741950106,0.8549450549450549,0.8945054945054945,0.8681318681318682,0.9956043956043955,0.8373626373626375,0.9780219780219781,0.7582417582417583,0.8461538461538461,0.9296703296703297,0.9824175824175824,0.9956043956043955,19
14,3,0.42359717907986405,0.9208791208791209,0.9252747252747253,0.9736263736263736,0.9824175824175824,0.9736263736263736,0.9824175824175824,0.8109890109890111,0.8241758241758241,0.9868131868131869,0.9824175824175824,0.9956043956043955,19
14,3,0.45682334925651924,0.8813186813186813,0.9208791208791209,0.9604395604395607,0.9868131868131869,0.9604395604395607,0.9868131868131869,0.8593406593406594,0.9032967032967033,0.9912087912087912,0.9912087912087912,0.9956043956043955,19
14,3,0.35822124084196744,0.9252747252747253,0.9472527472527472,0.9780219780219781,0.9912087912087912,0.9780219780219781,0.9912087912087912,0.9428571428571428,0.9340659340659341,0.9824175824175824,0.9868131868131869,0.9956043956043955,19
14,3,0.4040704687739201,0.9120879120879121,0.9384615384615385,0.9164835164835166,0.956043956043956,0.9164835164835166,0.9516483516483516,0.9208791208791209,0.9736263736263736,0.9516483516483516,0.9604395604395607,1.0,19
14,3,0.38467285158076253,0.8769230769230769,0.9340659340659341,0.9472527472527472,0.9516483516483516,0.9604395604395607,0.9604395604395607,0.8637362637362638,0.9208791208791209,0.9648351648351648,0.9692307692307693,0.9956043956043955,19
14,3,0.14398303637638457,0.8417582417582418,0.9208791208791209,0.9120879120879121,0.9956043956043955,0.9120879120879121,0.9868131868131869,0.8197802197802198,0.8945054945054945,0.9472527472527472,0.9868131868131869,0.9868131868131869,19
14,4,0.31910647983932416,0.7626373626373627,0.8021978021978022,0.9824175824175824,0.9868131868131869,0.9912087912087912,1.0,0.7494505494505495,0.8549450549450549,0.9604395604395607,0.9780219780219781,0.9736263736263736,0
14,4,0.36429264813991136,0.9208791208791209,0.9648351648351648,0.9736263736263736,0.9824175824175824,0.9736263736263736,0.9736263736263736,0.9340659340659341,0.9824175824175824,0.9780219780219781,0.9648351648351648,1.0,0
14,4,0.1797630341665278,0.7538461538461538,0.8813186813186813,0.956043956043956,0.9912087912087912,0.9516483516483516,0.9780219780219781,0.8505494505494505,0.9164835164835166,0.9076923076923077,0.9868131868131869,0.9912087912087912,0
14,4,0.33298551876420635,0.9208791208791209,0.9472527472527472,0.9604395604395607,0.9912087912087912,0.9780219780219781,0.9956043956043955,0.9428571428571428,0.956043956043956,0.9780219780219781,0.9956043956043955,1.0,0
14,4,0.30806416208140064,0.8945054945054945,0.8901098901098902,0.9780219780219781,0.9780219780219781,0.9648351648351648,0.9692307692307693,0.9032967032967033,0.8989010989010989,0.9736263736263736,0.9384615384615385,0.9912087912087912,0
14,4,0.3883328708689521,0.9076923076923077,0.9384615384615385,0.9956043956043955,1.0,0.9912087912087912,1.0,0.9208791208791209,0.9340659340659341,0.9912087912087912,0.9648351648351648,0.9912087912087912,0
14,4,0.28447671256703316,0.8285714285714285,0.8637362637362638,0.9604395604395607,0.9736263736263736,0.9648351648351648,0.9912087912087912,0.8769230769230769,0.9252747252747253,0.9780219780219781,0.9648351648351648,1.0,0
14,4,0.3791643774129965,0.832967032967033,0.8769230769230769,0.9692307692307693,0.9736263736263736,0.9252747252747253,0.9780219780219781,0.8593406593406594,0.8637362637362638,0.9516483516483516,0.9604395604395607,0.9956043956043955,0
14,4,0.4244729145421186,0.9208791208791209,0.9340659340659341,0.9692307692307693,0.9780219780219781,0.9780219780219781,0.9692307692307693,0.9604395604395607,0.9780219780219781,0.9868131868131869,0.9692307692307693,0.9956043956043955,1
14,4,0.2618254358697504,0.8197802197802198,0.8549450549450549,0.956043956043956,0.9956043956043955,0.9472527472527472,0.9956043956043955,0.8505494505494505,0.9384615384615385,0.9736263736263736,0.9340659340659341,1.0,1
14,4,0.42328283548695667,0.8505494505494505,0.8857142857142857,0.9824175824175824,0.9956043956043955,0.9780219780219781,0.9868131868131869,0.956043956043956,0.9648351648351648,0.9956043956043955,0.9736263736263736,1.0,1
14,4,0.23807147924595348,0.7846153846153847,0.8417582417582418,0.9648351648351648,0.9780219780219781,0.9780219780219781,0.9956043956043955,0.9472527472527472,0.9692307692307693,0.8857142857142857,0.9912087912087912,1.0,1
14,4,0.31072159013492023,0.8417582417582418,0.9384615384615385,0.9604395604395607,0.9956043956043955,0.9604395604395607,1.0,0.9164835164835166,0.9604395604395607,0.9692307692307693,0.9956043956043955,1.0,1
14,4,0.4497944770096879,0.8461538461538461,0.9120879120879121,0.9472527472527472,0.9604395604395607,0.9604395604395607,0.9780219780219781,0.9340659340659341,0.9472527472527472,0.9912087912087912,0.9604395604395607,1.0,1
14,4,0.10253148328336663,0.7186813186813187,0.8241758241758241,0.8901098901098902,0.9692307692307693,0.8197802197802198,0.9780219780219781,0.6967032967032967,0.8065934065934066,0.8681318681318682,0.8285714285714285,1.0,1
14,4,0.456301494675732,0.9252747252747253,0.9384615384615385,0.9868131868131869,0.9956043956043955,0.9868131868131869,0.9956043956043955,0.9736263736263736,0.9824175824175824,1.0,0.9956043956043955,1.0,1
14,4,0.34578902945676027,0.8417582417582418,0.8769230769230769,0.9472527472527472,0.9868131868131869,0.9252747252747253,0.9912087912087912,0.8901098901098902,0.956043956043956,0.9692307692307693,0.9912087912087912,1.0,2
14,4,0.45185856423152476,0.9296703296703297,0.9296703296703297,0.9868131868131869,0.9912087912087912,0.9868131868131869,0.9912087912087912,0.9692307692307693,0.9428571428571428,0.9956043956043955,0.9912087912087912,1.0,2
14,4,0.45649108782520686,0.9076923076923077,0.8813186813186813,0.9428571428571428,0.9956043956043955,0.9604395604395607,0.9956043956043955,0.9692307692307693,0.9824175824175824,0.9780219780219781,0.9912087912087912,1.0,2
14,4,0.40953185280910576,0.8813186813186813,0.8725274725274725,0.9956043956043955,0.9912087912087912,0.9824175824175824,0.9956043956043955,0.9384615384615385,0.9252747252747253,0.9912087912087912,0.9780219780219781,1.0,2
14,4,0.3899997269916866,0.8417582417582418,0.8461538461538461,0.9252747252747253,0.9692307692307693,0.9472527472527472,0.9824175824175824,0.8197802197802198,0.9032967032967033,0.9736263736263736,0.9736263736263736,1.0,2
14,4,0.48516775675449775,0.9208791208791209,0.9120879120879121,0.9604395604395607,0.9956043956043955,0.9604395604395607,0.9912087912087912,0.9516483516483516,0.9736263736263736,1.0,0.9912087912087912,1.0,2
14,4,0.40840173754880166,0.832967032967033,0.8945054945054945,0.9384615384615385,0.9824175824175824,0.9384615384615385,0.9912087912087912,0.9340659340659341,0.9428571428571428,0.9780219780219781,0.9736263736263736,1.0,2
14,4,0.4393955988596235,0.8505494505494505,0.8373626373626375,0.9868131868131869,0.9956043956043955,0.9868131868131869,0.9956043956043955,0.9340659340659341,0.9384615384615385,1.0,0.9824175824175824,1.0,2
14,4,0.4647385458237786,0.9120879120879121,0.8945054945054945,0.9736263736263736,0.9868131868131869,0.9736263736263736,0.9868131868131869,0.9340659340659341,0.9252747252747253,0.9912087912087912,0.9868131868131869,1.0,3
14,4,0.4811777025577784,0.9604395604395607,0.9736263736263736,0.9648351648351648,0.9824175824175824,0.9648351648351648,0.9868131868131869,0.9252747252747253,0.9296703296703297,0.9868131868131869,0.9912087912087912,1.0,3
14,4,0.43207051172618827,0.8725274725274725,0.9296703296703297,0.9736263736263736,0.9912087912087912,0.9780219780219781,0.9956043956043955,0.8769230769230769,0.8769230769230769,0.9648351648351648,0.9956043956043955,1.0,3
14,4,0.4447864798366609,0.9824175824175824,0.9736263736263736,0.9824175824175824,0.9868131868131869,0.9780219780219781,0.9868131868131869,0.9648351648351648,0.9692307692307693,0.9912087912087912,0.9868131868131869,1.0,3
14,4,0.48944328220412864,0.9824175824175824,0.9692307692307693,0.9780219780219781,0.9912087912087912,0.9824175824175824,0.9912087912087912,0.9516483516483516,0.9516483516483516,0.9912087912087912,0.9912087912087912,1.0,3
14,4,0.469046064548136,0.956043956043956,0.9604395604395607,0.9780219780219781,0.9912087912087912,0.9780219780219781,0.9912087912087912,0.9824175824175824,0.9692307692307693,0.9956043956043955,0.9912087912087912,1.0,3
14,4,0.48603358135418184,0.9428571428571428,0.9472527472527472,0.9824175824175824,0.9868131868131869,0.9868131868131869,0.9868131868131869,0.9384615384615385,0.9516483516483516,0.9868131868131869,0.9868131868131869,1.0,3
14,4,0.4238807439927768,0.9120879120879121,0.9472527472527472,0.8681318681318682,0.9604395604395607,0.9076923076923077,0.9736263736263736,0.9604395604395607,0.9648351648351648,0.9692307692307693,0.9428571428571428,1.0,3
14,4,0.44832925300900894,0.9208791208791209,0.9384615384615385,0.9296703296703297,0.9780219780219781,0.9296703296703297,0.9736263736263736,0.8813186813186813,0.9472527472527472,0.9956043956043955,0.9736263736263736,1.0,4
14,4,0.31949007716954997,0.8813186813186813,0.9252747252747253,0.9384615384615385,0.9824175824175824,0.956043956043956,0.9736263736263736,0.9032967032967033,0.9208791208791209,0.9956043956043955,0.9648351648351648,1.0,4
14,4,0.3698675449303697,0.9516483516483516,0.9516483516483516,0.9648351648351648,0.9868131868131869,0.956043956043956,0.9912087912087912,0.9516483516483516,0.9692307692307693,0.9824175824175824,0.9912087912087912,1.0,4
14,4,0.4867028652741386,0.9516483516483516,0.9428571428571428,0.9648351648351648,0.9868131868131869,0.9648351648351648,0.9868131868131869,0.9032967032967033,0.9032967032967033,0.9956043956043955,0.9912087912087912,1.0,4
14,4,0.27618568330039195,0.7230769230769231,0.7362637362637363,0.9736263736263736,0.9736263736263736,0.9296703296703297,0.9824175824175824,0.8989010989010989,0.9032967032967033,1.0,0.9736263736263736,1.0,4
14,4,0.42968809257196344,0.8945054945054945,0.9340659340659341,0.9516483516483516,0.9956043956043955,0.9516483516483516,0.9956043956043955,0.9164835164835166,0.9516483516483516,0.9956043956043955,0.9780219780219781,1.0,4
14,4,0.45786976279527475,0.9296703296703297,0.9516483516483516,0.9780219780219781,0.9912087912087912,0.9780219780219781,0.9912087912087912,0.9824175824175824,0.9868131868131869,0.9912087912087912,0.9868131868131869,1.0,4
14,4,0.4793742382045305,0.7582417582417583,0.7890109890109891,0.9648351648351648,0.9824175824175824,0.9648351648351648,0.9824175824175824,0.8769230769230769,0.8901098901098902,1.0,0.9824175824175824,1.0,4
14,4,0.46148941743448596,0.8373626373626375,0.9120879120879121,0.9032967032967033,0.9648351648351648,0.9032967032967033,0.9736263736263736,0.8373626373626375,0.8593406593406594,0.9780219780219781,0.9648351648351648,1.0,5
14,4,0.47744387560013685,0.9472527472527472,0.9296703296703297,0.9648351648351648,0.9868131868131869,0.9648351648351648,0.9868131868131869,0.9780219780219781,0.9736263736263736,0.9956043956043955,0.9868131868131869,1.0,5
14,4,0.444087655619401,0.9340659340659341,0.9472527472527472,0.9824175824175824,0.9912087912087912,0.9736263736263736,0.9824175824175824,0.9692307692307693,0.9824175824175824,0.9912087912087912,0.9912087912087912,1.0,5
14,4,0.4568143733498476,0.8945054945054945,0.8857142857142857,0.9296703296703297,0.9868131868131869,0.9296703296703297,0.9912087912087912,0.8593406593406594,0.8417582417582418,1.0,0.9868131868131869,1.0,5
14,4,0.4164162101044783,0.8813186813186813,0.9120879120879121,0.832967032967033,0.9076923076923077,0.8417582417582418,0.9208791208791209,0.8505494505494505,0.8901098901098902,0.9648351648351648,0.9076923076923077,1.0,5
14,4,0.4787207973137729,0.9252747252747253,0.9340659340659341,0.9208791208791209,0.9604395604395607,0.8945054945054945,0.9604395604395607,0.9780219780219781,0.9648351648351648,0.9868131868131869,0.9604395604395607,1.0,5
14,4,0.25233138331050564,0.8857142857142857,0.8373626373626375,0.8505494505494505,0.9120879120879121,0.8153846153846154,0.9384615384615385,0.8461538461538461,0.832967032967033,0.8549450549450549,0.9384615384615385,1.0,5
14,4,0.4004306045818104,0.8769230769230769,0.8901098901098902,0.8417582417582418,0.9956043956043955,0.8417582417582418,0.9956043956043955,0.8241758241758241,0.8241758241758241,0.9956043956043955,0.9692307692307693,1.0,5
14,4,0.17797146912449785,0.8813186813186813,0.9164835164835166,0.9736263736263736,0.9912087912087912,0.9076923076923077,0.9912087912087912,0.8681318681318682,0.9164835164835166,0.9120879120879121,0.956043956043956,1.0,6
14,4,0.476899177183282,0.9120879120879121,0.9164835164835166,0.9824175824175824,1.0,0.9824175824175824,1.0,0.9692307692307693,0.9912087912087912,1.0,1.0,1.0,6
14,4,0.43396865374496607,0.8989010989010989,0.8857142857142857,0.9648351648351648,0.9824175824175824,0.9736263736263736,0.9824175824175824,0.9604395604395607,0.9736263736263736,0.9912087912087912,0.9824175824175824,1.0,6
14,4,0.4429772575083715,0.8681318681318682,0.8945054945054945,0.9692307692307693,0.9692307692307693,0.9692307692307693,0.9648351648351648,0.8637362637362638,0.8945054945054945,0.9780219780219781,0.9692307692307693,1.0,6
14,4,0.46782374242893887,0.8505494505494505,0.8681318681318682,0.956043956043956,0.9824175824175824,0.956043956043956,0.9824175824175824,0.8725274725274725,0.9120879120879121,0.9912087912087912,0.9692307692307693,1.0,6
14,4,0.2144757693517925,0.9472527472527472,0.956043956043956,0.9208791208791209,0.956043956043956,0.9516483516483516,0.9824175824175824,0.9208791208791209,0.9340659340659341,0.9076923076923077,0.9692307692307693,1.0,6
14,4,0.49141739455377403,0.8945054945054945,0.8725274725274725,0.9692307692307693,0.9736263736263736,0.9692307692307693,0.9736263736263736,0.9296703296703297,0.8945054945054945,0.9956043956043955,0.9736263736263736,1.0,6
14,4,0.44972693622977306,0.8769230769230769,0.8857142857142857,0.9076923076923077,0.9736263736263736,0.9076923076923077,0.9736263736263736,0.9076923076923077,0.9296703296703297,0.9912087912087912,0.9736263736263736,1.0,6
14,4,0.396142986374305,0.9692307692307693,0.9208791208791209,0.9384615384615385,0.9252747252747253,0.9076923076923077,0.9296703296703297,0.9516483516483516,0.9428571428571428,0.9604395604395607,0.9428571428571428,1.0,7
14,4,0.48398033875340596,0.8285714285714285,0.8285714285714285,0.9780219780219781,0.9912087912087912,0.9780219780219781,0.9912087912087912,0.9296703296703297,0.9692307692307693,0.9956043956043955,0.9912087912087912,1.0,7
14,4,0.34413301220086434,0.9164835164835166,0.9252747252747253,0.9296703296703297,0.9824175824175824,0.9472527472527472,0.9912087912087912,0.8593406593406594,0.8725274725274725,0.9868131868131869,0.9780219780219781,1.0,7
14,4,0.38278096071883805,0.9604395604395607,0.9472527472527472,0.9164835164835166,0.9604395604395607,0.9164835164835166,0.956043956043956,0.9296703296703297,0.956043956043956,0.9780219780219781,0.9648351648351648,0.9956043956043955,7
14,4,0.47371349707133514,0.7494505494505495,0.8417582417582418,0.8373626373626375,0.9868131868131869,0.8373626373626375,0.9868131868131869,0.8021978021978022,0.9076923076923077,1.0,0.9868131868131869,1.0,7
14,4,0.37601647638124364,0.9604395604395607,0.9648351648351648,0.9780219780219781,0.9692307692307693,0.9692307692307693,0.9648351648351648,0.9648351648351648,0.9340659340659341,0.9824175824175824,0.9516483516483516,1.0,7
14,4,0.45266945148341153,0.8813186813186813,0.9164835164835166,0.9428571428571428,0.9868131868131869,0.9296703296703297,0.9956043956043955,0.8901098901098902,0.9296703296703297,0.9956043956043955,0.9868131868131869,1.0,7
14,4,0.4533359294898109,0.9076923076923077,0.9340659340659341,0.9516483516483516,0.9780219780219781,0.9648351648351648,0.9912087912087912,0.8549450549450549,0.9076923076923077,0.9868131868131869,0.9780219780219781,1.0,7
14,4,0.4301922853054491,0.9340659340659341,0.9472527472527472,0.9868131868131869,0.9912087912087912,0.9868131868131869,0.9912087912087912,0.9516483516483516,0.9648351648351648,1.0,0.9912087912087912,1.0,8
14,4,0.41158186594483015,0.9032967032967033,0.9472527472527472,0.9252747252747253,0.9692307692307693,0.9252747252747253,0.9736263736263736,0.8637362637362638,0.8901098901098902,0.9956043956043955,0.956043956043956,1.0,8
14,4,0.4796730957031139,0.9692307692307693,0.9648351648351648,0.9912087912087912,0.9956043956043955,0.9912087912087912,0.9956043956043955,0.9912087912087912,0.9780219780219781,0.9956043956043955,0.9956043956043955,1.0,8
14,4,0.4229286021945567,0.9120879120879121,0.9032967032967033,0.9912087912087912,0.9912087912087912,0.9868131868131869,0.9912087912087912,0.9736263736263736,0.9604395604395607,0.9912087912087912,0.9736263736263736,1.0,8
14,4,0.44973256275399404,0.9296703296703297,0.956043956043956,0.9296703296703297,0.9824175824175824,0.9428571428571428,0.9956043956043955,0.9164835164835166,0.9296703296703297,0.9956043956043955,0.9868131868131869,1.0,8
14,4,0.46985007400665146,0.9516483516483516,0.9692307692307693,0.9956043956043955,0.9956043956043955,0.9912087912087912,0.9956043956043955,0.9780219780219781,0.9824175824175824,1.0,0.9912087912087912,1.0,8
14,4,0.434226443809231,0.9340659340659341,0.9120879120879121,0.9692307692307693,0.9912087912087912,0.9912087912087912,0.9912087912087912,0.956043956043956,0.9296703296703297,0.9956043956043955,0.9868131868131869,1.0,8
14,4,0.33380055684983717,0.9296703296703297,0.9428571428571428,0.9824175824175824,0.9912087912087912,0.9780219780219781,0.9912087912087912,0.9384615384615385,0.9604395604395607,0.9912087912087912,0.9912087912087912,1.0,8
14,4,0.48238037927571165,0.9780219780219781,0.9692307692307693,0.9780219780219781,1.0,0.9648351648351648,0.9912087912087912,0.9780219780219781,0.9824175824175824,1.0,0.9868131868131869,1.0,9
14,4,0.3686079111994576,0.9340659340659341,0.9472527472527472,0.9340659340659341,0.9824175824175824,0.9780219780219781,0.9956043956043955,0.9384615384615385,0.9780219780219781,0.9604395604395607,0.9780219780219781,1.0,9
14,4,0.34813880450428264,0.9032967032967033,0.9340659340659341,0.9252747252747253,0.9912087912087912,0.9516483516483516,0.9868131868131869,0.9516483516483516,0.9472527472527472,0.9868131868131869,0.9912087912087912,1.0,9
14,4,0.2810052175100476,0.9340659340659341,0.9472527472527472,0.9472527472527472,0.9868131868131869,0.9428571428571428,0.9824175824175824,0.9516483516483516,0.9736263736263736,0.9296703296703297,0.9868131868131869,1.0,9
14,4,0.24117642624990956,0.8285714285714285,0.9208791208791209,0.8857142857142857,0.956043956043956,0.9076923076923077,0.9692307692307693,0.8153846153846154,0.9076923076923077,0.9384615384615385,0.9516483516483516,1.0,9
14,4,0.37490176281462617,0.9252747252747253,0.956043956043956,0.9692307692307693,0.9912087912087912,0.9648351648351648,0.9912087912087912,0.9252747252747253,0.9692307692307693,0.9868131868131869,0.9912087912087912,0.9956043956043955,9
14,4,0.4696610010738998,0.9208791208791209,0.9384615384615385,0.9648351648351648,0.9912087912087912,0.9780219780219781,0.9912087912087912,0.9384615384615385,0.9384615384615385,0.9824175824175824,0.9912087912087912,0.9956043956043955,9
14,4,0.46892862150682013,0.9648351648351648,0.9604395604395607,0.9780219780219781,0.9824175824175824,0.9780219780219781,0.9956043956043955,0.9604395604395607,0.9868131868131869,0.9868131868131869,0.9824175824175824,1.0,9
14,4,0.2872006403052747,0.6879120879120879,0.8065934065934066,0.9692307692307693,0.9824175824175824,0.9648351648351648,0.9912087912087912,0.7978021978021977,0.8593406593406594,0.9648351648351648,0.9032967032967033,1.0,10
14,4,0.3388406390322931,0.8373626373626375,0.8769230769230769,0.9384615384615385,0.9780219780219781,0.9252747252747253,0.9868131868131869,0.8549450549450549,0.9208791208791209,0.9780219780219781,0.9692307692307693,1.0,10
14,4,0.17519639681442478,0.621978021978022,0.8065934065934066,0.7538461538461538,0.9120879120879121,0.8461538461538461,0.9736263736263736,0.5428571428571429,0.7846153846153847,0.9428571428571428,0.8505494505494505,1.0,10
14,4,0.2091601421830039,0.5912087912087912,0.6791208791208792,0.9164835164835166,0.9648351648351648,0.9164835164835166,0.9912087912087912,0.5692307692307692,0.6747252747252748,0.9780219780219781,0.9384615384615385,1.0,10
14,4,0.3424548324200819,0.8021978021978022,0.8901098901098902,0.956043956043956,0.9692307692307693,0.9428571428571428,0.9912087912087912,0.8857142857142857,0.9384615384615385,0.9780219780219781,0.9736263736263736,1.0,10
14,4,0.35436749251089117,0.7186813186813187,0.7538461538461538,0.9692307692307693,0.9692307692307693,0.9780219780219781,0.9780219780219781,0.6835164835164835,0.7494505494505495,0.9868131868131869,0.9604395604395607,1.0,10
14,4,0.44711787362424105,0.8417582417582418,0.8989010989010989,0.9692307692307693,0.9912087912087912,0.9736263736263736,0.9780219780219781,0.9032967032967033,0.9340659340659341,0.9956043956043955,0.9868131868131869,1.0,10
14,4,0.3025310807234182,0.7362637362637363,0.8241758241758241,0.9076923076923077,0.9780219780219781,0.8813186813186813,0.9868131868131869,0.6703296703296703,0.8373626373626375,0.9780219780219781,0.9120879120879121,1.0,10
14,4,0.3501635727788259,0.9340659340659341,0.9428571428571428,0.9736263736263736,0.9868131868131869,0.9692307692307693,0.9956043956043955,0.9164835164835166,0.9780219780219781,0.9868131868131869,0.9868131868131869,1.0,11
14,4,0.44322578758024106,0.9428571428571428,0.9472527472527472,0.9956043956043955,0.9956043956043955,0.9956043956043955,0.9956043956043955,0.9736263736263736,0.9868131868131869,0.9956043956043955,0.9956043956043955,1.0,11
14,4,0.3875143079225339,0.9384615384615385,0.8945054945054945,0.9912087912087912,0.9780219780219781,0.9868131868131869,0.9912087912087912,0.9516483516483516,0.9384615384615385,0.9956043956043955,0.9780219780219781,1.0,11
14,4,0.35648046003362854,0.9208791208791209,0.9208791208791209,0.9824175824175824,1.0,0.9824175824175824,1.0,0.9384615384615385,0.9428571428571428,0.9956043956043955,0.9736263736263736,1.0,11
14,4,0.3207504018268077,0.9516483516483516,0.9472527472527472,0.9736263736263736,0.9780219780219781,0.9648351648351648,0.9824175824175824,0.956043956043956,0.9340659340659341,0.9912087912087912,0.956043956043956,1.0,11
14,4,0.37159325004874916,0.8945054945054945,0.8769230769230769,0.9736263736263736,0.9912087912087912,0.9780219780219781,0.9956043956043955,0.9780219780219781,0.9692307692307693,0.9868131868131869,0.9956043956043955,1.0,11
14,4,0.4337910296218062,0.8373626373626375,0.8593406593406594,0.9780219780219781,0.9912087912087912,0.9824175824175824,0.9868131868131869,0.8769230769230769,0.9384615384615385,0.9956043956043955,0.9956043956043955,1.0,11
14,4,0.4806427370316853,0.8857142857142857,0.8725274725274725,0.9912087912087912,0.9912087912087912,0.9912087912087912,0.9912087912087912,0.9604395604395607,0.9516483516483516,0.9956043956043955,0.9912087912087912,1.0,11
14,4,0.4164662194965417,0.9736263736263736,0.9824175824175824,0.9692307692307693,0.9780219780219781,0.9692307692307693,0.9868131868131869,0.9692307692307693,0.9780219780219781,0.9956043956043955,0.9824175824175824,1.0,12
14,4,0.47803288760132995,0.9208791208791209,0.9604395604395607,0.9516483516483516,0.9956043956043955,0.9516483516483516,0.9956043956043955,0.9648351648351648,0.9868131868131869,1.0,0.9956043956043955,1.0,12
14,4,0.4616898388541355,0.9604395604395607,0.9604395604395607,0.9428571428571428,0.9912087912087912,0.956043956043956,0.9956043956043955,0.9516483516483516,0.9472527472527472,1.0,0.9912087912087912,1.0,12
14,4,0.4488537844889462,0.9428571428571428,0.9516483516483516,0.9604395604395607,0.9956043956043955,0.9604395604395607,0.9868131868131869,0.9164835164835166,0.9428571428571428,0.9956043956043955,0.9868131868131869,1.0,12
14,4,0.4992438120362857,0.956043956043956,0.9648351648351648,0.956043956043956,0.9912087912087912,0.956043956043956,0.9912087912087912,0.9340659340659341,0.9252747252747253,0.9956043956043955,0.9912087912087912,1.0,12
14,4,0.3406959622052975,0.9076923076923077,0.9164835164835166,0.9648351648351648,0.9824175824175824,0.9736263736263736,0.9780219780219781,0.8593406593406594,0.8945054945054945,0.9736263736263736,0.9472527472527472,1.0,12
14,4,0.28133674449295826,0.9384615384615385,0.9164835164835166,0.9824175824175824,0.9648351648351648,0.9692307692307693,0.9956043956043955,0.8901098901098902,0.8813186813186813,0.9912087912087912,0.9472527472527472,1.0,12
14,4,0.3115360078817389,0.8681318681318682,0.9120879120879121,0.8417582417582418,0.9780219780219781,0.9120879120879121,0.9824175824175824,0.8901098901098902,0.9208791208791209,0.9912087912087912,0.9824175824175824,1.0,12
14,4,0.41934186757569697,0.8989010989010989,0.9252747252747253,0.9208791208791209,0.9340659340659341,0.9208791208791209,0.9208791208791209,0.9296703296703297,0.9384615384615385,1.0,0.9384615384615385,1.0,13
14,4,0.40306276834832416,0.9604395604395607,0.9736263736263736,0.9076923076923077,0.9648351648351648,0.9340659340659341,0.9912087912087912,0.9692307692307693,0.9868131868131869,0.9868131868131869,0.9692307692307693,1.0,13
14,4,0.3246982412418762,0.8769230769230769,0.9032967032967033,0.9736263736263736,0.9912087912087912,0.9648351648351648,0.9912087912087912,0.8593406593406594,0.8901098901098902,0.9516483516483516,0.9516483516483516,0.9956043956043955,13
14,4,0.4598798975320316,0.8857142857142857,0.8637362637362638,0.9736263736263736,0.9912087912087912,0.9736263736263736,0.9912087912087912,0.8593406593406594,0.8769230769230769,0.9956043956043955,0.9912087912087912,1.0,13
14,4,0.46712952696748367,0.8637362637362638,0.9120879120879121,0.9780219780219781,0.9912087912087912,0.9340659340659341,0.9912087912087912,0.8549450549450549,0.9252747252747253,0.9824175824175824,0.9956043956043955,1.0,13
14,4,0.38195576602230363,0.8505494505494505,0.8549450549450549,0.9516483516483516,0.9824175824175824,0.9692307692307693,0.9824175824175824,0.8285714285714285,0.8505494505494505,1.0,0.9868131868131869,1.0,13
14,4,0.47933130586461914,0.956043956043956,0.9604395604395607,0.9692307692307693,0.9912087912087912,0.9780219780219781,0.9912087912087912,0.9164835164835166,0.9428571428571428,0.9956043956043955,0.9912087912087912,1.0,13
14,4,0.43794605089376937,0.8637362637362638,0.9164835164835166,0.8857142857142857,0.9692307692307693,0.8989010989010989,0.9604395604395607,0.8901098901098902,0.9340659340659341,0.9868131868131869,0.9692307692307693,0.9956043956043955,13
14,4,0.33548166917666833,0.8681318681318682,0.8813186813186813,0.9692307692307693,0.9824175824175824,0.9604395604395607,0.9912087912087912,0.9516483516483516,0.9472527472527472,0.9868131868131869,0.9604395604395607,1.0,14
14,4,0.30262632058779665,0.8725274725274725,0.8725274725274725,0.9296703296703297,0.956043956043956,0.9428571428571428,0.9824175824175824,0.7846153846153847,0.7934065934065934,0.9604395604395607,0.8989010989010989,1.0,14
14,4,0.1594562505688767,0.7318681318681319,0.8065934065934066,0.8109890109890111,0.9032967032967033,0.9032967032967033,0.9824175824175824,0.6835164835164835,0.7934065934065934,0.8989010989010989,0.7538461538461538,0.9868131868131869,14
14,4,0.3237260440414367,0.6703296703296703,0.7362637362637363,0.8417582417582418,0.9472527472527472,0.8989010989010989,0.9604395604395607,0.5560439560439561,0.6,0.9780219780219781,0.8065934065934066,1.0,14
14,4,0.408773571430855,0.8725274725274725,0.8153846153846154,0.9164835164835166,0.9736263736263736,0.9340659340659341,0.956043956043956,0.7406593406593407,0.8505494505494505,0.9912087912087912,0.9604395604395607,1.0,14
14,4,0.4543125339815979,0.9296703296703297,0.9120879120879121,0.9824175824175824,0.9956043956043955,0.9824175824175824,0.9956043956043955,0.9692307692307693,0.9692307692307693,1.0,1.0,1.0,14
14,4,0.4368845012627441,0.8945054945054945,0.8901098901098902,0.9912087912087912,0.9956043956043955,0.9912087912087912,0.9956043956043955,0.9692307692307693,0.9736263736263736,0.9912087912087912,0.9824175824175824,1.0,14
14,4,0.44382650968665194,0.8637362637362638,0.8989010989010989,0.9824175824175824,0.9824175824175824,0.9692307692307693,0.9824175824175824,0.956043956043956,0.9868131868131869,0.9956043956043955,0.9780219780219781,1.0,14
14,4,0.3591406166632398,0.832967032967033,0.9120879120879121,0.8241758241758241,0.9384615384615385,0.8637362637362638,0.9868131868131869,0.8065934065934066,0.9296703296703297,0.9956043956043955,0.9340659340659341,1.0,15
14,4,0.4632783698131888,0.9208791208791209,0.9736263736263736,0.9692307692307693,0.9956043956043955,0.9692307692307693,0.9912087912087912,0.9736263736263736,0.9868131868131869,0.9956043956043955,0.9956043956043955,1.0,15
14,4,0.27271383548839934,0.9472527472527472,0.9472527472527472,0.9208791208791209,0.9780219780219781,0.9164835164835166,0.9824175824175824,0.9604395604395607,0.9648351648351648,0.9912087912087912,0.9780219780219781,1.0,15
14,4,0.2745411993998474,0.9648351648351648,0.9472527472527472,0.9736263736263736,0.9780219780219781,0.9780219780219781,0.9956043956043955,0.9604395604395607,0.9428571428571428,0.9824175824175824,0.9780219780219781,1.0,15
14,4,0.486858135949466,0.9384615384615385,0.9472527472527472,0.9868131868131869,1.0,0.9868131868131869,1.0,0.956043956043956,0.956043956043956,1.0,1.0,1.0,15
14,4,0.31887998099840165,0.8857142857142857,0.8989010989010989,0.9516483516483516,0.9912087912087912,0.9516483516483516,0.9824175824175824,0.9032967032967033,0.9736263736263736,0.9956043956043955,0.9868131868131869,1.0,15
14,4,0.4452005023322034,0.9384615384615385,0.9472527472527472,0.9780219780219781,0.9912087912087912,0.9780219780219781,0.9912087912087912,0.9164835164835166,0.9472527472527472,0.9956043956043955,0.9824175824175824,1.0,15
14,4,0.4575921119748912,0.9032967032967033,0.9032967032967033,0.9648351648351648,0.9956043956043955,0.9648351648351648,0.9956043956043955,0.9208791208791209,0.9208791208791209,0.9956043956043955,0.9956043956043955,1.0,15
14,4,0.4675109938935825,0.9604395604395607,0.9736263736263736,0.9868131868131869,0.9956043956043955,0.9824175824175824,0.9956043956043955,0.9164835164835166,0.9648351648351648,1.0,0.9956043956043955,1.0,16
14,4,0.4722036888703407,0.8153846153846154,0.7890109890109891,0.956043956043956,0.9912087912087912,0.9428571428571428,0.9824175824175824,0.956043956043956,0.9428571428571428,1.0,0.9956043956043955,1.0,16
14,4,0.4913016000271422,0.9472527472527472,0.956043956043956,0.9604395604395607,0.9956043956043955,0.9604395604395607,0.9912087912087912,0.9516483516483516,0.9736263736263736,0.9956043956043955,0.9956043956043955,1.0,16
14,4,0.451917435621923,0.9604395604395607,0.9516483516483516,0.9472527472527472,0.9956043956043955,0.9472527472527472,0.9956043956043955,0.9780219780219781,0.9780219780219781,0.9956043956043955,0.9956043956043955,1.0,16
14,4,0.3914215530009444,0.9076923076923077,0.9032967032967033,0.9868131868131869,0.9956043956043955,0.9736263736263736,1.0,0.9692307692307693,0.9824175824175824,1.0,0.9956043956043955,1.0,16
14,4,0.4900815343242125,0.9340659340659341,0.9472527472527472,0.9912087912087912,0.9956043956043955,0.9912087912087912,0.9956043956043955,0.9384615384615385,0.956043956043956,1.0,0.9956043956043955,1.0,16
14,4,0.4008252329320403,0.9604395604395607,0.9604395604395607,0.9472527472527472,0.9868131868131869,0.9384615384615385,0.9824175824175824,0.9472527472527472,0.9516483516483516,1.0,0.9868131868131869,1.0,16
14,4,0.4524999305864149,0.9824175824175824,0.9604395604395607,0.9912087912087912,0.9956043956043955,0.9868131868131869,0.9956043956043955,0.9912087912087912,0.9824175824175824,1.0,0.9956043956043955,1.0,16
14,4,0.46491950093477763,0.9472527472527472,0.9384615384615385,0.9648351648351648,0.9780219780219781,0.9648351648351648,0.9780219780219781,0.9736263736263736,0.9736263736263736,0.9956043956043955,0.9780219780219781,1.0,17
14,4,0.47957772318021447,0.6395604395604396,0.6923076923076923,0.9384615384615385,0.9956043956043955,0.9384615384615385,0.9956043956043955,0.9648351648351648,0.9692307692307693,1.0,0.9912087912087912,1.0,17
14,4,0.3088422309039748,0.8197802197802198,0.832967032967033,0.9780219780219781,0.9956043956043955,0.9912087912087912,0.9956043956043955,0.9032967032967033,0.9692307692307693,0.9824175824175824,0.9780219780219781,1.0,17
14,4,0.24331310573273046,0.832967032967033,0.9428571428571428,0.9648351648351648,0.9912087912087912,0.9604395604395607,1.0,0.8769230769230769,0.9780219780219781,0.9296703296703297,0.9912087912087912,1.0,17
14,4,0.3353242577977686,0.5340659340659341,0.5560439560439561,0.8769230769230769,0.9516483516483516,0.8725274725274725,0.9780219780219781,0.7890109890109891,0.8241758241758241,0.9824175824175824,0.9604395604395607,1.0,17
14,4,0.1442627112833667,0.7890109890109891,0.9076923076923077,0.9208791208791209,0.9868131868131869,0.9428571428571428,0.9868131868131869,0.7582417582417583,0.9472527472527472,1.0,0.9604395604395607,1.0,17
14,4,0.3283985181452128,0.5956043956043956,0.5648351648351648,0.8857142857142857,0.9604395604395607,0.8989010989010989,0.9824175824175824,0.8989010989010989,0.9296703296703297,0.9692307692307693,0.956043956043956,1.0,17
14,4,0.11593218096971948,0.7714285714285714,0.9164835164835166,0.9164835164835166,0.9824175824175824,0.8593406593406594,0.9736263736263736,0.7802197802197802,0.9428571428571428,0.9824175824175824,0.9692307692307693,1.0,17
14,4,0.45066696561466263,0.8945054945054945,0.9164835164835166,0.956043956043956,0.9912087912087912,0.9516483516483516,0.9912087912087912,0.9164835164835166,0.9472527472527472,1.0,0.9912087912087912,1.0,18
14,4,0.40379034173039097,0.8813186813186813,0.8989010989010989,0.9472527472527472,0.9956043956043955,0.9428571428571428,0.9912087912087912,0.9472527472527472,0.9692307692307693,1.0,0.9912087912087912,1.0,18
14,4,0.24967146185467112,0.8989010989010989,0.9340659340659341,0.9868131868131869,0.9912087912087912,0.9912087912087912,0.9956043956043955,0.8769230769230769,0.956043956043956,0.9604395604395607,0.9912087912087912,1.0,18
14,4,0.46310868470350075,0.9164835164835166,0.9296703296703297,0.9868131868131869,0.9912087912087912,0.9912087912087912,0.9956043956043955,0.956043956043956,0.9604395604395607,1.0,0.9912087912087912,1.0,18
14,4,0.4281247691549615,0.8549450549450549,0.8725274725274725,0.9824175824175824,1.0,0.9824175824175824,1.0,0.9516483516483516,0.9164835164835166,1.0,1.0,1.0,18
14,4,0.4014382283808193,0.9296703296703297,0.9428571428571428,0.9164835164835166,0.9868131868131869,0.9164835164835166,0.9824175824175824,0.956043956043956,0.956043956043956,0.9956043956043955,0.9824175824175824,1.0,18
14,4,0.4591793662366066,0.9032967032967033,0.9296703296703297,0.9516483516483516,0.9824175824175824,0.9648351648351648,0.9868131868131869,0.9296703296703297,0.9384615384615385,1.0,0.9780219780219781,1.0,18
14,4,0.3716667416526479,0.9340659340659341,0.9164835164835166,0.9692307692307693,0.9956043956043955,0.9692307692307693,0.9912087912087912,0.9032967032967033,0.9428571428571428,0.9912087912087912,0.9912087912087912,1.0,18
14,4,0.3866368885442148,0.8857142857142857,0.8857142857142857,0.9120879120879121,0.9692307692307693,0.9164835164835166,0.9868131868131869,0.9076923076923077,0.8901098901098902,1.0,0.9428571428571428,1.0,19
14,4,0.41713780259920263,0.9252747252747253,0.9428571428571428,0.9604395604395607,0.9824175824175824,0.956043956043956,0.9868131868131869,0.9472527472527472,0.9472527472527472,0.9956043956043955,0.9824175824175824,1.0,19
14,4,0.44199245087764294,0.8769230769230769,0.9032967032967033,0.9692307692307693,0.9912087912087912,0.9692307692307693,0.9912087912087912,0.9208791208791209,0.9252747252747253,1.0,0.9912087912087912,1.0,19
14,4,0.387348325469344,0.9120879120879121,0.9472527472527472,0.9252747252747253,0.9824175824175824,0.9296703296703297,0.9956043956043955,0.9340659340659341,0.9648351648351648,1.0,0.9824175824175824,1.0,19
14,4,0.44683277209834926,0.9120879120879121,0.9472527472527472,0.9516483516483516,0.9956043956043955,0.9516483516483516,0.9956043956043955,0.8945054945054945,0.9736263736263736,1.0,0.9912087912087912,1.0,19
14,4,0.25364104117359776,0.8989010989010989,0.9208791208791209,0.9384615384615385,0.9912087912087912,0.8593406593406594,0.9956043956043955,0.8813186813186813,0.9208791208791209,0.956043956043956,0.9912087912087912,1.0,19
14,4,0.2537009482288943,0.767032967032967,0.8769230769230769,0.8813186813186813,0.9824175824175824,0.8989010989010989,0.9868131868131869,0.8373626373626375,0.9428571428571428,0.9868131868131869,0.9780219780219781,1.0,19
14,4,0.3884328186501427,0.9516483516483516,0.9604395604395607,0.9780219780219781,0.9956043956043955,0.9604395604395607,0.9956043956043955,0.9296703296703297,0.9516483516483516,0.9912087912087912,0.9956043956043955,1.0,19
14,5,0.4066343100426424,0.8945054945054945,0.9384615384615385,0.8549450549450549,0.9780219780219781,0.9032967032967033,0.9692307692307693,0.9164835164835166,0.9648351648351648,0.9956043956043955,0.9692307692307693,1.0,0
14,5,0.43021883574348374,0.8549450549450549,0.8857142857142857,0.9604395604395607,0.9780219780219781,0.956043956043956,0.9692307692307693,0.9340659340659341,0.9384615384615385,1.0,0.9692307692307693,1.0,0
14,5,0.468611559668009,0.8681318681318682,0.9032967032967033,0.9648351648351648,0.9956043956043955,0.9648351648351648,0.9956043956043955,0.9296703296703297,0.9692307692307693,1.0,0.9912087912087912,1.0,0
14,5,0.33778175830009766,0.7318681318681319,0.8021978021978022,0.9604395604395607,0.9912087912087912,0.9648351648351648,0.9912087912087912,0.9164835164835166,0.956043956043956,0.9780219780219781,0.9736263736263736,1.0,0
14,5,0.4676754510975938,0.9472527472527472,0.9076923076923077,0.9648351648351648,0.9824175824175824,0.9648351648351648,0.9824175824175824,0.9736263736263736,0.9824175824175824,0.9912087912087912,0.9736263736263736,1.0,0
14,5,0.24443326671544335,0.8373626373626375,0.8549450549450549,0.9692307692307693,0.9780219780219781,0.9516483516483516,0.9736263736263736,0.9120879120879121,0.9428571428571428,0.956043956043956,0.9912087912087912,1.0,0
14,5,0.33013221537559273,0.8241758241758241,0.832967032967033,0.9648351648351648,0.9780219780219781,0.9692307692307693,0.9824175824175824,0.9032967032967033,0.9032967032967033,0.9824175824175824,0.9692307692307693,1.0,0
14,5,0.41683610921959957,0.8681318681318682,0.8681318681318682,0.9604395604395607,0.9868131868131869,0.9516483516483516,0.9912087912087912,0.9340659340659341,0.9340659340659341,0.9956043956043955,0.9824175824175824,1.0,0
14,5,0.4875560533470765,0.8989010989010989,0.9252747252747253,0.9120879120879121,0.9472527472527472,0.9384615384615385,0.9428571428571428,0.9076923076923077,0.9384615384615385,0.9824175824175824,0.9472527472527472,1.0,1
14,5,0.4902610206151384,0.9384615384615385,0.9340659340659341,0.9824175824175824,0.9956043956043955,0.9824175824175824,0.9956043956043955,0.9604395604395607,0.9604395604395607,1.0,0.9956043956043955,1.0,1
14,5,0.4648167325851875,0.8637362637362638,0.9076923076923077,0.9472527472527472,0.9824175824175824,0.9472527472527472,0.9956043956043955,0.9076923076923077,0.9428571428571428,0.9956043956043955,0.9912087912087912,1.0,1
14,5,0.2540720780749493,0.9252747252747253,0.9208791208791209,0.9252747252747253,0.9824175824175824,0.9340659340659341,0.9868131868131869,0.9252747252747253,0.9428571428571428,0.9956043956043955,0.9912087912087912,1.0,1
14,5,0.2709995773473393,0.6791208791208792,0.7714285714285714,0.8769230769230769,0.9824175824175824,0.9516483516483516,0.9912087912087912,0.8241758241758241,0.8901098901098902,0.9956043956043955,0.9824175824175824,1.0,1
14,5,0.3328514257810933,0.8593406593406594,0.9032967032967033,0.9692307692307693,0.9824175824175824,0.9912087912087912,0.9912087912087912,0.9780219780219781,0.9824175824175824,0.9956043956043955,0.9780219780219781,1.0,1
14,5,0.23467577213000426,0.767032967032967,0.8505494505494505,0.9120879120879121,0.9428571428571428,0.9472527472527472,0.9736263736263736,0.7538461538461538,0.8417582417582418,0.9956043956043955,0.9340659340659341,0.9824175824175824,1
14,5,0.35853133571148577,0.8197802197802198,0.9032967032967033,0.9164835164835166,0.9912087912087912,0.9340659340659341,0.9780219780219781,0.8637362637362638,0.9120879120879121,0.9912087912087912,0.9868131868131869,1.0,1
14,5,0.3598998502585822,0.8901098901098902,0.8769230769230769,0.9912087912087912,0.9912087912087912,0.9912087912087912,0.9912087912087912,0.9648351648351648,0.9604395604395607,0.9956043956043955,0.9912087912087912,1.0,2
14,5,0.12123280249582072,0.7758241758241758,0.8109890109890111,0.9472527472527472,0.9736263736263736,0.9692307692307693,0.9824175824175824,0.767032967032967,0.8901098901098902,0.9208791208791209,0.9648351648351648,0.9956043956043955,2
14,5,0.30983137990929477,0.8417582417582418,0.8901098901098902,0.9604395604395607,0.9780219780219781,0.9648351648351648,0.9736263736263736,0.8505494505494505,0.8681318681318682,0.956043956043956,0.9648351648351648,1.0,2
14,5,0.29581474340716796,0.8593406593406594,0.9032967032967033,0.9604395604395607,0.9912087912087912,0.9604395604395607,1.0,0.8285714285714285,0.8901098901098902,0.9956043956043955,0.9912087912087912,1.0,2
14,5,0.2608771690772032,0.8153846153846154,0.8373626373626375,0.9076923076923077,0.9472527472527472,0.9648351648351648,0.9912087912087912,0.8725274725274725,0.8769230769230769,0.9868131868131869,0.9032967032967033,1.0,2
14,5,0.30921861981136517,0.8505494505494505,0.9120879120879121,0.9824175824175824,0.9912087912087912,0.9472527472527472,0.9824175824175824,0.9164835164835166,0.956043956043956,0.9428571428571428,0.9472527472527472,1.0,2
14,5,0.26004419044766,0.8549450549450549,0.8593406593406594,0.956043956043956,0.9956043956043955,0.9604395604395607,0.9956043956043955,0.9120879120879121,0.9428571428571428,0.9912087912087912,0.9956043956043955,1.0,2
14,5,0.29775099250724657,0.8725274725274725,0.8549450549450549,0.9692307692307693,0.9868131868131869,0.9736263736263736,0.9824175824175824,0.9120879120879121,0.9164835164835166,0.9296703296703297,0.9692307692307693,1.0,2
14,5,0.3930575879871598,0.956043956043956,0.9252747252747253,0.9736263736263736,0.9956043956043955,0.9912087912087912,0.9956043956043955,0.9384615384615385,0.9208791208791209,1.0,0.9868131868131869,1.0,3
14,5,0.29694299200548,0.9076923076923077,0.9384615384615385,0.9296703296703297,0.9824175824175824,0.9120879120879121,0.9824175824175824,0.8725274725274725,0.9472527472527472,1.0,0.9604395604395607,1.0,3
14,5,0.36894443470773997,0.9032967032967033,0.9164835164835166,0.9736263736263736,1.0,0.9824175824175824,0.9956043956043955,0.9076923076923077,0.9340659340659341,0.9956043956043955,1.0,1.0,3
14,5,0.47190408067399114,0.8725274725274725,0.9076923076923077,0.9736263736263736,0.9912087912087912,0.956043956043956,0.9912087912087912,0.8241758241758241,0.9076923076923077,0.9956043956043955,0.9912087912087912,1.0,3
14,5,0.4613525322259831,0.8857142857142857,0.9032967032967033,0.9780219780219781,0.9824175824175824,0.9780219780219781,0.9824175824175824,0.9780219780219781,0.9824175824175824,0.9824175824175824,0.9824175824175824,1.0,3
14,5,0.32768044328888496,0.9076923076923077,0.9472527472527472,0.9604395604395607,0.9868131868131869,0.9912087912087912,0.9956043956043955,0.9472527472527472,0.9736263736263736,0.9956043956043955,0.9912087912087912,1.0,3
14,5,0.29500833328676035,0.8769230769230769,0.9208791208791209,0.956043956043956,0.9956043956043955,0.9604395604395607,1.0,0.9120879120879121,0.9824175824175824,0.9868131868131869,0.9956043956043955,1.0,3
14,5,0.47158407776753963,0.8901098901098902,0.9164835164835166,0.9692307692307693,0.9780219780219781,0.9648351648351648,0.9824175824175824,0.9472527472527472,0.9692307692307693,0.9912087912087912,0.9780219780219781,1.0,3
14,5,0.33220556146983166,0.9164835164835166,0.9164835164835166,0.956043956043956,0.9824175824175824,0.956043956043956,0.9956043956043955,0.8505494505494505,0.8989010989010989,0.9868131868131869,0.9296703296703297,1.0,4
14,5,0.2590334939614618,0.9516483516483516,0.9384615384615385,0.9516483516483516,0.9736263736263736,0.9252747252747253,0.9736263736263736,0.9648351648351648,0.9604395604395607,0.9956043956043955,0.9824175824175824,1.0,4
14,5,0.44616555299065414,0.7538461538461538,0.7538461538461538,0.8461538461538461,0.9472527472527472,0.8461538461538461,0.9472527472527472,0.7758241758241758,0.8945054945054945,0.9824175824175824,0.9648351648351648,1.0,4
14,5,0.4617950075973836,0.9780219780219781,0.9780219780219781,0.9912087912087912,0.9868131868131869,0.9736263736263736,0.9912087912087912,0.9604395604395607,0.9648351648351648,0.9956043956043955,0.9824175824175824,1.0,4
14,5,0.3720088294832293,0.9384615384615385,0.9340659340659341,0.9120879120879121,0.9868131868131869,0.9252747252747253,0.9824175824175824,0.9032967032967033,0.9032967032967033,0.9956043956043955,0.9868131868131869,1.0,4
14,5,0.34809670588098324,0.9252747252747253,0.9604395604395607,0.9164835164835166,0.9736263736263736,0.9076923076923077,0.9604395604395607,0.9340659340659341,0.9604395604395607,0.9956043956043955,0.9780219780219781,1.0,4
14,5,0.4129156111301616,0.9120879120879121,0.8769230769230769,0.9472527472527472,0.9956043956043955,0.9472527472527472,1.0,0.956043956043956,0.9868131868131869,0.9912087912087912,0.9824175824175824,1.0,4
14,5,0.3161488458443559,0.9252747252747253,0.9120879120879121,0.9692307692307693,0.9868131868131869,0.9780219780219781,1.0,0.9428571428571428,0.9780219780219781,0.9868131868131869,0.9780219780219781,1.0,4
14,5,0.45841143720470884,0.9252747252747253,0.9340659340659341,0.9296703296703297,0.9824175824175824,0.9120879120879121,0.9868131868131869,0.8417582417582418,0.8769230769230769,0.9956043956043955,0.9824175824175824,1.0,5
14,5,0.46679939110407637,0.8593406593406594,0.8637362637362638,1.0,1.0,1.0,1.0,0.9824175824175824,0.9648351648351648,1.0,1.0,1.0,5
14,5,0.43980665992999785,0.8549450549450549,0.8461538461538461,0.9956043956043955,1.0,0.9956043956043955,1.0,0.9296703296703297,0.9516483516483516,1.0,0.9956043956043955,1.0,5
14,5,0.3120181397309374,0.6879120879120879,0.6967032967032967,0.9956043956043955,0.9956043956043955,0.9956043956043955,1.0,0.8549450549450549,0.8285714285714285,0.9868131868131869,0.9824175824175824,1.0,5
14,5,0.44001385892993233,0.8549450549450549,0.8725274725274725,0.9780219780219781,0.9956043956043955,0.9780219780219781,0.9956043956043955,0.9692307692307693,0.9868131868131869,1.0,0.9956043956043955,1.0,5
14,5,0.4504798612102108,0.7978021978021977,0.8461538461538461,0.9516483516483516,0.9912087912087912,0.9604395604395607,0.9912087912087912,0.8945054945054945,0.9340659340659341,0.9956043956043955,0.9824175824175824,1.0,5
14,5,0.2466362161094464,0.8549450549450549,0.7846153846153847,0.9076923076923077,0.9868131868131869,0.8681318681318682,0.9824175824175824,0.9076923076923077,0.9516483516483516,0.9956043956043955,0.9604395604395607,1.0,5
14,5,0.3390741058867649,0.6747252747252748,0.7538461538461538,0.8109890109890111,0.9736263736263736,0.8813186813186813,0.9780219780219781,0.7802197802197802,0.9120879120879121,0.9912087912087912,0.956043956043956,1.0,5
14,5,0.3339983078519717,0.8417582417582418,0.8857142857142857,0.9384615384615385,0.9956043956043955,0.9384615384615385,1.0,0.8417582417582418,0.8725274725274725,0.9824175824175824,0.9824175824175824,1.0,6
14,5,0.4292961104729624,0.9208791208791209,0.9120879120879121,0.9736263736263736,0.9868131868131869,0.9780219780219781,0.9956043956043955,0.9428571428571428,0.9428571428571428,1.0,0.9868131868131869,1.0,6
14,5,0.4432678199576222,0.8901098901098902,0.8901098901098902,0.9824175824175824,0.9912087912087912,0.9868131868131869,0.9912087912087912,0.9604395604395607,0.9472527472527472,0.9912087912087912,0.9912087912087912,1.0,6
14,5,0.2281835461478085,0.8549450549450549,0.8989010989010989,0.9428571428571428,0.9604395604395607,0.9428571428571428,0.9780219780219781,0.8945054945054945,0.9340659340659341,0.9472527472527472,0.9736263736263736,1.0,6
14,5,0.2787115038268933,0.9076923076923077,0.9428571428571428,0.9868131868131869,0.9956043956043955,0.9868131868131869,1.0,0.9208791208791209,0.9736263736263736,1.0,1.0,1.0,6
14,5,0.28440464474480426,0.6351648351648352,0.8505494505494505,0.7934065934065934,0.9736263736263736,0.8769230769230769,0.9956043956043955,0.6,0.8417582417582418,0.9824175824175824,0.8549450549450549,1.0,6
14,5,0.40497595460756297,0.9824175824175824,0.9824175824175824,0.9428571428571428,0.9780219780219781,0.9604395604395607,0.9736263736263736,0.9692307692307693,0.9252747252747253,0.9956043956043955,0.9648351648351648,1.0,6
14,5,0.3206187916992941,0.9076923076923077,0.9384615384615385,0.9912087912087912,0.9956043956043955,0.9956043956043955,1.0,0.9604395604395607,0.9868131868131869,0.9956043956043955,0.9780219780219781,1.0,6
14,5,0.3572432974662639,0.8373626373626375,0.9208791208791209,0.9428571428571428,0.956043956043956,0.9384615384615385,0.9868131868131869,0.8901098901098902,0.9296703296703297,0.9912087912087912,0.9384615384615385,1.0,7
14,5,0.25056877107238984,0.9208791208791209,0.9340659340659341,0.9252747252747253,0.9824175824175824,0.9516483516483516,0.9912087912087912,0.9164835164835166,0.9340659340659341,0.9868131868131869,0.9868131868131869,1.0,7
14,5,0.20905339901932116,0.8813186813186813,0.9384615384615385,0.8901098901098902,0.9736263736263736,0.8901098901098902,0.9780219780219781,0.8725274725274725,0.9032967032967033,0.956043956043956,0.9648351648351648,1.0,7
14,5,0.48157969730667094,0.9076923076923077,0.9032967032967033,0.9824175824175824,0.9824175824175824,0.9824175824175824,0.9824175824175824,0.9208791208791209,0.9736263736263736,0.9956043956043955,0.9824175824175824,1.0,7
14,5,0.39373942906605636,0.9208791208791209,0.9428571428571428,0.9780219780219781,0.9780219780219781,0.9868131868131869,0.9868131868131869,0.9076923076923077,0.9252747252747253,0.9956043956043955,0.956043956043956,1.0,7
14,5,0.2543085381421422,0.9428571428571428,0.9384615384615385,0.9472527472527472,0.9692307692307693,0.9384615384615385,0.9736263736263736,0.9648351648351648,0.9736263736263736,0.9956043956043955,0.9692307692307693,1.0,7
14,5,0.24008599128191108,0.9076923076923077,0.9428571428571428,0.9648351648351648,0.9780219780219781,0.9736263736263736,1.0,0.9296703296703297,0.9516483516483516,0.9956043956043955,0.9736263736263736,1.0,7
14,5,0.3326478826513985,0.9516483516483516,0.9648351648351648,0.956043956043956,0.9868131868131869,0.9516483516483516,0.9956043956043955,0.9780219780219781,0.9912087912087912,0.9956043956043955,0.9868131868131869,1.0,7
14,5,0.49245793220078243,0.8725274725274725,0.9252747252747253,0.9428571428571428,0.9516483516483516,0.9296703296703297,0.9648351648351648,0.8593406593406594,0.9076923076923077,0.9780219780219781,0.9736263736263736,1.0,8
14,5,0.4110168260003976,0.8021978021978022,0.8725274725274725,0.9428571428571428,0.9912087912087912,0.9824175824175824,0.9956043956043955,0.8989010989010989,0.9516483516483516,0.9780219780219781,0.9912087912087912,1.0,8
14,5,0.3708220582636158,0.9296703296703297,0.9296703296703297,0.9868131868131869,0.9956043956043955,0.9956043956043955,0.9956043956043955,0.9472527472527472,0.956043956043956,0.9824175824175824,0.9912087912087912,1.0,8
14,5,0.45844777524843894,0.9032967032967033,0.9208791208791209,0.956043956043956,0.9868131868131869,0.9604395604395607,0.9868131868131869,0.9384615384615385,0.956043956043956,0.9956043956043955,0.9824175824175824,1.0,8
14,5,0.30800701187250995,0.745054945054945,0.8373626373626375,0.8109890109890111,0.9252747252747253,0.8417582417582418,0.9428571428571428,0.8153846153846154,0.8857142857142857,0.9780219780219781,0.9296703296703297,0.9956043956043955,8
14,5,0.4702292376274727,0.7890109890109891,0.8637362637362638,0.9472527472527472,0.9912087912087912,0.9472527472527472,0.9912087912087912,0.9032967032967033,0.9648351648351648,0.9956043956043955,0.9912087912087912,1.0,8
14,5,0.49597924165540347,0.8945054945054945,0.8637362637362638,0.9780219780219781,1.0,0.9780219780219781,1.0,0.956043956043956,0.956043956043956,1.0,1.0,1.0,8
14,5,0.3285890074657712,0.767032967032967,0.7714285714285714,0.9076923076923077,0.956043956043956,0.9032967032967033,0.9428571428571428,0.8417582417582418,0.8417582417582418,0.9604395604395607,0.9516483516483516,0.9956043956043955,8
14,5,0.3839091285300235,0.9516483516483516,0.9604395604395607,0.9912087912087912,1.0,0.9868131868131869,1.0,0.9868131868131869,0.9912087912087912,1.0,0.9912087912087912,1.0,9
14,5,0.3267259535867511,0.9296703296703297,0.956043956043956,0.9780219780219781,0.9912087912087912,0.956043956043956,0.9912087912087912,0.9252747252747253,0.9648351648351648,0.9604395604395607,0.9868131868131869,1.0,9
14,5,0.317808375651875,0.8549450549450549,0.9120879120879121,0.9868131868131869,0.9824175824175824,0.9868131868131869,0.9956043956043955,0.9252747252747253,0.9428571428571428,0.9692307692307693,0.9648351648351648,1.0,9
14,5,0.2368726503681509,0.9472527472527472,0.9648351648351648,0.9868131868131869,1.0,0.9780219780219781,0.9956043956043955,0.9428571428571428,0.9868131868131869,0.9824175824175824,0.9956043956043955,1.0,9
14,5,0.39734391458442647,0.9296703296703297,0.9032967032967033,0.9868131868131869,0.9912087912087912,0.9824175824175824,1.0,0.8549450549450549,0.9736263736263736,0.9780219780219781,0.9956043956043955,1.0,9
14,5,0.45465273798113404,0.8637362637362638,0.8989010989010989,0.9824175824175824,0.9912087912087912,0.9780219780219781,0.9912087912087912,0.8945054945054945,0.9384615384615385,0.9912087912087912,0.9956043956043955,1.0,9
14,5,0.47983675965272016,0.9032967032967033,0.8945054945054945,0.9912087912087912,1.0,0.9912087912087912,1.0,0.9296703296703297,0.9780219780219781,1.0,1.0,1.0,9
14,5,0.4631455508050781,0.9032967032967033,0.8813186813186813,0.9340659340659341,0.9472527472527472,0.9296703296703297,0.9472527472527472,0.9384615384615385,0.9032967032967033,0.9868131868131869,0.9780219780219781,1.0,9
14,5,0.4182647536100682,0.832967032967033,0.8637362637362638,0.9692307692307693,0.9956043956043955,0.956043956043956,0.9956043956043955,0.9648351648351648,0.9516483516483516,0.9912087912087912,1.0,1.0,10
14,5,0.31393589245659076,0.9208791208791209,0.9516483516483516,0.9648351648351648,0.9780219780219781,0.9384615384615385,0.9736263736263736,0.9516483516483516,0.9824175824175824,0.9912087912087912,0.9692307692307693,1.0,10
14,5,0.3191163230433871,0.8945054945054945,0.9340659340659341,0.9692307692307693,0.9824175824175824,0.9824175824175824,0.9956043956043955,0.9340659340659341,0.9604395604395607,0.9956043956043955,0.9736263736263736,1.0,10
14,5,0.2833724844523356,0.8725274725274725,0.8901098901098902,0.9736263736263736,1.0,0.9736263736263736,0.9956043956043955,0.9384615384615385,0.9604395604395607,0.9736263736263736,0.9956043956043955,1.0,10
14,5,0.47527811645160745,0.9208791208791209,0.9428571428571428,0.9868131868131869,0.9956043956043955,0.9956043956043955,0.9956043956043955,0.9516483516483516,0.9692307692307693,1.0,0.9912087912087912,1.0,10
14,5,0.23861462486157473,0.9516483516483516,0.9648351648351648,0.9692307692307693,0.9912087912087912,0.9296703296703297,0.9956043956043955,0.9648351648351648,0.9692307692307693,0.9780219780219781,0.9868131868131869,1.0,10
14,5,0.21966100385801327,0.8593406593406594,0.8813186813186813,0.9692307692307693,0.9780219780219781,0.9472527472527472,0.9956043956043955,0.9208791208791209,0.9472527472527472,0.9780219780219781,0.9648351648351648,1.0,10
14,5,0.4284854665133445,0.8813186813186813,0.8989010989010989,0.9868131868131869,0.9912087912087912,0.9780219780219781,0.9868131868131869,0.9384615384615385,0.9604395604395607,0.9912087912087912,0.9868131868131869,1.0,10
14,5,0.37441508165877924,0.7582417582417583,0.8593406593406594,0.9692307692307693,0.9912087912087912,0.9736263736263736,1.0,0.767032967032967,0.8989010989010989,0.9780219780219781,0.9604395604395607,0.9956043956043955,11
14,5,0.05719452399533894,0.7802197802197802,0.8021978021978022,0.9516483516483516,0.9912087912087912,0.9692307692307693,0.9912087912087912,0.8065934065934066,0.8857142857142857,0.9736263736263736,0.9824175824175824,0.9956043956043955,11
14,5,0.0789901372206409,0.5780219780219781,0.8681318681318682,0.7890109890109891,0.9912087912087912,0.7274725274725276,1.0,0.6439560439560439,0.9076923076923077,0.9692307692307693,0.9428571428571428,1.0,11
14,5,0.3512061400670299,0.8769230769230769,0.8769230769230769,0.9472527472527472,0.9824175824175824,0.9208791208791209,0.9736263736263736,0.8945054945054945,0.9472527472527472,0.9912087912087912,0.9780219780219781,1.0,11
14,5,0.3233089600475765,0.8725274725274725,0.9208791208791209,0.9824175824175824,0.9956043956043955,0.9868131868131869,1.0,0.8901098901098902,0.956043956043956,0.9912087912087912,0.9912087912087912,1.0,11
14,5,0.360028821091918,0.8769230769230769,0.8901098901098902,0.956043956043956,0.9868131868131869,0.9296703296703297,0.9780219780219781,0.8989010989010989,0.9164835164835166,0.9956043956043955,0.9692307692307693,1.0,11
14,5,0.28650346434500173,0.8725274725274725,0.8725274725274725,0.9648351648351648,0.9780219780219781,0.9472527472527472,0.9692307692307693,0.8945054945054945,0.9296703296703297,0.9516483516483516,0.9736263736263736,1.0,11
14,5,0.4332506017317041,0.8857142857142857,0.8989010989010989,0.9780219780219781,0.9956043956043955,0.9780219780219781,1.0,0.9780219780219781,0.9604395604395607,1.0,0.9956043956043955,1.0,11
14,5,0.21336544187171064,0.7890109890109891,0.8901098901098902,0.8681318681318682,0.9868131868131869,0.8549450549450549,0.9956043956043955,0.7846153846153847,0.8857142857142857,0.9648351648351648,0.9692307692307693,1.0,12
14,5,0.3128265639990988,0.8373626373626375,0.9384615384615385,0.9692307692307693,0.9736263736263736,0.9208791208791209,0.9912087912087912,0.8593406593406594,0.9648351648351648,0.9780219780219781,0.9516483516483516,1.0,12
14,5,0.2628811136519251,0.9384615384615385,0.9516483516483516,0.9648351648351648,0.9956043956043955,0.9824175824175824,0.9868131868131869,0.9648351648351648,0.9780219780219781,0.956043956043956,0.9736263736263736,1.0,12
14,5,0.3608381095273095,0.9516483516483516,0.9780219780219781,0.956043956043956,0.9956043956043955,0.9428571428571428,0.9956043956043955,0.9296703296703297,0.9824175824175824,0.9912087912087912,0.9736263736263736,1.0,12
14,5,0.3599535979015047,0.9824175824175824,0.9868131868131869,0.9780219780219781,1.0,0.9780219780219781,0.9912087912087912,0.9824175824175824,0.9868131868131869,0.9956043956043955,0.9956043956043955,1.0,12
14,5,0.27166512295619144,0.9692307692307693,0.9824175824175824,0.9912087912087912,0.9912087912087912,0.9956043956043955,0.9912087912087912,0.9868131868131869,0.9912087912087912,0.9912087912087912,0.9868131868131869,1.0,12
14,5,0.4019484383960263,0.8505494505494505,0.9076923076923077,0.9868131868131869,0.9912087912087912,0.9868131868131869,0.9912087912087912,0.8857142857142857,0.9120879120879121,0.9912087912087912,0.956043956043956,1.0,12
14,5,0.3468029722524426,0.9824175824175824,0.9692307692307693,0.9648351648351648,0.9912087912087912,0.9604395604395607,0.9956043956043955,0.9472527472527472,0.8989010989010989,0.9956043956043955,0.9692307692307693,1.0,12
14,5,0.3111209105334848,0.9296703296703297,0.9648351648351648,0.9868131868131869,0.9912087912087912,0.9736263736263736,0.9868131868131869,0.9384615384615385,0.9648351648351648,0.9912087912087912,0.9604395604395607,1.0,13
14,5,0.4209763329282836,0.9384615384615385,0.9384615384615385,0.9912087912087912,0.9868131868131869,0.9868131868131869,0.9912087912087912,0.9692307692307693,0.9692307692307693,0.9956043956043955,0.9868131868131869,1.0,13
14,5,0.3027756621423972,0.9164835164835166,0.9340659340659341,0.9516483516483516,0.9956043956043955,0.9384615384615385,0.9868131868131869,0.9472527472527472,0.9736263736263736,0.9868131868131869,0.9868131868131869,1.0,13
14,5,0.23474436813965055,0.8505494505494505,0.9076923076923077,0.956043956043956,0.9912087912087912,0.9516483516483516,0.9868131868131869,0.8549450549450549,0.9296703296703297,0.9736263736263736,0.9912087912087912,1.0,13
14,5,0.2673666544636943,0.7626373626373627,0.8373626373626375,0.9516483516483516,0.9736263736263736,0.9428571428571428,0.9604395604395607,0.7978021978021977,0.8417582417582418,0.9824175824175824,0.9384615384615385,1.0,13
14,5,0.2719145131863362,0.9472527472527472,0.9604395604395607,0.9912087912087912,0.9912087912087912,0.9692307692307693,0.9780219780219781,0.9296703296703297,0.9648351648351648,0.9868131868131869,0.9956043956043955,1.0,13
14,5,0.19371623556765566,0.9648351648351648,0.9604395604395607,0.956043956043956,0.9604395604395607,0.9604395604395607,0.9912087912087912,0.8505494505494505,0.9296703296703297,0.9428571428571428,0.9516483516483516,1.0,13
14,5,0.22418878938734307,0.8813186813186813,0.8945054945054945,0.9824175824175824,0.9780219780219781,0.9648351648351648,0.9868131868131869,0.9032967032967033,0.9032967032967033,0.9912087912087912,0.9384615384615385,1.0,13
14,5,0.4027695387740324,0.9164835164835166,0.9516483516483516,0.9472527472527472,0.9912087912087912,0.9604395604395607,1.0,0.8901098901098902,0.9516483516483516,0.9912087912087912,0.9516483516483516,1.0,14
14,5,0.30289913187058726,0.8593406593406594,0.8593406593406594,0.9736263736263736,0.9912087912087912,0.9648351648351648,0.9956043956043955,0.9164835164835166,0.9032967032967033,0.9692307692307693,0.9736263736263736,1.0,14
14,5,0.32442922425111737,0.8945054945054945,0.9076923076923077,0.9516483516483516,0.9956043956043955,0.956043956043956,0.9956043956043955,0.9736263736263736,0.9868131868131869,1.0,0.9956043956043955,1.0,14
14,5,0.3124874122198391,0.9120879120879121,0.9208791208791209,0.9604395604395607,1.0,0.9340659340659341,1.0,0.956043956043956,0.9736263736263736,0.9780219780219781,1.0,1.0,14
14,5,0.37662388845975964,0.7626373626373627,0.8197802197802198,0.9120879120879121,0.9824175824175824,0.9032967032967033,0.9912087912087912,0.7494505494505495,0.832967032967033,0.9868131868131869,0.9912087912087912,1.0,14
14,5,0.30820168408255033,0.7230769230769231,0.832967032967033,0.9296703296703297,0.9912087912087912,0.9252747252747253,0.9868131868131869,0.6967032967032967,0.8241758241758241,0.9868131868131869,0.9780219780219781,1.0,14
14,5,0.38081203462229285,0.9472527472527472,0.956043956043956,0.9736263736263736,1.0,0.9604395604395607,0.9956043956043955,0.9340659340659341,0.9076923076923077,1.0,1.0,1.0,14
14,5,0.4765478194022296,0.9472527472527472,0.9384615384615385,0.9824175824175824,1.0,0.9824175824175824,1.0,0.9516483516483516,0.956043956043956,1.0,0.9956043956043955,1.0,14
14,5,0.26447204968299876,0.8197802197802198,0.8285714285714285,0.9780219780219781,0.9780219780219781,0.9692307692307693,0.9912087912087912,0.8725274725274725,0.9208791208791209,0.9780219780219781,0.9824175824175824,1.0,15
14,5,0.2178347762585057,0.7406593406593407,0.767032967032967,0.8901098901098902,0.9824175824175824,0.8989010989010989,0.9824175824175824,0.7010989010989012,0.7890109890109891,0.9780219780219781,0.8637362637362638,0.9956043956043955,15
14,5,0.35189464311021856,0.8417582417582418,0.8549450549450549,0.9384615384615385,0.9692307692307693,0.9472527472527472,0.9824175824175824,0.8857142857142857,0.8989010989010989,0.9868131868131869,0.9428571428571428,1.0,15
14,5,0.35708600572933674,0.8197802197802198,0.9032967032967033,0.9428571428571428,0.9736263736263736,0.956043956043956,0.9912087912087912,0.8813186813186813,0.9296703296703297,0.9736263736263736,0.9912087912087912,1.0,15
14,5,0.26731602917323366,0.8505494505494505,0.8417582417582418,0.8989010989010989,0.9648351648351648,0.9120879120879121,0.9868131868131869,0.8593406593406594,0.8725274725274725,0.9692307692307693,0.8725274725274725,1.0,15
14,5,0.4808118568330796,0.9252747252747253,0.9428571428571428,0.9736263736263736,0.9868131868131869,0.9736263736263736,0.9956043956043955,0.956043956043956,0.9868131868131869,0.9956043956043955,0.9824175824175824,1.0,15
14,5,0.3914077604535443,0.9340659340659341,0.9516483516483516,0.9956043956043955,1.0,0.9912087912087912,0.9956043956043955,0.9868131868131869,0.9868131868131869,0.9956043956043955,0.9956043956043955,1.0,15
14,5,0.3004493615084169,0.8065934065934066,0.8549450549450549,0.9604395604395607,0.9824175824175824,0.9604395604395607,0.9780219780219781,0.8681318681318682,0.9120879120879121,0.9780219780219781,0.8989010989010989,1.0,15
14,5,0.3946239173551821,0.8989010989010989,0.9384615384615385,0.9164835164835166,0.9692307692307693,0.9032967032967033,0.9516483516483516,0.9076923076923077,0.9648351648351648,0.9692307692307693,0.9516483516483516,1.0,16
14,5,0.45492685864615046,0.8153846153846154,0.9076923076923077,0.8989010989010989,0.9648351648351648,0.9164835164835166,0.9604395604395607,0.8109890109890111,0.8681318681318682,0.9824175824175824,0.956043956043956,1.0,16
14,5,0.22985478117469244,0.8681318681318682,0.8857142857142857,0.9120879120879121,0.9956043956043955,0.9340659340659341,0.9956043956043955,0.7978021978021977,0.8813186813186813,0.9824175824175824,0.9868131868131869,1.0,16
14,5,0.28348166067914904,0.8637362637362638,0.9164835164835166,0.9252747252747253,0.9780219780219781,0.9296703296703297,0.9868131868131869,0.9120879120879121,0.9604395604395607,0.9648351648351648,0.9780219780219781,1.0,16
14,5,0.3737221071712398,0.9252747252747253,0.9208791208791209,0.9824175824175824,0.9912087912087912,0.9780219780219781,0.9912087912087912,0.9516483516483516,0.9692307692307693,0.9956043956043955,0.9912087912087912,1.0,16
14,5,0.3531609758735292,0.8769230769230769,0.9384615384615385,0.9472527472527472,0.9868131868131869,0.9516483516483516,0.9912087912087912,0.8769230769230769,0.9692307692307693,0.9912087912087912,0.9824175824175824,1.0,16
14,5,0.38426071371443565,0.8901098901098902,0.9296703296703297,0.9296703296703297,0.9736263736263736,0.8989010989010989,0.9824175824175824,0.8549450549450549,0.9164835164835166,0.9912087912087912,0.9780219780219781,1.0,16
14,5,0.411200412079439,0.8945054945054945,0.9120879120879121,0.9736263736263736,0.9736263736263736,0.9648351648351648,0.9736263736263736,0.956043956043956,0.9604395604395607,0.9868131868131869,0.9736263736263736,1.0,16
14,5,0.18419257407651332,0.7934065934065934,0.8593406593406594,0.9428571428571428,0.9912087912087912,0.9692307692307693,0.9956043956043955,0.8593406593406594,0.9076923076923077,0.9912087912087912,0.9824175824175824,1.0,17
14,5,0.20001795354397173,0.8109890109890111,0.8857142857142857,0.9384615384615385,0.9912087912087912,0.9384615384615385,0.9912087912087912,0.9032967032967033,0.9252747252747253,0.9912087912087912,0.9736263736263736,1.0,17
14,5,0.48501642396576,0.9120879120879121,0.9384615384615385,0.9912087912087912,0.9956043956043955,0.9912087912087912,1.0,0.9736263736263736,0.9912087912087912,0.9956043956043955,0.9956043956043955,1.0,17
14,5,0.2659677506498265,0.8197802197802198,0.8285714285714285,0.9736263736263736,0.9780219780219781,0.9692307692307693,0.9780219780219781,0.9120879120879121,0.9164835164835166,0.9692307692307693,0.9736263736263736,1.0,17
14,5,0.3722954615390754,0.8373626373626375,0.8901098901098902,0.9692307692307693,0.9912087912087912,0.9692307692307693,0.9912087912087912,0.9296703296703297,0.9692307692307693,0.9956043956043955,0.9824175824175824,1.0,17
14,5,0.39441680822394193,0.9076923076923077,0.9472527472527472,0.9692307692307693,0.9912087912087912,0.9780219780219781,0.9912087912087912,0.9780219780219781,0.9780219780219781,0.9956043956043955,0.9736263736263736,1.0,17
14,5,0.3410763026205184,0.9340659340659341,0.9516483516483516,0.9824175824175824,0.9912087912087912,0.9648351648351648,0.9956043956043955,0.9824175824175824,0.9956043956043955,0.9912087912087912,0.9912087912087912,1.0,17
14,5,0.3766146676504122,0.9340659340659341,0.9472527472527472,0.9692307692307693,0.9824175824175824,0.9780219780219781,0.9912087912087912,0.9252747252747253,0.956043956043956,0.9868131868131869,0.9736263736263736,1.0,17
14,5,0.4737407814441035,0.8197802197802198,0.8725274725274725,0.9252747252747253,1.0,0.9252747252747253,0.9956043956043955,0.8901098901098902,0.9032967032967033,1.0,1.0,1.0,18
14,5,0.37754501168473864,0.9516483516483516,0.9604395604395607,0.9736263736263736,0.9868131868131869,0.9472527472527472,0.9780219780219781,0.9780219780219781,0.9824175824175824,0.9780219780219781,0.9780219780219781,1.0,18
14,5,0.3282478604990663,0.8725274725274725,0.9076923076923077,0.9736263736263736,1.0,0.9780219780219781,1.0,0.9120879120879121,0.9252747252747253,0.9956043956043955,0.9912087912087912,1.0,18
14,5,0.4856616442615109,0.9340659340659341,0.9428571428571428,0.9824175824175824,0.9956043956043955,0.9824175824175824,0.9956043956043955,0.9692307692307693,0.9648351648351648,1.0,0.9956043956043955,1.0,18
14,5,0.2915746775172943,0.8901098901098902,0.9032967032967033,0.956043956043956,0.9868131868131869,0.9516483516483516,0.9868131868131869,0.8681318681318682,0.8857142857142857,0.9824175824175824,0.9604395604395607,1.0,18
14,5,0.22851247241928554,0.9780219780219781,0.9824175824175824,0.956043956043956,0.9780219780219781,0.9868131868131869,0.9956043956043955,0.956043956043956,0.9956043956043955,0.9780219780219781,0.9780219780219781,1.0,18
14,5,0.23685074277666146,0.9428571428571428,0.9252747252747253,0.9648351648351648,0.9780219780219781,0.9340659340659341,0.9868131868131869,0.9340659340659341,0.9692307692307693,0.9868131868131869,0.9824175824175824,1.0,18
14,5,0.4256995795150215,0.8725274725274725,0.8725274725274725,0.9736263736263736,1.0,0.9780219780219781,1.0,0.8857142857142857,0.8813186813186813,0.9956043956043955,0.9956043956043955,1.0,18
14,5,0.4452938368044728,0.9692307692307693,0.956043956043956,0.9868131868131869,1.0,0.9912087912087912,1.0,0.9428571428571428,0.956043956043956,0.9912087912087912,0.9956043956043955,1.0,19
14,5,0.43759638629318237,0.8989010989010989,0.8945054945054945,0.9780219780219781,0.9956043956043955,0.9780219780219781,0.9956043956043955,0.956043956043956,0.9868131868131869,0.9824175824175824,0.9912087912087912,1.0,19
14,5,0.32757520670749196,0.8461538461538461,0.8725274725274725,0.9296703296703297,0.9692307692307693,0.9296703296703297,0.9692307692307693,0.8153846153846154,0.8285714285714285,0.9692307692307693,0.9692307692307693,1.0,19
14,5,0.1540491285752447,0.9164835164835166,0.9384615384615385,0.9296703296703297,0.9824175824175824,0.9604395604395607,1.0,0.8769230769230769,0.9428571428571428,0.9912087912087912,0.9780219780219781,1.0,19
14,5,0.3527094594604385,0.9208791208791209,0.9428571428571428,0.9780219780219781,0.9956043956043955,0.9604395604395607,0.9956043956043955,0.9472527472527472,0.9648351648351648,0.9824175824175824,0.9824175824175824,1.0,19
14,5,0.4522440317714799,0.9516483516483516,0.9604395604395607,0.9912087912087912,1.0,0.9956043956043955,1.0,0.9912087912087912,0.9868131868131869,0.9956043956043955,0.9912087912087912,1.0,19
14,5,0.4019761151347191,0.9736263736263736,0.9604395604395607,0.9736263736263736,0.9912087912087912,0.9868131868131869,1.0,0.9472527472527472,0.9780219780219781,0.9912087912087912,0.9868131868131869,1.0,19
14,5,0.11447650819375912,0.7186813186813187,0.9208791208791209,0.7802197802197802,0.9428571428571428,0.8901098901098902,0.9956043956043955,0.6527472527472528,0.9340659340659341,0.9780219780219781,0.9296703296703297,1.0,19
20,3,0.4810161626207275,0.8796992481203006,0.9067669172932331,0.9233082706766916,0.9819548872180449,0.9233082706766916,0.9819548872180449,0.8541353383458646,0.9263157894736842,0.9969924812030074,0.9819548872180449,1.0,0
20,3,0.47537865047157024,0.9263157894736842,0.9443609022556391,0.9548872180451128,0.9894736842105262,0.9548872180451128,0.9894736842105262,0.9037593984962405,0.9203007518796992,0.993984962406015,0.9894736842105262,1.0,0
20,3,0.4600508064187088,0.9473684210526315,0.9609022556390976,0.9774436090225563,0.9909774436090225,0.9774436090225563,0.9879699248120299,0.9263157894736842,0.9533834586466164,0.9969924812030074,0.993984962406015,1.0,0
20,3,0.4921552670611074,0.9278195488721804,0.9278195488721804,0.9458646616541352,0.9819548872180449,0.9458646616541352,0.9819548872180449,0.9533834586466164,0.9759398496240601,0.9879699248120299,0.9744360902255638,1.0,0
20,3,0.4939179814001211,0.9533834586466164,0.932330827067669,0.9684210526315788,0.9849624060150375,0.9684210526315788,0.9849624060150375,0.9293233082706768,0.9308270676691727,0.993984962406015,0.9849624060150375,1.0,0
20,3,0.45522907459460804,0.9278195488721804,0.9413533834586465,0.9729323308270676,0.9924812030075187,0.9699248120300751,0.993984962406015,0.9142857142857143,0.9233082706766916,0.993984962406015,0.9804511278195487,1.0,0
20,3,0.42879764192325265,0.9488721804511278,0.9654135338345864,0.8902255639097743,0.9924812030075187,0.8902255639097743,0.993984962406015,0.8481203007518796,0.9353383458646616,0.9984962406015038,0.993984962406015,1.0,0
20,3,0.36917310834166117,0.9458646616541352,0.9789473684210527,0.9789473684210527,0.9909774436090225,0.9669172932330825,0.9879699248120299,0.9353383458646616,0.9654135338345864,0.9879699248120299,0.9819548872180449,1.0,0
20,3,0.4470717657649695,0.9218045112781955,0.9654135338345864,0.9533834586466164,0.9849624060150375,0.9518796992481202,0.9879699248120299,0.9518796992481202,0.9593984962406013,0.9924812030075187,0.9909774436090225,1.0,1
20,3,0.45414870809310587,0.9052631578947368,0.9172932330827066,0.9789473684210527,0.993984962406015,0.9849624060150375,0.993984962406015,0.9293233082706768,0.9639097744360902,0.9969924812030074,0.9894736842105262,1.0,1
20,3,0.22280934194949012,0.8917293233082706,0.9428571428571428,0.9533834586466164,0.9894736842105262,0.9654135338345864,0.9984962406015038,0.9428571428571428,0.9548872180451128,0.9849624060150375,0.9894736842105262,1.0,1
20,3,0.24036671745177635,0.9037593984962405,0.9413533834586465,0.9353383458646616,0.9879699248120299,0.9443609022556391,0.9969924812030074,0.8736842105263156,0.9593984962406013,0.9909774436090225,0.9909774436090225,1.0,1
20,3,0.45321913744171777,0.882706766917293,0.9127819548872179,0.9518796992481202,0.9894736842105262,0.9503759398496241,0.9894736842105262,0.918796992481203,0.9443609022556391,0.9984962406015038,0.9969924812030074,1.0,1
20,3,0.46239203388837324,0.9052631578947368,0.9353383458646616,0.9488721804511278,0.9744360902255638,0.9548872180451128,0.9819548872180449,0.9067669172932331,0.9383458646616539,0.9954887218045112,0.9744360902255638,1.0,1
20,3,0.25448231696621315,0.9157894736842105,0.9428571428571428,0.9428571428571428,0.9879699248120299,0.9624060150375938,0.9924812030075187,0.9157894736842105,0.9609022556390976,0.993984962406015,0.9879699248120299,1.0,1
20,3,0.3021770266617166,0.9458646616541352,0.9473684210526315,0.9714285714285714,0.9864661654135337,0.9518796992481202,0.9954887218045112,0.9157894736842105,0.9488721804511278,0.993984962406015,0.9804511278195487,1.0,1
20,3,0.4521020241475638,0.831578947368421,0.8646616541353382,0.9067669172932331,0.9714285714285714,0.8902255639097743,0.9729323308270676,0.7789473684210525,0.8225563909774435,0.9834586466165413,0.9744360902255638,1.0,2
20,3,0.4694063853788229,0.9067669172932331,0.9218045112781955,0.8932330827067668,0.9819548872180449,0.882706766917293,0.9834586466165413,0.9082706766917292,0.9548872180451128,0.993984962406015,0.9744360902255638,1.0,2
20,3,0.47265694548953574,0.8932330827067668,0.8796992481203006,0.9278195488721804,0.9804511278195487,0.9097744360902256,0.9804511278195487,0.7969924812030074,0.8601503759398496,0.993984962406015,0.9729323308270676,0.9984962406015038,2
20,3,0.4532091899212041,0.8932330827067668,0.9037593984962405,0.9729323308270676,0.9924812030075187,0.9714285714285714,0.9894736842105262,0.819548872180451,0.8466165413533834,0.9969924812030074,0.9924812030075187,1.0,2
20,3,0.4212431534805401,0.9127819548872179,0.9308270676691727,0.9714285714285714,0.9879699248120299,0.9714285714285714,0.9879699248120299,0.9714285714285714,0.9533834586466164,0.9789473684210527,0.9909774436090225,1.0,2
20,3,0.49201482926792034,0.8556390977443609,0.8586466165413533,0.9142857142857143,0.9909774436090225,0.9142857142857143,0.9909774436090225,0.8270676691729323,0.8796992481203006,0.9954887218045112,0.9909774436090225,1.0,2
20,3,0.33235956326957566,0.8691729323308269,0.900751879699248,0.956390977443609,0.9879699248120299,0.9353383458646616,0.9804511278195487,0.7999999999999999,0.7744360902255639,0.9744360902255638,0.9639097744360902,1.0,2
20,3,0.40209779558180214,0.8616541353383457,0.9172932330827066,0.8225563909774435,0.9699248120300751,0.8225563909774435,0.9729323308270676,0.7789473684210525,0.7834586466165413,0.9864661654135337,0.9473684210526315,1.0,2
20,3,0.3246847042585588,0.8270676691729323,0.9248120300751879,0.9684210526315788,0.9864661654135337,0.9639097744360902,0.9924812030075187,0.8240601503759398,0.9127819548872179,0.9909774436090225,0.9639097744360902,0.9954887218045112,3
20,3,0.39873947259673637,0.9067669172932331,0.9413533834586465,0.9383458646616539,0.9789473684210527,0.9548872180451128,0.9909774436090225,0.9203007518796992,0.9488721804511278,0.9684210526315788,0.9639097744360902,0.9984962406015038,3
20,3,0.4526801516064618,0.9353383458646616,0.9172932330827066,0.9699248120300751,0.9789473684210527,0.9699248120300751,0.9729323308270676,0.9353383458646616,0.9473684210526315,0.9789473684210527,0.9789473684210527,0.9909774436090225,3
20,3,0.2914080679173056,0.9383458646616539,0.9458646616541352,0.9699248120300751,0.9954887218045112,0.9714285714285714,0.9954887218045112,0.9308270676691727,0.9699248120300751,0.9954887218045112,0.993984962406015,1.0,3
20,3,0.3936250579961373,0.8676691729323308,0.8947368421052632,0.9684210526315788,0.9879699248120299,0.9774436090225563,0.993984962406015,0.8676691729323308,0.9097744360902256,0.9909774436090225,0.9593984962406013,1.0,3
20,3,0.4171994271429706,0.932330827067669,0.9293233082706768,0.9714285714285714,0.9834586466165413,0.9714285714285714,0.9819548872180449,0.9443609022556391,0.9458646616541352,0.9969924812030074,0.9834586466165413,1.0,3
20,3,0.3118067541500322,0.8616541353383457,0.8947368421052632,0.9609022556390976,0.9744360902255638,0.9699248120300751,0.9894736842105262,0.8451127819548873,0.9172932330827066,0.9684210526315788,0.9548872180451128,0.9984962406015038,3
20,3,0.30405561724860064,0.8977443609022555,0.9308270676691727,0.9578947368421054,0.9924812030075187,0.9458646616541352,0.9924812030075187,0.9218045112781955,0.9639097744360902,0.9969924812030074,0.9894736842105262,0.9984962406015038,3
20,3,0.47640156196238564,0.9654135338345864,0.9744360902255638,0.9458646616541352,0.9834586466165413,0.9458646616541352,0.9804511278195487,0.9022556390977443,0.9142857142857143,0.993984962406015,0.9834586466165413,1.0,4
20,3,0.46539087329839196,0.9037593984962405,0.9203007518796992,0.9834586466165413,0.9924812030075187,0.9834586466165413,0.9924812030075187,0.9398496240601503,0.9533834586466164,0.9969924812030074,0.9909774436090225,1.0,4
20,3,0.4551806167697211,0.9127819548872179,0.9233082706766916,0.9714285714285714,0.9954887218045112,0.9714285714285714,0.9954887218045112,0.9609022556390976,0.9669172932330825,0.9969924812030074,0.9954887218045112,1.0,4
20,3,0.4426370688762962,0.9609022556390976,0.9518796992481202,0.9578947368421054,0.993984962406015,0.9578947368421054,0.9984962406015038,0.9383458646616539,0.9503759398496241,0.9984962406015038,0.9969924812030074,1.0,4
20,3,0.442470707430751,0.9353383458646616,0.9203007518796992,0.9714285714285714,0.9924812030075187,0.9669172932330825,0.9924812030075187,0.8992481203007519,0.8977443609022555,0.9879699248120299,0.9819548872180449,0.9984962406015038,4
20,3,0.43007303525140506,0.9443609022556391,0.9473684210526315,0.9383458646616539,0.9954887218045112,0.9383458646616539,0.9954887218045112,0.8917293233082706,0.8872180451127819,0.9984962406015038,0.9924812030075187,1.0,4
20,3,0.43962499057997273,0.900751879699248,0.9082706766917292,0.9248120300751879,0.9879699248120299,0.9127819548872179,0.993984962406015,0.837593984962406,0.8556390977443609,0.993984962406015,0.9894736842105262,1.0,4
20,3,0.42693080034504277,0.9037593984962405,0.9157894736842105,0.9203007518796992,0.9864661654135337,0.9398496240601503,0.9894736842105262,0.8887218045112781,0.9503759398496241,0.9909774436090225,0.9819548872180449,1.0,4
20,3,0.4626154006306354,0.8030075187969924,0.7789473684210525,0.9774436090225563,0.9894736842105262,0.9819548872180449,0.9849624060150375,0.9428571428571428,0.9428571428571428,0.993984962406015,0.9849624060150375,1.0,5
20,3,0.3840325733821821,0.8556390977443609,0.8556390977443609,0.9518796992481202,0.9969924812030074,0.9548872180451128,0.9954887218045112,0.9609022556390976,0.9789473684210527,0.9984962406015038,0.993984962406015,1.0,5
20,3,0.4678276441368659,0.8691729323308269,0.8781954887218045,0.9729323308270676,0.9909774436090225,0.9729323308270676,0.9909774436090225,0.9398496240601503,0.9518796992481202,0.9969924812030074,0.9924812030075187,0.9984962406015038,5
20,3,0.40098999352354936,0.7473684210526315,0.7954887218045112,0.9338345864661652,0.9849624060150375,0.9458646616541352,0.9894736842105262,0.8676691729323308,0.9488721804511278,0.9864661654135337,0.9729323308270676,1.0,5
20,3,0.40672311648363235,0.8225563909774435,0.8225563909774435,0.9684210526315788,0.9849624060150375,0.9759398496240601,0.9969924812030074,0.9759398496240601,0.9654135338345864,0.9894736842105262,0.9774436090225563,1.0,5
20,3,0.47133696765877475,0.900751879699248,0.9203007518796992,0.9458646616541352,0.9849624060150375,0.9473684210526315,0.9849624060150375,0.9353383458646616,0.956390977443609,0.993984962406015,0.9879699248120299,0.9984962406015038,5
20,3,0.4979135832367061,0.8556390977443609,0.8466165413533834,0.9473684210526315,0.9924812030075187,0.9473684210526315,0.9924812030075187,0.9233082706766916,0.9639097744360902,0.9969924812030074,0.9924812030075187,1.0,5
20,3,0.2807421451678756,0.801503759398496,0.8030075187969924,0.9353383458646616,0.9954887218045112,0.9413533834586465,0.9924812030075187,0.9112781954887217,0.9488721804511278,0.9864661654135337,0.9924812030075187,1.0,5
20,3,0.394911990615337,0.8646616541353382,0.875187969924812,0.900751879699248,0.9684210526315788,0.8721804511278194,0.9669172932330825,0.831578947368421,0.9067669172932331,0.9864661654135337,0.9699248120300751,0.9984962406015038,6
20,3,0.4557842878358696,0.8992481203007519,0.9022556390977443,0.9473684210526315,0.9879699248120299,0.9428571428571428,0.9819548872180449,0.9052631578947368,0.956390977443609,0.9954887218045112,0.9879699248120299,1.0,6
20,3,0.483390417028222,0.900751879699248,0.8977443609022555,0.9699248120300751,0.9969924812030074,0.9699248120300751,0.9969924812030074,0.956390977443609,0.9488721804511278,1.0,0.9969924812030074,1.0,6
20,3,0.401109930085199,0.9172932330827066,0.9398496240601503,0.9669172932330825,0.9924812030075187,0.9278195488721804,0.9864661654135337,0.9413533834586465,0.9518796992481202,0.9984962406015038,0.9909774436090225,1.0,6
20,3,0.4544080165313332,0.9172932330827066,0.9293233082706768,0.9849624060150375,0.9969924812030074,0.9819548872180449,0.9969924812030074,0.9548872180451128,0.9639097744360902,0.9969924812030074,0.9954887218045112,1.0,6
20,3,0.3389412413820178,0.8902255639097743,0.9037593984962405,0.9203007518796992,0.9729323308270676,0.9157894736842105,0.9443609022556391,0.8766917293233082,0.8932330827067668,0.9969924812030074,0.9729323308270676,0.9984962406015038,6
20,3,0.38171953422983906,0.8796992481203006,0.900751879699248,0.9699248120300751,0.9909774436090225,0.9503759398496241,0.9819548872180449,0.9473684210526315,0.9593984962406013,0.993984962406015,0.9909774436090225,1.0,6
20,3,0.4612296479756353,0.9293233082706768,0.9383458646616539,0.9488721804511278,0.9879699248120299,0.9488721804511278,0.9879699248120299,0.9729323308270676,0.9744360902255638,0.993984962406015,0.9879699248120299,1.0,6
20,3,0.45266023876254124,0.9413533834586465,0.9473684210526315,0.9759398496240601,0.9894736842105262,0.9654135338345864,0.9894736842105262,0.9368421052631578,0.9654135338345864,0.9924812030075187,0.9789473684210527,1.0,7
20,3,0.47265797151685873,0.863157894736842,0.8706766917293233,0.9759398496240601,0.9894736842105262,0.9759398496240601,0.9894736842105262,0.9233082706766916,0.9278195488721804,0.9924812030075187,0.9894736842105262,1.0,7
20,3,0.47929216010580356,0.9097744360902256,0.9413533834586465,0.9593984962406013,0.9894736842105262,0.9593984962406013,0.9909774436090225,0.9127819548872179,0.9443609022556391,0.9984962406015038,0.9909774436090225,1.0,7
20,3,0.46960002493144815,0.8661654135338346,0.8586466165413533,0.9533834586466164,0.9759398496240601,0.9533834586466164,0.9759398496240601,0.8511278195488721,0.8872180451127819,0.9879699248120299,0.9774436090225563,1.0,7
20,3,0.4533250301645808,0.9127819548872179,0.9127819548872179,0.9834586466165413,0.9879699248120299,0.9834586466165413,0.9924812030075187,0.9548872180451128,0.9624060150375938,0.993984962406015,0.9909774436090225,1.0,7
20,3,0.4174940033510355,0.9203007518796992,0.956390977443609,0.9398496240601503,0.9849624060150375,0.9518796992481202,0.9924812030075187,0.932330827067669,0.9759398496240601,0.956390977443609,0.9774436090225563,1.0,7
20,3,0.4853643701921679,0.8992481203007519,0.9067669172932331,0.9819548872180449,0.9954887218045112,0.9819548872180449,0.9969924812030074,0.9413533834586465,0.9578947368421054,0.9984962406015038,0.993984962406015,1.0,7
20,3,0.4205393759246265,0.837593984962406,0.8330827067669173,0.9654135338345864,0.9759398496240601,0.9714285714285714,0.9804511278195487,0.8481203007518796,0.8796992481203006,0.9909774436090225,0.9669172932330825,1.0,7
20,3,0.4548964859878616,0.7669172932330827,0.8616541353383457,0.9383458646616539,0.9684210526315788,0.9248120300751879,0.9834586466165413,0.724812030075188,0.7849624060150376,0.9639097744360902,0.9383458646616539,1.0,8
20,3,0.4174141023502848,0.8857142857142858,0.9097744360902256,0.9413533834586465,0.9864661654135337,0.9293233082706768,0.9834586466165413,0.8601503759398496,0.918796992481203,0.9684210526315788,0.9488721804511278,1.0,8
20,3,0.39137079957778065,0.9022556390977443,0.9157894736842105,0.9548872180451128,0.9819548872180449,0.956390977443609,0.9804511278195487,0.8872180451127819,0.918796992481203,0.9729323308270676,0.9699248120300751,1.0,8
20,3,0.4043120616691996,0.8541353383458646,0.9278195488721804,0.9037593984962405,0.9684210526315788,0.9157894736842105,0.9819548872180449,0.8977443609022555,0.932330827067669,0.9714285714285714,0.9413533834586465,1.0,8
20,3,0.40595118503230343,0.7999999999999999,0.8511278195488721,0.9729323308270676,0.9879699248120299,0.9759398496240601,0.9834586466165413,0.863157894736842,0.9097744360902256,0.9879699248120299,0.9639097744360902,0.9984962406015038,8
20,3,0.2921406018589473,0.7969924812030074,0.8902255639097743,0.9368421052631578,0.9729323308270676,0.9548872180451128,0.9909774436090225,0.7894736842105263,0.9022556390977443,0.9413533834586465,0.9609022556390976,1.0,8
20,3,0.342793001675381,0.7624060150375939,0.8691729323308269,0.918796992481203,0.9729323308270676,0.9037593984962405,0.9774436090225563,0.7999999999999999,0.8691729323308269,0.956390977443609,0.9609022556390976,1.0,8
20,3,0.2768777222876134,0.7714285714285714,0.8285714285714285,0.9142857142857143,0.9518796992481202,0.9263157894736842,0.9909774436090225,0.8075187969924811,0.8541353383458646,0.9052631578947368,0.9263157894736842,0.9984962406015038,8
20,3,0.434650104218675,0.8872180451127819,0.8977443609022555,0.9473684210526315,0.9924812030075187,0.9548872180451128,0.9969924812030074,0.8842105263157894,0.9744360902255638,0.9924812030075187,0.9789473684210527,1.0,9
20,3,0.44745516265096297,0.8902255639097743,0.8917293233082706,0.9804511278195487,0.9984962406015038,0.9804511278195487,0.9984962406015038,0.9172932330827066,0.9458646616541352,1.0,0.9984962406015038,1.0,9
20,3,0.387386605563223,0.8902255639097743,0.9278195488721804,0.9503759398496241,0.9879699248120299,0.9383458646616539,0.9879699248120299,0.900751879699248,0.9503759398496241,0.9879699248120299,0.9684210526315788,1.0,9
20,3,0.4974576434465827,0.9082706766917292,0.8917293233082706,0.9804511278195487,0.9909774436090225,0.9834586466165413,0.9909774436090225,0.9338345864661652,0.9458646616541352,0.9969924812030074,0.9909774436090225,1.0,9
20,3,0.49139728373223196,0.8932330827067668,0.9052631578947368,0.9443609022556391,0.9924812030075187,0.9443609022556391,0.9924812030075187,0.9097744360902256,0.9654135338345864,0.9984962406015038,0.9924812030075187,1.0,9
20,3,0.4532521396997083,0.8932330827067668,0.8796992481203006,0.9804511278195487,0.9969924812030074,0.9744360902255638,0.9954887218045112,0.932330827067669,0.9383458646616539,0.9924812030075187,0.9909774436090225,1.0,9
20,3,0.4806409201335786,0.8646616541353382,0.8887218045112781,0.9338345864661652,0.9804511278195487,0.9338345864661652,0.9804511278195487,0.8917293233082706,0.9248120300751879,0.993984962406015,0.9804511278195487,1.0,9
20,3,0.4757873852964622,0.900751879699248,0.8992481203007519,0.9684210526315788,0.9774436090225563,0.9578947368421054,0.9789473684210527,0.918796992481203,0.9172932330827066,0.9894736842105262,0.9729323308270676,0.9984962406015038,9
20,3,0.4869543842805352,0.8932330827067668,0.8887218045112781,0.9518796992481202,0.9819548872180449,0.9518796992481202,0.9819548872180449,0.900751879699248,0.9097744360902256,0.9894736842105262,0.9819548872180449,1.0,10
20,3,0.491463350685534,0.8736842105263156,0.9097744360902256,0.9533834586466164,0.9864661654135337,0.9533834586466164,0.9864661654135337,0.8481203007518796,0.9022556390977443,0.9969924812030074,0.9864661654135337,1.0,10
20,3,0.25961238994791536,0.8360902255639097,0.8571428571428572,0.9203007518796992,0.9624060150375938,0.9338345864661652,0.9834586466165413,0.8691729323308269,0.9233082706766916,0.9578947368421054,0.9548872180451128,0.9984962406015038,10
20,3,0.42105154973861375,0.8691729323308269,0.8736842105263156,0.9789473684210527,0.9909774436090225,0.9789473684210527,0.9909774436090225,0.9578947368421054,0.9729323308270676,0.9909774436090225,0.9909774436090225,1.0,10
20,3,0.4959108450167547,0.8872180451127819,0.9233082706766916,0.9398496240601503,0.9578947368421054,0.9398496240601503,0.9578947368421054,0.9067669172932331,0.9097744360902256,0.9714285714285714,0.9593984962406013,1.0,10
20,3,0.45879633640693956,0.8781954887218045,0.9218045112781955,0.9518796992481202,0.9879699248120299,0.9518796992481202,0.9879699248120299,0.9248120300751879,0.9729323308270676,0.9969924812030074,0.9879699248120299,1.0,10
20,3,0.4817988172944708,0.8646616541353382,0.8842105263157894,0.9443609022556391,0.9654135338345864,0.9443609022556391,0.9654135338345864,0.8646616541353382,0.9353383458646616,0.9924812030075187,0.9654135338345864,1.0,10
20,3,0.47314936866519186,0.8736842105263156,0.8526315789473683,0.9804511278195487,0.9909774436090225,0.9804511278195487,0.9909774436090225,0.9338345864661652,0.956390977443609,0.9984962406015038,0.9894736842105262,0.9984962406015038,10
20,3,0.39755425837466873,0.9233082706766916,0.9052631578947368,0.9488721804511278,0.9954887218045112,0.9443609022556391,0.9954887218045112,0.9127819548872179,0.9233082706766916,0.9969924812030074,0.9909774436090225,1.0,11
20,3,0.478508309969819,0.9097744360902256,0.9052631578947368,0.8962406015037594,0.9533834586466164,0.9022556390977443,0.9654135338345864,0.8857142857142858,0.9112781954887217,0.9864661654135337,0.9443609022556391,1.0,11
20,3,0.19039315858097036,0.7308270676691728,0.8300751879699247,0.9533834586466164,0.9789473684210527,0.8977443609022555,0.9789473684210527,0.724812030075188,0.8390977443609022,0.9819548872180449,0.9789473684210527,1.0,11
20,3,0.39258711733936696,0.8586466165413533,0.8932330827067668,0.9473684210526315,0.9894736842105262,0.9624060150375938,0.993984962406015,0.837593984962406,0.8766917293233082,0.9969924812030074,0.9699248120300751,1.0,11
20,3,0.4246325951143123,0.9308270676691727,0.9533834586466164,0.9548872180451128,0.9894736842105262,0.9518796992481202,0.9909774436090225,0.9022556390977443,0.9428571428571428,0.9879699248120299,0.9684210526315788,0.9984962406015038,11
20,3,0.4589751609384127,0.9413533834586465,0.9368421052631578,0.9729323308270676,0.9894736842105262,0.9729323308270676,0.9879699248120299,0.9443609022556391,0.9383458646616539,0.9984962406015038,0.9849624060150375,1.0,11
20,3,0.3420086078973723,0.9443609022556391,0.9353383458646616,0.9624060150375938,0.9834586466165413,0.9639097744360902,0.9969924812030074,0.9473684210526315,0.9473684210526315,0.9924812030075187,0.9669172932330825,1.0,11
20,3,0.41374861838022414,0.9503759398496241,0.9624060150375938,0.9759398496240601,0.9954887218045112,0.9759398496240601,0.9984962406015038,0.9473684210526315,0.9593984962406013,1.0,0.9954887218045112,1.0,11
20,3,0.4082370059560473,0.806015037593985,0.806015037593985,0.9157894736842105,0.9639097744360902,0.8962406015037594,0.9669172932330825,0.8676691729323308,0.9022556390977443,0.9834586466165413,0.9654135338345864,0.9969924812030074,12
20,3,0.45476335723107064,0.8270676691729323,0.8601503759398496,0.9218045112781955,0.9669172932330825,0.9218045112781955,0.9669172932330825,0.806015037593985,0.8330827067669173,0.9879699248120299,0.9654135338345864,0.9984962406015038,12
20,3,0.42603302035215446,0.8556390977443609,0.8676691729323308,0.9759398496240601,0.9954887218045112,0.9699248120300751,0.9924812030075187,0.8766917293233082,0.8947368421052632,0.9924812030075187,0.993984962406015,0.9969924812030074,12
20,3,0.4357878939321958,0.8796992481203006,0.8902255639097743,0.9593984962406013,0.9834586466165413,0.9593984962406013,0.9834586466165413,0.9263157894736842,0.9654135338345864,0.9894736842105262,0.9879699248120299,1.0,12
20,3,0.4674657899158309,0.9097744360902256,0.8947368421052632,0.9293233082706768,0.9593984962406013,0.8962406015037594,0.9654135338345864,0.8842105263157894,0.8872180451127819,0.9834586466165413,0.9578947368421054,0.9984962406015038,12
20,3,0.31507516573761757,0.8541353383458646,0.8902255639097743,0.9368421052631578,0.9789473684210527,0.9338345864661652,0.9669172932330825,0.8721804511278194,0.9278195488721804,0.9984962406015038,0.9714285714285714,1.0,12
20,3,0.4437624751164937,0.8616541353383457,0.8706766917293233,0.9278195488721804,0.9669172932330825,0.9278195488721804,0.9654135338345864,0.9112781954887217,0.9248120300751879,0.9849624060150375,0.9699248120300751,1.0,12
20,3,0.38230451698910733,0.9413533834586465,0.8947368421052632,0.9654135338345864,0.9774436090225563,0.9624060150375938,0.9774436090225563,0.9548872180451128,0.9593984962406013,0.9909774436090225,0.9714285714285714,0.9984962406015038,12
20,3,0.47470037471237486,0.9233082706766916,0.9368421052631578,0.900751879699248,0.9684210526315788,0.8962406015037594,0.9744360902255638,0.8917293233082706,0.9248120300751879,0.9909774436090225,0.9684210526315788,0.9984962406015038,13
20,3,0.4857243270014909,0.801503759398496,0.9518796992481202,0.863157894736842,0.9894736842105262,0.863157894736842,0.9894736842105262,0.8466165413533834,0.9263157894736842,0.9969924812030074,0.9894736842105262,1.0,13
20,3,0.48856153538718233,0.9639097744360902,0.9699248120300751,0.9082706766917292,0.9533834586466164,0.9082706766917292,0.9533834586466164,0.9518796992481202,0.9789473684210527,0.9879699248120299,0.9533834586466164,0.9984962406015038,13
20,3,0.49356369555704044,0.8556390977443609,0.9052631578947368,0.918796992481203,0.9924812030075187,0.918796992481203,0.9924812030075187,0.8481203007518796,0.918796992481203,0.9969924812030074,0.9924812030075187,1.0,13
20,3,0.4344671140872311,0.8992481203007519,0.9428571428571428,0.9218045112781955,0.9774436090225563,0.9263157894736842,0.9804511278195487,0.9142857142857143,0.9413533834586465,0.993984962406015,0.9774436090225563,0.9984962406015038,13
20,3,0.413614358851781,0.9052631578947368,0.9248120300751879,0.9278195488721804,0.9308270676691727,0.9278195488721804,0.9308270676691727,0.9142857142857143,0.9293233082706768,0.9654135338345864,0.9308270676691727,0.9984962406015038,13
20,3,0.4358433927386601,0.8842105263157894,0.9142857142857143,0.9203007518796992,0.9804511278195487,0.9203007518796992,0.9804511278195487,0.837593984962406,0.8947368421052632,0.9984962406015038,0.9804511278195487,1.0,13
20,3,0.44373051837178284,0.9022556390977443,0.9548872180451128,0.8601503759398496,0.9804511278195487,0.8601503759398496,0.9804511278195487,0.831578947368421,0.9398496240601503,0.9969924812030074,0.9804511278195487,1.0,13
20,3,0.4925925782304393,0.8120300751879698,0.8240601503759398,0.8932330827067668,0.9729323308270676,0.8932330827067668,0.9729323308270676,0.8180451127819548,0.793984962406015,0.9909774436090225,0.9729323308270676,1.0,14
20,3,0.45929556031823926,0.9112781954887217,0.9263157894736842,0.9052631578947368,0.956390977443609,0.9052631578947368,0.9593984962406013,0.8330827067669173,0.8150375939849623,0.9879699248120299,0.956390977443609,1.0,14
20,3,0.4649564263200919,0.9413533834586465,0.9654135338345864,0.918796992481203,0.9909774436090225,0.918796992481203,0.9909774436090225,0.8857142857142858,0.8917293233082706,0.9984962406015038,0.9909774436090225,1.0,14
20,3,0.46331699951586625,0.932330827067669,0.9624060150375938,0.9744360902255638,0.9924812030075187,0.9744360902255638,0.9924812030075187,0.9729323308270676,0.9774436090225563,0.993984962406015,0.9924812030075187,1.0,14
20,3,0.4302467101702438,0.8842105263157894,0.9052631578947368,0.9278195488721804,0.9699248120300751,0.9278195488721804,0.9639097744360902,0.8451127819548873,0.8781954887218045,0.9954887218045112,0.9714285714285714,1.0,14
20,3,0.41386982429794755,0.8646616541353382,0.9097744360902256,0.9278195488721804,0.9624060150375938,0.9278195488721804,0.9699248120300751,0.8180451127819548,0.8360902255639097,0.9819548872180449,0.9624060150375938,1.0,14
20,3,0.38179775318066217,0.8902255639097743,0.9172932330827066,0.9593984962406013,0.9804511278195487,0.9593984962406013,0.9804511278195487,0.932330827067669,0.956390977443609,0.9954887218045112,0.9804511278195487,1.0,14
20,3,0.44183469016336707,0.918796992481203,0.9443609022556391,0.9263157894736842,0.9684210526315788,0.9383458646616539,0.9684210526315788,0.9308270676691727,0.9428571428571428,0.9909774436090225,0.9714285714285714,1.0,14
20,3,0.4654838020345038,0.8105263157894737,0.8481203007518796,0.9368421052631578,0.9954887218045112,0.9669172932330825,0.9954887218045112,0.8556390977443609,0.9112781954887217,0.9879699248120299,0.9639097744360902,1.0,15
20,3,0.23352706195472972,0.6992481203007518,0.7849624060150376,0.9428571428571428,0.9924812030075187,0.9172932330827066,0.9909774436090225,0.7684210526315788,0.8676691729323308,0.9804511278195487,0.9804511278195487,1.0,15
20,3,0.4485537099838812,0.7563909774436091,0.8586466165413533,0.9398496240601503,0.9954887218045112,0.9473684210526315,0.9969924812030074,0.8812030075187969,0.9353383458646616,0.9924812030075187,0.9654135338345864,1.0,15
20,3,0.42215161946588364,0.8436090225563909,0.875187969924812,0.9458646616541352,0.9954887218045112,0.9338345864661652,0.9909774436090225,0.8706766917293233,0.9413533834586465,0.9879699248120299,0.9804511278195487,1.0,15
20,3,0.409152097530428,0.8225563909774435,0.825563909774436,0.9443609022556391,0.9789473684210527,0.9533834586466164,0.9864661654135337,0.900751879699248,0.9278195488721804,0.9849624060150375,0.9834586466165413,1.0,15
20,3,0.4655410497975428,0.8947368421052632,0.9112781954887217,0.9609022556390976,0.9984962406015038,0.9609022556390976,0.9969924812030074,0.9037593984962405,0.8977443609022555,0.9984962406015038,0.9969924812030074,1.0,15
20,3,0.4484773414994208,0.8180451127819548,0.849624060150376,0.9639097744360902,0.9879699248120299,0.9654135338345864,0.993984962406015,0.9082706766917292,0.9263157894736842,0.9984962406015038,0.9864661654135337,1.0,15
20,3,0.4878663590493211,0.8676691729323308,0.8842105263157894,0.9203007518796992,0.9924812030075187,0.9218045112781955,0.9954887218045112,0.9263157894736842,0.9353383458646616,0.9984962406015038,0.9849624060150375,1.0,15
20,3,0.470734261520446,0.9248120300751879,0.9172932330827066,0.9368421052631578,0.9849624060150375,0.9368421052631578,0.9849624060150375,0.9218045112781955,0.9383458646616539,0.9924812030075187,0.9849624060150375,0.9984962406015038,16
20,3,0.4280928384358852,0.8421052631578947,0.875187969924812,0.9503759398496241,0.9879699248120299,0.9458646616541352,0.9894736842105262,0.7924812030075187,0.813533834586466,0.993984962406015,0.9894736842105262,1.0,16
20,3,0.4880683933906408,0.8466165413533834,0.9127819548872179,0.9293233082706768,0.9879699248120299,0.9293233082706768,0.9864661654135337,0.8030075187969924,0.8225563909774435,0.9969924812030074,0.9879699248120299,1.0,16
20,3,0.4758700866518904,0.8902255639097743,0.8932330827067668,0.9473684210526315,0.9669172932330825,0.9473684210526315,0.9624060150375938,0.9353383458646616,0.9578947368421054,0.9879699248120299,0.9669172932330825,1.0,16
20,3,0.4051629286294707,0.8240601503759398,0.8120300751879698,0.9533834586466164,0.9924812030075187,0.9458646616541352,0.9879699248120299,0.8406015037593983,0.8571428571428572,0.9834586466165413,0.9759398496240601,1.0,16
20,3,0.48126395416595524,0.8857142857142858,0.8977443609022555,0.956390977443609,0.9849624060150375,0.956390977443609,0.9849624060150375,0.7714285714285714,0.7654135338345864,0.9969924812030074,0.9849624060150375,0.9969924812030074,16
20,3,0.4884119012066515,0.8857142857142858,0.8962406015037594,0.9503759398496241,0.9819548872180449,0.9503759398496241,0.9819548872180449,0.9052631578947368,0.9248120300751879,0.9909774436090225,0.9804511278195487,1.0,16
20,3,0.39384328518589573,0.9022556390977443,0.900751879699248,0.9669172932330825,0.9849624060150375,0.9669172932330825,0.9849624060150375,0.9428571428571428,0.9308270676691727,0.993984962406015,0.9849624060150375,1.0,16
20,3,0.48497366148866566,0.8601503759398496,0.9097744360902256,0.9443609022556391,0.9894736842105262,0.9518796992481202,0.9909774436090225,0.9037593984962405,0.9654135338345864,0.9984962406015038,0.993984962406015,1.0,17
20,3,0.46839152734985723,0.9112781954887217,0.9548872180451128,0.9699248120300751,0.9984962406015038,0.9699248120300751,0.9984962406015038,0.8962406015037594,0.9233082706766916,1.0,0.9984962406015038,1.0,17
20,3,0.4846111688233868,0.9233082706766916,0.918796992481203,0.9609022556390976,0.9984962406015038,0.9624060150375938,0.993984962406015,0.9548872180451128,0.9458646616541352,0.9984962406015038,0.9984962406015038,1.0,17
20,3,0.45971443061824596,0.8887218045112781,0.9443609022556391,0.9548872180451128,0.993984962406015,0.9548872180451128,0.9954887218045112,0.932330827067669,0.9744360902255638,1.0,0.993984962406015,1.0,17
20,3,0.4957984634541528,0.9248120300751879,0.932330827067669,0.9428571428571428,0.9924812030075187,0.9428571428571428,0.9924812030075187,0.9233082706766916,0.9593984962406013,1.0,0.993984962406015,1.0,17
20,3,0.488149026747044,0.8992481203007519,0.9157894736842105,0.9488721804511278,0.9909774436090225,0.9488721804511278,0.9894736842105262,0.9293233082706768,0.9533834586466164,1.0,0.9909774436090225,1.0,17
20,3,0.466931183694379,0.9548872180451128,0.9473684210526315,0.9578947368421054,0.9969924812030074,0.9578947368421054,0.9954887218045112,0.9699248120300751,0.9699248120300751,1.0,0.9969924812030074,1.0,17
20,3,0.43617037201231584,0.9067669172932331,0.9308270676691727,0.9624060150375938,0.9954887218045112,0.9624060150375938,0.9969924812030074,0.882706766917293,0.9278195488721804,1.0,0.9954887218045112,1.0,17
20,3,0.4784072430902262,0.9368421052631578,0.9473684210526315,0.9744360902255638,0.9864661654135337,0.9744360902255638,0.9864661654135337,0.9218045112781955,0.9533834586466164,0.9969924812030074,0.9864661654135337,1.0,18
20,3,0.46426825275343087,0.8225563909774435,0.8526315789473683,0.875187969924812,0.9473684210526315,0.875187969924812,0.9503759398496241,0.7518796992481201,0.7774436090225564,0.9864661654135337,0.9473684210526315,1.0,18
20,3,0.4782910507816378,0.8466165413533834,0.8796992481203006,0.9473684210526315,0.9759398496240601,0.9473684210526315,0.9759398496240601,0.8285714285714285,0.8646616541353382,0.9909774436090225,0.9759398496240601,1.0,18
20,3,0.44047526254161906,0.900751879699248,0.9278195488721804,0.9518796992481202,0.9849624060150375,0.9518796992481202,0.9849624060150375,0.9263157894736842,0.956390977443609,0.993984962406015,0.9849624060150375,1.0,18
20,3,0.4630932442617947,0.8932330827067668,0.9443609022556391,0.8345864661654135,0.9729323308270676,0.8345864661654135,0.9729323308270676,0.8270676691729323,0.9353383458646616,0.9924812030075187,0.9729323308270676,1.0,18
20,3,0.41625342635665763,0.9157894736842105,0.9037593984962405,0.9578947368421054,0.9879699248120299,0.9548872180451128,0.9849624060150375,0.8857142857142858,0.9248120300751879,0.9924812030075187,0.9804511278195487,1.0,18
20,3,0.43499492737095646,0.8917293233082706,0.8932330827067668,0.8691729323308269,0.9849624060150375,0.8691729323308269,0.9819548872180449,0.8676691729323308,0.8360902255639097,0.9969924812030074,0.9789473684210527,1.0,18
20,3,0.4885205083237532,0.9248120300751879,0.9383458646616539,0.9203007518796992,0.9924812030075187,0.9203007518796992,0.9924812030075187,0.8917293233082706,0.9218045112781955,0.9984962406015038,0.9924812030075187,1.0,18
20,3,0.4802177978721388,0.8390977443609022,0.8481203007518796,0.9834586466165413,0.993984962406015,0.9834586466165413,0.993984962406015,0.9368421052631578,0.9458646616541352,0.9954887218045112,0.9924812030075187,1.0,19
20,3,0.4160300270369483,0.831578947368421,0.8676691729323308,0.9759398496240601,0.9924812030075187,0.9759398496240601,0.9954887218045112,0.9699248120300751,0.9864661654135337,0.9984962406015038,0.9954887218045112,1.0,19
20,3,0.320663124114652,0.837593984962406,0.8165413533834586,0.9699248120300751,0.9879699248120299,0.9609022556390976,0.993984962406015,0.9218045112781955,0.9578947368421054,0.9714285714285714,0.9789473684210527,1.0,19
20,3,0.4706387568112271,0.8511278195488721,0.8406015037593983,0.9879699248120299,0.9969924812030074,0.9894736842105262,0.9969924812030074,0.9383458646616539,0.9413533834586465,0.9984962406015038,0.9759398496240601,1.0,19
20,3,0.39498273245858995,0.8796992481203006,0.8842105263157894,0.9518796992481202,0.9759398496240601,0.9533834586466164,0.9699248120300751,0.8917293233082706,0.9248120300751879,0.9924812030075187,0.9639097744360902,1.0,19
20,3,0.4462336692820438,0.813533834586466,0.8691729323308269,0.9624060150375938,0.9969924812030074,0.9593984962406013,0.9969924812030074,0.9097744360902256,0.9368421052631578,0.9984962406015038,0.9969924812030074,1.0,19
20,3,0.3667644539681343,0.8616541353383457,0.8796992481203006,0.9804511278195487,0.9879699248120299,0.9699248120300751,0.9804511278195487,0.900751879699248,0.9308270676691727,0.9909774436090225,0.9819548872180449,1.0,19
20,3,0.41601487180512536,0.8270676691729323,0.8300751879699247,0.9669172932330825,0.993984962406015,0.9669172932330825,0.993984962406015,0.956390977443609,0.9684210526315788,0.9969924812030074,0.993984962406015,1.0,19
20,4,0.29239452220329415,0.8947368421052632,0.9142857142857143,0.9624060150375938,0.9849624060150375,0.9398496240601503,0.9849624060150375,0.9052631578947368,0.9488721804511278,0.9819548872180449,0.9849624060150375,1.0,0
20,4,0.3003722847431493,0.8345864661654135,0.882706766917293,0.8992481203007519,0.9398496240601503,0.900751879699248,0.9909774436090225,0.849624060150376,0.9293233082706768,0.9849624060150375,0.9518796992481202,1.0,0
20,4,0.4389618699232145,0.8691729323308269,0.8977443609022555,0.9518796992481202,0.9759398496240601,0.9714285714285714,0.9924812030075187,0.9218045112781955,0.932330827067669,0.9909774436090225,0.9849624060150375,1.0,0
20,4,0.43231979727777775,0.8240601503759398,0.8781954887218045,0.9488721804511278,0.9864661654135337,0.9413533834586465,0.9849624060150375,0.837593984962406,0.882706766917293,0.9894736842105262,0.9774436090225563,1.0,0
20,4,0.40865360749655755,0.8721804511278194,0.882706766917293,0.9548872180451128,0.9804511278195487,0.9533834586466164,0.9864661654135337,0.8661654135338346,0.918796992481203,0.9924812030075187,0.9729323308270676,1.0,0
20,4,0.48878542381380746,0.77593984962406,0.8421052631578947,0.9037593984962405,0.9804511278195487,0.9037593984962405,0.9879699248120299,0.7999999999999999,0.8766917293233082,0.9969924812030074,0.9699248120300751,1.0,0
20,4,0.3981188401463783,0.7699248120300751,0.849624060150376,0.9157894736842105,0.9804511278195487,0.8421052631578947,0.9819548872180449,0.7894736842105263,0.8887218045112781,0.9894736842105262,0.9714285714285714,1.0,0
20,4,0.3147245980409082,0.9248120300751879,0.9729323308270676,0.9699248120300751,0.9744360902255638,0.9684210526315788,0.9894736842105262,0.9278195488721804,0.956390977443609,0.9864661654135337,0.9744360902255638,1.0,0
20,4,0.3855879349352796,0.9624060150375938,0.9699248120300751,0.9548872180451128,0.9969924812030074,0.956390977443609,0.9969924812030074,0.9263157894736842,0.9609022556390976,0.9984962406015038,0.9969924812030074,1.0,1
20,4,0.4631278497186876,0.9248120300751879,0.9278195488721804,0.9774436090225563,0.9924812030075187,0.9744360902255638,0.9969924812030074,0.9609022556390976,0.9639097744360902,0.9969924812030074,0.9924812030075187,1.0,1
20,4,0.45073356929439345,0.8165413533834586,0.8646616541353382,0.9654135338345864,0.9879699248120299,0.9654135338345864,0.9879699248120299,0.8796992481203006,0.9127819548872179,0.9894736842105262,0.9864661654135337,1.0,1
20,4,0.4786641081598158,0.9127819548872179,0.932330827067669,0.9819548872180449,0.9984962406015038,0.9849624060150375,0.9984962406015038,0.9383458646616539,0.9473684210526315,1.0,0.9984962406015038,1.0,1
20,4,0.4108411672485789,0.9248120300751879,0.9368421052631578,0.9684210526315788,0.9834586466165413,0.9639097744360902,0.9954887218045112,0.932330827067669,0.9639097744360902,0.9729323308270676,0.9924812030075187,1.0,1
20,4,0.49475740138009544,0.8902255639097743,0.8917293233082706,0.9654135338345864,0.9714285714285714,0.9654135338345864,0.9714285714285714,0.9473684210526315,0.9398496240601503,0.9864661654135337,0.9714285714285714,1.0,1
20,4,0.29584744934903884,0.9488721804511278,0.9353383458646616,0.9789473684210527,0.993984962406015,0.9759398496240601,0.9969924812030074,0.9112781954887217,0.9112781954887217,0.9804511278195487,0.9894736842105262,1.0,1
20,4,0.48177532495692277,0.9218045112781955,0.932330827067669,0.9774436090225563,0.9984962406015038,0.9774436090225563,0.9984962406015038,0.9248120300751879,0.9293233082706768,1.0,0.9984962406015038,1.0,1
20,4,0.23107425912420973,0.813533834586466,0.8796992481203006,0.9082706766917292,0.9669172932330825,0.9172932330827066,0.9879699248120299,0.78796992481203,0.8481203007518796,0.9759398496240601,0.9338345864661652,0.9984962406015038,2
20,4,0.48144983966699767,0.9744360902255638,0.9669172932330825,0.9924812030075187,0.9954887218045112,0.9894736842105262,0.9954887218045112,0.9368421052631578,0.9368421052631578,0.9984962406015038,0.9909774436090225,1.0,2
20,4,0.4623664294997295,0.9518796992481202,0.9172932330827066,0.9714285714285714,0.9834586466165413,0.9729323308270676,0.9909774436090225,0.9759398496240601,0.9353383458646616,0.9969924812030074,0.9894736842105262,1.0,2
20,4,0.46292611006656087,0.8872180451127819,0.8932330827067668,0.9744360902255638,0.9969924812030074,0.9759398496240601,0.9969924812030074,0.9308270676691727,0.9578947368421054,0.9969924812030074,0.9909774436090225,1.0,2
20,4,0.45902743289860004,0.9353383458646616,0.9533834586466164,0.9699248120300751,0.9969924812030074,0.9699248120300751,0.9969924812030074,0.9624060150375938,0.9714285714285714,1.0,0.993984962406015,1.0,2
20,4,0.30284611124056005,0.932330827067669,0.9458646616541352,0.9413533834586465,0.9924812030075187,0.9473684210526315,0.9909774436090225,0.9052631578947368,0.9338345864661652,0.9879699248120299,0.9759398496240601,1.0,2
20,4,0.3923126385117154,0.8736842105263156,0.900751879699248,0.9052631578947368,0.9819548872180449,0.900751879699248,0.9804511278195487,0.8932330827067668,0.9413533834586465,0.9834586466165413,0.9804511278195487,0.9984962406015038,2
20,4,0.36465250086909046,0.8706766917293233,0.8781954887218045,0.9518796992481202,0.9774436090225563,0.9398496240601503,0.9834586466165413,0.8796992481203006,0.8947368421052632,0.9924812030075187,0.9864661654135337,1.0,2
20,4,0.3442272019473842,0.8706766917293233,0.8481203007518796,0.9458646616541352,0.9774436090225563,0.9142857142857143,0.9849624060150375,0.9428571428571428,0.9654135338345864,0.993984962406015,0.9774436090225563,1.0,3
20,4,0.2887265121575513,0.8105263157894737,0.8240601503759398,0.9609022556390976,0.9804511278195487,0.9488721804511278,0.9849624060150375,0.9473684210526315,0.9714285714285714,0.9954887218045112,0.9804511278195487,1.0,3
20,4,0.4555584197982964,0.8676691729323308,0.9052631578947368,0.9082706766917292,0.9593984962406013,0.9082706766917292,0.9593984962406013,0.8842105263157894,0.9157894736842105,0.9864661654135337,0.9578947368421054,1.0,3
20,4,0.4221125617151739,0.8436090225563909,0.8526315789473683,0.9789473684210527,0.9909774436090225,0.9849624060150375,0.9894736842105262,0.9533834586466164,0.9488721804511278,0.9969924812030074,0.9834586466165413,1.0,3
20,4,0.39058725955693835,0.8766917293233082,0.9127819548872179,0.9578947368421054,0.9924812030075187,0.9639097744360902,0.9954887218045112,0.8992481203007519,0.9353383458646616,0.9639097744360902,0.9819548872180449,1.0,3
20,4,0.4167390459349744,0.8857142857142858,0.8902255639097743,0.9699248120300751,0.9819548872180449,0.9699248120300751,0.9819548872180449,0.9533834586466164,0.9338345864661652,0.9984962406015038,0.9849624060150375,1.0,3
20,4,0.2751207019070188,0.8421052631578947,0.8526315789473683,0.9548872180451128,0.9759398496240601,0.9518796992481202,0.9864661654135337,0.9729323308270676,0.9729323308270676,0.993984962406015,0.9759398496240601,0.9984962406015038,3
20,4,0.32630003207476765,0.8451127819548873,0.9067669172932331,0.9428571428571428,0.9804511278195487,0.9368421052631578,0.9864661654135337,0.8932330827067668,0.9233082706766916,0.9518796992481202,0.9774436090225563,0.9984962406015038,3
20,4,0.3438531260055345,0.9082706766917292,0.9233082706766916,0.9744360902255638,0.9909774436090225,0.9774436090225563,0.9954887218045112,0.9278195488721804,0.9383458646616539,0.9909774436090225,0.993984962406015,1.0,4
20,4,0.3343058660028754,0.900751879699248,0.9127819548872179,0.9774436090225563,0.9849624060150375,0.9759398496240601,0.9894736842105262,0.9233082706766916,0.9428571428571428,0.993984962406015,0.9864661654135337,1.0,4
20,4,0.4514566538549848,0.9578947368421054,0.9503759398496241,0.8947368421052632,0.993984962406015,0.9218045112781955,0.9969924812030074,0.8812030075187969,0.9248120300751879,1.0,0.993984962406015,1.0,4
20,4,0.4924558741772913,0.9458646616541352,0.9503759398496241,0.9609022556390976,0.9969924812030074,0.9609022556390976,0.9954887218045112,0.9127819548872179,0.9383458646616539,0.9984962406015038,0.9969924812030074,1.0,4
20,4,0.4760007759193189,0.9639097744360902,0.9609022556390976,0.9729323308270676,0.9984962406015038,0.9729323308270676,0.9984962406015038,0.9548872180451128,0.9804511278195487,1.0,0.9984962406015038,1.0,4
20,4,0.3342824156300089,0.7774436090225564,0.8270676691729323,0.9759398496240601,0.9909774436090225,0.9759398496240601,0.9924812030075187,0.8075187969924811,0.8977443609022555,0.9924812030075187,0.9819548872180449,1.0,4
20,4,0.4427064312712148,0.9203007518796992,0.9503759398496241,0.9308270676691727,0.9969924812030074,0.9308270676691727,0.9969924812030074,0.9353383458646616,0.9533834586466164,0.9984962406015038,0.9969924812030074,1.0,4
20,4,0.4948422041522695,0.9308270676691727,0.9443609022556391,0.9578947368421054,0.9834586466165413,0.9578947368421054,0.9834586466165413,0.9308270676691727,0.9533834586466164,0.9909774436090225,0.9834586466165413,1.0,4
20,4,0.4453500114342662,0.8345864661654135,0.8812030075187969,0.9864661654135337,0.9984962406015038,0.9864661654135337,0.9954887218045112,0.8240601503759398,0.831578947368421,0.9984962406015038,0.9954887218045112,1.0,5
20,4,0.16968815580901228,0.7458646616541353,0.8706766917293233,0.9518796992481202,0.9924812030075187,0.9819548872180449,0.9969924812030074,0.813533834586466,0.9112781954887217,0.9774436090225563,0.9849624060150375,1.0,5
20,4,0.46604605749437594,0.8812030075187969,0.9082706766917292,0.9398496240601503,0.9834586466165413,0.9278195488721804,0.9894736842105262,0.8947368421052632,0.9308270676691727,0.9879699248120299,0.9639097744360902,1.0,5
20,4,0.37538813535371884,0.8812030075187969,0.9142857142857143,0.9533834586466164,0.9669172932330825,0.9413533834586465,0.9834586466165413,0.900751879699248,0.9353383458646616,0.9804511278195487,0.9398496240601503,1.0,5
20,4,0.41457242591064086,0.8601503759398496,0.9052631578947368,0.9684210526315788,0.9729323308270676,0.9353383458646616,0.9759398496240601,0.9308270676691727,0.9353383458646616,0.9804511278195487,0.9413533834586465,1.0,5
20,4,0.49329293150706427,0.8571428571428572,0.8796992481203006,0.9624060150375938,0.9894736842105262,0.9639097744360902,0.9894736842105262,0.8406015037593983,0.882706766917293,0.9954887218045112,0.9909774436090225,1.0,5
20,4,0.32478469254552506,0.8736842105263156,0.9233082706766916,0.9443609022556391,0.9879699248120299,0.9503759398496241,0.9834586466165413,0.8917293233082706,0.9398496240601503,0.9969924812030074,0.9879699248120299,1.0,5
20,4,0.42003842294785904,0.831578947368421,0.8857142857142858,0.9654135338345864,0.9894736842105262,0.9639097744360902,0.993984962406015,0.8526315789473683,0.9413533834586465,0.993984962406015,0.9729323308270676,1.0,5
20,4,0.48577834098547057,0.863157894736842,0.8601503759398496,0.9203007518796992,0.993984962406015,0.918796992481203,0.9909774436090225,0.8270676691729323,0.8736842105263156,0.9969924812030074,0.993984962406015,1.0,6
20,4,0.45868162818014213,0.8736842105263156,0.900751879699248,0.9248120300751879,0.9879699248120299,0.9248120300751879,0.9879699248120299,0.882706766917293,0.9172932330827066,0.993984962406015,0.9849624060150375,1.0,6
20,4,0.2136034973746998,0.8436090225563909,0.9428571428571428,0.9037593984962405,0.9533834586466164,0.9248120300751879,0.9669172932330825,0.7729323308270677,0.9353383458646616,0.9413533834586465,0.9488721804511278,1.0,6
20,4,0.21487279939451884,0.8300751879699247,0.8812030075187969,0.8541353383458646,0.9067669172932331,0.9473684210526315,0.9909774436090225,0.7744360902255639,0.8466165413533834,0.9548872180451128,0.8962406015037594,0.9984962406015038,6
20,4,0.4550084021403441,0.9338345864661652,0.9172932330827066,0.9654135338345864,0.9849624060150375,0.9503759398496241,0.9819548872180449,0.9203007518796992,0.9338345864661652,0.9924812030075187,0.9834586466165413,1.0,6
20,4,0.4632581317823763,0.8586466165413533,0.9037593984962405,0.9398496240601503,0.9774436090225563,0.9413533834586465,0.9864661654135337,0.8857142857142858,0.8706766917293233,0.9924812030075187,0.9804511278195487,1.0,6
20,4,0.3721277179644219,0.9443609022556391,0.9428571428571428,0.882706766917293,0.9669172932330825,0.8947368421052632,0.9624060150375938,0.793984962406015,0.8240601503759398,0.9834586466165413,0.9714285714285714,1.0,6
20,4,0.45416705082638126,0.9308270676691727,0.9488721804511278,0.8180451127819548,0.9022556390977443,0.8180451127819548,0.8992481203007519,0.7849624060150376,0.8045112781954886,0.9729323308270676,0.9022556390977443,1.0,6
20,4,0.46254388418207987,0.9443609022556391,0.9263157894736842,0.9819548872180449,0.993984962406015,0.9804511278195487,0.9924812030075187,0.9714285714285714,0.9804511278195487,0.9984962406015038,0.9954887218045112,1.0,7
20,4,0.44470487358485744,0.9203007518796992,0.9218045112781955,0.9804511278195487,0.9969924812030074,0.9804511278195487,0.9969924812030074,0.956390977443609,0.9684210526315788,0.9984962406015038,0.9969924812030074,1.0,7
20,4,0.3490429857713177,0.918796992481203,0.9488721804511278,0.9308270676691727,0.9804511278195487,0.8947368421052632,0.9789473684210527,0.932330827067669,0.9774436090225563,0.9984962406015038,0.9849624060150375,1.0,7
20,4,0.43221201916943824,0.9037593984962405,0.9548872180451128,0.9097744360902256,0.9774436090225563,0.918796992481203,0.9503759398496241,0.9097744360902256,0.9458646616541352,0.9864661654135337,0.9398496240601503,1.0,7
20,4,0.4326323365285279,0.9443609022556391,0.9278195488721804,0.9368421052631578,0.9879699248120299,0.9473684210526315,0.9879699248120299,0.9443609022556391,0.9714285714285714,0.9909774436090225,0.9849624060150375,1.0,7
20,4,0.3913640088264671,0.8481203007518796,0.9157894736842105,0.9578947368421054,0.9894736842105262,0.9518796992481202,0.9894736842105262,0.8661654135338346,0.9383458646616539,0.9969924812030074,0.9849624060150375,1.0,7
20,4,0.49066162885005865,0.9248120300751879,0.9203007518796992,0.9624060150375938,0.9864661654135337,0.9624060150375938,0.9894736842105262,0.9428571428571428,0.9443609022556391,0.9969924812030074,0.9864661654135337,1.0,7
20,4,0.29814514161218486,0.8842105263157894,0.8736842105263156,0.9609022556390976,0.9849624060150375,0.9744360902255638,0.9924812030075187,0.9609022556390976,0.9578947368421054,0.9924812030075187,0.9819548872180449,1.0,7
20,4,0.4352751065694005,0.8902255639097743,0.9022556390977443,0.9849624060150375,0.9909774436090225,0.9894736842105262,0.9924812030075187,0.9293233082706768,0.9503759398496241,0.9969924812030074,0.9909774436090225,1.0,8
20,4,0.25021202136564735,0.8917293233082706,0.9398496240601503,0.9654135338345864,0.993984962406015,0.9774436090225563,0.9969924812030074,0.9203007518796992,0.9714285714285714,0.9879699248120299,0.993984962406015,1.0,8
20,4,0.4731989771466855,0.882706766917293,0.9052631578947368,0.9639097744360902,0.9954887218045112,0.9639097744360902,0.993984962406015,0.9052631578947368,0.9654135338345864,1.0,0.9954887218045112,1.0,8
20,4,0.2300499175784082,0.8887218045112781,0.9293233082706768,0.9428571428571428,0.9759398496240601,0.9609022556390976,0.9759398496240601,0.8992481203007519,0.9263157894736842,0.9849624060150375,0.9774436090225563,1.0,8
20,4,0.3157829031747744,0.9593984962406013,0.956390977443609,0.9819548872180449,0.9909774436090225,0.9789473684210527,0.9954887218045112,0.9639097744360902,0.9669172932330825,0.993984962406015,0.9774436090225563,1.0,8
20,4,0.4144913854460193,0.8706766917293233,0.8872180451127819,0.9398496240601503,0.9759398496240601,0.9609022556390976,0.9849624060150375,0.8526315789473683,0.8766917293233082,0.9924812030075187,0.9669172932330825,1.0,8
20,4,0.4881476998288315,0.9233082706766916,0.9398496240601503,0.9834586466165413,0.9879699248120299,0.9834586466165413,0.9879699248120299,0.9774436090225563,0.9879699248120299,0.9924812030075187,0.9879699248120299,0.9984962406015038,8
20,4,0.45980496591712067,0.8511278195488721,0.8541353383458646,0.9548872180451128,0.9804511278195487,0.9548872180451128,0.9804511278195487,0.8586466165413533,0.8887218045112781,0.9954887218045112,0.9804511278195487,1.0,8
20,4,0.4165487967029019,0.9744360902255638,0.9789473684210527,0.9684210526315788,0.9894736842105262,0.9578947368421054,0.9924812030075187,0.9714285714285714,0.9518796992481202,0.9924812030075187,0.9879699248120299,1.0,9
20,4,0.44489545493331745,0.9248120300751879,0.9488721804511278,0.863157894736842,0.9804511278195487,0.882706766917293,0.9864661654135337,0.8586466165413533,0.8902255639097743,0.993984962406015,0.9789473684210527,1.0,9
20,4,0.4610439828922434,0.9127819548872179,0.9383458646616539,0.875187969924812,0.9819548872180449,0.863157894736842,0.9804511278195487,0.9308270676691727,0.9142857142857143,0.9924812030075187,0.9729323308270676,1.0,9
20,4,0.3056273091582284,0.7819548872180451,0.8466165413533834,0.9278195488721804,0.9864661654135337,0.9533834586466164,0.9864661654135337,0.8421052631578947,0.8721804511278194,0.9774436090225563,0.9639097744360902,1.0,9
20,4,0.3543361917373363,0.9022556390977443,0.9458646616541352,0.9082706766917292,0.9804511278195487,0.900751879699248,0.9804511278195487,0.8661654135338346,0.9263157894736842,0.9864661654135337,0.9609022556390976,1.0,9
20,4,0.2815471006245859,0.875187969924812,0.9308270676691727,0.882706766917293,0.9593984962406013,0.8887218045112781,0.9729323308270676,0.831578947368421,0.9233082706766916,0.9804511278195487,0.9533834586466164,1.0,9
20,4,0.4563576143176734,0.9488721804511278,0.9548872180451128,0.9488721804511278,0.9909774436090225,0.9263157894736842,0.9774436090225563,0.9413533834586465,0.9428571428571428,0.9969924812030074,0.9774436090225563,1.0,9
20,4,0.3673899211797033,0.918796992481203,0.9067669172932331,0.9338345864661652,0.9744360902255638,0.9353383458646616,0.9819548872180449,0.9383458646616539,0.9142857142857143,0.9879699248120299,0.9759398496240601,1.0,9
20,4,0.3586136668123157,0.849624060150376,0.8962406015037594,0.9112781954887217,0.9804511278195487,0.9458646616541352,0.9954887218045112,0.8586466165413533,0.9127819548872179,0.9684210526315788,0.9714285714285714,1.0,10
20,4,0.4273965802505537,0.8887218045112781,0.9233082706766916,0.9639097744360902,0.9924812030075187,0.9744360902255638,0.9909774436090225,0.9067669172932331,0.9278195488721804,0.9954887218045112,0.9894736842105262,1.0,10
20,4,0.44860593377903235,0.9338345864661652,0.9488721804511278,0.9488721804511278,0.9894736842105262,0.9443609022556391,0.9894736842105262,0.9338345864661652,0.9624060150375938,0.9894736842105262,0.9894736842105262,1.0,10
20,4,0.437538227729272,0.8706766917293233,0.8947368421052632,0.9398496240601503,0.9654135338345864,0.9443609022556391,0.9729323308270676,0.9172932330827066,0.9338345864661652,0.9744360902255638,0.9669172932330825,1.0,10
20,4,0.4201184660215977,0.8466165413533834,0.882706766917293,0.9428571428571428,0.9714285714285714,0.9533834586466164,0.993984962406015,0.8902255639097743,0.9248120300751879,0.9849624060150375,0.9714285714285714,1.0,10
20,4,0.3984807893800302,0.900751879699248,0.9052631578947368,0.9308270676691727,0.9849624060150375,0.900751879699248,0.9789473684210527,0.8917293233082706,0.9338345864661652,0.9684210526315788,0.9699248120300751,1.0,10
20,4,0.4338383210515747,0.8511278195488721,0.9142857142857143,0.9082706766917292,0.9759398496240601,0.9067669172932331,0.9699248120300751,0.8466165413533834,0.9473684210526315,0.9714285714285714,0.9744360902255638,1.0,10
20,4,0.3809330483831652,0.8691729323308269,0.882706766917293,0.9142857142857143,0.9729323308270676,0.9218045112781955,0.9864661654135337,0.8932330827067668,0.8902255639097743,0.9819548872180449,0.9744360902255638,1.0,10
20,4,0.45662564828569663,0.8887218045112781,0.8902255639097743,0.9458646616541352,0.9864661654135337,0.9488721804511278,0.9834586466165413,0.9443609022556391,0.9368421052631578,0.9879699248120299,0.9864661654135337,1.0,11
20,4,0.3763695223273862,0.8902255639097743,0.9172932330827066,0.9578947368421054,0.9909774436090225,0.9548872180451128,0.9924812030075187,0.9052631578947368,0.9533834586466164,0.9759398496240601,0.9789473684210527,1.0,11
20,4,0.42122656809083714,0.9037593984962405,0.9052631578947368,0.9233082706766916,0.9924812030075187,0.9157894736842105,0.9969924812030074,0.8646616541353382,0.9022556390977443,0.9759398496240601,0.9894736842105262,1.0,11
20,4,0.49192142462456545,0.9172932330827066,0.9413533834586465,0.9398496240601503,0.9969924812030074,0.9338345864661652,0.9954887218045112,0.8676691729323308,0.9172932330827066,0.9924812030075187,0.9894736842105262,1.0,11
20,4,0.444253110754027,0.9443609022556391,0.9142857142857143,0.9729323308270676,0.9834586466165413,0.9729323308270676,0.9819548872180449,0.9278195488721804,0.9518796992481202,0.9954887218045112,0.9834586466165413,1.0,11
20,4,0.45964737950061557,0.9458646616541352,0.9639097744360902,0.9593984962406013,0.9894736842105262,0.956390977443609,0.9969924812030074,0.9503759398496241,0.9744360902255638,0.9864661654135337,0.9804511278195487,1.0,11
20,4,0.44316729822918843,0.8932330827067668,0.9593984962406013,0.9308270676691727,0.9954887218045112,0.9308270676691727,0.9954887218045112,0.875187969924812,0.9503759398496241,0.9924812030075187,0.9879699248120299,1.0,11
20,4,0.3919702432181908,0.9383458646616539,0.9488721804511278,0.8977443609022555,0.9849624060150375,0.932330827067669,0.993984962406015,0.8872180451127819,0.9548872180451128,0.9789473684210527,0.9819548872180449,1.0,11
20,4,0.2834791954943044,0.9428571428571428,0.9473684210526315,0.9684210526315788,0.9894736842105262,0.9804511278195487,0.993984962406015,0.9157894736842105,0.9398496240601503,0.9894736842105262,0.9894736842105262,0.9984962406015038,12
20,4,0.48200802044190977,0.900751879699248,0.9203007518796992,0.9428571428571428,0.9909774436090225,0.9428571428571428,0.9849624060150375,0.9293233082706768,0.9624060150375938,0.9969924812030074,0.9864661654135337,0.9984962406015038,12
20,4,0.39702408024130353,0.793984962406015,0.7789473684210525,0.9654135338345864,0.9834586466165413,0.9533834586466164,0.9909774436090225,0.863157894736842,0.875187969924812,0.9969924812030074,0.9849624060150375,1.0,12
20,4,0.3257169129273377,0.8812030075187969,0.9533834586466164,0.9759398496240601,0.9909774436090225,0.9548872180451128,0.993984962406015,0.9097744360902256,0.9609022556390976,0.9969924812030074,0.9909774436090225,1.0,12
20,4,0.3628323391318445,0.8421052631578947,0.8466165413533834,0.9909774436090225,0.9864661654135337,0.9954887218045112,0.9984962406015038,0.875187969924812,0.8616541353383457,0.9924812030075187,0.9834586466165413,1.0,12
20,4,0.27865913882731314,0.9308270676691727,0.9533834586466164,0.9744360902255638,0.9879699248120299,0.9669172932330825,0.9954887218045112,0.956390977443609,0.9849624060150375,0.9954887218045112,0.9909774436090225,1.0,12
20,4,0.4891473703918629,0.8586466165413533,0.8947368421052632,0.9037593984962405,0.9924812030075187,0.9037593984962405,0.9909774436090225,0.8541353383458646,0.9082706766917292,1.0,0.9924812030075187,1.0,12
20,4,0.44487725129099,0.9037593984962405,0.9127819548872179,0.9593984962406013,0.9834586466165413,0.9533834586466164,0.9864661654135337,0.9308270676691727,0.9428571428571428,0.9909774436090225,0.9834586466165413,1.0,12
20,4,0.3156783075409439,0.8330827067669173,0.8406015037593983,0.9804511278195487,0.9984962406015038,0.9729323308270676,0.9924812030075187,0.863157894736842,0.8646616541353382,0.9819548872180449,0.9533834586466164,0.9984962406015038,13
20,4,0.3666618738982425,0.9353383458646616,0.9308270676691727,0.9639097744360902,0.9834586466165413,0.9593984962406013,0.9924812030075187,0.9172932330827066,0.9112781954887217,0.9759398496240601,0.9684210526315788,1.0,13
20,4,0.1482388757321172,0.5593984962406015,0.8270676691729323,0.9263157894736842,0.9849624060150375,0.9398496240601503,0.9864661654135337,0.5954887218045113,0.8451127819548873,0.993984962406015,0.9308270676691727,0.9984962406015038,13
20,4,0.16255322929859906,0.7203007518796991,0.8330827067669173,0.9729323308270676,0.9759398496240601,0.9368421052631578,0.9924812030075187,0.6917293233082705,0.8406015037593983,0.9819548872180449,0.932330827067669,1.0,13
20,4,0.37875408141307465,0.849624060150376,0.9082706766917292,0.9428571428571428,0.9909774436090225,0.9503759398496241,0.9909774436090225,0.8451127819548873,0.9233082706766916,0.9819548872180449,0.9789473684210527,1.0,13
20,4,0.15210138655612457,0.42255639097744363,0.7789473684210525,0.7578947368421052,0.9639097744360902,0.9142857142857143,0.9879699248120299,0.4601503759398496,0.7909774436090224,0.9849624060150375,0.7804511278195487,0.9984962406015038,13
20,4,0.2501860504402402,0.8902255639097743,0.9353383458646616,0.9293233082706768,0.9954887218045112,0.9142857142857143,0.9954887218045112,0.8842105263157894,0.9488721804511278,0.9849624060150375,0.9879699248120299,1.0,13
20,4,0.3735581969235123,0.8917293233082706,0.8962406015037594,0.9909774436090225,0.9909774436090225,0.9909774436090225,0.9969924812030074,0.900751879699248,0.8917293233082706,0.9669172932330825,0.9729323308270676,1.0,13
20,4,0.30968685661130024,0.8691729323308269,0.9022556390977443,0.9428571428571428,0.9699248120300751,0.9142857142857143,0.9894736842105262,0.863157894736842,0.9263157894736842,0.9774436090225563,0.9624060150375938,1.0,14
20,4,0.4521038291870486,0.8872180451127819,0.8947368421052632,0.9413533834586465,0.9699248120300751,0.9413533834586465,0.9609022556390976,0.8932330827067668,0.9172932330827066,0.9894736842105262,0.9669172932330825,1.0,14
20,4,0.18189211359260632,0.7729323308270677,0.8030075187969924,0.9172932330827066,0.9609022556390976,0.8977443609022555,0.9684210526315788,0.8090225563909773,0.863157894736842,0.9428571428571428,0.8842105263157894,1.0,14
20,4,0.4832189321694788,0.9112781954887217,0.9413533834586465,0.9699248120300751,0.9954887218045112,0.9729323308270676,0.9969924812030074,0.9624060150375938,0.9714285714285714,0.9984962406015038,0.9969924812030074,1.0,14
20,4,0.43986317298813576,0.9097744360902256,0.9248120300751879,0.9503759398496241,0.993984962406015,0.9684210526315788,0.993984962406015,0.9157894736842105,0.9548872180451128,0.9864661654135337,0.9744360902255638,1.0,14
20,4,0.4661004129900451,0.8812030075187969,0.9233082706766916,0.9488721804511278,0.9864661654135337,0.9488721804511278,0.9864661654135337,0.9368421052631578,0.9473684210526315,0.9969924812030074,0.9894736842105262,1.0,14
20,4,0.42651011564751645,0.831578947368421,0.8571428571428572,0.9248120300751879,0.9819548872180449,0.9172932330827066,0.9849624060150375,0.8210526315789473,0.8511278195488721,0.9849624060150375,0.956390977443609,1.0,14
20,4,0.3016911476878856,0.7909774436090224,0.8721804511278194,0.9172932330827066,0.9669172932330825,0.8736842105263156,0.9834586466165413,0.793984962406015,0.8736842105263156,0.9804511278195487,0.9383458646616539,1.0,14
20,4,0.3712849988048717,0.8691729323308269,0.8977443609022555,0.9308270676691727,0.9894736842105262,0.9593984962406013,0.9894736842105262,0.9052631578947368,0.9488721804511278,0.9924812030075187,0.9804511278195487,1.0,15
20,4,0.33442046469965264,0.8300751879699247,0.9172932330827066,0.9037593984962405,0.9593984962406013,0.9127819548872179,0.9714285714285714,0.8661654135338346,0.9263157894736842,0.9804511278195487,0.9458646616541352,1.0,15
20,4,0.34065594998001664,0.9052631578947368,0.9353383458646616,0.9368421052631578,0.9864661654135337,0.9624060150375938,0.9909774436090225,0.9293233082706768,0.9654135338345864,0.9954887218045112,0.9774436090225563,1.0,15
20,4,0.34508590269051875,0.9233082706766916,0.9112781954887217,0.9759398496240601,0.9864661654135337,0.9729323308270676,0.9879699248120299,0.8977443609022555,0.8812030075187969,0.9804511278195487,0.9834586466165413,1.0,15
20,4,0.3277806995957656,0.8872180451127819,0.8992481203007519,0.9338345864661652,0.9759398496240601,0.9503759398496241,0.9954887218045112,0.8932330827067668,0.9293233082706768,0.9924812030075187,0.9729323308270676,1.0,15
20,4,0.45009804633060013,0.9052631578947368,0.9037593984962405,0.9263157894736842,0.9774436090225563,0.9278195488721804,0.9714285714285714,0.8857142857142858,0.9233082706766916,0.9834586466165413,0.9864661654135337,1.0,15
20,4,0.4307113900466065,0.8796992481203006,0.882706766917293,0.9669172932330825,0.9819548872180449,0.9443609022556391,0.9894736842105262,0.8932330827067668,0.8932330827067668,0.9924812030075187,0.9654135338345864,1.0,15
20,4,0.4254808446520261,0.9609022556390976,0.9714285714285714,0.9533834586466164,0.9834586466165413,0.956390977443609,0.9879699248120299,0.9097744360902256,0.9368421052631578,0.9894736842105262,0.9894736842105262,1.0,15
20,4,0.4921258175647474,0.806015037593985,0.8962406015037594,0.9774436090225563,0.9954887218045112,0.9774436090225563,0.9954887218045112,0.8586466165413533,0.9413533834586465,0.9969924812030074,0.9954887218045112,1.0,16
20,4,0.3728964059635714,0.8902255639097743,0.9398496240601503,0.9443609022556391,0.9864661654135337,0.9533834586466164,0.9879699248120299,0.8992481203007519,0.9473684210526315,0.9894736842105262,0.9879699248120299,1.0,16
20,4,0.39262854408154646,0.8390977443609022,0.9293233082706768,0.9428571428571428,0.9969924812030074,0.9458646616541352,0.9954887218045112,0.900751879699248,0.9669172932330825,0.9864661654135337,0.9879699248120299,1.0,16
20,4,0.4522255866899986,0.9338345864661652,0.9338345864661652,0.9518796992481202,0.9954887218045112,0.9639097744360902,0.9984962406015038,0.9398496240601503,0.9503759398496241,0.9879699248120299,0.9909774436090225,0.9984962406015038,16
20,4,0.38799451044965483,0.8796992481203006,0.9112781954887217,0.9428571428571428,0.9879699248120299,0.9609022556390976,0.9954887218045112,0.8706766917293233,0.9533834586466164,0.9924812030075187,0.9849624060150375,1.0,16
20,4,0.43457237335622734,0.9112781954887217,0.9233082706766916,0.9699248120300751,0.9879699248120299,0.9699248120300751,0.9909774436090225,0.8421052631578947,0.9518796992481202,0.9969924812030074,0.9909774436090225,1.0,16
20,4,0.352795747425178,0.9248120300751879,0.9308270676691727,0.9864661654135337,0.9909774436090225,0.9879699248120299,0.9909774436090225,0.9503759398496241,0.9488721804511278,0.9954887218045112,0.9909774436090225,1.0,16
20,4,0.47529354650873407,0.8075187969924811,0.837593984962406,0.9729323308270676,0.9924812030075187,0.9729323308270676,0.9924812030075187,0.8857142857142858,0.8766917293233082,0.9969924812030074,0.9924812030075187,1.0,16
20,4,0.3163002545977076,0.8842105263157894,0.9097744360902256,0.9112781954887217,0.9864661654135337,0.918796992481203,0.9834586466165413,0.8796992481203006,0.9248120300751879,0.993984962406015,0.9819548872180449,1.0,17
20,4,0.495353007728652,0.9037593984962405,0.9067669172932331,0.9533834586466164,0.9669172932330825,0.9533834586466164,0.9669172932330825,0.8977443609022555,0.8932330827067668,0.9894736842105262,0.9684210526315788,1.0,17
20,4,0.45518270317991394,0.8586466165413533,0.8541353383458646,0.9819548872180449,0.9954887218045112,0.9834586466165413,0.9969924812030074,0.9157894736842105,0.9067669172932331,0.9954887218045112,0.9969924812030074,1.0,17
20,4,0.4137759544368216,0.9127819548872179,0.9368421052631578,0.9278195488721804,0.9639097744360902,0.9338345864661652,0.9593984962406013,0.8842105263157894,0.9248120300751879,0.9804511278195487,0.9639097744360902,1.0,17
20,4,0.3603831353693886,0.8105263157894737,0.8390977443609022,0.9248120300751879,0.9684210526315788,0.9203007518796992,0.9699248120300751,0.7864661654135338,0.8165413533834586,0.9774436090225563,0.9473684210526315,1.0,17
20,4,0.2869857289129727,0.78796992481203,0.8511278195488721,0.8781954887218045,0.9774436090225563,0.9157894736842105,0.9894736842105262,0.7864661654135338,0.8511278195488721,0.9744360902255638,0.9203007518796992,1.0,17
20,4,0.13990353772148684,0.813533834586466,0.9368421052631578,0.8661654135338346,0.9834586466165413,0.8857142857142858,0.9894736842105262,0.7338345864661654,0.9097744360902256,0.9503759398496241,0.9834586466165413,1.0,17
20,4,0.4406768688716668,0.8872180451127819,0.9037593984962405,0.9669172932330825,0.9819548872180449,0.9473684210526315,0.9834586466165413,0.9714285714285714,0.9669172932330825,0.9894736842105262,0.9834586466165413,1.0,17
20,4,0.4831637960103743,0.8691729323308269,0.8601503759398496,0.882706766917293,0.9804511278195487,0.882706766917293,0.9804511278195487,0.8646616541353382,0.918796992481203,0.993984962406015,0.9759398496240601,1.0,18
20,4,0.3610755667521868,0.8736842105263156,0.8721804511278194,0.8977443609022555,0.9639097744360902,0.9248120300751879,0.9819548872180449,0.8646616541353382,0.8842105263157894,0.9744360902255638,0.9729323308270676,1.0,18
20,4,0.4350060911183041,0.863157894736842,0.8842105263157894,0.8917293233082706,0.9744360902255638,0.8962406015037594,0.9774436090225563,0.8676691729323308,0.8887218045112781,0.9849624060150375,0.9503759398496241,1.0,18
20,4,0.43868902260661974,0.9819548872180449,0.9804511278195487,0.9458646616541352,0.9864661654135337,0.9428571428571428,0.9849624060150375,0.9624060150375938,0.9624060150375938,0.993984962406015,0.9804511278195487,1.0,18
20,4,0.20517455842039384,0.8601503759398496,0.9263157894736842,0.9879699248120299,0.9714285714285714,0.9353383458646616,0.9894736842105262,0.9218045112781955,0.9308270676691727,0.9699248120300751,0.9714285714285714,0.9984962406015038,18
20,4,0.42419042441849586,0.8556390977443609,0.8902255639097743,0.9248120300751879,0.9744360902255638,0.9473684210526315,0.9804511278195487,0.793984962406015,0.8586466165413533,0.9834586466165413,0.9428571428571428,1.0,18
20,4,0.4702135881234198,0.675187969924812,0.7548872180451127,0.8676691729323308,0.9413533834586465,0.8676691729323308,0.9428571428571428,0.6165413533834586,0.7654135338345864,0.9684210526315788,0.9368421052631578,0.9969924812030074,18
20,4,0.4438174287791201,0.8962406015037594,0.8992481203007519,0.9157894736842105,0.9849624060150375,0.932330827067669,0.9864661654135337,0.9082706766917292,0.8947368421052632,0.9969924812030074,0.9684210526315788,1.0,18
20,4,0.43196401011594976,0.837593984962406,0.8842105263157894,0.9157894736842105,0.956390977443609,0.9157894736842105,0.9654135338345864,0.8285714285714285,0.863157894736842,0.9909774436090225,0.9548872180451128,0.9984962406015038,19
20,4,0.3678025997972521,0.8661654135338346,0.8842105263157894,0.8691729323308269,0.9684210526315788,0.9263157894736842,0.9864661654135337,0.8586466165413533,0.8571428571428572,0.9879699248120299,0.9609022556390976,1.0,19
20,4,0.44170955691621616,0.8165413533834586,0.9308270676691727,0.863157894736842,0.9609022556390976,0.8345864661654135,0.9804511278195487,0.8541353383458646,0.9037593984962405,0.9909774436090225,0.9593984962406013,0.9984962406015038,19
20,4,0.3410398762291252,0.9097744360902256,0.9413533834586465,0.9729323308270676,0.9789473684210527,0.9368421052631578,0.9789473684210527,0.813533834586466,0.8300751879699247,0.9834586466165413,0.9774436090225563,0.9984962406015038,19
20,4,0.4732536852223677,0.932330827067669,0.956390977443609,0.9082706766917292,0.9804511278195487,0.9112781954887217,0.9804511278195487,0.9157894736842105,0.8571428571428572,0.9879699248120299,0.9714285714285714,0.9984962406015038,19
20,4,0.4593944111211263,0.9142857142857143,0.9609022556390976,0.8842105263157894,0.9834586466165413,0.8661654135338346,0.9714285714285714,0.9172932330827066,0.9458646616541352,0.9834586466165413,0.9834586466165413,0.9984962406015038,19
20,4,0.47911267760338794,0.9142857142857143,0.9097744360902256,0.9172932330827066,0.9819548872180449,0.9172932330827066,0.9819548872180449,0.8721804511278194,0.9353383458646616,0.993984962406015,0.9819548872180449,1.0,19
20,4,0.47134341618449727,0.882706766917293,0.9263157894736842,0.9082706766917292,0.9849624060150375,0.9082706766917292,0.9849624060150375,0.8992481203007519,0.8842105263157894,0.9954887218045112,0.9849624060150375,1.0,19
20,5,0.22316990785998228,0.8466165413533834,0.8616541353383457,0.9548872180451128,0.9849624060150375,0.9127819548872179,0.9879699248120299,0.8872180451127819,0.9022556390977443,0.9684210526315788,0.9879699248120299,1.0,0
20,5,0.4774557611001988,0.8781954887218045,0.8962406015037594,0.9639097744360902,0.9924812030075187,0.9624060150375938,0.9924812030075187,0.9639097744360902,0.9488721804511278,0.9879699248120299,0.9879699248120299,1.0,0
20,5,0.2851885733067484,0.900751879699248,0.9203007518796992,0.9609022556390976,0.9849624060150375,0.9578947368421054,0.9969924812030074,0.9368421052631578,0.9488721804511278,0.9894736842105262,0.9849624060150375,1.0,0
20,5,0.4520224609293836,0.9293233082706768,0.9263157894736842,0.9518796992481202,0.9924812030075187,0.9338345864661652,0.9909774436090225,0.9413533834586465,0.9669172932330825,1.0,0.9909774436090225,1.0,0
20,5,0.49052054515915433,0.9142857142857143,0.9338345864661652,0.9383458646616539,0.9819548872180449,0.9443609022556391,0.9819548872180449,0.9248120300751879,0.9368421052631578,0.9969924812030074,0.9819548872180449,1.0,0
20,5,0.4455546601991222,0.9278195488721804,0.9353383458646616,0.9819548872180449,0.9954887218045112,0.9804511278195487,0.9969924812030074,0.9488721804511278,0.9669172932330825,0.9984962406015038,0.9849624060150375,1.0,0
20,5,0.4813123833045722,0.9203007518796992,0.918796992481203,0.9759398496240601,0.9924812030075187,0.9759398496240601,0.9879699248120299,0.9548872180451128,0.9609022556390976,0.9969924812030074,0.9924812030075187,1.0,0
20,5,0.25006569734361667,0.8812030075187969,0.9368421052631578,0.9789473684210527,0.9924812030075187,0.9774436090225563,0.9864661654135337,0.8706766917293233,0.9368421052631578,0.9849624060150375,0.9849624060150375,1.0,0
20,5,0.45160587088329907,0.9263157894736842,0.9368421052631578,0.9639097744360902,0.9789473684210527,0.9624060150375938,0.9909774436090225,0.9218045112781955,0.9548872180451128,0.9924812030075187,0.9548872180451128,1.0,1
20,5,0.47106447269654245,0.9127819548872179,0.9082706766917292,0.9789473684210527,0.9864661654135337,0.9774436090225563,0.9894736842105262,0.8992481203007519,0.9037593984962405,0.9969924812030074,0.9864661654135337,0.993984962406015,1
20,5,0.41403051014250697,0.9127819548872179,0.9308270676691727,0.9609022556390976,0.9924812030075187,0.956390977443609,0.9924812030075187,0.9127819548872179,0.9548872180451128,0.9954887218045112,0.9909774436090225,1.0,1
20,5,0.42310376075824496,0.8481203007518796,0.8676691729323308,0.9488721804511278,0.9819548872180449,0.9684210526315788,0.993984962406015,0.8721804511278194,0.9172932330827066,0.9879699248120299,0.9669172932330825,0.9954887218045112,1
20,5,0.47856855954772354,0.918796992481203,0.9293233082706768,0.9082706766917292,0.9639097744360902,0.9082706766917292,0.9699248120300751,0.9368421052631578,0.9473684210526315,0.9879699248120299,0.9639097744360902,1.0,1
20,5,0.4250749377546152,0.9097744360902256,0.9037593984962405,0.9819548872180449,0.9924812030075187,0.9834586466165413,0.9969924812030074,0.9428571428571428,0.9308270676691727,0.9984962406015038,0.993984962406015,1.0,1
20,5,0.4498510786273249,0.8962406015037594,0.8706766917293233,0.9639097744360902,0.9804511278195487,0.9654135338345864,0.9819548872180449,0.900751879699248,0.9142857142857143,0.9924812030075187,0.9759398496240601,0.9954887218045112,1
20,5,0.3380280980830216,0.8511278195488721,0.8616541353383457,0.9624060150375938,0.9503759398496241,0.956390977443609,0.9428571428571428,0.8436090225563909,0.8646616541353382,0.9669172932330825,0.9548872180451128,1.0,1
20,5,0.36502406775431284,0.8225563909774435,0.8421052631578947,0.9714285714285714,0.9969924812030074,0.9759398496240601,0.9984962406015038,0.8706766917293233,0.9142857142857143,0.9819548872180449,0.9714285714285714,1.0,2
20,5,0.3079711530980298,0.7729323308270677,0.8210526315789473,0.9639097744360902,0.9789473684210527,0.9578947368421054,0.9924812030075187,0.7744360902255639,0.8917293233082706,0.9669172932330825,0.9699248120300751,1.0,2
20,5,0.3478218463227579,0.8977443609022555,0.9744360902255638,0.9593984962406013,0.9894736842105262,0.9533834586466164,0.9909774436090225,0.8902255639097743,0.9864661654135337,0.9714285714285714,0.9789473684210527,1.0,2
20,5,0.37781155925025967,0.8345864661654135,0.8962406015037594,0.9488721804511278,0.9849624060150375,0.9353383458646616,0.9954887218045112,0.9172932330827066,0.9609022556390976,0.9984962406015038,0.9849624060150375,1.0,2
20,5,0.45116707801309003,0.8556390977443609,0.9082706766917292,0.9503759398496241,0.9789473684210527,0.9518796992481202,0.9834586466165413,0.9203007518796992,0.918796992481203,0.9924812030075187,0.9849624060150375,1.0,2
20,5,0.3017282383496001,0.8721804511278194,0.8616541353383457,0.9699248120300751,0.9819548872180449,0.993984962406015,0.993984962406015,0.8992481203007519,0.8902255639097743,0.993984962406015,0.9924812030075187,1.0,2
20,5,0.2397168737265155,0.6330827067669172,0.819548872180451,0.9203007518796992,0.9924812030075187,0.9263157894736842,0.9879699248120299,0.724812030075188,0.8842105263157894,0.9804511278195487,0.9473684210526315,1.0,2
20,5,0.2959289542236032,0.7909774436090224,0.8796992481203006,0.9308270676691727,0.9669172932330825,0.900751879699248,0.9759398496240601,0.7518796992481201,0.8902255639097743,0.9804511278195487,0.9218045112781955,1.0,2
20,5,0.3355902232655904,0.875187969924812,0.8676691729323308,0.9248120300751879,0.9458646616541352,0.932330827067669,0.9759398496240601,0.9097744360902256,0.9428571428571428,0.9684210526315788,0.9624060150375938,1.0,3
20,5,0.3918407597538482,0.9233082706766916,0.9218045112781955,0.9473684210526315,0.9834586466165413,0.956390977443609,0.9849624060150375,0.9157894736842105,0.9233082706766916,0.9834586466165413,0.9759398496240601,1.0,3
20,5,0.30088815429792615,0.8872180451127819,0.8857142857142858,0.9774436090225563,0.9909774436090225,0.9669172932330825,0.9864661654135337,0.9172932330827066,0.9353383458646616,0.9849624060150375,0.9894736842105262,1.0,3
20,5,0.34139029625856643,0.8601503759398496,0.8781954887218045,0.9503759398496241,0.9894736842105262,0.956390977443609,0.993984962406015,0.9308270676691727,0.9488721804511278,0.9729323308270676,0.9744360902255638,1.0,3
20,5,0.3801739909223947,0.9037593984962405,0.9338345864661652,0.918796992481203,0.9819548872180449,0.9097744360902256,0.9864661654135337,0.8962406015037594,0.9383458646616539,0.9729323308270676,0.9473684210526315,1.0,3
20,5,0.36178531296528726,0.8661654135338346,0.9022556390977443,0.9428571428571428,0.9924812030075187,0.9398496240601503,0.993984962406015,0.882706766917293,0.9368421052631578,0.9969924812030074,0.9879699248120299,1.0,3
20,5,0.3302746220469566,0.7834586466165413,0.8556390977443609,0.9308270676691727,0.9744360902255638,0.9503759398496241,0.9924812030075187,0.9052631578947368,0.9428571428571428,0.9909774436090225,0.9744360902255638,1.0,3
20,5,0.4658073961596193,0.9353383458646616,0.9338345864661652,0.9639097744360902,0.9864661654135337,0.9684210526315788,0.9834586466165413,0.9669172932330825,0.9759398496240601,0.9894736842105262,0.9834586466165413,1.0,3
20,5,0.37249694746097,0.9203007518796992,0.9233082706766916,0.9759398496240601,0.9954887218045112,0.9774436090225563,0.993984962406015,0.9398496240601503,0.9593984962406013,0.9819548872180449,0.9954887218045112,1.0,4
20,5,0.28845671131081024,0.813533834586466,0.8481203007518796,0.9714285714285714,0.9849624060150375,0.9714285714285714,0.9909774436090225,0.9037593984962405,0.9413533834586465,0.9789473684210527,0.9398496240601503,1.0,4
20,5,0.46843688234907166,0.9218045112781955,0.9157894736842105,0.9879699248120299,0.9954887218045112,0.9879699248120299,0.9954887218045112,0.9609022556390976,0.9654135338345864,0.9954887218045112,0.9954887218045112,1.0,4
20,5,0.39020133469706897,0.9142857142857143,0.9398496240601503,0.9744360902255638,0.9924812030075187,0.9834586466165413,0.9909774436090225,0.9218045112781955,0.9172932330827066,0.9834586466165413,0.9804511278195487,1.0,4
20,5,0.30760030807736743,0.9383458646616539,0.9383458646616539,0.9383458646616539,0.993984962406015,0.9398496240601503,0.9954887218045112,0.932330827067669,0.9533834586466164,0.9849624060150375,0.993984962406015,1.0,4
20,5,0.36563245158678476,0.8932330827067668,0.8947368421052632,0.9639097744360902,0.9879699248120299,0.9624060150375938,0.9909774436090225,0.9248120300751879,0.9383458646616539,0.9954887218045112,0.9669172932330825,1.0,4
20,5,0.2584367457488588,0.8586466165413533,0.9413533834586465,0.9849624060150375,0.9984962406015038,0.9849624060150375,0.9984962406015038,0.8601503759398496,0.9203007518796992,0.9834586466165413,0.9909774436090225,0.9984962406015038,4
20,5,0.4320953997834404,0.9067669172932331,0.9488721804511278,0.9669172932330825,0.9969924812030074,0.9714285714285714,0.9969924812030074,0.9263157894736842,0.9669172932330825,0.9984962406015038,0.993984962406015,1.0,4
20,5,0.43147334422728506,0.9503759398496241,0.9263157894736842,0.9789473684210527,0.9909774436090225,0.9774436090225563,0.993984962406015,0.9503759398496241,0.9834586466165413,0.9804511278195487,0.9834586466165413,1.0,5
20,5,0.2621292233396069,0.8511278195488721,0.8706766917293233,0.9714285714285714,0.9909774436090225,0.9609022556390976,0.9909774436090225,0.8390977443609022,0.8812030075187969,0.9909774436090225,0.9398496240601503,1.0,5
20,5,0.3790239776476843,0.9368421052631578,0.9548872180451128,0.9624060150375938,0.9954887218045112,0.9654135338345864,0.9954887218045112,0.932330827067669,0.956390977443609,0.9789473684210527,0.9969924812030074,1.0,5
20,5,0.23813780498830397,0.8511278195488721,0.9233082706766916,0.9067669172932331,0.9819548872180449,0.9443609022556391,0.9894736842105262,0.863157894736842,0.9263157894736842,0.9819548872180449,0.9127819548872179,1.0,5
20,5,0.3350788002226527,0.9157894736842105,0.9127819548872179,0.8932330827067668,0.9699248120300751,0.9142857142857143,0.9894736842105262,0.8781954887218045,0.9142857142857143,0.9789473684210527,0.9609022556390976,1.0,5
20,5,0.3786643875753794,0.8812030075187969,0.8962406015037594,0.932330827067669,0.9639097744360902,0.9383458646616539,0.9593984962406013,0.9293233082706768,0.9458646616541352,0.993984962406015,0.9368421052631578,0.9984962406015038,5
20,5,0.3995702173821105,0.7969924812030074,0.8451127819548873,0.9067669172932331,0.9804511278195487,0.9172932330827066,0.9849624060150375,0.8406015037593983,0.8842105263157894,0.9969924812030074,0.9774436090225563,1.0,5
20,5,0.24424111941504448,0.8541353383458646,0.9278195488721804,0.918796992481203,0.9759398496240601,0.8330827067669173,0.9849624060150375,0.8541353383458646,0.900751879699248,0.9924812030075187,0.9729323308270676,1.0,5
20,5,0.47885624095114454,0.8706766917293233,0.875187969924812,0.9428571428571428,0.9488721804511278,0.9428571428571428,0.956390977443609,0.9142857142857143,0.932330827067669,0.9789473684210527,0.9488721804511278,0.9984962406015038,6
20,5,0.38245609007819253,0.9503759398496241,0.9473684210526315,0.9503759398496241,0.9699248120300751,0.9443609022556391,0.9789473684210527,0.9248120300751879,0.9248120300751879,0.9894736842105262,0.9684210526315788,1.0,6
20,5,0.4081966197383968,0.9082706766917292,0.9203007518796992,0.9308270676691727,0.9954887218045112,0.9248120300751879,0.9954887218045112,0.8766917293233082,0.9398496240601503,0.9834586466165413,0.993984962406015,1.0,6
20,5,0.4470213463896359,0.9278195488721804,0.9488721804511278,0.9548872180451128,0.9819548872180449,0.9548872180451128,0.9834586466165413,0.8992481203007519,0.9413533834586465,0.9954887218045112,0.9774436090225563,1.0,6
20,5,0.3789779011857832,0.8857142857142858,0.9052631578947368,0.9729323308270676,0.9729323308270676,0.9729323308270676,0.9834586466165413,0.9097744360902256,0.9368421052631578,0.9849624060150375,0.9714285714285714,1.0,6
20,5,0.45622255009935253,0.8511278195488721,0.8781954887218045,0.9804511278195487,0.9849624060150375,0.9684210526315788,0.9849624060150375,0.9127819548872179,0.9263157894736842,0.9909774436090225,0.9924812030075187,1.0,6
20,5,0.3383648055846786,0.8947368421052632,0.9263157894736842,0.9624060150375938,0.9894736842105262,0.9639097744360902,0.9954887218045112,0.9263157894736842,0.9458646616541352,0.9804511278195487,0.9849624060150375,1.0,6
20,5,0.46033066915737897,0.9157894736842105,0.9368421052631578,0.9398496240601503,0.9879699248120299,0.9398496240601503,0.9849624060150375,0.8872180451127819,0.918796992481203,0.9894736842105262,0.9849624060150375,1.0,6
20,5,0.20302506330061118,0.5924812030075187,0.6466165413533834,0.9308270676691727,0.9368421052631578,0.8902255639097743,0.9428571428571428,0.6601503759398496,0.6977443609022556,0.9759398496240601,0.8646616541353382,0.9864661654135337,7
20,5,0.4048993649688355,0.8932330827067668,0.9218045112781955,0.9533834586466164,0.9774436090225563,0.9548872180451128,0.9834586466165413,0.9052631578947368,0.9473684210526315,0.9879699248120299,0.9774436090225563,1.0,7
20,5,0.1690853035821762,0.675187969924812,0.7218045112781954,0.875187969924812,0.9639097744360902,0.8842105263157894,0.9759398496240601,0.6511278195488721,0.7218045112781954,0.9458646616541352,0.8992481203007519,0.9954887218045112,7
20,5,0.21049380197969056,0.6932330827067669,0.7864661654135338,0.9082706766917292,0.9518796992481202,0.900751879699248,0.9413533834586465,0.7744360902255639,0.8857142857142858,0.9714285714285714,0.9082706766917292,0.9849624060150375,7
20,5,0.44832012873597576,0.9233082706766916,0.9127819548872179,0.9744360902255638,0.9879699248120299,0.9774436090225563,0.9834586466165413,0.9248120300751879,0.9293233082706768,0.9924812030075187,0.9729323308270676,0.993984962406015,7
20,5,0.36552237969881246,0.7473684210526315,0.7954887218045112,0.9593984962406013,0.9834586466165413,0.9428571428571428,0.9864661654135337,0.7849624060150376,0.8481203007518796,0.9684210526315788,0.9503759398496241,0.9984962406015038,7
20,5,0.2956968646047671,0.7834586466165413,0.8300751879699247,0.9548872180451128,0.9759398496240601,0.9413533834586465,0.9834586466165413,0.7909774436090224,0.8285714285714285,0.9578947368421054,0.9112781954887217,0.9954887218045112,7
20,5,0.3413419719517954,0.9308270676691727,0.9383458646616539,0.9353383458646616,0.9699248120300751,0.9684210526315788,0.9894736842105262,0.9218045112781955,0.9413533834586465,0.9879699248120299,0.9804511278195487,0.9969924812030074,7
20,5,0.24135963539999253,0.8646616541353382,0.849624060150376,0.9473684210526315,0.9789473684210527,0.9458646616541352,0.993984962406015,0.806015037593985,0.8330827067669173,0.9759398496240601,0.9864661654135337,1.0,8
20,5,0.3718771831113589,0.8601503759398496,0.8902255639097743,0.9639097744360902,0.9879699248120299,0.9744360902255638,0.9954887218045112,0.8947368421052632,0.9398496240601503,0.9849624060150375,0.9774436090225563,1.0,8
20,5,0.4732072145039986,0.8902255639097743,0.932330827067669,0.8661654135338346,0.9849624060150375,0.8661654135338346,0.9744360902255638,0.9203007518796992,0.9593984962406013,0.9909774436090225,0.9849624060150375,1.0,8
20,5,0.2650413946994966,0.801503759398496,0.8240601503759398,0.9428571428571428,0.9684210526315788,0.9518796992481202,0.9729323308270676,0.7609022556390977,0.8045112781954886,0.9593984962406013,0.9759398496240601,1.0,8
20,5,0.4739970109181334,0.77593984962406,0.8781954887218045,0.9488721804511278,0.9909774436090225,0.9548872180451128,0.9894736842105262,0.9052631578947368,0.9233082706766916,0.9954887218045112,0.9909774436090225,1.0,8
20,5,0.37567466615551826,0.8977443609022555,0.9127819548872179,0.9503759398496241,0.9909774436090225,0.9593984962406013,0.9909774436090225,0.9714285714285714,0.9804511278195487,0.9909774436090225,0.9864661654135337,0.9984962406015038,8
20,5,0.38615398224703135,0.9022556390977443,0.9172932330827066,0.9699248120300751,0.9909774436090225,0.9849624060150375,0.9969924812030074,0.932330827067669,0.956390977443609,0.9909774436090225,0.9789473684210527,1.0,8
20,5,0.3838004470447732,0.918796992481203,0.9233082706766916,0.9729323308270676,0.9894736842105262,0.9654135338345864,0.9954887218045112,0.9488721804511278,0.9609022556390976,0.9909774436090225,0.9894736842105262,1.0,8
20,5,0.31108979829500144,0.7368421052631579,0.8180451127819548,0.7984962406015037,0.9654135338345864,0.7849624060150376,0.9488721804511278,0.7157894736842104,0.7909774436090224,0.9834586466165413,0.8842105263157894,1.0,9
20,5,0.3846397278394697,0.9233082706766916,0.9172932330827066,0.9639097744360902,0.9774436090225563,0.9609022556390976,0.9759398496240601,0.9503759398496241,0.9248120300751879,0.9879699248120299,0.9518796992481202,1.0,9
20,5,0.3484680244513141,0.8586466165413533,0.9022556390977443,0.9774436090225563,0.9969924812030074,0.9729323308270676,1.0,0.875187969924812,0.918796992481203,0.9879699248120299,0.993984962406015,1.0,9
20,5,0.4363689181459054,0.9263157894736842,0.9368421052631578,0.956390977443609,0.9924812030075187,0.9669172932330825,0.9969924812030074,0.9669172932330825,0.9639097744360902,0.9954887218045112,0.9804511278195487,1.0,9
20,5,0.28694920680466457,0.8917293233082706,0.9263157894736842,0.9669172932330825,0.9909774436090225,0.9684210526315788,0.993984962406015,0.9233082706766916,0.9624060150375938,0.9804511278195487,0.9879699248120299,1.0,9
20,5,0.45012699739498946,0.9112781954887217,0.9383458646616539,0.9879699248120299,0.9924812030075187,0.9879699248120299,0.993984962406015,0.9533834586466164,0.9684210526315788,1.0,0.9924812030075187,1.0,9
20,5,0.41302756388452116,0.8360902255639097,0.900751879699248,0.9789473684210527,0.993984962406015,0.9624060150375938,0.9969924812030074,0.8706766917293233,0.932330827067669,0.9684210526315788,0.9834586466165413,1.0,9
20,5,0.22679533697426066,0.675187969924812,0.8225563909774435,0.9112781954887217,0.9744360902255638,0.9639097744360902,0.9894736842105262,0.724812030075188,0.8601503759398496,0.9879699248120299,0.9759398496240601,1.0,9
20,5,0.2922353534913528,0.837593984962406,0.8766917293233082,0.9744360902255638,0.9488721804511278,0.9218045112781955,0.9684210526315788,0.8421052631578947,0.875187969924812,0.9744360902255638,0.9503759398496241,1.0,10
20,5,0.4496746887637705,0.8571428571428572,0.8872180451127819,0.9308270676691727,0.993984962406015,0.9353383458646616,0.9894736842105262,0.882706766917293,0.8721804511278194,0.9969924812030074,0.9894736842105262,1.0,10
20,5,0.34038421449857836,0.8225563909774435,0.8451127819548873,0.9052631578947368,0.9443609022556391,0.9097744360902256,0.9774436090225563,0.8090225563909773,0.8676691729323308,0.9879699248120299,0.9383458646616539,1.0,10
20,5,0.4935279854599636,0.9052631578947368,0.8932330827067668,0.9849624060150375,0.993984962406015,0.9849624060150375,0.9954887218045112,0.9067669172932331,0.8917293233082706,0.9954887218045112,0.993984962406015,1.0,10
20,5,0.37324972296935016,0.8706766917293233,0.9398496240601503,0.9368421052631578,0.9759398496240601,0.8812030075187969,0.9804511278195487,0.8781954887218045,0.9067669172932331,0.9924812030075187,0.9774436090225563,1.0,10
20,5,0.4068559045355267,0.9052631578947368,0.9263157894736842,0.9639097744360902,0.993984962406015,0.9624060150375938,0.993984962406015,0.9774436090225563,0.9849624060150375,0.993984962406015,0.9909774436090225,1.0,10
20,5,0.4263194586117151,0.8105263157894737,0.8616541353383457,0.882706766917293,0.9684210526315788,0.8992481203007519,0.9744360902255638,0.8526315789473683,0.8902255639097743,0.9894736842105262,0.9684210526315788,1.0,10
20,5,0.26496175046094345,0.801503759398496,0.8902255639097743,0.9082706766917292,0.9894736842105262,0.9052631578947368,0.9804511278195487,0.8330827067669173,0.9353383458646616,0.9924812030075187,0.9819548872180449,1.0,10
20,5,0.48033851135994265,0.875187969924812,0.8736842105263156,0.9473684210526315,0.9639097744360902,0.9473684210526315,0.9639097744360902,0.900751879699248,0.900751879699248,0.993984962406015,0.9639097744360902,0.9969924812030074,11
20,5,0.29914561797830985,0.8661654135338346,0.9383458646616539,0.9428571428571428,0.9924812030075187,0.9458646616541352,0.9879699248120299,0.8902255639097743,0.9684210526315788,0.9924812030075187,0.9789473684210527,1.0,11
20,5,0.418870366101214,0.9082706766917292,0.8947368421052632,0.9789473684210527,0.9909774436090225,0.9759398496240601,0.9909774436090225,0.9609022556390976,0.9503759398496241,0.993984962406015,0.9789473684210527,0.9984962406015038,11
20,5,0.36627352725732026,0.8917293233082706,0.8842105263157894,0.9819548872180449,0.9924812030075187,0.9834586466165413,0.9954887218045112,0.8932330827067668,0.9082706766917292,0.9669172932330825,0.9819548872180449,1.0,11
20,5,0.17504962904705282,0.8090225563909773,0.900751879699248,0.956390977443609,0.9744360902255638,0.9624060150375938,0.993984962406015,0.8285714285714285,0.9127819548872179,0.9669172932330825,0.9578947368421054,0.9984962406015038,11
20,5,0.3080466928739191,0.8390977443609022,0.8721804511278194,0.8676691729323308,0.9639097744360902,0.8300751879699247,0.9473684210526315,0.77593984962406,0.8406015037593983,0.9729323308270676,0.9488721804511278,1.0,11
20,5,0.36251440114934946,0.6676691729323309,0.7834586466165413,0.8902255639097743,0.9458646616541352,0.9172932330827066,0.9593984962406013,0.7218045112781954,0.7954887218045112,0.8812030075187969,0.8045112781954886,1.0,11
20,5,0.32072571609281864,0.8796992481203006,0.8842105263157894,0.9789473684210527,0.9849624060150375,0.9729323308270676,0.9954887218045112,0.9593984962406013,0.9533834586466164,0.9789473684210527,0.9819548872180449,1.0,11
20,5,0.35756992723220393,0.9067669172932331,0.9218045112781955,0.9097744360902256,0.9699248120300751,0.9157894736842105,0.9879699248120299,0.9233082706766916,0.9518796992481202,0.9804511278195487,0.9744360902255638,1.0,12
20,5,0.2855982252116579,0.8812030075187969,0.9383458646616539,0.9458646616541352,0.9774436090225563,0.9699248120300751,0.993984962406015,0.8466165413533834,0.9443609022556391,0.9954887218045112,0.9744360902255638,1.0,12
20,5,0.4727475049720834,0.9082706766917292,0.9052631578947368,0.932330827067669,0.9924812030075187,0.9368421052631578,0.993984962406015,0.8796992481203006,0.9097744360902256,0.9984962406015038,0.9924812030075187,1.0,12
20,5,0.25067604663968723,0.9699248120300751,0.9804511278195487,0.9172932330827066,0.9864661654135337,0.9338345864661652,0.9894736842105262,0.9338345864661652,0.956390977443609,0.9804511278195487,0.9879699248120299,1.0,12
20,5,0.4097851086301548,0.9203007518796992,0.9263157894736842,0.9353383458646616,0.9849624060150375,0.9353383458646616,0.9834586466165413,0.9263157894736842,0.9548872180451128,0.9744360902255638,0.9819548872180449,0.9984962406015038,12
20,5,0.47495734260749956,0.9203007518796992,0.9353383458646616,0.9684210526315788,0.9984962406015038,0.9639097744360902,0.9969924812030074,0.9203007518796992,0.956390977443609,0.993984962406015,0.9984962406015038,1.0,12
20,5,0.282501625230535,0.9022556390977443,0.9368421052631578,0.9909774436090225,0.9909774436090225,0.9699248120300751,0.9954887218045112,0.8992481203007519,0.9263157894736842,0.9909774436090225,0.9789473684210527,1.0,12
20,5,0.45628365656749625,0.9639097744360902,0.9714285714285714,0.9654135338345864,0.9954887218045112,0.9684210526315788,0.993984962406015,0.9518796992481202,0.9699248120300751,0.9954887218045112,0.993984962406015,1.0,12
20,5,0.47209894290962096,0.8511278195488721,0.875187969924812,0.9744360902255638,0.9909774436090225,0.9669172932330825,0.9909774436090225,0.9127819548872179,0.8947368421052632,0.9984962406015038,0.9909774436090225,1.0,13
20,5,0.3608269184863866,0.9067669172932331,0.8887218045112781,0.9488721804511278,0.9849624060150375,0.9729323308270676,1.0,0.9533834586466164,0.9699248120300751,0.9879699248120299,0.9804511278195487,1.0,13
20,5,0.43826503302717656,0.9127819548872179,0.9398496240601503,0.9624060150375938,0.9864661654135337,0.9548872180451128,0.9789473684210527,0.9157894736842105,0.9458646616541352,0.9969924812030074,0.9849624060150375,1.0,13
20,5,0.4731284347505225,0.9263157894736842,0.8917293233082706,0.9578947368421054,0.9894736842105262,0.9503759398496241,0.9924812030075187,0.9293233082706768,0.9353383458646616,1.0,0.9894736842105262,1.0,13
20,5,0.3842301195736221,0.8451127819548873,0.8992481203007519,0.9248120300751879,0.9924812030075187,0.9383458646616539,0.993984962406015,0.8586466165413533,0.932330827067669,0.9849624060150375,0.9353383458646616,1.0,13
20,5,0.3112788341586314,0.7969924812030074,0.8345864661654135,0.9654135338345864,0.9924812030075187,0.9789473684210527,0.993984962406015,0.8406015037593983,0.8887218045112781,0.9864661654135337,0.9804511278195487,1.0,13
20,5,0.3344045771936595,0.8466165413533834,0.9593984962406013,0.9473684210526315,0.9909774436090225,0.9398496240601503,0.9924812030075187,0.8270676691729323,0.9458646616541352,0.9503759398496241,0.9714285714285714,1.0,13
20,5,0.4455685842098327,0.8812030075187969,0.900751879699248,0.9669172932330825,0.9834586466165413,0.9578947368421054,0.9954887218045112,0.9248120300751879,0.9533834586466164,0.993984962406015,0.9789473684210527,1.0,13
20,5,0.2690254994612303,0.8436090225563909,0.863157894736842,0.8992481203007519,0.9909774436090225,0.8992481203007519,0.9969924812030074,0.8571428571428572,0.8842105263157894,0.9263157894736842,0.9879699248120299,1.0,14
20,5,0.12478269922529814,0.49323308270676686,0.5624060150375939,0.5428571428571428,0.8421052631578947,0.7593984962406014,0.9954887218045112,0.4676691729323308,0.5834586466165413,0.9398496240601503,0.8796992481203006,1.0,14
20,5,0.3224948989570116,0.8406015037593983,0.8857142857142858,0.9082706766917292,0.9308270676691727,0.900751879699248,0.9759398496240601,0.8105263157894737,0.8511278195488721,0.9624060150375938,0.9248120300751879,1.0,14
20,5,0.4704775610543641,0.8842105263157894,0.9082706766917292,0.9518796992481202,0.9969924812030074,0.9609022556390976,0.9984962406015038,0.9413533834586465,0.9278195488721804,0.9804511278195487,0.9924812030075187,1.0,14
20,5,0.4227590980381305,0.8917293233082706,0.8766917293233082,0.9609022556390976,0.9864661654135337,0.9654135338345864,0.9894736842105262,0.8706766917293233,0.9052631578947368,0.9984962406015038,0.9804511278195487,1.0,14
20,5,0.19156454431734235,0.8451127819548873,0.8646616541353382,0.9383458646616539,0.9067669172932331,0.9293233082706768,0.9954887218045112,0.7984962406015037,0.8601503759398496,0.9278195488721804,0.9052631578947368,1.0,14
20,5,0.42806821167056686,0.806015037593985,0.8270676691729323,0.8932330827067668,0.9789473684210527,0.8992481203007519,1.0,0.849624060150376,0.8736842105263156,0.9684210526315788,0.9684210526315788,1.0,14
20,5,0.2934528660521765,0.8300751879699247,0.8541353383458646,0.8736842105263156,0.9654135338345864,0.8781954887218045,0.9894736842105262,0.7864661654135338,0.9082706766917292,0.9428571428571428,0.9774436090225563,1.0,14
20,5,0.32738977863158997,0.8586466165413533,0.9127819548872179,0.8932330827067668,0.9759398496240601,0.9308270676691727,0.9984962406015038,0.8240601503759398,0.9233082706766916,0.9954887218045112,0.9744360902255638,1.0,15
20,5,0.3146843350769148,0.8691729323308269,0.8812030075187969,0.8661654135338346,0.9548872180451128,0.9037593984962405,0.9744360902255638,0.8676691729323308,0.932330827067669,0.9954887218045112,0.9578947368421054,0.9984962406015038,15
20,5,0.4348980101632715,0.9248120300751879,0.9203007518796992,0.9804511278195487,0.9894736842105262,0.9819548872180449,0.9894736842105262,0.9669172932330825,0.9759398496240601,0.9924812030075187,0.9819548872180449,1.0,15
20,5,0.2532584591869981,0.8556390977443609,0.9458646616541352,0.9022556390977443,0.9879699248120299,0.8992481203007519,0.9864661654135337,0.9052631578947368,0.9473684210526315,0.9804511278195487,0.9774436090225563,1.0,15
20,5,0.4551933260527054,0.882706766917293,0.8917293233082706,0.9804511278195487,0.9849624060150375,0.9804511278195487,0.9819548872180449,0.9383458646616539,0.956390977443609,0.9954887218045112,0.9819548872180449,1.0,15
20,5,0.3201465836445961,0.7849624060150376,0.8646616541353382,0.9052631578947368,0.9819548872180449,0.9022556390977443,0.9864661654135337,0.7774436090225564,0.8766917293233082,0.9864661654135337,0.9503759398496241,1.0,15
20,5,0.44737610642694875,0.8721804511278194,0.9157894736842105,0.9759398496240601,0.9954887218045112,0.9729323308270676,0.993984962406015,0.956390977443609,0.9699248120300751,0.9969924812030074,0.993984962406015,0.9984962406015038,15
20,5,0.31415390493481843,0.9203007518796992,0.9037593984962405,0.9789473684210527,0.9924812030075187,0.9639097744360902,0.993984962406015,0.9488721804511278,0.9383458646616539,0.9969924812030074,0.9804511278195487,1.0,15
20,5,0.2888640775369106,0.863157894736842,0.9022556390977443,0.9353383458646616,0.9879699248120299,0.9142857142857143,0.9954887218045112,0.7578947368421052,0.8285714285714285,0.993984962406015,0.9834586466165413,0.9984962406015038,16
20,5,0.2214893735150473,0.8345864661654135,0.8676691729323308,0.9503759398496241,0.9894736842105262,0.9308270676691727,0.9834586466165413,0.8601503759398496,0.9127819548872179,0.9849624060150375,0.9819548872180449,1.0,16
20,5,0.3807449803071911,0.837593984962406,0.918796992481203,0.9127819548872179,0.9804511278195487,0.9338345864661652,0.9879699248120299,0.8766917293233082,0.9368421052631578,0.9954887218045112,0.9894736842105262,0.9984962406015038,16
20,5,0.3656063261017975,0.9022556390977443,0.9248120300751879,0.9293233082706768,0.9819548872180449,0.9353383458646616,0.9879699248120299,0.8812030075187969,0.9338345864661652,0.993984962406015,0.9864661654135337,0.9984962406015038,16
20,5,0.31921287114990177,0.9082706766917292,0.9082706766917292,0.9473684210526315,0.9789473684210527,0.9368421052631578,0.9984962406015038,0.9097744360902256,0.9308270676691727,0.993984962406015,0.9789473684210527,0.9984962406015038,16
20,5,0.413987309584349,0.918796992481203,0.9518796992481202,0.9383458646616539,0.9789473684210527,0.9383458646616539,0.9789473684210527,0.9248120300751879,0.9353383458646616,0.9969924812030074,0.9789473684210527,0.9984962406015038,16
20,5,0.43858474930862895,0.8932330827067668,0.9022556390977443,0.8932330827067668,0.9864661654135337,0.9022556390977443,0.9879699248120299,0.8601503759398496,0.9112781954887217,0.9969924812030074,0.9864661654135337,0.9984962406015038,16
20,5,0.3473066017930642,0.8676691729323308,0.8451127819548873,0.9654135338345864,0.9834586466165413,0.9473684210526315,0.9819548872180449,0.8766917293233082,0.8556390977443609,0.9879699248120299,0.9774436090225563,1.0,16
20,5,0.3686877046472713,0.9157894736842105,0.9428571428571428,0.9518796992481202,0.9894736842105262,0.9458646616541352,0.9849624060150375,0.9353383458646616,0.9744360902255638,0.9969924812030074,0.9894736842105262,1.0,17
20,5,0.43079004405418336,0.9654135338345864,0.9819548872180449,0.9699248120300751,0.9894736842105262,0.9729323308270676,0.9879699248120299,0.9609022556390976,0.9729323308270676,0.9954887218045112,0.9879699248120299,1.0,17
20,5,0.3634660866238799,0.9157894736842105,0.9037593984962405,0.9924812030075187,0.9909774436090225,0.9864661654135337,0.9894736842105262,0.9458646616541352,0.9338345864661652,0.9969924812030074,0.9924812030075187,1.0,17
20,5,0.39773496305321193,0.8962406015037594,0.9413533834586465,0.9684210526315788,0.9909774436090225,0.9699248120300751,0.993984962406015,0.9443609022556391,0.9308270676691727,0.9969924812030074,0.9909774436090225,0.9984962406015038,17
20,5,0.14663530827388038,0.7849624060150376,0.8676691729323308,0.9473684210526315,0.9894736842105262,0.900751879699248,0.9789473684210527,0.7834586466165413,0.8721804511278194,0.9834586466165413,0.9774436090225563,1.0,17
20,5,0.18188385746327243,0.831578947368421,0.8947368421052632,0.8992481203007519,0.9654135338345864,0.8345864661654135,0.9789473684210527,0.7969924812030074,0.9203007518796992,0.9834586466165413,0.956390977443609,1.0,17
20,5,0.41233237510777604,0.8887218045112781,0.9142857142857143,0.956390977443609,0.9789473684210527,0.9383458646616539,0.9759398496240601,0.9127819548872179,0.8947368421052632,0.9969924812030074,0.9834586466165413,1.0,17
20,5,0.22731004930304166,0.875187969924812,0.9383458646616539,0.9022556390977443,0.9894736842105262,0.8842105263157894,0.9909774436090225,0.8796992481203006,0.956390977443609,0.993984962406015,0.993984962406015,1.0,17
20,5,0.477586808031102,0.9172932330827066,0.9248120300751879,0.9744360902255638,0.993984962406015,0.9729323308270676,0.9969924812030074,0.9428571428571428,0.9639097744360902,0.9984962406015038,0.9909774436090225,1.0,18
20,5,0.4729306342100929,0.8812030075187969,0.8992481203007519,0.9639097744360902,0.9909774436090225,0.9639097744360902,0.9909774436090225,0.9022556390977443,0.9022556390977443,0.9969924812030074,0.9849624060150375,0.9984962406015038,18
20,5,0.16284300226292067,0.8090225563909773,0.8481203007518796,0.8796992481203006,0.9654135338345864,0.9097744360902256,0.9834586466165413,0.8150375939849623,0.8586466165413533,0.9864661654135337,0.9699248120300751,0.9984962406015038,18
20,5,0.3501975303489866,0.9157894736842105,0.9383458646616539,0.9639097744360902,0.9864661654135337,0.9684210526315788,0.9894736842105262,0.9293233082706768,0.9503759398496241,0.9984962406015038,0.9864661654135337,1.0,18
20,5,0.2912422946202139,0.8842105263157894,0.9142857142857143,0.9699248120300751,0.9924812030075187,0.9624060150375938,0.9954887218045112,0.9308270676691727,0.9669172932330825,0.9969924812030074,0.9909774436090225,1.0,18
20,5,0.4594339003264845,0.8090225563909773,0.8706766917293233,0.9609022556390976,0.9984962406015038,0.9609022556390976,0.9984962406015038,0.7834586466165413,0.8390977443609022,1.0,0.9969924812030074,1.0,18
20,5,0.4488429916908062,0.900751879699248,0.9338345864661652,0.9729323308270676,0.9879699248120299,0.9699248120300751,0.9864661654135337,0.9639097744360902,0.9714285714285714,0.9924812030075187,0.9819548872180449,0.9984962406015038,18
20,5,0.44239930730263444,0.9458646616541352,0.9413533834586465,0.9849624060150375,0.993984962406015,0.9849624060150375,0.993984962406015,0.9533834586466164,0.9729323308270676,0.9954887218045112,0.9954887218045112,0.9984962406015038,18
20,5,0.44861020387476874,0.9308270676691727,0.9398496240601503,0.9639097744360902,0.9879699248120299,0.9639097744360902,0.9864661654135337,0.9293233082706768,0.9624060150375938,1.0,0.9864661654135337,1.0,19
20,5,0.3376204138219203,0.8932330827067668,0.9233082706766916,0.9744360902255638,0.9819548872180449,0.9548872180451128,0.9909774436090225,0.9248120300751879,0.9774436090225563,1.0,0.9804511278195487,1.0,19
20,5,0.35757464499435676,0.9082706766917292,0.9248120300751879,0.9684210526315788,0.9909774436090225,0.9548872180451128,0.993984962406015,0.8887218045112781,0.9233082706766916,0.9819548872180449,0.9834586466165413,1.0,19
20,5,0.4269300174178881,0.9218045112781955,0.9458646616541352,0.9849624060150375,0.9909774436090225,0.9804511278195487,0.9969924812030074,0.8917293233082706,0.9308270676691727,0.993984962406015,0.9894736842105262,1.0,19
20,5,0.47658084863458633,0.9443609022556391,0.9578947368421054,0.9819548872180449,0.9924812030075187,0.9789473684210527,0.9924812030075187,0.9729323308270676,0.9593984962406013,0.9924812030075187,0.9954887218045112,1.0,19
20,5,0.2844672845954903,0.8556390977443609,0.9428571428571428,0.9413533834586465,0.9804511278195487,0.9368421052631578,0.9954887218045112,0.8661654135338346,0.9593984962406013,0.9954887218045112,0.9819548872180449,1.0,19
20,5,0.42834630533705415,0.9383458646616539,0.9548872180451128,0.9293233082706768,0.9924812030075187,0.9398496240601503,0.9924812030075187,0.9293233082706768,0.9578947368421054,0.9984962406015038,0.9954887218045112,1.0,19
20,5,0.45700500676706357,0.9338345864661652,0.9172932330827066,0.9834586466165413,0.993984962406015,0.9834586466165413,0.9924812030075187,0.9278195488721804,0.9233082706766916,0.9954887218045112,0.993984962406015,1.0,19
