n_features,n_classes,K,sum_to_one_deviation,sum_to_one_deviation_topk,ovr_feature_overlap,fisher_feature_overlap,ovr_pairdiff_variance,fisher_pairdiff_variance,ovr_pairdiff_variance_normalized,fisher_pairdiff_variance_normalized,ovr_pairdiff_mean_norm,fisher_pairdiff_mean_norm,seed
8,3,2,1.1102230246251565e-16,0.0031499832421835183,0.5555555555555555,0.2222222222222222,0.0023070090054394736,1.3306250223370874e-05,0.0853425391939991,0.13376865407004956,0.15948197419405888,0.009513711026953028,0
8,3,5,1.1102230246251565e-16,0.00030591429078929977,0.5079365079365079,0.7777777777777777,0.0023070090054394736,1.3306250223370874e-05,0.0853425391939991,0.13376865407004956,0.15948197419405888,0.009513711026953028,0
8,3,2,0.0,0.0002699778719359447,0.5555555555555555,0.5555555555555555,0.0012291058932132925,1.9148688063642e-05,0.021366247943913466,0.061766526104314094,0.23173968650450158,0.016672872250617206,0
8,3,5,0.0,0.0009785641825283964,0.5079365079365079,0.5079365079365079,0.0012291058932132925,1.9148688063642e-05,0.021366247943913466,0.061766526104314094,0.23173968650450158,0.016672872250617206,0
8,3,2,0.0,8.014181321325253e-05,0.1111111111111111,1.0,0.0021289353561385073,1.4740486852658507e-05,0.09754160217034309,0.13310603169578086,0.14302969849305605,0.01022437424676114,0
8,3,5,0.0,0.0001857177974545765,0.5873015873015873,0.5873015873015873,0.0021289353561385073,1.4740486852658507e-05,0.09754160217034309,0.13310603169578086,0.14302969849305605,0.01022437424676114,0
8,3,2,0.0,0.001102855401885261,0.5555555555555555,1.0,0.0011665521810108274,2.0683887826766652e-05,0.006168986970232732,0.02299223329638824,0.35812312003497576,0.02186291299150467,0
8,3,5,0.0,0.00015032916620327796,0.6666666666666666,1.0,0.0011665521810108274,2.0683887826766652e-05,0.006168986970232732,0.02299223329638824,0.35812312003497576,0.02186291299150467,0
8,3,2,2.220446049250313e-16,0.0031356854383994825,0.5555555555555555,0.3333333333333333,0.001582031561956044,1.834380520951628e-05,0.031607320543666856,0.09455099715185115,0.2078794261634078,0.013161296946353197,0
8,3,5,2.220446049250313e-16,0.003467197169075731,0.7777777777777777,0.5873015873015873,0.001582031561956044,1.834380520951628e-05,0.031607320543666856,0.09455099715185115,0.2078794261634078,0.013161296946353197,0
8,3,2,2.220446049250313e-16,0.002621967115393642,0.3333333333333333,0.5555555555555555,0.0012488628997191751,1.3740924752172333e-05,0.04135825280116634,0.12248994238498226,0.14912354491662186,0.00964093934309315,0
8,3,5,2.220446049250313e-16,0.0012163211611611047,0.5079365079365079,0.36904761904761907,0.0012488628997191751,1.3740924752172333e-05,0.04135825280116634,0.12248994238498226,0.14912354491662186,0.00964093934309315,0
8,3,2,2.220446049250313e-16,0.0011917113106219013,1.0,0.5555555555555555,0.001365059726434508,2.4227277972309992e-05,0.027756238301629432,0.11530128270193181,0.16502464494810087,0.01323433768844891,0
8,3,5,2.220446049250313e-16,0.0007848867910780211,0.4484126984126984,1.0,0.001365059726434508,2.4227277972309992e-05,0.027756238301629432,0.11530128270193181,0.16502464494810087,0.01323433768844891,0
8,3,2,0.0,0.0019108251714479163,0.5555555555555555,0.5555555555555555,0.0011421181076306326,1.0135165557881142e-05,0.03715790314076624,0.060520041642965976,0.15727110973898367,0.011281843798045588,0
8,3,5,0.0,0.00022316175787806536,0.7777777777777777,0.7777777777777777,0.0011421181076306326,1.0135165557881142e-05,0.03715790314076624,0.060520041642965976,0.15727110973898367,0.011281843798045588,0
8,3,2,0.0,0.00027917134208355066,0.5555555555555555,0.3333333333333333,0.0005721537554679268,4.064522040656892e-06,0.013502357550065777,0.03178908673292361,0.19165402642858967,0.010679420597220301,1
8,3,5,0.0,0.0003210669216229256,0.6666666666666666,0.7777777777777777,0.0005721537554679268,4.064522040656892e-06,0.013502357550065777,0.03178908673292361,0.19165402642858967,0.010679420597220301,1
8,3,2,0.0,0.0060358994657158105,0.5555555555555555,0.5555555555555555,0.0007332107485811527,1.1224036292921554e-05,0.009050804986948102,0.010810829415246966,0.2498322613401647,0.02430735036707084,1
8,3,5,0.0,0.004174164657745338,0.6666666666666666,0.7777777777777777,0.0007332107485811527,1.1224036292921554e-05,0.009050804986948102,0.010810829415246966,0.2498322613401647,0.02430735036707084,1
8,3,2,0.0,0.0022669404571756813,0.5555555555555555,0.5555555555555555,0.000596385415072761,1.249931358046847e-05,0.009033393021548474,0.0148703490811672,0.23286550154366834,0.022445482071376453,1
8,3,5,0.0,0.000794958682588387,0.6666666666666666,0.36904761904761907,0.000596385415072761,1.249931358046847e-05,0.009033393021548474,0.0148703490811672,0.23286550154366834,0.022445482071376453,1
8,3,2,0.0,1.531064219717493e-05,0.5555555555555555,0.5555555555555555,0.0007477125505855758,6.339232265861379e-06,0.016565214694009647,0.03494460083101939,0.19179861779180843,0.01168301506437211,1
8,3,5,0.0,0.0009099606615956546,0.5079365079365079,0.5873015873015873,0.0007477125505855758,6.339232265861379e-06,0.016565214694009647,0.03494460083101939,0.19179861779180843,0.01168301506437211,1
8,3,2,0.0,0.00015417407664197746,0.5555555555555555,0.5555555555555555,0.0006289007678491326,1.0773465256883899e-05,0.006812313557022322,0.011807425905804247,0.26259759482998374,0.02282355982065963,1
8,3,5,0.0,0.0006636355134355121,0.7777777777777777,0.6190476190476191,0.0006289007678491326,1.0773465256883899e-05,0.006812313557022322,0.011807425905804247,0.26259759482998374,0.02282355982065963,1
8,3,2,1.1102230246251565e-16,0.002078965981733072,0.5555555555555555,1.0,0.0006255801528290473,8.67152523603511e-06,0.005078416240458598,0.016523228648568197,0.2849233174474993,0.017637477648084727,1
8,3,5,1.1102230246251565e-16,0.0011830071011666998,0.7777777777777777,0.6190476190476191,0.0006255801528290473,8.67152523603511e-06,0.005078416240458598,0.016523228648568197,0.2849233174474993,0.017637477648084727,1
8,3,2,0.0,3.488827990971721e-05,0.5555555555555555,0.5555555555555555,0.0007474271932219379,5.884100755817606e-06,0.014921178443946005,0.029361250520091853,0.19962824120227166,0.011578286455997917,1
8,3,5,0.0,0.0010387952926437238,0.5079365079365079,1.0,0.0007474271932219379,5.884100755817606e-06,0.014921178443946005,0.029361250520091853,0.19962824120227166,0.011578286455997917,1
8,3,2,0.0,0.000623466361681313,0.5555555555555555,0.5555555555555555,0.0007655219353163923,8.644110113734629e-06,0.008207478184035149,0.00915252370125191,0.2663457158462056,0.024431132857063973,1
8,3,5,0.0,0.0014392291811673452,0.6666666666666666,0.6190476190476191,0.0007655219353163923,8.644110113734629e-06,0.008207478184035149,0.00915252370125191,0.2663457158462056,0.024431132857063973,1
8,3,2,2.220446049250313e-16,0.0006978031303168652,0.2222222222222222,0.2222222222222222,0.0010624721521957814,1.695953498675656e-05,0.1272715182880706,0.21236950967159163,0.08838127333847347,0.007444253734641642,2
8,3,5,2.220446049250313e-16,0.0013708469896402953,0.5873015873015873,0.36904761904761907,0.0010624721521957814,1.695953498675656e-05,0.1272715182880706,0.21236950967159163,0.08838127333847347,0.007444253734641642,2
8,3,2,0.0,0.0034744126381449636,0.2222222222222222,0.3333333333333333,0.0018855411869252543,2.6289498593164292e-05,0.02723341417118367,0.06814213896959562,0.25620905361512264,0.01882805935021236,2
8,3,5,0.0,0.002386560291635309,0.5873015873015873,0.5079365079365079,0.0018855411869252543,2.6289498593164292e-05,0.02723341417118367,0.06814213896959562,0.25620905361512264,0.01882805935021236,2
8,3,2,0.0,0.0002748572819863959,0.5555555555555555,1.0,0.003990731082747206,3.052467051582678e-05,0.034203696583240566,0.08956789183197468,0.31323421759238007,0.016571297004036804,2
8,3,5,0.0,0.0003760671941845928,0.7777777777777777,0.7777777777777777,0.003990731082747206,3.052467051582678e-05,0.034203696583240566,0.08956789183197468,0.31323421759238007,0.016571297004036804,2
8,3,2,2.220446049250313e-16,0.0003973833817325634,0.5555555555555555,0.5555555555555555,0.0017849911581431829,2.4178467807932326e-05,0.02605522823986233,0.07429141011364601,0.22024335772999606,0.016527418448135555,2
8,3,5,2.220446049250313e-16,0.0025494092003363056,0.6666666666666666,1.0,0.0017849911581431829,2.4178467807932326e-05,0.02605522823986233,0.07429141011364601,0.22024335772999606,0.016527418448135555,2
8,3,2,0.0,6.410287687330651e-07,1.0,0.3333333333333333,0.0018056144678102162,1.949927520766755e-05,0.03376936812355662,0.09045181866770263,0.2003674826154504,0.01197433537458109,2
8,3,5,0.0,0.0019494007920832779,0.5079365079365079,0.6190476190476191,0.0018056144678102162,1.949927520766755e-05,0.03376936812355662,0.09045181866770263,0.2003674826154504,0.01197433537458109,2
8,3,2,2.220446049250313e-16,0.0003768709879220511,0.2222222222222222,0.5555555555555555,0.0009236929347011682,2.011031419413604e-05,0.017155608854171812,0.04142289714492169,0.18376681918451968,0.01390289421974485,2
8,3,5,2.220446049250313e-16,0.00029589057537293684,0.5079365079365079,0.42857142857142855,0.0009236929347011682,2.011031419413604e-05,0.017155608854171812,0.04142289714492169,0.18376681918451968,0.01390289421974485,2
8,3,2,0.0,0.001560043175798831,0.3333333333333333,0.1111111111111111,0.0012073946894585914,1.2682167288062509e-05,0.11557997010597182,0.2521633636056144,0.10029530446031244,0.006810433328530368,2
8,3,5,0.0,0.0009863812300359154,0.4484126984126984,0.5079365079365079,0.0012073946894585914,1.2682167288062509e-05,0.11557997010597182,0.2521633636056144,0.10029530446031244,0.006810433328530368,2
8,3,2,0.0,3.556939046478469e-05,0.5555555555555555,0.3333333333333333,0.0010474378508633355,1.2134686783559086e-05,0.17985444988230032,0.4140801399044253,0.07329508673544885,0.004981320892332989,2
8,3,5,0.0,0.0001534162666048111,0.5873015873015873,0.7777777777777777,0.0010474378508633355,1.2134686783559086e-05,0.17985444988230032,0.4140801399044253,0.07329508673544885,0.004981320892332989,2
8,3,2,0.0,0.0009635682627280318,0.3333333333333333,0.2222222222222222,0.0013263703840053552,1.0486119688755324e-05,0.023404715867740136,0.04484079670219859,0.21769004673810502,0.01441681708161616,3
8,3,5,0.0,0.0018612532352022537,0.6190476190476191,1.0,0.0013263703840053552,1.0486119688755324e-05,0.023404715867740136,0.04484079670219859,0.21769004673810502,0.01441681708161616,3
8,3,2,2.220446049250313e-16,0.0003028552233170778,0.5555555555555555,0.3333333333333333,0.0015771310232102792,1.2029145402927338e-05,0.022602882785779106,0.05738719612318016,0.24834317569848569,0.013617958018374399,3
8,3,5,2.220446049250313e-16,0.0005358576978922169,0.6190476190476191,0.7777777777777777,0.0015771310232102792,1.2029145402927338e-05,0.022602882785779106,0.05738719612318016,0.24834317569848569,0.013617958018374399,3
8,3,2,2.220446049250313e-16,0.0006293785876883007,0.2222222222222222,0.5555555555555555,0.0013929372948290756,1.394029443221173e-05,0.02350201952006432,0.049390940727310956,0.23479250385762385,0.01571404234443713,3
8,3,5,2.220446049250313e-16,0.0015930858284126659,0.6666666666666666,0.6190476190476191,0.0013929372948290756,1.394029443221173e-05,0.02350201952006432,0.049390940727310956,0.23479250385762385,0.01571404234443713,3
8,3,2,0.0,3.887112540357229e-05,0.2222222222222222,1.0,0.0008931422406438012,8.396696950594959e-06,0.017637914568519597,0.04148459675504535,0.21029053560798483,0.013119766520276435,3
8,3,5,0.0,0.00205276496506801,0.5873015873015873,0.6190476190476191,0.0008931422406438012,8.396696950594959e-06,0.017637914568519597,0.04148459675504535,0.21029053560798483,0.013119766520276435,3
8,3,2,1.1102230246251565e-16,6.485930379329652e-06,0.5555555555555555,0.5555555555555555,0.00138739931673865,1.0914675135104534e-05,0.02348738031728329,0.03566284700680901,0.22406899924055415,0.013841480330115452,3
8,3,5,1.1102230246251565e-16,0.00038822993414733276,0.7777777777777777,0.7777777777777777,0.00138739931673865,1.0914675135104534e-05,0.02348738031728329,0.03566284700680901,0.22406899924055415,0.013841480330115452,3
8,3,2,0.0,0.00022304457726463056,0.2222222222222222,0.2222222222222222,0.0008828683069924602,1.552819326086869e-05,0.012858364197449203,0.03500167528745976,0.23749883676038241,0.01781573550230673,3
8,3,5,0.0,0.00215707028389156,0.36904761904761907,0.5079365079365079,0.0008828683069924602,1.552819326086869e-05,0.012858364197449203,0.03500167528745976,0.23749883676038241,0.01781573550230673,3
8,3,2,0.0,0.00029009702134974447,0.2222222222222222,0.5555555555555555,0.0015716966509626046,1.2318029862407199e-05,0.029887452755663093,0.04078468076445853,0.22127687696704296,0.01524979798864064,3
8,3,5,0.0,0.0021020064278058914,0.5873015873015873,1.0,0.0015716966509626046,1.2318029862407199e-05,0.029887452755663093,0.04078468076445853,0.22127687696704296,0.01524979798864064,3
8,3,2,1.1102230246251565e-16,0.001007694768251688,0.2222222222222222,0.5555555555555555,0.0011593817986022537,1.1621153534787087e-05,0.02631854402094209,0.05446880225388302,0.2003196817427265,0.013110183572441928,3
8,3,5,1.1102230246251565e-16,0.003109611432170034,0.5079365079365079,0.5873015873015873,0.0011593817986022537,1.1621153534787087e-05,0.02631854402094209,0.05446880225388302,0.2003196817427265,0.013110183572441928,3
8,3,2,2.220446049250313e-16,0.00013927873335439767,0.5555555555555555,1.0,0.002504383002363738,1.4722268167395895e-05,0.2687678459293633,0.39702922017183917,0.08973889220033653,0.005596756936093611,4
8,3,5,2.220446049250313e-16,0.0007913651378990139,0.7777777777777777,1.0,0.002504383002363738,1.4722268167395895e-05,0.2687678459293633,0.39702922017183917,0.08973889220033653,0.005596756936093611,4
8,3,2,0.0,0.001231847184903545,0.1111111111111111,0.3333333333333333,0.0013645170176810944,1.4995223330304377e-05,0.013388003627789052,0.02436941495656789,0.2750611651420879,0.02104807268861795,4
8,3,5,0.0,0.005417218858236206,0.6666666666666666,0.6190476190476191,0.0013645170176810944,1.4995223330304377e-05,0.013388003627789052,0.02436941495656789,0.2750611651420879,0.02104807268861795,4
8,3,2,0.0,0.0006503286117849338,0.2222222222222222,0.5555555555555555,0.0014365399394516065,3.0513721485234408e-05,0.027856185276918195,0.1521510021513559,0.20544865769854848,0.013102810927256646,4
8,3,5,0.0,0.0012271943699933008,0.5079365079365079,1.0,0.0014365399394516065,3.0513721485234408e-05,0.027856185276918195,0.1521510021513559,0.20544865769854848,0.013102810927256646,4
8,3,2,0.0,0.0006667716442776417,0.3333333333333333,0.3333333333333333,0.0011799392010930655,3.1940574136220285e-05,0.03232953948020527,0.1844826722666069,0.1834375674793746,0.012089281681891767,4
8,3,5,0.0,0.0007191888387787504,0.5079365079365079,0.5079365079365079,0.0011799392010930655,3.1940574136220285e-05,0.03232953948020527,0.1844826722666069,0.1834375674793746,0.012089281681891767,4
8,3,2,0.0,0.00053951352126691,0.2222222222222222,0.3333333333333333,0.0013854608898248616,2.2397402575834e-05,0.012018830710711796,0.04055538398155458,0.28822792107112866,0.01951143724483307,4
8,3,5,0.0,0.0026584888928148365,0.5079365079365079,0.42857142857142855,0.0013854608898248616,2.2397402575834e-05,0.012018830710711796,0.04055538398155458,0.28822792107112866,0.01951143724483307,4
8,3,2,0.0,0.000791395132813344,0.3333333333333333,0.5555555555555555,0.00144948833381565,1.7498395575213635e-05,0.013074108544224066,0.030815064832889517,0.2992480161504256,0.020897528009857724,4
8,3,5,0.0,0.0002335163290876352,0.30952380952380953,0.6190476190476191,0.00144948833381565,1.7498395575213635e-05,0.013074108544224066,0.030815064832889517,0.2992480161504256,0.020897528009857724,4
8,3,2,0.0,0.0005348480820459578,0.2222222222222222,0.5555555555555555,0.001892673923545592,1.20334294835834e-05,0.02180080943541665,0.02422733780271002,0.250486800252897,0.019259657794822336,4
8,3,5,0.0,0.007937018448625377,0.36904761904761907,0.5079365079365079,0.001892673923545592,1.20334294835834e-05,0.02180080943541665,0.02422733780271002,0.250486800252897,0.019259657794822336,4
8,3,2,2.220446049250313e-16,0.0004728370696829298,0.2222222222222222,0.5555555555555555,0.0018632903912212209,4.113285273291691e-05,0.08368942711351465,0.28760466060084394,0.13294568944950486,0.011462072402911782,4
8,3,5,2.220446049250313e-16,0.0010076065259685407,0.30952380952380953,0.7777777777777777,0.0018632903912212209,4.113285273291691e-05,0.08368942711351465,0.28760466060084394,0.13294568944950486,0.011462072402911782,4
8,3,2,0.0,0.0006898012702234446,0.2222222222222222,1.0,0.0006226140524653303,1.061551699372003e-05,0.031102873298201824,0.050148607550634994,0.12838588477987128,0.011892606271797983,5
8,3,5,0.0,0.00030892207990373954,0.36904761904761907,0.6190476190476191,0.0006226140524653303,1.061551699372003e-05,0.031102873298201824,0.050148607550634994,0.12838588477987128,0.011892606271797983,5
8,3,2,2.220446049250313e-16,1.0378046611414504e-05,0.5555555555555555,1.0,0.0007555154589394943,2.8911208811601854e-05,0.15587709389087015,0.15141859230506746,0.06563222252079635,0.012538034144573553,5
8,3,5,2.220446049250313e-16,0.0010229058284971781,0.7777777777777777,0.5079365079365079,0.0007555154589394943,2.8911208811601854e-05,0.15587709389087015,0.15141859230506746,0.06563222252079635,0.012538034144573553,5
8,3,2,0.0,0.001572947983080275,0.2222222222222222,0.5555555555555555,0.0016548786614556791,1.3273799993778589e-05,0.02072153227666508,0.03995216990600663,0.2712692859307149,0.016736948855495894,5
8,3,5,0.0,0.00037278708048271714,0.4484126984126984,1.0,0.0016548786614556791,1.3273799993778589e-05,0.02072153227666508,0.03995216990600663,0.2712692859307149,0.016736948855495894,5
8,3,2,2.220446049250313e-16,0.0028906032085191935,0.2222222222222222,1.0,0.0006519028315882687,3.610644228728238e-05,0.08060232417224139,0.15147822902124033,0.08296491155300555,0.01452337597858695,5
8,3,5,2.220446049250313e-16,0.0006051570725906785,0.44841269841269843,0.7777777777777777,0.0006519028315882687,3.610644228728238e-05,0.08060232417224139,0.15147822902124033,0.08296491155300555,0.01452337597858695,5
8,3,2,2.220446049250313e-16,0.0011722295529470461,0.5555555555555555,1.0,0.0010297843382964414,1.1463551620002326e-05,0.006986109216032993,0.01874691921275433,0.348327180437835,0.022580801000200903,5
8,3,5,2.220446049250313e-16,9.266991383860557e-05,0.6666666666666666,1.0,0.0010297843382964414,1.1463551620002326e-05,0.006986109216032993,0.01874691921275433,0.348327180437835,0.022580801000200903,5
8,3,2,2.220446049250313e-16,0.000136234817923242,0.5555555555555555,1.0,0.0007722162351206769,1.8054500345658995e-05,0.0663026415332412,0.07095738249498534,0.09313021039253629,0.014468027009624877,5
8,3,5,2.220446049250313e-16,0.00012681024374616712,0.6190476190476191,0.5079365079365079,0.0007722162351206769,1.8054500345658995e-05,0.0663026415332412,0.07095738249498534,0.09313021039253629,0.014468027009624877,5
8,3,2,2.220446049250313e-16,0.0006099145630993341,0.2222222222222222,0.5555555555555555,0.0006084948624446816,2.414588118166966e-05,0.1341807675794575,0.14319531247462672,0.06508689366651235,0.011287110810641883,5
8,3,5,2.220446049250313e-16,0.0002096556308144315,0.5873015873015873,0.5079365079365079,0.0006084948624446816,2.414588118166966e-05,0.1341807675794575,0.14319531247462672,0.06508689366651235,0.011287110810641883,5
8,3,2,3.3306690738754696e-16,0.0008693544015818677,0.5555555555555555,0.5555555555555555,0.0007628655838747153,1.1136054729625327e-05,0.012806828860868778,0.027863667602318218,0.22817393766169933,0.018414590985089147,5
8,3,5,3.3306690738754696e-16,0.0005459565361700669,0.7777777777777777,0.6190476190476191,0.0007628655838747153,1.1136054729625327e-05,0.012806828860868778,0.027863667602318218,0.22817393766169933,0.018414590985089147,5
8,3,2,1.1102230246251565e-16,0.00015702122571692456,0.5555555555555555,0.5555555555555555,0.0008424437403269328,9.10115372937195e-06,0.021069755001888527,0.05302352855693489,0.18446771180009,0.012382268248536657,6
8,3,5,1.1102230246251565e-16,0.0003112229767638919,0.6190476190476191,0.6190476190476191,0.0008424437403269328,9.10115372937195e-06,0.021069755001888527,0.05302352855693489,0.18446771180009,0.012382268248536657,6
8,3,2,0.0,2.2542898664656974e-05,0.5555555555555555,0.3333333333333333,0.0009860376914904555,9.746665339622367e-06,0.02026938370654489,0.03145933993672718,0.2071903161316703,0.014394638381706286,6
8,3,5,0.0,0.0011010192978222477,0.5873015873015873,0.5,0.0009860376914904555,9.746665339622367e-06,0.02026938370654489,0.03145933993672718,0.2071903161316703,0.014394638381706286,6
8,3,2,0.0,0.0004111863977358521,0.5555555555555555,0.5555555555555555,0.0008400844212638326,8.195257950700276e-06,0.025364964224166623,0.04577459971900623,0.16661098529807494,0.011272832098934895,6
8,3,5,0.0,7.051470307883889e-06,0.7777777777777777,0.7777777777777777,0.0008400844212638326,8.195257950700276e-06,0.025364964224166623,0.04577459971900623,0.16661098529807494,0.011272832098934895,6
8,3,2,2.220446049250313e-16,0.0001769996938913998,0.2222222222222222,0.5555555555555555,0.00044694516396063004,6.592134921298996e-06,0.020771973126083927,0.05039310733779845,0.1311845333601939,0.010190986893463169,6
8,3,5,2.220446049250313e-16,3.9903008116737304e-05,0.42857142857142855,0.5873015873015873,0.00044694516396063004,6.592134921298996e-06,0.020771973126083927,0.05039310733779845,0.1311845333601939,0.010190986893463169,6
8,3,2,1.1102230246251565e-16,3.453004745224142e-05,0.5555555555555555,1.0,0.0007309819113600031,8.22856504012917e-06,0.024881104799438333,0.06486987412506545,0.15616726099919545,0.010250959920180065,6
8,3,5,1.1102230246251565e-16,0.002717619590485887,0.5873015873015873,0.7777777777777777,0.0007309819113600031,8.22856504012917e-06,0.024881104799438333,0.06486987412506545,0.15616726099919545,0.010250959920180065,6
8,3,2,1.1102230246251565e-16,0.0004009341004540534,0.5555555555555555,1.0,0.0006363559995122604,1.3860586752640862e-05,0.037946779648274684,0.15665064703286208,0.12728729513003958,0.008946635054017464,6
8,3,5,1.1102230246251565e-16,0.00010565673804130427,0.7777777777777777,1.0,0.0006363559995122604,1.3860586752640862e-05,0.037946779648274684,0.15665064703286208,0.12728729513003958,0.008946635054017464,6
8,3,2,0.0,0.0001885897762092803,0.5555555555555555,1.0,0.0008027583178268581,1.2826026387175977e-05,0.021172246025592333,0.05931860869777652,0.17594500846780384,0.013037042026909045,6
8,3,5,0.0,0.00043219545520967184,0.42857142857142855,1.0,0.0008027583178268581,1.2826026387175977e-05,0.021172246025592333,0.05931860869777652,0.17594500846780384,0.013037042026909045,6
8,3,2,0.0,8.291120354586567e-05,0.5555555555555555,1.0,0.0008069555056771543,9.175180577141015e-06,0.01836968105044945,0.04475275236869482,0.18914712362834818,0.012608989485496153,6
8,3,5,0.0,0.0006286137683992887,0.6666666666666666,1.0,0.0008069555056771543,9.175180577141015e-06,0.01836968105044945,0.04475275236869482,0.18914712362834818,0.012608989485496153,6
8,3,2,2.220446049250313e-16,0.0014778969890480997,0.2222222222222222,0.3333333333333333,0.0007357103882221887,1.3278602520125254e-05,0.008987606996895046,0.028513256847780125,0.26479358158997546,0.01828762148253315,7
8,3,5,2.220446049250313e-16,0.00043335087212303947,0.38888888888888884,0.7777777777777777,0.0007357103882221887,1.3278602520125254e-05,0.008987606996895046,0.028513256847780125,0.26479358158997546,0.01828762148253315,7
8,3,2,0.0,0.0009919713688795184,0.2222222222222222,0.2222222222222222,0.0006831526673747449,3.29560198505039e-05,0.025972279604037363,0.159041132842303,0.15436540743670474,0.013341888900686692,7
8,3,5,0.0,0.0026393372503539236,0.5873015873015873,0.6190476190476191,0.0006831526673747449,3.29560198505039e-05,0.025972279604037363,0.159041132842303,0.15436540743670474,0.013341888900686692,7
8,3,2,0.0,0.0013823926430727163,0.2222222222222222,0.5555555555555555,0.0003737135084697898,6.773669655751858e-05,0.01000627269708039,0.14188975635524337,0.17111021296857762,0.020589739189699814,7
8,3,5,0.0,0.003916212246303563,0.38888888888888884,0.6190476190476191,0.0003737135084697898,6.773669655751858e-05,0.01000627269708039,0.14188975635524337,0.17111021296857762,0.020589739189699814,7
8,3,2,2.220446049250313e-16,0.000445613731419936,0.3333333333333333,1.0,0.000521533177642457,4.5199906051156125e-05,0.011381954850866743,0.12291516544199559,0.16480154329766414,0.01799571412786814,7
8,3,5,2.220446049250313e-16,0.0008912916136520899,0.4484126984126984,0.5873015873015873,0.000521533177642457,4.5199906051156125e-05,0.011381954850866743,0.12291516544199559,0.16480154329766414,0.01799571412786814,7
8,3,2,2.220446049250313e-16,0.0008175156276566398,0.3333333333333333,1.0,0.0008391796434154321,9.539177469314378e-06,0.020988399006098463,0.04831684972442829,0.18308724472103177,0.013121616112857008,7
8,3,5,2.220446049250313e-16,0.0006338954344562442,0.6190476190476191,1.0,0.0008391796434154321,9.539177469314378e-06,0.020988399006098463,0.04831684972442829,0.18308724472103177,0.013121616112857008,7
8,3,2,0.0,0.00043306974640078266,0.5555555555555555,1.0,0.0006140471259598764,2.551747377574774e-05,0.20370571130776385,0.4794779473547087,0.053590244043320356,0.007227227789560109,7
8,3,5,0.0,0.0011262176142199376,0.5873015873015873,1.0,0.0006140471259598764,2.551747377574774e-05,0.20370571130776385,0.4794779473547087,0.053590244043320356,0.007227227789560109,7
8,3,2,2.220446049250313e-16,0.0027026942798198395,0.2222222222222222,1.0,0.0007554139561015453,9.331466951872194e-06,0.008651047090548914,0.020447361017406268,0.2656689872364273,0.018202808679778044,7
8,3,5,2.220446049250313e-16,0.002436836235462092,0.36904761904761907,0.5,0.0007554139561015453,9.331466951872194e-06,0.008651047090548914,0.020447361017406268,0.2656689872364273,0.018202808679778044,7
8,3,2,0.0,0.000509884269089822,0.2222222222222222,1.0,0.0005622135046858062,9.915013530958344e-06,0.014028941846232892,0.03521242171251812,0.1894531653962769,0.014600478065702598,7
8,3,5,0.0,0.0002658325882463064,0.5,1.0,0.0005622135046858062,9.915013530958344e-06,0.014028941846232892,0.03521242171251812,0.1894531653962769,0.014600478065702598,7
8,3,2,0.0,0.0015974555177591387,0.5555555555555555,0.2222222222222222,0.0006537184501936913,1.0053676431646878e-05,0.01530718667007162,0.038164583878706755,0.19442481150044402,0.013147978090418563,8
8,3,5,0.0,0.0022559114967388716,0.5873015873015873,0.5873015873015873,0.0006537184501936913,1.0053676431646878e-05,0.01530718667007162,0.038164583878706755,0.19442481150044402,0.013147978090418563,8
8,3,2,0.0,0.0014146899273335123,0.2222222222222222,0.1111111111111111,0.0006976879610478776,1.4953322855949183e-05,0.012648834864146438,0.033993987424331545,0.21882314057220542,0.017174783220264105,8
8,3,5,0.0,0.0025826437062188567,0.5079365079365079,0.5079365079365079,0.0006976879610478776,1.4953322855949183e-05,0.012648834864146438,0.033993987424331545,0.21882314057220542,0.017174783220264105,8
8,3,2,0.0,0.00013889606040839997,0.2222222222222222,1.0,0.0008761448575983147,1.1681997272802261e-05,0.017914626760529382,0.02608404901253687,0.20286191905866788,0.01708809428871351,8
8,3,5,0.0,0.0027619997397090312,0.7777777777777777,0.7777777777777777,0.0008761448575983147,1.1681997272802261e-05,0.017914626760529382,0.02608404901253687,0.20286191905866788,0.01708809428871351,8
8,3,2,2.220446049250313e-16,0.0004825761013962371,0.3333333333333333,0.2222222222222222,0.0006769828038317098,8.139938019772206e-06,0.032505705744240235,0.04577660538254826,0.13806255522163655,0.012294569861607145,8
8,3,5,2.220446049250313e-16,0.0016946162755051564,0.5873015873015873,0.6666666666666666,0.0006769828038317098,8.139938019772206e-06,0.032505705744240235,0.04577660538254826,0.13806255522163655,0.012294569861607145,8
8,3,2,1.1102230246251565e-16,0.00042647665077077956,0.5555555555555555,0.5555555555555555,0.0006639198907253299,1.373673051481256e-05,0.009053855661987027,0.033650296152458466,0.24244992544512836,0.017959097167550078,8
8,3,5,1.1102230246251565e-16,0.0004982028539934902,0.36904761904761907,0.6190476190476191,0.0006639198907253299,1.373673051481256e-05,0.009053855661987027,0.033650296152458466,0.24244992544512836,0.017959097167550078,8
8,3,2,2.220446049250313e-16,0.00670007482443824,0.3333333333333333,0.2222222222222222,0.0007120979538102092,1.4250378448995819e-05,0.012443149358040782,0.0326680544525295,0.21737128438841943,0.017559887817376593,8
8,3,5,2.220446049250313e-16,0.0036870174634326958,0.5873015873015873,0.7777777777777777,0.0007120979538102092,1.4250378448995819e-05,0.012443149358040782,0.0326680544525295,0.21737128438841943,0.017559887817376593,8
8,3,2,0.0,0.004549765065244626,0.3333333333333333,0.5555555555555555,0.0007196122210106196,1.0899040009691849e-05,0.009769799640273373,0.03441501222136395,0.23720453834907135,0.015660472339665114,8
8,3,5,0.0,0.003779024620371718,0.5079365079365079,0.6190476190476191,0.0007196122210106196,1.0899040009691849e-05,0.009769799640273373,0.03441501222136395,0.23720453834907135,0.015660472339665114,8
8,3,2,0.0,0.00017524966806292674,0.5555555555555555,0.5555555555555555,0.0008755130767261156,1.1517576423860553e-05,0.03007127828240517,0.047309753523252326,0.1631101298397271,0.014615332995646125,8
8,3,5,0.0,0.0013926833429023233,0.6666666666666666,0.5873015873015873,0.0008755130767261156,1.1517576423860553e-05,0.03007127828240517,0.047309753523252326,0.1631101298397271,0.014615332995646125,8
8,3,2,2.220446049250313e-16,0.0013845708417092872,0.3333333333333333,0.2222222222222222,0.0011801268677002633,1.088850034911405e-05,0.08089806452001841,0.17838484779695357,0.11313530795264876,0.007471156392774095,9
8,3,5,2.220446049250313e-16,6.411013853735437e-05,0.5873015873015873,0.5079365079365079,0.0011801268677002633,1.088850034911405e-05,0.08089806452001841,0.17838484779695357,0.11313530795264876,0.007471156392774095,9
8,3,2,0.0,0.0010415715481182364,0.1111111111111111,0.3333333333333333,0.0020038438361962983,1.0971252082745202e-05,0.05109659958877997,0.08381504246342622,0.1470139619924375,0.009059217837706923,9
8,3,5,0.0,0.00092845436835165,0.5873015873015873,0.5079365079365079,0.0020038438361962983,1.0971252082745202e-05,0.05109659958877997,0.08381504246342622,0.1470139619924375,0.009059217837706923,9
8,3,2,2.220446049250313e-16,0.0009680622695547036,0.2222222222222222,0.2222222222222222,0.0012706800750476176,1.3597669607815566e-05,0.08916313002932044,0.15122994186245248,0.10321129554385723,0.008841658571496526,9
8,3,5,2.220446049250313e-16,0.002121592700817132,0.5873015873015873,0.5079365079365079,0.0012706800750476176,1.3597669607815566e-05,0.08916313002932044,0.15122994186245248,0.10321129554385723,0.008841658571496526,9
8,3,2,2.220446049250313e-16,0.00013247805043659078,0.2222222222222222,0.1111111111111111,0.0013175640977577193,1.2711128877474364e-05,0.10345910423980256,0.23553722528823934,0.09559010982708112,0.007077481890483487,9
8,3,5,2.220446049250313e-16,0.0013425108159778043,0.44841269841269843,0.6666666666666666,0.0013175640977577193,1.2711128877474364e-05,0.10345910423980256,0.23553722528823934,0.09559010982708112,0.007077481890483487,9
8,3,2,1.1102230246251565e-16,0.000169275966490523,0.3333333333333333,1.0,0.0012193204865832052,1.6392036193226504e-05,0.009939435251635823,0.02480472263340003,0.3342645328398936,0.022678549733759427,9
8,3,5,1.1102230246251565e-16,0.0013406836042435533,1.0,1.0,0.0012193204865832052,1.6392036193226504e-05,0.009939435251635823,0.02480472263340003,0.3342645328398936,0.022678549733759427,9
8,3,2,0.0,0.002392624094789797,0.2222222222222222,0.3333333333333333,0.0018325495347499602,1.1832720807742132e-05,0.08528643426265164,0.15693725855721863,0.1262532432793161,0.008127495437685454,9
8,3,5,0.0,0.004841011090125136,0.5873015873015873,0.6666666666666666,0.0018325495347499602,1.1832720807742132e-05,0.08528643426265164,0.15693725855721863,0.1262532432793161,0.008127495437685454,9
8,3,2,0.0,0.00012788230463767203,0.2222222222222222,0.2222222222222222,0.0018304342521358605,1.1411258589855576e-05,0.06968690189210017,0.11670196375803296,0.12688099736652328,0.008325569231955314,9
8,3,5,0.0,0.0002117411661918256,0.44841269841269843,0.42857142857142855,0.0018304342521358605,1.1411258589855576e-05,0.06968690189210017,0.11670196375803296,0.12688099736652328,0.008325569231955314,9
8,3,2,1.1102230246251565e-16,0.003298178905623561,0.3333333333333333,0.3333333333333333,0.0014166518387790828,1.4857026601846753e-05,0.009899210776478361,0.025856511183656256,0.35559369838118016,0.021879563253285623,9
8,3,5,1.1102230246251565e-16,0.00010261276539835773,0.6190476190476191,0.6190476190476191,0.0014166518387790828,1.4857026601846753e-05,0.009899210776478361,0.025856511183656256,0.35559369838118016,0.021879563253285623,9
8,3,2,0.0,0.001113744508654424,0.3333333333333333,0.5555555555555555,0.0011107075897702017,9.719642960765886e-06,0.024229208322201566,0.056795798177777516,0.19209418948592286,0.012073010633539437,10
8,3,5,0.0,0.0022361020616137317,0.7777777777777777,0.5873015873015873,0.0011107075897702017,9.719642960765886e-06,0.024229208322201566,0.056795798177777516,0.19209418948592286,0.012073010633539437,10
8,3,2,0.0,0.0005509730468845619,0.5555555555555555,1.0,0.000927185597261357,8.63247984657469e-06,0.014012209876906092,0.025472433490886896,0.22698830598781122,0.017176899810635356,10
8,3,5,0.0,0.00041356689782579004,0.5873015873015873,0.7777777777777777,0.000927185597261357,8.63247984657469e-06,0.014012209876906092,0.025472433490886896,0.22698830598781122,0.017176899810635356,10
8,3,2,0.0,0.0005070959595996349,0.5555555555555555,0.3333333333333333,0.0008905924556926541,8.896228625277951e-06,0.013550517392234462,0.036500564464214444,0.24241043790110336,0.014500338801584644,10
8,3,5,0.0,0.002735706108824232,0.7777777777777777,0.6190476190476191,0.0008905924556926541,8.896228625277951e-06,0.013550517392234462,0.036500564464214444,0.24241043790110336,0.014500338801584644,10
8,3,2,2.220446049250313e-16,0.0004163613949941247,0.5555555555555555,0.5555555555555555,0.0008680483758116299,1.0525213806231246e-05,0.014620695726058328,0.02649099735033186,0.2270754492905022,0.017561048444731116,10
8,3,5,2.220446049250313e-16,9.56396801659043e-05,0.5873015873015873,0.5873015873015873,0.0008680483758116299,1.0525213806231246e-05,0.014620695726058328,0.02649099735033186,0.2270754492905022,0.017561048444731116,10
8,3,2,2.220446049250313e-16,0.0008089419273056286,0.2222222222222222,0.5555555555555555,0.0009239745750188788,1.0730008418466242e-05,0.04566446597430121,0.05159125041825219,0.13472682299890237,0.012610648148814062,10
8,3,5,2.220446049250313e-16,0.00238713935466639,0.5079365079365079,0.5873015873015873,0.0009239745750188788,1.0730008418466242e-05,0.04566446597430121,0.05159125041825219,0.13472682299890237,0.012610648148814062,10
8,3,2,0.0,0.0010939022007629973,0.5555555555555555,0.5555555555555555,0.0007436417055040904,1.904889863992974e-05,0.021789399292113713,0.04982322723060447,0.16592658103806487,0.017348343385290666,10
8,3,5,0.0,9.867144912645287e-05,0.5079365079365079,0.5873015873015873,0.0007436417055040904,1.904889863992974e-05,0.021789399292113713,0.04982322723060447,0.16592658103806487,0.017348343385290666,10
8,3,2,0.0,0.005183046768604926,0.5555555555555555,0.2222222222222222,0.0005127386962629371,7.961016695987419e-06,0.006908426985479466,0.02509515366557445,0.24880299843297674,0.015147356633960034,10
8,3,5,0.0,0.003521990230218819,0.6190476190476191,0.6190476190476191,0.0005127386962629371,7.961016695987419e-06,0.006908426985479466,0.02509515366557445,0.24880299843297674,0.015147356633960034,10
8,3,2,0.0,0.0028448792010897783,0.5555555555555555,0.3333333333333333,0.0007061262035027072,9.162362717361258e-06,0.00973673353650411,0.025994834167840573,0.2509809811875069,0.016052906394269536,10
8,3,5,0.0,0.0014346704862406856,0.7777777777777777,0.6190476190476191,0.0007061262035027072,9.162362717361258e-06,0.00973673353650411,0.025994834167840573,0.2509809811875069,0.016052906394269536,10
8,3,2,0.0,0.0009950608884188306,0.5555555555555555,0.5555555555555555,0.0009087538497855366,1.9031674023451874e-05,0.0681392068938796,0.18156167836511677,0.09787030184992936,0.00930945713903478,11
8,3,5,0.0,0.00014634716168915318,0.5079365079365079,0.6190476190476191,0.0009087538497855366,1.9031674023451874e-05,0.0681392068938796,0.18156167836511677,0.09787030184992936,0.00930945713903478,11
8,3,2,0.0,0.0003483947513652774,0.2222222222222222,0.2222222222222222,0.0009235636077258981,1.1745415687402862e-05,0.027256430554668882,0.07335985204437667,0.16917436603997887,0.011348097296181687,11
8,3,5,0.0,5.765319646178213e-05,0.6666666666666666,0.7777777777777777,0.0009235636077258981,1.1745415687402862e-05,0.027256430554668882,0.07335985204437667,0.16917436603997887,0.011348097296181687,11
8,3,2,0.0,4.973116429773938e-07,0.5555555555555555,0.5555555555555555,0.0012577011014872344,1.3380534723756942e-05,0.03321289712837356,0.08106952238165298,0.18124639312366775,0.011920215410025487,11
8,3,5,0.0,0.0012746905740215198,0.6666666666666666,0.6666666666666666,0.0012577011014872344,1.3380534723756942e-05,0.03321289712837356,0.08106952238165298,0.18124639312366775,0.011920215410025487,11
8,3,2,0.0,0.001605186785562429,0.2222222222222222,0.2222222222222222,0.0007835481575613985,1.8699818896899477e-05,0.04569095720133998,0.23835563724686132,0.11629887951855376,0.008139436733079906,11
8,3,5,0.0,0.0020741469067155904,0.7777777777777777,0.42857142857142855,0.0007835481575613985,1.8699818896899477e-05,0.04569095720133998,0.23835563724686132,0.11629887951855376,0.008139436733079906,11
8,3,2,1.1102230246251565e-16,0.00015393779891159642,0.1111111111111111,0.5555555555555555,0.0011016998101761385,7.1805962014057826e-06,0.023957730497620056,0.04457880690320776,0.19275402480794543,0.01160880898687698,11
8,3,5,1.1102230246251565e-16,0.0006620203843272776,0.5079365079365079,0.6190476190476191,0.0011016998101761385,7.1805962014057826e-06,0.023957730497620056,0.04457880690320776,0.19275402480794543,0.01160880898687698,11
8,3,2,0.0,0.0002887714840800193,0.5555555555555555,0.3333333333333333,0.0008682284730863082,1.2926051122267374e-05,0.03135133498232824,0.07047363195222284,0.1566199315527473,0.011986149258839148,11
8,3,5,0.0,0.0013058180888037008,0.36904761904761907,0.7777777777777777,0.0008682284730863082,1.2926051122267374e-05,0.03135133498232824,0.07047363195222284,0.1566199315527473,0.011986149258839148,11
8,3,2,0.0,0.0005538171347145848,0.5555555555555555,0.5555555555555555,0.0009214306892641434,8.816708798132426e-06,0.0258853442132905,0.05603281018679056,0.17114195910794253,0.011289559635253271,11
8,3,5,0.0,0.0014215934188093193,0.6666666666666666,0.6190476190476191,0.0009214306892641434,8.816708798132426e-06,0.0258853442132905,0.05603281018679056,0.17114195910794253,0.011289559635253271,11
8,3,2,0.0,0.0004887348247900603,0.3333333333333333,0.5555555555555555,0.0012210538320475018,1.1314273465137518e-05,0.012934937552918179,0.03008236474961742,0.2744734288967415,0.017016311507838347,11
8,3,5,0.0,0.001728548460878443,0.7777777777777777,0.5,0.0012210538320475018,1.1314273465137518e-05,0.012934937552918179,0.03008236474961742,0.2744734288967415,0.017016311507838347,11
8,3,2,2.220446049250313e-16,0.0003092769690371533,0.3333333333333333,0.5555555555555555,0.0017136730691288105,1.1672896001524216e-05,0.018163889040638682,0.03434912262328364,0.2524674132810517,0.015234745050494393,12
8,3,5,2.220446049250313e-16,0.005073159586417075,0.36904761904761907,0.6190476190476191,0.0017136730691288105,1.1672896001524216e-05,0.018163889040638682,0.03434912262328364,0.2524674132810517,0.015234745050494393,12
8,3,2,1.1102230246251565e-16,0.0008182080574438144,0.3333333333333333,0.3333333333333333,0.00052614201361755,2.1957981667113168e-05,0.041982974962844144,0.19713793383040568,0.10330839544089725,0.010033921168406738,12
8,3,5,1.1102230246251565e-16,0.0006808452009710031,0.5079365079365079,0.5079365079365079,0.00052614201361755,2.1957981667113168e-05,0.041982974962844144,0.19713793383040568,0.10330839544089725,0.010033921168406738,12
8,3,2,0.0,0.0005261718184774722,0.1111111111111111,0.5555555555555555,0.0007505117261492624,1.1797536252898729e-05,0.010025168197117105,0.041257495711355834,0.22050888545645347,0.014405137981861719,12
8,3,5,0.0,0.000936233088272731,0.42857142857142855,0.5079365079365079,0.0007505117261492624,1.1797536252898729e-05,0.010025168197117105,0.041257495711355834,0.22050888545645347,0.014405137981861719,12
8,3,2,0.0,0.0003528202512503853,0.1111111111111111,0.2222222222222222,0.000667144031402265,1.503488214415953e-05,0.017030283637567083,0.06592845481837306,0.17635206944838328,0.01259804731900898,12
8,3,5,0.0,0.0007128712201156517,0.36904761904761907,0.4484126984126984,0.000667144031402265,1.503488214415953e-05,0.017030283637567083,0.06592845481837306,0.17635206944838328,0.01259804731900898,12
8,3,2,0.0,0.0008612239327234761,0.5555555555555555,1.0,0.0010984334449799535,1.5952175269521734e-05,0.004404165535198442,0.01011399553777042,0.38632517333967975,0.025845650923417545,12
8,3,5,0.0,0.0024772046314995855,0.5873015873015873,1.0,0.0010984334449799535,1.5952175269521734e-05,0.004404165535198442,0.01011399553777042,0.38632517333967975,0.025845650923417545,12
8,3,2,0.0,0.0014813870203146395,0.1111111111111111,0.5555555555555555,0.0007694228330568402,1.6276365969067816e-05,0.007858184763743715,0.05699938686824796,0.22417535270664377,0.014731806352298458,12
8,3,5,0.0,0.0011009074609107383,0.38888888888888884,0.5079365079365079,0.0007694228330568402,1.6276365969067816e-05,0.007858184763743715,0.05699938686824796,0.22417535270664377,0.014731806352298458,12
8,3,2,0.0,3.641503662987766e-05,0.3333333333333333,0.2222222222222222,0.0012224990619346652,1.2152769083556217e-05,0.13818787324318366,0.15452809391001573,0.08923747277938263,0.008112777847061195,12
8,3,5,0.0,0.001664528356994266,0.5079365079365079,0.5873015873015873,0.0012224990619346652,1.2152769083556217e-05,0.13818787324318366,0.15452809391001573,0.08923747277938263,0.008112777847061195,12
8,3,2,0.0,0.0011690306180720533,0.1111111111111111,0.5555555555555555,0.0005550663023550028,1.3713286466329576e-05,0.030081767924546476,0.07763813434760021,0.12507240445394704,0.010937706238167581,12
8,3,5,0.0,0.0023615190613408554,0.42857142857142855,0.44841269841269843,0.0005550663023550028,1.3713286466329576e-05,0.030081767924546476,0.07763813434760021,0.12507240445394704,0.010937706238167581,12
8,3,2,2.220446049250313e-16,0.0022424163018079923,1.0,0.5555555555555555,0.0021011706080743034,3.290807946454203e-05,0.030675365890511813,0.057710755894702384,0.23525005779553101,0.021297247190631936,13
8,3,5,2.220446049250313e-16,0.0008668718505715489,0.5079365079365079,0.5079365079365079,0.0021011706080743034,3.290807946454203e-05,0.030675365890511813,0.057710755894702384,0.23525005779553101,0.021297247190631936,13
8,3,2,1.1102230246251565e-16,0.003502973746079441,1.0,0.5555555555555555,0.0016298029204803923,2.5668485359424396e-05,0.028708106848070687,0.08860945842046762,0.2345764959249847,0.01620982820784823,13
8,3,5,1.1102230246251565e-16,0.0007104043899306411,0.5079365079365079,0.5873015873015873,0.0016298029204803923,2.5668485359424396e-05,0.028708106848070687,0.08860945842046762,0.2345764959249847,0.01620982820784823,13
8,3,2,0.0,0.0010451778835229852,1.0,0.5555555555555555,0.002666064775608384,1.8479726880878937e-05,0.044073251486218774,0.05429345036239721,0.24323917515331722,0.017475045025678763,13
8,3,5,0.0,0.003072528276539588,0.5079365079365079,0.5079365079365079,0.002666064775608384,1.8479726880878937e-05,0.044073251486218774,0.05429345036239721,0.24323917515331722,0.017475045025678763,13
8,3,2,2.220446049250313e-16,0.0010495015457219203,0.1111111111111111,0.2222222222222222,0.002691077602161863,6.603165389512474e-05,0.07233979380393966,0.1946763566148515,0.17193343298782046,0.01669575565383846,13
8,3,5,2.220446049250313e-16,0.0016459424418469037,0.5079365079365079,0.38888888888888884,0.002691077602161863,6.603165389512474e-05,0.07233979380393966,0.1946763566148515,0.17193343298782046,0.01669575565383846,13
8,3,2,0.0,6.085836069313899e-06,0.2222222222222222,0.5555555555555555,0.0030969931873157026,3.798710798285922e-05,0.00980357452457913,0.015752038968604814,0.4416962977042784,0.032958016665938575,13
8,3,5,0.0,0.0041428672619736595,0.42857142857142855,0.7777777777777777,0.0030969931873157026,3.798710798285922e-05,0.00980357452457913,0.015752038968604814,0.4416962977042784,0.032958016665938575,13
8,3,2,0.0,3.187291502904088e-05,0.5555555555555555,0.5555555555555555,0.0011743229659885775,1.8508520761769325e-05,0.027657610948264126,0.06012961915590815,0.19646283436020942,0.01668041620087812,13
8,3,5,0.0,0.0006106658434796852,0.6190476190476191,0.7777777777777777,0.0011743229659885775,1.8508520761769325e-05,0.027657610948264126,0.06012961915590815,0.19646283436020942,0.01668041620087812,13
8,3,2,1.1102230246251565e-16,0.007184241303164973,0.5555555555555555,0.5555555555555555,0.0014144778525390952,2.2702463252930442e-05,0.013481058708341171,0.03040243788479368,0.30180706665970164,0.02433394252909666,13
8,3,5,1.1102230246251565e-16,0.0030959805746761937,0.5079365079365079,0.6190476190476191,0.0014144778525390952,2.2702463252930442e-05,0.013481058708341171,0.03040243788479368,0.30180706665970164,0.02433394252909666,13
8,3,2,1.1102230246251565e-16,0.0008271340525056736,0.5555555555555555,0.3333333333333333,0.0016237984342165526,2.2162700721067785e-05,0.011850980542423428,0.03379300990604301,0.3011495289491594,0.02341743159941921,13
8,3,5,1.1102230246251565e-16,0.0033555856992844024,0.5079365079365079,0.5873015873015873,0.0016237984342165526,2.2162700721067785e-05,0.011850980542423428,0.03379300990604301,0.3011495289491594,0.02341743159941921,13
8,3,2,2.220446049250313e-16,0.0009057146374287228,0.5555555555555555,0.5555555555555555,0.003286214198043384,3.742015531901857e-05,0.01742302490847057,0.03798670130949368,0.37206961988244974,0.02313109450477404,14
8,3,5,2.220446049250313e-16,0.00045296015740170503,0.6190476190476191,0.6190476190476191,0.003286214198043384,3.742015531901857e-05,0.01742302490847057,0.03798670130949368,0.37206961988244974,0.02313109450477404,14
8,3,2,3.3306690738754696e-16,0.00038541900499389214,0.2222222222222222,0.3333333333333333,0.0021622852631981056,3.452691928075829e-05,0.004685986205268253,0.01078485955243793,0.6022665631126579,0.042632532860807155,14
8,3,5,3.3306690738754696e-16,0.0026353499523701363,0.5079365079365079,0.6190476190476191,0.0021622852631981056,3.452691928075829e-05,0.004685986205268253,0.01078485955243793,0.6022665631126579,0.042632532860807155,14
8,3,2,0.0,0.0013377397308647065,0.5555555555555555,1.0,0.0040823577292733405,6.556648027970934e-05,0.003512199088491608,0.006471228988047546,0.775711217081124,0.04800145864110859,14
8,3,5,0.0,0.0010552708625690688,0.44841269841269843,1.0,0.0040823577292733405,6.556648027970934e-05,0.003512199088491608,0.006471228988047546,0.775711217081124,0.04800145864110859,14
8,3,2,0.0,0.0005506603215756911,0.2222222222222222,0.5555555555555555,0.0021915971337006473,4.86456874561468e-05,0.015549530111640305,0.034264088832724846,0.3374786219992308,0.030488407717448804,14
8,3,5,0.0,0.0017863948995516798,0.5079365079365079,0.5079365079365079,0.0021915971337006473,4.86456874561468e-05,0.015549530111640305,0.034264088832724846,0.3374786219992308,0.030488407717448804,14
8,3,2,2.220446049250313e-16,0.0015908898363933277,0.5555555555555555,1.0,0.002159072063740778,4.866531954590612e-05,0.002021732546133002,0.005231788612983342,0.6920149615858426,0.04751395239818065,14
8,3,5,2.220446049250313e-16,0.0007049636772280543,0.5873015873015873,0.7777777777777777,0.002159072063740778,4.866531954590612e-05,0.002021732546133002,0.005231788612983342,0.6920149615858426,0.04751395239818065,14
8,3,2,2.220446049250313e-16,0.0006732070779031929,0.3333333333333333,0.3333333333333333,0.0014926625729914,4.111504666867744e-05,0.0024713808972236695,0.008710149623113535,0.6306805125158609,0.04307780975536853,14
8,3,5,2.220446049250313e-16,4.959516557967447e-05,0.5079365079365079,0.7777777777777777,0.0014926625729914,4.111504666867744e-05,0.0024713808972236695,0.008710149623113535,0.6306805125158609,0.04307780975536853,14
8,3,2,2.220446049250313e-16,0.00020524760007933907,0.5555555555555555,0.5555555555555555,0.002047689625021291,2.82477074537559e-05,0.002510673389311889,0.005034874060152985,0.7327416451411527,0.04925064513280098,14
8,3,5,2.220446049250313e-16,0.003030122704991367,0.5873015873015873,0.7777777777777777,0.002047689625021291,2.82477074537559e-05,0.002510673389311889,0.005034874060152985,0.7327416451411527,0.04925064513280098,14
8,3,2,1.1102230246251565e-16,4.508927589763623e-05,0.5555555555555555,1.0,0.0014343157000499382,3.145817070423722e-05,0.0019411248443317577,0.005573333430887099,0.6642650740935746,0.0505529281933884,14
8,3,5,1.1102230246251565e-16,0.000887223519892899,0.44841269841269843,1.0,0.0014343157000499382,3.145817070423722e-05,0.0019411248443317577,0.005573333430887099,0.6642650740935746,0.0505529281933884,14
8,3,2,0.0,0.0015724388797835331,0.5555555555555555,0.5555555555555555,0.0006317040397577009,9.695727116322614e-06,0.07702418693489799,0.08715338256097445,0.08499962596015569,0.009233942886329977,15
8,3,5,0.0,0.0021070030297045683,0.5079365079365079,0.7777777777777777,0.0006317040397577009,9.695727116322614e-06,0.07702418693489799,0.08715338256097445,0.08499962596015569,0.009233942886329977,15
8,3,2,0.0,0.0015203347777306142,0.5555555555555555,0.5555555555555555,0.00076640795211771,1.2815793645429396e-05,0.054890947580740396,0.06587394451901932,0.10570154544952862,0.01137752084842202,15
8,3,5,0.0,0.003489977638339248,0.4484126984126984,0.5079365079365079,0.00076640795211771,1.2815793645429396e-05,0.054890947580740396,0.06587394451901932,0.10570154544952862,0.01137752084842202,15
8,3,2,0.0,0.0008576954505996603,0.2222222222222222,0.2222222222222222,0.0006391769873310186,9.775433764564666e-06,0.058735913402363775,0.13467506289890246,0.09268914066313422,0.008017968097402234,15
8,3,5,0.0,0.001448609894255215,0.36904761904761907,0.36904761904761907,0.0006391769873310186,9.775433764564666e-06,0.058735913402363775,0.13467506289890246,0.09268914066313422,0.008017968097402234,15
8,3,2,0.0,0.0002203840623986597,0.1111111111111111,0.3333333333333333,0.0006493269906016347,1.3417023940988864e-05,0.009847220395189274,0.03820317892528907,0.24130586064107032,0.01588010423096453,15
8,3,5,0.0,0.003232032404008045,0.42857142857142855,0.42857142857142855,0.0006493269906016347,1.3417023940988864e-05,0.009847220395189274,0.03820317892528907,0.24130586064107032,0.01588010423096453,15
8,3,2,2.220446049250313e-16,0.0003239640770524854,0.5555555555555555,0.3333333333333333,0.0010674855383651636,1.0653956344892422e-05,0.01609515579173503,0.03808063913834065,0.2450165813868025,0.015488124871637829,15
8,3,5,2.220446049250313e-16,0.0008824059427949837,0.5873015873015873,0.6666666666666666,0.0010674855383651636,1.0653956344892422e-05,0.01609515579173503,0.03808063913834065,0.2450165813868025,0.015488124871637829,15
8,3,2,0.0,0.000690259762584855,0.2222222222222222,0.2222222222222222,0.0006170622969768579,8.871729256129266e-06,0.037921261150515556,0.09574636184372765,0.11725216395678283,0.008885861418885126,15
8,3,5,0.0,0.0008128073861666252,0.5873015873015873,0.4484126984126984,0.0006170622969768579,8.871729256129266e-06,0.037921261150515556,0.09574636184372765,0.11725216395678283,0.008885861418885126,15
8,3,2,2.220446049250313e-16,0.0036020129686681335,0.1111111111111111,0.3333333333333333,0.0006733523155062499,5.749293124510306e-06,0.05621462638888274,0.12988689893580008,0.10291939890116834,0.006390436256618428,15
8,3,5,2.220446049250313e-16,0.0005516866043817625,0.6666666666666666,0.4484126984126984,0.0006733523155062499,5.749293124510306e-06,0.05621462638888274,0.12988689893580008,0.10291939890116834,0.006390436256618428,15
8,3,2,2.220446049250313e-16,0.00035953717682701836,0.3333333333333333,0.3333333333333333,0.0006280370122518587,7.559987181307428e-06,0.02255190878796999,0.030557689776995838,0.14020001305356974,0.014359169857548546,15
8,3,5,2.220446049250313e-16,4.021809185195124e-05,0.5873015873015873,0.5079365079365079,0.0006280370122518587,7.559987181307428e-06,0.02255190878796999,0.030557689776995838,0.14020001305356974,0.014359169857548546,15
8,3,2,0.0,0.0002624836478926085,0.2222222222222222,0.5555555555555555,0.000760445273440765,8.89678124895816e-06,0.011634380410779768,0.03614496680067882,0.24565919071339062,0.014414946152302899,16
8,3,5,0.0,0.00018954138261773057,0.6190476190476191,0.5873015873015873,0.000760445273440765,8.89678124895816e-06,0.011634380410779768,0.03614496680067882,0.24565919071339062,0.014414946152302899,16
8,3,2,0.0,0.001060318876854871,0.2222222222222222,0.5555555555555555,0.0007711220415377768,1.0921195167121782e-05,0.009809579711739605,0.027944859941808578,0.2690186717954397,0.016740283572553808,16
8,3,5,0.0,0.0022937953411612533,0.5873015873015873,0.7777777777777777,0.0007711220415377768,1.0921195167121782e-05,0.009809579711739605,0.027944859941808578,0.2690186717954397,0.016740283572553808,16
8,3,2,0.0,8.320081049451034e-05,0.5555555555555555,1.0,0.000801232706906893,6.620475184738159e-06,0.015864993724750157,0.03237948518570387,0.21495968526532477,0.013140818760272063,16
8,3,5,0.0,0.0019013232201654517,0.7777777777777777,0.6190476190476191,0.000801232706906893,6.620475184738159e-06,0.015864993724750157,0.03237948518570387,0.21495968526532477,0.013140818760272063,16
8,3,2,0.0,0.0002063414195424551,0.5555555555555555,0.5555555555555555,0.0004977190713585601,7.653992576633721e-06,0.00934289563055896,0.039671584951933334,0.20992712895919213,0.013108373655412127,16
8,3,5,0.0,0.00017964565248673736,0.4484126984126984,0.6190476190476191,0.0004977190713585601,7.653992576633721e-06,0.00934289563055896,0.039671584951933334,0.20992712895919213,0.013108373655412127,16
8,3,2,2.220446049250313e-16,0.002214602299897228,0.2222222222222222,0.5555555555555555,0.0007187477789208222,1.1127358128046938e-05,0.020372977243287193,0.057737765708461695,0.1660132508986059,0.012714369811185356,16
8,3,5,2.220446049250313e-16,0.0029966396188458866,0.36904761904761907,0.7777777777777777,0.0007187477789208222,1.1127358128046938e-05,0.020372977243287193,0.057737765708461695,0.1660132508986059,0.012714369811185356,16
8,3,2,0.0,0.0003075119643891622,0.3333333333333333,1.0,0.0007042394939898285,6.254380392301235e-06,0.012843212586417973,0.04109992252288802,0.21090107310840653,0.011566482801976927,16
8,3,5,0.0,0.0013439751310442283,0.5873015873015873,1.0,0.0007042394939898285,6.254380392301235e-06,0.012843212586417973,0.04109992252288802,0.21090107310840653,0.011566482801976927,16
8,3,2,0.0,0.0030853557142622723,0.5555555555555555,0.5555555555555555,0.001023843210817447,9.409382219049431e-06,0.01275923534624843,0.020810583583920145,0.26344668692064777,0.019671484944039565,16
8,3,5,0.0,0.005030586986127572,0.44841269841269843,0.5079365079365079,0.001023843210817447,9.409382219049431e-06,0.01275923534624843,0.020810583583920145,0.26344668692064777,0.019671484944039565,16
8,3,2,2.220446049250313e-16,0.0006908374707657039,0.2222222222222222,0.3333333333333333,0.0005699944491248815,9.46347877747858e-06,0.00936960865355303,0.03167125151443622,0.23035472124505188,0.014107579675966079,16
8,3,5,2.220446049250313e-16,0.0016052942954574156,0.4484126984126984,0.6190476190476191,0.0005699944491248815,9.46347877747858e-06,0.00936960865355303,0.03167125151443622,0.23035472124505188,0.014107579675966079,16
8,3,2,2.220446049250313e-16,0.0005518436167581964,0.2222222222222222,0.2222222222222222,0.0007214466285547384,8.108550875529276e-06,0.012926906307338257,0.041028839751812304,0.21990390909481056,0.012606721497487093,17
8,3,5,2.220446049250313e-16,0.002418413381529483,0.5873015873015873,0.6190476190476191,0.0007214466285547384,8.108550875529276e-06,0.012926906307338257,0.041028839751812304,0.21990390909481056,0.012606721497487093,17
8,3,2,0.0,0.0007572877098640518,0.3333333333333333,0.5555555555555555,0.0007603199007970698,9.289222142427119e-06,0.01886102933701973,0.054625028747523376,0.1803177365935472,0.011324381984389785,17
8,3,5,0.0,0.001676903442779154,0.5873015873015873,0.5079365079365079,0.0007603199007970698,9.289222142427119e-06,0.01886102933701973,0.054625028747523376,0.1803177365935472,0.011324381984389785,17
8,3,2,1.1102230246251565e-16,8.657694435054708e-05,1.0,0.5555555555555555,0.00068263434979542,8.815224272450444e-06,0.03275549824686473,0.09767822633395432,0.1327832751531696,0.008893015919720961,17
8,3,5,1.1102230246251565e-16,0.0010017673588400555,0.6190476190476191,0.7777777777777777,0.00068263434979542,8.815224272450444e-06,0.03275549824686473,0.09767822633395432,0.1327832751531696,0.008893015919720961,17
8,3,2,0.0,0.001586012532833525,0.5555555555555555,0.3333333333333333,0.0009972249044544143,5.772611654791657e-06,0.1846804424450911,0.23872929251351976,0.07136724274443101,0.004558318288645883,17
8,3,5,0.0,0.0022551705067118677,0.4484126984126984,0.6666666666666666,0.0009972249044544143,5.772611654791657e-06,0.1846804424450911,0.23872929251351976,0.07136724274443101,0.004558318288645883,17
8,3,2,0.0,0.0007668335999369003,0.3333333333333333,0.5555555555555555,0.0010666361647198004,9.760594391130858e-06,0.03315065423678118,0.08402509720004528,0.17250866283897254,0.010330275962317198,17
8,3,5,0.0,0.003281154336604253,0.5873015873015873,0.5079365079365079,0.0010666361647198004,9.760594391130858e-06,0.03315065423678118,0.08402509720004528,0.17250866283897254,0.010330275962317198,17
8,3,2,2.220446049250313e-16,0.00016430560931979254,0.5555555555555555,0.5555555555555555,0.0005883664914763174,9.160543040478643e-06,0.017794413139367075,0.05234607738444518,0.17061889446226022,0.012740834616280875,17
8,3,5,2.220446049250313e-16,0.000700346316078071,0.5873015873015873,0.5873015873015873,0.0005883664914763174,9.160543040478643e-06,0.017794413139367075,0.05234607738444518,0.17061889446226022,0.012740834616280875,17
8,3,2,1.1102230246251565e-16,0.0032697430756376544,0.5555555555555555,0.5555555555555555,0.0009205460273332357,8.199903422862326e-06,0.02625895040899255,0.0637834671856099,0.1752413358931745,0.010740448045085926,17
8,3,5,1.1102230246251565e-16,0.002934875432494155,0.7777777777777777,0.5,0.0009205460273332357,8.199903422862326e-06,0.02625895040899255,0.0637834671856099,0.1752413358931745,0.010740448045085926,17
8,3,2,2.220446049250313e-16,0.00457965295000351,0.3333333333333333,0.2222222222222222,0.0007082064540270144,7.64983974910898e-06,0.044754866228736985,0.07373496294668475,0.12193207379467756,0.009284951527047992,17
8,3,5,2.220446049250313e-16,0.0006529156619539123,0.42857142857142855,0.38888888888888884,0.0007082064540270144,7.64983974910898e-06,0.044754866228736985,0.07373496294668475,0.12193207379467756,0.009284951527047992,17
8,3,2,1.1102230246251565e-16,0.0016299274926001583,0.2222222222222222,0.1111111111111111,0.0003575245170834119,1.0319164974744146e-05,0.010760063548102959,0.036315656205137464,0.17440089019939042,0.014924785731179358,18
8,3,5,1.1102230246251565e-16,0.0031179406582997338,0.5079365079365079,0.5079365079365079,0.0003575245170834119,1.0319164974744146e-05,0.010760063548102959,0.036315656205137464,0.17440089019939042,0.014924785731179358,18
8,3,2,0.0,0.0018812674849131295,0.5555555555555555,0.1111111111111111,0.0004045587334415402,6.24019241331468e-06,0.007521998253587639,0.025860691742106878,0.2107783775924954,0.014235943146513537,18
8,3,5,0.0,0.0031084397098820604,0.5079365079365079,0.6190476190476191,0.0004045587334415402,6.24019241331468e-06,0.007521998253587639,0.025860691742106878,0.2107783775924954,0.014235943146513537,18
8,3,2,0.0,1.9989790562613408e-05,0.3333333333333333,0.3333333333333333,0.0004947333664700857,6.705570790673392e-06,0.007906638717785514,0.02545282177459423,0.2396937910887966,0.013855239873773623,18
8,3,5,0.0,0.0019283066333610765,0.42857142857142855,0.7777777777777777,0.0004947333664700857,6.705570790673392e-06,0.007906638717785514,0.02545282177459423,0.2396937910887966,0.013855239873773623,18
8,3,2,2.220446049250313e-16,0.0018833550236796448,0.1111111111111111,0.2222222222222222,0.0004202437319008313,8.52667393350976e-06,0.016899304873135276,0.04232275495916489,0.14777862302113454,0.01192936907956606,18
8,3,5,2.220446049250313e-16,0.0012769718002865194,0.5079365079365079,0.5079365079365079,0.0004202437319008313,8.52667393350976e-06,0.016899304873135276,0.04232275495916489,0.14777862302113454,0.01192936907956606,18
8,3,2,2.220446049250313e-16,0.001130197971164204,0.5555555555555555,0.2222222222222222,0.00037592067179212157,7.606352091887076e-06,0.007853508818240285,0.02653316862580931,0.19575375038362647,0.015378458287980656,18
8,3,5,2.220446049250313e-16,0.0025622148384012444,0.5079365079365079,0.6666666666666666,0.00037592067179212157,7.606352091887076e-06,0.007853508818240285,0.02653316862580931,0.19575375038362647,0.015378458287980656,18
8,3,2,2.220446049250313e-16,0.0038371870000877273,0.2222222222222222,0.3333333333333333,0.00039519153244987676,9.965222554995593e-06,0.008088077774633691,0.040998772891612516,0.20336576961573608,0.014278875745083379,18
8,3,5,2.220446049250313e-16,0.0024995699448433495,0.6666666666666666,0.6666666666666666,0.00039519153244987676,9.965222554995593e-06,0.008088077774633691,0.040998772891612516,0.20336576961573608,0.014278875745083379,18
8,3,2,0.0,0.0049075560920504024,0.2222222222222222,0.3333333333333333,0.0003857178592212579,8.143707528611652e-06,0.009565073811687069,0.04007082514148848,0.1852792055157958,0.012812182665708811,18
8,3,5,0.0,0.004131465850546245,0.42857142857142855,0.6190476190476191,0.0003857178592212579,8.143707528611652e-06,0.009565073811687069,0.04007082514148848,0.1852792055157958,0.012812182665708811,18
8,3,2,2.220446049250313e-16,0.000230412889137388,0.3333333333333333,1.0,0.0006965199235062768,7.196039854763086e-06,0.007781513695794515,0.028124182979643343,0.26497969816766875,0.013968282070972017,18
8,3,5,2.220446049250313e-16,0.0007561349171203435,0.38888888888888884,1.0,0.0006965199235062768,7.196039854763086e-06,0.007781513695794515,0.028124182979643343,0.26497969816766875,0.013968282070972017,18
8,3,2,0.0,0.001487225581270346,1.0,1.0,0.0005317700695599896,4.537468685600744e-06,0.006041074180918211,0.020550507564888208,0.27057903365955743,0.01371720992222948,19
8,3,5,0.0,0.0003600174336553241,0.6190476190476191,1.0,0.0005317700695599896,4.537468685600744e-06,0.006041074180918211,0.020550507564888208,0.27057903365955743,0.01371720992222948,19
8,3,2,0.0,0.00017227695111565744,0.5555555555555555,1.0,0.0005664972201142648,6.19851863410985e-06,0.0067428185313455815,0.022213277070203388,0.26667806487855505,0.013823947731498707,19
8,3,5,0.0,0.0009066764390781579,0.6666666666666666,1.0,0.0005664972201142648,6.19851863410985e-06,0.0067428185313455815,0.022213277070203388,0.26667806487855505,0.013823947731498707,19
8,3,2,0.0,0.0031363085359688014,0.5555555555555555,0.3333333333333333,0.0009368027449327993,4.9890964255128135e-06,0.03489395774079884,0.04623714779842408,0.1565507987700329,0.008868045692496856,19
8,3,5,0.0,0.0006509964183067929,0.38888888888888884,0.38888888888888884,0.0009368027449327993,4.9890964255128135e-06,0.03489395774079884,0.04623714779842408,0.1565507987700329,0.008868045692496856,19
8,3,2,0.0,0.00018568668433838198,0.2222222222222222,1.0,0.0006444852739345448,5.960241053229954e-06,0.014828871256760216,0.03820444721386691,0.18107433047357693,0.011687719542407585,19
8,3,5,0.0,0.000567740851423526,0.7777777777777777,1.0,0.0006444852739345448,5.960241053229954e-06,0.014828871256760216,0.03820444721386691,0.18107433047357693,0.011687719542407585,19
8,3,2,2.220446049250313e-16,0.001565087376714347,0.5555555555555555,0.3333333333333333,0.0006195762793892922,3.9636788023321706e-06,0.02329752083326553,0.03629550961110463,0.15136879867087624,0.008809005142184188,19
8,3,5,2.220446049250313e-16,0.0010329406443760902,0.5079365079365079,0.6190476190476191,0.0006195762793892922,3.9636788023321706e-06,0.02329752083326553,0.03629550961110463,0.15136879867087624,0.008809005142184188,19
8,3,2,0.0,0.002946253668462573,0.5555555555555555,0.5555555555555555,0.0004408292093657983,5.233905549534017e-06,0.008034303597165574,0.020095269874652454,0.21376804907681074,0.014687507289366014,19
8,3,5,0.0,0.0018534477690757,0.5079365079365079,0.5079365079365079,0.0004408292093657983,5.233905549534017e-06,0.008034303597165574,0.020095269874652454,0.21376804907681074,0.014687507289366014,19
8,3,2,2.220446049250313e-16,0.0003808318906032282,0.5555555555555555,1.0,0.000658924244005834,4.518369861364513e-06,0.01040518793673964,0.017544371079606248,0.2367484975819813,0.013547904908998256,19
8,3,5,2.220446049250313e-16,0.0011728224190282743,0.5079365079365079,1.0,0.000658924244005834,4.518369861364513e-06,0.01040518793673964,0.017544371079606248,0.2367484975819813,0.013547904908998256,19
8,3,2,0.0,0.0006615959918724323,0.3333333333333333,0.5555555555555555,0.00045267466797751214,8.225362292454216e-06,0.010371223967603824,0.03162568010645983,0.18770028156209678,0.014695339887407129,19
8,3,5,0.0,0.0003672797998152122,0.6666666666666666,0.6190476190476191,0.00045267466797751214,8.225362292454216e-06,0.010371223967603824,0.03162568010645983,0.18770028156209678,0.014695339887407129,19
8,4,2,0.0,0.00038747494977253716,0.2222222222222222,0.3333333333333333,0.00022980889006185052,0.00020359031609778092,0.07004360820985686,0.6182445213498086,0.05534210884468644,0.017545219836051867,0
8,4,5,0.0,0.0003691568364541098,0.4781746031746031,0.6190476190476191,0.00022980889006185052,0.00020359031609778092,0.07004360820985686,0.6182445213498086,0.05534210884468644,0.017545219836051867,0
8,4,2,2.220446049250313e-16,0.0011906336298008746,0.38888888888888884,0.4444444444444444,0.0005228221133152797,7.293089561317329e-06,0.0174059751219572,0.03307571619017304,0.1599484059010252,0.013204124270013228,0
8,4,5,2.220446049250313e-16,0.002145109755259611,0.4484126984126984,0.494047619047619,0.0005228221133152797,7.293089561317329e-06,0.0174059751219572,0.03307571619017304,0.1599484059010252,0.013204124270013228,0
8,4,2,2.220446049250313e-16,0.005499740549496535,0.2222222222222222,0.16666666666666666,0.0005810853635427921,5.566214405106402e-06,0.04316882500609408,0.08669899770501932,0.10855239621408581,0.007491503551195818,0
8,4,5,2.220446049250313e-16,0.006435504493635502,0.43849206349206343,0.7222222222222222,0.0005810853635427921,5.566214405106402e-06,0.04316882500609408,0.08669899770501932,0.10855239621408581,0.007491503551195818,0
8,4,2,0.0,0.0002452777282935248,0.16666666666666666,0.1111111111111111,0.00036521371153491766,4.70136187676024e-06,0.03719602033586755,0.09235177336777628,0.08572119809562241,0.00654809793866465,0
8,4,5,0.0,0.003356945374110909,0.42857142857142855,0.4880952380952381,0.00036521371153491766,4.70136187676024e-06,0.03719602033586755,0.09235177336777628,0.08572119809562241,0.00654809793866465,0
8,4,2,0.0,0.0015178961494179966,0.2222222222222222,0.2222222222222222,0.0007022981783985235,7.650808300622123e-06,0.023408914552608122,0.05831512349045158,0.1601693112879906,0.010090912456544737,0
8,4,5,0.0,0.0017971589070346905,0.4484126984126984,0.4880952380952381,0.0007022981783985235,7.650808300622123e-06,0.023408914552608122,0.05831512349045158,0.1601693112879906,0.010090912456544737,0
8,4,2,1.1102230246251565e-16,0.002860573793631138,0.2222222222222222,0.27777777777777773,0.0007553936308785388,5.958602440554053e-06,0.05113635157037614,0.12375562171905401,0.1070536836079825,0.006190084449068264,0
8,4,5,1.1102230246251565e-16,0.004981199783927082,0.5476190476190476,0.5873015873015872,0.0007553936308785388,5.958602440554053e-06,0.05113635157037614,0.12375562171905401,0.1070536836079825,0.006190084449068264,0
8,4,2,1.1102230246251565e-16,0.00011582010647881447,0.1111111111111111,0.3333333333333333,0.0007753998966344538,4.7822493719273225e-06,0.03658404220768675,0.10914483162690422,0.13189534134437272,0.006109808973961571,0
8,4,5,1.1102230246251565e-16,0.0010453979316953355,0.4781746031746031,0.5178571428571428,0.0007753998966344538,4.7822493719273225e-06,0.03658404220768675,0.10914483162690422,0.13189534134437272,0.006109808973961571,0
8,4,2,1.1102230246251565e-16,0.0009430909980968627,0.4444444444444444,0.38888888888888884,0.0008159550955871544,9.081895512094376e-06,0.019026841933250035,0.054953306683414256,0.1928969807091412,0.011193441482726147,0
8,4,5,1.1102230246251565e-16,0.0022318922586086476,0.3988095238095238,0.5238095238095237,0.0008159550955871544,9.081895512094376e-06,0.019026841933250035,0.054953306683414256,0.1928969807091412,0.011193441482726147,0
8,4,2,0.0,0.004095913788821237,0.3333333333333333,0.5555555555555556,0.0005980805002990967,1.2946257093656745e-05,0.02801978747080757,0.08536438920019246,0.13316079382401547,0.010491188804850119,1
8,4,5,0.0,0.004104831525947761,0.6269841269841269,0.5476190476190476,0.0005980805002990967,1.2946257093656745e-05,0.02801978747080757,0.08536438920019246,0.13316079382401547,0.010491188804850119,1
8,4,2,0.0,0.006014232831432986,0.27777777777777773,0.4444444444444444,0.0006144585974549766,1.1861138580322314e-05,0.01625203246172035,0.046088574438846966,0.17496838470315115,0.014671132237081459,1
8,4,5,0.0,0.0009355322319418713,0.5079365079365079,0.5079365079365078,0.0006144585974549766,1.1861138580322314e-05,0.01625203246172035,0.046088574438846966,0.17496838470315115,0.014671132237081459,1
8,4,2,2.220446049250313e-16,0.003025236493939154,0.3333333333333333,0.38888888888888884,0.0005997106012017126,1.0151559299365475e-05,0.021478624010172802,0.04503505215975532,0.15831300825531086,0.013700265665544473,1
8,4,5,2.220446049250313e-16,0.0011033296027578299,0.5873015873015872,0.5178571428571428,0.0005997106012017126,1.0151559299365475e-05,0.021478624010172802,0.04503505215975532,0.15831300825531086,0.013700265665544473,1
8,4,2,0.0,0.004701405470468378,0.4444444444444444,0.3333333333333333,0.0007506326990544773,9.819003622455435e-06,0.011812922243298902,0.03199852921922989,0.23504468268465586,0.01661407307293714,1
8,4,5,0.0,0.0029911318744582083,0.4781746031746031,0.5476190476190476,0.0007506326990544773,9.819003622455435e-06,0.011812922243298902,0.03199852921922989,0.23504468268465586,0.01661407307293714,1
8,4,2,0.0,0.004818673019214126,0.27777777777777773,0.4444444444444444,0.00039112895562804027,8.9839288644779e-06,0.021025785818379914,0.08450151449924309,0.13091888483741088,0.00977748137613693,1
8,4,5,0.0,0.003079515246876663,0.5873015873015872,0.6428571428571428,0.00039112895562804027,8.9839288644779e-06,0.021025785818379914,0.08450151449924309,0.13091888483741088,0.00977748137613693,1
8,4,2,0.0,0.0003453257512366914,0.4444444444444444,0.4444444444444444,0.0006985951610330885,1.1390839120091534e-05,0.012318385401492193,0.02797099763457376,0.2301294446883015,0.017034702681664276,1
8,4,5,0.0,0.001557098144967295,0.5734126984126984,0.7777777777777777,0.0006985951610330885,1.1390839120091534e-05,0.012318385401492193,0.02797099763457376,0.2301294446883015,0.017034702681664276,1
8,4,2,0.0,0.003235814970830697,0.38888888888888884,0.27777777777777773,0.0009020281968509149,1.3092081567926658e-05,0.01066804408562559,0.022539166214025325,0.2616338801539785,0.02101569073454508,1
8,4,5,0.0,0.00014997983890474575,0.6031746031746031,0.5178571428571428,0.0009020281968509149,1.3092081567926658e-05,0.01066804408562559,0.022539166214025325,0.2616338801539785,0.02101569073454508,1
8,4,2,0.0,0.0016354270989451525,1.0,0.5555555555555555,0.0004901068398901289,8.10781407361711e-06,0.010945311514733751,0.024796363763533877,0.20094966820313365,0.016832019432152203,1
8,4,5,0.0,0.00033557724459709615,0.7222222222222222,0.6190476190476191,0.0004901068398901289,8.10781407361711e-06,0.010945311514733751,0.024796363763533877,0.20094966820313365,0.016832019432152203,1
8,4,2,2.220446049250313e-16,0.0018769533125794213,0.4444444444444444,0.16666666666666666,0.0009478614653945451,1.3059863009495936e-05,0.04098763903451329,0.08383821120510795,0.14553284609308068,0.011749569874719772,2
8,4,5,2.220446049250313e-16,0.0009861277366809418,0.5238095238095237,0.43849206349206343,0.0009478614653945451,1.3059863009495936e-05,0.04098763903451329,0.08383821120510795,0.14553284609308068,0.011749569874719772,2
8,4,2,2.220446049250313e-16,2.6685373506474264e-06,0.38888888888888884,0.6666666666666666,0.0006727558125049638,1.5250758914850303e-05,0.0205046578512721,0.08681046849514168,0.15775846072987312,0.01241268612729029,2
8,4,5,2.220446049250313e-16,0.0011876347492461026,0.6428571428571428,0.4484126984126984,0.0006727558125049638,1.5250758914850303e-05,0.0205046578512721,0.08681046849514168,0.15775846072987312,0.01241268612729029,2
8,4,2,0.0,0.001427477097278862,0.6666666666666666,0.5,0.0008763045347962447,1.3125650390020712e-05,0.016316436595055807,0.038536317543496235,0.21248178994801462,0.016154432815232947,2
8,4,5,0.0,0.0020769787859005184,0.5873015873015872,0.4781746031746031,0.0008763045347962447,1.3125650390020712e-05,0.016316436595055807,0.038536317543496235,0.21248178994801462,0.016154432815232947,2
8,4,2,2.220446049250313e-16,0.0004643635755876563,0.1111111111111111,0.4444444444444444,0.000730906015478295,9.730394532705307e-06,0.020052135729579097,0.060170378889736864,0.18096685413013738,0.012104148966497091,2
8,4,5,2.220446049250313e-16,0.0034178891485801,0.6269841269841269,0.5178571428571428,0.000730906015478295,9.730394532705307e-06,0.020052135729579097,0.060170378889736864,0.18096685413013738,0.012104148966497091,2
8,4,2,0.0,0.000248084915087432,0.1111111111111111,0.2222222222222222,0.0008959004587024679,1.6702970768752856e-05,0.03611906402101644,0.0642273642441526,0.14248043753184045,0.014578209959186152,2
8,4,5,0.0,0.0014928983008766217,0.603174603174603,0.4682539682539682,0.0008959004587024679,1.6702970768752856e-05,0.03611906402101644,0.0642273642441526,0.14248043753184045,0.014578209959186152,2
8,4,2,3.3306690738754696e-16,5.879484352255826e-05,0.38888888888888884,0.4444444444444444,0.0006922694942040866,2.6244170947984787e-05,0.015803481500391008,0.05004812229847362,0.18925220610120247,0.018890721437680606,2
8,4,5,3.3306690738754696e-16,0.0035710583381503014,0.6428571428571428,0.5238095238095238,0.0006922694942040866,2.6244170947984787e-05,0.015803481500391008,0.05004812229847362,0.18925220610120247,0.018890721437680606,2
8,4,2,1.1102230246251565e-16,0.0008124718650499574,0.6666666666666666,0.3333333333333333,0.0007922714496027761,1.3035870816117925e-05,0.017560351006212116,0.036593574754082446,0.195009669105608,0.01603011797427263,2
8,4,5,1.1102230246251565e-16,0.0006659699617674875,0.7222222222222222,0.5476190476190476,0.0007922714496027761,1.3035870816117925e-05,0.017560351006212116,0.036593574754082446,0.195009669105608,0.01603011797427263,2
8,4,2,0.0,0.00016651145156609815,0.38888888888888884,0.4444444444444444,0.0006490889335541684,1.0954895116345024e-05,0.023406856965739645,0.04318896278318822,0.16117678079351652,0.014594671941624527,2
8,4,5,0.0,0.0007544679746086524,0.6428571428571427,0.43849206349206343,0.0006490889335541684,1.0954895116345024e-05,0.023406856965739645,0.04318896278318822,0.16117678079351652,0.014594671941624527,2
8,4,2,1.1102230246251565e-16,0.0013599109747415294,0.2222222222222222,0.27777777777777773,0.00036799851397460113,8.721403328512519e-06,0.03379225189414329,0.08922911978246699,0.09512253110295514,0.008925372577122155,3
8,4,5,1.1102230246251565e-16,0.0012520685944321652,0.5476190476190476,0.6031746031746031,0.00036799851397460113,8.721403328512519e-06,0.03379225189414329,0.08922911978246699,0.09512253110295514,0.008925372577122155,3
8,4,2,0.0,0.0005355835709135448,0.2222222222222222,0.1111111111111111,0.0005244073532127313,9.312131380369093e-06,0.02516294169000667,0.06971575752832102,0.13764795402658805,0.011135424214331521,3
8,4,5,0.0,0.005199105869885257,0.4781746031746031,0.4781746031746031,0.0005244073532127313,9.312131380369093e-06,0.02516294169000667,0.06971575752832102,0.13764795402658805,0.011135424214331521,3
8,4,2,1.1102230246251565e-16,0.0004127985409858592,0.4444444444444444,0.6666666666666666,0.0005553854194982138,1.0436586610508112e-05,0.0218914774970341,0.054928929095632184,0.14837715610446883,0.01316690655920048,3
8,4,5,1.1102230246251565e-16,0.0004990972401872629,0.5178571428571428,0.4682539682539682,0.0005553854194982138,1.0436586610508112e-05,0.0218914774970341,0.054928929095632184,0.14837715610446883,0.01316690655920048,3
8,4,2,2.220446049250313e-16,0.003976189152486098,0.1111111111111111,0.4444444444444444,0.00044778556442767763,8.4344399374387e-06,0.013912695908349733,0.03666294001154916,0.1588534309764954,0.013354955009209198,3
8,4,5,2.220446049250313e-16,0.0011948138261073105,0.5873015873015872,0.5079365079365078,0.00044778556442767763,8.4344399374387e-06,0.013912695908349733,0.03666294001154916,0.1588534309764954,0.013354955009209198,3
8,4,2,4.440892098500626e-16,0.0008852326200994298,0.2222222222222222,0.2222222222222222,0.0004521524554278382,1.1524834621236044e-05,0.012683161492593392,0.04122168300560773,0.17557240565838997,0.014381349270974066,3
8,4,5,4.440892098500626e-16,0.00022778044332172342,0.5178571428571428,0.603174603174603,0.0004521524554278382,1.1524834621236044e-05,0.012683161492593392,0.04122168300560773,0.17557240565838997,0.014381349270974066,3
8,4,2,0.0,0.003889310645000421,0.27777777777777773,0.2222222222222222,0.00039083723722471714,1.0743564827334337e-05,0.012705459720559215,0.03809132172318693,0.1554510464524742,0.014540552954841472,3
8,4,5,0.0,0.0027629908173413265,0.5079365079365078,0.7222222222222222,0.00039083723722471714,1.0743564827334337e-05,0.012705459720559215,0.03809132172318693,0.1554510464524742,0.014540552954841472,3
8,4,2,0.0,0.0005483838493840487,0.5,0.2222222222222222,0.000852541081423709,7.920689736334378e-06,0.035182074595039185,0.04435518470890361,0.14097962765307892,0.011009983532116492,3
8,4,5,0.0,8.208190120706504e-05,0.42857142857142855,0.4484126984126984,0.000852541081423709,7.920689736334378e-06,0.035182074595039185,0.04435518470890361,0.14097962765307892,0.011009983532116492,3
8,4,2,0.0,0.0007115850466332674,0.2222222222222222,0.3333333333333333,0.0007498138515941301,4.492975190709286e-06,0.01764865112865312,0.03708456309590209,0.1911354024957664,0.010376656080960753,3
8,4,5,0.0,0.0010807275325066534,0.6428571428571428,0.38888888888888884,0.0007498138515941301,4.492975190709286e-06,0.01764865112865312,0.03708456309590209,0.1911354024957664,0.010376656080960753,3
8,4,2,0.0,0.003579292216473018,0.2222222222222222,0.16666666666666666,0.0009213139466502108,9.496869171914418e-06,0.014157138904869923,0.029414772603229153,0.24578499817076854,0.015757398024373627,4
8,4,5,0.0,0.0005934502544280296,0.5873015873015872,0.4781746031746031,0.0009213139466502108,9.496869171914418e-06,0.014157138904869923,0.029414772603229153,0.24578499817076854,0.015757398024373627,4
8,4,2,0.0,0.0006884350149329865,0.2222222222222222,0.3333333333333333,0.0009110923171538214,8.638717352769868e-06,0.01767663246824843,0.047638736817816614,0.20358790116450073,0.012135167119317546,4
8,4,5,0.0,0.00030506764890114724,0.5873015873015872,0.6825396825396824,0.0009110923171538214,8.638717352769868e-06,0.01767663246824843,0.047638736817816614,0.20358790116450073,0.012135167119317546,4
8,4,2,0.0,0.001538504371539462,0.2222222222222222,0.3333333333333333,0.0005395526833565688,1.060750651602334e-05,0.008011093015777076,0.03733185104142771,0.23583919512625057,0.015330154989107074,4
8,4,5,0.0,0.000346145464418246,0.5634920634920634,0.40873015873015867,0.0005395526833565688,1.060750651602334e-05,0.008011093015777076,0.03733185104142771,0.23583919512625057,0.015330154989107074,4
8,4,2,0.0,0.0037781858916210442,0.2222222222222222,0.3333333333333333,0.0008331408450654095,1.0102879178897699e-05,0.011945025798888585,0.02259689008367455,0.24556471139557515,0.01756056224560005,4
8,4,5,0.0,0.0031517950710013842,0.4384920634920635,0.603174603174603,0.0008331408450654095,1.0102879178897699e-05,0.011945025798888585,0.02259689008367455,0.24556471139557515,0.01756056224560005,4
8,4,2,0.0,0.0005324701810720534,0.38888888888888884,0.3333333333333333,0.0009653492418357501,1.519847444375772e-05,0.017878752368997938,0.02759128568563228,0.21562954191079148,0.020007565273171594,4
8,4,5,0.0,0.0020751261826252865,0.6825396825396824,0.603174603174603,0.0009653492418357501,1.519847444375772e-05,0.017878752368997938,0.02759128568563228,0.21562954191079148,0.020007565273171594,4
8,4,2,0.0,0.00036662802497566815,0.38888888888888884,0.5555555555555556,0.0008894870606592861,8.523231661351455e-06,0.013708915194178585,0.0214169244177434,0.2305121986595999,0.018871097452417572,4
8,4,5,0.0,0.0006638038478652408,0.7222222222222222,0.5873015873015872,0.0008894870606592861,8.523231661351455e-06,0.013708915194178585,0.0214169244177434,0.2305121986595999,0.018871097452417572,4
8,4,2,1.1102230246251565e-16,0.0017064517177405314,0.4444444444444444,0.5555555555555556,0.0011110807741808997,9.431063703033698e-06,0.017796543019535503,0.031503507044195904,0.22724770562177754,0.015736628164898105,4
8,4,5,1.1102230246251565e-16,0.00044330600543085463,0.7222222222222222,0.7142857142857143,0.0011110807741808997,9.431063703033698e-06,0.017796543019535503,0.031503507044195904,0.22724770562177754,0.015736628164898105,4
8,4,2,2.220446049250313e-16,0.00018339458568683575,0.27777777777777773,0.3333333333333333,0.0006262083542649242,6.042409478126624e-06,0.019480934137070298,0.051009905165514104,0.1681592016297569,0.009988178836112869,4
8,4,5,2.220446049250313e-16,0.0021182036392158876,0.603174603174603,0.6428571428571427,0.0006262083542649242,6.042409478126624e-06,0.019480934137070298,0.051009905165514104,0.1681592016297569,0.009988178836112869,4
8,4,2,1.1102230246251565e-16,0.0008058582264232061,0.27777777777777773,0.27777777777777773,0.00033831647104126347,5.026162105509453e-06,0.016658367418677496,0.037459742808765975,0.13505483928742149,0.0101849283378897,5
8,4,5,1.1102230246251565e-16,0.005220197448875807,0.5873015873015872,0.5873015873015872,0.00033831647104126347,5.026162105509453e-06,0.016658367418677496,0.037459742808765975,0.13505483928742149,0.0101849283378897,5
8,4,2,2.220446049250313e-16,8.89074823773317e-05,0.3333333333333333,0.1111111111111111,0.00033181625755342295,4.138708336043577e-06,0.028240448386736387,0.09337368620000608,0.10161416918344421,0.006195721959677238,5
8,4,5,2.220446049250313e-16,0.0002966389564569294,0.5079365079365079,0.5238095238095238,0.00033181625755342295,4.138708336043577e-06,0.028240448386736387,0.09337368620000608,0.10161416918344421,0.006195721959677238,5
8,4,2,0.0,0.00031360849829176196,0.2222222222222222,0.3333333333333333,0.0005422759717174375,5.67512513463393e-06,0.016183265664924354,0.034382956876400236,0.17189897807227197,0.01107338843423528,5
8,4,5,0.0,0.00337724003670159,0.4682539682539682,0.37896825396825395,0.0005422759717174375,5.67512513463393e-06,0.016183265664924354,0.034382956876400236,0.17189897807227197,0.01107338843423528,5
8,4,2,0.0,0.0009949496154948445,0.27777777777777773,0.5,0.0003785392373595306,5.805838925840413e-06,0.051129800115229405,0.12163743625556961,0.08346042496355757,0.006609256748249895,5
8,4,5,0.0,0.00037204052895201123,0.43849206349206343,0.43849206349206343,0.0003785392373595306,5.805838925840413e-06,0.051129800115229405,0.12163743625556961,0.08346042496355757,0.006609256748249895,5
8,4,2,0.0,0.0021179277863609958,0.1111111111111111,0.1111111111111111,0.000502749666399808,5.5409411799179425e-06,0.01720315673826956,0.051410560051256785,0.1543275769028581,0.008790465367661688,5
8,4,5,0.0,0.002292045366148465,0.40873015873015867,0.6190476190476191,0.000502749666399808,5.5409411799179425e-06,0.01720315673826956,0.051410560051256785,0.1543275769028581,0.008790465367661688,5
8,4,2,0.0,0.0002930782725996117,0.16666666666666666,0.1111111111111111,0.0005392721379361642,5.103071736651185e-06,0.019611020165269978,0.044161779569632326,0.14843271568454564,0.009058544147879247,5
8,4,5,0.0,0.0007312725358528116,0.46428571428571425,0.5138888888888888,0.0005392721379361642,5.103071736651185e-06,0.019611020165269978,0.044161779569632326,0.14843271568454564,0.009058544147879247,5
8,4,2,2.220446049250313e-16,1.9257762138291667e-05,0.3333333333333333,0.5555555555555555,0.0004470748969845646,5.653300905156767e-06,0.05001392560393199,0.11622649768502488,0.09158690552032239,0.0066499844258588615,5
8,4,5,2.220446049250313e-16,0.00030414412858781326,0.5079365079365079,0.6190476190476191,0.0004470748969845646,5.653300905156767e-06,0.05001392560393199,0.11622649768502488,0.09158690552032239,0.0066499844258588615,5
8,4,2,0.0,0.0006450163013229648,0.16666666666666666,0.3333333333333333,0.0004995545560218171,7.379706155357826e-06,0.03721269114062062,0.1351742764634135,0.10985319091951594,0.0067251148389332275,5
8,4,5,0.0,0.005467005798698299,0.6428571428571428,1.0,0.0004995545560218171,7.379706155357826e-06,0.03721269114062062,0.1351742764634135,0.10985319091951594,0.0067251148389332275,5
8,4,2,2.220446049250313e-16,0.00063447927045579,0.38888888888888884,0.16666666666666666,0.00047896605765296524,1.0064585232688188e-05,0.015047797131041039,0.0596129459957211,0.1723330003487228,0.01198567882540478,6
8,4,5,2.220446049250313e-16,0.0007416088126688258,0.5079365079365078,0.41865079365079366,0.00047896605765296524,1.0064585232688188e-05,0.015047797131041039,0.0596129459957211,0.1723330003487228,0.01198567882540478,6
8,4,2,0.0,0.0003163151796234942,0.27777777777777773,0.3333333333333333,0.0005182201897049625,8.128789198896674e-06,0.012645194272072603,0.05044115416771983,0.1839050802010605,0.011676163674746476,6
8,4,5,0.0,0.002875567685722835,0.5873015873015872,0.40873015873015867,0.0005182201897049625,8.128789198896674e-06,0.012645194272072603,0.05044115416771983,0.1839050802010605,0.011676163674746476,6
8,4,2,0.0,0.00013642423360349376,0.2222222222222222,0.05555555555555555,0.00032237635565327016,1.1436165080622666e-05,0.015472048237640208,0.06213964444478901,0.11969459994965768,0.012331588757625288,6
8,4,5,0.0,0.002024191660468855,0.5873015873015872,0.5873015873015872,0.00032237635565327016,1.1436165080622666e-05,0.015472048237640208,0.06213964444478901,0.11969459994965768,0.012331588757625288,6
8,4,2,2.220446049250313e-16,0.0026540000402281994,0.4444444444444444,0.1111111111111111,0.0006206215559407759,8.11279492361307e-06,0.010730191086244973,0.03690739405984383,0.22374546461552797,0.013304379428327556,6
8,4,5,2.220446049250313e-16,0.0038862762710376586,0.5238095238095237,0.46428571428571425,0.0006206215559407759,8.11279492361307e-06,0.010730191086244973,0.03690739405984383,0.22374546461552797,0.013304379428327556,6
8,4,2,1.1102230246251565e-16,0.003535364021423515,0.4444444444444444,0.3333333333333333,0.00028436971300161036,1.5663654080030375e-05,0.02775426880409805,0.08414867610154025,0.09436096428010612,0.01231809513353983,6
8,4,5,1.1102230246251565e-16,0.00596191866964757,0.4087301587301588,0.41865079365079366,0.00028436971300161036,1.5663654080030375e-05,0.02775426880409805,0.08414867610154025,0.09436096428010612,0.01231809513353983,6
8,4,2,1.1102230246251565e-16,0.00020368611878951448,0.2222222222222222,0.27777777777777773,0.0005006593080346085,7.956856862947966e-06,0.015284875013610583,0.044697846087786146,0.16030542804337775,0.012462914561613966,6
8,4,5,1.1102230246251565e-16,0.0009643181453355965,0.4781746031746032,0.5178571428571428,0.0005006593080346085,7.956856862947966e-06,0.015284875013610583,0.044697846087786146,0.16030542804337775,0.012462914561613966,6
8,4,2,0.0,0.0013456082844502948,0.27777777777777773,0.5,0.0009406738638789553,9.486546184597336e-06,0.021909368553212953,0.035929365014117906,0.19117038751080406,0.012027522724209908,6
8,4,5,0.0,0.0008890180444838247,0.5079365079365079,0.5873015873015872,0.0009406738638789553,9.486546184597336e-06,0.021909368553212953,0.035929365014117906,0.19117038751080406,0.012027522724209908,6
8,4,2,2.220446049250313e-16,0.0007022352636918416,0.2222222222222222,0.16666666666666666,0.0006619488010994712,7.962262342381308e-06,0.012955575943049906,0.0332376536042316,0.21682999688923435,0.01304303615366546,6
8,4,5,2.220446049250313e-16,0.001331307609786725,0.5476190476190476,0.43849206349206343,0.0006619488010994712,7.962262342381308e-06,0.012955575943049906,0.0332376536042316,0.21682999688923435,0.01304303615366546,6
8,4,2,0.0,0.0008388294730610202,0.16666666666666666,0.16666666666666666,0.00027569772396039645,1.2182036264795518e-05,0.00875883219829897,0.046802020138591485,0.16963516943242507,0.014370319075182412,7
8,4,5,0.0,0.0031658343613514273,0.5079365079365078,0.43849206349206343,0.00027569772396039645,1.2182036264795518e-05,0.00875883219829897,0.046802020138591485,0.16963516943242507,0.014370319075182412,7
8,4,2,2.220446049250313e-16,0.001988430743368186,0.3333333333333333,0.2222222222222222,0.00046106677509842814,7.522952571670412e-06,0.011509790917013953,0.02262799312068983,0.18109053176537204,0.014451502401204555,7
8,4,5,2.220446049250313e-16,0.0003808441270876095,0.5873015873015872,0.5238095238095238,0.00046106677509842814,7.522952571670412e-06,0.011509790917013953,0.02262799312068983,0.18109053176537204,0.014451502401204555,7
8,4,2,2.220446049250313e-16,0.0027166974757258933,0.4444444444444444,1.0,0.0006530789899188297,7.387067427600148e-06,0.017165172976520444,0.03748499363143987,0.1867950338961304,0.012533862193550597,7
8,4,5,2.220446049250313e-16,0.0006997681656568666,0.4682539682539682,0.42857142857142855,0.0006530789899188297,7.387067427600148e-06,0.017165172976520444,0.03748499363143987,0.1867950338961304,0.012533862193550597,7
8,4,2,0.0,0.0014858950003033833,0.2222222222222222,0.2222222222222222,0.0007788726491484672,4.556977181044274e-06,0.0368527352126234,0.0429366876678304,0.13795243106495533,0.009034229332600148,7
8,4,5,0.0,0.001200945004241949,0.4880952380952381,0.5079365079365078,0.0007788726491484672,4.556977181044274e-06,0.0368527352126234,0.0429366876678304,0.13795243106495533,0.009034229332600148,7
8,4,2,0.0,0.00013366654882807083,0.4444444444444444,0.27777777777777773,0.00046618111020290136,5.928426037197843e-06,0.013664446398669044,0.02872048414959978,0.17268430225285397,0.012523581504911384,7
8,4,5,0.0,0.001041273707655499,0.6031746031746031,0.5734126984126984,0.00046618111020290136,5.928426037197843e-06,0.013664446398669044,0.02872048414959978,0.17268430225285397,0.012523581504911384,7
8,4,2,0.0,0.0035610288470372398,0.27777777777777773,0.16666666666666666,0.0003292905651880981,6.394276339663277e-06,0.014672043441637595,0.040917689942836344,0.13491009641981527,0.012027327289614344,7
8,4,5,0.0,0.0013765191993801995,0.4384920634920635,0.4384920634920635,0.0003292905651880981,6.394276339663277e-06,0.014672043441637595,0.040917689942836344,0.13491009641981527,0.012027327289614344,7
8,4,2,2.220446049250313e-16,0.0008756689411349994,0.3333333333333333,0.38888888888888884,0.0006809446538986762,7.575544988189376e-06,0.0232234435611618,0.04519278473246262,0.1607201296477107,0.01088843859742684,7
8,4,5,2.220446049250313e-16,0.0002833900330745376,0.7222222222222222,0.5079365079365079,0.0006809446538986762,7.575544988189376e-06,0.0232234435611618,0.04519278473246262,0.1607201296477107,0.01088843859742684,7
8,4,2,0.0,0.00044012692632966477,0.27777777777777773,0.27777777777777773,0.0006886109954595408,6.2754095693390075e-06,0.0174775541904894,0.040547385957951425,0.18699948834442978,0.011165758061437964,7
8,4,5,0.0,0.001527755820441401,0.4484126984126984,0.5476190476190476,0.0006886109954595408,6.2754095693390075e-06,0.0174775541904894,0.040547385957951425,0.18699948834442978,0.011165758061437964,7
8,4,2,0.0,0.0002891618720588518,0.2222222222222222,0.5555555555555555,0.00041574166201877223,2.8420546453376574e-06,0.024226160290366575,0.03215580551437607,0.10568910251442208,0.007045323203043186,8
8,4,5,0.0,0.001429242604428671,0.4384920634920635,0.5,0.00041574166201877223,2.8420546453376574e-06,0.024226160290366575,0.03215580551437607,0.10568910251442208,0.007045323203043186,8
8,4,2,4.440892098500626e-16,0.0006692011411425502,0.3333333333333333,1.0,0.0003690629034976622,5.083519376641245e-06,0.04971064712761586,0.043618255533862435,0.07716358284932538,0.008182307950831738,8
8,4,5,4.440892098500626e-16,0.0005918071489199317,0.5634920634920634,1.0,0.0003690629034976622,5.083519376641245e-06,0.04971064712761586,0.043618255533862435,0.07716358284932538,0.008182307950831738,8
8,4,2,2.220446049250313e-16,0.0018422808155038606,0.5555555555555556,0.2222222222222222,0.0003742379508782693,1.1969139986809074e-05,0.01284261194738611,0.05568704481375998,0.14467209813294052,0.011251665462710898,8
8,4,5,2.220446049250313e-16,0.00048591373408046756,0.5873015873015872,0.5178571428571428,0.0003742379508782693,1.1969139986809074e-05,0.01284261194738611,0.05568704481375998,0.14467209813294052,0.011251665462710898,8
8,4,2,0.0,0.0014212685472480002,0.16666666666666666,0.27777777777777773,0.00011281090204270659,1.8548270409159507e-05,0.005849170181210846,0.06789972577393187,0.11929627252251387,0.014866357258061813,8
8,4,5,0.0,0.003986423843410192,0.4384920634920635,0.4682539682539682,0.00011281090204270659,1.8548270409159507e-05,0.005849170181210846,0.06789972577393187,0.11929627252251387,0.014866357258061813,8
8,4,2,0.0,0.00041922500965085874,0.27777777777777773,0.5555555555555555,0.0004629411667190899,4.130991822903293e-06,0.012412050956030166,0.026203862568631615,0.17402432808471768,0.011416296380340512,8
8,4,5,0.0,0.0014673386569583613,0.40873015873015867,0.7777777777777777,0.0004629411667190899,4.130991822903293e-06,0.012412050956030166,0.026203862568631615,0.17402432808471768,0.011416296380340512,8
8,4,2,0.0,0.0015440073124379783,0.5555555555555556,0.27777777777777773,0.0002454251252967879,4.213909412575885e-06,0.013584640993548551,0.03332305557909011,0.12613234764288872,0.01036342723986506,8
8,4,5,0.0,0.0028321012915182298,0.5476190476190476,0.5079365079365079,0.0002454251252967879,4.213909412575885e-06,0.013584640993548551,0.03332305557909011,0.12613234764288872,0.01036342723986506,8
8,4,2,2.220446049250313e-16,0.00018237227020656555,0.3333333333333333,0.27777777777777773,0.0004735491791914594,6.024744674977798e-06,0.0052116777042767425,0.012553252768644219,0.25347829062451216,0.015382276973448513,8
8,4,5,2.220446049250313e-16,0.0006383890965517836,0.5079365079365078,0.5138888888888888,0.0004735491791914594,6.024744674977798e-06,0.0052116777042767425,0.012553252768644219,0.25347829062451216,0.015382276973448513,8
8,4,2,1.1102230246251565e-16,0.0013718741622866792,0.38888888888888884,0.4444444444444444,0.0004446752160290544,4.593118878741574e-06,0.016658563002111167,0.03925226174404758,0.1407762588600514,0.00875853908743599,8
8,4,5,1.1102230246251565e-16,0.004725125550557152,0.5634920634920634,0.5873015873015872,0.0004446752160290544,4.593118878741574e-06,0.016658563002111167,0.03925226174404758,0.1407762588600514,0.00875853908743599,8
8,4,2,1.1102230246251565e-16,4.660385157206903e-05,0.27777777777777773,0.3333333333333333,0.000677548482182081,1.8383369099278112e-05,0.06750391749441337,0.26270144878747986,0.09734128867738076,0.007817823051535482,9
8,4,5,1.1102230246251565e-16,0.0002868653236833829,0.36904761904761907,0.4484126984126984,0.000677548482182081,1.8383369099278112e-05,0.06750391749441337,0.26270144878747986,0.09734128867738076,0.007817823051535482,9
8,4,2,0.0,0.00029159445097715064,0.2222222222222222,0.3333333333333333,0.001070270007364036,8.932676280577978e-06,0.029739441499308274,0.06252456366529638,0.18232308969543123,0.010685877040445723,9
8,4,5,0.0,0.0024530805612592577,0.40873015873015867,0.6190476190476191,0.001070270007364036,8.932676280577978e-06,0.029739441499308274,0.06252456366529638,0.18232308969543123,0.010685877040445723,9
8,4,2,0.0,7.944808306570295e-05,0.27777777777777773,0.27777777777777773,0.000754668847882609,9.192030221808491e-06,0.015127343296671708,0.04454625261092077,0.20348834817853154,0.012483964978330297,9
8,4,5,0.0,3.874681066129426e-05,0.4682539682539682,0.6825396825396824,0.000754668847882609,9.192030221808491e-06,0.015127343296671708,0.04454625261092077,0.20348834817853154,0.012483964978330297,9
8,4,2,0.0,0.0011283430803075145,0.16666666666666666,0.3333333333333333,0.0005188671368566986,1.5964481728023318e-05,0.020128400454235976,0.10137035849555749,0.15460073914486636,0.010653950904436457,9
8,4,5,0.0,0.0011457523858160457,0.6666666666666666,0.603174603174603,0.0005188671368566986,1.5964481728023318e-05,0.020128400454235976,0.10137035849555749,0.15460073914486636,0.010653950904436457,9
8,4,2,0.0,2.7472849245091524e-05,0.27777777777777773,0.27777777777777773,0.0008436806964810943,7.191919569224372e-06,0.014331413801437737,0.02474052355183782,0.21204985237081703,0.013305520802631548,9
8,4,5,0.0,0.0024433908614982514,0.43849206349206343,0.6031746031746031,0.0008436806964810943,7.191919569224372e-06,0.014331413801437737,0.02474052355183782,0.21204985237081703,0.013305520802631548,9
8,4,2,2.220446049250313e-16,0.000128009203185675,0.27777777777777773,0.3333333333333333,0.0007447149423528737,1.152991546830038e-05,0.012605738367230761,0.035396510085153376,0.2190037004546717,0.013771736756543806,9
8,4,5,2.220446049250313e-16,0.0007895703881702909,0.5079365079365079,0.5079365079365079,0.0007447149423528737,1.152991546830038e-05,0.012605738367230761,0.035396510085153376,0.2190037004546717,0.013771736756543806,9
8,4,2,1.1102230246251565e-16,0.002117494794572128,0.2222222222222222,0.2222222222222222,0.0007407248814361501,1.2070787184037367e-05,0.056760828916448895,0.19497837958512804,0.10628390087895231,0.0072191995627886646,9
8,4,5,1.1102230246251565e-16,0.004059803719458355,0.43849206349206343,0.5079365079365078,0.0007407248814361501,1.2070787184037367e-05,0.056760828916448895,0.19497837958512804,0.10628390087895231,0.0072191995627886646,9
8,4,2,2.220446049250313e-16,0.0004926402098510696,0.3888888888888889,0.5555555555555555,0.0009789149094127025,7.986145615827841e-06,0.023778332266385916,0.0563654175152881,0.19098294076925504,0.010909552728746186,9
8,4,5,2.220446049250313e-16,0.0004213566426105597,0.4384920634920635,0.6190476190476191,0.0009789149094127025,7.986145615827841e-06,0.023778332266385916,0.0563654175152881,0.19098294076925504,0.010909552728746186,9
8,4,2,2.220446049250313e-16,0.0028422867019031184,0.3333333333333333,0.38888888888888884,0.0005502647425467412,6.841655804612572e-06,0.010413564471052534,0.02282224897999123,0.2029749944776911,0.01586569077742383,10
8,4,5,2.220446049250313e-16,0.0006646851562830403,0.5476190476190476,0.40873015873015867,0.0005502647425467412,6.841655804612572e-06,0.010413564471052534,0.02282224897999123,0.2029749944776911,0.01586569077742383,10
8,4,2,0.0,0.002234489376707449,0.3333333333333333,0.3333333333333333,0.0004489089757135799,9.63649948116299e-06,0.011541590032765583,0.039324011437451,0.18451378012904965,0.014313558459059784,10
8,4,5,0.0,0.003586245836938895,0.6666666666666666,0.6825396825396824,0.0004489089757135799,9.63649948116299e-06,0.011541590032765583,0.039324011437451,0.18451378012904965,0.014313558459059784,10
8,4,2,0.0,0.0019138906718190185,0.16666666666666666,0.3333333333333333,0.0006294488826772493,1.151221430829885e-05,0.014364689734575185,0.033518837673804217,0.1900167774159457,0.014626452514935233,10
8,4,5,0.0,0.002160133688093979,0.6825396825396824,0.6428571428571428,0.0006294488826772493,1.151221430829885e-05,0.014364689734575185,0.033518837673804217,0.1900167774159457,0.014626452514935233,10
8,4,2,0.0,0.0020966513681430765,0.27777777777777773,0.3333333333333333,0.0009432230120889086,5.97859561560851e-06,0.032195933443016835,0.06082109567967356,0.1597033404273192,0.009093270226726433,10
8,4,5,0.0,0.0036464005457155224,0.5476190476190476,0.4781746031746032,0.0009432230120889086,5.97859561560851e-06,0.032195933443016835,0.06082109567967356,0.1597033404273192,0.009093270226726433,10
8,4,2,0.0,0.0009696121956559445,0.5,0.4444444444444444,0.0005333560135347361,5.187105141835182e-06,0.006399901827709195,0.012744821830792306,0.26069099402225687,0.017107915034201917,10
8,4,5,0.0,0.001992438280712827,0.5079365079365078,0.494047619047619,0.0005333560135347361,5.187105141835182e-06,0.006399901827709195,0.012744821830792306,0.26069099402225687,0.017107915034201917,10
8,4,2,1.1102230246251565e-16,0.0001683663537752622,0.27777777777777773,0.4444444444444445,0.0006155882385649726,6.983016785419774e-06,0.016930513040900562,0.047202799147646725,0.18261691990772264,0.0118975369763759,10
8,4,5,1.1102230246251565e-16,0.0002786279267877889,0.5079365079365078,0.5734126984126983,0.0006155882385649726,6.983016785419774e-06,0.016930513040900562,0.047202799147646725,0.18261691990772264,0.0118975369763759,10
8,4,2,0.0,0.00692820556665541,0.27777777777777773,0.16666666666666666,0.0003767260313731141,6.088149902140139e-06,0.014644026856110673,0.04105327647669105,0.15513518415584313,0.011055885839200643,10
8,4,5,0.0,0.00025994893582526046,0.7222222222222222,0.4682539682539682,0.0003767260313731141,6.088149902140139e-06,0.014644026856110673,0.04105327647669105,0.15513518415584313,0.011055885839200643,10
8,4,2,1.1102230246251565e-16,0.0012663072082026439,0.3333333333333333,0.38888888888888884,0.0004806528063217258,7.33085249023682e-06,0.008975960609120096,0.020489051640696657,0.20451695179253726,0.016938089430617618,10
8,4,5,1.1102230246251565e-16,0.0004185009611055168,0.6428571428571428,0.4781746031746031,0.0004806528063217258,7.33085249023682e-06,0.008975960609120096,0.020489051640696657,0.20451695179253726,0.016938089430617618,10
8,4,2,2.220446049250313e-16,0.001204963093309086,0.2222222222222222,0.38888888888888884,0.0006287027428504316,1.4352157515693084e-05,0.011465890651943315,0.02825629654327259,0.20365855083572712,0.018057800096533773,11
8,4,5,2.220446049250313e-16,0.0018523276741695405,0.5079365079365078,0.4781746031746031,0.0006287027428504316,1.4352157515693084e-05,0.011465890651943315,0.02825629654327259,0.20365855083572712,0.018057800096533773,11
8,4,2,0.0,0.0006894352244004587,0.2222222222222222,0.5555555555555556,0.0004121953007040412,8.888262160458454e-06,0.013901977973181816,0.048329350709280655,0.15954728620086198,0.012480757799502026,11
8,4,5,0.0,0.0032488255850906533,0.5476190476190476,0.4484126984126984,0.0004121953007040412,8.888262160458454e-06,0.013901977973181816,0.048329350709280655,0.15954728620086198,0.012480757799502026,11
8,4,2,1.1102230246251565e-16,0.0004809258860916099,0.3333333333333333,0.4444444444444445,0.0008009299210379557,1.1350504010120385e-05,0.007790810775218319,0.01789402978481786,0.2761742230737017,0.02062410283202755,11
8,4,5,1.1102230246251565e-16,0.006428006147874532,0.5873015873015872,0.4384920634920635,0.0008009299210379557,1.1350504010120385e-05,0.007790810775218319,0.01789402978481786,0.2761742230737017,0.02062410283202755,11
8,4,2,2.220446049250313e-16,0.0007162202246785432,0.4444444444444444,0.3888888888888889,0.0004636232904147813,8.115056575826144e-06,0.008062141720980572,0.028657346412362835,0.21447531571590372,0.015273138483316327,11
8,4,5,2.220446049250313e-16,0.005781339948690345,0.8333333333333334,0.6666666666666666,0.0004636232904147813,8.115056575826144e-06,0.008062141720980572,0.028657346412362835,0.21447531571590372,0.015273138483316327,11
8,4,2,2.220446049250313e-16,6.236354749122874e-05,0.6666666666666666,0.6666666666666666,0.0006531754403579428,8.789228296074258e-06,0.007879912767633342,0.019676675959640753,0.25871526471113004,0.01790204529388143,11
8,4,5,2.220446049250313e-16,0.001400744985807778,0.5178571428571428,0.5238095238095237,0.0006531754403579428,8.789228296074258e-06,0.007879912767633342,0.019676675959640753,0.25871526471113004,0.01790204529388143,11
8,4,2,2.220446049250313e-16,0.0005782683366285513,0.3333333333333333,0.3333333333333333,0.0005187632122043626,1.1981725325776477e-05,0.007987364837584335,0.029600747544560917,0.22370503845009598,0.017455452098361364,11
8,4,5,2.220446049250313e-16,0.000992520585206158,0.8333333333333334,1.0,0.0005187632122043626,1.1981725325776477e-05,0.007987364837584335,0.029600747544560917,0.22370503845009598,0.017455452098361364,11
8,4,2,1.1102230246251565e-16,0.0002864191731923871,0.6666666666666666,0.6666666666666666,0.0007184574239525231,1.3137008541641816e-05,0.010502115172079097,0.018264241578575764,0.2456075880811476,0.01946944265716426,11
8,4,5,1.1102230246251565e-16,0.002296821953033712,0.7142857142857143,0.4781746031746031,0.0007184574239525231,1.3137008541641816e-05,0.010502115172079097,0.018264241578575764,0.2456075880811476,0.01946944265716426,11
8,4,2,1.1102230246251565e-16,0.007819689534233953,0.6666666666666666,0.38888888888888884,0.0005903708835187357,1.0428103430520044e-05,0.006651132206825581,0.016935453032558487,0.26510926766465626,0.021292638381136573,11
8,4,5,1.1102230246251565e-16,0.00425322682388396,0.5873015873015872,0.5476190476190476,0.0005903708835187357,1.0428103430520044e-05,0.006651132206825581,0.016935453032558487,0.26510926766465626,0.021292638381136573,11
8,4,2,1.1102230246251565e-16,0.0015691514662496964,0.2222222222222222,0.4444444444444444,0.0003374218808272774,8.523871457903842e-06,0.013953631354812625,0.05007850961283235,0.13920003450699164,0.011481197348349978,12
8,4,5,1.1102230246251565e-16,0.005819078964265922,0.5079365079365079,0.5079365079365079,0.0003374218808272774,8.523871457903842e-06,0.013953631354812625,0.05007850961283235,0.13920003450699164,0.011481197348349978,12
8,4,2,1.1102230246251565e-16,0.001702718339635867,0.2222222222222222,0.3333333333333333,0.0003679047084789876,1.1486041419083624e-05,0.011091478920874977,0.039667927234419816,0.15841717521665657,0.013626778237038856,12
8,4,5,1.1102230246251565e-16,0.0011909628025823515,0.503968253968254,0.5079365079365079,0.0003679047084789876,1.1486041419083624e-05,0.011091478920874977,0.039667927234419816,0.15841717521665657,0.013626778237038856,12
8,4,2,0.0,0.0009680270536078783,0.2222222222222222,0.27777777777777773,0.0007132585242175594,3.5319843625560636e-06,0.14451516660971525,0.14246410100223206,0.06714317694976507,0.004434663169176292,12
8,4,5,0.0,0.002226766464666685,0.5079365079365079,0.36904761904761907,0.0007132585242175594,3.5319843625560636e-06,0.14451516660971525,0.14246410100223206,0.06714317694976507,0.004434663169176292,12
8,4,2,0.0,0.000558636708265503,0.16666666666666666,0.16666666666666666,0.0004843916559273731,4.512051403687965e-06,0.0432171823454347,0.11331533095821128,0.08607246850231746,0.005568471330288664,12
8,4,5,0.0,0.0015973867986984747,0.5476190476190476,0.5079365079365079,0.0004843916559273731,4.512051403687965e-06,0.0432171823454347,0.11331533095821128,0.08607246850231746,0.005568471330288664,12
8,4,2,0.0,0.0011871724550127638,0.1111111111111111,0.3333333333333333,0.0006283148471130111,4.5305734926369445e-06,0.06283987837356049,0.12945286224287672,0.0918419023420102,0.005280864357899319,12
8,4,5,0.0,0.0009501211991334024,0.5476190476190476,0.6190476190476191,0.0006283148471130111,4.5305734926369445e-06,0.06283987837356049,0.12945286224287672,0.0918419023420102,0.005280864357899319,12
8,4,2,0.0,0.00021111379821059373,0.27777777777777773,0.2222222222222222,0.0002561414958215448,9.936037166169472e-06,0.015771898519433558,0.054538396749766696,0.12147052325531474,0.011398559778339234,12
8,4,5,0.0,0.0002083561974091097,0.5476190476190476,0.4484126984126984,0.0002561414958215448,9.936037166169472e-06,0.015771898519433558,0.054538396749766696,0.12147052325531474,0.011398559778339234,12
8,4,2,0.0,0.0004987052611482579,0.2222222222222222,0.27777777777777773,0.0004645303381658611,6.401132081563328e-06,0.06113857901090986,0.10209964584796204,0.08249914292842389,0.007130378032983355,12
8,4,5,0.0,0.001874931320007489,0.4384920634920635,0.5238095238095238,0.0004645303381658611,6.401132081563328e-06,0.06113857901090986,0.10209964584796204,0.08249914292842389,0.007130378032983355,12
8,4,2,0.0,0.001086565729498945,0.3333333333333333,0.6666666666666666,0.0007460067921000436,2.9889423841341013e-06,0.13704929253688256,0.2065898263690797,0.06955463427310615,0.0034664203140327586,12
8,4,5,0.0,0.0009112538809568083,0.5873015873015872,0.5476190476190476,0.0007460067921000436,2.9889423841341013e-06,0.13704929253688256,0.2065898263690797,0.06955463427310615,0.0034664203140327586,12
8,4,2,0.0,0.0022313695263056488,0.27777777777777773,0.16666666666666666,0.0009986695177562565,7.280056769579932e-06,0.010996768439167344,0.02351782546812832,0.28026725794622215,0.016396728199592918,13
8,4,5,0.0,0.009051209349595357,0.3988095238095238,0.4781746031746031,0.0009986695177562565,7.280056769579932e-06,0.010996768439167344,0.02351782546812832,0.28026725794622215,0.016396728199592918,13
8,4,2,1.1102230246251565e-16,0.0012415482369838582,0.27777777777777773,0.27777777777777773,0.0005970980607796215,7.885574544625244e-06,0.027108600906364293,0.10339951883215848,0.13701491127500715,0.007713887608075028,13
8,4,5,1.1102230246251565e-16,0.0008445734461053345,0.5238095238095237,0.5079365079365078,0.0005970980607796215,7.885574544625244e-06,0.027108600906364293,0.10339951883215848,0.13701491127500715,0.007713887608075028,13
8,4,2,2.220446049250313e-16,0.001747813202080839,0.1111111111111111,0.27777777777777773,0.00042973641845640343,1.0038175694687739e-05,0.00932191531939431,0.03524517294081804,0.19593100241606864,0.015628654333831645,13
8,4,5,2.220446049250313e-16,0.003691874131292794,0.4484126984126984,0.5476190476190476,0.00042973641845640343,1.0038175694687739e-05,0.00932191531939431,0.03524517294081804,0.19593100241606864,0.015628654333831645,13
8,4,2,1.1102230246251565e-16,0.00029254863306782397,0.38888888888888884,0.38888888888888884,0.0005788778126700127,9.674084643550091e-06,0.010821945804175812,0.024357369686358023,0.22051560493960604,0.016475357224656796,13
8,4,5,1.1102230246251565e-16,0.0016728742496436855,0.38888888888888884,0.4384920634920635,0.0005788778126700127,9.674084643550091e-06,0.010821945804175812,0.024357369686358023,0.22051560493960604,0.016475357224656796,13
8,4,2,0.0,0.0017151575790019802,0.2222222222222222,0.3333333333333333,0.0005226575487938928,6.912061373761536e-06,0.020132003673331993,0.05491274741750128,0.14966541122891547,0.009756917773858424,13
8,4,5,0.0,0.0026888874014615594,0.5436507936507936,0.5079365079365078,0.0005226575487938928,6.912061373761536e-06,0.020132003673331993,0.05491274741750128,0.14966541122891547,0.009756917773858424,13
8,4,2,0.0,0.0002926597297834288,0.2222222222222222,0.38888888888888884,0.00041386473751800414,7.667063005629466e-06,0.007391906583226337,0.021811889458213156,0.21735454943012836,0.01603114708787082,13
8,4,5,0.0,0.000765886154334261,0.43849206349206343,0.603174603174603,0.00041386473751800414,7.667063005629466e-06,0.007391906583226337,0.021811889458213156,0.21735454943012836,0.01603114708787082,13
8,4,2,2.220446049250313e-16,0.0011579806119614844,0.3333333333333333,0.27777777777777773,0.0004623335411630768,7.095006501810206e-06,0.026926557221999575,0.05433056726912326,0.12259796382017447,0.010430191466235387,13
8,4,5,2.220446049250313e-16,0.0053915515050761975,0.5079365079365079,0.5178571428571428,0.0004623335411630768,7.095006501810206e-06,0.026926557221999575,0.05433056726912326,0.12259796382017447,0.010430191466235387,13
8,4,2,0.0,0.004331402897235548,0.27777777777777773,0.2222222222222222,0.0005346368269292935,6.926726130847361e-06,0.02983425228110191,0.0983033707727936,0.12489429550020108,0.00786641825132609,13
8,4,5,0.0,0.0035216870085280627,0.5634920634920634,0.40873015873015867,0.0005346368269292935,6.926726130847361e-06,0.02983425228110191,0.0983033707727936,0.12489429550020108,0.00786641825132609,13
8,4,2,0.0,0.00402462919773372,0.27777777777777773,0.1111111111111111,0.0006333679875083223,4.812004646306575e-06,0.0391320953507201,0.07421191850743278,0.1156856132983632,0.0071874363729276846,14
8,4,5,0.0,0.005675423826705606,0.5238095238095237,0.5873015873015872,0.0006333679875083223,4.812004646306575e-06,0.0391320953507201,0.07421191850743278,0.1156856132983632,0.0071874363729276846,14
8,4,2,2.220446049250313e-16,0.0006928246708856056,0.3333333333333333,0.5555555555555555,0.0006485328264225253,5.065542026379761e-06,0.0106129552842598,0.024597218307576198,0.2220583429333165,0.012469935657419048,14
8,4,5,2.220446049250313e-16,0.0036641939826038694,0.8333333333333334,0.7777777777777777,0.0006485328264225253,5.065542026379761e-06,0.0106129552842598,0.024597218307576198,0.2220583429333165,0.012469935657419048,14
8,4,2,0.0,0.0008338484168843863,0.27777777777777773,0.2222222222222222,0.0006432798307522467,5.529730089171181e-06,0.01807913810745826,0.03916040489196505,0.1739728013506716,0.010137583206198501,14
8,4,5,0.0,0.0037868657002815276,0.6031746031746031,0.8333333333333334,0.0006432798307522467,5.529730089171181e-06,0.01807913810745826,0.03916040489196505,0.1739728013506716,0.010137583206198501,14
8,4,2,0.0,0.0013712990776874046,0.16666666666666666,0.38888888888888884,0.0003464217691222487,1.0310614588104422e-05,0.018314119482565925,0.05729042125736629,0.13046512175488342,0.012108921466551018,14
8,4,5,0.0,0.0041165030808872904,0.4781746031746031,0.4781746031746031,0.0003464217691222487,1.0310614588104422e-05,0.018314119482565925,0.05729042125736629,0.13046512175488342,0.012108921466551018,14
8,4,2,2.220446049250313e-16,0.0010583069740639495,0.16666666666666666,0.1111111111111111,0.0005195950480365778,7.313680366292621e-06,0.011711264581095376,0.020751988909278322,0.18814380459487257,0.015193942724113391,14
8,4,5,2.220446049250313e-16,0.000650063156454328,0.37896825396825395,0.5079365079365079,0.0005195950480365778,7.313680366292621e-06,0.011711264581095376,0.020751988909278322,0.18814380459487257,0.015193942724113391,14
8,4,2,2.220446049250313e-16,0.0019996327892163324,0.27777777777777773,0.4444444444444444,0.0003363641934427309,1.1957668664533288e-05,0.006216567138549031,0.037865705466834154,0.196811902512729,0.015611153612143257,14
8,4,5,2.220446049250313e-16,0.0006467419639994976,0.5079365079365079,0.5079365079365078,0.0003363641934427309,1.1957668664533288e-05,0.006216567138549031,0.037865705466834154,0.196811902512729,0.015611153612143257,14
8,4,2,0.0,0.0004098963186347504,0.16666666666666666,0.2222222222222222,0.0002560954634951204,9.019001854019718e-06,0.022768434085815713,0.09940729415652691,0.09114504013164135,0.008473312168906214,14
8,4,5,0.0,1.1228926988016141e-05,0.43849206349206343,0.5476190476190476,0.0002560954634951204,9.019001854019718e-06,0.022768434085815713,0.09940729415652691,0.09114504013164135,0.008473312168906214,14
8,4,2,0.0,0.0003822117868932384,0.1111111111111111,0.4444444444444444,0.0002541558896676833,5.801696836753076e-06,0.011432953421907205,0.034630298166022186,0.1359490787253063,0.011540597371590154,14
8,4,5,0.0,0.0005107708170921654,0.5079365079365079,0.5476190476190476,0.0002541558896676833,5.801696836753076e-06,0.011432953421907205,0.034630298166022186,0.1359490787253063,0.011540597371590154,14
8,4,2,1.1102230246251565e-16,0.00023136736261797353,0.27777777777777773,0.5555555555555555,0.0006620070140027615,1.2867515686408205e-05,0.041191776168594714,0.08901024468661826,0.11098566574453879,0.011103416838655074,15
8,4,5,1.1102230246251565e-16,0.0002701012061552266,0.5873015873015872,0.5476190476190476,0.0006620070140027615,1.2867515686408205e-05,0.041191776168594714,0.08901024468661826,0.11098566574453879,0.011103416838655074,15
8,4,2,2.220446049250313e-16,0.005705547846822978,0.3888888888888889,0.3333333333333333,0.0007615954810353243,1.1344319129717347e-05,0.016082181118361974,0.03389540686405403,0.19685742002157583,0.016821028395368254,15
8,4,5,2.220446049250313e-16,0.0003815433196985296,0.6269841269841269,0.6428571428571428,0.0007615954810353243,1.1344319129717347e-05,0.016082181118361974,0.03389540686405403,0.19685742002157583,0.016821028395368254,15
8,4,2,1.1102230246251565e-16,0.0013203041437250818,0.27777777777777773,0.1111111111111111,0.0003699747517747137,3.1409718813618115e-05,0.016207629443788438,0.0977057879518856,0.1285479006936388,0.01666146456940297,15
8,4,5,1.1102230246251565e-16,0.0019835433899517696,0.4087301587301588,0.5079365079365078,0.0003699747517747137,3.1409718813618115e-05,0.016207629443788438,0.0977057879518856,0.1285479006936388,0.01666146456940297,15
8,4,2,0.0,0.0003088510075612838,0.27777777777777773,0.6666666666666666,0.00046812389625647895,9.084939833898348e-06,0.043452879300400794,0.1253158147897821,0.09828542957412077,0.007964125517411226,15
8,4,5,0.0,0.0006295420033262111,0.6269841269841269,0.5079365079365078,0.00046812389625647895,9.084939833898348e-06,0.043452879300400794,0.1253158147897821,0.09828542957412077,0.007964125517411226,15
8,4,2,0.0,0.004867602320126618,0.4444444444444444,0.5555555555555555,0.0006740739429307203,1.1539834011538829e-05,0.012273562001416003,0.02957206205893335,0.20109592135384846,0.016686712081115235,15
8,4,5,0.0,0.0003352087658585745,0.5873015873015872,0.5079365079365079,0.0006740739429307203,1.1539834011538829e-05,0.012273562001416003,0.02957206205893335,0.20109592135384846,0.016686712081115235,15
8,4,2,2.220446049250313e-16,0.0011437874773572165,0.16666666666666666,0.5555555555555556,0.0003753661870470981,2.671749600921109e-05,0.017599758568744968,0.08690314422876896,0.1359831578622461,0.014720781033348623,15
8,4,5,2.220446049250313e-16,0.0007239011473326729,0.5476190476190476,0.4384920634920635,0.0003753661870470981,2.671749600921109e-05,0.017599758568744968,0.08690314422876896,0.1359831578622461,0.014720781033348623,15
8,4,2,2.220446049250313e-16,0.003469198296349507,0.4444444444444444,0.16666666666666666,0.0003046867262868976,7.462480520692828e-05,0.01456467215656845,0.18640757143936004,0.13871764272351186,0.017670386760848342,15
8,4,5,2.220446049250313e-16,0.0006971371212529665,0.6269841269841269,0.4484126984126984,0.0003046867262868976,7.462480520692828e-05,0.01456467215656845,0.18640757143936004,0.13871764272351186,0.017670386760848342,15
8,4,2,0.0,0.0020464087224654204,0.27777777777777773,0.4444444444444444,0.00043609881636978004,2.9230534030488514e-05,0.042202832539631335,0.16180450821938824,0.0978373240969894,0.01214042474773853,15
8,4,5,0.0,0.004944271817238777,0.4781746031746031,0.6428571428571428,0.00043609881636978004,2.9230534030488514e-05,0.042202832539631335,0.16180450821938824,0.0978373240969894,0.01214042474773853,15
8,4,2,0.0,0.00047436690793367653,0.16666666666666666,0.27777777777777773,0.0009655310142998317,4.743875642236716e-06,0.022852878090668043,0.0351888669839473,0.19226075616121602,0.010439058156888397,16
8,4,5,0.0,0.0024473141034391244,0.5476190476190476,0.5436507936507936,0.0009655310142998317,4.743875642236716e-06,0.022852878090668043,0.0351888669839473,0.19226075616121602,0.010439058156888397,16
8,4,2,0.0,0.000981768743939515,0.1111111111111111,0.16666666666666666,0.0008929097343755998,6.542850435703595e-06,0.052917615240158034,0.07614099409711943,0.12495026652027769,0.008552621945184687,16
8,4,5,0.0,0.0012723529316729376,0.5476190476190476,0.4484126984126984,0.0008929097343755998,6.542850435703595e-06,0.052917615240158034,0.07614099409711943,0.12495026652027769,0.008552621945184687,16
8,4,2,0.0,0.0012470672159372587,0.16666666666666666,0.3333333333333333,0.0010524870076429895,7.773524566793357e-06,0.023194495668569463,0.04124582740991985,0.20445464009566428,0.011347744397170996,16
8,4,5,0.0,0.000694419656877443,0.4484126984126984,0.5873015873015872,0.0010524870076429895,7.773524566793357e-06,0.023194495668569463,0.04124582740991985,0.20445464009566428,0.011347744397170996,16
8,4,2,2.220446049250313e-16,4.5280027517247134e-05,0.27777777777777773,0.27777777777777773,0.0006389933936935689,1.2217523625115056e-05,0.02110489455206274,0.04501260921327835,0.15481093695502318,0.013053090322214515,16
8,4,5,2.220446049250313e-16,0.002467242346819609,0.4384920634920635,0.5634920634920634,0.0006389933936935689,1.2217523625115056e-05,0.02110489455206274,0.04501260921327835,0.15481093695502318,0.013053090322214515,16
8,4,2,2.220446049250313e-16,0.00013108159612440495,0.1111111111111111,0.38888888888888884,0.0011209570396370637,6.357945530235846e-06,0.04283236948468283,0.11302842318210811,0.14379206826966226,0.006966451818521486,16
8,4,5,2.220446049250313e-16,0.000489079433691586,0.40873015873015867,0.4384920634920635,0.0011209570396370637,6.357945530235846e-06,0.04283236948468283,0.11302842318210811,0.14379206826966226,0.006966451818521486,16
8,4,2,0.0,0.0025490271157171396,0.1111111111111111,0.27777777777777773,0.0005725430987245082,4.6330811464804275e-06,0.06212652888352145,0.06293276372066886,0.09061845975194964,0.00786292446939767,16
8,4,5,0.0,0.0018738550216607086,0.5178571428571428,0.5873015873015872,0.0005725430987245082,4.6330811464804275e-06,0.06212652888352145,0.06293276372066886,0.09061845975194964,0.00786292446939767,16
8,4,2,0.0,8.518862473227973e-05,0.4444444444444444,0.1111111111111111,0.0005835842600563285,1.2976985940746376e-05,0.010330760767277809,0.02123806840115608,0.21860619348524377,0.019855093886026562,16
8,4,5,0.0,0.003632110467122418,0.6269841269841269,0.7222222222222222,0.0005835842600563285,1.2976985940746376e-05,0.010330760767277809,0.02123806840115608,0.21860619348524377,0.019855093886026562,16
8,4,2,2.220446049250313e-16,0.0016458452248659938,0.38888888888888884,0.27777777777777773,0.0003678777783704736,2.6369609221312176e-05,0.04048204068138439,0.500100640843758,0.08805829823999006,0.006998111872658188,16
8,4,5,2.220446049250313e-16,0.002970895592864453,0.5079365079365078,0.5079365079365078,0.0003678777783704736,2.6369609221312176e-05,0.04048204068138439,0.500100640843758,0.08805829823999006,0.006998111872658188,16
8,4,2,0.0,0.0017912852481789532,0.3333333333333333,0.1111111111111111,0.0017595038161307335,1.6376342155949387e-05,0.052629668202084236,0.09807300374551894,0.17582015453773317,0.012080857366756922,17
8,4,5,0.0,0.006151518031955794,0.5873015873015872,0.37896825396825395,0.0017595038161307335,1.6376342155949387e-05,0.052629668202084236,0.09807300374551894,0.17582015453773317,0.012080857366756922,17
8,4,2,0.0,0.003843913556186962,0.27777777777777773,0.4444444444444444,0.0006674978011035941,1.2443493461722973e-05,0.037431383206330014,0.08235878545973588,0.12468933440730345,0.011350056518613483,17
8,4,5,0.0,0.0006509520691662107,0.5178571428571428,0.5476190476190476,0.0006674978011035941,1.2443493461722973e-05,0.037431383206330014,0.08235878545973588,0.12468933440730345,0.011350056518613483,17
8,4,2,1.1102230246251565e-16,0.0006424927306051265,0.3333333333333333,0.6666666666666666,0.0007762177074770241,1.1594656219856862e-05,0.0673051307043676,0.09247287882170648,0.09938451112839529,0.010445320952554472,17
8,4,5,1.1102230246251565e-16,0.0010875518657782468,0.603174603174603,0.43849206349206343,0.0007762177074770241,1.1594656219856862e-05,0.0673051307043676,0.09247287882170648,0.09938451112839529,0.010445320952554472,17
8,4,2,0.0,0.003563825127303577,0.1111111111111111,0.16666666666666666,0.0006628171983840042,2.4260634633373365e-05,0.03757180092895099,0.12100281768987979,0.12010280883692527,0.013063217250271719,17
8,4,5,0.0,0.005095717734702632,0.5079365079365078,0.5079365079365079,0.0006628171983840042,2.4260634633373365e-05,0.03757180092895099,0.12100281768987979,0.12010280883692527,0.013063217250271719,17
8,4,2,2.220446049250313e-16,0.005334057253465696,0.16666666666666666,0.16666666666666666,0.0009355617209738548,1.0330324944868337e-05,0.03040354568883702,0.0797460958538776,0.16540647988672072,0.011128065997531451,17
8,4,5,2.220446049250313e-16,0.0042024597755732085,0.5476190476190476,0.603174603174603,0.0009355617209738548,1.0330324944868337e-05,0.03040354568883702,0.0797460958538776,0.16540647988672072,0.011128065997531451,17
8,4,2,0.0,0.0007444844550035246,0.2222222222222222,0.1111111111111111,0.0005061900424395906,2.5482359197468127e-05,0.015572321052143404,0.13577969186314962,0.1658885480290122,0.012275917592060474,17
8,4,5,0.0,0.003604643486941006,0.5079365079365078,0.603174603174603,0.0005061900424395906,2.5482359197468127e-05,0.015572321052143404,0.13577969186314962,0.1658885480290122,0.012275917592060474,17
8,4,2,0.0,0.010894614692563254,0.4444444444444444,0.4444444444444444,0.0006012899801902871,1.2189659649720743e-05,0.0522719831639724,0.12411607682173141,0.10491739037624521,0.009037624429389603,17
8,4,5,0.0,0.0009566841280341798,0.5178571428571428,0.4880952380952381,0.0006012899801902871,1.2189659649720743e-05,0.0522719831639724,0.12411607682173141,0.10491739037624521,0.009037624429389603,17
8,4,2,2.220446049250313e-16,0.002600510300966974,0.27777777777777773,0.3333333333333333,0.0010723718021919157,7.702096961260074e-06,0.03620469429411483,0.06837251921166904,0.15700804862586537,0.009827175141722932,17
8,4,5,2.220446049250313e-16,0.0037790427323183273,0.5476190476190476,0.5634920634920634,0.0010723718021919157,7.702096961260074e-06,0.03620469429411483,0.06837251921166904,0.15700804862586537,0.009827175141722932,17
8,4,2,2.220446049250313e-16,0.0011831406778497477,0.4444444444444444,0.27777777777777773,0.00044498036746129537,5.7396577321000006e-06,0.031670816162202436,0.05395060479978723,0.10853804569103995,0.009212587041013647,18
8,4,5,2.220446049250313e-16,0.0011780710892650426,0.5138888888888888,0.5436507936507936,0.00044498036746129537,5.7396577321000006e-06,0.031670816162202436,0.05395060479978723,0.10853804569103995,0.009212587041013647,18
8,4,2,2.220446049250313e-16,0.0023450749688067596,0.38888888888888884,0.27777777777777773,0.0008408408035708147,6.306207907218738e-06,0.04085896181328294,0.04957249271859769,0.12694326841396322,0.009324778286670273,18
8,4,5,2.220446049250313e-16,0.00442430489359813,0.7222222222222222,0.5238095238095237,0.0008408408035708147,6.306207907218738e-06,0.04085896181328294,0.04957249271859769,0.12694326841396322,0.009324778286670273,18
8,4,2,0.0,0.006021919244684648,0.3333333333333333,0.27777777777777773,0.0005025314860909695,6.291574211911722e-06,0.007766397159769589,0.022522150148808585,0.2361928369377123,0.015459884653623928,18
8,4,5,0.0,0.0005850503607756075,0.5634920634920634,0.46428571428571425,0.0005025314860909695,6.291574211911722e-06,0.007766397159769589,0.022522150148808585,0.2361928369377123,0.015459884653623928,18
8,4,2,1.1102230246251565e-16,0.001192496481909,0.27777777777777773,0.27777777777777773,0.0005708431058350355,5.08374958971668e-06,0.02738297365089479,0.04141645198977631,0.13905120516234026,0.009751879983238817,18
8,4,5,1.1102230246251565e-16,0.003270779104254995,0.5476190476190476,0.5079365079365078,0.0005708431058350355,5.08374958971668e-06,0.02738297365089479,0.04141645198977631,0.13905120516234026,0.009751879983238817,18
8,4,2,0.0,0.000644332516240631,0.3888888888888889,0.5555555555555555,0.0002647484249720785,6.5626017121058435e-06,0.008140834090581962,0.036364744248782555,0.1707585486403579,0.012014852368603371,18
8,4,5,0.0,0.0005453269097657198,0.5873015873015872,0.7777777777777777,0.0002647484249720785,6.5626017121058435e-06,0.008140834090581962,0.036364744248782555,0.1707585486403579,0.012014852368603371,18
8,4,2,2.220446049250313e-16,0.0019769478033073717,0.2222222222222222,0.6666666666666666,0.0005757085012260101,6.26148644873654e-06,0.019309464637523827,0.036855323837064566,0.15382857705357264,0.011671520680631374,18
8,4,5,2.220446049250313e-16,0.0031738882938341373,0.6428571428571428,0.5873015873015872,0.0005757085012260101,6.26148644873654e-06,0.019309464637523827,0.036855323837064566,0.15382857705357264,0.011671520680631374,18
8,4,2,0.0,0.003749805669335915,0.27777777777777773,0.4444444444444444,0.00039726046743843385,6.653245508575143e-06,0.006439359424538637,0.019540434239578148,0.2254708339250014,0.015742424954387442,18
8,4,5,0.0,0.004084015653735951,0.6031746031746031,0.5178571428571428,0.00039726046743843385,6.653245508575143e-06,0.006439359424538637,0.019540434239578148,0.2254708339250014,0.015742424954387442,18
8,4,2,0.0,0.0005928437725679636,0.27777777777777773,0.27777777777777773,0.000564555764910374,9.64643207257589e-06,0.009317339786688871,0.031368894757892195,0.22438467490257252,0.01512467505840776,18
8,4,5,0.0,0.00695492485665028,0.6031746031746031,0.5873015873015872,0.000564555764910374,9.64643207257589e-06,0.009317339786688871,0.031368894757892195,0.22438467490257252,0.01512467505840776,18
8,4,2,0.0,0.0006977304857389566,0.4444444444444444,0.6666666666666666,0.0004706641402721587,5.184883809658956e-06,0.018544436647480067,0.02831977310484703,0.14521704545133515,0.012676181162863252,19
8,4,5,0.0,0.002103550770308882,0.8333333333333334,0.7222222222222222,0.0004706641402721587,5.184883809658956e-06,0.018544436647480067,0.02831977310484703,0.14521704545133515,0.012676181162863252,19
8,4,2,0.0,6.174361255606442e-07,1.0,1.0,0.0005377525865407689,8.924714664115621e-06,0.040340890186282986,0.02947971011948921,0.10510915990210884,0.015000635128992383,19
8,4,5,0.0,0.0014455402577115972,0.5634920634920634,0.5476190476190476,0.0005377525865407689,8.924714664115621e-06,0.040340890186282986,0.02947971011948921,0.10510915990210884,0.015000635128992383,19
8,4,2,0.0,0.0002427692365567502,0.27777777777777773,0.4444444444444444,0.0011081470060468075,1.0750508453065489e-05,0.02366646496031612,0.047008972679831285,0.20641382026188212,0.013295788311063365,19
8,4,5,0.0,0.0002849484764348986,0.5476190476190476,0.7222222222222222,0.0011081470060468075,1.0750508453065489e-05,0.02366646496031612,0.047008972679831285,0.20641382026188212,0.013295788311063365,19
8,4,2,0.0,0.0030429966814951026,0.38888888888888884,0.38888888888888884,0.0004926370927919759,1.0484331539830569e-05,0.011923693207878847,0.032846893499717505,0.1961862339576287,0.015892419391777598,19
8,4,5,0.0,6.217247748252497e-05,0.5079365079365079,0.6031746031746031,0.0004926370927919759,1.0484331539830569e-05,0.011923693207878847,0.032846893499717505,0.1961862339576287,0.015892419391777598,19
8,4,2,0.0,0.0003168295916360364,0.3888888888888889,0.3333333333333333,0.0009048768283897858,7.081855908209259e-06,0.02418019691118161,0.04178427090438176,0.1861828891226948,0.012271143501791731,19
8,4,5,0.0,7.584873663746272e-05,0.5476190476190476,0.6825396825396824,0.0009048768283897858,7.081855908209259e-06,0.02418019691118161,0.04178427090438176,0.1861828891226948,0.012271143501791731,19
8,4,2,0.0,0.00010684062120946969,0.6666666666666666,1.0,0.0008533685117064748,1.4522891779226415e-05,0.032598805874967274,0.04556112648425899,0.1543404422544244,0.015863856524670338,19
8,4,5,0.0,0.002293566525640056,0.5873015873015872,0.7222222222222222,0.0008533685117064748,1.4522891779226415e-05,0.032598805874967274,0.04556112648425899,0.1543404422544244,0.015863856524670338,19
8,4,2,2.220446049250313e-16,0.0001512449091103374,0.38888888888888884,0.6666666666666666,0.0004772879165397703,6.686412211424835e-06,0.011589418379206917,0.02759920667072948,0.18410459421695285,0.014798197776671,19
8,4,5,2.220446049250313e-16,0.00014786191701832152,0.4781746031746031,0.6031746031746031,0.0004772879165397703,6.686412211424835e-06,0.011589418379206917,0.02759920667072948,0.18410459421695285,0.014798197776671,19
8,4,2,0.0,0.002240836755706077,0.38888888888888884,0.38888888888888884,0.0005526782850804549,9.251925367666896e-06,0.012455607827212258,0.027985963922175873,0.1811338999335834,0.014712220161135792,19
8,4,5,0.0,0.0007182573599251452,0.6825396825396824,0.5178571428571428,0.0005526782850804549,9.251925367666896e-06,0.012455607827212258,0.027985963922175873,0.1811338999335834,0.014712220161135792,19
8,5,2,0.0,0.00022275036200103404,0.4666666666666666,0.2,0.00031917137729346376,9.088343252427955e-06,0.023203699249102004,0.03528570766922584,0.10421502866966245,0.013912051679213746,0
8,5,5,0.0,0.00028687090890811007,0.6523809523809524,0.5,0.00031917137729346376,9.088343252427955e-06,0.023203699249102004,0.03528570766922584,0.10421502866966245,0.013912051679213746,0
8,5,2,2.220446049250313e-16,0.0016053554698755024,0.3333333333333333,0.19999999999999998,0.0005324997844092956,5.520666714641059e-06,0.02757557749946484,0.05138144934867188,0.12760557356911933,0.009256186008213986,0
8,5,5,2.220446049250313e-16,0.004094091857175686,0.6285714285714286,0.4583333333333333,0.0005324997844092956,5.520666714641059e-06,0.02757557749946484,0.05138144934867188,0.12760557356911933,0.009256186008213986,0
8,5,2,2.220446049250313e-16,0.001150543531073689,0.36666666666666664,0.2333333333333333,0.00034925394681838525,9.237885971398354e-06,0.02160517458191994,0.060765985554056476,0.11409224466190312,0.010930283475674778,0
8,5,5,2.220446049250313e-16,0.0020508972057280417,0.5571428571428572,0.46428571428571425,0.00034925394681838525,9.237885971398354e-06,0.02160517458191994,0.060765985554056476,0.11409224466190312,0.010930283475674778,0
8,5,2,1.1102230246251565e-16,0.0002860532221817813,0.16666666666666666,0.33333333333333337,0.000454625858699465,6.211647649490883e-06,0.011479065916407285,0.025455444961851228,0.17816389989138642,0.013840070620582175,0
8,5,5,1.1102230246251565e-16,9.327945243864377e-05,0.5476190476190477,0.4976190476190476,0.000454625858699465,6.211647649490883e-06,0.011479065916407285,0.025455444961851228,0.17816389989138642,0.013840070620582175,0
8,5,2,0.0,0.000943806837531147,0.19999999999999998,0.2222222222222222,0.0003105236579133676,7.532058298283681e-06,0.01723232051308204,0.03983049439319885,0.12940409640098105,0.01133281982672929,0
8,5,5,0.0,0.0023019466076641404,0.46428571428571425,0.4484126984126984,0.0003105236579133676,7.532058298283681e-06,0.01723232051308204,0.03983049439319885,0.12940409640098105,0.01133281982672929,0
8,5,2,2.220446049250313e-16,0.00034825756514456074,0.36666666666666664,0.2333333333333333,0.00035243726333069334,6.2492079897392085e-06,0.03372903335737258,0.07460089032551166,0.09884378441636119,0.008680632895893112,0
8,5,5,2.220446049250313e-16,0.002873131974433951,0.4404761904761904,0.47619047619047616,0.00035243726333069334,6.2492079897392085e-06,0.03372903335737258,0.07460089032551166,0.09884378441636119,0.008680632895893112,0
8,5,2,2.220446049250313e-16,0.0007736880300238669,0.4666666666666666,0.3333333333333333,0.000599511459666742,5.657862815445725e-06,0.017403784331166412,0.028220900708932933,0.17544009724511567,0.012299722114712095,0
8,5,5,2.220446049250313e-16,0.00018111975044665662,0.5,0.6190476190476191,0.000599511459666742,5.657862815445725e-06,0.017403784331166412,0.028220900708932933,0.17544009724511567,0.012299722114712095,0
8,5,2,0.0,0.0020817722729957744,0.19999999999999998,0.5333333333333333,0.000491055190394052,7.397590012907909e-06,0.014402812290691885,0.033406049871250315,0.17276160371305907,0.013396026412697833,0
8,5,5,0.0,0.0030311227024761855,0.6523809523809525,0.4797619047619047,0.000491055190394052,7.397590012907909e-06,0.014402812290691885,0.033406049871250315,0.17276160371305907,0.013396026412697833,0
8,5,2,1.1102230246251565e-16,0.0034754574304858288,0.13333333333333333,0.19999999999999998,0.0006519572009627348,6.695139693490274e-06,0.027364289726512173,0.057271157047766585,0.13360689458172914,0.010154832179513674,1
8,5,5,1.1102230246251565e-16,0.0034100709117084183,0.47619047619047616,0.505952380952381,0.0006519572009627348,6.695139693490274e-06,0.027364289726512173,0.057271157047766585,0.13360689458172914,0.010154832179513674,1
8,5,2,0.0,0.0037353007365306112,0.36666666666666664,0.33333333333333337,0.0003510020105458161,9.04298545268875e-06,0.014539380274424071,0.03991590287880241,0.13748452576092665,0.013572324799845489,1
8,5,5,0.0,0.0047988457419105846,0.5714285714285714,0.6523809523809524,0.0003510020105458161,9.04298545268875e-06,0.014539380274424071,0.03991590287880241,0.13748452576092665,0.013572324799845489,1
8,5,2,0.0,0.004784017669886675,0.26666666666666666,0.26666666666666666,0.00044040644074359354,8.742623697619835e-06,0.013780508620975868,0.034562448385571154,0.17273758286342997,0.015041000686784158,1
8,5,5,0.0,0.00511636693401607,0.46785714285714286,0.4404761904761905,0.00044040644074359354,8.742623697619835e-06,0.013780508620975868,0.034562448385571154,0.17273758286342997,0.015041000686784158,1
8,5,2,0.0,0.0015865080004395793,0.16666666666666666,0.2,0.0005678036748195506,5.889944336242645e-06,0.022121603230267156,0.04710285642346079,0.14758676927147032,0.010491339454849702,1
8,5,5,0.0,0.0001218565982148423,0.4642857142857143,0.4226190476190476,0.0005678036748195506,5.889944336242645e-06,0.022121603230267156,0.04710285642346079,0.14758676927147032,0.010491339454849702,1
8,5,2,1.1102230246251565e-16,0.0030904282943433614,0.16666666666666666,0.2333333333333333,0.0006100777946217152,3.6760844693540248e-06,0.1054264312688266,0.17707371200359243,0.0699914670144171,0.004143029496014994,1
8,5,5,1.1102230246251565e-16,0.0022343981983756755,0.4583333333333333,0.4404761904761904,0.0006100777946217152,3.6760844693540248e-06,0.1054264312688266,0.17707371200359243,0.0699914670144171,0.004143029496014994,1
8,5,2,0.0,4.2087334513496444e-05,0.23333333333333334,0.27777777777777773,0.0006010698701356017,3.3508288173041547e-06,0.06233771836150692,0.12295907689122226,0.09244736352572261,0.004917977683924792,1
8,5,5,0.0,0.0007682648233486855,0.4583333333333333,0.494047619047619,0.0006010698701356017,3.3508288173041547e-06,0.06233771836150692,0.12295907689122226,0.09244736352572261,0.004917977683924792,1
8,5,2,2.220446049250313e-16,0.003855376614791406,0.23333333333333334,0.23333333333333334,0.00036160993137762605,7.093605645009744e-06,0.01885377751334147,0.054716178280540775,0.13141173241061666,0.009979525731411214,1
8,5,5,2.220446049250313e-16,0.004504847609980045,0.5,0.5,0.00036160993137762605,7.093605645009744e-06,0.01885377751334147,0.054716178280540775,0.13141173241061666,0.009979525731411214,1
8,5,2,2.220446049250313e-16,7.93473151088353e-05,0.23333333333333334,0.13333333333333333,0.000463368707839813,3.881625655207632e-06,0.031136697536115074,0.0588422962037164,0.10870709767090814,0.007136616491577334,1
8,5,5,2.220446049250313e-16,0.0016302586931764562,0.48809523809523814,0.3988095238095238,0.000463368707839813,3.881625655207632e-06,0.031136697536115074,0.0588422962037164,0.10870709767090814,0.007136616491577334,1
8,5,2,0.0,0.003989355053093391,0.2333333333333333,0.2666666666666667,0.000343027038180521,6.317460090979427e-06,0.011222501847077952,0.03359432369587081,0.15692166659565687,0.012391581212029096,2
8,5,5,0.0,0.0011639160353541511,0.4404761904761905,0.5214285714285715,0.000343027038180521,6.317460090979427e-06,0.011222501847077952,0.03359432369587081,0.15692166659565687,0.012391581212029096,2
8,5,2,0.0,0.003001415667291507,0.16666666666666666,0.33333333333333337,0.0004219904622925067,6.832289900930514e-06,0.02759382505764072,0.04303738935963415,0.12013952496388006,0.010204839402317296,2
8,5,5,0.0,0.0029823411811094047,0.4642857142857143,0.41071428571428575,0.0004219904622925067,6.832289900930514e-06,0.02759382505764072,0.04303738935963415,0.12013952496388006,0.010204839402317296,2
8,5,2,0.0,0.0024788400257441667,0.16666666666666666,0.13333333333333333,0.0004309120378873144,6.648418146471615e-06,0.0072710185576859675,0.017226349127956078,0.2201386162339726,0.01738432476914847,2
8,5,5,0.0,0.001093824287102585,0.5238095238095238,0.47023809523809523,0.0004309120378873144,6.648418146471615e-06,0.0072710185576859675,0.017226349127956078,0.2201386162339726,0.01738432476914847,2
8,5,2,1.1102230246251565e-16,0.004679096261245075,0.16666666666666666,0.2,0.000508297227319645,6.664336753497832e-06,0.028752534883096557,0.05357527320968272,0.12847996781642532,0.010399030064426417,2
8,5,5,1.1102230246251565e-16,0.003422318420757131,0.47023809523809523,0.4226190476190476,0.000508297227319645,6.664336753497832e-06,0.028752534883096557,0.05357527320968272,0.12847996781642532,0.010399030064426417,2
8,5,2,2.220446049250313e-16,0.0011590668848376895,0.26666666666666666,0.4,0.0003440968732254622,6.154958319974957e-06,0.015337782494221883,0.0429090183465444,0.13684600405043706,0.009883342019765087,2
8,5,5,2.220446049250313e-16,0.0036939223573475566,0.5,0.47023809523809523,0.0003440968732254622,6.154958319974957e-06,0.015337782494221883,0.0429090183465444,0.13684600405043706,0.009883342019765087,2
8,5,2,0.0,0.0022732774991389704,0.33333333333333337,0.27777777777777773,0.0003532684118234432,1.0421902373802773e-05,0.01108321772714747,0.04639334251789641,0.1615475987558301,0.013849551839714895,2
8,5,5,0.0,0.00018442618461045335,0.5333333333333333,0.8333333333333334,0.0003532684118234432,1.0421902373802773e-05,0.01108321772714747,0.04639334251789641,0.1615475987558301,0.013849551839714895,2
8,5,2,2.220446049250313e-16,0.0017509929304905247,0.16666666666666666,0.16666666666666666,0.0002115950175317068,7.82438996762041e-06,0.016655683230483113,0.06825566253715012,0.10168589708225446,0.009957812953822715,2
8,5,5,2.220446049250313e-16,0.005495335750393959,0.4226190476190476,0.48809523809523814,0.0002115950175317068,7.82438996762041e-06,0.016655683230483113,0.06825566253715012,0.10168589708225446,0.009957812953822715,2
8,5,2,0.0,0.000682258168933414,0.5,0.3666666666666667,0.00033734745799698305,8.063811167257683e-06,0.014327910552160449,0.04614795781616418,0.13944199432707108,0.011480406149554456,2
8,5,5,0.0,0.00045499503818979825,0.4345238095238095,0.6285714285714286,0.00033734745799698305,8.063811167257683e-06,0.014327910552160449,0.04614795781616418,0.13944199432707108,0.011480406149554456,2
8,5,2,2.220446049250313e-16,0.00013038969076051288,0.4,0.3333333333333333,0.00034497598380820425,8.728963227303147e-06,0.018700096947340518,0.06217179752184976,0.12508986823754972,0.01053563637545494,3
8,5,5,2.220446049250313e-16,8.768122217261975e-05,0.6285714285714287,0.5392857142857144,0.00034497598380820425,8.728963227303147e-06,0.018700096947340518,0.06217179752184976,0.12508986823754972,0.01053563637545494,3
8,5,2,2.220446049250313e-16,0.0010336185913146778,0.26666666666666666,0.2,0.0003528010573593238,6.236120424190132e-06,0.055129835974101954,0.15455911217365795,0.0748497213274891,0.005924688855653041,3
8,5,5,2.220446049250313e-16,0.0016598947360126903,0.4583333333333333,0.4107142857142857,0.0003528010573593238,6.236120424190132e-06,0.055129835974101954,0.15455911217365795,0.0748497213274891,0.005924688855653041,3
8,5,2,0.0,0.0013368872892769446,0.3,0.2666666666666667,0.0002555518578080239,6.341584319735029e-06,0.0134589721812768,0.04345856739960346,0.12493639094648755,0.010960196160004055,3
8,5,5,0.0,0.001167502955660149,0.5214285714285715,0.4976190476190476,0.0002555518578080239,6.341584319735029e-06,0.0134589721812768,0.04345856739960346,0.12493639094648755,0.010960196160004055,3
8,5,2,0.0,0.006157283980574135,0.16666666666666666,0.4,0.0004758298747052193,5.548351290344207e-06,0.045017156506430414,0.06989803212992854,0.09769283383400652,0.007972363957652748,3
8,5,5,0.0,0.0017027916546437094,0.41666666666666663,0.580952380952381,0.0004758298747052193,5.548351290344207e-06,0.045017156506430414,0.06989803212992854,0.09769283383400652,0.007972363957652748,3
8,5,2,0.0,0.0034551751550468968,0.4,0.23333333333333334,0.0002368148876697474,6.14672824930203e-06,0.011285986271442356,0.04387028778938093,0.13483737832908785,0.011068352835974727,3
8,5,5,0.0,0.001109727184511966,0.5571428571428572,0.7,0.0002368148876697474,6.14672824930203e-06,0.011285986271442356,0.04387028778938093,0.13483737832908785,0.011068352835974727,3
8,5,2,0.0,0.004506871228582732,0.26666666666666666,0.13333333333333333,0.0004496666288955914,6.519232377121736e-06,0.031028477515687908,0.09941439746595845,0.11460254167739992,0.007757227137730984,3
8,5,5,0.0,0.0039020133186882244,0.4738095238095238,0.46428571428571425,0.0004496666288955914,6.519232377121736e-06,0.031028477515687908,0.09941439746595845,0.11460254167739992,0.007757227137730984,3
8,5,2,0.0,6.546267290130636e-05,0.26666666666666666,0.13333333333333333,0.00030129542130812373,4.831880016596645e-06,0.041782637249065786,0.1077480737539761,0.0785117600517728,0.0064936653397624205,3
8,5,5,0.0,0.002574439534934747,0.5809523809523809,0.47023809523809523,0.00030129542130812373,4.831880016596645e-06,0.041782637249065786,0.1077480737539761,0.0785117600517728,0.0064936653397624205,3
8,5,2,0.0,0.0017691390744316582,0.4,0.4666666666666666,0.00035004853409722266,8.511906079237973e-06,0.04141248267120562,0.0780238028506001,0.08437576118102338,0.009662777349364231,3
8,5,5,0.0,0.003993395458868232,0.6047619047619048,0.5333333333333334,0.00035004853409722266,8.511906079237973e-06,0.04141248267120562,0.0780238028506001,0.08437576118102338,0.009662777349364231,3
8,5,2,0.0,0.0031546258942241057,0.3,0.26666666666666666,0.00042547498075563123,8.101426888115644e-06,0.043296989163071856,0.09044675206938307,0.09194418538995265,0.008635262042687832,4
8,5,5,0.0,0.0002616169459654927,0.4404761904761904,0.5333333333333334,0.00042547498075563123,8.101426888115644e-06,0.043296989163071856,0.09044675206938307,0.09194418538995265,0.008635262042687832,4
8,5,2,2.220446049250313e-16,0.004159777454432412,0.2333333333333333,0.23333333333333334,0.0003457421634297595,7.209988857908267e-06,0.014110369972868663,0.03412013081468022,0.13394498613625622,0.011626712376605125,4
8,5,5,2.220446049250313e-16,0.008831135764919784,0.4345238095238095,0.4642857142857143,0.0003457421634297595,7.209988857908267e-06,0.014110369972868663,0.03412013081468022,0.13394498613625622,0.011626712376605125,4
8,5,2,2.220446049250313e-16,0.0016010117587699213,0.2666666666666667,0.23333333333333334,0.00033209798305585975,9.731485434362597e-06,0.01510658106078361,0.03883933915396222,0.13368541128927922,0.013597051479940215,4
8,5,5,2.220446049250313e-16,0.00498188971147584,0.4404761904761904,0.5297619047619048,0.00033209798305585975,9.731485434362597e-06,0.01510658106078361,0.03883933915396222,0.13368541128927922,0.013597051479940215,4
8,5,2,1.1102230246251565e-16,0.0004652492968015842,0.2333333333333333,0.26666666666666666,0.0004941037972683862,7.232494474313684e-06,0.03107966009124496,0.0799519370750937,0.11126217682988017,0.00863801854920565,4
8,5,5,1.1102230246251565e-16,0.004028263634941576,0.48809523809523814,0.41666666666666663,0.0004941037972683862,7.232494474313684e-06,0.03107966009124496,0.0799519370750937,0.11126217682988017,0.00863801854920565,4
8,5,2,0.0,0.00033695487906171273,0.13333333333333333,0.16666666666666666,0.00045516103357884813,7.213500105592205e-06,0.014909933322502594,0.03380990876304635,0.15947021537940592,0.012790062886519234,4
8,5,5,0.0,0.0014781745579071082,0.47976190476190483,0.5952380952380952,0.00045516103357884813,7.213500105592205e-06,0.014909933322502594,0.03380990876304635,0.15947021537940592,0.012790062886519234,4
8,5,2,0.0,0.0008142682649316946,0.26666666666666666,0.2333333333333333,0.0004503774864406947,7.774615235794595e-06,0.01121584957193254,0.03164818032850657,0.1635039141996634,0.014421355346200478,4
8,5,5,0.0,0.00032614766880323387,0.5476190476190477,0.6761904761904762,0.0004503774864406947,7.774615235794595e-06,0.01121584957193254,0.03164818032850657,0.1635039141996634,0.014421355346200478,4
8,5,2,2.220446049250313e-16,0.0006457850531470521,0.19999999999999998,0.3,0.0005296052039913121,6.28357897417896e-06,0.01877510724652855,0.03652797220942043,0.15782532810146882,0.011892882374472731,4
8,5,5,2.220446049250313e-16,0.0028574544162747184,0.4619047619047619,0.5297619047619049,0.0005296052039913121,6.28357897417896e-06,0.01877510724652855,0.03652797220942043,0.15782532810146882,0.011892882374472731,4
8,5,2,0.0,0.0004453791806859897,0.33333333333333337,0.23333333333333334,0.00026746561650964676,8.63001938212557e-06,0.01236555637037616,0.04111383748888228,0.12752732995906016,0.01328870461470642,4
8,5,5,0.0,0.003001557754179318,0.5238095238095238,0.5952380952380952,0.00026746561650964676,8.63001938212557e-06,0.01236555637037616,0.04111383748888228,0.12752732995906016,0.01328870461470642,4
8,5,2,0.0,0.00215793736420844,0.2666666666666667,0.33333333333333337,0.0008392666604784285,8.41811591370654e-06,0.014500059761239241,0.03435363959319408,0.22909663434480862,0.013021144779824403,5
8,5,5,0.0,0.0004333162053049566,0.5238095238095238,0.5214285714285715,0.0008392666604784285,8.41811591370654e-06,0.014500059761239241,0.03435363959319408,0.22909663434480862,0.013021144779824403,5
8,5,2,0.0,0.0037503374253988753,0.3,0.5999999999999999,0.00034595376809537585,1.0537357768823952e-05,0.005916971678012211,0.015560884165739183,0.21698086373635117,0.019164731899112043,5
8,5,5,0.0,0.0014651084798003033,0.5238095238095238,0.6047619047619048,0.00034595376809537585,1.0537357768823952e-05,0.005916971678012211,0.015560884165739183,0.21698086373635117,0.019164731899112043,5
8,5,2,1.1102230246251565e-16,0.003927580561510879,0.4,0.3333333333333333,0.0005082385565910004,8.382547485879959e-06,0.0077088769959098,0.018285244855217438,0.2264397848276182,0.01881774330973592,5
8,5,5,1.1102230246251565e-16,0.001039405457275988,0.6761904761904762,0.5714285714285714,0.0005082385565910004,8.382547485879959e-06,0.0077088769959098,0.018285244855217438,0.2264397848276182,0.01881774330973592,5
8,5,2,0.0,0.0010724058004230042,0.4,0.3333333333333333,0.000351852518431229,6.511574779780068e-06,0.012287455528285439,0.03396805270022647,0.15855946005517654,0.011580246351293818,5
8,5,5,0.0,0.0009732147967671523,0.6523809523809525,0.6428571428571427,0.000351852518431229,6.511574779780068e-06,0.012287455528285439,0.03396805270022647,0.15855946005517654,0.011580246351293818,5
8,5,2,1.1102230246251565e-16,0.005111537417286982,0.26666666666666666,0.19999999999999998,0.0004320743015528592,1.0287533850381529e-05,0.008625460225353007,0.027112567393389776,0.19472959682244947,0.018045078652435143,5
8,5,5,1.1102230246251565e-16,0.001707842587270969,0.5714285714285714,0.5,0.0004320743015528592,1.0287533850381529e-05,0.008625460225353007,0.027112567393389776,0.19472959682244947,0.018045078652435143,5
8,5,2,0.0,0.003188462032266748,0.3666666666666667,0.26666666666666666,0.0005234899795134014,9.754881635566408e-06,0.021817646354880305,0.05658848418181051,0.15133314008381976,0.012302533966266523,5
8,5,5,0.0,0.00567720516272352,0.5059523809523809,0.3928571428571428,0.0005234899795134014,9.754881635566408e-06,0.021817646354880305,0.05658848418181051,0.15133314008381976,0.012302533966266523,5
8,5,2,1.1102230246251565e-16,0.009867585021108072,0.16666666666666666,0.4333333333333333,0.0005492246171436884,1.1296443191255628e-05,0.013208427421838753,0.03986608237967535,0.18830924078348568,0.014428113602548127,5
8,5,5,1.1102230246251565e-16,0.010838489366841841,0.5154761904761905,0.4821428571428571,0.0005492246171436884,1.1296443191255628e-05,0.013208427421838753,0.03986608237967535,0.18830924078348568,0.014428113602548127,5
8,5,2,2.220446049250313e-16,7.409706068606248e-05,0.2333333333333333,0.19999999999999998,0.0006693276262126646,7.562754814795219e-06,0.015705253131909045,0.028370405912497954,0.1952761507269287,0.01295651496218327,5
8,5,5,2.220446049250313e-16,0.004820082313204077,0.4345238095238095,0.5630952380952381,0.0006693276262126646,7.562754814795219e-06,0.015705253131909045,0.028370405912497954,0.1952761507269287,0.01295651496218327,5
8,5,2,2.220446049250313e-16,0.0012159976373518067,0.16666666666666666,0.05555555555555555,0.0003706713047852678,6.960221642883312e-06,0.012941912434655516,0.03138141558457162,0.1630310517260587,0.013461511337674044,6
8,5,5,2.220446049250313e-16,0.0026207360228041043,0.5511904761904762,0.4880952380952381,0.0003706713047852678,6.960221642883312e-06,0.012941912434655516,0.03138141558457162,0.1630310517260587,0.013461511337674044,6
8,5,2,0.0,0.0010511624395841412,0.26666666666666666,0.5,0.0003521239184013466,7.561758246624245e-06,0.013400388826131506,0.0315238515922501,0.14757910600657187,0.012810417944370957,6
8,5,5,0.0,0.003849398283446548,0.4404761904761904,0.5634920634920634,0.0003521239184013466,7.561758246624245e-06,0.013400388826131506,0.0315238515922501,0.14757910600657187,0.012810417944370957,6
8,5,2,0.0,0.0020302505127782755,0.16666666666666666,0.2333333333333333,0.0004741010896370789,6.20820900539951e-06,0.033639163982483275,0.08670378173927426,0.11453163191607206,0.00811852620088559,6
8,5,5,0.0,0.003907124840106357,0.4821428571428571,0.5547619047619048,0.0004741010896370789,6.20820900539951e-06,0.033639163982483275,0.08670378173927426,0.11453163191607206,0.00811852620088559,6
8,5,2,0.0,0.0006572761267206184,0.4666666666666666,0.5333333333333332,0.00031187650979487634,1.0535354038985908e-05,0.011354007207792761,0.03667885821585912,0.15205497025595502,0.01391675625994398,6
8,5,5,0.0,0.0005014195350584449,0.46428571428571425,0.6523809523809525,0.00031187650979487634,1.0535354038985908e-05,0.011354007207792761,0.03667885821585912,0.15205497025595502,0.01391675625994398,6
8,5,2,0.0,0.0054507481638677024,0.16666666666666666,0.27777777777777773,0.00040043476712908136,6.634929862313387e-06,0.011012153502381938,0.0325175650456046,0.18076948128516435,0.013566238784211716,6
8,5,5,0.0,0.003445529035004058,0.5333333333333334,0.5178571428571428,0.00040043476712908136,6.634929862313387e-06,0.011012153502381938,0.0325175650456046,0.18076948128516435,0.013566238784211716,6
8,5,2,0.0,0.001039425871663835,0.16666666666666666,0.26666666666666666,0.0003880757932118317,6.1250347624425064e-06,0.008785028521741853,0.024597135068023596,0.19504682155007944,0.0141760782559665,6
8,5,5,0.0,0.00041784779999520794,0.580952380952381,0.4583333333333333,0.0003880757932118317,6.1250347624425064e-06,0.008785028521741853,0.024597135068023596,0.19504682155007944,0.0141760782559665,6
8,5,2,0.0,0.0017502685780257377,0.13333333333333333,0.4666666666666666,0.00034615971745981613,5.132099785737474e-06,0.018209495726097674,0.03354255341235403,0.1259248103858024,0.010786132059068207,6
8,5,5,0.0,0.00017642837684128665,0.44642857142857134,0.48809523809523814,0.00034615971745981613,5.132099785737474e-06,0.018209495726097674,0.03354255341235403,0.1259248103858024,0.010786132059068207,6
8,5,2,0.0,0.0016120449877639054,0.4,0.7333333333333333,0.00048510315854845856,8.413468106193877e-06,0.01995415776328741,0.035335015336410605,0.1492100564699661,0.013082804029418476,6
8,5,5,0.0,0.000547918419993465,0.4821428571428571,0.5059523809523809,0.00048510315854845856,8.413468106193877e-06,0.01995415776328741,0.035335015336410605,0.1492100564699661,0.013082804029418476,6
8,5,2,2.220446049250313e-16,0.0008756263079785498,0.16666666666666666,0.23333333333333334,0.0005150756610885034,6.025270012922806e-06,0.042419399137829605,0.10181995943586195,0.10100903331384488,0.007319999036239461,7
8,5,5,2.220446049250313e-16,0.00024399561491339483,0.4642857142857143,0.5714285714285714,0.0005150756610885034,6.025270012922806e-06,0.042419399137829605,0.10181995943586195,0.10100903331384488,0.007319999036239461,7
8,5,2,0.0,0.004034858089363436,0.16666666666666666,0.2666666666666667,0.0003315961666688497,5.9495048237715816e-06,0.022792075695823547,0.04360873184890901,0.10697122929508372,0.010103478180142235,7
8,5,5,0.0,0.0038049898672378735,0.4404761904761904,0.6523809523809524,0.0003315961666688497,5.9495048237715816e-06,0.022792075695823547,0.04360873184890901,0.10697122929508372,0.010103478180142235,7
8,5,2,0.0,0.0014130816235141674,0.3666666666666667,0.2333333333333333,0.00042092525567692587,6.6993233052536285e-06,0.026801082626296296,0.06233011417225456,0.11493805223141361,0.009493836420256033,7
8,5,5,0.0,0.013674877213230241,0.5714285714285714,0.5428571428571429,0.00042092525567692587,6.6993233052536285e-06,0.026801082626296296,0.06233011417225456,0.11493805223141361,0.009493836420256033,7
8,5,2,0.0,0.002626256621424794,0.13333333333333333,0.19999999999999998,0.0004441156896894178,4.722103539782944e-06,0.04446764192889692,0.06377100996155444,0.09482810786452342,0.007540414205005286,7
8,5,5,0.0,0.00296532178479203,0.44642857142857145,0.4821428571428571,0.0004441156896894178,4.722103539782944e-06,0.04446764192889692,0.06377100996155444,0.09482810786452342,0.007540414205005286,7
8,5,2,1.1102230246251565e-16,0.0020752252765525725,0.16666666666666666,0.13333333333333333,0.0003214586049155754,4.575476456615709e-06,0.03202701263342202,0.0631665940114442,0.09360565608422748,0.007244055009416855,7
8,5,5,1.1102230246251565e-16,0.000620057478362801,0.46428571428571425,0.4821428571428571,0.0003214586049155754,4.575476456615709e-06,0.03202701263342202,0.0631665940114442,0.09360565608422748,0.007244055009416855,7
8,5,2,2.220446049250313e-16,0.004755738887545213,0.16666666666666666,0.16666666666666666,0.00021403074552354037,7.6276401899162224e-06,0.011237173891332365,0.04834344535147003,0.1262292193154069,0.011373763399598637,7
8,5,5,2.220446049250313e-16,0.0026834802000124114,0.5,0.5238095238095238,0.00021403074552354037,7.6276401899162224e-06,0.011237173891332365,0.04834344535147003,0.1262292193154069,0.011373763399598637,7
8,5,2,0.0,2.063297050014512e-05,0.4,0.4444444444444444,0.00034344588709254715,3.4959573950732114e-06,0.08537834539367374,0.12302608608019636,0.06114111060798739,0.0050080694844370135,7
8,5,5,0.0,0.0011637871944308875,0.4583333333333333,0.4484126984126984,0.00034344588709254715,3.4959573950732114e-06,0.08537834539367374,0.12302608608019636,0.06114111060798739,0.0050080694844370135,7
8,5,2,0.0,0.00047633822803549997,0.16666666666666666,0.2,0.0003518344251220804,3.982972522046392e-06,0.03781090045418227,0.06316475419068447,0.09108792899387773,0.006857155956595574,7
8,5,5,0.0,0.0010871835932508844,0.4976190476190476,0.4107142857142857,0.0003518344251220804,3.982972522046392e-06,0.03781090045418227,0.06316475419068447,0.09108792899387773,0.006857155956595574,7
8,5,2,0.0,0.0030330029506733247,0.23333333333333334,0.2333333333333333,0.00030005738444931836,8.616640601452484e-06,0.020160443500435464,0.05716386095575142,0.11115115447793328,0.01085016473446814,8
8,5,5,0.0,0.0030165677812892255,0.5154761904761905,0.5297619047619049,0.00030005738444931836,8.616640601452484e-06,0.020160443500435464,0.05716386095575142,0.11115115447793328,0.01085016473446814,8
8,5,2,0.0,0.004462014625402411,0.19999999999999998,0.4444444444444444,0.0006034175078769746,6.399443656114219e-06,0.07070543402331889,0.08768073865492416,0.07874327994273227,0.007351526889626287,8
8,5,5,0.0,0.0032847594189140406,0.5571428571428572,0.5079365079365078,0.0006034175078769746,6.399443656114219e-06,0.07070543402331889,0.08768073865492416,0.07874327994273227,0.007351526889626287,8
8,5,2,0.0,0.0008855661105626744,0.26666666666666666,0.3,0.00048006025878416736,6.524854326079841e-06,0.037589081448599626,0.06515367078230827,0.10320011064683506,0.008026966485723522,8
8,5,5,0.0,0.0011684948584103072,0.6047619047619047,0.4404761904761904,0.00048006025878416736,6.524854326079841e-06,0.037589081448599626,0.06515367078230827,0.10320011064683506,0.008026966485723522,8
8,5,2,1.1102230246251565e-16,0.0009442668812720267,0.16666666666666666,0.4,0.000408793257042277,5.616348789677648e-06,0.013412870661549585,0.02757985880896159,0.1626046487140984,0.012887328292291982,8
8,5,5,1.1102230246251565e-16,0.00488052515702897,0.4404761904761904,0.5333333333333334,0.000408793257042277,5.616348789677648e-06,0.013412870661549585,0.02757985880896159,0.1626046487140984,0.012887328292291982,8
8,5,2,1.1102230246251565e-16,0.00010069708776372366,0.4,0.3666666666666667,0.00038331489299141264,9.657008783013939e-06,0.025332404832988396,0.0710525229167933,0.11288386207287668,0.010914886276362962,8
8,5,5,1.1102230246251565e-16,0.0022141913743889408,0.6857142857142857,0.6761904761904762,0.00038331489299141264,9.657008783013939e-06,0.025332404832988396,0.0710525229167933,0.11288386207287668,0.010914886276362962,8
8,5,2,0.0,0.0008175631182467669,0.33333333333333337,0.1111111111111111,0.0002742930945452291,9.208443589652219e-06,0.01438535253680769,0.049636251674147494,0.1291844525257545,0.011595510112484086,8
8,5,5,0.0,0.0023394735371942144,0.6047619047619047,0.5079365079365078,0.0002742930945452291,9.208443589652219e-06,0.01438535253680769,0.049636251674147494,0.1291844525257545,0.011595510112484086,8
8,5,2,0.0,0.0032446964978636306,0.26666666666666666,0.19999999999999998,0.00047090717334544445,4.722558219309915e-06,0.07299213426082975,0.1388043103708206,0.07369572608839146,0.005326640145775023,8
8,5,5,0.0,0.0015846405385213647,0.6523809523809524,0.48571428571428577,0.00047090717334544445,4.722558219309915e-06,0.07299213426082975,0.1388043103708206,0.07369572608839146,0.005326640145775023,8
8,5,2,0.0,0.0008500608381007968,0.3666666666666667,0.3,0.00031316375883394065,8.593470519306848e-06,0.024019286344336106,0.06424848265475555,0.10419733572987315,0.010033096086720693,8
8,5,5,0.0,0.00031540654569006676,0.6238095238095239,0.488095238095238,0.00031316375883394065,8.593470519306848e-06,0.024019286344336106,0.06424848265475555,0.10419733572987315,0.010033096086720693,8
8,5,2,0.0,0.00034674159639713764,0.33333333333333337,0.2222222222222222,0.00041087058064108597,7.564112349386385e-06,0.00655947884072763,0.022876590955474688,0.23269434812126136,0.014777242862857972,9
8,5,5,0.0,0.0002093621411149993,0.5214285714285715,0.5238095238095237,0.00041087058064108597,7.564112349386385e-06,0.00655947884072763,0.022876590955474688,0.23269434812126136,0.014777242862857972,9
8,5,2,2.220446049250313e-16,0.003002131467655378,0.4666666666666666,0.2333333333333333,0.00040782699313824907,6.417959767405951e-06,0.030876686662651864,0.06822009740527887,0.10764723441390284,0.009150380924589677,9
8,5,5,2.220446049250313e-16,0.0009205707547241815,0.5714285714285714,0.5297619047619048,0.00040782699313824907,6.417959767405951e-06,0.030876686662651864,0.06822009740527887,0.10764723441390284,0.009150380924589677,9
8,5,2,2.220446049250313e-16,0.001681295547861561,0.2666666666666667,0.4666666666666666,0.0005134973573522828,9.78595596501421e-06,0.011016696350589576,0.03439542997215682,0.19738721718114988,0.015483753439666719,9
8,5,5,2.220446049250313e-16,0.0007241606110037768,0.580952380952381,0.580952380952381,0.0005134973573522828,9.78595596501421e-06,0.011016696350589576,0.03439542997215682,0.19738721718114988,0.015483753439666719,9
8,5,2,2.220446049250313e-16,0.0008546699009575054,0.33333333333333337,0.26666666666666666,0.00037231319670363546,8.404525830182346e-06,0.019909202473792287,0.04315707046540665,0.13231641985779405,0.0127489362766413,9
8,5,5,2.220446049250313e-16,0.0032969974864780482,0.4226190476190476,0.40476190476190477,0.00037231319670363546,8.404525830182346e-06,0.019909202473792287,0.04315707046540665,0.13231641985779405,0.0127489362766413,9
8,5,2,0.0,5.7392692903945886e-05,0.3333333333333333,0.16666666666666666,0.0003461490186706153,6.606012398367705e-06,0.023521777497310423,0.05342583027821881,0.11246483852138271,0.009966623790990977,9
8,5,5,0.0,0.006610032154428125,0.6047619047619048,0.4821428571428571,0.0003461490186706153,6.606012398367705e-06,0.023521777497310423,0.05342583027821881,0.11246483852138271,0.009966623790990977,9
8,5,2,2.220446049250313e-16,0.00026081671990008104,0.5333333333333333,0.4666666666666666,0.0004930534957187239,1.2217587489834045e-05,0.03783434253561415,0.09655701523089708,0.10784774209460277,0.010494261571463092,9
8,5,5,2.220446049250313e-16,3.1809527455184394e-05,0.7333333333333334,0.5095238095238095,0.0004930534957187239,1.2217587489834045e-05,0.03783434253561415,0.09655701523089708,0.10784774209460277,0.010494261571463092,9
8,5,2,2.220446049250313e-16,0.001134159643642385,0.16666666666666666,0.19999999999999998,0.0003266920978830601,4.9171934838494354e-06,0.014201854694282047,0.04135844717723378,0.14221068752007385,0.009955611434821243,9
8,5,5,2.220446049250313e-16,0.0010722072174709218,0.4642857142857143,0.5630952380952381,0.0003266920978830601,4.9171934838494354e-06,0.014201854694282047,0.04135844717723378,0.14221068752007385,0.009955611434821243,9
8,5,2,2.220446049250313e-16,5.2462073359405004e-05,0.2,0.13333333333333333,0.00028182621033818176,6.6052310091668215e-06,0.02721151459299622,0.08428197464442766,0.09034271551445615,0.00805807911045071,9
8,5,5,2.220446049250313e-16,0.0012568674105580824,0.4821428571428571,0.4797619047619047,0.00028182621033818176,6.6052310091668215e-06,0.02721151459299622,0.08428197464442766,0.09034271551445615,0.00805807911045071,9
8,5,2,0.0,0.0006301802010626467,0.16666666666666666,0.19999999999999998,0.0003745115963748927,8.705248073923114e-06,0.015293698221716844,0.036241278796299806,0.14070179499693386,0.014014875790273608,10
8,5,5,0.0,0.011589257109210882,0.5476190476190477,0.5059523809523809,0.0003745115963748927,8.705248073923114e-06,0.015293698221716844,0.036241278796299806,0.14070179499693386,0.014014875790273608,10
8,5,2,2.220446049250313e-16,0.000812119698113678,0.26666666666666666,0.26666666666666666,0.0006808501066874853,4.183073629034334e-06,0.04960413866002696,0.06269357734196057,0.1063209960797428,0.0073559089901449855,10
8,5,5,2.220446049250313e-16,0.00248876341735782,0.47619047619047616,0.6047619047619048,0.0006808501066874853,4.183073629034334e-06,0.04960413866002696,0.06269357734196057,0.1063209960797428,0.0073559089901449855,10
8,5,2,0.0,0.001211936523860202,0.19999999999999998,0.16666666666666666,0.0003940622905322335,8.74905622079199e-06,0.014483106760478728,0.04573516404431468,0.14050646638222755,0.01240908521068986,10
8,5,5,0.0,0.007335819637932617,0.5059523809523809,0.5297619047619048,0.0003940622905322335,8.74905622079199e-06,0.014483106760478728,0.04573516404431468,0.14050646638222755,0.01240908521068986,10
8,5,2,0.0,0.0011401813728337817,0.4,0.13333333333333333,0.00046404532879736656,8.169405516903744e-06,0.021225749712469773,0.05706664542744305,0.1341769202555258,0.011117451319554576,10
8,5,5,0.0,0.0010276319073745377,0.5571428571428572,0.48809523809523814,0.00046404532879736656,8.169405516903744e-06,0.021225749712469773,0.05706664542744305,0.1341769202555258,0.011117451319554576,10
8,5,2,0.0,0.0016645005486362052,0.19999999999999998,0.5333333333333332,0.00066976321147217,5.189422923355332e-06,0.025734293707403412,0.05226344435246293,0.14488492408280565,0.00903597057444318,10
8,5,5,0.0,0.00234860182522989,0.4583333333333333,0.5869047619047619,0.00066976321147217,5.189422923355332e-06,0.025734293707403412,0.05226344435246293,0.14488492408280565,0.00903597057444318,10
8,5,2,0.0,2.3623369920677817e-05,0.13333333333333333,0.5333333333333332,0.00039471250750415575,5.091564612580315e-06,0.04003623277458304,0.0710752572879097,0.09598754761854626,0.007710080968089684,10
8,5,5,0.0,0.0020881936680527957,0.5214285714285715,0.488095238095238,0.00039471250750415575,5.091564612580315e-06,0.04003623277458304,0.0710752572879097,0.09598754761854626,0.007710080968089684,10
8,5,2,0.0,0.0002787568208862945,0.23333333333333334,0.4999999999999999,0.0005863078749914988,6.994199326357343e-06,0.03163598740897596,0.05770266101481772,0.1250260855019795,0.009298372676355133,10
8,5,5,0.0,0.00045703913122940865,0.5571428571428572,0.7666666666666667,0.0005863078749914988,6.994199326357343e-06,0.03163598740897596,0.05770266101481772,0.1250260855019795,0.009298372676355133,10
8,5,2,0.0,0.0012722153848975237,0.16666666666666666,0.16666666666666666,0.00039700972477502936,7.167718081325702e-06,0.02399134878814984,0.05659858234372349,0.11897738791075708,0.010752765103587945,10
8,5,5,0.0,0.0016060439074899735,0.5238095238095238,0.4738095238095238,0.00039700972477502936,7.167718081325702e-06,0.02399134878814984,0.05659858234372349,0.11897738791075708,0.010752765103587945,10
8,5,2,0.0,0.0003745731375888184,0.26666666666666666,0.4333333333333334,0.0012399264203544337,1.567661383580953e-05,0.013352348773633177,0.03780141011576228,0.256486792482978,0.01767913873371133,11
8,5,5,0.0,0.0003714935532310726,0.7428571428571429,0.5809523809523809,0.0012399264203544337,1.567661383580953e-05,0.013352348773633177,0.03780141011576228,0.256486792482978,0.01767913873371133,11
8,5,2,1.1102230246251565e-16,0.00017071319914574445,0.33333333333333337,0.3666666666666667,0.0006069487667715876,1.3030748609515244e-05,0.0081644031697034,0.024261078444246447,0.23189892493569042,0.01860360358148613,11
8,5,5,1.1102230246251565e-16,0.0002500582563036424,0.6047619047619047,0.6857142857142857,0.0006069487667715876,1.3030748609515244e-05,0.0081644031697034,0.024261078444246447,0.23189892493569042,0.01860360358148613,11
8,5,2,2.220446049250313e-16,0.00047778871952808277,0.19999999999999998,0.5333333333333333,0.000493273009783377,2.0824992987244245e-05,0.007309366424533039,0.027068184307961488,0.2359887134327215,0.021603425640664767,11
8,5,5,2.220446049250313e-16,0.0018944650956568276,0.6190476190476191,0.6523809523809524,0.000493273009783377,2.0824992987244245e-05,0.007309366424533039,0.027068184307961488,0.2359887134327215,0.021603425640664767,11
8,5,2,2.220446049250313e-16,0.002510556296030142,0.13333333333333333,0.13333333333333333,0.0008069550322891971,1.0898827706666308e-05,0.023308507426686928,0.050850235139042514,0.1790341773560939,0.01408818996249241,11
8,5,5,2.220446049250313e-16,0.0051588957929491475,0.5476190476190477,0.5297619047619049,0.0008069550322891971,1.0898827706666308e-05,0.023308507426686928,0.050850235139042514,0.1790341773560939,0.01408818996249241,11
8,5,2,0.0,0.002309993690775558,0.1,0.3,0.0015426301967963437,1.179302054482012e-05,0.04975360977049542,0.07926197834823476,0.1662783374350282,0.011721773455568506,11
8,5,5,0.0,0.0026826456178652425,0.5476190476190477,0.5476190476190477,0.0015426301967963437,1.179302054482012e-05,0.04975360977049542,0.07926197834823476,0.1662783374350282,0.011721773455568506,11
8,5,2,1.1102230246251565e-16,0.00023403229161167438,0.19999999999999998,0.2666666666666667,0.0009246759388041488,1.4941686832281057e-05,0.0235171501614063,0.054854291077831484,0.18596668652235815,0.014578081163226656,11
8,5,5,1.1102230246251565e-16,0.0025195894992586787,0.5095238095238095,0.4583333333333333,0.0009246759388041488,1.4941686832281057e-05,0.0235171501614063,0.054854291077831484,0.18596668652235815,0.014578081163226656,11
8,5,2,2.220446049250313e-16,0.00021883793856458666,0.16666666666666666,0.7333333333333333,0.0006549821525119101,1.3461124255433344e-05,0.02814620350328749,0.06101068514204213,0.1499284125588875,0.01349328172943507,11
8,5,5,2.220446049250313e-16,0.002508620605406353,0.488095238095238,0.5809523809523809,0.0006549821525119101,1.3461124255433344e-05,0.02814620350328749,0.06101068514204213,0.1499284125588875,0.01349328172943507,11
8,5,2,0.0,0.0005776062585279851,0.33333333333333337,0.7333333333333333,0.000805554146750745,1.5227299196468135e-05,0.01312388047601249,0.029321895716186742,0.220630650730754,0.017878389785073903,11
8,5,5,0.0,0.0016559531628496105,0.6047619047619048,0.6523809523809524,0.000805554146750745,1.5227299196468135e-05,0.01312388047601249,0.029321895716186742,0.220630650730754,0.017878389785073903,11
8,5,2,0.0,8.29359275780206e-05,0.23333333333333334,0.3,0.00036148363531719567,6.454929189766953e-06,0.006651147430661112,0.01815451013537594,0.19415770219174058,0.016227701040570804,12
8,5,5,0.0,0.0021150988088467493,0.488095238095238,0.6285714285714287,0.00036148363531719567,6.454929189766953e-06,0.006651147430661112,0.01815451013537594,0.19415770219174058,0.016227701040570804,12
8,5,2,0.0,0.0009246277864563002,0.26666666666666666,0.4,0.0005384281352941805,6.201730351747012e-06,0.014524564351040943,0.02310568241205345,0.17343076297543478,0.013315434915438669,12
8,5,5,0.0,0.0037025776541927957,0.5476190476190477,0.46428571428571425,0.0005384281352941805,6.201730351747012e-06,0.014524564351040943,0.02310568241205345,0.17343076297543478,0.013315434915438669,12
8,5,2,0.0,0.0003818076558157468,0.19999999999999998,0.3666666666666667,0.0003397129713800201,4.857055736750059e-06,0.028115303458140745,0.0647436065004738,0.1040093836651437,0.007816710945351956,12
8,5,5,0.0,0.0021216374376922253,0.5476190476190477,0.6047619047619048,0.0003397129713800201,4.857055736750059e-06,0.028115303458140745,0.0647436065004738,0.1040093836651437,0.007816710945351956,12
8,5,2,1.1102230246251565e-16,0.0018406379233519843,0.33333333333333337,0.5333333333333333,0.00036591200355838994,9.494946442610435e-06,0.005719233807642502,0.017561031741300803,0.21701784943476563,0.021164541911077632,12
8,5,5,1.1102230246251565e-16,0.0008207077265449669,0.5476190476190477,0.6047619047619047,0.00036591200355838994,9.494946442610435e-06,0.005719233807642502,0.017561031741300803,0.21701784943476563,0.021164541911077632,12
8,5,2,2.220446049250313e-16,0.0003224486006037086,0.26666666666666666,0.5333333333333333,0.0006751385076592554,8.4816097336249e-06,0.01565812616638749,0.007558354784836467,0.1874378231985686,0.021893396854257688,12
8,5,5,2.220446049250313e-16,0.003254301069628651,0.4821428571428571,0.6523809523809524,0.0006751385076592554,8.4816097336249e-06,0.01565812616638749,0.007558354784836467,0.1874378231985686,0.021893396854257688,12
8,5,2,0.0,0.0002680376435544307,0.3,0.6666666666666666,0.0005698894520004046,6.5531245754589266e-06,0.007633447921003459,0.015909390106094195,0.24902297618062222,0.016834703840143517,12
8,5,5,0.0,0.0002313370960395078,0.5714285714285714,1.0,0.0005698894520004046,6.5531245754589266e-06,0.007633447921003459,0.015909390106094195,0.24902297618062222,0.016834703840143517,12
8,5,2,0.0,0.0002187022266215699,0.3,0.2333333333333333,0.0005054842514800995,4.7894786099545115e-06,0.0174436613497973,0.03421243813190973,0.16056179927833186,0.010634667590183283,12
8,5,5,0.0,0.003664745440933981,0.44642857142857145,0.6047619047619047,0.0005054842514800995,4.7894786099545115e-06,0.0174436613497973,0.03421243813190973,0.16056179927833186,0.010634667590183283,12
8,5,2,2.220446049250313e-16,0.0014076693972482346,0.19999999999999998,0.4444444444444444,0.00045119204494544087,9.690592417793502e-06,0.009606285505030924,0.019347841377051256,0.18994564435761216,0.017390921188748173,12
8,5,5,2.220446049250313e-16,0.007744758323613654,0.5059523809523809,0.4682539682539682,0.00045119204494544087,9.690592417793502e-06,0.009606285505030924,0.019347841377051256,0.18994564435761216,0.017390921188748173,12
8,5,2,1.1102230246251565e-16,0.00440402036513976,0.19999999999999998,0.16666666666666666,0.0005187021663246843,8.869248571119775e-06,0.03217799893599093,0.06866562584492539,0.11625079720070913,0.010232730301051417,13
8,5,5,1.1102230246251565e-16,0.006703381373020956,0.44642857142857145,0.48809523809523814,0.0005187021663246843,8.869248571119775e-06,0.03217799893599093,0.06866562584492539,0.11625079720070913,0.010232730301051417,13
8,5,2,0.0,0.002272317787763267,0.1,0.13333333333333333,0.00022780938533557767,1.7637475655512957e-05,0.00776459524398208,0.037171740854833865,0.1584044432620297,0.018750338726517247,13
8,5,5,0.0,0.004496261885884145,0.4166666666666667,0.4583333333333333,0.00022780938533557767,1.7637475655512957e-05,0.00776459524398208,0.037171740854833865,0.1584044432620297,0.018750338726517247,13
8,5,2,2.220446049250313e-16,0.0016340524213043217,0.3,0.26666666666666666,0.000498233695724736,8.017391564912264e-06,0.04375645222851919,0.05602521170627549,0.09428044060678047,0.011262615611106787,13
8,5,5,2.220446049250313e-16,0.001762482931049636,0.511904761904762,0.5869047619047619,0.000498233695724736,8.017391564912264e-06,0.04375645222851919,0.05602521170627549,0.09428044060678047,0.011262615611106787,13
8,5,2,0.0,0.0020159342606858033,0.1,0.23333333333333334,0.00028989961493748996,1.3297909211528213e-05,0.0345812665185309,0.06820364802267079,0.0890866918653872,0.012735610821655736,13
8,5,5,0.0,0.002273532527543587,0.4226190476190476,0.4976190476190476,0.00028989961493748996,1.3297909211528213e-05,0.0345812665185309,0.06820364802267079,0.0890866918653872,0.012735610821655736,13
8,5,2,0.0,0.0037260789013573437,0.16666666666666666,0.3333333333333333,0.0004416177074732444,7.855977383118678e-06,0.014064617899976699,0.02444437375865751,0.1638668143145884,0.015650592196454368,13
8,5,5,0.0,0.005329552512538749,0.4345238095238095,0.5,0.0004416177074732444,7.855977383118678e-06,0.014064617899976699,0.02444437375865751,0.1638668143145884,0.015650592196454368,13
8,5,2,0.0,0.0010294875107320633,0.16666666666666666,0.16666666666666666,0.0005403977838467767,7.4944418412566445e-06,0.021095579711740135,0.044377997799194574,0.14882796443857205,0.011736793903834947,13
8,5,5,0.0,0.0049448741276537644,0.48809523809523814,0.505952380952381,0.0005403977838467767,7.4944418412566445e-06,0.021095579711740135,0.044377997799194574,0.14882796443857205,0.011736793903834947,13
8,5,2,2.220446049250313e-16,0.002210259086613986,0.2,0.16666666666666666,0.0005378008074410578,8.126027868773683e-06,0.04350406223338814,0.06262173608398644,0.1023069657192608,0.01065313702606771,13
8,5,5,2.220446049250313e-16,0.0030995962899970086,0.5476190476190477,0.7,0.0005378008074410578,8.126027868773683e-06,0.04350406223338814,0.06262173608398644,0.1023069657192608,0.01065313702606771,13
8,5,2,2.220446049250313e-16,0.002328793036162402,0.16666666666666666,0.3666666666666667,0.0006405551811069714,8.05446641728914e-06,0.010509728201823935,0.027141722650458198,0.23415865196083605,0.01563015037656195,13
8,5,5,2.220446049250313e-16,0.001642474808599026,0.4404761904761904,0.5154761904761905,0.0006405551811069714,8.05446641728914e-06,0.010509728201823935,0.027141722650458198,0.23415865196083605,0.01563015037656195,13
8,5,2,0.0,0.0005881171411070696,0.19999999999999998,0.3,0.0004324350317838351,6.992771531355507e-06,0.009451814938101209,0.03356711144609593,0.1964409044731308,0.01317962196437966,14
8,5,5,0.0,0.0018315419825474244,0.4738095238095238,0.5869047619047619,0.0004324350317838351,6.992771531355507e-06,0.009451814938101209,0.03356711144609593,0.1964409044731308,0.01317962196437966,14
8,5,2,1.1102230246251565e-16,0.00039676713111724826,0.2666666666666667,0.2666666666666667,0.0005259845986484372,7.3264435719551995e-06,0.014895301065715499,0.033472435470844435,0.17686953907035294,0.01347911611952947,14
8,5,5,1.1102230246251565e-16,0.0018454297513097462,0.5476190476190477,0.5952380952380952,0.0005259845986484372,7.3264435719551995e-06,0.014895301065715499,0.033472435470844435,0.17686953907035294,0.01347911611952947,14
8,5,2,0.0,6.285771192637846e-05,0.33333333333333337,0.26666666666666666,0.0005069285515857012,8.51442236467911e-06,0.01270390573022923,0.030252724995825264,0.17955639142569194,0.01342465843554392,14
8,5,5,0.0,0.000462530498942737,0.4821428571428571,0.5,0.0005069285515857012,8.51442236467911e-06,0.01270390573022923,0.030252724995825264,0.17955639142569194,0.01342465843554392,14
8,5,2,2.220446049250313e-16,0.0005349754819714558,0.4,0.3333333333333333,0.0003756310701962125,7.0674489209658885e-06,0.00805408086413955,0.02079892046271157,0.18204447941672355,0.015398728339218565,14
8,5,5,2.220446049250313e-16,0.00033447913242357075,0.48809523809523814,0.5436507936507936,0.0003756310701962125,7.0674489209658885e-06,0.00805408086413955,0.02079892046271157,0.18204447941672355,0.015398728339218565,14
8,5,2,0.0,0.0008094587477583959,0.4666666666666666,1.0,0.0003698552641929045,4.223605666874637e-06,0.010773963633102865,0.027129807718547082,0.1688175446707164,0.011645149147973273,14
8,5,5,0.0,0.0025951176836866985,0.5,0.6190476190476191,0.0003698552641929045,4.223605666874637e-06,0.010773963633102865,0.027129807718547082,0.1688175446707164,0.011645149147973273,14
8,5,2,0.0,2.4675419463271453e-05,0.26666666666666666,1.0,0.00040672384578592947,6.109606611629804e-06,0.008185803562563376,0.023278492926191184,0.20668023722456666,0.01282920165566661,14
8,5,5,0.0,0.00019208303240514368,0.569047619047619,1.0,0.00040672384578592947,6.109606611629804e-06,0.008185803562563376,0.023278492926191184,0.20668023722456666,0.01282920165566661,14
8,5,2,2.220446049250313e-16,0.00012441191086720593,0.4666666666666666,0.4444444444444444,0.000425417370957457,6.9540593846230555e-06,0.012513695624479407,0.035103367541145555,0.1656419817895007,0.012671889708069223,14
8,5,5,2.220446049250313e-16,0.0004067879199375346,0.6047619047619047,0.5734126984126984,0.000425417370957457,6.9540593846230555e-06,0.012513695624479407,0.035103367541145555,0.1656419817895007,0.012671889708069223,14
8,5,2,0.0,0.0014590735490591644,0.33333333333333337,0.3888888888888889,0.00038034388398657144,5.674269157756157e-06,0.008537276487921113,0.022589563116562766,0.20020494564199776,0.013183424112210488,14
8,5,5,0.0,0.0038259961087614425,0.5714285714285714,0.5734126984126984,0.00038034388398657144,5.674269157756157e-06,0.008537276487921113,0.022589563116562766,0.20020494564199776,0.013183424112210488,14
8,5,2,0.0,0.0019274817848222714,0.2333333333333333,0.16666666666666666,0.0003396009166962197,6.7995635968825666e-06,0.011596521400593935,0.02491630566070313,0.1653670044301072,0.014356662989838303,15
8,5,5,0.0,0.0020121708253854065,0.5214285714285716,0.5059523809523809,0.0003396009166962197,6.7995635968825666e-06,0.011596521400593935,0.02491630566070313,0.1653670044301072,0.014356662989838303,15
8,5,2,0.0,0.0012738952638948753,0.19999999999999998,0.26666666666666666,0.00035392841091769873,8.576949035336036e-06,0.014073404514502015,0.0342512291558599,0.1442913554112404,0.013915460439748586,15
8,5,5,0.0,0.004001524817416113,0.46785714285714286,0.4976190476190476,0.00035392841091769873,8.576949035336036e-06,0.014073404514502015,0.0342512291558599,0.1442913554112404,0.013915460439748586,15
8,5,2,0.0,0.00533767771773308,0.2,0.16666666666666666,0.0003520278679653678,1.0786735890639171e-05,0.01573537688425596,0.06861310457815885,0.14154984312659008,0.012075969578414848,15
8,5,5,0.0,0.0022538501052357107,0.4821428571428571,0.47619047619047616,0.0003520278679653678,1.0786735890639171e-05,0.01573537688425596,0.06861310457815885,0.14154984312659008,0.012075969578414848,15
8,5,2,2.220446049250313e-16,0.003860456638827281,0.23333333333333334,0.3333333333333333,0.0002588531513959081,9.535367831333408e-06,0.009529716077860177,0.033934083398929026,0.14423884538952017,0.014195036763501787,15
8,5,5,2.220446049250313e-16,8.17595187396769e-05,0.41666666666666663,0.4404761904761904,0.0002588531513959081,9.535367831333408e-06,0.009529716077860177,0.033934083398929026,0.14423884538952017,0.014195036763501787,15
8,5,2,0.0,0.0004092109175015679,0.33333333333333337,0.19999999999999998,0.0003300800082576908,7.272328294884383e-06,0.008624205374322274,0.02980280572975708,0.17789664564860388,0.014156251079532247,15
8,5,5,0.0,0.006470254869886616,0.41071428571428575,0.47023809523809523,0.0003300800082576908,7.272328294884383e-06,0.008624205374322274,0.02980280572975708,0.17789664564860388,0.014156251079532247,15
8,5,2,2.220446049250313e-16,0.005012277383024011,0.16666666666666666,0.2,0.0005705323069425554,1.3346867242437573e-05,0.01821751765800654,0.04474996191162693,0.16163290984142648,0.016223228477546838,15
8,5,5,2.220446049250313e-16,6.185606719144587e-05,0.4226190476190476,0.48809523809523814,0.0005705323069425554,1.3346867242437573e-05,0.01821751765800654,0.04474996191162693,0.16163290984142648,0.016223228477546838,15
8,5,2,0.0,0.004178821796789967,0.26666666666666666,0.16666666666666666,0.000460626962423971,7.177501858505527e-06,0.011917335398242397,0.026417318526275848,0.17358582457542254,0.014146922171084446,15
8,5,5,0.0,0.0047694140117813255,0.41666666666666663,0.4583333333333333,0.000460626962423971,7.177501858505527e-06,0.011917335398242397,0.026417318526275848,0.17358582457542254,0.014146922171084446,15
8,5,2,0.0,0.00036508811133628694,0.3666666666666667,0.2333333333333333,0.0007240593891983079,1.0451003233764258e-05,0.009422364637570959,0.02372850412109706,0.26017066220601065,0.017825682886303002,15
8,5,5,0.0,0.0003282076352044694,0.5476190476190477,0.6761904761904762,0.0007240593891983079,1.0451003233764258e-05,0.009422364637570959,0.02372850412109706,0.26017066220601065,0.017825682886303002,15
8,5,2,2.220446049250313e-16,0.0010142167677420488,0.33333333333333337,0.2,0.00048272784910790325,8.463414162507285e-06,0.024520892580057983,0.03737993819180409,0.12806593305053632,0.012515680261538951,16
8,5,5,2.220446049250313e-16,0.0009428134292870372,0.5059523809523809,0.5238095238095238,0.00048272784910790325,8.463414162507285e-06,0.024520892580057983,0.03737993819180409,0.12806593305053632,0.012515680261538951,16
8,5,2,0.0,0.0006837062137066141,0.3666666666666667,0.3,0.0003959067202398156,7.197043175459555e-06,0.01802458532692811,0.045578597629748654,0.1299090757337835,0.010926722370892612,16
8,5,5,0.0,0.00022928306494551798,0.4821428571428571,0.5714285714285714,0.0003959067202398156,7.197043175459555e-06,0.01802458532692811,0.045578597629748654,0.1299090757337835,0.010926722370892612,16
8,5,2,0.0,0.00127246453074914,0.5333333333333333,0.4666666666666666,0.0005234013011146667,9.434258733695677e-06,0.019875493305264554,0.05125326197558955,0.14437948206372184,0.012138067633833025,16
8,5,5,0.0,0.0015567609500497515,0.4738095238095238,0.6285714285714287,0.0005234013011146667,9.434258733695677e-06,0.019875493305264554,0.05125326197558955,0.14437948206372184,0.012138067633833025,16
8,5,2,0.0,0.003985375965676052,0.19999999999999998,0.2333333333333333,0.0005588839256443431,8.997066546547244e-06,0.018978440714398928,0.045309924568974744,0.16296145985508745,0.012780347034437386,16
8,5,5,0.0,0.0023934443357513935,0.4821428571428571,0.44642857142857145,0.0005588839256443431,8.997066546547244e-06,0.018978440714398928,0.045309924568974744,0.16296145985508745,0.012780347034437386,16
8,5,2,2.220446049250313e-16,0.0026780356960087737,0.2,0.19999999999999998,0.00027364151903545484,7.779702384309431e-06,0.01661308297917006,0.06090086877003329,0.11716695689176969,0.010805075602661803,16
8,5,5,2.220446049250313e-16,0.0017513979504668598,0.4642857142857143,0.5952380952380952,0.00027364151903545484,7.779702384309431e-06,0.01661308297917006,0.06090086877003329,0.11716695689176969,0.010805075602661803,16
8,5,2,0.0,0.000787627347934583,0.13333333333333333,0.2,0.00042912679557219287,7.5387537540046285e-06,0.0349846410959353,0.0667548911234512,0.10394151595825445,0.008840002498594204,16
8,5,5,0.0,0.00027068162475962776,0.4976190476190476,0.47023809523809523,0.00042912679557219287,7.5387537540046285e-06,0.0349846410959353,0.0667548911234512,0.10394151595825445,0.008840002498594204,16
8,5,2,0.0,0.0002888736335467934,0.4666666666666666,0.4,0.00043067317338528596,8.918698673099296e-06,0.010648119581722426,0.021094556065851457,0.18786122559473817,0.017438724820041406,16
8,5,5,0.0,0.0007006235292865703,0.46428571428571425,0.6047619047619048,0.00043067317338528596,8.918698673099296e-06,0.010648119581722426,0.021094556065851457,0.18786122559473817,0.017438724820041406,16
8,5,2,1.1102230246251565e-16,0.0005405281792916217,0.16666666666666666,0.26666666666666666,0.0006363445098701644,5.871367300570066e-06,0.03448203117512193,0.05981053214945749,0.12952928636511857,0.009133252389809336,16
8,5,5,1.1102230246251565e-16,0.0004597599867601776,0.40476190476190477,0.5238095238095238,0.0006363445098701644,5.871367300570066e-06,0.03448203117512193,0.05981053214945749,0.12952928636511857,0.009133252389809336,16
8,5,2,0.0,0.0004709993914453481,0.2,0.19999999999999998,0.0005597006357869016,5.353662888635252e-06,0.01754436653174564,0.042647015164323857,0.16021168669627087,0.00934843203556248,17
8,5,5,0.0,0.00032729965283129214,0.5476190476190477,0.48809523809523814,0.0005597006357869016,5.353662888635252e-06,0.01754436653174564,0.042647015164323857,0.16021168669627087,0.00934843203556248,17
8,5,2,0.0,0.00013099900844038004,0.5333333333333332,0.26666666666666666,0.000338477253723477,7.70100925950931e-06,0.023106411535712093,0.07498121733419792,0.110087416249028,0.009554276803587895,17
8,5,5,0.0,0.0014906270611869665,0.5,0.5535714285714286,0.000338477253723477,7.70100925950931e-06,0.023106411535712093,0.07498121733419792,0.110087416249028,0.009554276803587895,17
8,5,2,0.0,6.798145137676403e-05,0.33333333333333337,0.27777777777777773,0.0008405559196309837,3.0655659474754465e-06,0.044910609177813074,0.05359433621641603,0.12730066817557714,0.0068582703822900526,17
8,5,5,0.0,0.004016185154467999,0.6047619047619048,0.5138888888888888,0.0008405559196309837,3.0655659474754465e-06,0.044910609177813074,0.05359433621641603,0.12730066817557714,0.0068582703822900526,17
8,5,2,2.220446049250313e-16,0.001244607199921699,0.3333333333333333,0.16666666666666666,0.0007211524982936975,4.507447576492038e-06,0.03601519828945334,0.06424263391273366,0.1336000491084793,0.007555258953402349,17
8,5,5,2.220446049250313e-16,0.0006593330675512821,0.488095238095238,0.46428571428571425,0.0007211524982936975,4.507447576492038e-06,0.03601519828945334,0.06424263391273366,0.1336000491084793,0.007555258953402349,17
8,5,2,0.0,0.0019327846119849834,0.26666666666666666,0.3333333333333333,0.0005640426749670595,4.569054384181209e-06,0.018901911863613365,0.04442799615479322,0.16153420627738174,0.009458439314288606,17
8,5,5,0.0,0.001558025294134735,0.4976190476190476,0.7777777777777777,0.0005640426749670595,4.569054384181209e-06,0.018901911863613365,0.04442799615479322,0.16153420627738174,0.009458439314288606,17
8,5,2,0.0,0.0007332995026292366,0.19999999999999998,0.4444444444444444,0.0004964113221860256,5.082280600148272e-06,0.0202080425935624,0.049505377752945404,0.14559128843000904,0.009161628449831212,17
8,5,5,0.0,0.0001362460977598623,0.5297619047619048,0.7142857142857143,0.0004964113221860256,5.082280600148272e-06,0.0202080425935624,0.049505377752945404,0.14559128843000904,0.009161628449831212,17
8,5,2,2.220446049250313e-16,0.0017703058348823575,0.26666666666666666,0.3333333333333333,0.0007157929397825298,4.2082291662985985e-06,0.054450035275072424,0.0920577190584014,0.11103658815708108,0.006387549825487934,17
8,5,5,2.220446049250313e-16,0.0006553428813895756,0.5714285714285714,0.4484126984126984,0.0007157929397825298,4.2082291662985985e-06,0.054450035275072424,0.0920577190584014,0.11103658815708108,0.006387549825487934,17
8,5,2,0.0,0.0027756652422519235,0.3,0.3,0.00044123115507454906,8.1257221150144e-06,0.02887127555466385,0.06731744358922007,0.1066391335714282,0.010089417691451044,17
8,5,5,0.0,0.0009273222857859587,0.4583333333333333,0.5297619047619048,0.00044123115507454906,8.1257221150144e-06,0.02887127555466385,0.06731744358922007,0.1066391335714282,0.010089417691451044,17
8,5,2,0.0,2.1860970760734233e-05,0.19999999999999998,0.3,0.0007596151571337924,1.4251849332679185e-05,0.009608139485041849,0.028869735661672506,0.2214308067742326,0.017245159769258687,18
8,5,5,0.0,0.0011099075203406805,0.45,0.6285714285714286,0.0007596151571337924,1.4251849332679185e-05,0.009608139485041849,0.028869735661672506,0.2214308067742326,0.017245159769258687,18
8,5,2,2.220446049250313e-16,0.004454524025282014,0.2,0.4333333333333333,0.0005366970159965221,1.628381134967384e-05,0.0221332918687236,0.08189908712597176,0.1314543109986426,0.012692647598496413,18
8,5,5,2.220446049250313e-16,0.005675409956624966,0.5238095238095238,0.5714285714285714,0.0005366970159965221,1.628381134967384e-05,0.0221332918687236,0.08189908712597176,0.1314543109986426,0.012692647598496413,18
8,5,2,4.440892098500626e-16,0.0018163493557321608,0.4,1.0,0.0007902461012890016,1.6672270705688435e-05,0.009914245737265119,0.024577173551854226,0.2563282770147259,0.023523776773935145,18
8,5,5,4.440892098500626e-16,4.8042696380701244e-05,0.5476190476190477,0.5,0.0007902461012890016,1.6672270705688435e-05,0.009914245737265119,0.024577173551854226,0.2563282770147259,0.023523776773935145,18
8,5,2,4.440892098500626e-16,0.002619174760724041,0.36666666666666664,0.16666666666666666,0.0007981467775404361,1.4362224262234507e-05,0.02000828619603489,0.03826789987326902,0.19066796173504666,0.017984286577301747,18
8,5,5,4.440892098500626e-16,0.0035016572952389913,0.44642857142857145,0.5238095238095238,0.0007981467775404361,1.4362224262234507e-05,0.02000828619603489,0.03826789987326902,0.19066796173504666,0.017984286577301747,18
8,5,2,0.0,0.002693846453500237,0.2666666666666667,0.3333333333333333,0.0010140925983108747,1.7472859383878494e-05,0.02021213600171745,0.05038691302655883,0.2145600366149969,0.01767626740191343,18
8,5,5,0.0,0.00036205491321350536,0.6047619047619047,0.5079365079365078,0.0010140925983108747,1.7472859383878494e-05,0.02021213600171745,0.05038691302655883,0.2145600366149969,0.01767626740191343,18
8,5,2,2.220446049250313e-16,0.0009594411915962997,0.16666666666666666,0.26666666666666666,0.000500419429651393,8.083713255468804e-06,0.008210762029466558,0.020605345208448957,0.22149475157817528,0.016407836724760903,18
8,5,5,2.220446049250313e-16,3.651330154230692e-05,0.44642857142857145,0.4916666666666666,0.000500419429651393,8.083713255468804e-06,0.008210762029466558,0.020605345208448957,0.22149475157817528,0.016407836724760903,18
8,5,2,0.0,0.0006163180338529806,0.26666666666666666,0.26666666666666666,0.0005486957466899622,2.972873227709877e-05,0.018592073019422777,0.08715352123912289,0.16333613443474,0.016839671829366413,18
8,5,5,0.0,0.005704490965248499,0.5476190476190477,0.48809523809523814,0.0005486957466899622,2.972873227709877e-05,0.018592073019422777,0.08715352123912289,0.16333613443474,0.016839671829366413,18
8,5,2,0.0,0.0008789315946540199,0.3666666666666667,0.2222222222222222,0.0010306279387299144,1.1515790071879089e-05,0.014249176084458689,0.032443438974350584,0.2403592442862061,0.015920027373785412,18
8,5,5,0.0,0.0019764973688281007,0.580952380952381,0.5734126984126984,0.0010306279387299144,1.1515790071879089e-05,0.014249176084458689,0.032443438974350584,0.2403592442862061,0.015920027373785412,18
8,5,2,2.220446049250313e-16,0.0007225032807552934,0.2666666666666667,0.2,0.0002290421022288784,7.60650747406017e-06,0.02612430253969611,0.06376082254007806,0.08738084680126675,0.01003165845701292,19
8,5,5,2.220446049250313e-16,0.005518368961078379,0.44642857142857145,0.5297619047619048,0.0002290421022288784,7.60650747406017e-06,0.02612430253969611,0.06376082254007806,0.08738084680126675,0.01003165845701292,19
8,5,2,4.440892098500626e-16,0.000994350884129247,0.16666666666666666,0.2333333333333333,0.00040676922144372357,6.147687487746565e-06,0.03092135953398978,0.05072254889139752,0.11026784800339812,0.010381765966108514,19
8,5,5,4.440892098500626e-16,0.0002528011505574801,0.4404761904761904,0.5,0.00040676922144372357,6.147687487746565e-06,0.03092135953398978,0.05072254889139752,0.11026784800339812,0.010381765966108514,19
8,5,2,0.0,0.0032310696126995886,0.19999999999999998,0.30000000000000004,0.0002600861438141548,6.867791444199381e-06,0.010288173029826809,0.03288855271804792,0.14917046053575042,0.013281843128722106,19
8,5,5,0.0,0.0005727285822388906,0.48809523809523814,0.6523809523809524,0.0002600861438141548,6.867791444199381e-06,0.010288173029826809,0.03288855271804792,0.14917046053575042,0.013281843128722106,19
8,5,2,0.0,5.584647388157116e-05,0.2333333333333333,0.26666666666666666,0.00030860382793638174,8.820799627978876e-06,0.010123065146039995,0.027635936466775653,0.16217597112342524,0.014708670380539713,19
8,5,5,0.0,0.0006030908568146476,0.4821428571428571,0.5154761904761905,0.00030860382793638174,8.820799627978876e-06,0.010123065146039995,0.027635936466775653,0.16217597112342524,0.014708670380539713,19
8,5,2,0.0,0.00040296271861350874,0.5333333333333333,0.26666666666666666,0.0003862601561089733,7.718637319458126e-06,0.0365323977356546,0.06837373786162741,0.0920370565113318,0.010284851825813407,19
8,5,5,0.0,0.0043062375168434475,0.48809523809523814,0.4916666666666666,0.0003862601561089733,7.718637319458126e-06,0.0365323977356546,0.06837373786162741,0.0920370565113318,0.010284851825813407,19
8,5,2,1.1102230246251565e-16,0.004612294724217758,0.4,0.16666666666666666,0.00017311482206330353,1.0275919791201053e-05,0.04594411100495645,0.17777114146271478,0.056255015162132375,0.006865104027890186,19
8,5,5,1.1102230246251565e-16,0.005700406746818043,0.48809523809523814,0.46428571428571425,0.00017311482206330353,1.0275919791201053e-05,0.04594411100495645,0.17777114146271478,0.056255015162132375,0.006865104027890186,19
8,5,2,0.0,0.0033875434541239535,0.06666666666666667,0.4666666666666666,0.0005209619033033962,7.956688193035544e-06,0.027778556090285227,0.05954444945075606,0.12102188288985041,0.01058716490888137,19
8,5,5,0.0,0.0003088992806143942,0.4404761904761904,0.44642857142857145,0.0005209619033033962,7.956688193035544e-06,0.027778556090285227,0.05954444945075606,0.12102188288985041,0.01058716490888137,19
8,5,2,0.0,0.0028709192021785235,0.33333333333333337,0.33333333333333337,0.00037072352927860005,9.132686312321656e-06,0.018217435913773613,0.050212816860922924,0.1306284852903701,0.012255610884611199,19
8,5,5,0.0,0.0004647964567855434,0.48809523809523814,0.580952380952381,0.00037072352927860005,9.132686312321656e-06,0.018217435913773613,0.050212816860922924,0.1306284852903701,0.012255610884611199,19
14,3,4,0.0,3.891728362392932e-05,0.5111111111111111,0.5111111111111111,0.0015752219315564692,5.4098239956246316e-05,0.07443369010204892,0.21096117736929668,0.14182024076269492,0.01525104849889129,0
14,3,8,0.0,0.0003120217596079833,0.5622895622895623,0.46262626262626255,0.0015752219315564692,5.4098239956246316e-05,0.07443369010204892,0.21096117736929668,0.14182024076269492,0.01525104849889129,0
14,3,4,0.0,0.0009418115588123444,0.5111111111111111,0.35873015873015873,0.0018562583896525888,2.896242012120603e-05,0.05100647615368599,0.12549392582946692,0.18222315503035272,0.014247744390226216,0
14,3,8,0.0,0.0010939962139601134,0.5622895622895623,0.5515151515151514,0.0018562583896525888,2.896242012120603e-05,0.05100647615368599,0.12549392582946692,0.18222315503035272,0.014247744390226216,0
14,3,4,0.0,0.00020917343757909101,0.3333333333333333,0.3333333333333333,0.0008709613535985169,2.933135419644758e-05,0.04324434426623892,0.12779358930969023,0.13849551549810699,0.014194728572240634,0
14,3,8,0.0,0.0005058732919271947,0.6,0.46262626262626266,0.0008709613535985169,2.933135419644758e-05,0.04324434426623892,0.12779358930969023,0.13849551549810699,0.014194728572240634,0
14,3,4,2.220446049250313e-16,0.003731760743763579,0.4222222222222222,0.4222222222222222,0.0014585068975656282,3.0335323246416132e-05,0.026926278468949617,0.07846675382579645,0.2207473454208066,0.01861227424304966,0
14,3,8,2.220446049250313e-16,0.0008330677879241355,0.5622895622895623,0.521885521885522,0.0014585068975656282,3.0335323246416132e-05,0.026926278468949617,0.07846675382579645,0.2207473454208066,0.01861227424304966,0
14,3,4,0.0,0.00017296398597088647,0.4222222222222222,0.2698412698412698,0.0013238282073574068,3.788663480648321e-05,0.02720156157628783,0.07215393107281735,0.2088837602195482,0.01979530127701322,0
14,3,8,0.0,0.00029601979920268473,0.7185185185185184,0.7333333333333334,0.0013238282073574068,3.788663480648321e-05,0.02720156157628783,0.07215393107281735,0.2088837602195482,0.01979530127701322,0
14,3,4,0.0,0.0011318238135946679,0.4222222222222222,0.4222222222222222,0.0016275301770506496,2.8888741342756516e-05,0.031064009713970775,0.07489196401890967,0.2149984818754727,0.01812369973146247,0
14,3,8,0.0,0.000753841209085504,0.5515151515151515,0.48148148148148145,0.0016275301770506496,2.8888741342756516e-05,0.031064009713970775,0.07489196401890967,0.2149984818754727,0.01812369973146247,0
14,3,4,0.0,0.0010388039463944398,0.35873015873015873,0.5555555555555555,0.0016233887233378214,2.7884235467214797e-05,0.025799708060892833,0.06717686956275223,0.23807894996032583,0.019301129437550624,0
14,3,8,0.0,0.0003921843491313526,0.5515151515151515,0.6592592592592593,0.0016233887233378214,2.7884235467214797e-05,0.025799708060892833,0.06717686956275223,0.23807894996032583,0.019301129437550624,0
14,3,4,0.0,0.00560467965489897,0.7333333333333334,0.5555555555555555,0.0013739753202502807,4.1837055582134076e-05,0.0317265170770589,0.11198070919871765,0.1908520521046035,0.017553463062935468,0
14,3,8,0.0,0.0038184678484531887,0.7185185185185184,0.6107744107744107,0.0013739753202502807,4.1837055582134076e-05,0.0317265170770589,0.11198070919871765,0.1908520521046035,0.017553463062935468,0
14,3,4,0.0,0.00025052199374053785,0.35873015873015873,0.2698412698412698,0.0015380972735018518,4.898049359606526e-05,0.10601419703037619,0.29695385212367803,0.1098596383664841,0.01217729188365441,1
14,3,8,0.0,0.00030047205378691544,0.5515151515151514,0.5515151515151515,0.0015380972735018518,4.898049359606526e-05,0.10601419703037619,0.29695385212367803,0.1098596383664841,0.01217729188365441,1
14,3,4,0.0,0.00509293815906553,0.35873015873015873,0.5111111111111111,0.0015023210234221972,2.5191364245443323e-05,0.03348255097941989,0.06437639766265257,0.1841716293176795,0.017329005205655824,1
14,3,8,0.0,0.0013601082941101517,0.45454545454545453,0.6107744107744107,0.0015023210234221972,2.5191364245443323e-05,0.03348255097941989,0.06437639766265257,0.1841716293176795,0.017329005205655824,1
14,3,4,1.1102230246251565e-16,0.0005238283454120918,0.6,0.5111111111111111,0.001479786543470491,3.157260762952165e-05,0.035087893079970095,0.09554780761792485,0.18973372917587453,0.01744092043516489,1
14,3,8,1.1102230246251565e-16,0.0008889925851942593,0.7185185185185184,0.6363636363636364,0.001479786543470491,3.157260762952165e-05,0.035087893079970095,0.09554780761792485,0.18973372917587453,0.01744092043516489,1
14,3,4,1.1102230246251565e-16,0.0007724397569937036,0.29523809523809524,0.3333333333333333,0.0019129125814401216,4.8348989336197023e-05,0.08181336920317493,0.540958700196027,0.13622209154837986,0.009066358606148149,1
14,3,8,1.1102230246251565e-16,0.0001471799681604935,0.4222222222222222,0.48148148148148145,0.0019129125814401216,4.8348989336197023e-05,0.08181336920317493,0.540958700196027,0.13622209154837986,0.009066358606148149,1
14,3,4,2.220446049250313e-16,0.00026976003144452143,0.35873015873015873,0.7333333333333334,0.0011611554394841152,2.0422409041752515e-05,0.03346070225042832,0.06005748901456081,0.17322702512427046,0.016822348869703217,1
14,3,8,2.220446049250313e-16,0.0006765740196827963,0.5111111111111111,0.5555555555555555,0.0011611554394841152,2.0422409041752515e-05,0.03346070225042832,0.06005748901456081,0.17322702512427046,0.016822348869703217,1
14,3,4,1.1102230246251565e-16,0.0007275290242474419,0.35873015873015873,0.42857142857142855,0.0027349649900708915,2.814950913114563e-05,0.05695677282885155,0.09601138447802841,0.19204275028058498,0.015572596100328295,1
14,3,8,1.1102230246251565e-16,1.8304393221701964e-05,0.5515151515151514,0.5555555555555555,0.0027349649900708915,2.814950913114563e-05,0.05695677282885155,0.09601138447802841,0.19204275028058498,0.015572596100328295,1
14,3,4,0.0,0.0033108959890491008,0.2222222222222222,0.35873015873015873,0.0013251487710131647,4.1852635500803584e-05,0.0750339442168781,0.21067793789609063,0.12659960305193754,0.013133130664796551,1
14,3,8,0.0,0.0013709575255016482,0.42843822843822843,0.5111111111111111,0.0013251487710131647,4.1852635500803584e-05,0.0750339442168781,0.21067793789609063,0.12659960305193754,0.013133130664796551,1
14,3,4,2.220446049250313e-16,7.365412897852863e-05,0.42857142857142855,1.0,0.002805186701367174,3.8709163102625805e-05,0.2549417150003021,0.3493923602662349,0.09513706795526998,0.01003580706014688,1
14,3,8,2.220446049250313e-16,0.00027326617486234106,0.6363636363636364,1.0,0.002805186701367174,3.8709163102625805e-05,0.2549417150003021,0.3493923602662349,0.09513706795526998,0.01003580706014688,1
14,3,4,0.0,0.0003383915890996514,0.6,0.5111111111111111,0.0010434185598981757,2.547877881733109e-05,0.017219881619983973,0.05286826679641046,0.23627240266833324,0.0201038508061573,2
14,3,8,0.0,0.004708164840220408,0.5515151515151514,0.7185185185185184,0.0010434185598981757,2.547877881733109e-05,0.017219881619983973,0.05286826679641046,0.23627240266833324,0.0201038508061573,2
14,3,4,2.220446049250313e-16,0.0015077013330104805,0.42857142857142855,0.5555555555555555,0.0013182153636020159,2.1991189378539563e-05,0.021680116715581527,0.05795630853247619,0.24124672612686854,0.018338515682667034,2
14,3,8,2.220446049250313e-16,0.00010824482254379042,0.503030303030303,0.5218855218855218,0.0013182153636020159,2.1991189378539563e-05,0.021680116715581527,0.05795630853247619,0.24124672612686854,0.018338515682667034,2
14,3,4,2.220446049250313e-16,0.0014733030366302913,0.4222222222222222,0.5111111111111111,0.001217741347711179,1.8679710035577563e-05,0.014160289799732273,0.038784251880144824,0.2832340549114692,0.018173018707996463,2
14,3,8,2.220446049250313e-16,0.0002574296247157548,0.5515151515151514,0.7333333333333334,0.001217741347711179,1.8679710035577563e-05,0.014160289799732273,0.038784251880144824,0.2832340549114692,0.018173018707996463,2
14,3,4,0.0,0.00022587542299934427,0.5111111111111111,0.7333333333333334,0.0008774821059778259,4.039876298416713e-05,0.02337629695219162,0.11838555749736324,0.19027020682035364,0.017692599423060278,2
14,3,8,0.0,0.0034919289332817627,0.6592592592592593,0.5622895622895623,0.0008774821059778259,4.039876298416713e-05,0.02337629695219162,0.11838555749736324,0.19027020682035364,0.017692599423060278,2
14,3,4,1.1102230246251565e-16,0.0016796241463148398,0.2698412698412698,0.6,0.0009798288836940989,2.335951808160666e-05,0.014877100839727521,0.04662474647427159,0.24258420482037008,0.020729821890451017,2
14,3,8,1.1102230246251565e-16,0.0011796690649561459,0.5622895622895623,0.5622895622895623,0.0009798288836940989,2.335951808160666e-05,0.014877100839727521,0.04662474647427159,0.24258420482037008,0.020729821890451017,2
14,3,4,0.0,0.002304301533115005,0.4222222222222222,0.4222222222222222,0.0008415215998035595,3.418504488406293e-05,0.021725869070967272,0.0780235492380544,0.192934706383293,0.019306858948679465,2
14,3,8,0.0,0.00027683746218709615,0.5515151515151514,0.6,0.0008415215998035595,3.418504488406293e-05,0.021725869070967272,0.0780235492380544,0.192934706383293,0.019306858948679465,2
14,3,4,0.0,0.001101383252147814,1.0,0.5111111111111111,0.0009371834434933953,4.4051811378066347e-05,0.0234042514530871,0.12747110452943014,0.18901744635542342,0.01796259708366996,2
14,3,8,0.0,0.00046904001638958803,0.7777777777777778,0.7185185185185184,0.0009371834434933953,4.4051811378066347e-05,0.0234042514530871,0.12747110452943014,0.18901744635542342,0.01796259708366996,2
14,3,4,2.220446049250313e-16,0.00036740561226178414,1.0,0.5111111111111111,0.0006176002833739965,9.290049069807459e-05,0.02599818338818328,0.12014695805612141,0.15107717307276733,0.02651328986844109,2
14,3,8,2.220446049250313e-16,0.0007269625195147622,0.5515151515151514,0.7185185185185184,0.0006176002833739965,9.290049069807459e-05,0.02599818338818328,0.12014695805612141,0.15107717307276733,0.02651328986844109,2
14,3,4,2.220446049250313e-16,0.00027368459533083644,0.2698412698412698,0.5555555555555555,0.0007884426501496063,9.725692545295919e-06,0.05909993455637034,0.09275741841956348,0.11123190035571771,0.009202459708901241,3
14,3,8,2.220446049250313e-16,2.6585225366249077e-05,0.6,0.6592592592592593,0.0007884426501496063,9.725692545295919e-06,0.05909993455637034,0.09275741841956348,0.11123190035571771,0.009202459708901241,3
14,3,4,0.0,0.000625076899222865,0.4222222222222222,0.20634920634920637,0.0005387704021619885,1.1044290048322165e-05,0.10363979619089621,0.1606116679143419,0.07016278474158241,0.0075177601228176415,3
14,3,8,0.0,0.0011892278680364354,0.3799533799533799,0.46262626262626255,0.0005387704021619885,1.1044290048322165e-05,0.10363979619089621,0.1606116679143419,0.07016278474158241,0.0075177601228176415,3
14,3,4,0.0,0.0009868876956564687,0.5555555555555555,0.6,0.000577170603181314,1.56782414529587e-05,0.024188014136392457,0.054615903463998056,0.14928745397305757,0.015761055871403466,3
14,3,8,0.0,0.0005608932398073474,0.6107744107744107,0.41414141414141414,0.000577170603181314,1.56782414529587e-05,0.024188014136392457,0.054615903463998056,0.14928745397305757,0.015761055871403466,3
14,3,4,0.0,0.00042852450007568876,0.35873015873015873,0.5555555555555555,0.0006751932001037317,1.51671736706965e-05,0.03671923855499112,0.07315633664938015,0.1301543967254784,0.012930633464899859,3
14,3,8,0.0,0.0007324849876713113,0.6107744107744107,0.6592592592592593,0.0006751932001037317,1.51671736706965e-05,0.03671923855499112,0.07315633664938015,0.1301543967254784,0.012930633464899859,3
14,3,4,2.220446049250313e-16,0.0009972063099367157,0.29523809523809524,0.5555555555555555,0.0009238058135258051,1.035771327225632e-05,0.07364296252081692,0.13025379117728544,0.11041207009056406,0.008391256312736914,3
14,3,8,2.220446049250313e-16,0.0008510407340430737,0.5515151515151515,0.48148148148148145,0.0009238058135258051,1.035771327225632e-05,0.07364296252081692,0.13025379117728544,0.11041207009056406,0.008391256312736914,3
14,3,4,0.0,0.0009898694123735563,0.3333333333333333,0.2698412698412698,0.0003944068890604103,1.166626385171513e-05,0.06146858374118121,0.1308737147304252,0.077335767251465,0.008821263758501084,3
14,3,8,0.0,0.002979750279020532,0.41414141414141414,0.4222222222222222,0.0003944068890604103,1.166626385171513e-05,0.06146858374118121,0.1308737147304252,0.077335767251465,0.008821263758501084,3
14,3,4,0.0,0.0005556713490211251,0.4222222222222222,0.7333333333333334,0.0006986784359880433,1.2734044425215819e-05,0.05779901102192849,0.11450274055674103,0.10530465044322009,0.009712074149020377,3
14,3,8,0.0,0.00012110031105283525,0.4222222222222222,0.7185185185185184,0.0006986784359880433,1.2734044425215819e-05,0.05779901102192849,0.11450274055674103,0.10530465044322009,0.009712074149020377,3
14,3,4,2.220446049250313e-16,0.0012241549987712652,0.4222222222222222,0.2698412698412698,0.0004531648854608753,1.0680453082748904e-05,0.13442579349389872,0.2439159794740473,0.055378119881439945,0.006017101741429531,3
14,3,8,2.220446049250313e-16,0.001761062522859902,0.3737373737373737,0.46262626262626255,0.0004531648854608753,1.0680453082748904e-05,0.13442579349389872,0.2439159794740473,0.055378119881439945,0.006017101741429531,3
14,3,4,2.220446049250313e-16,0.007630034240400763,0.5111111111111111,0.42857142857142855,0.0015172664628530608,3.213720262650064e-05,0.038887757199892695,0.11858478388837176,0.18353120386462343,0.014403822091409139,4
14,3,8,2.220446049250313e-16,0.0029469809007645065,0.503030303030303,0.3799533799533799,0.0015172664628530608,3.213720262650064e-05,0.038887757199892695,0.11858478388837176,0.18353120386462343,0.014403822091409139,4
14,3,4,2.220446049250313e-16,0.00031280051504678497,0.4222222222222222,0.5555555555555555,0.0008269060162261101,2.686649631507905e-05,0.00899939748737512,0.023980607868116646,0.28137923573748075,0.026535181067832165,4
14,3,8,2.220446049250313e-16,0.0011987465773324324,0.5515151515151514,0.521885521885522,0.0008269060162261101,2.686649631507905e-05,0.00899939748737512,0.023980607868116646,0.28137923573748075,0.026535181067832165,4
14,3,4,1.1102230246251565e-16,0.0009051513252222865,0.4222222222222222,0.29523809523809524,0.0009227302205446365,2.2979468226450974e-05,0.010911308604948829,0.027878130774860673,0.2673454132420233,0.025380833885969758,4
14,3,8,1.1102230246251565e-16,0.00028346558225300633,0.6592592592592593,0.5555555555555555,0.0009227302205446365,2.2979468226450974e-05,0.010911308604948829,0.027878130774860673,0.2673454132420233,0.025380833885969758,4
14,3,4,2.220446049250313e-16,0.0002326102739624858,0.35873015873015873,0.42857142857142855,0.001201845433617563,1.7372395101070217e-05,0.013228221857017296,0.03165980542863251,0.28911162636675575,0.022068022065673987,4
14,3,8,2.220446049250313e-16,0.0011124595348552813,0.5515151515151514,0.7333333333333334,0.001201845433617563,1.7372395101070217e-05,0.013228221857017296,0.03165980542863251,0.28911162636675575,0.022068022065673987,4
14,3,4,0.0,0.0002810511213979794,0.2698412698412698,0.35873015873015873,0.0009710617273327014,3.2471185409767436e-05,0.013708498239396178,0.039619723671736246,0.24896814767784187,0.02371476186821637,4
14,3,8,0.0,0.0021835457821426374,0.6592592592592593,0.6107744107744107,0.0009710617273327014,3.2471185409767436e-05,0.013708498239396178,0.039619723671736246,0.24896814767784187,0.02371476186821637,4
14,3,4,1.1102230246251565e-16,0.0003229704628362473,0.4222222222222222,0.5555555555555555,0.0009349659484593317,2.7442533188241862e-05,0.011084838579729969,0.03743558071719394,0.26723257309681536,0.023518470124477907,4
14,3,8,1.1102230246251565e-16,0.0008425228248993832,0.7185185185185184,0.5218855218855218,0.0009349659484593317,2.7442533188241862e-05,0.011084838579729969,0.03743558071719394,0.26723257309681536,0.023518470124477907,4
14,3,4,0.0,0.0021435348022749157,0.4222222222222222,0.4222222222222222,0.0014303729577051756,2.6484894902582945e-05,0.02311498388027459,0.054712287783440165,0.23356486520232542,0.01941521476587561,4
14,3,8,0.0,0.0004355934273494455,0.5622895622895623,0.3737373737373737,0.0014303729577051756,2.6484894902582945e-05,0.02311498388027459,0.054712287783440165,0.23356486520232542,0.01941521476587561,4
14,3,4,1.1102230246251565e-16,0.005126027831412028,0.4222222222222222,0.5555555555555555,0.0008010266720421213,2.0879669242364174e-05,0.008740999278776956,0.025591890340180723,0.27394002150652147,0.024806053906123036,4
14,3,8,1.1102230246251565e-16,0.004129795486812693,0.6592592592592593,0.5555555555555555,0.0008010266720421213,2.0879669242364174e-05,0.008740999278776956,0.025591890340180723,0.27394002150652147,0.024806053906123036,4
14,3,4,2.220446049250313e-16,0.002804183797326054,0.35873015873015873,0.29523809523809524,0.0010312148053728749,1.9393404631901684e-05,0.034065472341035935,0.12037271772782877,0.17150940882314497,0.01249297318728864,5
14,3,8,2.220446049250313e-16,0.001291282193355503,0.503030303030303,0.4222222222222222,0.0010312148053728749,1.9393404631901684e-05,0.034065472341035935,0.12037271772782877,0.17150940882314497,0.01249297318728864,5
14,3,4,0.0,0.0007082111975185157,0.24761904761904763,1.0,0.00043456355148019203,0.0004812134427125297,0.08332324379822438,0.6328705921143042,0.06775073120119808,0.026239863754472095,5
14,3,8,0.0,0.0010821826149123304,0.5515151515151514,1.0,0.00043456355148019203,0.0004812134427125297,0.08332324379822438,0.6328705921143042,0.06775073120119808,0.026239863754472095,5
14,3,4,0.0,0.0009521434612774771,0.4222222222222222,0.35873015873015873,0.0009699752173566769,1.4323939769540864e-05,0.08722754626114403,0.12706701996572875,0.10473097796831392,0.010165990380336897,5
14,3,8,0.0,0.00015286274179393544,0.5622895622895623,0.6592592592592593,0.0009699752173566769,1.4323939769540864e-05,0.08722754626114403,0.12706701996572875,0.10473097796831392,0.010165990380336897,5
14,3,4,0.0,0.000635714741930582,0.4222222222222222,0.35873015873015873,0.0008203272857570035,1.9139009282611505e-05,0.03050194414360201,0.10575520938938043,0.15390024378938122,0.01218705928613984,5
14,3,8,0.0,0.001624533253418825,0.503030303030303,0.503030303030303,0.0008203272857570035,1.9139009282611505e-05,0.03050194414360201,0.10575520938938043,0.15390024378938122,0.01218705928613984,5
14,3,4,2.220446049250313e-16,0.0009151240175456765,0.2698412698412698,0.5555555555555555,0.000858156516747766,1.7522804144284482e-05,0.05258796808276551,0.11556693624271991,0.12166880311840685,0.011248861732233023,5
14,3,8,2.220446049250313e-16,0.001026559188045506,0.5515151515151515,0.6592592592592593,0.000858156516747766,1.7522804144284482e-05,0.05258796808276551,0.11556693624271991,0.12166880311840685,0.011248861732233023,5
14,3,4,0.0,0.0035898284950581782,0.5111111111111111,0.5555555555555555,0.0008987058644812045,2.517244727011275e-05,0.03718531094178607,0.20112969146885187,0.15046445855943763,0.010749166645118133,5
14,3,8,0.0,0.0006787511997242701,0.46262626262626255,0.5622895622895623,0.0008987058644812045,2.517244727011275e-05,0.03718531094178607,0.20112969146885187,0.15046445855943763,0.010749166645118133,5
14,3,4,0.0,0.0006215296703524498,0.4222222222222222,0.35873015873015873,0.0008698965103180354,1.906008767342401e-05,0.030657880351560675,0.09029700630449768,0.16039440280557712,0.013595352604017074,5
14,3,8,0.0,0.0005574006684813115,0.5622895622895623,0.5515151515151515,0.0008698965103180354,1.906008767342401e-05,0.030657880351560675,0.09029700630449768,0.16039440280557712,0.013595352604017074,5
14,3,4,2.220446049250313e-16,0.0002258988707580789,0.29523809523809524,1.0,0.0006172828818830793,2.0798463243084994e-05,0.06314097638066297,0.16323358644876113,0.09405464581383241,0.010847646967550672,5
14,3,8,2.220446049250313e-16,0.00019382724781646932,0.4222222222222222,1.0,0.0006172828818830793,2.0798463243084994e-05,0.06314097638066297,0.16323358644876113,0.09405464581383241,0.010847646967550672,5
14,3,4,0.0,0.0009565640996067604,0.24761904761904763,0.5111111111111111,0.000922618206037839,1.952255308607588e-05,0.05143175597959597,0.10592137266933492,0.12805973361285522,0.013302964672765026,6
14,3,8,0.0,0.00015078026308845693,0.46262626262626255,0.6107744107744107,0.000922618206037839,1.952255308607588e-05,0.05143175597959597,0.10592137266933492,0.12805973361285522,0.013302964672765026,6
14,3,4,0.0,9.895662944647832e-05,0.5111111111111111,0.5555555555555555,0.0014492216612393063,2.0731696151027234e-05,0.026227726574284304,0.058299012341611084,0.21945065006324652,0.018252275507209988,6
14,3,8,0.0,1.7697595797505628e-05,0.6107744107744107,0.6107744107744107,0.0014492216612393063,2.0731696151027234e-05,0.026227726574284304,0.058299012341611084,0.21945065006324652,0.018252275507209988,6
14,3,4,0.0,7.726190277601575e-05,0.35873015873015873,0.42857142857142855,0.001376954813569737,2.3427183491482877e-05,0.04218374239636484,0.084934253605936,0.1741392466810514,0.015270274862193376,6
14,3,8,0.0,0.0004884365434074667,0.5515151515151515,0.6592592592592593,0.001376954813569737,2.3427183491482877e-05,0.04218374239636484,0.084934253605936,0.1741392466810514,0.015270274862193376,6
14,3,4,1.1102230246251565e-16,8.542173264181052e-05,0.4222222222222222,0.7333333333333334,0.0014315616455228774,2.5448253674638384e-05,0.02248135789166677,0.06377111106627274,0.2342097721363213,0.01831975520736293,6
14,3,8,1.1102230246251565e-16,0.0007898273520346999,0.7185185185185184,0.8518518518518517,0.0014315616455228774,2.5448253674638384e-05,0.02248135789166677,0.06377111106627274,0.2342097721363213,0.01831975520736293,6
14,3,4,0.0,0.0025184043208339446,0.42857142857142855,0.5555555555555555,0.0016938245319419848,2.50618776056743e-05,0.03500906621511924,0.06504955721551871,0.21212644745301648,0.01791896985470007,6
14,3,8,0.0,0.00019388736429259978,0.5515151515151515,0.7333333333333334,0.0016938245319419848,2.50618776056743e-05,0.03500906621511924,0.06504955721551871,0.21212644745301648,0.01791896985470007,6
14,3,4,0.0,0.0009641739435877206,0.6,0.5111111111111111,0.001199094680667175,3.746685067909687e-05,0.02292763761376651,0.06463812105588401,0.20658197856590058,0.021018055654270538,6
14,3,8,0.0,0.000627705550816593,0.8518518518518517,0.7777777777777778,0.001199094680667175,3.746685067909687e-05,0.02292763761376651,0.06463812105588401,0.20658197856590058,0.021018055654270538,6
14,3,4,2.220446049250313e-16,0.00019082633952072214,0.7333333333333334,1.0,0.0014644627172043,2.9391400609872925e-05,0.023801999095021616,0.064587721137952,0.2207662815512213,0.019051693866096613,6
14,3,8,2.220446049250313e-16,0.0012548059294860137,0.7777777777777778,0.8518518518518517,0.0014644627172043,2.9391400609872925e-05,0.023801999095021616,0.064587721137952,0.2207662815512213,0.019051693866096613,6
14,3,4,1.1102230246251565e-16,0.0004516054839323047,0.5111111111111111,0.7333333333333334,0.0013054753159665346,2.498571829667047e-05,0.03389185358829266,0.06570365595672897,0.19111209136016252,0.01748448631924008,6
14,3,8,1.1102230246251565e-16,0.00019445959169539506,0.6107744107744107,0.6363636363636364,0.0013054753159665346,2.498571829667047e-05,0.03389185358829266,0.06570365595672897,0.19111209136016252,0.01748448631924008,6
14,3,4,4.440892098500626e-16,0.00028525287498148977,0.42857142857142855,1.0,0.0024515418718539335,3.0308695508767795e-05,0.03401782564578258,0.08784763777241152,0.2586620150404281,0.018029872348133077,7
14,3,8,4.440892098500626e-16,0.0013519774106205418,0.5622895622895623,1.0,0.0024515418718539335,3.0308695508767795e-05,0.03401782564578258,0.08784763777241152,0.2586620150404281,0.018029872348133077,7
14,3,4,0.0,0.000244647088936345,0.20634920634920637,0.5555555555555555,0.001693810197407392,3.709454205733008e-05,0.031087928843069768,0.09299281551551475,0.22065738781616462,0.019079641558203093,7
14,3,8,0.0,2.7788980266008068e-05,0.46262626262626255,0.5622895622895623,0.001693810197407392,3.709454205733008e-05,0.031087928843069768,0.09299281551551475,0.22065738781616462,0.019079641558203093,7
14,3,4,0.0,0.0015657958197552446,0.19999999999999998,0.42857142857142855,0.0011856964473876655,3.0146786565875454e-05,0.022461213862684692,0.074103883194944,0.2160647323125534,0.018994512673762065,7
14,3,8,0.0,0.0005270837995283717,0.3102453102453102,0.48148148148148145,0.0011856964473876655,3.0146786565875454e-05,0.022461213862684692,0.074103883194944,0.2160647323125534,0.018994512673762065,7
14,3,4,1.1102230246251565e-16,0.00039394797685288196,0.20634920634920637,0.2222222222222222,0.0008577860319413421,6.61168751357311e-05,0.031050334630379085,0.15567509946024646,0.1571927909318351,0.01974289510728468,7
14,3,8,1.1102230246251565e-16,0.0020130532342351737,0.41414141414141414,0.4131054131054131,0.0008577860319413421,6.61168751357311e-05,0.031050334630379085,0.15567509946024646,0.1571927909318351,0.01974289510728468,7
14,3,4,0.0,0.003142108188929127,0.2698412698412698,0.24761904761904763,0.0007648508572769341,3.548250184562496e-05,0.032316353810364906,0.17245242709176498,0.1445442393448075,0.013717689773768912,7
14,3,8,0.0,0.0007900194081631451,0.41414141414141414,0.4222222222222222,0.0007648508572769341,3.548250184562496e-05,0.032316353810364906,0.17245242709176498,0.1445442393448075,0.013717689773768912,7
14,3,4,2.220446049250313e-16,7.626092965329345e-05,0.5111111111111111,1.0,0.0018236463326676813,4.294557529809442e-05,0.029397255408412364,0.10578315792769863,0.24064320322396823,0.019219753509460886,7
14,3,8,2.220446049250313e-16,0.00021988230299607725,0.6592592592592593,1.0,0.0018236463326676813,4.294557529809442e-05,0.029397255408412364,0.10578315792769863,0.24064320322396823,0.019219753509460886,7
14,3,4,2.220446049250313e-16,0.0009621561421144786,0.3333333333333333,1.0,0.0013484346480996078,2.5325785703998447e-05,0.026880024373510995,0.07325315938498952,0.2200486937247187,0.017338344663545106,7
14,3,8,2.220446049250313e-16,0.00045479295083372673,0.6363636363636364,1.0,0.0013484346480996078,2.5325785703998447e-05,0.026880024373510995,0.07325315938498952,0.2200486937247187,0.017338344663545106,7
14,3,4,1.1102230246251565e-16,0.0016923713162944054,0.19999999999999998,0.35873015873015873,0.001324597147369251,2.948402848592446e-05,0.024635435636282007,0.06565110896428776,0.22129072193533866,0.019149887610616187,7
14,3,8,1.1102230246251565e-16,0.0002574529835013273,0.4222222222222222,0.7333333333333334,0.001324597147369251,2.948402848592446e-05,0.024635435636282007,0.06565110896428776,0.22129072193533866,0.019149887610616187,7
14,3,4,2.220446049250313e-16,0.0001923655613114139,0.2698412698412698,0.35873015873015873,0.0016162018447082784,2.763552385203519e-05,0.03679098096198855,0.08342277642676284,0.20350531907938654,0.016743255987797332,8
14,3,8,2.220446049250313e-16,0.0002808665766447227,0.6592592592592593,0.5555555555555555,0.0016162018447082784,2.763552385203519e-05,0.03679098096198855,0.08342277642676284,0.20350531907938654,0.016743255987797332,8
14,3,4,0.0,0.0005402184575298286,0.2698412698412698,0.6,0.001526879020632213,3.5205557297542504e-05,0.07470663400010916,0.22559659185736344,0.1383431108367819,0.01200271405655216,8
14,3,8,0.0,0.00036101443966551905,0.46262626262626255,0.5622895622895623,0.001526879020632213,3.5205557297542504e-05,0.07470663400010916,0.22559659185736344,0.1383431108367819,0.01200271405655216,8
14,3,4,2.220446049250313e-16,7.074996140055134e-07,1.0,1.0,0.0023643720265549054,2.7476605951514232e-05,0.0272116359435104,0.07896046798908052,0.28711024744664404,0.01780204779098497,8
14,3,8,2.220446049250313e-16,0.00010015136121122037,0.6107744107744107,1.0,0.0023643720265549054,2.7476605951514232e-05,0.0272116359435104,0.07896046798908052,0.28711024744664404,0.01780204779098497,8
14,3,4,0.0,0.004499291852723575,0.4222222222222222,0.5555555555555555,0.002266310543563392,2.6805071894069428e-05,0.09413605091783969,0.22845228827707212,0.15180711739088368,0.010720053032766576,8
14,3,8,0.0,0.0022047312616974013,0.6592592592592593,0.7333333333333334,0.002266310543563392,2.6805071894069428e-05,0.09413605091783969,0.22845228827707212,0.15180711739088368,0.010720053032766576,8
14,3,4,1.1102230246251565e-16,0.0009160999689267202,0.7333333333333334,1.0,0.0032085929407154787,2.9095844225252536e-05,0.03135048389778205,0.07671778195914662,0.31157071923006036,0.018420651056173142,8
14,3,8,1.1102230246251565e-16,0.0003376852144441056,0.6107744107744107,1.0,0.0032085929407154787,2.9095844225252536e-05,0.03135048389778205,0.07671778195914662,0.31157071923006036,0.018420651056173142,8
14,3,4,0.0,0.0008730730592828584,0.15873015873015872,0.2222222222222222,0.0005165720276453547,6.392454880372696e-05,0.04549132039655762,0.2882654274328518,0.10121603839474819,0.014142327621030048,8
14,3,8,0.0,0.0008115765733816005,0.3395493395493396,0.3333333333333333,0.0005165720276453547,6.392454880372696e-05,0.04549132039655762,0.2882654274328518,0.10121603839474819,0.014142327621030048,8
14,3,4,0.0,0.0037502081328619763,0.7333333333333334,0.5555555555555555,0.002189184530380964,2.5474208916973748e-05,0.09671327728199733,0.22716309854818525,0.14568316980351212,0.010015392961152529,8
14,3,8,0.0,0.0015359445599758548,0.7185185185185184,0.6592592592592593,0.002189184530380964,2.5474208916973748e-05,0.09671327728199733,0.22716309854818525,0.14568316980351212,0.010015392961152529,8
14,3,4,1.1102230246251565e-16,0.0021733417568000624,0.5111111111111111,1.0,0.0022258215931556494,2.201189503240733e-05,0.08938583358901722,0.2063910764099612,0.15276697008025508,0.009880548445333297,8
14,3,8,1.1102230246251565e-16,0.0013721055279088956,0.521885521885522,0.7185185185185184,0.0022258215931556494,2.201189503240733e-05,0.08938583358901722,0.2063910764099612,0.15276697008025508,0.009880548445333297,8
14,3,4,2.220446049250313e-16,1.20472352536094e-05,0.5111111111111111,0.5111111111111111,0.0008303996565435227,1.6006463240456383e-05,0.05904042274431414,0.10116785229083328,0.11168026820322763,0.011485398989746471,9
14,3,8,2.220446049250313e-16,0.0007060227045065925,0.5111111111111111,0.6363636363636364,0.0008303996565435227,1.6006463240456383e-05,0.05904042274431414,0.10116785229083328,0.11168026820322763,0.011485398989746471,9
14,3,4,2.220446049250313e-16,0.0004781896086767379,0.5111111111111111,0.4222222222222222,0.000945813818344117,1.7858588894767095e-05,0.06899648620145904,0.11229968819490402,0.11526029939130941,0.011901305311542995,9
14,3,8,2.220446049250313e-16,0.0011976422041020118,0.6107744107744107,0.7185185185185184,0.000945813818344117,1.7858588894767095e-05,0.06899648620145904,0.11229968819490402,0.11526029939130941,0.011901305311542995,9
14,3,4,0.0,0.0006970794696143923,0.29523809523809524,1.0,0.0012155662735646037,2.1870954571888923e-05,0.03671671185888198,0.10029627938692055,0.1779099047004576,0.014264825473831379,9
14,3,8,0.0,1.6699916150497707e-05,0.5555555555555555,1.0,0.0012155662735646037,2.1870954571888923e-05,0.03671671185888198,0.10029627938692055,0.1779099047004576,0.014264825473831379,9
14,3,4,0.0,0.0012009693953618505,0.5555555555555555,0.42857142857142855,0.0011304821682873616,2.3264587109552916e-05,0.02954289729310992,0.0883876399411269,0.18775910624828543,0.015583752758673176,9
14,3,8,0.0,0.0005467072033178422,0.6107744107744107,0.6363636363636364,0.0011304821682873616,2.3264587109552916e-05,0.02954289729310992,0.0883876399411269,0.18775910624828543,0.015583752758673176,9
14,3,4,0.0,0.0006470832068226073,0.5555555555555555,0.35873015873015873,0.000977857000264836,1.6234068532059358e-05,0.06342609132275041,0.12158866865918563,0.12080142978929204,0.01099309302210163,9
14,3,8,0.0,0.001499782252197157,0.6,0.6363636363636364,0.000977857000264836,1.6234068532059358e-05,0.06342609132275041,0.12158866865918563,0.12080142978929204,0.01099309302210163,9
14,3,4,1.1102230246251565e-16,0.0008469225328164853,0.7333333333333334,0.5555555555555555,0.0008200311700075248,2.2634093396572798e-05,0.04978057828947913,0.11158411766130777,0.1204137303434229,0.01330538634042978,9
14,3,8,1.1102230246251565e-16,0.0007634866080543645,0.5515151515151515,0.7185185185185184,0.0008200311700075248,2.2634093396572798e-05,0.04978057828947913,0.11158411766130777,0.1204137303434229,0.01330538634042978,9
14,3,4,0.0,0.0003195765699528508,0.5555555555555555,1.0,0.001098714176971381,1.7884061150484348e-05,0.02932514107168324,0.07315063143204258,0.18542835393177076,0.014113296512816764,9
14,3,8,0.0,0.0004555562586634476,0.521885521885522,1.0,0.001098714176971381,1.7884061150484348e-05,0.02932514107168324,0.07315063143204258,0.18542835393177076,0.014113296512816764,9
14,3,4,2.220446049250313e-16,0.00044525311812781965,0.5111111111111111,0.5555555555555555,0.0009635174368007328,2.0222405814995015e-05,0.06109986391961379,0.137690686838763,0.11995435265236246,0.011565290077825538,9
14,3,8,2.220446049250313e-16,0.0009949141036738052,0.6592592592592593,0.6363636363636364,0.0009635174368007328,2.0222405814995015e-05,0.06109986391961379,0.137690686838763,0.11995435265236246,0.011565290077825538,9
14,3,4,1.1102230246251565e-16,0.00012199672181711918,0.5555555555555555,0.42857142857142855,0.0015921768925268923,2.5051852937544186e-05,0.03920289359613649,0.11682135625631465,0.1998744773961542,0.013785090460509141,10
14,3,8,1.1102230246251565e-16,0.0017836659424131929,0.5515151515151514,0.4871794871794872,0.0015921768925268923,2.5051852937544186e-05,0.03920289359613649,0.11682135625631465,0.1998744773961542,0.013785090460509141,10
14,3,4,0.0,0.00016792926991504586,0.5555555555555555,0.3333333333333333,0.001643756753941062,2.1064801669491113e-05,0.043697939144703685,0.09542829092732931,0.18801265112904303,0.014174276636954926,10
14,3,8,0.0,0.00028860080938386545,0.4871794871794872,0.5622895622895623,0.001643756753941062,2.1064801669491113e-05,0.043697939144703685,0.09542829092732931,0.18801265112904303,0.014174276636954926,10
14,3,4,0.0,0.00018861835590422427,0.4222222222222222,0.7333333333333334,0.001500248996281941,2.406538610874933e-05,0.03375079922120798,0.08674952471059916,0.20339822151582845,0.01575615345394519,10
14,3,8,0.0,0.00019487920364402722,0.6107744107744107,0.6363636363636364,0.001500248996281941,2.406538610874933e-05,0.03375079922120798,0.08674952471059916,0.20339822151582845,0.01575615345394519,10
14,3,4,1.1102230246251565e-16,0.0005008705607376651,0.7333333333333334,0.5555555555555555,0.0015177304545554522,2.0984967389304402e-05,0.030922221558259005,0.07631188992006438,0.20269060511984446,0.015186951474414274,10
14,3,8,1.1102230246251565e-16,0.0010783864221641792,0.42843822843822843,0.7333333333333334,0.0015177304545554522,2.0984967389304402e-05,0.030922221558259005,0.07631188992006438,0.20269060511984446,0.015186951474414274,10
14,3,4,2.220446049250313e-16,0.00122934040683087,0.4222222222222222,0.42857142857142855,0.001435509606603202,2.3373252677141856e-05,0.03883363806396819,0.10820695631099951,0.1875883662899945,0.013910401373116926,10
14,3,8,2.220446049250313e-16,0.003564193406031757,0.5515151515151514,0.48148148148148145,0.001435509606603202,2.3373252677141856e-05,0.03883363806396819,0.10820695631099951,0.1875883662899945,0.013910401373116926,10
14,3,4,2.220446049250313e-16,0.0008740222531973263,0.35873015873015873,0.2698412698412698,0.0012732046561766692,3.745446464183869e-05,0.05170568043729334,0.134285554751675,0.1542005351938505,0.016212182740627454,10
14,3,8,2.220446049250313e-16,0.0011217773904753647,0.4222222222222222,0.5111111111111111,0.0012732046561766692,3.745446464183869e-05,0.05170568043729334,0.134285554751675,0.1542005351938505,0.016212182740627454,10
14,3,4,0.0,0.0008313293245301168,0.5555555555555555,0.42857142857142855,0.0014621133873015898,2.154219362783627e-05,0.04130613235640045,0.12280736052463065,0.1804803965990688,0.012821598284100373,10
14,3,8,0.0,0.0006976760036474516,0.6107744107744107,0.7333333333333334,0.0014621133873015898,2.154219362783627e-05,0.04130613235640045,0.12280736052463065,0.1804803965990688,0.012821598284100373,10
14,3,4,0.0,0.003248622947957802,0.35873015873015873,0.35873015873015873,0.001718514780821596,3.0221741929187325e-05,0.06174992411594288,0.16169137073235476,0.1604468780214082,0.012960267948444761,10
14,3,8,0.0,0.00024301221440059528,0.5622895622895623,0.503030303030303,0.001718514780821596,3.0221741929187325e-05,0.06174992411594288,0.16169137073235476,0.1604468780214082,0.012960267948444761,10
14,3,4,0.0,0.0013743467618363425,0.5555555555555555,1.0,0.0011192393877544776,2.6264651372638002e-05,0.028720614713866114,0.051155243228754664,0.1918959968080151,0.021435577032376786,11
14,3,8,0.0,0.0011890368227733816,0.46262626262626255,1.0,0.0011192393877544776,2.6264651372638002e-05,0.028720614713866114,0.051155243228754664,0.1918959968080151,0.021435577032376786,11
14,3,4,0.0,5.394945249959093e-05,0.7333333333333334,0.42857142857142855,0.0014669716197088342,3.566506011916034e-05,0.007140933622533236,0.018426091423069425,0.35371223242115807,0.032478047081133304,11
14,3,8,0.0,0.0018210211441360702,0.6,0.5555555555555555,0.0014669716197088342,3.566506011916034e-05,0.007140933622533236,0.018426091423069425,0.35371223242115807,0.032478047081133304,11
14,3,4,0.0,5.995583566287266e-05,0.14285714285714285,,0.0008428122306509152,,0.01519331325089081,,0.17311021034111027,,11
14,3,8,0.0,0.0007118841579045743,0.5622895622895623,,0.0008428122306509152,,0.01519331325089081,,0.17311021034111027,,11
14,3,4,0.0,0.00032207141750584256,0.7333333333333334,1.0,0.0019500849280182277,2.6784271237885176e-05,0.011834108118119352,0.02891330276465052,0.2999617026444569,0.025116609969428723,11
14,3,8,0.0,0.0001734765601211219,0.6107744107744107,1.0,0.0019500849280182277,2.6784271237885176e-05,0.011834108118119352,0.02891330276465052,0.2999617026444569,0.025116609969428723,11
14,3,4,1.1102230246251565e-16,0.0006133208472771656,0.5555555555555555,0.42857142857142855,0.0008285599478827856,3.2096009401837563e-05,0.011603794705630423,0.04783113419696682,0.24804704163219954,0.021632312370628258,11
14,3,8,1.1102230246251565e-16,0.0006556512291402417,0.5515151515151514,0.5555555555555555,0.0008285599478827856,3.2096009401837563e-05,0.011603794705630423,0.04783113419696682,0.24804704163219954,0.021632312370628258,11
14,3,4,0.0,0.0003129790228888485,0.4222222222222222,1.0,0.0016590910121731892,2.2407810729287473e-05,0.009139249522613663,0.022820028806419233,0.3454992417222591,0.029006819501642567,11
14,3,8,0.0,1.7834644165937164e-06,0.46262626262626266,1.0,0.0016590910121731892,2.2407810729287473e-05,0.009139249522613663,0.022820028806419233,0.3454992417222591,0.029006819501642567,11
14,3,4,0.0,0.00039007741972652,0.5111111111111111,0.5555555555555555,0.0018475164473004085,4.180537283282882e-05,0.03985684496251801,0.163151362291216,0.20274118793198653,0.015109914255734025,11
14,3,8,0.0,0.0008605907825369741,0.5622895622895623,0.5555555555555555,0.0018475164473004085,4.180537283282882e-05,0.03985684496251801,0.163151362291216,0.20274118793198653,0.015109914255734025,11
14,3,4,2.220446049250313e-16,0.0003120035558579204,0.7333333333333334,0.42857142857142855,0.0014592694787333852,3.0975875843466865e-05,0.008314969098290282,0.02606798558144767,0.33256354165380786,0.029105596698696782,11
14,3,8,2.220446049250313e-16,0.00019356047324237124,0.6107744107744107,0.6363636363636364,0.0014592694787333852,3.0975875843466865e-05,0.008314969098290282,0.02606798558144767,0.33256354165380786,0.029105596698696782,11
14,3,4,0.0,0.00066942072017806,0.4222222222222222,0.7333333333333334,0.0011737492657097179,6.674651609227752e-05,0.07839918576472583,0.340536429130343,0.11613085018662943,0.012805747788375137,12
14,3,8,0.0,0.0004335827372619061,0.5111111111111111,0.5555555555555555,0.0011737492657097179,6.674651609227752e-05,0.07839918576472583,0.340536429130343,0.11613085018662943,0.012805747788375137,12
14,3,4,0.0,0.0022530555852835477,0.35873015873015873,0.35873015873015873,0.0010653292344502358,2.981991594340698e-05,0.0364999410754013,0.12725173020836328,0.14718978253145246,0.014481392437450639,12
14,3,8,0.0,0.0009430909032006607,0.503030303030303,0.503030303030303,0.0010653292344502358,2.981991594340698e-05,0.0364999410754013,0.12725173020836328,0.14718978253145246,0.014481392437450639,12
14,3,4,0.0,0.0019118033483531693,0.5111111111111111,0.5111111111111111,0.001243588852624666,5.34101991304863e-05,0.05517436635475698,0.22529286221243858,0.1360853993929978,0.01496062081747911,12
14,3,8,0.0,0.0002485171240065309,0.503030303030303,0.5515151515151514,0.001243588852624666,5.34101991304863e-05,0.05517436635475698,0.22529286221243858,0.1360853993929978,0.01496062081747911,12
14,3,4,0.0,0.00013213292028968482,0.42857142857142855,1.0,0.0011459280325836244,5.859273695905937e-05,0.12771912069902838,0.4262487298982093,0.09061490517209278,0.011465681450810112,12
14,3,8,0.0,0.00024359425805076107,0.4222222222222222,1.0,0.0011459280325836244,5.859273695905937e-05,0.12771912069902838,0.4262487298982093,0.09061490517209278,0.011465681450810112,12
14,3,4,2.220446049250313e-16,0.0008052500533966,0.4222222222222222,0.29523809523809524,0.0017617089382538312,2.8240199648180435e-05,0.0819913280389536,0.20426321809846607,0.13950739299179685,0.011432715086072638,12
14,3,8,2.220446049250313e-16,0.0002094554102904933,0.41414141414141414,0.5515151515151514,0.0017617089382538312,2.8240199648180435e-05,0.0819913280389536,0.20426321809846607,0.13950739299179685,0.011432715086072638,12
14,3,4,0.0,0.0005916260494684966,0.35873015873015873,0.5555555555555555,0.0013912684765723553,6.52923506407882e-05,0.062012291455746736,0.3191524080176017,0.13259898266710113,0.013214411515365735,12
14,3,8,0.0,0.00025531256073518804,0.7185185185185184,0.5515151515151514,0.0013912684765723553,6.52923506407882e-05,0.062012291455746736,0.3191524080176017,0.13259898266710113,0.013214411515365735,12
14,3,4,0.0,0.0006243273287040996,0.35873015873015873,0.6,0.0014980080770531957,3.975321687481515e-05,0.07367556742655511,0.18340128236454345,0.14088119976152574,0.014253887903695344,12
14,3,8,0.0,0.000176557306999503,0.503030303030303,0.6,0.0014980080770531957,3.975321687481515e-05,0.07367556742655511,0.18340128236454345,0.14088119976152574,0.014253887903695344,12
14,3,4,0.0,0.00011910150800487074,0.5111111111111111,1.0,0.00124436476632923,7.244716343001634e-05,0.1207444484861138,0.41945213783720936,0.09881643175042816,0.012318272766193789,12
14,3,8,0.0,0.00037122137068745786,0.503030303030303,1.0,0.00124436476632923,7.244716343001634e-05,0.1207444484861138,0.41945213783720936,0.09881643175042816,0.012318272766193789,12
14,3,4,1.1102230246251565e-16,0.0006396793565119907,0.7333333333333334,0.42857142857142855,0.003550918380099316,4.1504929439634015e-05,0.07608349106541099,0.17425676545593702,0.20127773512312447,0.014378145022424214,13
14,3,8,1.1102230246251565e-16,7.614969127667237e-05,0.503030303030303,0.6363636363636364,0.003550918380099316,4.1504929439634015e-05,0.07608349106541099,0.17425676545593702,0.20127773512312447,0.014378145022424214,13
14,3,4,2.220446049250313e-16,0.0006822255761573803,0.4222222222222222,1.0,0.0044129830706637774,5.448185671479071e-05,0.12202329974352255,0.2370683550670087,0.18191999556597568,0.014027874358210337,13
14,3,8,2.220446049250313e-16,0.0008737150804376537,0.7777777777777778,1.0,0.0044129830706637774,5.448185671479071e-05,0.12202329974352255,0.2370683550670087,0.18191999556597568,0.014027874358210337,13
14,3,4,0.0,0.0005574552028859703,0.5111111111111111,1.0,0.002887999220279479,5.326943366811449e-05,0.10432216520170674,0.3209148596823029,0.162148899811302,0.012155954838313197,13
14,3,8,0.0,0.00015083492962619793,0.7185185185185184,1.0,0.002887999220279479,5.326943366811449e-05,0.10432216520170674,0.3209148596823029,0.162148899811302,0.012155954838313197,13
14,3,4,0.0,0.0006567779535215923,0.5111111111111111,0.24761904761904763,0.003532631676894168,5.593189058206607e-05,0.08933826082093582,0.2302080392022898,0.185459419790011,0.014419029586406007,13
14,3,8,0.0,0.002233013293130637,0.503030303030303,0.5218855218855218,0.003532631676894168,5.593189058206607e-05,0.08933826082093582,0.2302080392022898,0.185459419790011,0.014419029586406007,13
14,3,4,0.0,0.00021940775096584986,0.42857142857142855,0.5555555555555555,0.002604638948621683,8.667583753401921e-05,0.0446401632352996,0.17733581456978273,0.20928476331367332,0.02019237164952368,13
14,3,8,0.0,0.0006700204702583257,0.5622895622895623,0.5622895622895623,0.002604638948621683,8.667583753401921e-05,0.0446401632352996,0.17733581456978273,0.20928476331367332,0.02019237164952368,13
14,3,4,0.0,0.0008180933664165835,0.2698412698412698,0.7333333333333334,0.004347881962967861,7.666714048878871e-05,0.09507252134562182,0.3016722177399125,0.19049313691830683,0.014688844047875352,13
14,3,8,0.0,0.0010803156026870653,0.503030303030303,0.8518518518518517,0.004347881962967861,7.666714048878871e-05,0.09507252134562182,0.3016722177399125,0.19049313691830683,0.014688844047875352,13
14,3,4,2.220446049250313e-16,8.601793983364914e-05,0.35873015873015873,1.0,0.0026814878261252296,2.869404637428656e-05,0.08059708754998607,0.18914587214838466,0.17074451021195042,0.011604559814836561,13
14,3,8,2.220446049250313e-16,0.0006679701803911087,0.5622895622895623,1.0,0.0026814878261252296,2.869404637428656e-05,0.08059708754998607,0.18914587214838466,0.17074451021195042,0.011604559814836561,13
14,3,4,2.220446049250313e-16,0.00025311862142640695,0.24761904761904763,0.4222222222222222,0.0029138942097209474,5.615592692783342e-05,0.05932614870194218,0.1811844635681906,0.2031376518380499,0.01657691138649679,13
14,3,8,2.220446049250313e-16,7.022528327038646e-05,0.5515151515151515,0.6107744107744107,0.0029138942097209474,5.615592692783342e-05,0.05932614870194218,0.1811844635681906,0.2031376518380499,0.01657691138649679,13
14,3,4,0.0,8.42592923648855e-05,0.7333333333333334,1.0,0.002488168177158087,3.851361209590789e-05,0.0628191534167872,0.19146662611683804,0.19432185544329175,0.013581802211721842,14
14,3,8,0.0,0.0005895069708026224,0.7185185185185184,1.0,0.002488168177158087,3.851361209590789e-05,0.0628191534167872,0.19146662611683804,0.19432185544329175,0.013581802211721842,14
14,3,4,0.0,0.0003909760507947446,0.5111111111111111,0.35873015873015873,0.0030331577710655533,4.897875519655626e-05,0.1845164004885154,0.38443153072442493,0.11881843494356961,0.01081099836388273,14
14,3,8,0.0,0.0008212297841971861,0.6592592592592593,0.8518518518518517,0.0030331577710655533,4.897875519655626e-05,0.1845164004885154,0.38443153072442493,0.11881843494356961,0.01081099836388273,14
14,3,4,0.0,0.0003623054879380305,0.29523809523809524,0.4222222222222222,0.002668679728429012,5.5969646430265564e-05,0.301915323726884,0.6696664025422748,0.08453678607214622,0.008651361565856244,14
14,3,8,0.0,9.800069939225331e-05,0.46262626262626266,0.6592592592592593,0.002668679728429012,5.5969646430265564e-05,0.301915323726884,0.6696664025422748,0.08453678607214622,0.008651361565856244,14
14,3,4,0.0,0.0021395570337922054,0.4222222222222222,0.7333333333333334,0.0015750747854491286,6.356248329278002e-05,0.014774199091602259,0.04990699409695441,0.23564348192505974,0.0306064161087196,14
14,3,8,0.0,0.003515536762570992,0.7777777777777778,0.5622895622895623,0.0015750747854491286,6.356248329278002e-05,0.014774199091602259,0.04990699409695441,0.23564348192505974,0.0306064161087196,14
14,3,4,0.0,0.000800432120365846,0.35873015873015873,0.42857142857142855,0.0025947208644297943,4.805394318130592e-05,0.2413185498503401,0.27116775389003195,0.10125607664707446,0.011949684313148289,14
14,3,8,0.0,0.0007414621170904745,0.5515151515151514,0.7333333333333334,0.0025947208644297943,4.805394318130592e-05,0.2413185498503401,0.27116775389003195,0.10125607664707446,0.011949684313148289,14
14,3,4,0.0,0.00036386184221970375,0.5111111111111111,0.35873015873015873,0.0023504143772443997,5.6498866987560174e-05,0.39802853787293835,0.585912747398753,0.07514927419562906,0.0090601451403312,14
14,3,8,0.0,5.6371073213767886e-05,0.6,0.42843822843822843,0.0023504143772443997,5.6498866987560174e-05,0.39802853787293835,0.585912747398753,0.07514927419562906,0.0090601451403312,14
14,3,4,0.0,0.00046238149335486867,0.5555555555555555,1.0,0.0030852091739235086,4.8404865637503876e-05,0.08094654921639154,0.22759422168708973,0.18979759970736795,0.013879359458687521,14
14,3,8,0.0,0.0005157761541443318,0.8518518518518517,1.0,0.0030852091739235086,4.8404865637503876e-05,0.08094654921639154,0.22759422168708973,0.18979759970736795,0.013879359458687521,14
14,3,4,1.1102230246251565e-16,0.0002069096496135625,0.29523809523809524,0.29523809523809524,0.002292843189851485,4.5114564098173156e-05,0.18880789124614947,0.4198414495625388,0.10071225467464417,0.009317767391426443,14
14,3,8,1.1102230246251565e-16,0.0009595688936778757,0.6592592592592593,0.503030303030303,0.002292843189851485,4.5114564098173156e-05,0.18880789124614947,0.4198414495625388,0.10071225467464417,0.009317767391426443,14
14,3,4,2.220446049250313e-16,0.0013588236224422179,0.35873015873015873,0.15873015873015872,0.001705045066293611,1.8136244118373123e-05,0.22452117511728667,0.3335826850169625,0.08216901387122774,0.007194266653578816,15
14,3,8,2.220446049250313e-16,0.0009522942919260036,0.6,0.30536130536130535,0.001705045066293611,1.8136244118373123e-05,0.22452117511728667,0.3335826850169625,0.08216901387122774,0.007194266653578816,15
14,3,4,1.1102230246251565e-16,0.0007523908008482127,0.24761904761904763,0.42857142857142855,0.0016810561862018586,3.352622970337922e-05,0.1660372760057962,0.37146184036475943,0.0963217764805368,0.008136620345806056,15
14,3,8,1.1102230246251565e-16,0.00154982245765245,0.46262626262626255,0.5515151515151514,0.0016810561862018586,3.352622970337922e-05,0.1660372760057962,0.37146184036475943,0.0963217764805368,0.008136620345806056,15
14,3,4,0.0,0.0003198699171931274,0.2698412698412698,0.35873015873015873,0.0026678483356271333,4.0483117713365367e-05,0.21567063920737803,0.3904893380015039,0.10885500552377463,0.009683428064303256,15
14,3,8,0.0,0.000441446265585399,0.6592592592592593,0.46262626262626255,0.0026678483356271333,4.0483117713365367e-05,0.21567063920737803,0.3904893380015039,0.10885500552377463,0.009683428064303256,15
14,3,4,1.1102230246251565e-16,0.0003715257175216369,0.35873015873015873,0.2698412698412698,0.0017794716511782152,1.8367944202024606e-05,0.19017164778271087,0.21760991306659763,0.08932768312311797,0.008525664078421629,15
14,3,8,1.1102230246251565e-16,0.001261714414364068,0.5515151515151514,0.41414141414141414,0.0017794716511782152,1.8367944202024606e-05,0.19017164778271087,0.21760991306659763,0.08932768312311797,0.008525664078421629,15
14,3,4,2.220446049250313e-16,7.405715405406355e-05,0.29523809523809524,0.5555555555555555,0.0023728161334462265,3.659519842134306e-05,0.24161695386666007,0.36114694086601584,0.09647571736244868,0.009262270775944966,15
14,3,8,2.220446049250313e-16,0.00017943414652443757,0.503030303030303,0.6107744107744107,0.0023728161334462265,3.659519842134306e-05,0.24161695386666007,0.36114694086601584,0.09647571736244868,0.009262270775944966,15
14,3,4,0.0,0.0003369765056471241,0.15873015873015872,0.42857142857142855,0.002007483317228494,2.791166733833603e-05,0.16455369916294837,0.29361956323601046,0.10407236372414438,0.009048343243393351,15
14,3,8,0.0,0.0024347069918286834,0.503030303030303,0.6363636363636364,0.002007483317228494,2.791166733833603e-05,0.16455369916294837,0.29361956323601046,0.10407236372414438,0.009048343243393351,15
14,3,4,0.0,0.0021748500754712463,0.35873015873015873,0.6,0.0019866313812685874,2.432944049848215e-05,0.24209582196767657,0.3123411908414235,0.0876684395796715,0.008305396934492433,15
14,3,8,0.0,0.0007756207695031048,0.5515151515151514,0.5515151515151515,0.0019866313812685874,2.432944049848215e-05,0.24209582196767657,0.3123411908414235,0.0876684395796715,0.008305396934492433,15
14,3,4,0.0,0.001342973205723741,0.35873015873015873,0.35873015873015873,0.0020044365750541164,2.9606491234777547e-05,0.185348227903404,0.38290200240533084,0.09738574408873621,0.008407938652348224,15
14,3,8,0.0,1.3123425854910664e-05,0.5515151515151514,0.6363636363636364,0.0020044365750541164,2.9606491234777547e-05,0.185348227903404,0.38290200240533084,0.09738574408873621,0.008407938652348224,15
14,3,4,0.0,0.004488202620960502,0.3333333333333333,0.4222222222222222,0.0010306759293660962,1.97528018466513e-05,0.02605303069947822,0.0683003474111951,0.18746109748704096,0.01597455665255825,16
14,3,8,0.0,0.00427773809619536,0.6,0.41414141414141414,0.0010306759293660962,1.97528018466513e-05,0.02605303069947822,0.0683003474111951,0.18746109748704096,0.01597455665255825,16
14,3,4,0.0,0.00014305370288858477,0.2698412698412698,1.0,0.0010989691525775446,1.83953043930029e-05,0.02457883807415455,0.055769977028410266,0.20570229693165182,0.016920779472420894,16
14,3,8,0.0,0.00017251137367202407,0.48148148148148145,1.0,0.0010989691525775446,1.83953043930029e-05,0.02457883807415455,0.055769977028410266,0.20570229693165182,0.016920779472420894,16
14,3,4,2.220446049250313e-16,0.0007701078346389334,0.5555555555555555,1.0,0.0007989522568146788,1.9714214536758257e-05,0.027336044003843617,0.07446937269781534,0.1654344112842298,0.015249561415402547,16
14,3,8,2.220446049250313e-16,0.001086544100724618,0.6592592592592593,1.0,0.0007989522568146788,1.9714214536758257e-05,0.027336044003843617,0.07446937269781534,0.1654344112842298,0.015249561415402547,16
14,3,4,2.220446049250313e-16,0.00039411260215205246,0.5555555555555555,1.0,0.0008401162247112605,2.238911016488603e-05,0.02933590970485836,0.08566700691119607,0.1634452452184546,0.015209844973436635,16
14,3,8,2.220446049250313e-16,0.0012553911214192581,0.5555555555555555,1.0,0.0008401162247112605,2.238911016488603e-05,0.02933590970485836,0.08566700691119607,0.1634452452184546,0.015209844973436635,16
14,3,4,0.0,0.0015500891264967898,0.2698412698412698,0.35873015873015873,0.0007813977640043227,3.658021438457061e-05,0.029392149184121367,0.14289732203024424,0.15898352357903694,0.015378171956109023,16
14,3,8,0.0,0.00016966940574825173,0.5515151515151514,0.41414141414141414,0.0007813977640043227,3.658021438457061e-05,0.029392149184121367,0.14289732203024424,0.15898352357903694,0.015378171956109023,16
14,3,4,0.0,0.001615526373437648,0.2698412698412698,0.5111111111111111,0.0005779003192810069,2.4178801317676643e-05,0.037488726630841254,0.18506314202694313,0.11926659237136407,0.011171033968028012,16
14,3,8,0.0,0.0015178528349828468,0.4222222222222222,0.46262626262626266,0.0005779003192810069,2.4178801317676643e-05,0.037488726630841254,0.18506314202694313,0.11926659237136407,0.011171033968028012,16
14,3,4,0.0,0.0006988630471729262,0.4222222222222222,0.7333333333333334,0.0010642232491622097,1.6438459401643284e-05,0.06584783835466217,0.169516530711563,0.12115483019681576,0.009532370261254338,16
14,3,8,0.0,0.000996399684938476,0.5515151515151515,0.5555555555555555,0.0010642232491622097,1.6438459401643284e-05,0.06584783835466217,0.169516530711563,0.12115483019681576,0.009532370261254338,16
14,3,4,0.0,0.001107648685439555,0.2698412698412698,0.5111111111111111,0.0007551952739062001,2.572025197018811e-05,0.018801210352281356,0.06955235532510967,0.19223229741600048,0.018654016033690466,16
14,3,8,0.0,0.0022932487792878264,0.46262626262626255,0.6107744107744107,0.0007551952739062001,2.572025197018811e-05,0.018801210352281356,0.06955235532510967,0.19223229741600048,0.018654016033690466,16
14,3,4,0.0,0.0024587524963237684,0.4222222222222222,0.3333333333333333,0.00044108600062741824,1.8982386420625436e-05,0.02496771456833038,0.09002654194094716,0.1255925722358643,0.013670189725852506,17
14,3,8,0.0,0.0009321099324931525,0.5515151515151514,0.6592592592592593,0.00044108600062741824,1.8982386420625436e-05,0.02496771456833038,0.09002654194094716,0.1255925722358643,0.013670189725852506,17
14,3,4,0.0,0.000508932718197519,0.5555555555555555,1.0,0.0005358156570051993,1.6102461590975304e-05,0.01418155526383351,0.04274115630893761,0.1861708930629723,0.017017711998145304,17
14,3,8,0.0,0.0008610541710232233,0.5515151515151515,1.0,0.0005358156570051993,1.6102461590975304e-05,0.01418155526383351,0.04274115630893761,0.1861708930629723,0.017017711998145304,17
14,3,4,2.220446049250313e-16,0.0010331719990429589,0.4222222222222222,0.3333333333333333,0.0006977874387712882,1.9147686161161498e-05,0.016579966635866687,0.04858592030439952,0.19870114049867826,0.017775969759234265,17
14,3,8,2.220446049250313e-16,0.0008643717016902919,0.503030303030303,0.48148148148148145,0.0006977874387712882,1.9147686161161498e-05,0.016579966635866687,0.04858592030439952,0.19870114049867826,0.017775969759234265,17
14,3,4,0.0,0.003291404104567741,0.4222222222222222,0.4222222222222222,0.0005007195436228213,1.696474699261874e-05,0.022792698504427375,0.06766048661862274,0.1425360618673831,0.014388766830969988,17
14,3,8,0.0,0.003387765871839088,0.503030303030303,0.48148148148148145,0.0005007195436228213,1.696474699261874e-05,0.022792698504427375,0.06766048661862274,0.1425360618673831,0.014388766830969988,17
14,3,4,0.0,0.0017721229704501518,0.4222222222222222,0.5111111111111111,0.00040487675089325787,1.585768094028922e-05,0.018886303627112563,0.06137391566524104,0.14208354152828742,0.015407502906487836,17
14,3,8,0.0,0.0011188326287796535,0.4222222222222222,0.41414141414141414,0.00040487675089325787,1.585768094028922e-05,0.018886303627112563,0.06137391566524104,0.14208354152828742,0.015407502906487836,17
14,3,4,2.220446049250313e-16,0.003652826046949942,0.20634920634920637,0.42857142857142855,0.0006742809269041343,1.986679065798255e-05,0.01876460517587715,0.05198008187282466,0.18418959518845227,0.01762262820852312,17
14,3,8,2.220446049250313e-16,0.00450369637583381,0.5515151515151514,0.6363636363636364,0.0006742809269041343,1.986679065798255e-05,0.01876460517587715,0.05198008187282466,0.18418959518845227,0.01762262820852312,17
14,3,4,0.0,0.0008816327511040889,0.5555555555555555,0.42857142857142855,0.0005822387219833358,0.0003356569170197352,0.044774290705497016,0.44012623825480424,0.11057692331777298,0.026279210838903465,17
14,3,8,0.0,0.002428836251605615,0.7333333333333334,0.4871794871794872,0.0005822387219833358,0.0003356569170197352,0.044774290705497016,0.44012623825480424,0.11057692331777298,0.026279210838903465,17
14,3,4,0.0,0.0004106261654457377,0.6,0.3333333333333333,0.000942324762558035,1.9166141925130074e-05,0.024314697808276553,0.07572797088670341,0.19416131657634925,0.014311332045901192,17
14,3,8,0.0,0.00018508523454174863,0.6592592592592593,0.6363636363636364,0.000942324762558035,1.9166141925130074e-05,0.024314697808276553,0.07572797088670341,0.19416131657634925,0.014311332045901192,17
14,3,4,2.220446049250313e-16,0.0012088748816425632,0.24761904761904763,0.35873015873015873,0.000987894737388874,2.3703729060196623e-05,0.1499895335633364,0.3075839356476911,0.07613193665131937,0.008284451309697152,18
14,3,8,2.220446049250313e-16,9.618487567419898e-05,0.46262626262626255,0.5622895622895623,0.000987894737388874,2.3703729060196623e-05,0.1499895335633364,0.3075839356476911,0.07613193665131937,0.008284451309697152,18
14,3,4,2.220446049250313e-16,0.0011093185453725507,1.0,0.7333333333333334,0.0011972829378891668,2.2079446254517375e-05,0.09303062560123307,0.14756161859378417,0.10891793718167965,0.01147016936512216,18
14,3,8,2.220446049250313e-16,0.0005353445864451079,0.6,0.7333333333333334,0.0011972829378891668,2.2079446254517375e-05,0.09303062560123307,0.14756161859378417,0.10891793718167965,0.01147016936512216,18
14,3,4,0.0,0.0037759212199983683,0.5555555555555555,0.6,0.0012989188193793914,3.235291395120436e-05,0.080671160157948,0.18133771578015923,0.11944822280958446,0.01245208661016959,18
14,3,8,0.0,0.0014882008088050735,0.5111111111111111,0.5515151515151514,0.0012989188193793914,3.235291395120436e-05,0.080671160157948,0.18133771578015923,0.11944822280958446,0.01245208661016959,18
14,3,4,1.1102230246251565e-16,0.0010656296164832657,0.7333333333333334,0.5555555555555555,0.0016133202197825276,1.852453054590398e-05,0.19114503917390238,0.25300093370091126,0.08767248679389135,0.00816176816160889,18
14,3,8,1.1102230246251565e-16,0.0003627910855112937,0.6107744107744107,0.521885521885522,0.0016133202197825276,1.852453054590398e-05,0.19114503917390238,0.25300093370091126,0.08767248679389135,0.00816176816160889,18
14,3,4,0.0,0.00016801232859608994,0.5555555555555555,0.35873015873015873,0.0011175764298030372,1.636120469402535e-05,0.1011607501989898,0.15204707489345456,0.1020886753321924,0.010015637942850687,18
14,3,8,0.0,6.209996054007405e-05,0.5111111111111111,0.6592592592592593,0.0011175764298030372,1.636120469402535e-05,0.1011607501989898,0.15204707489345456,0.1020886753321924,0.010015637942850687,18
14,3,4,0.0,0.0008212241763405626,0.7333333333333334,0.7333333333333334,0.0015083826843359104,3.383482291163581e-05,0.07644825082742027,0.14870015063947728,0.13418863460097263,0.014146620102128908,18
14,3,8,0.0,0.00024417871429016635,0.7185185185185184,0.8518518518518517,0.0015083826843359104,3.383482291163581e-05,0.07644825082742027,0.14870015063947728,0.13418863460097263,0.014146620102128908,18
14,3,4,0.0,0.0007904548448340876,0.7333333333333334,0.5111111111111111,0.0015033089872829046,2.5339790122294502e-05,0.129550416648197,0.18778584844832413,0.10452734977929119,0.011102152352465831,18
14,3,8,0.0,0.0007442162111246375,0.6592592592592593,0.6592592592592593,0.0015033089872829046,2.5339790122294502e-05,0.129550416648197,0.18778584844832413,0.10452734977929119,0.011102152352465831,18
14,3,4,2.220446049250313e-16,0.0003598474360513304,0.7333333333333334,0.42857142857142855,0.0012694553065832374,2.3730772128017978e-05,0.07299544385194927,0.13483133810169615,0.12549543362183202,0.012668973580138262,18
14,3,8,2.220446049250313e-16,0.00024887493513681136,0.6,0.7777777777777778,0.0012694553065832374,2.3730772128017978e-05,0.07299544385194927,0.13483133810169615,0.12549543362183202,0.012668973580138262,18
14,3,4,2.220446049250313e-16,0.00026245276665937123,0.5111111111111111,0.35873015873015873,0.0020917666702277606,2.351821333000808e-05,0.06378088186133138,0.14493296382552695,0.1761525605220354,0.012004669674782746,19
14,3,8,2.220446049250313e-16,0.0005010680894912412,0.6107744107744107,0.521885521885522,0.0020917666702277606,2.351821333000808e-05,0.06378088186133138,0.14493296382552695,0.1761525605220354,0.012004669674782746,19
14,3,4,0.0,0.000451960628759962,0.35873015873015873,0.7333333333333334,0.0014011566620056304,2.077879488492261e-05,0.010302646962027881,0.022560338122391842,0.33162602179001255,0.025260531915991105,19
14,3,8,0.0,0.0002130251714735909,0.7777777777777778,0.8518518518518517,0.0014011566620056304,2.077879488492261e-05,0.010302646962027881,0.022560338122391842,0.33162602179001255,0.025260531915991105,19
14,3,4,0.0,0.00030243446898836623,0.6,0.7333333333333334,0.001642155032971047,1.9750844281627008e-05,0.04033451922885144,0.09300970191683834,0.19021824092170128,0.013826072161722413,19
14,3,8,0.0,0.0037246003604582967,0.46262626262626266,0.7333333333333334,0.001642155032971047,1.9750844281627008e-05,0.04033451922885144,0.09300970191683834,0.19021824092170128,0.013826072161722413,19
14,3,4,0.0,0.0008688871450175384,0.6,1.0,0.0004595121008245573,,0.1908820194839362,,0.04702432608577511,,19
14,3,8,0.0,0.00034075556179224975,0.5622895622895623,1.0,0.0004595121008245573,,0.1908820194839362,,0.04702432608577511,,19
14,3,4,1.1102230246251565e-16,0.005227318380831014,0.2698412698412698,0.5111111111111111,0.0014691031612786185,2.7716357375521846e-05,0.029532885558182502,0.06280243875311041,0.21563957251475435,0.019756197735327226,19
14,3,8,1.1102230246251565e-16,0.0016939783538671982,0.6,0.5622895622895623,0.0014691031612786185,2.7716357375521846e-05,0.029532885558182502,0.06280243875311041,0.21563957251475435,0.019756197735327226,19
14,3,4,0.0,0.0006090448142663796,0.5111111111111111,0.7333333333333334,0.0015127957470517798,2.1852623545042392e-05,0.013282630206177417,0.025826077359253925,0.311828277167769,0.024157613676770405,19
14,3,8,0.0,0.0012804338435028484,0.7185185185185184,0.6107744107744107,0.0015127957470517798,2.1852623545042392e-05,0.013282630206177417,0.025826077359253925,0.311828277167769,0.024157613676770405,19
14,3,4,2.220446049250313e-16,0.00031324708570756865,0.4222222222222222,0.5555555555555555,0.0010567718833711585,3.849852514777305e-05,0.018472326523525318,0.12156021523519717,0.22766214848257596,0.01692755977782689,19
14,3,8,2.220446049250313e-16,0.001548016304011024,0.5622895622895623,0.5111111111111111,0.0010567718833711585,3.849852514777305e-05,0.018472326523525318,0.12156021523519717,0.22766214848257596,0.01692755977782689,19
14,3,4,0.0,0.0020791624959558552,0.5555555555555555,1.0,0.0017419590150402793,1.989285125918001e-05,0.03906619695187481,0.071001391307134,0.20232092850387814,0.015869213409887277,19
14,3,8,0.0,0.000552997434240643,0.521885521885522,1.0,0.0017419590150402793,1.989285125918001e-05,0.03906619695187481,0.071001391307134,0.20232092850387814,0.015869213409887277,19
14,4,4,0.0,0.006632685861398757,0.2698412698412698,0.10317460317460318,0.0010306606791577713,2.262806238657417e-05,0.1034621654802595,0.21839362810512844,0.09670611833894843,0.009947556284757152,0
14,4,8,0.0,0.0018918982564739562,0.5272727272727272,0.4478114478114478,0.0010306606791577713,2.262806238657417e-05,0.1034621654802595,0.21839362810512844,0.09670611833894843,0.009947556284757152,0
14,4,4,0.0,0.0005254682217035178,0.22698412698412695,0.4222222222222222,0.0005677712924542072,4.420514272000914e-05,0.06679566845831071,0.2395994117064964,0.09012695810042969,0.013049683256032719,0
14,4,8,0.0,0.0009478714014412581,0.6107744107744107,0.48282828282828283,0.0005677712924542072,4.420514272000914e-05,0.06679566845831071,0.2395994117064964,0.09012695810042969,0.013049683256032719,0
14,4,4,2.220446049250313e-16,0.0013170882468125367,0.5333333333333333,0.5333333333333333,0.0009866720509172945,2.192793573913161e-05,0.03529541752884392,0.05166060234861144,0.15854613515621577,0.018224931540662577,0
14,4,8,2.220446049250313e-16,0.0018729648508506447,0.635016835016835,0.5535353535353535,0.0009866720509172945,2.192793573913161e-05,0.03529541752884392,0.05166060234861144,0.15854613515621577,0.018224931540662577,0
14,4,4,1.1102230246251565e-16,0.00618335156697758,0.35873015873015873,0.38095238095238093,0.0009397921462986026,2.7468536798661628e-05,0.03945531589669197,0.1397415957232827,0.14999364551705138,0.013701318031836692,0
14,4,8,1.1102230246251565e-16,0.00023823547744661333,0.5164983164983165,0.46262626262626266,0.0009397921462986026,2.7468536798661628e-05,0.03945531589669197,0.1397415957232827,0.14999364551705138,0.013701318031836692,0
14,4,4,1.1102230246251565e-16,2.896625883863635e-05,0.28253968253968254,0.30158730158730157,0.0009947686703229697,2.310238785996284e-05,0.05971103180509902,0.10164059757765143,0.12372256368290843,0.014738380881553777,0
14,4,8,1.1102230246251565e-16,0.0007691834253702456,0.48282828282828283,0.5737373737373738,0.0009947686703229697,2.310238785996284e-05,0.05971103180509902,0.10164059757765143,0.12372256368290843,0.014738380881553777,0
14,4,4,0.0,0.001968437700164971,0.2587301587301587,0.2587301587301587,0.0009128521984173423,1.824222078526495e-05,0.08537518529419424,0.19045298011655876,0.1002527586091279,0.00939558518149348,0
14,4,8,0.0,0.0010112973778380052,0.6107744107744107,0.5663299663299664,0.0009128521984173423,1.824222078526495e-05,0.08537518529419424,0.19045298011655876,0.1002527586091279,0.00939558518149348,0
14,4,4,1.1102230246251565e-16,0.00011449623311254875,0.1714285714285714,0.21428571428571427,0.0007187496145927125,2.8297648527379585e-05,0.03532775221183895,0.08612149162746832,0.13601947802615091,0.01701065489971066,0
14,4,8,1.1102230246251565e-16,0.0022651111538796176,0.48282828282828283,0.4343434343434343,0.0007187496145927125,2.8297648527379585e-05,0.03532775221183895,0.08612149162746832,0.13601947802615091,0.01701065489971066,0
14,4,4,2.220446049250313e-16,0.002714925828460668,0.4222222222222222,0.3142857142857143,0.0015151293942201923,1.891277970775901e-05,0.028063326355727437,0.060693984570525356,0.22747737655856953,0.0171339620620613,0
14,4,8,2.220446049250313e-16,0.0006988952424866746,0.4994042994042995,0.5939393939393939,0.0015151293942201923,1.891277970775901e-05,0.028063326355727437,0.060693984570525356,0.22747737655856953,0.0171339620620613,0
14,4,4,0.0,7.116638066650971e-05,0.43492063492063493,0.35873015873015873,0.0005978880358481469,1.4319841830847564e-05,0.019633468905409686,0.07024229458052875,0.16508699346541103,0.013768926223395163,1
14,4,8,0.0,0.0024225954747890688,0.5811447811447812,0.521885521885522,0.0005978880358481469,1.4319841830847564e-05,0.019633468905409686,0.07024229458052875,0.16508699346541103,0.013768926223395163,1
14,4,4,0.0,0.0027489635595248085,0.34603174603174597,0.2825396825396825,0.0007281691400679798,1.9158900761901407e-05,0.018183161401022104,0.05577285139568036,0.17785246423091408,0.015695535337509177,1
14,4,8,0.0,0.0005437808323137672,0.503030303030303,0.6053872053872055,0.0007281691400679798,1.9158900761901407e-05,0.018183161401022104,0.05577285139568036,0.17785246423091408,0.015695535337509177,1
14,4,4,0.0,0.0005584203006721022,0.43492063492063493,0.7333333333333334,0.0005924743874865405,1.042344585508433e-05,0.02493808329732364,0.04854594286955948,0.14852516777102542,0.013712543229781965,1
14,4,8,0.0,0.0005217047047255674,0.4922558922558922,0.6363636363636364,0.0005924743874865405,1.042344585508433e-05,0.02493808329732364,0.04854594286955948,0.14852516777102542,0.013712543229781965,1
14,4,4,0.0,0.0001283076456369825,0.6222222222222222,0.22698412698412698,0.0004508924835861047,2.7984951381079527e-05,0.02658156857494359,0.20166462971406526,0.12733650496908608,0.011223778394888757,1
14,4,8,0.0,0.001032830598953427,0.560942760942761,0.4343434343434343,0.0004508924835861047,2.7984951381079527e-05,0.02658156857494359,0.20166462971406526,0.12733650496908608,0.011223778394888757,1
14,4,4,0.0,0.00020121538590134325,0.3142857142857143,0.40317460317460313,0.0006685933874167485,1.320208006024499e-05,0.03174883811614515,0.10341651562061456,0.139206656898138,0.010910158879642733,1
14,4,8,0.0,0.0012482935779258852,0.5272727272727272,0.48458948458948464,0.0006685933874167485,1.320208006024499e-05,0.03174883811614515,0.10341651562061456,0.139206656898138,0.010910158879642733,1
14,4,4,2.220446049250313e-16,0.000887702535744106,0.3904761904761905,0.5333333333333333,0.0005992624877932958,1.5247697169714179e-05,0.03055179668956365,0.11847651128103118,0.13698503151875482,0.010744818719416568,1
14,4,8,2.220446049250313e-16,0.0001768044389243162,0.5515151515151515,0.5811447811447811,0.0005992624877932958,1.5247697169714179e-05,0.03055179668956365,0.11847651128103118,0.13698503151875482,0.010744818719416568,1
14,4,4,1.1102230246251565e-16,0.0034786463295208847,0.6222222222222223,0.5555555555555555,0.0011553308403354848,1.0690074461517321e-05,0.026192897982639247,0.04592723121786106,0.2022783894932724,0.013662101645319802,1
14,4,8,1.1102230246251565e-16,0.0019807975271084466,0.4383838383838383,0.5555555555555555,0.0011553308403354848,1.0690074461517321e-05,0.026192897982639247,0.04592723121786106,0.2022783894932724,0.013662101645319802,1
14,4,4,1.1102230246251565e-16,0.0005246201747708401,0.5015873015873016,0.6,0.0006126554198378005,1.3155703568940923e-05,0.02355873406941234,0.056229579350264056,0.15328480830953042,0.013971897729303462,1
14,4,8,1.1102230246251565e-16,0.0005709310750114938,0.6053872053872054,0.8518518518518517,0.0006126554198378005,1.3155703568940923e-05,0.02355873406941234,0.056229579350264056,0.15328480830953042,0.013971897729303462,1
14,4,4,0.0,7.027933464653913e-05,0.5111111111111112,0.30317460317460315,0.0007135779406368195,9.520788961442686e-06,0.11833041588128539,0.3675336235719839,0.07581866656355515,0.0049183417898347875,2
14,4,8,0.0,0.0004232997217898937,0.6962962962962963,0.5124579124579125,0.0007135779406368195,9.520788961442686e-06,0.11833041588128539,0.3675336235719839,0.07581866656355515,0.0049183417898347875,2
14,4,4,0.0,0.0009466121478887146,0.3142857142857142,0.35873015873015873,0.0007482864594120252,1.0586143805772374e-05,0.06006221258770876,0.12003009344168192,0.10939736138293159,0.009006877988980101,2
14,4,8,0.0,0.0006621842589462634,0.48282828282828283,0.6363636363636364,0.0007482864594120252,1.0586143805772374e-05,0.06006221258770876,0.12003009344168192,0.10939736138293159,0.009006877988980101,2
14,4,4,0.0,0.0012249566339042062,0.46666666666666673,0.38095238095238093,0.0010057986123343733,1.2378084006107015e-05,0.15847661928968115,0.48016023917871403,0.0771613189381561,0.004978913699416376,2
14,4,8,0.0,0.000999567172685456,0.6888888888888888,0.468013468013468,0.0010057986123343733,1.2378084006107015e-05,0.15847661928968115,0.48016023917871403,0.0771613189381561,0.004978913699416376,2
14,4,4,2.220446049250313e-16,0.00435048974908514,0.3142857142857143,0.2698412698412698,0.0008781481588625277,1.9283363651944222e-05,0.02836468092426029,0.09038711442701755,0.16868592799927143,0.013188971976131364,2
14,4,8,2.220446049250313e-16,0.0016541480147551635,0.4585858585858586,0.5367003367003367,0.0008781481588625277,1.9283363651944222e-05,0.02836468092426029,0.09038711442701755,0.16868592799927143,0.013188971976131364,2
14,4,4,0.0,0.0007251904174727652,0.46666666666666673,0.4222222222222222,0.0009966032640357184,1.658958625610467e-05,0.05454284762213651,0.15102926934108837,0.1279450026764118,0.01005364674293713,2
14,4,8,0.0,0.001766060575082995,0.46262626262626266,0.7333333333333334,0.0009966032640357184,1.658958625610467e-05,0.05454284762213651,0.15102926934108837,0.1279450026764118,0.01005364674293713,2
14,4,4,2.220446049250313e-16,0.00034933997979047504,0.5555555555555556,0.4666666666666666,0.0005553468752394002,1.563350803851816e-05,0.05832294681468978,0.13567898125549527,0.09320976362778671,0.010314801362415582,2
14,4,8,2.220446049250313e-16,0.00024597397296677315,0.6053872053872055,0.5272727272727272,0.0005553468752394002,1.563350803851816e-05,0.05832294681468978,0.13567898125549527,0.09320976362778671,0.010314801362415582,2
14,4,4,0.0,0.00018969231495002958,0.41269841269841273,0.3142857142857142,0.0008053092081450868,1.480583413988211e-05,0.18356406237677636,0.47512898483399907,0.06396025542153676,0.005413514278373682,2
14,4,8,0.0,0.00023160515567155482,0.5515151515151515,0.4646464646464646,0.0008053092081450868,1.480583413988211e-05,0.18356406237677636,0.47512898483399907,0.06396025542153676,0.005413514278373682,2
14,4,4,0.0,0.0011511494507039366,0.37777777777777777,0.23809523809523805,0.0009943740872279169,1.458110863637917e-05,0.07201485282229438,0.15679790718376124,0.11436374320725404,0.008773656346144335,2
14,4,8,0.0,0.0008589646918684135,0.5811447811447812,0.5535353535353535,0.0009943740872279169,1.458110863637917e-05,0.07201485282229438,0.15679790718376124,0.11436374320725404,0.008773656346144335,2
14,4,4,0.0,0.0008484219246599478,0.2698412698412698,0.3142857142857142,0.0005645150922844246,1.539133150096422e-05,0.02184696675992045,0.061430718593881654,0.1576212119802084,0.014805984538825924,3
14,4,8,0.0,0.005394725700739622,0.5515151515151515,0.47878787878787876,0.0005645150922844246,1.539133150096422e-05,0.02184696675992045,0.061430718593881654,0.1576212119802084,0.014805984538825924,3
14,4,4,0.0,0.0009663698700626,0.2825396825396825,0.37777777777777777,0.0004946486662248589,1.302963475693183e-05,0.02295977711471219,0.06708884668205037,0.14273666520303388,0.013469955344358261,3
14,4,8,0.0,0.00023777755176856985,0.4212898212898213,0.5454545454545454,0.0004946486662248589,1.302963475693183e-05,0.02295977711471219,0.06708884668205037,0.14273666520303388,0.013469955344358261,3
14,4,4,0.0,0.0010793070824530737,0.20317460317460315,0.21428571428571427,0.000695767792858828,1.4822471265040122e-05,0.037885029950026426,0.08788118237598207,0.12264587944380628,0.01230474476854462,3
14,4,8,0.0,0.0009069115749880119,0.48282828282828283,0.4868686868686869,0.000695767792858828,1.4822471265040122e-05,0.037885029950026426,0.08788118237598207,0.12264587944380628,0.01230474476854462,3
14,4,4,0.0,0.0031506262152873887,0.37777777777777777,0.3587301587301588,0.00041760581349925823,1.2620153860149808e-05,0.019255206110707475,0.06450685347307607,0.14090198499894685,0.013301112756965779,3
14,4,8,0.0,0.000857385436825675,0.4922558922558922,0.503030303030303,0.00041760581349925823,1.2620153860149808e-05,0.019255206110707475,0.06450685347307607,0.14090198499894685,0.013301112756965779,3
14,4,4,0.0,7.778560776383614e-06,0.2698412698412698,0.5111111111111111,0.0005804381447599892,1.419213512098511e-05,0.024968146874459557,0.06938694002178512,0.14519661281205132,0.013464547899921136,3
14,4,8,0.0,0.002173966744113409,0.46262626262626255,0.6363636363636364,0.0005804381447599892,1.419213512098511e-05,0.024968146874459557,0.06938694002178512,0.14519661281205132,0.013464547899921136,3
14,4,4,0.0,0.0017003888410667134,0.4444444444444444,0.3904761904761904,0.0005084232821668844,0.00012867996950231117,0.03194431141652949,0.2462595294034866,0.12157467562794413,0.021120488388420573,3
14,4,8,0.0,0.0012017857115432795,0.5515151515151515,0.6107744107744107,0.0005084232821668844,0.00012867996950231117,0.03194431141652949,0.2462595294034866,0.12157467562794413,0.021120488388420573,3
14,4,4,0.0,0.0018222704191686034,0.27777777777777773,0.42857142857142855,0.0006606829935758625,1.7499930578143623e-05,0.043115222654495904,0.13734063676515051,0.11940601672591683,0.010598626985280765,3
14,4,8,0.0,0.0033634924141041633,0.46262626262626266,0.5555555555555555,0.0006606829935758625,1.7499930578143623e-05,0.043115222654495904,0.13734063676515051,0.11940601672591683,0.010598626985280765,3
14,4,4,2.220446049250313e-16,0.0024987179960304085,0.24603174603174602,0.4888888888888889,0.0006820536362100443,1.3899639653067911e-05,0.032336787024942096,0.07433620833505337,0.13783961245696952,0.01281080592191877,3
14,4,8,2.220446049250313e-16,0.003451548806254978,0.468013468013468,0.5663299663299664,0.0006820536362100443,1.3899639653067911e-05,0.032336787024942096,0.07433620833505337,0.13783961245696952,0.01281080592191877,3
14,4,4,0.0,0.0021899314809079584,0.25079365079365074,0.3333333333333333,0.0009482189798088255,1.9700992148051813e-05,0.030147454764842402,0.07904919120902495,0.16205778594263512,0.014873799978507019,4
14,4,8,0.0,0.002191800558659196,0.5070707070707071,0.593939393939394,0.0009482189798088255,1.9700992148051813e-05,0.030147454764842402,0.07904919120902495,0.16205778594263512,0.014873799978507019,4
14,4,4,2.220446049250313e-16,0.0004992240918237911,0.23809523809523805,0.3333333333333333,0.0007385832947997627,1.8058851338431066e-05,0.03610375996484977,0.11625292884533324,0.1343209215299224,0.012171748502002745,4
14,4,8,2.220446049250313e-16,0.00028853011956764263,0.48282828282828283,0.6,0.0007385832947997627,1.8058851338431066e-05,0.03610375996484977,0.11625292884533324,0.1343209215299224,0.012171748502002745,4
14,4,4,0.0,0.0026699995992498504,0.5333333333333333,0.34603174603174597,0.0005571972510357105,2.6182755365342145e-05,0.02496202137787933,0.08867993277926817,0.14306506984631043,0.016163436351530096,4
14,4,8,0.0,0.0033532727845981825,0.5757575757575758,0.688888888888889,0.0005571972510357105,2.6182755365342145e-05,0.02496202137787933,0.08867993277926817,0.14306506984631043,0.016163436351530096,4
14,4,4,0.0,0.003137174808280019,0.40317460317460313,0.2698412698412698,0.0005290479598906637,2.3036637071770027e-05,0.03438338821091638,0.10028793857989524,0.1182791147472436,0.012881209195532347,4
14,4,8,0.0,0.0021869081635178533,0.5313131313131313,0.4181818181818182,0.0005290479598906637,2.3036637071770027e-05,0.03438338821091638,0.10028793857989524,0.1182791147472436,0.012881209195532347,4
14,4,4,0.0,0.002582872880969145,0.2587301587301587,0.3904761904761904,0.0007187590920685461,1.8889612175198854e-05,0.04628264030247607,0.10513513863198269,0.11663794367051732,0.012603391767069583,4
14,4,8,0.0,0.0004919259848370494,0.48282828282828283,0.5292929292929293,0.0007187590920685461,1.8889612175198854e-05,0.04628264030247607,0.10513513863198269,0.11663794367051732,0.012603391767069583,4
14,4,4,0.0,0.0024617100252939395,0.3349206349206349,0.2825396825396825,0.0005689628805764053,2.1525053161978385e-05,0.040435625527613366,0.10317112211047988,0.11574545066287246,0.01388702318134117,4
14,4,8,0.0,0.0023795023347572553,0.5164983164983165,0.45495985495985497,0.0005689628805764053,2.1525053161978385e-05,0.040435625527613366,0.10317112211047988,0.11574545066287246,0.01388702318134117,4
14,4,4,0.0,0.0018892260691697471,0.3349206349206349,0.3904761904761904,0.00048209755804481214,1.8335212233120838e-05,0.04067664323569173,0.12599406588305517,0.10455327380564698,0.011407024329536478,4
14,4,8,0.0,0.0020743511805876302,0.4181818181818182,0.5313131313131313,0.00048209755804481214,1.8335212233120838e-05,0.04067664323569173,0.12599406588305517,0.10455327380564698,0.011407024329536478,4
14,4,4,1.1102230246251565e-16,0.0023846642234137683,0.18253968253968253,0.326984126984127,0.0008564155225491141,1.8402794186464898e-05,0.03776877890633053,0.09327657916364973,0.14719644257312237,0.013438881342528408,4
14,4,8,1.1102230246251565e-16,0.00028836751042793374,0.48282828282828283,0.4792022792022792,0.0008564155225491141,1.8402794186464898e-05,0.03776877890633053,0.09327657916364973,0.14719644257312237,0.013438881342528408,4
14,4,4,0.0,0.0007387945247105954,0.3142857142857142,0.34603174603174597,0.000591361360273148,1.2085593639604925e-05,0.04212275032103265,0.08799080980524784,0.11512209334730111,0.011168100951685973,5
14,4,8,0.0,0.0008909099790632702,0.5272727272727272,0.48282828282828283,0.000591361360273148,1.2085593639604925e-05,0.04212275032103265,0.08799080980524784,0.11512209334730111,0.011168100951685973,5
14,4,4,0.0,0.0032772799321323376,0.30158730158730157,0.22698412698412695,0.00036616672631663,9.750672039738947e-06,0.0341828286872038,0.09006704476235253,0.10088227496722331,0.010048219439832322,5
14,4,8,0.0,0.004154010164684641,0.7481481481481481,0.5569023569023569,0.00036616672631663,9.750672039738947e-06,0.0341828286872038,0.09006704476235253,0.10088227496722331,0.010048219439832322,5
14,4,4,2.220446049250313e-16,1.6080190203604516e-05,0.1952380952380952,0.20317460317460315,0.00030663856442626324,1.004645955687827e-05,0.05173541182306846,0.10350295778623447,0.0747280727084317,0.009396784934621186,5
14,4,8,2.220446049250313e-16,0.002157821597301268,0.503030303030303,0.4455322455322455,0.00030663856442626324,1.004645955687827e-05,0.05173541182306846,0.10350295778623447,0.0747280727084317,0.009396784934621186,5
14,4,4,1.1102230246251565e-16,0.000514071709399877,0.5111111111111112,0.1714285714285714,0.0006256698513748277,1.0020618419004595e-05,0.05648913093899057,0.10414503646980454,0.10216712233145295,0.00966656153220871,5
14,4,8,1.1102230246251565e-16,0.003815354386414449,0.5084175084175084,0.42533022533022535,0.0006256698513748277,1.0020618419004595e-05,0.05648913093899057,0.10414503646980454,0.10216712233145295,0.00966656153220871,5
14,4,4,1.1102230246251565e-16,0.0012501997061855619,0.5333333333333333,0.29047619047619044,0.00036459637936077664,1.0130230956865885e-05,0.10598518689476782,0.26765881464213015,0.05716683725414085,0.005838165911671652,5
14,4,8,1.1102230246251565e-16,0.0011020940232175924,0.5865319865319866,0.4424242424242424,0.00036459637936077664,1.0130230956865885e-05,0.10598518689476782,0.26765881464213015,0.05716683725414085,0.005838165911671652,5
14,4,4,1.1102230246251565e-16,8.827764960772644e-05,0.5555555555555556,0.35873015873015873,0.000426582493331141,1.460700455375924e-05,0.0799952844058695,0.18895203133902405,0.07138660695114647,0.008535156852830983,5
14,4,8,1.1102230246251565e-16,0.000809347633499824,0.503030303030303,0.41414141414141414,0.000426582493331141,1.460700455375924e-05,0.0799952844058695,0.18895203133902405,0.07138660695114647,0.008535156852830983,5
14,4,4,0.0,0.0008529136378079283,0.34920634920634913,0.38888888888888884,0.0003089137263323975,1.2140680752351073e-05,0.057881531194827876,0.12134616116761998,0.06994890047220964,0.009608650016037966,5
14,4,8,0.0,0.00035328246744847913,0.5569023569023569,0.34358974358974365,0.0003089137263323975,1.2140680752351073e-05,0.057881531194827876,0.12134616116761998,0.06994890047220964,0.009608650016037966,5
14,4,4,2.220446049250313e-16,0.0005811455180614322,0.5333333333333333,0.35873015873015873,0.0004000539606414835,1.1069142601534343e-05,0.15676085938192,0.30140253783224674,0.04893960173420461,0.005861781416741438,5
14,4,8,2.220446049250313e-16,0.00039055798380516205,0.5164983164983165,0.48282828282828283,0.0004000539606414835,1.1069142601534343e-05,0.15676085938192,0.30140253783224674,0.04893960173420461,0.005861781416741438,5
14,4,4,3.3306690738754696e-16,0.0006221210244008457,0.3904761904761904,0.24603174603174602,0.00036446913870724287,2.4675744837993092e-05,0.05263906208227425,0.15390865851914254,0.07881347638638517,0.011413652205671858,6
14,4,8,3.3306690738754696e-16,0.00238031670496186,0.5811447811447811,0.4455322455322455,0.00036446913870724287,2.4675744837993092e-05,0.05263906208227425,0.15390865851914254,0.07881347638638517,0.011413652205671858,6
14,4,4,0.0,0.001980047381427319,0.21428571428571427,0.2825396825396825,0.0004273843106461907,2.4545883228617057e-05,0.04021163076088731,0.11447668563302704,0.09635104283394684,0.013553688380196391,6
14,4,8,0.0,0.00012395523141739417,0.5272727272727272,0.41414141414141414,0.0004273843106461907,2.4545883228617057e-05,0.04021163076088731,0.11447668563302704,0.09635104283394684,0.013553688380196391,6
14,4,4,2.220446049250313e-16,0.0011277842861698861,0.4666666666666666,0.29523809523809524,0.0004655111829999648,2.4239512095655292e-05,0.04131411571496375,0.10349540157070415,0.09987365628851344,0.014384306690662025,6
14,4,8,2.220446049250313e-16,1.87772104474071e-05,0.6053872053872055,0.48282828282828283,0.0004655111829999648,2.4239512095655292e-05,0.04131411571496375,0.10349540157070415,0.09987365628851344,0.014384306690662025,6
14,4,4,0.0,0.0014438671532095437,0.2698412698412698,0.3460317460317461,0.000506362290080032,2.234318446734366e-05,0.05602044090795137,0.1630618997964991,0.08834399865345915,0.010891782551262507,6
14,4,8,0.0,0.0012633107335008331,0.503030303030303,0.5515151515151515,0.000506362290080032,2.234318446734366e-05,0.05602044090795137,0.1630618997964991,0.08834399865345915,0.010891782551262507,6
14,4,4,0.0,0.0005059974681258517,0.34761904761904755,0.34920634920634913,0.0008359036912706011,1.140473838552255e-05,0.18001662700150442,0.21456518928875562,0.06437377805809825,0.006927313218039124,6
14,4,8,0.0,0.0006209129409875391,0.5164983164983165,0.4455322455322455,0.0008359036912706011,1.140473838552255e-05,0.18001662700150442,0.21456518928875562,0.06437377805809825,0.006927313218039124,6
14,4,4,2.220446049250313e-16,0.000369607738898603,0.5015873015873017,0.37142857142857144,0.0003693497670418,1.5098469963831248e-05,0.05312639771484558,0.10222303733517982,0.07941486089223838,0.011676605495399705,6
14,4,8,2.220446049250313e-16,0.0004898263839914208,0.6774410774410774,0.5111111111111111,0.0003693497670418,1.5098469963831248e-05,0.05312639771484558,0.10222303733517982,0.07941486089223838,0.011676605495399705,6
14,4,4,2.220446049250313e-16,0.001149133756909837,0.24761904761904763,0.2587301587301587,0.0006068111204287708,1.6999345813929156e-05,0.04227460186090873,0.09511994492302733,0.11139128943307465,0.012518379691928778,6
14,4,8,2.220446049250313e-16,0.0006003845364883631,0.6646464646464646,0.40611980611980614,0.0006068111204287708,1.6999345813929156e-05,0.04227460186090873,0.09511994492302733,0.11139128943307465,0.012518379691928778,6
14,4,4,2.220446049250313e-16,0.002560447247575315,0.34603174603174597,0.4698412698412699,0.0007426443725322209,1.277934575943011e-05,0.06509791002543454,0.11524069577169746,0.10371062070640827,0.00991083819322942,6
14,4,8,2.220446049250313e-16,0.0012836665843671824,0.6107744107744107,0.4751618751618752,0.0007426443725322209,1.277934575943011e-05,0.06509791002543454,0.11524069577169746,0.10371062070640827,0.00991083819322942,6
14,4,4,2.220446049250313e-16,0.001004952353281463,0.17936507936507937,0.42857142857142855,0.0008899850223108346,0.00015247444275648945,0.20135287351138656,0.8072209350049463,0.06487936633372453,0.012861979831877417,7
14,4,8,2.220446049250313e-16,0.001227252863879147,0.4922558922558922,0.46262626262626255,0.0008899850223108346,0.00015247444275648945,0.20135287351138656,0.8072209350049463,0.06487936633372453,0.012861979831877417,7
14,4,4,0.0,0.00035276824990226885,0.25079365079365074,0.5555555555555555,0.0007274040972732315,1.9590888987214216e-05,0.03153540325264928,0.10006231408392281,0.14195690889431864,0.013428787883569217,7
14,4,8,0.0,0.00010523786420524317,0.3808857808857809,0.5555555555555555,0.0007274040972732315,1.9590888987214216e-05,0.03153540325264928,0.10006231408392281,0.14195690889431864,0.013428787883569217,7
14,4,4,2.220446049250313e-16,3.694599591308467e-05,0.34920634920634913,0.42857142857142855,0.0006967360907438331,2.102209394580426e-05,0.028759452803383233,0.09949872477060037,0.14924445392410274,0.014282768069793318,7
14,4,8,2.220446049250313e-16,4.854623251526746e-05,0.4383838383838384,0.8518518518518517,0.0006967360907438331,2.102209394580426e-05,0.028759452803383233,0.09949872477060037,0.14924445392410274,0.014282768069793318,7
14,4,4,1.1102230246251565e-16,0.0007543786068735514,0.3174603174603174,0.32539682539682535,0.0013043231758085377,2.3260289234339415e-05,0.08485816923565591,0.15399073870065602,0.1194330611429827,0.011266220275139814,7
14,4,8,1.1102230246251565e-16,0.002486259807118252,0.5326599326599327,0.5193473193473194,0.0013043231758085377,2.3260289234339415e-05,0.08485816923565591,0.15399073870065602,0.1194330611429827,0.011266220275139814,7
14,4,4,0.0,0.00135684439399264,0.38095238095238093,0.35873015873015873,0.0012705418764453874,4.448651728897981e-05,0.15245853756306524,0.5400442632199702,0.08761644341364058,0.008958760484200867,7
14,4,8,0.0,0.001389295763181142,0.4105154105154105,0.5555555555555555,0.0012705418764453874,4.448651728897981e-05,0.15245853756306524,0.5400442632199702,0.08761644341364058,0.008958760484200867,7
14,4,4,0.0,0.0013120699604078911,0.3904761904761905,0.2825396825396825,0.0009288083574637637,1.656479731996133e-05,0.07473723170535729,0.19659233276507024,0.10226204091526579,0.00885182953759907,7
14,4,8,0.0,0.0009280648109858403,0.48282828282828283,0.5993265993265994,0.0009288083574637637,1.656479731996133e-05,0.07473723170535729,0.19659233276507024,0.10226204091526579,0.00885182953759907,7
14,4,4,1.1102230246251565e-16,0.0008165470419838616,0.2507936507936508,0.28253968253968254,0.0009836390686871637,1.5314732223607003e-05,0.03075656581625576,0.07863088654692517,0.16159611884128858,0.012810237211839066,7
14,4,8,1.1102230246251565e-16,0.0008822903966134721,0.4585858585858586,0.5292929292929293,0.0009836390686871637,1.5314732223607003e-05,0.03075656581625576,0.07863088654692517,0.16159611884128858,0.012810237211839066,7
14,4,4,0.0,0.0028007082205772083,0.25079365079365074,0.46666666666666673,0.0011267625975153405,3.7045747027243865e-05,0.07190271708062805,0.2817275457528556,0.11913219728062194,0.010890572391604491,7
14,4,8,0.0,0.000495907706140164,0.5569023569023569,0.5164983164983165,0.0011267625975153405,3.7045747027243865e-05,0.07190271708062805,0.2817275457528556,0.11913219728062194,0.010890572391604491,7
14,4,4,0.0,0.0026315799340796975,0.1952380952380952,0.2825396825396825,0.0005476595672233106,2.4864516983578537e-05,0.02230859269756126,0.09105702489973652,0.14906337289889246,0.015866634415066676,8
14,4,8,0.0,0.003336476126227339,0.4585858585858586,0.5124579124579124,0.0005476595672233106,2.4864516983578537e-05,0.02230859269756126,0.09105702489973652,0.14906337289889246,0.015866634415066676,8
14,4,4,0.0,0.00205218999851986,0.28253968253968254,0.43492063492063493,0.0006433004431727249,2.159830024259832e-05,0.04795327791040566,0.2114521560657503,0.11341298212976406,0.009738073410193978,8
14,4,8,0.0,0.0023217712917134037,0.4424242424242424,0.5865319865319866,0.0006433004431727249,2.159830024259832e-05,0.04795327791040566,0.2114521560657503,0.11341298212976406,0.009738073410193978,8
14,4,4,0.0,0.002057604048608219,0.2698412698412698,0.4380952380952381,0.00033284640267938,3.3655486043811077e-05,0.040525228096185674,0.16255924665191118,0.08772713224634236,0.013684106048868633,8
14,4,8,0.0,9.835539389513315e-05,0.4383838383838384,0.5851851851851851,0.00033284640267938,3.3655486043811077e-05,0.040525228096185674,0.16255924665191118,0.08772713224634236,0.013684106048868633,8
14,4,4,1.1102230246251565e-16,0.0010979383550220323,0.21428571428571427,0.43492063492063493,0.0006229899588688851,2.6151971918305657e-05,0.040309359234289896,0.11462127272493534,0.12244500192634336,0.013874503778576585,8
14,4,8,1.1102230246251565e-16,0.0014106221284818643,0.4383838383838384,0.5070707070707071,0.0006229899588688851,2.6151971918305657e-05,0.040309359234289896,0.11462127272493534,0.12244500192634336,0.013874503778576585,8
14,4,4,0.0,0.0005509928488798277,0.2031746031746032,0.5333333333333333,0.000371259478846061,3.287329718416067e-05,0.03658185795180097,0.1830247390601122,0.09833259178553946,0.012405625718359731,8
14,4,8,0.0,0.0015324311085946896,0.3637917637917638,0.5164983164983165,0.000371259478846061,3.287329718416067e-05,0.03658185795180097,0.1830247390601122,0.09833259178553946,0.012405625718359731,8
14,4,4,0.0,0.0009884557726731469,0.2698412698412698,0.35873015873015873,0.00036597030905431217,3.527122156952264e-05,0.03462992954517776,0.14074961334985298,0.09363626105636248,0.014560934837139161,8
14,4,8,0.0,0.0003420663922206746,0.5367003367003367,0.5367003367003367,0.00036597030905431217,3.527122156952264e-05,0.03462992954517776,0.14074961334985298,0.09363626105636248,0.014560934837139161,8
14,4,4,1.1102230246251565e-16,0.006235904618894672,0.34603174603174597,0.34603174603174597,0.0005743041671414335,4.113091590738453e-05,0.07975178560889731,0.5528896499685438,0.08164759386552209,0.008505513334065929,8
14,4,8,1.1102230246251565e-16,0.005061565406120461,0.42533022533022535,0.5070707070707071,0.0005743041671414335,4.113091590738453e-05,0.07975178560889731,0.5528896499685438,0.08164759386552209,0.008505513334065929,8
14,4,4,0.0,0.0025501869148552014,0.3349206349206349,0.35873015873015873,0.0008967674543514086,1.9716997921009904e-05,0.03585441972384784,0.13910845218768061,0.14951329251869047,0.011097441162571527,8
14,4,8,0.0,0.001906849304393221,0.44242424242424244,0.5905723905723906,0.0008967674543514086,1.9716997921009904e-05,0.03585441972384784,0.13910845218768061,0.14951329251869047,0.011097441162571527,8
14,4,4,0.0,0.0014542221266913291,0.43492063492063493,0.4444444444444444,0.0009444811096949036,1.2640822094790506e-05,0.03315554951298757,0.06705363129074562,0.16054268224077656,0.013091465241798444,9
14,4,8,0.0,0.0010620626997730476,0.5084175084175083,0.4276094276094276,0.0009444811096949036,1.2640822094790506e-05,0.03315554951298757,0.06705363129074562,0.16054268224077656,0.013091465241798444,9
14,4,4,2.220446049250313e-16,0.0006564425686138575,0.3142857142857142,0.38095238095238093,0.0009020352894330496,1.9779991943692514e-05,0.03931350295683097,0.1056635390104713,0.149475262867832,0.012747618703380332,9
14,4,8,2.220446049250313e-16,0.006927162877263138,0.39393939393939387,0.40823620823620826,0.0009020352894330496,1.9779991943692514e-05,0.03931350295683097,0.1056635390104713,0.149475262867832,0.012747618703380332,9
14,4,4,0.0,0.003729193850397605,0.5333333333333333,0.3460317460317461,0.0009332795674079085,1.9067782445931335e-05,0.046923811675126416,0.11408193949750209,0.12800957880986577,0.012092310569833427,9
14,4,8,0.0,0.0007351864920566165,0.4828282828282828,0.5811447811447811,0.0009332795674079085,1.9067782445931335e-05,0.046923811675126416,0.11408193949750209,0.12800957880986577,0.012092310569833427,9
14,4,4,0.0,0.0016015839723065861,0.3904761904761905,0.3904761904761905,0.0008734530598859493,1.5671073100686196e-05,0.09013915641954394,0.23302720454078987,0.09433119339282688,0.007890150962181909,9
14,4,8,0.0,0.0012150795258436542,0.6646464646464646,0.46801346801346805,0.0008734530598859493,1.5671073100686196e-05,0.09013915641954394,0.23302720454078987,0.09433119339282688,0.007890150962181909,9
14,4,4,1.1102230246251565e-16,0.000825549712639817,0.41269841269841273,0.46666666666666673,0.0004070887493999618,2.32128170833838e-05,0.01685639833103375,0.06465521378416263,0.14889269658709264,0.018075885760917867,9
14,4,8,1.1102230246251565e-16,0.00012485059636069273,0.5569023569023569,0.6296296296296297,0.0004070887493999618,2.32128170833838e-05,0.01685639833103375,0.06465521378416263,0.14889269658709264,0.018075885760917867,9
14,4,4,1.1102230246251565e-16,0.0003049601167701699,0.4126984126984126,0.34920634920634913,0.0006172097511872477,1.5319230891470128e-05,0.022631033403741466,0.0880012850516846,0.16064039366603203,0.012648239046385854,9
14,4,8,1.1102230246251565e-16,0.0004797404417180573,0.393939393939394,0.47920227920227926,0.0006172097511872477,1.5319230891470128e-05,0.022631033403741466,0.0880012850516846,0.16064039366603203,0.012648239046385854,9
14,4,4,0.0,0.00012932464030845914,0.3904761904761905,0.43492063492063493,0.0005366946309565725,2.039194092498682e-05,0.026906120147608088,0.0991337611331861,0.13611624879371145,0.013567943971126943,9
14,4,8,0.0,0.002723042411521104,0.5070707070707071,0.4383838383838384,0.0005366946309565725,2.039194092498682e-05,0.026906120147608088,0.0991337611331861,0.13611624879371145,0.013567943971126943,9
14,4,4,0.0,0.003147198172707144,0.2825396825396825,0.24603174603174602,0.0006233908710018768,2.989349305536175e-05,0.02930174284709446,0.13139871814993895,0.13522283712505276,0.014749104266256812,9
14,4,8,0.0,0.003942563862898929,0.5124579124579124,0.45454545454545453,0.0006233908710018768,2.989349305536175e-05,0.02930174284709446,0.13139871814993895,0.13522283712505276,0.014749104266256812,9
14,4,4,0.0,0.0005812914986318418,0.23809523809523805,0.12698412698412698,0.000800845557516186,1.4220640669991957e-05,0.09598327751739223,0.170210458451603,0.0881073148151041,0.008555486990343426,10
14,4,8,0.0,0.003574823434514096,0.5569023569023569,0.4181818181818182,0.000800845557516186,1.4220640669991957e-05,0.09598327751739223,0.170210458451603,0.0881073148151041,0.008555486990343426,10
14,4,4,0.0,0.00312901099777263,0.43492063492063493,0.3142857142857142,0.0006048658063795721,2.368100768220568e-05,0.039228586244469135,0.12073655497011132,0.11964171837527511,0.013634130423766455,10
14,4,8,0.0,0.002699980928042356,0.503030303030303,0.4383838383838384,0.0006048658063795721,2.368100768220568e-05,0.039228586244469135,0.12073655497011132,0.11964171837527511,0.013634130423766455,10
14,4,4,2.220446049250313e-16,0.0008394220301011224,0.3333333333333333,0.34603174603174597,0.0009102483408279562,1.2623301931374699e-05,0.13281077277900835,0.30348918070143777,0.07864999823546114,0.006232032237136337,10
14,4,8,2.220446049250313e-16,0.000620559394600706,0.5811447811447812,0.5757575757575758,0.0009102483408279562,1.2623301931374699e-05,0.13281077277900835,0.30348918070143777,0.07864999823546114,0.006232032237136337,10
14,4,4,0.0,0.0018236960731319307,0.15079365079365079,0.22698412698412695,0.0005217057284670429,2.036512890138141e-05,0.04676886240699975,0.12433429140589788,0.1011625523295863,0.011974979823671218,10
14,4,8,0.0,0.0013450331252111702,0.5070707070707071,0.44149184149184145,0.0005217057284670429,2.036512890138141e-05,0.04676886240699975,0.12433429140589788,0.1011625523295863,0.011974979823671218,10
14,4,4,1.1102230246251565e-16,0.004198770876588598,0.4253968253968254,0.2825396825396825,0.0007665485711827139,8.972918215245864e-06,0.1506089407624144,0.22291200866632047,0.0671601404875353,0.006069174853246969,10
14,4,8,1.1102230246251565e-16,0.0006429530035381159,0.6888888888888888,0.5569023569023569,0.0007665485711827139,8.972918215245864e-06,0.1506089407624144,0.22291200866632047,0.0671601404875353,0.006069174853246969,10
14,4,4,2.220446049250313e-16,0.0020599796830542694,0.3222222222222222,0.22698412698412695,0.0003617584308266516,6.073068654062217e-05,0.044670584102584746,0.30323866426264456,0.08782916251714967,0.013281554470047712,10
14,4,8,2.220446049250313e-16,0.0006773367540039432,0.6053872053872054,0.38088578088578084,0.0003617584308266516,6.073068654062217e-05,0.044670584102584746,0.30323866426264456,0.08782916251714967,0.013281554470047712,10
14,4,4,1.1102230246251565e-16,0.0016676735217933114,0.2063492063492063,0.15873015873015872,0.0005502368016784058,1.6156883067701122e-05,0.03930089253392256,0.1099848350232821,0.1131423182415636,0.011733367164427915,10
14,4,8,1.1102230246251565e-16,0.0024048464627337562,0.48282828282828283,0.4378658378658378,0.0005502368016784058,1.6156883067701122e-05,0.03930089253392256,0.1099848350232821,0.1131423182415636,0.011733367164427915,10
14,4,4,0.0,0.0005727333517008271,0.34920634920634913,0.22698412698412698,0.00043372196959013743,3.512939435645726e-05,0.04034128434836648,0.20329070224693274,0.09900121383946453,0.01283472434946036,10
14,4,8,0.0,0.0020231035282742837,0.5313131313131313,0.48282828282828283,0.00043372196959013743,3.512939435645726e-05,0.04034128434836648,0.20329070224693274,0.09900121383946453,0.01283472434946036,10
14,4,4,0.0,0.00044090892364168077,0.2904761904761905,0.28571428571428564,0.00027539100929080054,1.5968737279944646e-05,0.023331489443314802,0.09124237052121999,0.10430732558464596,0.012546499786602655,11
14,4,8,0.0,0.000332814488309352,0.5272727272727272,0.7185185185185184,0.00027539100929080054,1.5968737279944646e-05,0.023331489443314802,0.09124237052121999,0.10430732558464596,0.012546499786602655,11
14,4,4,0.0,0.0007735854606947257,0.4222222222222223,0.2793650793650793,0.0004691910312409544,1.2420327168203536e-05,0.027202263170079143,0.06401372519010548,0.12237909007072893,0.01291917671979074,11
14,4,8,0.0,0.001981858256724256,0.6888888888888888,0.5811447811447812,0.0004691910312409544,1.2420327168203536e-05,0.027202263170079143,0.06401372519010548,0.12237909007072893,0.01291917671979074,11
14,4,4,0.0,0.002075639530426554,0.34603174603174597,0.5111111111111111,0.000507472974335123,1.2017163103256326e-05,0.016057341286834413,0.05173440612733604,0.16553873400473376,0.013675618093162454,11
14,4,8,0.0,0.0015915700926620868,0.5367003367003367,0.521885521885522,0.000507472974335123,1.2017163103256326e-05,0.016057341286834413,0.05173440612733604,0.16553873400473376,0.013675618093162454,11
14,4,4,1.1102230246251565e-16,0.0009125696382917825,0.5015873015873016,0.5333333333333333,0.0004881870862632258,1.1277187002885605e-05,0.025714948606633023,0.062209211334906665,0.1298938848707583,0.01272227481207659,11
14,4,8,1.1102230246251565e-16,0.0007770054668989612,0.5313131313131313,0.5272727272727272,0.0004881870862632258,1.1277187002885605e-05,0.025714948606633023,0.062209211334906665,0.1298938848707583,0.01272227481207659,11
14,4,4,0.0,0.0007319850868480193,0.5777777777777778,0.5333333333333333,0.0005479065551739641,1.4005292684581451e-05,0.038342130996858445,0.08099935244877852,0.11038877855565894,0.012361432238233007,11
14,4,8,0.0,0.0003465153513588781,0.5865319865319866,0.6531986531986531,0.0005479065551739641,1.4005292684581451e-05,0.038342130996858445,0.08099935244877852,0.11038877855565894,0.012361432238233007,11
14,4,4,0.0,0.0010340961162058626,0.6222222222222222,0.27777777777777773,0.0005278188470111163,1.0027590941024298e-05,0.031053649803096595,0.06295432602468272,0.12591009901531647,0.012310082384189432,11
14,4,8,0.0,0.00047862603059112274,0.5811447811447812,0.5454545454545454,0.0005278188470111163,1.0027590941024298e-05,0.031053649803096595,0.06295432602468272,0.12591009901531647,0.012310082384189432,11
14,4,4,2.220446049250313e-16,0.001827207456476021,0.6666666666666666,0.4444444444444445,0.0005856071332980863,1.4311188286882554e-05,0.03953778174400466,0.08014810900956844,0.11817936603930836,0.01265697217916121,11
14,4,8,2.220446049250313e-16,0.0015957493669487288,0.5569023569023569,0.5454545454545454,0.0005856071332980863,1.4311188286882554e-05,0.03953778174400466,0.08014810900956844,0.11817936603930836,0.01265697217916121,11
14,4,4,2.220446049250313e-16,0.005470118529496859,0.2587301587301587,0.2507936507936508,0.0003929721959907075,1.132337385623723e-05,0.02499912546478231,0.06947896800127722,0.11834631808604533,0.012094785379077128,11
14,4,8,2.220446049250313e-16,0.001063068821139379,0.635016835016835,0.47878787878787876,0.0003929721959907075,1.132337385623723e-05,0.02499912546478231,0.06947896800127722,0.11834631808604533,0.012094785379077128,11
14,4,4,0.0,0.0034465111117542024,0.3142857142857143,0.24603174603174602,0.00043449580533026875,1.1544708894094469e-05,0.03183571280986979,0.07885876871792932,0.10887363085407059,0.011296481754590063,12
14,4,8,0.0,0.0028640610055576943,0.560942760942761,0.4212898212898213,0.00043449580533026875,1.1544708894094469e-05,0.03183571280986979,0.07885876871792932,0.10887363085407059,0.011296481754590063,12
14,4,4,1.1102230246251565e-16,0.002794696051025891,0.2587301587301587,1.0,0.00033051990998039386,8.042768007110794e-06,0.02301300452844349,0.05351039356379865,0.11472994067864856,0.011860181336895457,12
14,4,8,1.1102230246251565e-16,0.0035411501884121677,0.5088319088319089,1.0,0.00033051990998039386,8.042768007110794e-06,0.02301300452844349,0.05351039356379865,0.11472994067864856,0.011860181336895457,12
14,4,4,2.220446049250313e-16,0.0014605007859092023,0.3333333333333333,0.7333333333333334,0.0003660209390256779,1.0391218877413917e-05,0.04813878257133174,0.1304569125661621,0.08136956338040349,0.008344315234775794,12
14,4,8,2.220446049250313e-16,0.001408798130307476,0.6888888888888888,0.6363636363636364,0.0003660209390256779,1.0391218877413917e-05,0.04813878257133174,0.1304569125661621,0.08136956338040349,0.008344315234775794,12
14,4,4,1.1102230246251565e-16,0.0016877949909237522,0.5555555555555556,0.6666666666666666,0.00032587044832376285,2.0077371043092106e-05,0.0351363676749523,0.12497352974507657,0.08829681444047248,0.011924732790416918,12
14,4,8,1.1102230246251565e-16,0.0002276581762303831,0.6107744107744107,0.5515151515151515,0.00032587044832376285,2.0077371043092106e-05,0.0351363676749523,0.12497352974507657,0.08829681444047248,0.011924732790416918,12
14,4,4,0.0,0.0006241089498997265,0.3904761904761905,0.3142857142857142,0.00026957677533275275,1.5284498381149692e-05,0.04777613556317889,0.14274524770649966,0.07187148920990145,0.009896394624690651,12
14,4,8,0.0,0.0005178226468278702,0.5016835016835017,0.6053872053872054,0.00026957677533275275,1.5284498381149692e-05,0.04777613556317889,0.14274524770649966,0.07187148920990145,0.009896394624690651,12
14,4,4,0.0,0.006928303600317376,0.3904761904761905,0.6222222222222222,0.0003380530559182952,2.3509041442888426e-05,0.02041571227252603,0.08516679218831463,0.1205328230559953,0.015160702670260278,12
14,4,8,0.0,0.0030690523827032745,0.48282828282828283,0.4868686868686869,0.0003380530559182952,2.3509041442888426e-05,0.02041571227252603,0.08516679218831463,0.1205328230559953,0.015160702670260278,12
14,4,4,0.0,0.0005565049769455932,0.24603174603174602,0.2619047619047619,0.000399078338031419,8.235852053387632e-06,0.03193561793959369,0.0774599160167479,0.10165629053757752,0.009568162536176952,12
14,4,8,0.0,0.0003015382934080657,0.4455322455322455,0.5737373737373738,0.000399078338031419,8.235852053387632e-06,0.03193561793959369,0.0774599160167479,0.10165629053757752,0.009568162536176952,12
14,4,4,2.220446049250313e-16,0.0027776974423963097,0.4222222222222222,0.4222222222222223,0.000344791676597675,1.560279222860196e-05,0.029863280243385498,0.09146608093677139,0.10255688202007494,0.012083491636696652,12
14,4,8,2.220446049250313e-16,0.0022816520577564336,0.5757575757575758,0.5272727272727272,0.000344791676597675,1.560279222860196e-05,0.029863280243385498,0.09146608093677139,0.10255688202007494,0.012083491636696652,12
14,4,4,1.1102230246251565e-16,0.004276987182215253,0.25079365079365074,0.32698412698412693,0.0006559280175160854,1.6197361563558564e-05,0.028747291060492564,0.1012819790413397,0.14585326409132005,0.011809890047173682,13
14,4,8,1.1102230246251565e-16,0.002274522515777422,0.468013468013468,0.3224553224553225,0.0006559280175160854,1.6197361563558564e-05,0.028747291060492564,0.1012819790413397,0.14585326409132005,0.011809890047173682,13
14,4,4,1.1102230246251565e-16,0.003814571250954968,0.21428571428571427,0.3904761904761904,0.0004069567471947752,2.0730627269210528e-05,0.09088327468352,0.34404934379855723,0.06315329980924077,0.007454442111752712,13
14,4,8,1.1102230246251565e-16,0.00032518262674940956,0.4455322455322455,0.5084175084175084,0.0004069567471947752,2.0730627269210528e-05,0.09088327468352,0.34404934379855723,0.06315329980924077,0.007454442111752712,13
14,4,4,2.220446049250313e-16,0.0017243707777432338,0.35873015873015873,0.3904761904761905,0.0004591442361062854,1.1430999512927425e-05,0.03597537861591894,0.07354690203738222,0.1078455002560306,0.011926913936579365,13
14,4,8,2.220446049250313e-16,0.0008928343711376296,0.5272727272727272,0.5515151515151515,0.0004591442361062854,1.1430999512927425e-05,0.03597537861591894,0.07354690203738222,0.1078455002560306,0.011926913936579365,13
14,4,4,1.1102230246251565e-16,0.0006076899017910531,0.34603174603174597,0.5111111111111111,0.0006047447615690742,1.3067412466298452e-05,0.03520523625200671,0.07958756642718788,0.12493348043143304,0.011750914365294638,13
14,4,8,1.1102230246251565e-16,0.003830884076408858,0.5367003367003368,0.6363636363636364,0.0006047447615690742,1.3067412466298452e-05,0.03520523625200671,0.07958756642718788,0.12493348043143304,0.011750914365294638,13
14,4,4,2.220446049250313e-16,0.0005103293356927274,0.8000000000000002,0.5555555555555555,0.0005657521423095519,1.2066667184019048e-05,0.033984527901636565,0.09849370373066302,0.12349590887529541,0.010673679056540045,13
14,4,8,2.220446049250313e-16,0.00016204611371661848,0.6424242424242425,0.5555555555555555,0.0005657521423095519,1.2066667184019048e-05,0.033984527901636565,0.09849370373066302,0.12349590887529541,0.010673679056540045,13
14,4,4,2.220446049250313e-16,0.0015359854163392583,0.15079365079365079,0.34603174603174597,0.0004763837432927153,1.1561081573819283e-05,0.07582149211529632,0.18162484837266277,0.07510245549876898,0.007607262644482312,13
14,4,8,2.220446049250313e-16,0.0021881965027443773,0.41818181818181815,0.393939393939394,0.0004763837432927153,1.1561081573819283e-05,0.07582149211529632,0.18162484837266277,0.07510245549876898,0.007607262644482312,13
14,4,4,0.0,0.0001511684784860634,0.4444444444444444,1.0,0.000458557401957207,9.6803745697148e-06,0.03687627081372785,0.08433985037938092,0.10711216419066873,0.010190880504507255,13
14,4,8,0.0,0.0002584381163726057,0.6888888888888888,1.0,0.000458557401957207,9.6803745697148e-06,0.03687627081372785,0.08433985037938092,0.10711216419066873,0.010190880504507255,13
14,4,4,2.220446049250313e-16,0.0031259865062389647,0.23809523809523805,0.40317460317460313,0.0006078707182204905,1.0417970854149109e-05,0.03027075932396727,0.07390673034882647,0.13410163402793962,0.011200787448819612,13
14,4,8,2.220446049250313e-16,0.0018543688573298134,0.5070707070707071,0.507070707070707,0.0006078707182204905,1.0417970854149109e-05,0.03027075932396727,0.07390673034882647,0.13410163402793962,0.011200787448819612,13
14,4,4,0.0,0.00030466664581640934,0.4222222222222222,0.43492063492063493,0.000641366002513711,1.417764639361283e-05,0.03377351102897311,0.06472237174609025,0.13382811909010528,0.014276993691111123,14
14,4,8,0.0,0.0005094595315875416,0.6646464646464646,0.6107744107744107,0.000641366002513711,1.417764639361283e-05,0.03377351102897311,0.06472237174609025,0.13382811909010528,0.014276993691111123,14
14,4,4,0.0,0.0034826422110167954,0.40317460317460324,0.3333333333333333,0.0005834010515770624,1.2852572579828018e-05,0.04354547098091566,0.13635195851962362,0.11227939355513498,0.009156504516377667,14
14,4,8,0.0,0.0028293383159539998,0.472053872053872,0.5555555555555555,0.0005834010515770624,1.2852572579828018e-05,0.04354547098091566,0.13635195851962362,0.11227939355513498,0.009156504516377667,14
14,4,4,0.0,0.0060252980464338135,0.4222222222222222,0.24761904761904763,0.0006179836553376454,2.8095103437012347e-05,0.0332289825533042,0.14847697176435323,0.13102449903469124,0.012794683292872618,14
14,4,8,0.0,0.0020343861432832178,0.46573426573426574,0.5515151515151514,0.0006179836553376454,2.8095103437012347e-05,0.0332289825533042,0.14847697176435323,0.13102449903469124,0.012794683292872618,14
14,4,4,2.220446049250313e-16,0.0037860083459824168,0.34603174603174597,0.5555555555555555,0.0006234824448657425,1.385349404921065e-05,0.0478429741151666,0.15801927470596672,0.11158099759591927,0.008963846610717162,14
14,4,8,2.220446049250313e-16,0.004505024411091352,0.560942760942761,0.7333333333333334,0.0006234824448657425,1.385349404921065e-05,0.0478429741151666,0.15801927470596672,0.11158099759591927,0.008963846610717162,14
14,4,4,2.220446049250313e-16,0.0023168151628998324,0.23809523809523805,0.34920634920634913,0.001004661448165719,1.4495006793226102e-05,0.02093515195899454,0.04115668138726405,0.20446166968226656,0.01651271182200956,14
14,4,8,2.220446049250313e-16,0.0006913436226032577,0.48282828282828283,0.6107744107744107,0.001004661448165719,1.4495006793226102e-05,0.02093515195899454,0.04115668138726405,0.20446166968226656,0.01651271182200956,14
14,4,4,0.0,0.0007063495669199504,0.3142857142857143,0.3904761904761905,0.00044880428766860136,1.468567490740473e-05,0.03692199592405537,0.06718723602906429,0.10447070809191385,0.013641442888984428,14
14,4,8,0.0,0.0011375949124767804,0.39393939393939387,0.4383838383838384,0.00044880428766860136,1.468567490740473e-05,0.03692199592405537,0.06718723602906429,0.10447070809191385,0.013641442888984428,14
14,4,4,2.220446049250313e-16,0.000990198832114375,0.3142857142857143,0.3142857142857143,0.0006828411875736247,1.467215805210577e-05,0.025546801799311913,0.08463748525129433,0.15587895943481125,0.012148715533042774,14
14,4,8,2.220446049250313e-16,0.0008108089113103567,0.7185185185185184,0.6666666666666666,0.0006828411875736247,1.467215805210577e-05,0.025546801799311913,0.08463748525129433,0.15587895943481125,0.012148715533042774,14
14,4,4,1.1102230246251565e-16,0.0014430941972779499,0.3142857142857142,0.18253968253968253,0.0004519015791447369,1.2234672849960273e-05,0.034808244068594354,0.10147427793157944,0.10943203709680169,0.01061898045758145,14
14,4,8,1.1102230246251565e-16,0.0027219579536967853,0.5569023569023569,0.48484848484848486,0.0004519015791447369,1.2234672849960273e-05,0.034808244068594354,0.10147427793157944,0.10943203709680169,0.01061898045758145,14
14,4,4,1.1102230246251565e-16,0.000508897501491079,0.4222222222222222,0.42857142857142855,0.0008497940241641771,1.9878084121049988e-05,0.025190684807775282,0.06413665937097515,0.16273729835248796,0.014484214935119448,15
14,4,8,1.1102230246251565e-16,7.678816604439476e-05,0.6053872053872055,0.6363636363636364,0.0008497940241641771,1.9878084121049988e-05,0.025190684807775282,0.06413665937097515,0.16273729835248796,0.014484214935119448,15
14,4,4,2.220446049250313e-16,0.006162589016008191,0.3142857142857142,0.18253968253968253,0.0007020849754817702,2.248977552242502e-05,0.06507591528370985,0.18490141696054946,0.09991586968546344,0.010515731903659765,15
14,4,8,2.220446049250313e-16,0.006487158502303414,0.6053872053872054,0.48282828282828283,0.0007020849754817702,2.248977552242502e-05,0.06507591528370985,0.18490141696054946,0.09991586968546344,0.010515731903659765,15
14,4,4,2.220446049250313e-16,0.0012284031054898836,0.29047619047619044,0.4222222222222222,0.000933526628198704,1.727200432623325e-05,0.06189241209606948,0.16228601993202182,0.12012799007156744,0.010062530658951211,15
14,4,8,2.220446049250313e-16,0.0005639952126630376,0.468013468013468,0.5939393939393939,0.000933526628198704,1.727200432623325e-05,0.06189241209606948,0.16228601993202182,0.12012799007156744,0.010062530658951211,15
14,4,4,2.220446049250313e-16,7.324520883655872e-05,0.4222222222222222,0.3904761904761905,0.000488513888670553,2.2366927459678944e-05,0.026516314750858375,0.10327094174089077,0.12431435897487378,0.013986845790475814,15
14,4,8,2.220446049250313e-16,0.0015095044147059866,0.46262626262626255,0.47878787878787876,0.000488513888670553,2.2366927459678944e-05,0.026516314750858375,0.10327094174089077,0.12431435897487378,0.013986845790475814,15
14,4,4,0.0,0.00197269252622867,0.4222222222222223,0.24603174603174602,0.0009085656733059161,2.7174491776693916e-05,0.013302732173770964,0.034985082491482355,0.2106214823305262,0.019254640936461707,15
14,4,8,0.0,0.004718445977078822,0.3737373737373737,0.5124579124579125,0.0009085656733059161,2.7174491776693916e-05,0.013302732173770964,0.034985082491482355,0.2106214823305262,0.019254640936461707,15
14,4,4,0.0,0.0037060078607118463,0.3142857142857142,0.34603174603174597,0.0009923128337655475,1.998927811217454e-05,0.058524012567044995,0.1441977493465876,0.1268474941606127,0.011356433676296379,15
14,4,8,0.0,0.0001736838231187754,0.48282828282828283,0.5196063196063195,0.0009923128337655475,1.998927811217454e-05,0.058524012567044995,0.1441977493465876,0.1268474941606127,0.011356433676296379,15
14,4,4,0.0,0.0001736050477880724,0.5111111111111112,0.42857142857142855,0.0009558730662453399,1.4819817891914633e-05,0.040812282839876896,0.1143474434757592,0.14636069769052212,0.010908190674207527,15
14,4,8,0.0,0.00015786512143289855,0.5811447811447811,0.521885521885522,0.0009558730662453399,1.4819817891914633e-05,0.040812282839876896,0.1143474434757592,0.14636069769052212,0.010908190674207527,15
14,4,4,2.220446049250313e-16,0.0008691027055645062,0.46666666666666673,0.38095238095238093,0.00042735715500487624,9.73769332648464e-06,0.04665728872265429,0.08006970147374294,0.08676187707050545,0.010263483040258002,15
14,4,8,2.220446049250313e-16,0.001039739529672623,0.5070707070707071,0.5111111111111112,0.00042735715500487624,9.73769332648464e-06,0.04665728872265429,0.08006970147374294,0.08676187707050545,0.010263483040258002,15
14,4,4,0.0,0.0018206187985732036,0.4222222222222222,0.35873015873015873,0.000541221878520571,1.2238278266577566e-05,0.03964523490884748,0.06079794102133859,0.11270265827618016,0.01351059100441044,16
14,4,8,0.0,0.0005260140790356305,0.5124579124579124,0.5084175084175084,0.000541221878520571,1.2238278266577566e-05,0.03964523490884748,0.06079794102133859,0.11270265827618016,0.01351059100441044,16
14,4,4,0.0,0.0005658040491356431,0.21428571428571427,0.28571428571428564,0.0006081929122375904,1.0069799768170296e-05,0.08438915663542976,0.1397024846822372,0.0829597292909806,0.00797072549532413,16
14,4,8,0.0,0.00029940658922988916,0.5272727272727272,0.4424242424242424,0.0006081929122375904,1.0069799768170296e-05,0.08438915663542976,0.1397024846822372,0.0829597292909806,0.00797072549532413,16
14,4,4,2.220446049250313e-16,0.0016057211486744105,0.34603174603174597,0.40317460317460313,0.0006652264461869616,1.1496385634038516e-05,0.03695043890843164,0.052053470993829586,0.12968986384513329,0.01378014674668266,16
14,4,8,2.220446049250313e-16,0.0022344591130598612,0.47878787878787876,0.48282828282828283,0.0006652264461869616,1.1496385634038516e-05,0.03695043890843164,0.052053470993829586,0.12968986384513329,0.01378014674668266,16
14,4,4,1.1102230246251565e-16,0.002222346496196126,0.5111111111111112,0.6666666666666666,0.0006029550801533923,1.5807695368602688e-05,0.038009277992456805,0.0825412970653282,0.12094788810492516,0.012989091649112917,16
14,4,8,1.1102230246251565e-16,0.0023742849386305664,0.5811447811447811,0.635016835016835,0.0006029550801533923,1.5807695368602688e-05,0.038009277992456805,0.0825412970653282,0.12094788810492516,0.012989091649112917,16
14,4,4,2.220446049250313e-16,0.0008778685603487713,0.43492063492063493,0.35873015873015873,0.0005090158846681621,1.3307853743581788e-05,0.029452088194348153,0.0758215706234779,0.12451925767383004,0.012654201842765972,16
14,4,8,2.220446049250313e-16,0.003816816594530925,0.4455322455322455,0.5811447811447812,0.0005090158846681621,1.3307853743581788e-05,0.029452088194348153,0.0758215706234779,0.12451925767383004,0.012654201842765972,16
14,4,4,0.0,0.0020362000578685313,0.3142857142857142,0.2031746031746032,0.0006128499662456579,9.609670634304228e-06,0.04306642442896223,0.05321526539753106,0.11515767661586519,0.012052496325570539,16
14,4,8,0.0,0.0016872158145524452,0.5367003367003367,0.46262626262626266,0.0006128499662456579,9.609670634304228e-06,0.04306642442896223,0.05321526539753106,0.11515767661586519,0.012052496325570539,16
14,4,4,0.0,0.008036909916987356,0.4222222222222222,0.5333333333333333,0.00042357695530021355,1.3778342375812462e-05,0.042222032743169345,0.07361959830788403,0.09707909830750422,0.012493457613774938,16
14,4,8,0.0,0.0028099695743032393,0.6646464646464646,0.5070707070707071,0.00042357695530021355,1.3778342375812462e-05,0.042222032743169345,0.07361959830788403,0.09707909830750422,0.012493457613774938,16
14,4,4,1.1102230246251565e-16,2.4670180836738886e-05,0.30158730158730157,0.48888888888888893,0.0007004186947172122,9.566955683782514e-06,0.039727476241789336,0.04209197247190963,0.12878748050519515,0.013611295317281297,16
14,4,8,1.1102230246251565e-16,0.0001299834774901587,0.48282828282828283,0.49225589225589234,0.0007004186947172122,9.566955683782514e-06,0.039727476241789336,0.04209197247190963,0.12878748050519515,0.013611295317281297,16
14,4,4,0.0,0.001449750801998384,0.3142857142857143,0.34603174603174597,0.0002503514481613338,1.4264427071224648e-05,0.07576154788159194,0.20330915494155147,0.05645500683812767,0.008081246764259024,17
14,4,8,0.0,0.0032886955054123312,0.4585858585858586,0.4378658378658378,0.0002503514481613338,1.4264427071224648e-05,0.07576154788159194,0.20330915494155147,0.05645500683812767,0.008081246764259024,17
14,4,4,2.220446049250313e-16,0.0013837094351656365,0.25079365079365074,0.4666666666666666,0.0007514371213454512,9.401882993063489e-06,0.027319508465147038,0.04721498465712137,0.15278914688373363,0.012056466254792354,17
14,4,8,2.220446049250313e-16,0.001679767179955327,0.4010878010878011,0.5326599326599327,0.0007514371213454512,9.401882993063489e-06,0.027319508465147038,0.04721498465712137,0.15278914688373363,0.012056466254792354,17
14,4,4,1.1102230246251565e-16,0.0014627300304691504,0.32698412698412693,0.28571428571428564,0.0006962362844535816,8.84063315555282e-06,0.015984675826332943,0.031127312042048744,0.1844700156907391,0.014101575706655139,17
14,4,8,1.1102230246251565e-16,0.0007526556998109779,0.4621082621082621,0.6774410774410774,0.0006962362844535816,8.84063315555282e-06,0.015984675826332943,0.031127312042048744,0.1844700156907391,0.014101575706655139,17
14,4,4,0.0,0.0006457638470005467,0.43492063492063493,0.32698412698412693,0.0005122198780269225,7.480131289261601e-06,0.04646762339984399,0.07285057897850458,0.10033734987419993,0.009455789545963126,17
14,4,8,0.0,0.0008594168558078152,0.4474562474562474,0.5070707070707071,0.0005122198780269225,7.480131289261601e-06,0.04646762339984399,0.07285057897850458,0.10033734987419993,0.009455789545963126,17
14,4,4,0.0,7.558349953651344e-05,0.2063492063492063,0.42857142857142855,0.00045170759442846704,8.999016475492062e-06,0.01898669718022562,0.05768680492164364,0.1469391237972077,0.011875384422131633,17
14,4,8,0.0,0.002864358602149286,0.3763273763273764,0.5555555555555555,0.00045170759442846704,8.999016475492062e-06,0.01898669718022562,0.05768680492164364,0.1469391237972077,0.011875384422131633,17
14,4,4,0.0,0.00012180628288227524,0.3142857142857143,0.2825396825396825,0.0002356798541950576,2.374273786916668e-05,0.058151742348244516,0.28303286678543266,0.060950919861806986,0.008926231792423304,17
14,4,8,0.0,0.0007781044134440585,0.4994042994042995,0.35664335664335667,0.0002356798541950576,2.374273786916668e-05,0.058151742348244516,0.28303286678543266,0.060950919861806986,0.008926231792423304,17
14,4,4,0.0,0.004740124726773098,0.3904761904761905,0.35873015873015873,0.00023946462968104577,1.1268801686841989e-05,0.09776502268344564,0.18857857114685733,0.047007444987554575,0.007197856971787562,17
14,4,8,0.0,0.003694400542801457,0.4922558922558922,0.4792022792022792,0.00023946462968104577,1.1268801686841989e-05,0.09776502268344564,0.18857857114685733,0.047007444987554575,0.007197856971787562,17
14,4,4,0.0,0.0003610019338974313,0.4666666666666666,0.2825396825396825,0.00037723773079761165,1.0761868408629775e-05,0.03317070716423322,0.0878930343911547,0.10190999873961441,0.01032760254542154,17
14,4,8,0.0,0.00027668596211061214,0.5313131313131313,0.6107744107744107,0.00037723773079761165,1.0761868408629775e-05,0.03317070716423322,0.0878930343911547,0.10190999873961441,0.01032760254542154,17
14,4,4,2.220446049250313e-16,0.0010446050232657544,0.40317460317460313,0.30317460317460315,0.0004959578917532161,1.1642860983552455e-05,0.10320128604847403,0.2036790978108646,0.06735716359604377,0.0070309351601537855,18
14,4,8,2.220446049250313e-16,0.0003767716171433344,0.6592592592592593,0.5367003367003368,0.0004959578917532161,1.1642860983552455e-05,0.10320128604847403,0.2036790978108646,0.06735716359604377,0.0070309351601537855,18
14,4,4,2.220446049250313e-16,0.0017898738792243574,0.3904761904761904,0.29523809523809524,0.0006455801137628266,1.4879308580009973e-05,0.02224724212947662,0.06556068028462542,0.16051345551634963,0.014109006435029346,18
14,4,8,2.220446049250313e-16,0.0005224943130475168,0.5811447811447811,0.6107744107744107,0.0006455801137628266,1.4879308580009973e-05,0.02224724212947662,0.06556068028462542,0.16051345551634963,0.014109006435029346,18
14,4,4,0.0,2.204578247955169e-06,0.5777777777777778,0.5015873015873016,0.00040187139549183426,1.1196003659956423e-05,0.0696117009319411,0.155882671649401,0.07234167042551713,0.007968926325933807,18
14,4,8,0.0,0.00044366620704228144,0.5367003367003367,0.4922558922558922,0.00040187139549183426,1.1196003659956423e-05,0.0696117009319411,0.155882671649401,0.07234167042551713,0.007968926325933807,18
14,4,4,0.0,0.0014039832673893304,0.5111111111111112,0.4222222222222222,0.0006228531463570652,1.2192766522844043e-05,0.1901547442645061,0.3364981730945112,0.05549562381164045,0.005912558870386598,18
14,4,8,0.0,0.0009227875239021799,0.6107744107744107,0.5515151515151515,0.0006228531463570652,1.2192766522844043e-05,0.1901547442645061,0.3364981730945112,0.05549562381164045,0.005912558870386598,18
14,4,4,2.220446049250313e-16,0.00012491734663511167,0.3349206349206349,0.4222222222222222,0.0006219537862295345,1.2394754625488105e-05,0.03596907526660694,0.06937825616528594,0.12532152602564084,0.012433027979576393,18
14,4,8,2.220446049250313e-16,0.000924945300140978,0.6107744107744107,0.6053872053872055,0.0006219537862295345,1.2394754625488105e-05,0.03596907526660694,0.06937825616528594,0.12532152602564084,0.012433027979576393,18
14,4,4,0.0,0.002495968987693553,0.43492063492063493,0.4222222222222222,0.0006937423722080616,1.7679033583558644e-05,0.02137907017990598,0.05982779112689433,0.1722693217725004,0.016146625795335875,18
14,4,8,0.0,0.005028556798843509,0.503030303030303,0.46262626262626255,0.0006937423722080616,1.7679033583558644e-05,0.02137907017990598,0.05982779112689433,0.1722693217725004,0.016146625795335875,18
14,4,4,0.0,2.997103660629108e-05,0.6666666666666666,0.4222222222222222,0.00038918402368856483,1.923872473061143e-05,0.08657214009820938,0.26158258371232657,0.06493726516333048,0.008317390630875943,18
14,4,8,0.0,0.00038185706576721046,0.6592592592592593,0.725925925925926,0.00038918402368856483,1.923872473061143e-05,0.08657214009820938,0.26158258371232657,0.06493726516333048,0.008317390630875943,18
14,4,4,2.220446049250313e-16,0.0005810410793398724,0.5333333333333333,0.2222222222222222,0.0006900060303723491,1.3234131660672933e-05,0.042016999045547086,0.10343041491154478,0.12518219066895014,0.010817444715845724,18
14,4,8,2.220446049250313e-16,0.0019946390238643197,0.503030303030303,0.41414141414141414,0.0006900060303723491,1.3234131660672933e-05,0.042016999045547086,0.10343041491154478,0.12518219066895014,0.010817444715845724,18
14,4,4,0.0,0.001698417430191168,0.34603174603174597,0.3619047619047619,0.0016107402531331594,1.562408084997797e-05,0.043852287618082506,0.08397721734579466,0.18750762175798205,0.012556996551346069,19
14,4,8,0.0,0.006203822360189903,0.503030303030303,0.5084175084175084,0.0016107402531331594,1.562408084997797e-05,0.043852287618082506,0.08397721734579466,0.18750762175798205,0.012556996551346069,19
14,4,4,1.1102230246251565e-16,0.0005173845211994266,0.32698412698412693,0.42857142857142855,0.001462006915656757,1.3822799599624876e-05,0.02638439156854089,0.056902526109919596,0.22749421263966857,0.014328201885200577,19
14,4,8,1.1102230246251565e-16,4.861437592929008e-05,0.5272727272727272,0.6363636363636364,0.001462006915656757,1.3822799599624876e-05,0.02638439156854089,0.056902526109919596,0.22749421263966857,0.014328201885200577,19
14,4,4,0.0,0.000977794179142566,0.4888888888888889,1.0,0.0014306024660169084,1.5128995735525973e-05,0.03389128175369522,0.07696964229145155,0.19928977184036195,0.013059540378960142,19
14,4,8,0.0,0.0002387990889824998,0.5811447811447812,1.0,0.0014306024660169084,1.5128995735525973e-05,0.03389128175369522,0.07696964229145155,0.19928977184036195,0.013059540378960142,19
14,4,4,5.551115123125783e-16,0.0006287554280575147,0.25079365079365074,1.0,0.0014227548204182353,1.868346618855495e-05,0.01100924606548743,0.02318005953669779,0.32692850251337185,0.026821608444594976,19
14,4,8,5.551115123125783e-16,0.0007809023592518782,0.468013468013468,1.0,0.0014227548204182353,1.868346618855495e-05,0.01100924606548743,0.02318005953669779,0.32692850251337185,0.026821608444594976,19
14,4,4,2.220446049250313e-16,0.0013778295678638086,0.35873015873015873,0.38888888888888884,0.0010758229747336546,1.8842373199634336e-05,0.045903370073142324,0.09687712911981441,0.1496150263098366,0.013140164786276727,19
14,4,8,2.220446049250313e-16,0.0023347208157162846,0.5084175084175084,0.5535353535353535,0.0010758229747336546,1.8842373199634336e-05,0.045903370073142324,0.09687712911981441,0.1496150263098366,0.013140164786276727,19
14,4,4,0.0,0.005120902752165923,0.37777777777777777,0.4253968253968254,0.0012229916558510528,1.6772477964948102e-05,0.03892997260446225,0.0716708546168852,0.17259635812124963,0.014478645402370255,19
14,4,8,0.0,0.004296586568217853,0.48821548821548827,0.5905723905723906,0.0012229916558510528,1.6772477964948102e-05,0.03892997260446225,0.0716708546168852,0.17259635812124963,0.014478645402370255,19
14,4,4,0.0,0.002567363053461058,0.4222222222222223,0.3142857142857142,0.0006715930570947377,4.0385264103430105e-05,0.028658289902544612,0.10514580941533169,0.1404179509257977,0.01791075686767118,19
14,4,8,0.0,0.002785346683199741,0.6107744107744107,0.5757575757575758,0.0006715930570947377,4.0385264103430105e-05,0.028658289902544612,0.10514580941533169,0.1404179509257977,0.01791075686767118,19
14,4,4,0.0,0.004381164160717765,0.3142857142857142,0.5015873015873017,0.001421354489290281,2.0146700716430907e-05,0.08055503884429399,0.13794937410796662,0.12809453940224927,0.01180381432128312,19
14,4,8,0.0,0.002621262290840476,0.6592592592592593,0.4994042994042995,0.001421354489290281,2.0146700716430907e-05,0.08055503884429399,0.13794937410796662,0.12809453940224927,0.01180381432128312,19
14,5,4,1.1102230246251565e-16,0.00015648241822985298,0.3685714285714286,0.22380952380952382,0.00018992927737728372,8.992096486072424e-06,0.07250139827130442,0.16950489874449054,0.04970815321718812,0.007091025320412325,0
14,5,8,1.1102230246251565e-16,0.0022463098053527863,0.4151981351981352,0.5127272727272726,0.00018992927737728372,8.992096486072424e-06,0.07250139827130442,0.16950489874449054,0.04970815321718812,0.007091025320412325,0
14,5,4,0.0,0.0008639656446103317,0.2647619047619048,0.3142857142857143,0.0003214554205066012,8.98090706228031e-06,0.03676223076683489,0.07939469317262486,0.08813709220085751,0.009720449340748607,0
14,5,8,0.0,0.0007379285009534442,0.5062626262626262,0.48282828282828283,0.0003214554205066012,8.98090706228031e-06,0.03676223076683489,0.07939469317262486,0.08813709220085751,0.009720449340748607,0
14,5,4,1.1102230246251565e-16,0.000887877867546516,0.24857142857142858,0.4222222222222222,0.00023001430924125824,9.955645833914192e-06,0.08781415717632828,0.19589404085877873,0.047104533941401364,0.006762780360136553,0
14,5,8,1.1102230246251565e-16,0.0013151429268326575,0.4254545454545455,0.4478114478114478,0.00023001430924125824,9.955645833914192e-06,0.08781415717632828,0.19589404085877873,0.047104533941401364,0.006762780360136553,0
14,5,4,0.0,0.005657908782817689,0.3561904761904762,0.37523809523809526,0.0004913764433330887,9.632213290483206e-06,0.04634400506736549,0.095560708143686,0.09677234938774175,0.009188733596566658,0
14,5,8,0.0,0.005745914246530592,0.37156177156177156,0.47272727272727266,0.0004913764433330887,9.632213290483206e-06,0.04634400506736549,0.095560708143686,0.09677234938774175,0.009188733596566658,0
14,5,4,2.220446049250313e-16,0.0005339757940419076,0.3942857142857143,0.2838095238095238,0.0003824699232437149,1.0300002400377136e-05,0.021716404409345275,0.035067363302082134,0.12812266957739638,0.014416854615101303,0
14,5,8,2.220446049250313e-16,0.0010427206930672117,0.44727272727272727,0.43701631701631694,0.0003824699232437149,1.0300002400377136e-05,0.021716404409345275,0.035067363302082134,0.12812266957739638,0.014416854615101303,0
14,5,4,2.220446049250313e-16,0.0007645154553497235,0.2761904761904762,0.3904761904761904,0.00026877469817701837,1.6718350426993533e-05,0.016060411280923868,0.06723264052858423,0.11816115868605898,0.014737454222774126,0
14,5,8,2.220446049250313e-16,0.0008698604361512263,0.504087024087024,0.7185185185185184,0.00026877469817701837,1.6718350426993533e-05,0.016060411280923868,0.06723264052858423,0.11816115868605898,0.014737454222774126,0
14,5,4,0.0,6.180157123392149e-05,0.3028571428571428,0.32952380952380955,0.00036423115865972974,1.1102768644132456e-05,0.016859184198452677,0.03436796353383967,0.14027255196660346,0.01626862969705462,0
14,5,8,0.0,0.0008825477984508723,0.4006526806526806,0.4553535353535353,0.00036423115865972974,1.1102768644132456e-05,0.016859184198452677,0.03436796353383967,0.14027255196660346,0.01626862969705462,0
14,5,4,2.220446049250313e-16,0.000527838956967619,0.3219047619047619,0.4222222222222222,0.0002577648979680725,9.598802829757238e-06,0.023789526488004534,0.05610892430217032,0.09981539632993738,0.012161689743239338,0
14,5,8,2.220446049250313e-16,0.0030964778890381073,0.4413053613053612,0.5663299663299664,0.0002577648979680725,9.598802829757238e-06,0.023789526488004534,0.05610892430217032,0.09981539632993738,0.012161689743239338,0
14,5,4,0.0,0.0013916366531516733,0.23809523809523808,0.21904761904761902,0.0004165417627631868,1.2455509837772415e-05,0.02454768062536669,0.06472821604727319,0.12364973229703767,0.01285834109965676,1
14,5,8,0.0,0.0006785580351131859,0.4515617715617715,0.38088578088578084,0.0004165417627631868,1.2455509837772415e-05,0.02454768062536669,0.06472821604727319,0.12364973229703767,0.01285834109965676,1
14,5,4,0.0,0.004532319139633145,0.3295238095238095,0.26666666666666666,0.000391554301686151,8.997695749415285e-06,0.02667154169738772,0.06890427634390693,0.1180594815529253,0.010900053025023818,1
14,5,8,0.0,0.0064486638078165015,0.4739393939393938,0.465050505050505,0.000391554301686151,8.997695749415285e-06,0.02667154169738772,0.06890427634390693,0.1180594815529253,0.010900053025023818,1
14,5,4,0.0,0.0015899103438949957,0.22952380952380952,0.2838095238095238,0.00021153912493043298,1.0701519129183315e-05,0.025059558005093463,0.09960605159508609,0.08611371666864617,0.009981156001888964,1
14,5,8,0.0,0.0032602362728517686,0.5105516705516705,0.4593939393939393,0.00021153912493043298,1.0701519129183315e-05,0.025059558005093463,0.09960605159508609,0.08611371666864617,0.009981156001888964,1
14,5,4,0.0,0.0005675445592852046,0.2552380952380952,0.26952380952380955,0.00048648801659129814,1.5363080511496712e-05,0.021226663642437332,0.054465713186001886,0.13937337089989563,0.014725989318466231,1
14,5,8,0.0,0.0002693867583249965,0.4884848484848484,0.44727272727272727,0.00048648801659129814,1.5363080511496712e-05,0.021226663642437332,0.054465713186001886,0.13937337089989563,0.014725989318466231,1
14,5,4,0.0,0.001804701063200298,0.2961904761904762,0.26285714285714284,0.00026827762700533424,1.1229124709024425e-05,0.026617378145149362,0.09936421390039621,0.09664501707425467,0.009929754081769602,1
14,5,8,0.0,0.00010374333588747398,0.4273193473193473,0.545050505050505,0.00026827762700533424,1.1229124709024425e-05,0.026617378145149362,0.09936421390039621,0.09664501707425467,0.009929754081769602,1
14,5,4,0.0,8.845814965896537e-05,0.31428571428571433,0.2095238095238095,0.0003306651079273056,1.3843379504475687e-05,0.025488482120338555,0.07956961491350767,0.11040458786655491,0.01208469909485941,1
14,5,8,0.0,0.0007317148591068356,0.44913752913752913,0.37156177156177156,0.0003306651079273056,1.3843379504475687e-05,0.025488482120338555,0.07956961491350767,0.11040458786655491,0.01208469909485941,1
14,5,4,2.220446049250313e-16,0.002385277562528376,0.28476190476190477,0.22476190476190477,0.00036285646798050813,1.5477123357555003e-05,0.03601655509699753,0.12863146506326006,0.09736702754644241,0.01023593064767986,1
14,5,8,2.220446049250313e-16,0.0039449094322623335,0.5127272727272726,0.3903962703962704,0.00036285646798050813,1.5477123357555003e-05,0.03601655509699753,0.12863146506326006,0.09736702754644241,0.01023593064767986,1
14,5,4,0.0,0.0009040450312571835,0.24571428571428572,0.25047619047619046,0.0002700901503095019,1.020943788465649e-05,0.029788166320657186,0.08988063882846892,0.09197713854366059,0.010155145627539948,1
14,5,8,0.0,0.0005607478198996763,0.416006216006216,0.4496969696969696,0.0002700901503095019,1.020943788465649e-05,0.029788166320657186,0.08988063882846892,0.09197713854366059,0.010155145627539948,1
14,5,4,2.220446049250313e-16,0.0018345249984486056,0.29523809523809524,0.6666666666666666,0.0006291256318576709,9.624183547443877e-06,0.0738676757602463,0.11732762628506413,0.08969256131580747,0.008840687730589715,2
14,5,8,2.220446049250313e-16,0.0006211451479392061,0.4739393939393938,0.6774410774410774,0.0006291256318576709,9.624183547443877e-06,0.0738676757602463,0.11732762628506413,0.08969256131580747,0.008840687730589715,2
14,5,4,0.0,0.0023522267477895653,0.26476190476190475,0.2914285714285714,0.00039166702886013916,1.0052113997732113e-05,0.08971085557718086,0.16650239965175426,0.0643594060062276,0.007333030781287646,2
14,5,8,0.0,0.0010768461252981254,0.40251748251748254,0.3898368298368298,0.00039166702886013916,1.0052113997732113e-05,0.08971085557718086,0.16650239965175426,0.0643594060062276,0.007333030781287646,2
14,5,4,0.0,0.0008335044707674655,0.24571428571428572,0.32380952380952377,0.0003201197009390781,8.498237888696816e-06,0.020767399017502155,0.05794369248404557,0.12014626226724409,0.011489338838654826,2
14,5,8,0.0,0.00294436615062299,0.40680652680652674,0.5240404040404039,0.0003201197009390781,8.498237888696816e-06,0.020767399017502155,0.05794369248404557,0.12014626226724409,0.011489338838654826,2
14,5,4,1.1102230246251565e-16,0.002896352718550599,0.3904761904761905,0.41269841269841273,0.0003103694702035367,8.253021323066274e-06,0.016497005707988555,0.05074095396049055,0.13117102116012205,0.011550435151402742,2
14,5,8,1.1102230246251565e-16,0.00251011642110599,0.47636363636363627,0.5959595959595959,0.0003103694702035367,8.253021323066274e-06,0.016497005707988555,0.05074095396049055,0.13117102116012205,0.011550435151402742,2
14,5,4,0.0,0.001160790746009166,0.28380952380952384,0.2571428571428571,0.0003596853565054519,1.2049706596463465e-05,0.10515950287354868,0.23652778125679896,0.05689492985487743,0.006950233849472263,2
14,5,8,0.0,0.0023173128855118463,0.38610722610722614,0.4515617715617715,0.0003596853565054519,1.2049706596463465e-05,0.10515950287354868,0.23652778125679896,0.05689492985487743,0.006950233849472263,2
14,5,4,0.0,0.004556967192173689,0.4152380952380953,0.3904761904761905,0.00018844659005951047,2.4404577687196313e-05,0.054445952160299564,0.36802564474573535,0.056189257770194144,0.007917576642915022,2
14,5,8,0.0,0.0023737013736644386,0.5329292929292928,0.47878787878787876,0.00018844659005951047,2.4404577687196313e-05,0.054445952160299564,0.36802564474573535,0.056189257770194144,0.007917576642915022,2
14,5,4,2.220446049250313e-16,0.0018185409901735339,0.2361904761904762,0.25047619047619046,0.00040486260193160544,1.0984240974265792e-05,0.08707638930884955,0.19287994671030206,0.06574158732268323,0.007380132744878234,2
14,5,8,2.220446049250313e-16,0.0017803087942820373,0.373986013986014,0.5159595959595957,0.00040486260193160544,1.0984240974265792e-05,0.08707638930884955,0.19287994671030206,0.06574158732268323,0.007380132744878234,2
14,5,4,0.0,0.0005101357057459843,0.2571428571428572,0.2761904761904762,0.0004729072959470114,1.0903362535751403e-05,0.03863327747196122,0.10752499013977339,0.10504288370844539,0.009529767867699409,2
14,5,8,0.0,0.0006946891371200081,0.4572183372183372,0.41277389277389276,0.0004729072959470114,1.0903362535751403e-05,0.03863327747196122,0.10752499013977339,0.10504288370844539,0.009529767867699409,2
14,5,4,2.220446049250313e-16,0.0016583198414976685,0.37523809523809526,0.24380952380952378,0.00046941346177051285,1.1604557675130988e-05,0.03666005446668756,0.07872047059394191,0.1083488850216438,0.011224864469579864,3
14,5,8,2.220446049250313e-16,0.0007624846892424486,0.45964257964257965,0.4006526806526806,0.00046941346177051285,1.1604557675130988e-05,0.03666005446668756,0.07872047059394191,0.1083488850216438,0.011224864469579864,3
14,5,4,0.0,0.0033046090723112265,0.2961904761904762,0.3371428571428572,0.00037912663648681565,1.6902915995508795e-05,0.0374126721017086,0.08934811450292796,0.09676887141369785,0.013211594462025817,3
14,5,8,0.0,0.00044139104802143336,0.4206060606060606,0.3801398601398601,0.00037912663648681565,1.6902915995508795e-05,0.0374126721017086,0.08934811450292796,0.09676887141369785,0.013211594462025817,3
14,5,4,0.0,0.0021039142641846587,0.3828571428571429,0.2523809523809524,0.000456356526685461,9.518003470599658e-06,0.024203516668530916,0.051207760551679894,0.13078986183560526,0.01240268860588515,3
14,5,8,0.0,0.0007650658770843588,0.49818181818181806,0.47272727272727266,0.000456356526685461,9.518003470599658e-06,0.024203516668530916,0.051207760551679894,0.13078986183560526,0.01240268860588515,3
14,5,4,0.0,0.0029339714280676166,0.31523809523809526,0.3676190476190476,0.000271241357114773,1.1833680598641842e-05,0.03423514759504723,0.08713832628952829,0.08649999207166693,0.01106197676275657,3
14,5,8,0.0,0.0048269903598765485,0.5006060606060605,0.4892929292929292,0.000271241357114773,1.1833680598641842e-05,0.03423514759504723,0.08713832628952829,0.08649999207166693,0.01106197676275657,3
14,5,4,0.0,0.00260464261821014,0.2885714285714286,0.33714285714285713,0.00042691235755673085,1.556430103487951e-05,0.08920632179194142,0.2142299662400578,0.0674079406283577,0.008068033528997277,3
14,5,8,0.0,0.003799722037945874,0.4572183372183371,0.515151515151515,0.00042691235755673085,1.556430103487951e-05,0.08920632179194142,0.2142299662400578,0.0674079406283577,0.008068033528997277,3
14,5,4,0.0,0.0027830121934939722,0.43999999999999995,0.2914285714285714,0.0005249453695656957,1.0127489449325321e-05,0.02865666682149358,0.07008955755328433,0.13185013271360624,0.01143126493345496,3
14,5,8,0.0,0.003334736161174634,0.40388500388500387,0.41811965811965807,0.0005249453695656957,1.0127489449325321e-05,0.02865666682149358,0.07008955755328433,0.13185013271360624,0.01143126493345496,3
14,5,4,2.220446049250313e-16,0.0012387553535144757,0.22476190476190477,0.20476190476190476,0.0003246653441523531,1.2255276900463852e-05,0.041686502265893176,0.10937714393074177,0.08596329049757898,0.010053094723083026,3
14,5,8,2.220446049250313e-16,0.002582731856444087,0.3637296037296037,0.432975912975913,0.0003246653441523531,1.2255276900463852e-05,0.041686502265893176,0.10937714393074177,0.08596329049757898,0.010053094723083026,3
14,5,4,2.220446049250313e-16,0.00011006869802776542,0.44190476190476186,0.6222222222222222,0.0006447226381538499,1.1629799338200102e-05,0.03447516465581445,0.06284166422340375,0.13161739216021695,0.012558889755074713,3
14,5,8,2.220446049250313e-16,0.000648785381640149,0.5943434343434342,0.5454545454545455,0.0006447226381538499,1.1629799338200102e-05,0.03447516465581445,0.06284166422340375,0.13161739216021695,0.012558889755074713,3
14,5,4,0.0,0.001588253551929819,0.4933333333333333,0.31047619047619046,0.0002872780824207288,1.0737991416426979e-05,0.03660314263901147,0.1158476139779623,0.08407217062986874,0.009354905051754913,4
14,5,8,0.0,0.0012540540684120582,0.5606526806526806,0.5329292929292928,0.0002872780824207288,1.0737991416426979e-05,0.03660314263901147,0.1158476139779623,0.08407217062986874,0.009354905051754913,4
14,5,4,0.0,0.0013868678462543027,0.4019047619047619,0.38857142857142857,0.0003482128787149314,1.1966624224938707e-05,0.03490682189142616,0.09323161654585971,0.09562925323845668,0.010495589888495308,4
14,5,8,0.0,0.0011021351819897607,0.46181818181818174,0.46181818181818174,0.0003482128787149314,1.1966624224938707e-05,0.03490682189142616,0.09323161654585971,0.09562925323845668,0.010495589888495308,4
14,5,4,0.0,0.00014851812105753925,0.3961904761904762,0.44761904761904764,0.0005447943666408925,1.1106202852444737e-05,0.024765079682259463,0.059563613979783714,0.1412434925299781,0.012964749674219468,4
14,5,8,0.0,0.0017827299502877203,0.4876767676767676,0.48606060606060597,0.0005447943666408925,1.1106202852444737e-05,0.024765079682259463,0.059563613979783714,0.1412434925299781,0.012964749674219468,4
14,5,4,2.220446049250313e-16,0.001961185333331117,0.24571428571428572,0.3676190476190476,0.0005185111196811407,1.2377183360104791e-05,0.033430982723675236,0.07609866911271673,0.11848661824963509,0.011716311852694719,4
14,5,8,2.220446049250313e-16,0.002141580992324532,0.671111111111111,0.49600621600621597,0.0005185111196811407,1.2377183360104791e-05,0.033430982723675236,0.07609866911271673,0.11848661824963509,0.011716311852694719,4
14,5,4,0.0,0.0025637616423983545,0.2961904761904762,0.3295238095238095,0.0003729781491810558,1.69936054715084e-05,0.08069949680087402,0.24079103774066643,0.06473091558571703,0.008232927312847568,4
14,5,8,0.0,0.0029611261215474194,0.41277389277389276,0.4771717171717171,0.0003729781491810558,1.69936054715084e-05,0.08069949680087402,0.24079103774066643,0.06473091558571703,0.008232927312847568,4
14,5,4,1.1102230246251565e-16,0.005148131470442241,0.44761904761904764,0.4133333333333334,0.0003707374476853211,1.2198981827227216e-05,0.06534229499511703,0.17295802755968734,0.07365541957961334,0.00807111102925193,4
14,5,8,1.1102230246251565e-16,0.0018278760010015382,0.46747474747474743,0.515151515151515,0.0003707374476853211,1.2198981827227216e-05,0.06534229499511703,0.17295802755968734,0.07365541957961334,0.00807111102925193,4
14,5,4,1.1102230246251565e-16,0.00026816116872652174,0.3238095238095238,0.3180952380952381,0.00039205453149988704,1.3222763726749985e-05,0.033426056303191794,0.10340066152251821,0.1036022975026854,0.010615410330699768,4
14,5,8,1.1102230246251565e-16,0.002275251860373473,0.43272727272727274,0.4884848484848484,0.00039205453149988704,1.3222763726749985e-05,0.033426056303191794,0.10340066152251821,0.1036022975026854,0.010615410330699768,4
14,5,4,1.1102230246251565e-16,0.0005497657420987512,0.23809523809523808,0.2825396825396825,0.00030530596452100014,1.0191374156624804e-05,0.030272156668105524,0.06712240144058378,0.09634578670883563,0.011606621783931145,4
14,5,8,1.1102230246251565e-16,0.0003696052357755608,0.4884848484848484,0.5367003367003368,0.00030530596452100014,1.0191374156624804e-05,0.030272156668105524,0.06712240144058378,0.09634578670883563,0.011606621783931145,4
14,5,4,0.0,0.0011786277817724677,0.24285714285714288,0.3028571428571428,0.00037580546967530684,7.815645083161227e-06,0.0272860928050571,0.06573693331551957,0.10948023028445458,0.010101710004923046,5
14,5,8,0.0,0.0002245569933199132,0.37585081585081587,0.5474747474747473,0.00037580546967530684,7.815645083161227e-06,0.0272860928050571,0.06573693331551957,0.10948023028445458,0.010101710004923046,5
14,5,4,2.220446049250313e-16,0.0003509318745875678,0.25047619047619046,0.31428571428571433,0.00028993945509542604,1.9059238311591247e-05,0.027230586045348566,0.11666939448741506,0.09298200131107073,0.011907596551420142,5
14,5,8,2.220446049250313e-16,0.0015520556241215289,0.4413053613053613,0.5240404040404039,0.00028993945509542604,1.9059238311591247e-05,0.027230586045348566,0.11666939448741506,0.09298200131107073,0.011907596551420142,5
14,5,4,2.220446049250313e-16,0.002176462956098968,0.4019047619047619,0.3695238095238095,0.0006999270377108555,1.4971914763213938e-05,0.03632252853644696,0.09097783700846078,0.1211464485103492,0.011276748176112425,5
14,5,8,2.220446049250313e-16,0.0005699581711170465,0.4884848484848484,0.5030303030303029,0.0006999270377108555,1.4971914763213938e-05,0.03632252853644696,0.09097783700846078,0.1211464485103492,0.011276748176112425,5
14,5,4,0.0,0.0004756691285154879,0.2619047619047619,0.37523809523809526,0.0006284403204538862,7.899452736155164e-06,0.05166124920594794,0.10056194732813858,0.10765912948364362,0.00849470961302094,5
14,5,8,0.0,0.0005325141174266079,0.42489510489510485,0.5018181818181817,0.0006284403204538862,7.899452736155164e-06,0.05166124920594794,0.10056194732813858,0.10765912948364362,0.00849470961302094,5
14,5,4,0.0,0.0014493361357852397,0.26476190476190475,0.22952380952380955,0.0004159897175042102,1.2713796232335573e-05,0.020250361463447514,0.07414475939738369,0.1320269936895969,0.0116668415324082,5
14,5,8,0.0,0.0020391250614033574,0.38610722610722614,0.515151515151515,0.0004159897175042102,1.2713796232335573e-05,0.020250361463447514,0.07414475939738369,0.1320269936895969,0.0116668415324082,5
14,5,4,1.1102230246251565e-16,0.0018791699565676723,0.2314285714285714,0.3238095238095238,0.00041437102827458473,1.3433236048183588e-05,0.0077933752155672125,0.02497178225010926,0.19992246348132944,0.018421186486053287,5
14,5,8,1.1102230246251565e-16,0.0009647973027631096,0.465050505050505,0.4303962703962704,0.00041437102827458473,1.3433236048183588e-05,0.0077933752155672125,0.02497178225010926,0.19992246348132944,0.018421186486053287,5
14,5,4,2.220446049250313e-16,7.281724968333236e-06,0.28380952380952384,0.44000000000000006,0.00042118401184961424,2.0775141141908548e-05,0.01637489654394967,0.07724677888499393,0.14682365545143644,0.01380070335168124,5
14,5,8,2.220446049250313e-16,0.00022142644614286944,0.4084848484848485,0.4984304584304583,0.00042118401184961424,2.0775141141908548e-05,0.01637489654394967,0.07724677888499393,0.14682365545143644,0.01380070335168124,5
14,5,4,1.1102230246251565e-16,0.00035384621675604855,0.28380952380952384,0.4152380952380952,0.0006595437780761094,1.6304976680847937e-05,0.042818278649326476,0.1279594999145286,0.11652247155521006,0.010659175515791536,5
14,5,8,1.1102230246251565e-16,0.0006837876426102341,0.5272727272727271,0.5329292929292928,0.0006595437780761094,1.6304976680847937e-05,0.042818278649326476,0.1279594999145286,0.11652247155521006,0.010659175515791536,5
14,5,4,0.0,0.004005679438212395,0.2619047619047619,0.22476190476190477,0.00038418462086404944,1.2183681320752678e-05,0.06864989779211293,0.1630517931621884,0.07239847354024967,0.00835774931598039,6
14,5,8,0.0,0.0016023674260357001,0.4693395493395493,0.4082717282717282,0.00038418462086404944,1.2183681320752678e-05,0.06864989779211293,0.1630517931621884,0.07239847354024967,0.00835774931598039,6
14,5,4,0.0,0.000745908632514003,0.20476190476190476,0.24761904761904763,0.00041410313969908095,9.568449833020766e-06,0.06617066331420819,0.1440219087085507,0.07576881954160666,0.007368855190811121,6
14,5,8,0.0,0.0006150417511616713,0.4345920745920745,0.45454545454545453,0.00041410313969908095,9.568449833020766e-06,0.06617066331420819,0.1440219087085507,0.07576881954160666,0.007368855190811121,6
14,5,4,2.220446049250313e-16,0.00011013205244370106,0.2838095238095238,0.43492063492063493,0.0005130814545030859,1.0106982355609294e-05,0.042638427652724915,0.0714582675025606,0.10395970609010027,0.010919781943840051,6
14,5,8,2.220446049250313e-16,0.002300343716422404,0.5919191919191917,0.5367003367003368,0.0005130814545030859,1.0106982355609294e-05,0.042638427652724915,0.0714582675025606,0.10395970609010027,0.010919781943840051,6
14,5,4,2.220446049250313e-16,0.0021704940991714716,0.3561904761904762,1.0,0.0004160836405867371,8.558373796335629e-06,0.04518237432199189,0.07993396488454696,0.09252609421451576,0.009442083259464199,6
14,5,8,2.220446049250313e-16,0.00118818757664918,0.47636363636363627,1.0,0.0004160836405867371,8.558373796335629e-06,0.04518237432199189,0.07993396488454696,0.09252609421451576,0.009442083259464199,6
14,5,4,0.0,0.00015390882520005533,0.21904761904761902,0.2647619047619047,0.000503898427295444,7.893673139465413e-06,0.02998857494505984,0.05666761693604566,0.12406101578548247,0.010958062398103896,6
14,5,8,0.0,0.00010161372981420946,0.49171717171717155,0.42303030303030303,0.000503898427295444,7.893673139465413e-06,0.02998857494505984,0.05666761693604566,0.12406101578548247,0.010958062398103896,6
14,5,4,1.1102230246251565e-16,0.0007545946871877485,0.20476190476190476,0.23142857142857146,0.00028638251425581795,1.6967860845170272e-05,0.0514467549080778,0.14537147841186382,0.07096585512118996,0.010174340984598696,6
14,5,8,1.1102230246251565e-16,0.0014616352986212,0.44267288267288263,0.5016627816627817,0.00028638251425581795,1.6967860845170272e-05,0.0514467549080778,0.14537147841186382,0.07096585512118996,0.010174340984598696,6
14,5,4,2.220446049250313e-16,0.0005898188251398651,0.3561904761904763,0.27714285714285714,0.00017137063750737134,3.548855699450573e-05,0.05588050809105189,0.2922629012328861,0.053666260931150234,0.010828898071157968,6
14,5,8,2.220446049250313e-16,0.0014126555112616845,0.4572183372183371,0.42303030303030303,0.00017137063750737134,3.548855699450573e-05,0.05588050809105189,0.2922629012328861,0.053666260931150234,0.010828898071157968,6
14,5,4,1.1102230246251565e-16,0.002047130466824587,0.35619047619047617,0.40952380952380957,0.00031500015082617464,1.3039702632960136e-05,0.24074221761329018,0.4076630451798802,0.03584189783930792,0.005530084709396562,6
14,5,8,1.1102230246251565e-16,0.0007394166712455519,0.5886868686868686,0.48065268065268063,0.00031500015082617464,1.3039702632960136e-05,0.24074221761329018,0.4076630451798802,0.03584189783930792,0.005530084709396562,6
14,5,4,0.0,0.008314467838342443,0.32285714285714284,0.3460317460317461,0.00034399364862305214,1.228548767218842e-05,0.02686358504288626,0.058287617701551865,0.10875008796676733,0.013199447413015332,7
14,5,8,0.0,0.003447848384495744,0.5014141414141413,0.5252525252525253,0.00034399364862305214,1.228548767218842e-05,0.02686358504288626,0.058287617701551865,0.10875008796676733,0.013199447413015332,7
14,5,4,1.1102230246251565e-16,0.0018186333762466589,0.3238095238095238,0.35873015873015873,0.0004572996525712382,1.119321087129351e-05,0.021944587190492682,0.054484084670308484,0.1338307550549857,0.01305377342350731,7
14,5,8,1.1102230246251565e-16,0.0013084092282809046,0.5563636363636363,0.4424242424242424,0.0004572996525712382,1.119321087129351e-05,0.021944587190492682,0.054484084670308484,0.1338307550549857,0.01305377342350731,7
14,5,4,0.0,0.0016934675596398385,0.26476190476190475,0.3371428571428572,0.00035766687648463376,1.4604068254500348e-05,0.023784575525953946,0.05708842213108234,0.1179051711197284,0.014854604180921866,7
14,5,8,0.0,0.0018480783518532995,0.49358197358197353,0.5595959595959595,0.00035766687648463376,1.4604068254500348e-05,0.023784575525953946,0.05708842213108234,0.1179051711197284,0.014854604180921866,7
14,5,4,0.0,0.0038555359947476386,0.32952380952380955,0.31047619047619046,0.00041244618543214497,1.52446386531577e-05,0.0454774828507674,0.1269931844974126,0.09059999197246604,0.009828248349476749,7
14,5,8,0.0,0.002085673578469449,0.5208080808080807,0.5418181818181818,0.00041244618543214497,1.52446386531577e-05,0.0454774828507674,0.1269931844974126,0.09059999197246604,0.009828248349476749,7
14,5,4,2.220446049250313e-16,0.0020661784144833106,0.33904761904761904,0.3180952380952381,0.0004015748976442613,1.4342048498209833e-05,0.02044996553053097,0.04370025184115868,0.13447604741075495,0.015074639071198458,7
14,5,8,2.220446049250313e-16,0.0013727881804586062,0.48606060606060597,0.4941414141414141,0.0004015748976442613,1.4342048498209833e-05,0.02044996553053097,0.04370025184115868,0.13447604741075495,0.015074639071198458,7
14,5,4,0.0,0.002842525972546528,0.3485714285714286,0.2698412698412698,0.000417279186092645,1.9590562611964182e-05,0.028553979078212128,0.09742526272950838,0.11105579232364941,0.01317130320608073,7
14,5,8,0.0,0.003494646036893645,0.621010101010101,0.5555555555555556,0.000417279186092645,1.9590562611964182e-05,0.028553979078212128,0.09742526272950838,0.11105579232364941,0.01317130320608073,7
14,5,4,1.1102230246251565e-16,0.003138093951309706,0.2647619047619048,0.4342857142857143,0.00031799143900666435,1.683626068673667e-05,0.02418000948205048,0.09083903694723094,0.11015885432491301,0.013093559105805801,7
14,5,8,1.1102230246251565e-16,0.005620617320127308,0.5385858585858585,0.5038383838383836,0.00031799143900666435,1.683626068673667e-05,0.02418000948205048,0.09083903694723094,0.11015885432491301,0.013093559105805801,7
14,5,4,2.220446049250313e-16,0.002277058155744527,0.42095238095238097,0.6222222222222222,0.000318175572319402,1.262627659330018e-05,0.02818604481102037,0.08751548855800191,0.10170511434779904,0.010990637041963526,7
14,5,8,2.220446049250313e-16,0.0029023312369326204,0.5159595959595958,0.5326599326599326,0.000318175572319402,1.262627659330018e-05,0.02818604481102037,0.08751548855800191,0.10170511434779904,0.010990637041963526,7
14,5,4,0.0,0.0003212206889540159,0.32952380952380955,0.31746031746031744,0.000488446199890977,7.4629879523799424e-06,0.02756888486656153,0.07607041404361772,0.12894138201546493,0.00909153468984968,8
14,5,8,0.0,0.0006705987059556495,0.44453768453768444,0.5124579124579124,0.000488446199890977,7.4629879523799424e-06,0.02756888486656153,0.07607041404361772,0.12894138201546493,0.00909153468984968,8
14,5,4,0.0,0.0026283292056946683,0.4019047619047619,0.26285714285714284,0.0004212696210840655,1.1915320354383788e-05,0.023099449671780826,0.07057452673815226,0.13022695171222856,0.012361004674339754,8
14,5,8,0.0,0.005949817347649877,0.5329292929292928,0.44509712509712507,0.0004212696210840655,1.1915320354383788e-05,0.023099449671780826,0.07057452673815226,0.13022695171222856,0.012361004674339754,8
14,5,4,1.1102230246251565e-16,0.0002490932567933424,0.3219047619047619,0.37523809523809526,0.00042414937715523426,1.4717692724595983e-05,0.03185967443283543,0.07979478579718575,0.10968522842728927,0.012803115670263954,8
14,5,8,1.1102230246251565e-16,0.001674327733254266,0.416006216006216,0.5329292929292928,0.00042414937715523426,1.4717692724595983e-05,0.03185967443283543,0.07979478579718575,0.10968522842728927,0.012803115670263954,8
14,5,4,2.220446049250313e-16,0.0010762594204931641,0.3238095238095238,0.2222222222222222,0.0004848986976263639,8.966955123406969e-06,0.05580841935036939,0.10884958381498232,0.08895538519016429,0.008670727545302657,8
14,5,8,2.220446049250313e-16,5.220462096344747e-05,0.5127272727272726,0.401087801087801,0.0004848986976263639,8.966955123406969e-06,0.05580841935036939,0.10884958381498232,0.08895538519016429,0.008670727545302657,8
14,5,4,1.1102230246251565e-16,0.0012394556160211234,0.3676190476190476,0.24603174603174602,0.00031233043935933606,6.8817983197938124e-06,0.03632245223346167,0.0846830037572291,0.08764505780933772,0.008667192266013934,8
14,5,8,1.1102230246251565e-16,0.0027979037948095975,0.4795959595959595,0.47920227920227926,0.00031233043935933606,6.8817983197938124e-06,0.03632245223346167,0.0846830037572291,0.08764505780933772,0.008667192266013934,8
14,5,4,0.0,9.500428432651642e-05,0.2571428571428571,0.4222222222222222,0.00036065624280315394,6.65625677199504e-06,0.1336046843415671,0.20978473560249822,0.049420508179450914,0.00530210730924693,8
14,5,8,0.0,0.00014556966101320068,0.4593939393939393,0.5569023569023569,0.00036065624280315394,6.65625677199504e-06,0.1336046843415671,0.20978473560249822,0.049420508179450914,0.00530210730924693,8
14,5,4,1.1102230246251565e-16,0.002272583653621707,0.2771428571428572,0.34920634920634913,0.0002120840055023176,1.4515928312188204e-05,0.038207742809280965,0.14257284595536937,0.07086026235308605,0.00940619583701955,8
14,5,8,1.1102230246251565e-16,0.0031295367626241744,0.44267288267288263,0.4585858585858586,0.0002120840055023176,1.4515928312188204e-05,0.038207742809280965,0.14257284595536937,0.07086026235308605,0.00940619583701955,8
14,5,4,0.0,0.0025542147860336817,0.37523809523809526,0.20952380952380953,0.0006645563912211566,9.544510190947126e-06,0.042733808846428675,0.0783087064731329,0.11835999908059372,0.010352211810479803,8
14,5,8,0.0,0.00026096150191556866,0.5305050505050504,0.3885314685314686,0.0006645563912211566,9.544510190947126e-06,0.042733808846428675,0.0783087064731329,0.11835999908059372,0.010352211810479803,8
14,5,4,1.1102230246251565e-16,0.005332006050996929,0.2704761904761904,0.26476190476190475,0.000331092100606898,1.2246614308703616e-05,0.04748278168334682,0.12026333908560063,0.07994347836932361,0.00975157271800643,9
14,5,8,1.1102230246251565e-16,0.0014467920080136754,0.44727272727272716,0.5309090909090908,0.000331092100606898,1.2246614308703616e-05,0.04748278168334682,0.12026333908560063,0.07994347836932361,0.00975157271800643,9
14,5,4,0.0,0.002066588101508282,0.2838095238095238,0.31238095238095237,0.00022947576925094537,8.084185164188284e-06,0.07870368019705873,0.1499149442422913,0.05163009577567972,0.006954451507957166,9
14,5,8,0.0,0.0029388498585636302,0.4146386946386946,0.43104895104895097,0.00022947576925094537,8.084185164188284e-06,0.07870368019705873,0.1499149442422913,0.05163009577567972,0.006954451507957166,9
14,5,4,0.0,0.004465939862743573,0.26285714285714284,0.2952380952380952,0.00018679873767495385,1.1329289209686726e-05,0.018773018506404737,0.061611584374446735,0.09409466952483883,0.012236214342491513,9
14,5,8,0.0,0.0038236372054560874,0.46262626262626255,0.5527272727272726,0.00018679873767495385,1.1329289209686726e-05,0.018773018506404737,0.061611584374446735,0.09409466952483883,0.012236214342491513,9
14,5,4,0.0,0.0003557196603465318,0.3028571428571428,0.4019047619047619,0.0001462939551747988,8.162758344448292e-06,0.13155735555171882,0.12950440626154786,0.031952525445095616,0.007284236417136008,9
14,5,8,0.0,0.000599846291147843,0.43515151515151507,0.5595959595959595,0.0001462939551747988,8.162758344448292e-06,0.13155735555171882,0.12950440626154786,0.031952525445095616,0.007284236417136008,9
14,5,4,1.1102230246251565e-16,6.711872401332641e-05,0.5333333333333332,0.3619047619047619,0.0003897063693565095,8.523148457916094e-06,0.04462946186482616,0.1288797318994151,0.08978619745438225,0.007828708637364458,9
14,5,8,1.1102230246251565e-16,0.0005725683636834678,0.4572183372183371,0.5566433566433567,0.0003897063693565095,8.523148457916094e-06,0.04462946186482616,0.1288797318994151,0.08978619745438225,0.007828708637364458,9
14,5,4,0.0,0.002850842509273477,0.5599999999999998,0.2628571428571428,0.00024794333773332344,8.876870792662806e-06,0.12766840417634356,0.14837002060696725,0.042305378659119965,0.007197798328444138,9
14,5,8,0.0,0.0007077440644889244,0.5127272727272726,0.515151515151515,0.00024794333773332344,8.876870792662806e-06,0.12766840417634356,0.14837002060696725,0.042305378659119965,0.007197798328444138,9
14,5,4,2.220446049250313e-16,0.002471613589509758,0.5333333333333333,0.25809523809523804,0.0003353255235098738,7.85889331137856e-06,0.026546491549027773,0.05717735209465292,0.11008917694477413,0.010890280346859871,9
14,5,8,2.220446049250313e-16,0.006026718595143921,0.4984304584304584,0.4884848484848484,0.0003353255235098738,7.85889331137856e-06,0.026546491549027773,0.05717735209465292,0.11008917694477413,0.010890280346859871,9
14,5,4,2.220446049250313e-16,0.00025085809562241934,0.6266666666666666,0.5142857142857142,0.0002913485885105973,1.0939900002967577e-05,0.02842422710164103,0.08348348825007637,0.09538467189435357,0.010821595013481627,9
14,5,8,2.220446049250313e-16,0.0022594858224362913,0.49171717171717166,0.5652525252525251,0.0002913485885105973,1.0939900002967577e-05,0.02842422710164103,0.08348348825007637,0.09538467189435357,0.010821595013481627,9
14,5,4,0.0,0.0007643316273271417,0.33714285714285713,0.2838095238095238,0.00022617681732098942,9.48973595050898e-06,0.02850975723867912,0.10286903472008632,0.08207038461898351,0.009091135103980512,10
14,5,8,0.0,0.0019155642309218734,0.46610722610722605,0.4715151515151514,0.00022617681732098942,9.48973595050898e-06,0.02850975723867912,0.10286903472008632,0.08207038461898351,0.009091135103980512,10
14,5,4,1.1102230246251565e-16,0.0015056124840184815,0.37523809523809526,0.43492063492063493,0.00022048255585826166,9.903044231262448e-06,0.04129096649678108,0.10375351100150275,0.0708922829473823,0.008904394394742627,10
14,5,8,1.1102230246251565e-16,0.0033345187993132352,0.5474747474747474,0.5124579124579125,0.00022048255585826166,9.903044231262448e-06,0.04129096649678108,0.10375351100150275,0.0708922829473823,0.008904394394742627,10
14,5,4,2.220446049250313e-16,0.0019425286607345216,0.2314285714285714,0.2961904761904762,0.00027544252089120954,9.900159831158782e-06,0.017466002850124222,0.045819001877847654,0.11580601773474584,0.012537642980990377,10
14,5,8,2.220446049250313e-16,0.0025439834439811015,0.47636363636363627,0.42918414918414916,0.00027544252089120954,9.900159831158782e-06,0.017466002850124222,0.045819001877847654,0.11580601773474584,0.012537642980990377,10
14,5,4,0.0,0.0010718751410137006,0.27714285714285714,0.4,0.00025371127171942566,1.005286396718199e-05,0.015033285765007164,0.0590198233076516,0.1211859466314369,0.012095272011801696,10
14,5,8,0.0,0.0013571978723283529,0.5353535353535352,0.5418181818181818,0.00025371127171942566,1.005286396718199e-05,0.015033285765007164,0.0590198233076516,0.1211859466314369,0.012095272011801696,10
14,5,4,2.220446049250313e-16,0.00150729896588353,0.3561904761904762,0.31047619047619046,0.0004785302109396739,1.1143562024910586e-05,0.018644205194421146,0.047409293854645006,0.14864211732745242,0.013767501785991756,10
14,5,8,2.220446049250313e-16,0.0017249687212361753,0.4884848484848484,0.5183838383838383,0.0004785302109396739,1.1143562024910586e-05,0.018644205194421146,0.047409293854645006,0.14864211732745242,0.013767501785991756,10
14,5,4,1.1102230246251565e-16,0.0015015552873096638,0.3152380952380952,0.21428571428571427,0.0002556855308921126,6.038730153767006e-06,0.07938108122922305,0.12285975807582926,0.0558320432684094,0.0067366559949574864,10
14,5,8,1.1102230246251565e-16,0.0003752304621378322,0.46989898989898987,0.37684537684537683,0.0002556855308921126,6.038730153767006e-06,0.07938108122922305,0.12285975807582926,0.0558320432684094,0.0067366559949574864,10
14,5,4,0.0,0.0021268601280142185,0.2914285714285715,0.40317460317460313,0.000343474862115468,8.930112873404131e-06,0.06676362164263881,0.16680686763803926,0.06924838209143012,0.007064851548258604,10
14,5,8,0.0,0.002522236274090206,0.5919191919191917,0.48282828282828283,0.000343474862115468,8.930112873404131e-06,0.06676362164263881,0.16680686763803926,0.06924838209143012,0.007064851548258604,10
14,5,4,2.220446049250313e-16,0.002231963280163063,0.3038095238095238,0.22380952380952382,0.0002801606788443464,5.346194044247699e-06,0.05743999061262181,0.1037462943669661,0.06849084580838208,0.006692045469452675,10
14,5,8,2.220446049250313e-16,0.0023775685305493788,0.4739393939393938,0.4478114478114479,0.0002801606788443464,5.346194044247699e-06,0.05743999061262181,0.1037462943669661,0.06849084580838208,0.006692045469452675,10
14,5,4,0.0,0.0020693508821186812,0.1933333333333333,0.2698412698412698,0.0004399322561252824,1.2023058220878293e-05,0.0333787569792192,0.09912836202279125,0.10961103600225104,0.010189477946622212,11
14,5,8,0.0,0.003237491463729869,0.4084848484848485,0.503030303030303,0.0004399322561252824,1.2023058220878293e-05,0.0333787569792192,0.09912836202279125,0.10961103600225104,0.010189477946622212,11
14,5,4,0.0,0.0003097896192203464,0.2457142857142857,0.5333333333333333,0.00037490673689375987,7.8433457059891e-06,0.022760897410444916,0.05046838331845793,0.116804468916418,0.011487958715579977,11
14,5,8,0.0,0.0006538438204584107,0.4351515151515152,0.6646464646464646,0.00037490673689375987,7.8433457059891e-06,0.022760897410444916,0.05046838331845793,0.116804468916418,0.011487958715579977,11
14,5,4,0.0,0.0013167922195521653,0.36952380952380953,0.23809523809523805,0.0005281860483276847,1.4767091530767435e-05,0.02338093838207791,0.06827982060831064,0.14143026799511985,0.01377047197057122,11
14,5,8,0.0,0.0004960550134562869,0.4739393939393938,0.5535353535353535,0.0005281860483276847,1.4767091530767435e-05,0.02338093838207791,0.06827982060831064,0.14143026799511985,0.01377047197057122,11
14,5,4,0.0,0.0002327913858855002,0.18095238095238092,0.3561904761904762,0.0002797526911122119,2.5181238708433837e-05,0.0324063110452071,0.18159395838119002,0.08857748011742207,0.011287566675764964,11
14,5,8,0.0,0.004960082032779534,0.4496969696969697,0.4351515151515152,0.0002797526911122119,2.5181238708433837e-05,0.0324063110452071,0.18159395838119002,0.08857748011742207,0.011287566675764964,11
14,5,4,0.0,0.0016670144251881291,0.22380952380952382,0.36190476190476184,0.00029477371330170857,1.476828868128784e-05,0.04435136189954065,0.19411541026086,0.0783853438457367,0.008510354232160088,11
14,5,8,0.0,0.0015034513973132269,0.4636829836829836,0.5062626262626261,0.00029477371330170857,1.476828868128784e-05,0.04435136189954065,0.19411541026086,0.0783853438457367,0.008510354232160088,11
14,5,4,0.0,0.001230179034657275,0.23809523809523808,0.2825396825396825,0.00045707118437797505,1.0001790867277642e-05,0.08150808960590823,0.20056537184885662,0.06891073851062296,0.006754960419990682,11
14,5,8,0.0,0.0002190394416266006,0.4715151515151514,0.4751618751618752,0.00045707118437797505,1.0001790867277642e-05,0.08150808960590823,0.20056537184885662,0.06891073851062296,0.006754960419990682,11
14,5,4,1.1102230246251565e-16,0.0015061202169672772,0.28190476190476194,0.31047619047619046,0.0002901058540449761,8.349708628875738e-06,0.06822397888294676,0.1203853135392112,0.06121268935206473,0.007767687156887101,11
14,5,8,1.1102230246251565e-16,0.0015252425057830088,0.4642424242424242,0.45939393939393935,0.0002901058540449761,8.349708628875738e-06,0.06822397888294676,0.1203853135392112,0.06121268935206473,0.007767687156887101,11
14,5,4,1.1102230246251565e-16,0.0008250599385761781,0.34857142857142864,0.4019047619047619,0.0002549522576222754,1.277185110964368e-05,0.02654318683200532,0.08323522121314543,0.09277668495387223,0.01160033484610074,11
14,5,8,1.1102230246251565e-16,0.0002519080572164212,0.43701631701631694,0.4351515151515152,0.0002549522576222754,1.277185110964368e-05,0.02654318683200532,0.08323522121314543,0.09277668495387223,0.01160033484610074,11
14,5,4,0.0,0.0027082536021809656,0.3561904761904762,0.2698412698412698,0.000412901415702344,8.992349707587586e-06,0.07799123462872105,0.15863879225946614,0.06955309285868766,0.007057104672337979,12
14,5,8,0.0,0.0008216364266093734,0.45479409479409477,0.41818181818181815,0.000412901415702344,8.992349707587586e-06,0.07799123462872105,0.15863879225946614,0.06955309285868766,0.007057104672337979,12
14,5,4,0.0,0.0005009137960070298,0.3561904761904762,0.21904761904761902,0.00034315424879715776,6.642350443185486e-06,0.04606394013564073,0.11583288066793983,0.0784199289636769,0.006897430641854645,12
14,5,8,0.0,0.003929543039034922,0.5418181818181818,0.445097125097125,0.00034315424879715776,6.642350443185486e-06,0.04606394013564073,0.11583288066793983,0.0784199289636769,0.006897430641854645,12
14,5,4,0.0,0.0005354546590856657,0.44952380952380955,0.5555555555555555,0.00046730009501871217,6.99882063344339e-06,0.04446729270814935,0.10072277580056649,0.09708450909348824,0.007940050742401858,12
14,5,8,0.0,0.0011771894983427789,0.5237296037296036,0.7333333333333334,0.00046730009501871217,6.99882063344339e-06,0.04446729270814935,0.10072277580056649,0.09708450909348824,0.007940050742401858,12
14,5,4,2.220446049250313e-16,0.0008822908155102782,0.2914285714285714,0.3866666666666667,0.000337617319316161,7.4153599913956826e-06,0.08306346063117599,0.1696835882958173,0.06036666733812335,0.0062185089729522814,12
14,5,8,2.220446049250313e-16,0.0021838294158949,0.44671328671328664,0.49171717171717155,0.000337617319316161,7.4153599913956826e-06,0.08306346063117599,0.1696835882958173,0.06036666733812335,0.0062185089729522814,12
14,5,4,0.0,0.0016017169931107356,0.21714285714285714,0.2857142857142857,0.0003612189365906495,7.387015604951593e-06,0.05982080983789881,0.1354569944306602,0.07394792225581834,0.006923152127618269,12
14,5,8,0.0,0.0031896197345187005,0.43272727272727274,0.4868686868686869,0.0003612189365906495,7.387015604951593e-06,0.05982080983789881,0.1354569944306602,0.07394792225581834,0.006923152127618269,12
14,5,4,1.1102230246251565e-16,0.0028792173985197067,0.3142857142857143,0.24285714285714283,0.0004071212589900171,8.283801077787623e-06,0.036035196843311454,0.08397049856831046,0.1002324737174198,0.009482896710801039,12
14,5,8,1.1102230246251565e-16,7.497450117122106e-05,0.39822843822843823,0.4146386946386946,0.0004071212589900171,8.283801077787623e-06,0.036035196843311454,0.08397049856831046,0.1002324737174198,0.009482896710801039,12
14,5,4,0.0,0.0025929910728255123,0.3485714285714286,0.2698412698412698,0.00019504041211904188,1.1887744246849397e-05,0.03917769981673634,0.1156516273264494,0.06675806460829253,0.009391915521686944,12
14,5,8,0.0,0.0013426729352372657,0.5038383838383838,0.5313131313131313,0.00019504041211904188,1.1887744246849397e-05,0.03917769981673634,0.1156516273264494,0.06675806460829253,0.009391915521686944,12
14,5,4,0.0,8.306446617223351e-05,0.23809523809523808,0.2123809523809524,0.00038710545413014647,8.574034671865562e-06,0.05188930055046255,0.10683636737314837,0.08343894995128531,0.008596191942947537,12
14,5,8,0.0,0.0012139446648185004,0.4224708624708624,0.4394405594405594,0.00038710545413014647,8.574034671865562e-06,0.05188930055046255,0.10683636737314837,0.08343894995128531,0.008596191942947537,12
14,5,4,2.220446049250313e-16,0.000107336771074662,0.48761904761904756,0.1838095238095238,0.00044965207154758625,1.4313880435709058e-05,0.06704122153031494,0.19568011592032,0.07650728008340547,0.008161547229596423,13
14,5,8,2.220446049250313e-16,0.0017135945383788265,0.5240404040404039,0.3866666666666667,0.00044965207154758625,1.4313880435709058e-05,0.06704122153031494,0.19568011592032,0.07650728008340547,0.008161547229596423,13
14,5,4,2.220446049250313e-16,0.0015513682236515391,0.6799999999999999,0.3342857142857143,0.0003095165669081382,2.0062477896613398e-05,0.047036190096921074,0.20533197184489613,0.07446176249005851,0.009454258918364468,13
14,5,8,2.220446049250313e-16,0.0014219744036737536,0.5474747474747473,0.4884848484848484,0.0003095165669081382,2.0062477896613398e-05,0.047036190096921074,0.20533197184489613,0.07446176249005851,0.009454258918364468,13
14,5,4,2.220446049250313e-16,0.004884684786325422,0.320952380952381,0.26761904761904765,0.0004330614965905947,9.394132401324376e-06,0.05889602855611929,0.158690025977422,0.08347611302261831,0.007523927709180058,13
14,5,8,2.220446049250313e-16,0.0015179685836017587,0.4933333333333333,0.465050505050505,0.0004330614965905947,9.394132401324376e-06,0.05889602855611929,0.158690025977422,0.08347611302261831,0.007523927709180058,13
14,5,4,0.0,0.0031859600472580185,0.3676190476190476,0.27142857142857146,0.00024002046389587906,9.028453611026276e-06,0.17746807053598185,0.4549387339938995,0.0358872886769467,0.004341224878636214,13
14,5,8,0.0,0.0022694394172592114,0.44267288267288263,0.44727272727272727,0.00024002046389587906,9.028453611026276e-06,0.17746807053598185,0.4549387339938995,0.0358872886769467,0.004341224878636214,13
14,5,4,0.0,0.0008450724698931822,0.5333333333333333,0.3028571428571428,0.00048245189889405284,1.114346016869877e-05,0.035872390766358,0.07960402247520562,0.11170777187007118,0.01063369920977425,13
14,5,8,0.0,8.096491027331787e-05,0.5797979797979798,0.4158508158508159,0.00048245189889405284,1.114346016869877e-05,0.035872390766358,0.07960402247520562,0.11170777187007118,0.01063369920977425,13
14,5,4,0.0,8.649118605719153e-05,0.37523809523809526,0.18253968253968253,0.00043345671519928926,1.052008344572903e-05,0.08854067150836195,0.21420552942404944,0.06616449253338072,0.00662594742037262,13
14,5,8,0.0,0.0010291039196963503,0.46181818181818174,0.5326599326599327,0.00043345671519928926,1.052008344572903e-05,0.08854067150836195,0.21420552942404944,0.06616449253338072,0.00662594742037262,13
14,5,4,0.0,0.0013004198836132908,0.4152380952380952,0.22698412698412698,0.0004175607340880051,1.4707591441546425e-05,0.08573710465420452,0.2339779126139923,0.06796046770709266,0.007480465061843782,13
14,5,8,0.0,0.0012089517099739266,0.574141414141414,0.4585858585858586,0.0004175607340880051,1.4707591441546425e-05,0.08573710465420452,0.2339779126139923,0.06796046770709266,0.007480465061843782,13
14,5,4,1.1102230246251565e-16,0.0038373537508240574,0.3942857142857143,0.20476190476190476,0.00046713623182208545,1.1657720569879959e-05,0.04857356015083502,0.09997729869483764,0.09569984788309523,0.009938205530344019,13
14,5,8,1.1102230246251565e-16,0.0006414474291471794,0.47636363636363627,0.3782750582750583,0.00046713623182208545,1.1657720569879959e-05,0.04857356015083502,0.09997729869483764,0.09569984788309523,0.009938205530344019,13
14,5,4,2.220446049250313e-16,0.0003370788694248006,0.3028571428571429,0.5333333333333333,0.0005315193137639742,7.297025764049965e-06,0.04431766447277553,0.06109678922224492,0.10612073349755516,0.009939538000723593,14
14,5,8,2.220446049250313e-16,0.0013903597722368932,0.6298989898989898,0.4585858585858586,0.0005315193137639742,7.297025764049965e-06,0.04431766447277553,0.06109678922224492,0.10612073349755516,0.009939538000723593,14
14,5,4,1.1102230246251565e-16,0.004252775811416032,0.3942857142857143,0.4222222222222222,0.0005437062700033037,1.030432700623751e-05,0.02207003990859442,0.052993661727819844,0.1526604099909999,0.012552580953283867,14
14,5,8,1.1102230246251565e-16,0.001206030740819597,0.5773737373737372,0.5111111111111112,0.0005437062700033037,1.030432700623751e-05,0.02207003990859442,0.052993661727819844,0.1526604099909999,0.012552580953283867,14
14,5,4,0.0,0.0013580974833682369,0.3504761904761905,0.2825396825396825,0.0002624902325951551,1.0628966821795045e-05,0.051863317379343576,0.29493336136609105,0.0645311567531289,0.005796347811841293,14
14,5,8,0.0,0.0009420866192478838,0.5014141414141413,0.5313131313131313,0.0002624902325951551,1.0628966821795045e-05,0.051863317379343576,0.29493336136609105,0.0645311567531289,0.005796347811841293,14
14,5,4,2.220446049250313e-16,0.0032323956858342218,0.2314285714285714,0.34380952380952384,0.000556140870046578,7.019029154580611e-06,0.044012448384497166,0.09518947288389006,0.10537442916070669,0.008141155838691282,14
14,5,8,2.220446049250313e-16,0.0008334667736913381,0.6064646464646464,0.3917637917637918,0.000556140870046578,7.019029154580611e-06,0.044012448384497166,0.09518947288389006,0.10537442916070669,0.008141155838691282,14
14,5,4,2.220446049250313e-16,0.0010734014162507854,0.43999999999999995,0.3142857142857142,0.0004913164063088484,8.127348579527043e-06,0.0375116249104505,0.045600689283249216,0.11245850783456053,0.01201829654353648,14
14,5,8,2.220446049250313e-16,0.0001270179836603269,0.44727272727272716,0.3693417693417693,0.0004913164063088484,8.127348579527043e-06,0.0375116249104505,0.045600689283249216,0.11245850783456053,0.01201829654353648,14
14,5,4,0.0,0.0020398902633694815,0.2838095238095238,0.21714285714285714,0.0006354331264460546,1.2866065796560339e-05,0.01628215927674357,0.030318073461864953,0.18934482679119552,0.019028845331660996,14
14,5,8,0.0,0.0016161540850938572,0.4884848484848484,0.4161038961038961,0.0006354331264460546,1.2866065796560339e-05,0.01628215927674357,0.030318073461864953,0.18934482679119552,0.019028845331660996,14
14,5,4,1.1102230246251565e-16,0.0006961682926316382,0.3866666666666667,0.24571428571428572,0.000258095550768375,8.681338395718055e-06,0.07813284152244021,0.16553346321434367,0.05614717685431557,0.007052661541392702,14
14,5,8,1.1102230246251565e-16,0.00024876694450015613,0.4739393939393938,0.4642424242424242,0.000258095550768375,8.681338395718055e-06,0.07813284152244021,0.16553346321434367,0.05614717685431557,0.007052661541392702,14
14,5,4,0.0,0.0007760364553053289,0.3561904761904762,0.4742857142857142,0.000333766241005994,1.5005506086511746e-05,0.03867992910069962,0.14747132412774097,0.08516802485648037,0.009533894445922767,14
14,5,8,0.0,0.0010923463854011217,0.562020202020202,0.5175757575757575,0.000333766241005994,1.5005506086511746e-05,0.03867992910069962,0.14747132412774097,0.08516802485648037,0.009533894445922767,14
14,5,4,2.220446049250313e-16,0.0009299154212141225,0.37523809523809526,0.28380952380952384,0.0005307846944228888,1.299975270966497e-05,0.03836129480185439,0.08001848206497879,0.11231886096647535,0.011714327277890709,15
14,5,8,2.220446049250313e-16,0.0029486558944621377,0.5008547008547009,0.5062626262626262,0.0005307846944228888,1.299975270966497e-05,0.03836129480185439,0.08001848206497879,0.11231886096647535,0.011714327277890709,15
14,5,4,0.0,0.0007685760269133812,0.2533333333333333,0.4380952380952381,0.0004354827498464966,9.327150264890243e-06,0.0362606508897384,0.11041828090011925,0.10571041411973166,0.008766864337976167,15
14,5,8,0.0,0.001052477163343557,0.5216161616161615,0.5454545454545455,0.0004354827498464966,9.327150264890243e-06,0.0362606508897384,0.11041828090011925,0.10571041411973166,0.008766864337976167,15
14,5,4,0.0,0.000750469133765308,0.3961904761904762,0.41269841269841273,0.0006052389614725967,1.2179369962272467e-05,0.029770338852389625,0.08130168985970086,0.13906005041393613,0.01123034634248239,15
14,5,8,0.0,0.00014745268152083213,0.5038383838383838,0.632996632996633,0.0006052389614725967,1.2179369962272467e-05,0.029770338852389625,0.08130168985970086,0.13906005041393613,0.01123034634248239,15
14,5,4,2.220446049250313e-16,0.0017091483737745605,0.3485714285714286,0.3038095238095238,0.0005996893340444058,1.2480400393796842e-05,0.03344293735391586,0.06320107253490032,0.12919427167477152,0.013014286036788664,15
14,5,8,2.220446049250313e-16,0.0007730685347639987,0.5818181818181817,0.5773737373737373,0.0005996893340444058,1.2480400393796842e-05,0.03344293735391586,0.06320107253490032,0.12919427167477152,0.013014286036788664,15
14,5,4,0.0,0.0005216795656461937,0.36095238095238097,0.4142857142857143,0.000646835319692723,7.883196274533141e-06,0.07772394827712256,0.13336667448633657,0.085151343210227,0.007201671845491459,15
14,5,8,0.0,0.0006427606983628875,0.4771717171717171,0.4478114478114478,0.000646835319692723,7.883196274533141e-06,0.07772394827712256,0.13336667448633657,0.085151343210227,0.007201671845491459,15
14,5,4,0.0,0.001653684854202142,0.3485714285714286,0.23809523809523808,0.0004887482190240908,1.0730085002427966e-05,0.026456158283201876,0.07155232689172324,0.12500295438883063,0.011947288247014435,15
14,5,8,0.0,0.0006358927995439023,0.493986013986014,0.3782750582750583,0.0004887482190240908,1.0730085002427966e-05,0.026456158283201876,0.07155232689172324,0.12500295438883063,0.011947288247014435,15
14,5,4,0.0,0.0006962250645323742,0.3504761904761905,0.2695238095238095,0.00040807809931032573,8.340307134966712e-06,0.104556568408568,0.1733869157887531,0.05986732967572305,0.0066018371771329265,15
14,5,8,0.0,0.002017335584256319,0.43272727272727274,0.4715151515151514,0.00040807809931032573,8.340307134966712e-06,0.104556568408568,0.1733869157887531,0.05986732967572305,0.0066018371771329265,15
14,5,4,0.0,0.0011167807408346553,0.43999999999999995,0.3009523809523809,0.00035240953872754785,1.4911300335589769e-05,0.03464687062059254,0.07345929838765648,0.09624539680204798,0.011854290334904498,15
14,5,8,0.0,0.00041946299345263505,0.574141414141414,0.5014141414141413,0.00035240953872754785,1.4911300335589769e-05,0.03464687062059254,0.07345929838765648,0.09624539680204798,0.011854290334904498,15
14,5,4,0.0,0.0037898265441000945,0.3028571428571428,0.29523809523809524,0.00028232995028866357,1.556134711383037e-05,0.03427712275424726,0.11516705900168842,0.08843139007326371,0.010647347089902911,16
14,5,8,0.0,0.002133306649309219,0.5797979797979796,0.4496969696969697,0.00028232995028866357,1.556134711383037e-05,0.03427712275424726,0.11516705900168842,0.08843139007326371,0.010647347089902911,16
14,5,4,2.220446049250313e-16,0.0031795733077113475,0.28380952380952384,0.3219047619047619,0.0003327196159804713,1.1974015017164669e-05,0.04268841271849434,0.1049828209819021,0.08271502370962987,0.010199380092306564,16
14,5,8,2.220446049250313e-16,0.0011728482494945958,0.5016627816627816,0.4351515151515152,0.0003327196159804713,1.1974015017164669e-05,0.04268841271849434,0.1049828209819021,0.08271502370962987,0.010199380092306564,16
14,5,4,0.0,0.0021348281839091987,0.1980952380952381,0.41269841269841273,0.00043343747275977675,9.177133984666605e-06,0.03783208538070042,0.08612256151474304,0.10378539797339262,0.00961525538903542,16
14,5,8,0.0,0.00023993657301046856,0.42489510489510485,0.4922558922558922,0.00043343747275977675,9.177133984666605e-06,0.03783208538070042,0.08612256151474304,0.10378539797339262,0.00961525538903542,16
14,5,4,2.220446049250313e-16,0.0004101718858027237,0.23809523809523808,0.4666666666666666,0.0002547909151411518,1.2857562822691505e-05,0.03864319367107154,0.11811822839669234,0.07622024314238973,0.009863835825196789,16
14,5,8,2.220446049250313e-16,0.001678250197820974,0.4903496503496503,0.5333333333333333,0.0002547909151411518,1.2857562822691505e-05,0.03864319367107154,0.11811822839669234,0.07622024314238973,0.009863835825196789,16
14,5,4,0.0,5.834459360221089e-05,0.3028571428571428,0.37523809523809526,0.0003946253341384816,1.55410451914688e-05,0.02178352950071872,0.06621873821163377,0.12502829736109625,0.013659647516963325,16
14,5,8,0.0,0.002196761318666418,0.5208080808080806,0.5183838383838383,0.0003946253341384816,1.55410451914688e-05,0.02178352950071872,0.06621873821163377,0.12502829736109625,0.013659647516963325,16
14,5,4,2.220446049250313e-16,0.0007023700454366066,0.30476190476190473,0.4933333333333333,0.0002791541831991427,1.2124978774922364e-05,0.028120717760557055,0.08186945914568775,0.09446470904473213,0.011649820046271383,16
14,5,8,2.220446049250313e-16,0.0014809096234541519,0.46181818181818174,0.4496969696969697,0.0002791541831991427,1.2124978774922364e-05,0.028120717760557055,0.08186945914568775,0.09446470904473213,0.011649820046271383,16
14,5,4,1.1102230246251565e-16,0.0004056173908830729,0.3561904761904762,0.2571428571428571,0.0005598905218187171,1.3273100298958273e-05,0.05128754791997194,0.1355463554372487,0.10011090942557359,0.009511721418714243,16
14,5,8,1.1102230246251565e-16,0.0011828617707052569,0.5062626262626261,0.35589743589743594,0.0005598905218187171,1.3273100298958273e-05,0.05128754791997194,0.1355463554372487,0.10011090942557359,0.009511721418714243,16
14,5,4,0.0,0.004166556332646287,0.340952380952381,0.38095238095238093,0.0008818390277254977,1.0129705198771895e-05,0.05592647476306621,0.09137487310483339,0.12073078771548792,0.010038649116942308,16
14,5,8,0.0,0.004530549754711455,0.4642424242424242,0.5454545454545455,0.0008818390277254977,1.0129705198771895e-05,0.05592647476306621,0.09137487310483339,0.12073078771548792,0.010038649116942308,16
14,5,4,0.0,0.00409672682733353,0.4019047619047619,0.35619047619047617,0.0003142862009042762,1.3240170724298798e-05,0.02821875650829874,0.07440974983548862,0.10349736517426437,0.012582555877851538,17
14,5,8,0.0,0.0019980442358460415,0.5183838383838383,0.465050505050505,0.0003142862009042762,1.3240170724298798e-05,0.02821875650829874,0.07440974983548862,0.10349736517426437,0.012582555877851538,17
14,5,4,2.220446049250313e-16,0.001797119128364555,0.3028571428571429,0.34603174603174597,0.000489655138359297,7.977810469204407e-06,0.09931793695355262,0.21829859687887648,0.06899684293335999,0.0058360867526641965,17
14,5,8,2.220446049250313e-16,0.002104527422455371,0.4892929292929292,0.6107744107744107,0.000489655138359297,7.977810469204407e-06,0.09931793695355262,0.21829859687887648,0.06899684293335999,0.0058360867526641965,17
14,5,4,1.1102230246251565e-16,0.00459298346168624,0.15714285714285714,0.25047619047619046,0.00026298024198743563,1.96385797982172e-05,0.03726973952462341,0.1858584752266847,0.08062703549041493,0.009623718952065197,17
14,5,8,1.1102230246251565e-16,0.006267124588699602,0.4402486402486402,0.432975912975913,0.00026298024198743563,1.96385797982172e-05,0.03726973952462341,0.1858584752266847,0.08062703549041493,0.009623718952065197,17
14,5,4,0.0,1.3163583102215881e-05,0.23809523809523808,0.31047619047619046,0.00035751345943240326,9.210106952600029e-06,0.05687985614562555,0.1513384073111958,0.07726163423357088,0.007400936380066465,17
14,5,8,0.0,0.0005613721337469624,0.5450505050505049,0.4795959595959595,0.00035751345943240326,9.210106952600029e-06,0.05687985614562555,0.1513384073111958,0.07726163423357088,0.007400936380066465,17
14,5,4,0.0,0.001247356415009282,0.42857142857142855,0.2857142857142857,0.000370940389561351,9.522695454361811e-06,0.03231921063763284,0.06740530778575568,0.10395609619413698,0.011120218880803423,17
14,5,8,0.0,0.00032744179815247243,0.532121212121212,0.5216161616161615,0.000370940389561351,9.522695454361811e-06,0.03231921063763284,0.06740530778575568,0.10395609619413698,0.011120218880803423,17
14,5,4,2.220446049250313e-16,0.002259159949732581,0.3561904761904762,0.2571428571428571,0.00030729087355519687,9.134834282474569e-06,0.08136993033689979,0.17377036309446683,0.06031631878658513,0.007012227252853448,17
14,5,8,2.220446049250313e-16,0.002602071039482734,0.44509712509712507,0.4146386946386946,0.00030729087355519687,9.134834282474569e-06,0.08136993033689979,0.17377036309446683,0.06031631878658513,0.007012227252853448,17
14,5,4,0.0,0.0004850394791664492,0.31047619047619046,0.1980952380952381,0.0005634282011104142,8.401526012941273e-06,0.09888443932095665,0.174318265718074,0.07289630686884846,0.0067789319349753395,17
14,5,8,0.0,0.0018717844210554002,0.5208080808080807,0.3782750582750583,0.0005634282011104142,8.401526012941273e-06,0.09888443932095665,0.174318265718074,0.07289630686884846,0.0067789319349753395,17
14,5,4,0.0,0.0027454431388094225,0.35619047619047617,0.24285714285714288,0.00034512795280713677,1.1035717545083408e-05,0.07148275536254649,0.1673079673138443,0.06693448201834255,0.007444296498700098,17
14,5,8,0.0,0.004293738982994455,0.5442424242424242,0.41090909090909095,0.00034512795280713677,1.1035717545083408e-05,0.07148275536254649,0.1673079673138443,0.06693448201834255,0.007444296498700098,17
14,5,4,0.0,0.00355778054627498,0.2619047619047619,0.31047619047619046,0.0003101967778665762,1.1032673124762235e-05,0.04639084154523032,0.08048890635613593,0.08000752824436948,0.011016711874468673,18
14,5,8,0.0,0.002140914334209487,0.49090909090909085,0.40606060606060607,0.0003101967778665762,1.1032673124762235e-05,0.04639084154523032,0.08048890635613593,0.08000752824436948,0.011016711874468673,18
14,5,4,0.0,0.0034624163189336254,0.30952380952380953,0.26666666666666666,0.00029820842690557063,1.1752880553458156e-05,0.04111109887058401,0.09781282949986926,0.07796758292011675,0.010089033507212655,18
14,5,8,0.0,0.002637374895237521,0.42918414918414916,0.44727272727272716,0.00029820842690557063,1.1752880553458156e-05,0.04111109887058401,0.09781282949986926,0.07796758292011675,0.010089033507212655,18
14,5,4,0.0,0.0022439664255148317,0.3428571428571428,0.32698412698412693,0.0004455913360898345,1.1084488499275684e-05,0.028801252110616925,0.07332436454221078,0.11978231713970686,0.01178339215781775,18
14,5,8,0.0,0.004907993403711064,0.5595959595959595,0.5272727272727272,0.0004455913360898345,1.1084488499275684e-05,0.028801252110616925,0.07332436454221078,0.11978231713970686,0.01178339215781775,18
14,5,4,1.1102230246251565e-16,0.0017738231394768267,0.24285714285714288,0.4698412698412698,0.0003010829277787983,1.2522633489427957e-05,0.02205958903318991,0.06856839654785941,0.11061593260034179,0.012355768275416339,18
14,5,8,1.1102230246251565e-16,0.0022465826996485028,0.5361616161616161,0.5326599326599327,0.0003010829277787983,1.2522633489427957e-05,0.02205958903318991,0.06856839654785941,0.11061593260034179,0.012355768275416339,18
14,5,4,0.0,0.006498017549020352,0.2761904761904762,0.4609523809523809,0.0003763809620937361,1.0036879333345583e-05,0.030844656262332154,0.07471222511349813,0.10426328290322626,0.010672438258908505,18
14,5,8,0.0,0.0072220896906636245,0.5329292929292928,0.5830303030303029,0.0003763809620937361,1.0036879333345583e-05,0.030844656262332154,0.07471222511349813,0.10426328290322626,0.010672438258908505,18
14,5,4,0.0,0.0039992628706627675,0.3485714285714286,0.35873015873015873,0.0003152708495777081,1.1776367684855007e-05,0.052304408976325475,0.09557757029359146,0.07644783188758106,0.010158482002577232,18
14,5,8,0.0,0.0003838853915500984,0.6064646464646464,0.5272727272727272,0.0003152708495777081,1.1776367684855007e-05,0.052304408976325475,0.09557757029359146,0.07644783188758106,0.010158482002577232,18
14,5,4,1.1102230246251565e-16,0.006998674307875152,0.4533333333333333,0.34603174603174597,0.0003934041852198384,9.768949964999188e-06,0.03222314674099983,0.06193531446598467,0.0986708319442015,0.011887261110938213,18
14,5,8,1.1102230246251565e-16,0.0021826614852338277,0.5773737373737373,0.46262626262626266,0.0003934041852198384,9.768949964999188e-06,0.03222314674099983,0.06193531446598467,0.0986708319442015,0.011887261110938213,18
14,5,4,0.0,0.0023445772963082145,0.32285714285714284,0.19999999999999998,0.0006180894825598796,8.346198190008819e-06,0.035695986549019273,0.07855973021731147,0.1281128585752106,0.00960760955126173,18
14,5,8,0.0,0.002227644903203485,0.5086868686868686,0.4871794871794872,0.0006180894825598796,8.346198190008819e-06,0.035695986549019273,0.07855973021731147,0.1281128585752106,0.00960760955126173,18
14,5,4,0.0,0.0019174653322315827,0.3028571428571428,0.31047619047619046,0.00031615884829941897,1.532007810975387e-05,0.020326502795236713,0.06635104061369133,0.11789723470472287,0.01404922662095304,19
14,5,8,0.0,0.0003341073316571741,0.5474747474747473,0.5038383838383836,0.00031615884829941897,1.532007810975387e-05,0.020326502795236713,0.06635104061369133,0.11789723470472287,0.01404922662095304,19
14,5,4,2.220446049250313e-16,0.0025553748827154,0.24285714285714283,0.20952380952380953,0.0005454361842849079,1.2753010823592566e-05,0.042275670801045155,0.1068797963828394,0.10914730645513317,0.010470470953703856,19
14,5,8,2.220446049250313e-16,0.001378043610373192,0.4941414141414141,0.44453768453768455,0.0005454361842849079,1.2753010823592566e-05,0.042275670801045155,0.1068797963828394,0.10914730645513317,0.010470470953703856,19
14,5,4,0.0,0.0021111158373703365,0.28380952380952384,0.19809523809523807,0.00044952940704119675,1.3259827179748403e-05,0.02789476192473101,0.0745730170081115,0.11858537469311567,0.01262291378593602,19
14,5,8,0.0,0.0010728321491404458,0.4642424242424242,0.45479409479409477,0.00044952940704119675,1.3259827179748403e-05,0.02789476192473101,0.0745730170081115,0.11858537469311567,0.01262291378593602,19
14,5,4,1.1102230246251565e-16,0.0013754730281942962,0.26476190476190475,0.21047619047619048,0.00026266267625597026,1.373423971600448e-05,0.020951791434519564,0.06696961698635819,0.10667619093943367,0.013140346315860894,19
14,5,8,1.1102230246251565e-16,0.00408246011530089,0.48606060606060597,0.4771717171717171,0.00026266267625597026,1.373423971600448e-05,0.020951791434519564,0.06696961698635819,0.10667619093943367,0.013140346315860894,19
14,5,4,2.220446049250313e-16,0.0001445097897430081,0.22666666666666666,0.21904761904761902,0.00037449160422599824,1.4870939683571945e-05,0.03713812562210353,0.09801272884779702,0.09713989926000935,0.011847892487131435,19
14,5,8,2.220446049250313e-16,0.0008910792685321578,0.4496969696969696,0.4852525252525252,0.00037449160422599824,1.4870939683571945e-05,0.03713812562210353,0.09801272884779702,0.09713989926000935,0.011847892487131435,19
14,5,4,2.220446049250313e-16,0.0030665753792414874,0.28380952380952384,0.3561904761904762,0.00027958215681641874,1.4784583305301009e-05,0.014992061360771709,0.05544238045534178,0.13063073967326932,0.015348616872626675,19
14,5,8,2.220446049250313e-16,0.0031912450034419226,0.4795959595959595,0.5127272727272726,0.00027958215681641874,1.4784583305301009e-05,0.014992061360771709,0.05544238045534178,0.13063073967326932,0.015348616872626675,19
14,5,4,0.0,0.0012870285454980035,0.28380952380952384,0.31523809523809526,0.00045287934244951883,1.4689696651159e-05,0.04401314010892799,0.1118408549360506,0.09673290126245963,0.011022582057202414,19
14,5,8,0.0,0.003665779813358694,0.545050505050505,0.4146386946386946,0.00045287934244951883,1.4689696651159e-05,0.04401314010892799,0.1118408549360506,0.09673290126245963,0.011022582057202414,19
14,5,4,0.0,0.00385973362936598,0.26476190476190475,0.3180952380952381,0.0002936920727804141,1.579091499687294e-05,0.025450406597658508,0.08267260819250562,0.10466234754654395,0.012692859044574591,19
14,5,8,0.0,0.00043653430215351285,0.5450505050505049,0.48146076146076144,0.0002936920727804141,1.579091499687294e-05,0.025450406597658508,0.08267260819250562,0.10466234754654395,0.012692859044574591,19
20,3,6,2.220446049250313e-16,0.0013024419983487245,0.5,0.5555555555555555,0.0014869528225357296,5.210149771920722e-05,0.029637378371819997,0.08839126362482765,0.20979875610195156,0.02253702819010522,0
20,3,12,2.220446049250313e-16,0.0012057097555973062,0.5859728506787331,0.6666666666666666,0.0014869528225357296,5.210149771920722e-05,0.029637378371819997,0.08839126362482765,0.20979875610195156,0.02253702819010522,0
20,3,6,1.1102230246251565e-16,0.00030614471427670154,0.4158730158730159,1.0,0.0027037259556380146,4.1651078859883025e-05,0.07366784071409666,0.13662015990608858,0.1882948073443882,0.01677471259783314,0
20,3,12,1.1102230246251565e-16,0.0008254034232977325,0.5372549019607843,1.0,0.0027037259556380146,4.1651078859883025e-05,0.07366784071409666,0.13662015990608858,0.1882948073443882,0.01677471259783314,0
20,3,6,0.0,0.0003147986304543604,0.6666666666666666,1.0,0.002790691112835921,5.3872246474801454e-05,0.052117311638948505,0.12761860070784645,0.22555108331149362,0.01977061654886506,0
20,3,12,0.0,6.001446343240069e-05,0.7333333333333334,1.0,0.002790691112835921,5.3872246474801454e-05,0.052117311638948505,0.12761860070784645,0.22555108331149362,0.01977061654886506,0
20,3,6,0.0,0.0015877498381586808,0.5158730158730158,1.0,0.0018002144362418357,5.788278387194491e-05,0.03273883204971803,0.11831803732440041,0.2249379856449142,0.0210738702927183,0
20,3,12,0.0,0.0004261989308343983,0.7582417582417582,1.0,0.0018002144362418357,5.788278387194491e-05,0.03273883204971803,0.11831803732440041,0.2249379856449142,0.0210738702927183,0
20,3,6,1.1102230246251565e-16,0.0009238887609879232,0.5158730158730159,0.38888888888888884,0.0014083337028093388,8.982446349340072e-05,0.08770098538577412,0.2834321041096006,0.124253491591456,0.016622310989465077,0
20,3,12,1.1102230246251565e-16,0.002229909017744003,0.7142857142857143,0.503921568627451,0.0014083337028093388,8.982446349340072e-05,0.08770098538577412,0.2834321041096006,0.124253491591456,0.016622310989465077,0
20,3,6,1.1102230246251565e-16,0.0005190783539403832,0.4158730158730159,0.5555555555555555,0.001815581899452794,4.612015743098469e-05,0.05597958409057351,0.14897856551827002,0.17303675497977258,0.0170763798226958,0
20,3,12,1.1102230246251565e-16,0.0007339119663918314,0.682051282051282,0.6666666666666666,0.001815581899452794,4.612015743098469e-05,0.05597958409057351,0.14897856551827002,0.17303675497977258,0.0170763798226958,0
20,3,6,4.440892098500626e-16,4.441623321804755e-05,0.3444444444444444,1.0,0.002123897887164611,7.98997833843171e-05,0.03840270713520217,0.14375987467367055,0.23397728269870877,0.022038705731566133,0
20,3,12,4.440892098500626e-16,0.0010768880505827028,0.6078431372549019,1.0,0.002123897887164611,7.98997833843171e-05,0.03840270713520217,0.14375987467367055,0.23397728269870877,0.022038705731566133,0
20,3,6,1.1102230246251565e-16,0.0002353572764692835,0.5158730158730158,1.0,0.002782257540068191,6.351436387131648e-05,0.08944279131700246,0.21194274203427801,0.1729194890723627,0.017020650461952506,0
20,3,12,1.1102230246251565e-16,0.001264828217091507,0.5714285714285715,1.0,0.002782257540068191,6.351436387131648e-05,0.08944279131700246,0.21194274203427801,0.1729194890723627,0.017020650461952506,0
20,3,6,0.0,4.324028186741824e-05,0.6666666666666666,1.0,0.0010128465910393322,2.6898692738216676e-05,0.041324042721266975,0.10404778772108066,0.1466278877146204,0.014905544237637043,1
20,3,12,0.0,0.000148188029604146,0.7333333333333334,1.0,0.0010128465910393322,2.6898692738216676e-05,0.041324042721266975,0.10404778772108066,0.1466278877146204,0.014905544237637043,1
20,3,6,1.1102230246251565e-16,0.000971078761048183,0.24444444444444446,0.3080808080808081,0.0007682169834795144,2.3958804894895987e-05,0.057337381237994776,0.10462053070816894,0.11454760168434065,0.014434066209912721,1
20,3,12,1.1102230246251565e-16,0.002186464992653403,0.5666666666666668,0.6047619047619047,0.0007682169834795144,2.3958804894895987e-05,0.057337381237994776,0.10462053070816894,0.11454760168434065,0.014434066209912721,1
20,3,6,0.0,5.792627208922596e-05,0.5158730158730159,0.4666666666666666,0.0006579652415397578,3.308783152471991e-05,0.030572320320234436,0.08647597749627924,0.14182280841356515,0.019049548266994825,1
20,3,12,0.0,0.0007694942220897172,0.6761904761904761,0.5555555555555555,0.0006579652415397578,3.308783152471991e-05,0.030572320320234436,0.08647597749627924,0.14182280841356515,0.019049548266994825,1
20,3,6,0.0,0.0003639340772725319,0.3444444444444444,1.0,0.001064140356217235,2.28871358130198e-05,0.28654010312222283,0.38895924535798193,0.05913732189566823,0.0073699011239170015,1
20,3,12,0.0,0.0004161227981623883,0.5714285714285715,1.0,0.001064140356217235,2.28871358130198e-05,0.28654010312222283,0.38895924535798193,0.05913732189566823,0.0073699011239170015,1
20,3,6,0.0,0.00047706118343837645,0.4603174603174603,1.0,0.001109515855433184,2.2256853466622006e-05,0.10418239036001771,0.1606511999173001,0.09690628380087955,0.011034247004840956,1
20,3,12,0.0,0.0005545711586266711,0.5372549019607843,1.0,0.001109515855433184,2.2256853466622006e-05,0.10418239036001771,0.1606511999173001,0.09690628380087955,0.011034247004840956,1
20,3,6,0.0,0.0007805135755813986,0.2080808080808081,0.30808080808080807,0.0008228174703946768,3.251406221234717e-05,0.06565749723379728,0.14348392762641285,0.10908255734483245,0.01400133345891121,1
20,3,12,0.0,0.0016615374345454459,0.4705882352941176,0.542016806722689,0.0008228174703946768,3.251406221234717e-05,0.06565749723379728,0.14348392762641285,0.10908255734483245,0.01400133345891121,1
20,3,6,0.0,0.00025854582039275265,0.38888888888888884,1.0,0.0008977786315592031,2.4832800634800396e-05,0.10406606461284004,0.28275353941466097,0.08896635495651901,0.00915797871929257,1
20,3,12,0.0,0.0012153663655993796,0.638095238095238,1.0,0.0008977786315592031,2.4832800634800396e-05,0.10406606461284004,0.28275353941466097,0.08896635495651901,0.00915797871929257,1
20,3,6,0.0,0.0001190298570795667,0.2272727272727273,0.39393939393939387,0.0009386676021291532,1.85553718480984e-05,0.2630387209483663,0.4430371539147565,0.05815113697634603,0.006330830978805131,1
20,3,12,0.0,0.0007285792965110449,0.503921568627451,0.5565610859728506,0.0009386676021291532,1.85553718480984e-05,0.2630387209483663,0.4430371539147565,0.05815113697634603,0.006330830978805131,1
20,3,6,2.220446049250313e-16,0.00042887636985766697,0.4158730158730159,0.5158730158730158,0.0017676578831466387,2.247013491757544e-05,0.033890635225606126,0.06358266150939659,0.21463336360727284,0.017261738625514455,2
20,3,12,2.220446049250313e-16,0.000708643972112899,0.682051282051282,0.6666666666666666,0.0017676578831466387,2.247013491757544e-05,0.033890635225606126,0.06358266150939659,0.21463336360727284,0.017261738625514455,2
20,3,6,2.220446049250313e-16,0.0010300146746107242,0.3444444444444444,0.4603174603174603,0.003305618720023332,2.99302667615928e-05,0.05779296626982901,0.0656062162884443,0.2340149700590155,0.02034321138208065,2
20,3,12,2.220446049250313e-16,0.00014867033055843137,0.5666666666666667,0.682051282051282,0.003305618720023332,2.99302667615928e-05,0.05779296626982901,0.0656062162884443,0.2340149700590155,0.02034321138208065,2
20,3,6,0.0,0.00267289983601815,0.5714285714285715,0.5158730158730158,0.0016904299941708208,2.508432169691062e-05,0.03764208197150022,0.07954088740303601,0.20810355627155483,0.01663585810724746,2
20,3,12,0.0,0.00199930329218323,0.542016806722689,0.6487179487179487,0.0016904299941708208,2.508432169691062e-05,0.03764208197150022,0.07954088740303601,0.20810355627155483,0.01663585810724746,2
20,3,6,2.220446049250313e-16,0.0010786205075914435,0.5158730158730158,0.8095238095238096,0.0016059967021301894,2.51248330461743e-05,0.0356667920138098,0.0837570070468204,0.2079142444098579,0.016770129031741573,2
20,3,12,2.220446049250313e-16,0.002942634187921067,0.5,0.6153846153846154,0.0016059967021301894,2.51248330461743e-05,0.0356667920138098,0.0837570070468204,0.2079142444098579,0.016770129031741573,2
20,3,6,0.0,0.0006009737735441778,0.3444444444444444,0.4666666666666666,0.003974247965403549,3.802785661891807e-05,0.05881794752064022,0.07312592429144851,0.256563214634911,0.02160935696652713,2
20,3,12,0.0,0.0012614808233499808,0.503921568627451,0.6666666666666666,0.003974247965403549,3.802785661891807e-05,0.05881794752064022,0.07312592429144851,0.256563214634911,0.02160935696652713,2
20,3,6,2.220446049250313e-16,0.003012779906092611,0.3444444444444444,0.3444444444444444,0.0005617078787023036,7.447614547463266e-05,0.037674029667934344,0.23623180307771288,0.11587900058100048,0.017056726653712422,2
20,3,12,2.220446049250313e-16,0.00116578713067772,0.6047619047619048,0.5714285714285715,0.0005617078787023036,7.447614547463266e-05,0.037674029667934344,0.23623180307771288,0.11587900058100048,0.017056726653712422,2
20,3,6,2.220446049250313e-16,0.003109602892942487,0.5158730158730159,0.4158730158730159,0.0010462674264354736,2.5690086945260233e-05,0.040996461921780365,0.11788199555935885,0.1520878020979226,0.01438384398358656,2
20,3,12,2.220446049250313e-16,0.0014352196231405268,0.48646125116713357,0.5753501400560225,0.0010462674264354736,2.5690086945260233e-05,0.040996461921780365,0.11788199555935885,0.1520878020979226,0.01438384398358656,2
20,3,6,0.0,0.0013987418339422852,0.30808080808080807,0.6428571428571429,0.0007546471581887193,3.845125356109192e-05,0.04153696365807614,0.18097591165100516,0.12791417949281675,0.014299860905695981,2
20,3,12,0.0,0.0011826621879983401,0.4705882352941176,0.6761904761904761,0.0007546471581887193,3.845125356109192e-05,0.04153696365807614,0.18097591165100516,0.12791417949281675,0.014299860905695981,2
20,3,6,0.0,0.0019235668041437393,0.30808080808080807,1.0,0.0017030730066777036,3.418229111944805e-05,0.030808515790062368,0.05838022345178075,0.20429375656599905,0.02237007139593825,3
20,3,12,0.0,0.0009208967693696835,0.682051282051282,1.0,0.0017030730066777036,3.418229111944805e-05,0.030808515790062368,0.05838022345178075,0.20429375656599905,0.02237007139593825,3
20,3,6,1.1102230246251565e-16,0.0017977823439634388,0.4603174603174603,1.0,0.00151961720658771,0.00011519910208911038,0.05673524860884807,0.18389558627267277,0.15480877174984134,0.02242248284140003,3
20,3,12,1.1102230246251565e-16,0.0020213739786010265,0.503921568627451,1.0,0.00151961720658771,0.00011519910208911038,0.05673524860884807,0.18389558627267277,0.15480877174984134,0.02242248284140003,3
20,3,6,0.0,0.00015377926109461093,0.38888888888888884,0.37142857142857144,0.0018623272779782177,7.419354626286773e-05,0.03520165003791313,0.10866236847133036,0.1996777136402429,0.023226762256325407,3
20,3,12,0.0,0.00020771564629185058,0.6761904761904761,0.48646125116713357,0.0018623272779782177,7.419354626286773e-05,0.03520165003791313,0.10866236847133036,0.1996777136402429,0.023226762256325407,3
20,3,6,0.0,0.0009698276334535461,0.5,0.4158730158730159,0.00252462059304033,0.00010269074490076892,0.08295600060048601,0.1736731836091238,0.16441835285798914,0.02153304057426297,3
20,3,12,0.0,0.0017794517442002444,0.7582417582417582,0.5565610859728506,0.00252462059304033,0.00010269074490076892,0.08295600060048601,0.1736731836091238,0.16441835285798914,0.02153304057426297,3
20,3,6,0.0,0.00015595355459407934,0.4444444444444444,0.4603174603174603,0.0013741064243131464,4.831313829471004e-05,0.04920373982829747,0.1060671380796658,0.16094386745833342,0.01970104985674301,3
20,3,12,0.0,0.0004459573193329458,0.5714285714285715,0.6487179487179487,0.0013741064243131464,4.831313829471004e-05,0.04920373982829747,0.1060671380796658,0.16094386745833342,0.01970104985674301,3
20,3,6,1.1102230246251565e-16,0.00045269844289541616,0.3080808080808081,0.4158730158730159,0.0018905542888131923,5.461962947614474e-05,0.04697005965145599,0.12056629506773303,0.19348712714894337,0.020197519490485236,3
20,3,12,1.1102230246251565e-16,0.0002663007351761948,0.5753501400560225,0.5565610859728506,0.0018905542888131923,5.461962947614474e-05,0.04697005965145599,0.12056629506773303,0.19348712714894337,0.020197519490485236,3
20,3,6,1.1102230246251565e-16,0.0013818298026517795,0.4444444444444444,0.5158730158730159,0.0014961475172070853,6.347644532265205e-05,0.05311964317641836,0.1225832052434285,0.1567158581856408,0.021031585765334475,3
20,3,12,1.1102230246251565e-16,0.0003411442159408917,0.5666666666666667,0.6666666666666666,0.0014961475172070853,6.347644532265205e-05,0.05311964317641836,0.1225832052434285,0.1567158581856408,0.021031585765334475,3
20,3,6,0.0,0.0007188002522711123,0.33506493506493507,0.38888888888888884,0.0013901011347541663,8.717992140232807e-05,0.026234026364350748,0.1417346674879068,0.19787093191017568,0.022475005011728857,3
20,3,12,0.0,0.0023240050406008184,0.6761904761904761,0.5666666666666667,0.0013901011347541663,8.717992140232807e-05,0.026234026364350748,0.1417346674879068,0.19787093191017568,0.022475005011728857,3
20,3,6,2.220446049250313e-16,0.000746827271332573,0.38888888888888884,0.39999999999999997,0.0009991633578756898,3.291765369985813e-05,0.0481711364895898,0.16653248135118456,0.14061323641750195,0.013574489051928922,4
20,3,12,2.220446049250313e-16,0.0004579279843019979,0.7201465201465201,0.542016806722689,0.0009991633578756898,3.291765369985813e-05,0.0481711364895898,0.16653248135118456,0.14061323641750195,0.013574489051928922,4
20,3,6,0.0,4.312269757411613e-05,0.5555555555555555,1.0,0.0010361223071897515,4.2390994219645006e-05,0.08501705010636677,0.3714128196944425,0.10694525772760302,0.01053251882799998,4
20,3,12,0.0,0.00016301338418478473,0.6487179487179487,1.0,0.0010361223071897515,4.2390994219645006e-05,0.08501705010636677,0.3714128196944425,0.10694525772760302,0.01053251882799998,4
20,3,6,0.0,0.0008018792475389391,0.4158730158730159,0.4666666666666666,0.0018864246951774723,2.482340742727038e-05,0.04985399003620253,0.08299348698646938,0.19265475071260119,0.01629117208653336,4
20,3,12,0.0,0.001681873740101203,0.5666666666666667,0.6153846153846154,0.0018864246951774723,2.482340742727038e-05,0.04985399003620253,0.08299348698646938,0.19265475071260119,0.01629117208653336,4
20,3,6,0.0,6.018483675029884e-05,0.4666666666666666,1.0,0.0009390138996999066,5.517916062930345e-05,0.1525095900777615,0.4169668531656756,0.07649864733284889,0.011210156571630029,4
20,3,12,0.0,4.248682781171631e-05,0.6078431372549019,1.0,0.0009390138996999066,5.517916062930345e-05,0.1525095900777615,0.4169668531656756,0.07649864733284889,0.011210156571630029,4
20,3,6,3.3306690738754696e-16,0.00010104041252412266,0.4603174603174603,1.0,0.0009209160998802947,3.294978766398496e-05,0.12654434479357832,0.46802727700562735,0.08385324506973085,0.00819048044324119,4
20,3,12,3.3306690738754696e-16,3.2866413979260045e-06,0.6487179487179487,1.0,0.0009209160998802947,3.294978766398496e-05,0.12654434479357832,0.46802727700562735,0.08385324506973085,0.00819048044324119,4
20,3,6,1.1102230246251565e-16,0.00046963014870904374,0.4603174603174603,1.0,0.0011734397622197277,1.7107466544773982e-05,0.10178763124309037,0.2241166301146218,0.1059433231036309,0.008411361639692427,4
20,3,12,1.1102230246251565e-16,9.964172674248317e-05,0.5666666666666668,1.0,0.0011734397622197277,1.7107466544773982e-05,0.10178763124309037,0.2241166301146218,0.1059433231036309,0.008411361639692427,4
20,3,6,0.0,0.0001849818552031035,0.3444444444444444,0.4666666666666666,0.0004747316905725992,2.319522355110608e-05,0.1835765565730662,0.49244756495920167,0.050165298605734945,0.005981719391026733,4
20,3,12,0.0,0.0005209268703866288,0.6761904761904761,0.6666666666666666,0.0004747316905725992,2.319522355110608e-05,0.1835765565730662,0.49244756495920167,0.050165298605734945,0.005981719391026733,4
20,3,6,1.1102230246251565e-16,0.00034085305166109414,0.4666666666666666,1.0,0.001300968952115872,2.152266650946673e-05,0.05715701702320494,0.11821458967532311,0.14897920167007997,0.012670615376029174,4
20,3,12,1.1102230246251565e-16,0.00015699008236325085,0.5565610859728506,1.0,0.001300968952115872,2.152266650946673e-05,0.05715701702320494,0.11821458967532311,0.14897920167007997,0.012670615376029174,4
20,3,6,0.0,0.00024252865813734203,0.5714285714285715,1.0,0.001173868759247252,2.936095677076544e-05,0.035343812293826715,0.11106163170513264,0.1750858576566733,0.015420286466761381,5
20,3,12,0.0,0.00014406305877256997,0.6047619047619047,1.0,0.001173868759247252,2.936095677076544e-05,0.035343812293826715,0.11106163170513264,0.1750858576566733,0.015420286466761381,5
20,3,6,0.0,0.0008377380506048304,0.2888888888888889,0.5555555555555555,0.0009952275528525387,2.9489493726876716e-05,0.04253038350113635,0.10269232387759564,0.1475343886069019,0.016014206573421872,5
20,3,12,0.0,0.0006573137834986476,0.5666666666666667,0.6487179487179487,0.0009952275528525387,2.9489493726876716e-05,0.04253038350113635,0.10269232387759564,0.1475343886069019,0.016014206573421872,5
20,3,6,0.0,0.00026509543490493837,0.5555555555555555,1.0,0.001520539426911224,2.6901810327931514e-05,0.03713075826422545,0.09243556157185129,0.19422084239073098,0.0162732813528171,5
20,3,12,0.0,3.513249612852043e-05,0.5565610859728506,1.0,0.001520539426911224,2.6901810327931514e-05,0.03713075826422545,0.09243556157185129,0.19422084239073098,0.0162732813528171,5
20,3,6,0.0,0.001940835607472824,0.3444444444444444,0.4603174603174603,0.001102826011981472,3.5921679886383355e-05,0.043602358480270983,0.1304621330844462,0.15222285572586555,0.015397049698365061,5
20,3,12,0.0,0.0006378680060175057,0.503921568627451,0.5565610859728506,0.001102826011981472,3.5921679886383355e-05,0.043602358480270983,0.1304621330844462,0.15222285572586555,0.015397049698365061,5
20,3,6,0.0,0.0011036492623648364,0.2888888888888889,0.4158730158730159,0.0015975911914255982,2.6988168811336437e-05,0.1083671462113143,0.272439302769137,0.11932915265805967,0.00976293528379346,5
20,3,12,0.0,0.0038790659339620337,0.5333333333333333,0.542016806722689,0.0015975911914255982,2.6988168811336437e-05,0.1083671462113143,0.272439302769137,0.11932915265805967,0.00976293528379346,5
20,3,6,1.1102230246251565e-16,4.832189479442306e-06,0.3,1.0,0.0013856249943070117,3.552502402376831e-05,0.033324024732617766,0.11118337120253392,0.19606089744478494,0.016831814661474327,5
20,3,12,1.1102230246251565e-16,0.00033402924966163816,0.8095238095238096,1.0,0.0013856249943070117,3.552502402376831e-05,0.033324024732617766,0.11118337120253392,0.19606089744478494,0.016831814661474327,5
20,3,6,1.1102230246251565e-16,5.496460834075734e-05,0.4444444444444444,0.5555555555555555,0.0010289839565117919,3.6237362565411605e-05,0.04104615750954632,0.1389686168680234,0.1521124179315633,0.015560541759429431,5
20,3,12,1.1102230246251565e-16,0.0011729039044334755,0.6047619047619048,0.8095238095238096,0.0010289839565117919,3.6237362565411605e-05,0.04104615750954632,0.1389686168680234,0.1521124179315633,0.015560541759429431,5
20,3,6,0.0,0.0008439241439014422,0.4444444444444444,1.0,0.00179954988822195,3.098570263519781e-05,0.10883326238735665,0.2742114499221579,0.12559162517602826,0.010349302805254078,5
20,3,12,0.0,0.0010826775607666317,0.503921568627451,1.0,0.00179954988822195,3.098570263519781e-05,0.10883326238735665,0.2742114499221579,0.12559162517602826,0.010349302805254078,5
20,3,6,0.0,0.00016101749240371444,0.8095238095238096,0.2888888888888889,0.001689886373197067,2.7611940919732503e-05,0.32843178450722205,0.3971183337725182,0.06979920119676047,0.007954250105830448,6
20,3,12,0.0,0.0004411219597999505,0.682051282051282,0.47450980392156855,0.001689886373197067,2.7611940919732503e-05,0.32843178450722205,0.3971183337725182,0.06979920119676047,0.007954250105830448,6
20,3,6,2.220446049250313e-16,0.00023499784898284304,0.5158730158730159,0.3,0.001406012326434621,2.6453554151320035e-05,0.36517764329053715,0.45056505097635485,0.061418354730250556,0.007336813807872119,6
20,3,12,2.220446049250313e-16,0.0011415667150318498,0.6153846153846154,0.5158730158730158,0.001406012326434621,2.6453554151320035e-05,0.36517764329053715,0.45056505097635485,0.061418354730250556,0.007336813807872119,6
20,3,6,0.0,0.0008441887798386061,0.38888888888888884,0.4603174603174603,0.0013618907759248304,3.055138290231968e-05,0.18288498660246622,0.2911670070328049,0.08570069978950684,0.009993893124673522,6
20,3,12,0.0,0.0005967758647067445,0.542016806722689,0.6666666666666666,0.0013618907759248304,3.055138290231968e-05,0.18288498660246622,0.2911670070328049,0.08570069978950684,0.009993893124673522,6
20,3,6,0.0,0.0008276324694707071,0.5158730158730159,0.37142857142857144,0.0016387417060322478,3.226075553036701e-05,0.2823005433528692,0.400165666652476,0.07410914133283261,0.008760840788252655,6
20,3,12,0.0,0.0006458260820014772,0.5714285714285715,0.5859728506787331,0.0016387417060322478,3.226075553036701e-05,0.2823005433528692,0.400165666652476,0.07410914133283261,0.008760840788252655,6
20,3,6,0.0,0.00016127943367894026,0.5714285714285715,0.38888888888888884,0.0016944777805567091,2.562411458601032e-05,0.3726089123059133,0.43083689830903144,0.06512003592983996,0.007357537190729167,6
20,3,12,0.0,0.00015519084277837436,0.6047619047619048,0.8095238095238096,0.0016944777805567091,2.562411458601032e-05,0.3726089123059133,0.43083689830903144,0.06512003592983996,0.007357537190729167,6
20,3,6,0.0,0.0004928243512050123,0.8095238095238096,0.6428571428571429,0.002541440590557428,3.231788096110233e-05,0.10091028816928611,0.15199773519487456,0.1575769227109572,0.013854611864683737,6
20,3,12,0.0,0.0007840362454927252,0.6047619047619047,0.6,0.002541440590557428,3.231788096110233e-05,0.10091028816928611,0.15199773519487456,0.1575769227109572,0.013854611864683737,6
20,3,6,2.220446049250313e-16,0.00120569193696618,0.5158730158730159,0.4603174603174603,0.0016671154286256682,4.398800797051432e-05,0.40603051824460457,0.6317800648783471,0.06029943592448091,0.007971062367090588,6
20,3,12,2.220446049250313e-16,0.0001474417664790728,0.503921568627451,0.5565610859728506,0.0016671154286256682,4.398800797051432e-05,0.40603051824460457,0.6317800648783471,0.06029943592448091,0.007971062367090588,6
20,3,6,0.0,0.0002364986830984961,0.3444444444444444,0.2683982683982684,0.0013980792242324813,4.5183629362534755e-05,0.34420359875024786,0.4877377047115391,0.06312194638960852,0.009088811784652984,6
20,3,12,0.0,0.0001842726075647061,0.5333333333333333,0.5042735042735043,0.0013980792242324813,4.5183629362534755e-05,0.34420359875024786,0.4877377047115391,0.06312194638960852,0.009088811784652984,6
20,3,6,2.220446049250313e-16,0.0007164073675494098,0.2683982683982684,1.0,0.0017819516100595456,4.220869182642945e-05,0.0885084281348593,0.18727187834239042,0.1348720943333874,0.01404215340316031,7
20,3,12,2.220446049250313e-16,0.0009596593525444952,0.4369256474519632,1.0,0.0017819516100595456,4.220869182642945e-05,0.0885084281348593,0.18727187834239042,0.1348720943333874,0.01404215340316031,7
20,3,6,1.1102230246251565e-16,0.0025308687469494107,0.3,0.37142857142857144,0.0012315707268892716,5.8610591622095873e-05,0.16461862064661634,0.41678152283328956,0.0824236084866892,0.01137633213382586,7
20,3,12,1.1102230246251565e-16,0.0012402499698016545,0.4222222222222222,0.4574898785425101,0.0012315707268892716,5.8610591622095873e-05,0.16461862064661634,0.41678152283328956,0.0824236084866892,0.01137633213382586,7
20,3,6,2.220446049250313e-16,0.00011796469051739145,0.24444444444444446,0.4666666666666666,0.0008992974300446779,5.673678295861271e-05,0.05838050318976223,0.18914840671170327,0.1201288838594174,0.016493465964655785,7
20,3,12,2.220446049250313e-16,0.00047312710293478943,0.4150326797385621,0.5714285714285715,0.0008992974300446779,5.673678295861271e-05,0.05838050318976223,0.18914840671170327,0.1201288838594174,0.016493465964655785,7
20,3,6,0.0,0.0016338537581550572,0.3444444444444444,0.5555555555555555,0.0015504954578644961,3.662108380055921e-05,0.11917835132711287,0.2052140314209926,0.11062291930999393,0.012571091467991723,7
20,3,12,0.0,0.0005375184678388933,0.35947712418300654,0.6487179487179487,0.0015504954578644961,3.662108380055921e-05,0.11917835132711287,0.2052140314209926,0.11062291930999393,0.012571091467991723,7
20,3,6,0.0,0.0005957279487487366,0.25252525252525254,0.33506493506493507,0.0012818981855669538,0.00010795889402091711,0.39632911314121355,0.6561583771509135,0.056305749747280406,0.012544384545366534,7
20,3,12,0.0,0.0005133794524496693,0.4411764705882353,0.5565610859728506,0.0012818981855669538,0.00010795889402091711,0.39632911314121355,0.6561583771509135,0.056305749747280406,0.012544384545366534,7
20,3,6,2.220446049250313e-16,0.001609722603456376,0.3444444444444444,1.0,0.0019438083704659387,3.9955589735850316e-05,0.27661269691156204,0.6401615546522519,0.08272283494264261,0.0078014100494510925,7
20,3,12,2.220446049250313e-16,0.0017565364183076415,0.4483660130718954,1.0,0.0019438083704659387,3.9955589735850316e-05,0.27661269691156204,0.6401615546522519,0.08272283494264261,0.0078014100494510925,7
20,3,6,0.0,0.0013388159174864134,0.38888888888888884,0.6666666666666666,0.000869195143561258,0.00011819691811187375,0.08573231618477732,0.5027169132169235,0.09738289113768434,0.014984434021132321,7
20,3,12,0.0,9.742018184888401e-05,0.503921568627451,0.6153846153846154,0.000869195143561258,0.00011819691811187375,0.08573231618477732,0.5027169132169235,0.09738289113768434,0.014984434021132321,7
20,3,6,2.220446049250313e-16,0.0014899611370715604,0.2222222222222222,0.39393939393939387,0.0012462495215851933,4.084776006308272e-05,0.058376467500754564,0.14225414229772956,0.1411285470921514,0.015875589459892182,7
20,3,12,2.220446049250313e-16,0.0013876015316696133,0.5666666666666668,0.6487179487179487,0.0012462495215851933,4.084776006308272e-05,0.058376467500754564,0.14225414229772956,0.1411285470921514,0.015875589459892182,7
20,3,6,2.220446049250313e-16,7.573222829360127e-05,0.5714285714285715,1.0,0.0016815485156630539,5.0642697965508835e-05,0.24936718049715406,0.33879133963204144,0.08118030821682257,0.012098207962095101,8
20,3,12,2.220446049250313e-16,0.00011404605467291162,0.6153846153846154,1.0,0.0016815485156630539,5.0642697965508835e-05,0.24936718049715406,0.33879133963204144,0.08118030821682257,0.012098207962095101,8
20,3,6,1.1102230246251565e-16,0.0005014465491790521,0.3444444444444444,0.5158730158730158,0.0024913403827748802,6.534571495379879e-05,0.027759165694301383,0.06691191940124844,0.2773806787165603,0.027639363213463233,8
20,3,12,1.1102230246251565e-16,0.000370035933411339,0.6047619047619048,0.5859728506787331,0.0024913403827748802,6.534571495379879e-05,0.027759165694301383,0.06691191940124844,0.2773806787165603,0.027639363213463233,8
20,3,6,2.220446049250313e-16,9.987644203901525e-06,0.6666666666666666,1.0,0.0014310952868744316,4.316708324774652e-05,0.05593091461783481,0.12306748713080773,0.15354451851916956,0.018094426031539844,8
20,3,12,2.220446049250313e-16,2.3369977814602372e-05,0.6666666666666666,1.0,0.0014310952868744316,4.316708324774652e-05,0.05593091461783481,0.12306748713080773,0.15354451851916956,0.018094426031539844,8
20,3,6,0.0,0.000222233294265628,0.8095238095238096,1.0,0.004232323993934034,6.530502553123346e-05,0.03269782847205531,0.08158627800503522,0.3495803762466004,0.02719747380415612,8
20,3,12,0.0,0.0006717869307697466,0.638095238095238,1.0,0.004232323993934034,6.530502553123346e-05,0.03269782847205531,0.08158627800503522,0.3495803762466004,0.02719747380415612,8
20,3,6,0.0,0.0026505146976909533,0.3444444444444444,0.3444444444444444,0.0021003179636592444,7.668381473322808e-05,0.02720538595601329,0.08440283176711354,0.2675940365912754,0.029234369797383083,8
20,3,12,0.0,0.0012956630394580504,0.7142857142857143,0.503921568627451,0.0021003179636592444,7.668381473322808e-05,0.02720538595601329,0.08440283176711354,0.2675940365912754,0.029234369797383083,8
20,3,6,1.1102230246251565e-16,0.00021018156874874627,0.5158730158730158,1.0,0.002020067944116448,4.980304866619714e-05,0.030677589225645396,0.08011956134271231,0.24314945985515582,0.022996502398759267,8
20,3,12,1.1102230246251565e-16,0.0007524112178802778,0.5753501400560225,1.0,0.002020067944116448,4.980304866619714e-05,0.030677589225645396,0.08011956134271231,0.24314945985515582,0.022996502398759267,8
20,3,6,0.0,6.856411012745589e-05,0.6428571428571429,1.0,0.0017037976806591791,5.778568568251743e-05,0.04108780201654227,0.10696355924439649,0.19517694108957573,0.021740215049811648,8
20,3,12,0.0,0.0013651117071800112,0.6761904761904761,1.0,0.0017037976806591791,5.778568568251743e-05,0.04108780201654227,0.10696355924439649,0.19517694108957573,0.021740215049811648,8
20,3,6,0.0,2.7643697634527342e-05,0.5714285714285715,1.0,0.0019723018163786588,7.209481177662196e-05,0.06508385446387532,0.1706349983451695,0.17001481005746688,0.019306343046936337,8
20,3,12,0.0,0.00014323523805936933,0.6047619047619047,1.0,0.0019723018163786588,7.209481177662196e-05,0.06508385446387532,0.1706349983451695,0.17001481005746688,0.019306343046936337,8
20,3,6,1.1102230246251565e-16,0.0006271052493579399,0.4444444444444444,0.6666666666666666,0.002004518837748368,3.840097154536258e-05,0.04763587823540921,0.09200101067904955,0.202918880123151,0.019459571874736643,9
20,3,12,1.1102230246251565e-16,0.00037887266802361097,0.4777777777777778,0.5714285714285715,0.002004518837748368,3.840097154536258e-05,0.04763587823540921,0.09200101067904955,0.202918880123151,0.019459571874736643,9
20,3,6,0.0,0.0010466549084049426,0.5555555555555555,0.5714285714285715,0.0018494470739213182,5.5642610090172114e-05,0.022150913231101813,0.05520043966433322,0.2806863447701316,0.028597130325540666,9
20,3,12,0.0,0.00016283838604203016,0.542016806722689,0.503921568627451,0.0018494470739213182,5.5642610090172114e-05,0.022150913231101813,0.05520043966433322,0.2806863447701316,0.028597130325540666,9
20,3,6,0.0,0.00024052382038375342,0.33506493506493507,1.0,0.004485755373815914,5.088373629094556e-05,0.023577323119027115,0.037137282952563994,0.41552264599182,0.03259257260543362,9
20,3,12,0.0,1.0458232200916129e-05,0.542016806722689,1.0,0.004485755373815914,5.088373629094556e-05,0.023577323119027115,0.037137282952563994,0.41552264599182,0.03259257260543362,9
20,3,6,0.0,0.0022883401822930693,0.38888888888888884,0.6428571428571429,0.0021468417279156484,5.010653841844289e-05,0.02774809070793069,0.0585409942967034,0.2664734070076941,0.027030914875543693,9
20,3,12,0.0,0.001761414410870632,0.5333333333333333,0.6047619047619047,0.0021468417279156484,5.010653841844289e-05,0.02774809070793069,0.0585409942967034,0.2664734070076941,0.027030914875543693,9
20,3,6,0.0,0.0002544917519131662,0.5158730158730159,0.5158730158730159,0.002177188033789268,5.1061843163718774e-05,0.028267903546509446,0.049011978111901125,0.2700749523756964,0.02828270475985171,9
20,3,12,0.0,0.0014780998672909718,0.6047619047619047,0.5,0.002177188033789268,5.1061843163718774e-05,0.028267903546509446,0.049011978111901125,0.2700749523756964,0.02828270475985171,9
20,3,6,2.220446049250313e-16,0.0013601377481902155,0.2888888888888889,0.6428571428571429,0.002160795509586489,5.167867458802598e-05,0.02998440776156807,0.060937236113549176,0.2565320945750267,0.02711348255599251,9
20,3,12,2.220446049250313e-16,0.0008607435839751432,0.6,0.6047619047619047,0.002160795509586489,5.167867458802598e-05,0.02998440776156807,0.060937236113549176,0.2565320945750267,0.02711348255599251,9
20,3,6,0.0,0.0015876342485094952,0.4444444444444444,0.5714285714285715,0.0014021794298514913,5.804469431960336e-05,0.015295019406981721,0.053087348823447636,0.29293846486805025,0.02963885911748588,9
20,3,12,0.0,0.0044088664895851615,0.5333333333333333,0.5666666666666668,0.0014021794298514913,5.804469431960336e-05,0.015295019406981721,0.053087348823447636,0.29293846486805025,0.02963885911748588,9
20,3,6,0.0,0.004260191883289632,0.30808080808080807,0.30808080808080807,0.002032301102646776,5.053747616706377e-05,0.02043339171607237,0.04071823437178596,0.2917379061154181,0.029148769977957987,9
20,3,12,0.0,0.003156731480405739,0.503921568627451,0.542016806722689,0.002032301102646776,5.053747616706377e-05,0.02043339171607237,0.04071823437178596,0.2917379061154181,0.029148769977957987,9
20,3,6,1.1102230246251565e-16,0.00014459101660846407,0.5158730158730159,0.38888888888888884,0.0009163092085735035,4.143305983040389e-05,0.024591143437668755,0.06862491365272273,0.17530295162120216,0.020804727884407747,10
20,3,12,1.1102230246251565e-16,0.0013968512742178474,0.5666666666666667,0.6428571428571429,0.0009163092085735035,4.143305983040389e-05,0.024591143437668755,0.06862491365272273,0.17530295162120216,0.020804727884407747,10
20,3,6,2.220446049250313e-16,0.0006143430574718778,0.5714285714285715,0.4158730158730159,0.0009431864726953101,0.00010103978538708849,0.025634746275051978,0.1171316359611681,0.17945093263340808,0.02367971673580922,10
20,3,12,2.220446049250313e-16,0.0002301411191076852,0.5714285714285715,0.6153846153846154,0.0009431864726953101,0.00010103978538708849,0.025634746275051978,0.1171316359611681,0.17945093263340808,0.02367971673580922,10
20,3,6,2.220446049250313e-16,0.0020217135745292936,0.4444444444444444,0.5158730158730159,0.0015353062704033024,4.9945208055555894e-05,0.025057570500108792,0.07591127480665051,0.21188562722705875,0.02360000221803615,10
20,3,12,2.220446049250313e-16,0.0007544180024900982,0.503921568627451,0.6047619047619048,0.0015353062704033024,4.9945208055555894e-05,0.025057570500108792,0.07591127480665051,0.21188562722705875,0.02360000221803615,10
20,3,6,2.220446049250313e-16,0.0013382945919206968,0.38888888888888884,0.4158730158730159,0.0014803036507706876,7.840273390429149e-05,0.12935673191197802,0.23662854192110422,0.10047127308165815,0.016718448100766555,10
20,3,12,2.220446049250313e-16,0.0010636310320860654,0.5714285714285715,0.48646125116713357,0.0014803036507706876,7.840273390429149e-05,0.12935673191197802,0.23662854192110422,0.10047127308165815,0.016718448100766555,10
20,3,6,0.0,0.00042032682688120104,0.5,0.37142857142857144,0.0016860472335951894,4.62950420540644e-05,0.025795306523203883,0.06595716579365213,0.22062668872281346,0.02419089435981537,10
20,3,12,0.0,0.0006978122174616797,0.5666666666666667,0.6153846153846154,0.0016860472335951894,4.62950420540644e-05,0.025795306523203883,0.06595716579365213,0.22062668872281346,0.02419089435981537,10
20,3,6,0.0,8.415445646070552e-05,0.4158730158730159,0.2987012987012987,0.000556359875290192,0.0001670520682708525,0.029442021175736154,0.39897238354358905,0.12471953805264098,0.01936326658128094,10
20,3,12,0.0,0.0011275497403568924,0.6487179487179487,0.5565610859728506,0.000556359875290192,0.0001670520682708525,0.029442021175736154,0.39897238354358905,0.12471953805264098,0.01936326658128094,10
20,3,6,0.0,0.001094238437380879,0.37142857142857144,0.2636363636363636,0.0008001381165741174,0.00010149981919344788,0.036321372758690997,0.14886274569701188,0.1349166667420962,0.023937365408501162,10
20,3,12,0.0,0.00030581713510036135,0.4777777777777777,0.5042735042735043,0.0008001381165741174,0.00010149981919344788,0.036321372758690997,0.14886274569701188,0.1349166667420962,0.023937365408501162,10
20,3,6,0.0,0.0012102581431363557,0.4444444444444444,0.39999999999999997,0.0009257782081670045,8.118718285506564e-05,0.026033256081859833,0.09288909308590398,0.16944062061312112,0.025856215753536565,10
20,3,12,0.0,0.00022853714197390573,0.4444444444444444,0.6153846153846154,0.0009257782081670045,8.118718285506564e-05,0.026033256081859833,0.09288909308590398,0.16944062061312112,0.025856215753536565,10
20,3,6,0.0,0.0009087161713261516,0.5714285714285715,1.0,0.0023007963458397842,4.1901969529518014e-05,0.04673930312375069,0.1314194248405007,0.21812298706471447,0.017254705702755377,11
20,3,12,0.0,0.00034902669958580823,0.6047619047619047,1.0,0.0023007963458397842,4.1901969529518014e-05,0.04673930312375069,0.1314194248405007,0.21812298706471447,0.017254705702755377,11
20,3,6,0.0,0.0010872282866001282,0.5714285714285715,0.29870129870129875,0.0023168072782564463,4.942445188526619e-05,0.07364839737105054,0.1876461409507461,0.17527327741126206,0.01569288366420336,11
20,3,12,0.0,0.0005146140500188467,0.5666666666666668,0.4222222222222222,0.0023168072782564463,4.942445188526619e-05,0.07364839737105054,0.1876461409507461,0.17527327741126206,0.01569288366420336,11
20,3,6,2.220446049250313e-16,0.0006623552004925148,0.5158730158730159,0.5555555555555555,0.0022141509583670114,4.022111796488063e-05,0.06813710168356972,0.16802316372159104,0.17909639931300766,0.014877843346062625,11
20,3,12,2.220446049250313e-16,0.0003313337812511641,0.8021978021978021,0.6078431372549019,0.0022141509583670114,4.022111796488063e-05,0.06813710168356972,0.16802316372159104,0.17909639931300766,0.014877843346062625,11
20,3,6,0.0,0.002558262742250572,0.3444444444444444,0.5555555555555555,0.002091047890851891,4.769629624348529e-05,0.04966881475689189,0.10628791292318727,0.1959293918555286,0.019336893385599036,11
20,3,12,0.0,0.0006371955176149857,0.5666666666666668,0.7333333333333334,0.002091047890851891,4.769629624348529e-05,0.04966881475689189,0.10628791292318727,0.1959293918555286,0.019336893385599036,11
20,3,6,0.0,0.0010141649580388545,0.5714285714285715,1.0,0.0018379157600154426,4.0416265760857013e-05,0.058556110838939156,0.16744009513183933,0.17400829908211116,0.014801395544144745,11
20,3,12,0.0,0.00017258697166955272,0.638095238095238,1.0,0.0018379157600154426,4.0416265760857013e-05,0.058556110838939156,0.16744009513183933,0.17400829908211116,0.014801395544144745,11
20,3,6,2.220446049250313e-16,0.0028207529046164748,0.6428571428571429,1.0,0.0017497944419902036,3.840060659813837e-05,0.05189136252563176,0.10960300282077305,0.1748636006675938,0.01770169967634855,11
20,3,12,2.220446049250313e-16,0.00027544051361638733,0.6047619047619048,1.0,0.0017497944419902036,3.840060659813837e-05,0.05189136252563176,0.10960300282077305,0.1748636006675938,0.01770169967634855,11
20,3,6,0.0,0.0013001160514326537,0.5714285714285715,0.4666666666666666,0.002054937715564851,4.307602770118299e-05,0.06940706840213372,0.17511524609297507,0.16953789395023305,0.015224274129346743,11
20,3,12,0.0,0.0007921761615135026,0.638095238095238,0.5304172951231775,0.002054937715564851,4.307602770118299e-05,0.06940706840213372,0.17511524609297507,0.16953789395023305,0.015224274129346743,11
20,3,6,2.220446049250313e-16,0.001081862160469349,0.4603174603174603,0.4158730158730159,0.0014658785087133727,5.0771413243302545e-05,0.073399678760076,0.17186900399196323,0.13725583975482744,0.01662141857057395,11
20,3,12,2.220446049250313e-16,0.00031817539743661527,0.6,0.4150326797385621,0.0014658785087133727,5.0771413243302545e-05,0.073399678760076,0.17186900399196323,0.13725583975482744,0.01662141857057395,11
20,3,6,0.0,0.0005898737649483454,0.4444444444444444,0.4603174603174603,0.003666787501683424,0.00028628351377708356,0.5967495419373621,0.3971005398826115,0.07373210278815044,0.026305407384686088,12
20,3,12,0.0,0.0004327222199507208,0.5126050420168067,0.4222222222222222,0.003666787501683424,0.00028628351377708356,0.5967495419373621,0.3971005398826115,0.07373210278815044,0.026305407384686088,12
20,3,6,0.0,0.0005789727282727863,0.38888888888888884,1.0,0.0031180845480530627,0.0003832756501615512,0.041306158767679006,0.266862464367562,0.18510074142402008,0.036487282892612424,12
20,3,12,0.0,0.0004746389440564158,0.5753501400560225,1.0,0.0031180845480530627,0.0003832756501615512,0.041306158767679006,0.266862464367562,0.18510074142402008,0.036487282892612424,12
20,3,6,0.0,0.0002646851506096226,0.29870129870129875,1.0,0.0029702388050174807,0.00010639699232439873,0.008448946602607343,0.011183237889546272,0.3818660694666078,0.060762763151976346,12
20,3,12,0.0,0.00036450125136511247,0.6153846153846154,1.0,0.0029702388050174807,0.00010639699232439873,0.008448946602607343,0.011183237889546272,0.3818660694666078,0.060762763151976346,12
20,3,6,2.220446049250313e-16,0.0009139639216813045,0.4444444444444444,0.4666666666666666,0.003139137096516002,0.0003128335537270983,0.046012329119856775,0.1630382975935997,0.20865589843495636,0.030751597000682897,12
20,3,12,2.220446049250313e-16,0.0009592084555203328,0.6047619047619048,0.6487179487179487,0.003139137096516002,0.0003128335537270983,0.046012329119856775,0.1630382975935997,0.20865589843495636,0.030751597000682897,12
20,3,6,0.0,0.0011849001009116567,0.3444444444444444,0.5158730158730159,0.002877646230166287,0.0002122153396976482,0.16778834800640513,0.08378898527066458,0.12268087604899726,0.035134077726496675,12
20,3,12,0.0,8.753479442935586e-05,0.5126050420168067,0.503921568627451,0.002877646230166287,0.0002122153396976482,0.16778834800640513,0.08378898527066458,0.12268087604899726,0.035134077726496675,12
20,3,6,0.0,0.0008800777342243826,0.4158730158730159,0.5555555555555555,0.0035727532741836846,0.00029657769358761336,0.3614381085268405,0.3973576512620764,0.09358475431261586,0.025036700677784556,12
20,3,12,0.0,0.0005499206171706295,0.5333333333333333,0.5859728506787331,0.0035727532741836846,0.00029657769358761336,0.3614381085268405,0.3973576512620764,0.09358475431261586,0.025036700677784556,12
20,3,6,0.0,1.347584737132479e-06,0.4603174603174603,0.38888888888888884,0.00196436317883374,0.0003295156505407163,0.24073348627945865,0.19495973694571825,0.08561082613246325,0.03123616378048717,12
20,3,12,0.0,0.0011660158247654984,0.5333333333333333,0.4705882352941176,0.00196436317883374,0.0003295156505407163,0.24073348627945865,0.19495973694571825,0.08561082613246325,0.03123616378048717,12
20,3,6,0.0,4.966019795715759e-05,0.3,1.0,0.0022656632630085587,0.0003083836176658911,0.4755369969322621,0.907996076984593,0.061765075775129824,0.017008991165273154,12
20,3,12,0.0,0.00012237367539214006,0.6047619047619047,1.0,0.0022656632630085587,0.0003083836176658911,0.4755369969322621,0.907996076984593,0.061765075775129824,0.017008991165273154,12
20,3,6,2.220446049250313e-16,0.0009406923527552902,0.38888888888888884,1.0,0.0006030530506706671,2.1529245155679987e-05,0.0560397858604045,0.14884525192094022,0.10232055018827493,0.011731702362145964,13
20,3,12,2.220446049250313e-16,0.0013176761430906403,0.6047619047619048,1.0,0.0006030530506706671,2.1529245155679987e-05,0.0560397858604045,0.14884525192094022,0.10232055018827493,0.011731702362145964,13
20,3,6,0.0,8.134659291347823e-05,0.3444444444444444,0.3333333333333333,0.0005394609692852245,3.9394639388773836e-05,0.02834415546486402,0.1414365199055454,0.13252374727994642,0.015688008930607608,13
20,3,12,0.0,0.0005757652637006228,0.503921568627451,0.4808816914080072,0.0005394609692852245,3.9394639388773836e-05,0.02834415546486402,0.1414365199055454,0.13252374727994642,0.015688008930607608,13
20,3,6,0.0,0.0020259243687228423,0.3333333333333333,1.0,0.0005694344595070388,2.0296762806304037e-05,0.04224887105241335,0.11756149051633048,0.11003785028097973,0.012549551059346664,13
20,3,12,0.0,0.0024076663609798876,0.638095238095238,1.0,0.0005694344595070388,2.0296762806304037e-05,0.04224887105241335,0.11756149051633048,0.11003785028097973,0.012549551059346664,13
20,3,6,0.0,0.0018365593405973435,0.2888888888888889,0.39999999999999997,0.001176035984157244,5.009140922000515e-05,0.020003816936578808,0.04562450608297415,0.21843437035482055,0.027732749440311972,13
20,3,12,0.0,0.00345234686824325,0.4705882352941176,0.4411764705882353,0.001176035984157244,5.009140922000515e-05,0.020003816936578808,0.04562450608297415,0.21843437035482055,0.027732749440311972,13
20,3,6,0.0,0.0025426132590748995,0.2888888888888889,0.6428571428571429,0.0008292029091931604,4.047546480404382e-05,0.014918209840304224,0.04219630904767241,0.22000707288993265,0.027041823014484854,13
20,3,12,0.0,0.00020427370334274997,0.638095238095238,0.48646125116713357,0.0008292029091931604,4.047546480404382e-05,0.014918209840304224,0.04219630904767241,0.22000707288993265,0.027041823014484854,13
20,3,6,1.1102230246251565e-16,0.0018978301101765238,0.3444444444444444,1.0,0.0005578997200987607,2.2960648048707244e-05,0.040764780341373125,0.1156376666598156,0.1136608332443327,0.013288878707882356,13
20,3,12,1.1102230246251565e-16,0.0006899267461049075,0.5666666666666668,1.0,0.0005578997200987607,2.2960648048707244e-05,0.040764780341373125,0.1156376666598156,0.1136608332443327,0.013288878707882356,13
20,3,6,0.0,0.0007474970964393979,0.3444444444444444,1.0,0.0005362525108199114,2.28258486211563e-05,0.02826148738575826,0.08803343720161229,0.13088832548722443,0.01558141148386914,13
20,3,12,0.0,0.003201372991924467,0.6047619047619048,1.0,0.0005362525108199114,2.28258486211563e-05,0.02826148738575826,0.08803343720161229,0.13088832548722443,0.01558141148386914,13
20,3,6,2.220446049250313e-16,0.0009480199769009712,0.3,0.4666666666666666,0.0006579978532291087,4.1215601462103996e-05,0.030351020473386142,0.13210514426725126,0.14017847552967136,0.016709362211874468,13
20,3,12,2.220446049250313e-16,0.0006730082480983501,0.6,0.5565610859728506,0.0006579978532291087,4.1215601462103996e-05,0.030351020473386142,0.13210514426725126,0.14017847552967136,0.016709362211874468,13
20,3,6,0.0,0.0006244603699648854,0.38888888888888884,0.38888888888888884,0.0007493734995877307,2.599148368081248e-05,0.06594957182935299,0.174001877128882,0.10383436797038409,0.011371050128163718,14
20,3,12,0.0,0.0004146788457045636,0.6047619047619047,0.4411764705882353,0.0007493734995877307,2.599148368081248e-05,0.06594957182935299,0.174001877128882,0.10383436797038409,0.011371050128163718,14
20,3,6,1.1102230246251565e-16,0.0006802984716187677,0.4444444444444444,0.5555555555555555,0.0008529383961082288,2.5314989123722156e-05,0.15905258602594802,0.4146992932371226,0.06896872598560962,0.007515725621467931,14
20,3,12,1.1102230246251565e-16,0.0003643812640415911,0.5666666666666667,0.5859728506787331,0.0008529383961082288,2.5314989123722156e-05,0.15905258602594802,0.4146992932371226,0.06896872598560962,0.007515725621467931,14
20,3,6,2.220446049250313e-16,0.0030213260919189633,0.6666666666666666,1.0,0.0023218028791724713,2.8241422377959468e-05,0.05032793605599217,0.10439434509045711,0.20840305149274457,0.015582431368785291,14
20,3,12,2.220446049250313e-16,0.00017320982365953697,0.6047619047619048,1.0,0.0023218028791724713,2.8241422377959468e-05,0.05032793605599217,0.10439434509045711,0.20840305149274457,0.015582431368785291,14
20,3,6,0.0,0.0009635931482511184,0.38888888888888884,0.5158730158730158,0.0008187177562165587,2.7906234504159015e-05,0.07994327939491437,0.28468509621024857,0.09951378687975135,0.009655338107434816,14
20,3,12,0.0,0.0008029034502922139,0.4150326797385621,0.6078431372549019,0.0008187177562165587,2.7906234504159015e-05,0.07994327939491437,0.28468509621024857,0.09951378687975135,0.009655338107434816,14
20,3,6,0.0,0.00042875958937149683,0.38888888888888884,0.4444444444444444,0.0007804565523713582,2.6380001474398614e-05,0.07595897014353073,0.24771256739857708,0.09934715190952201,0.010242266837765183,14
20,3,12,0.0,0.0007302901802304085,0.6047619047619047,0.638095238095238,0.0007804565523713582,2.6380001474398614e-05,0.07595897014353073,0.24771256739857708,0.09934715190952201,0.010242266837765183,14
20,3,6,0.0,0.0014808517642719288,0.4158730158730159,0.30808080808080807,0.0012872923391018926,3.475885322218462e-05,0.11607812504951523,0.26210043469538236,0.10115230121990418,0.010994539613633763,14
20,3,12,0.0,9.031368196166234e-05,0.5666666666666667,0.6078431372549019,0.0012872923391018926,3.475885322218462e-05,0.11607812504951523,0.26210043469538236,0.10115230121990418,0.010994539613633763,14
20,3,6,0.0,0.0006885291627194423,0.3,0.2683982683982684,0.000981084968902818,2.1675636359489556e-05,0.14039279916663738,0.3519655331209005,0.08121002865977692,0.007599694692622294,14
20,3,12,0.0,0.0004378224776353523,0.5666666666666667,0.4369256474519632,0.000981084968902818,2.1675636359489556e-05,0.14039279916663738,0.3519655331209005,0.08121002865977692,0.007599694692622294,14
20,3,6,0.0,0.0005628314632337705,0.3444444444444444,0.3444444444444444,0.0007227105122041031,9.719284081010463e-05,0.14367354314140077,0.41577792913436695,0.06907411887419103,0.014798918337934737,14
20,3,12,0.0,0.0009163636669544672,0.4777777777777778,0.5372549019607843,0.0007227105122041031,9.719284081010463e-05,0.14367354314140077,0.41577792913436695,0.06907411887419103,0.014798918337934737,14
20,3,6,0.0,0.0009683970312086565,0.3,1.0,0.0017527147351540737,9.179027943697047e-05,0.11534734041197955,0.34577204561810077,0.12097728425827713,0.015456608419823334,15
20,3,12,0.0,1.2970584158722431e-05,0.638095238095238,1.0,0.0017527147351540737,9.179027943697047e-05,0.11534734041197955,0.34577204561810077,0.12097728425827713,0.015456608419823334,15
20,3,6,2.220446049250313e-16,0.0011855980802615296,0.6428571428571429,1.0,0.001275970531654577,3.987478999258462e-05,0.09492407930490972,0.18340650697498018,0.11267786098622336,0.014154014026296664,15
20,3,12,2.220446049250313e-16,0.0002349042154717873,0.6153846153846154,1.0,0.001275970531654577,3.987478999258462e-05,0.09492407930490972,0.18340650697498018,0.11267786098622336,0.014154014026296664,15
20,3,6,0.0,0.0013035937793614005,0.33506493506493507,1.0,0.0018730170223933836,3.677359600379738e-05,0.04157966078093756,0.0782969843372285,0.19866445376052966,0.020388800596342405,15
20,3,12,0.0,0.00037373433937970546,0.638095238095238,1.0,0.0018730170223933836,3.677359600379738e-05,0.04157966078093756,0.0782969843372285,0.19866445376052966,0.020388800596342405,15
20,3,6,2.220446049250313e-16,6.74094783967849e-05,0.33506493506493507,1.0,0.0014783507250124648,4.366375703849124e-05,0.02511944875814114,0.06601420633900133,0.2306615135952172,0.021824789086379207,15
20,3,12,2.220446049250313e-16,0.00016449340114776945,0.6666666666666666,1.0,0.0014783507250124648,4.366375703849124e-05,0.02511944875814114,0.06601420633900133,0.2306615135952172,0.021824789086379207,15
20,3,6,0.0,0.0002749335545906284,0.4666666666666666,1.0,0.001628152784756397,4.4275144307470106e-05,0.027851460808802003,0.07757287977168056,0.2254212075372433,0.022379109838687437,15
20,3,12,0.0,0.0008181649215524001,0.6487179487179487,1.0,0.001628152784756397,4.4275144307470106e-05,0.027851460808802003,0.07757287977168056,0.2254212075372433,0.022379109838687437,15
20,3,6,0.0,0.0001668226137958584,0.33506493506493507,0.5555555555555555,0.0015458686637326465,4.235089602716097e-05,0.04317726935422353,0.099564830076799,0.1827457049634737,0.019295254160122812,15
20,3,12,0.0,0.0021919155884599917,0.5714285714285715,0.6078431372549019,0.0015458686637326465,4.235089602716097e-05,0.04317726935422353,0.099564830076799,0.1827457049634737,0.019295254160122812,15
20,3,6,0.0,0.00013500577801206504,0.3,1.0,0.0015196332159114463,8.09728773371046e-05,0.14175287362633562,0.4202070715289003,0.10040275596961713,0.013479178991731035,15
20,3,12,0.0,0.0012446745361223144,0.5333333333333333,1.0,0.0015196332159114463,8.09728773371046e-05,0.14175287362633562,0.4202070715289003,0.10040275596961713,0.013479178991731035,15
20,3,6,2.220446049250313e-16,0.0016549279366628866,0.4158730158730159,1.0,0.001415755515042723,4.3964128139938426e-05,0.02732375639073236,0.07024691761714887,0.2078996168578469,0.02157670255265726,15
20,3,12,2.220446049250313e-16,0.00293680002811314,0.6666666666666666,1.0,0.001415755515042723,4.3964128139938426e-05,0.02732375639073236,0.07024691761714887,0.2078996168578469,0.02157670255265726,15
20,3,6,1.1102230246251565e-16,0.001788363983815655,0.3444444444444444,0.7142857142857143,0.000616980011399527,3.243655668558969e-05,0.06909488278849463,0.195053881435523,0.09218347967402797,0.012575260881832893,16
20,3,12,1.1102230246251565e-16,0.00083190553180712,0.4222222222222222,0.6078431372549019,0.000616980011399527,3.243655668558969e-05,0.06909488278849463,0.195053881435523,0.09218347967402797,0.012575260881832893,16
20,3,6,0.0,0.0021231151817640015,0.5158730158730159,0.5555555555555555,0.0008076065564330911,2.6332154689896246e-05,0.04625641807322504,0.11630257161676329,0.12312099450444418,0.014484392271709695,16
20,3,12,0.0,1.2261497991827852e-05,0.7201465201465201,0.6153846153846154,0.0008076065564330911,2.6332154689896246e-05,0.04625641807322504,0.11630257161676329,0.12312099450444418,0.014484392271709695,16
20,3,6,2.220446049250313e-16,0.0008877412645611482,0.4158730158730159,0.37142857142857144,0.0009012728076132572,2.7435327277358233e-05,0.03311415878915411,0.09644167571940035,0.1588664586731929,0.01577126236746358,16
20,3,12,2.220446049250313e-16,0.0009538553682036932,0.48646125116713357,0.5304172951231775,0.0009012728076132572,2.7435327277358233e-05,0.03311415878915411,0.09644167571940035,0.1588664586731929,0.01577126236746358,16
20,3,6,0.0,0.0013101057575105601,0.2080808080808081,0.33506493506493507,0.000592078140288797,3.6344197885735924e-05,0.06381182175471437,0.17923559362402502,0.09375195331183048,0.013670833864528173,16
20,3,12,0.0,0.002251610056932085,0.6761904761904761,0.5565610859728506,0.000592078140288797,3.6344197885735924e-05,0.06381182175471437,0.17923559362402502,0.09375195331183048,0.013670833864528173,16
20,3,6,0.0,0.00031577378999114725,0.2888888888888889,0.4666666666666666,0.0008416464246216884,2.417605857468613e-05,0.0512481454757039,0.10459452267763317,0.12108363328501118,0.014022163237933287,16
20,3,12,0.0,0.0002925700048397317,0.682051282051282,0.638095238095238,0.0008416464246216884,2.417605857468613e-05,0.0512481454757039,0.10459452267763317,0.12108363328501118,0.014022163237933287,16
20,3,6,1.1102230246251565e-16,0.0019085901137307903,0.2888888888888889,0.4666666666666666,0.00048387943081346405,7.468131261998551e-05,0.06584050672963754,0.4733867567982121,0.08370269652702644,0.0124502429368219,16
20,3,12,1.1102230246251565e-16,0.0005617341035493162,0.5666666666666668,0.44836601307189544,0.00048387943081346405,7.468131261998551e-05,0.06584050672963754,0.4733867567982121,0.08370269652702644,0.0124502429368219,16
20,3,6,0.0,0.0003797850797369051,0.4158730158730159,1.0,0.001158881511193122,3.221436848495981e-05,0.03856843469557432,0.1255556496077077,0.16812619912732382,0.01561008458229168,16
20,3,12,0.0,0.000748941324000274,0.503921568627451,1.0,0.001158881511193122,3.221436848495981e-05,0.03856843469557432,0.1255556496077077,0.16812619912732382,0.01561008458229168,16
20,3,6,2.220446049250313e-16,0.0007125999155080942,0.6428571428571429,0.5714285714285715,0.0006931459391160484,3.7575400388070285e-05,0.060008075960485685,0.18095546707504795,0.10455898412047188,0.013902357134848307,16
20,3,12,2.220446049250313e-16,0.00027347091422025294,0.6047619047619048,0.5372549019607843,0.0006931459391160484,3.7575400388070285e-05,0.060008075960485685,0.18095546707504795,0.10455898412047188,0.013902357134848307,16
20,3,6,0.0,0.00024003934605398847,0.39999999999999997,0.5158730158730158,0.0012370238314140533,6.259723207132712e-05,0.04935416798904843,0.20036269883050806,0.1539291760836014,0.01716961020231588,17
20,3,12,0.0,0.0005625496011258946,0.4705882352941176,0.6666666666666666,0.0012370238314140533,6.259723207132712e-05,0.04935416798904843,0.20036269883050806,0.1539291760836014,0.01716961020231588,17
20,3,6,4.440892098500626e-16,0.0004067581004145726,0.38888888888888884,0.4666666666666666,0.001164244727194187,7.936321663185012e-05,0.07860082564245907,0.2828475594579292,0.11684937061789853,0.016230259190923153,17
20,3,12,4.440892098500626e-16,0.0017382576587925413,0.5372549019607843,0.5859728506787331,0.001164244727194187,7.936321663185012e-05,0.07860082564245907,0.2828475594579292,0.11684937061789853,0.016230259190923153,17
20,3,6,1.1102230246251565e-16,0.0006432116887535866,0.39999999999999997,0.5555555555555555,0.0016141205406077753,4.755258638802756e-05,0.09755972978554947,0.21717901422213273,0.12630252584339208,0.014587338463594831,17
20,3,12,1.1102230246251565e-16,0.00022445125051451242,0.638095238095238,0.6487179487179487,0.0016141205406077753,4.755258638802756e-05,0.09755972978554947,0.21717901422213273,0.12630252584339208,0.014587338463594831,17
20,3,6,0.0,0.0006117716624218783,0.38888888888888884,1.0,0.0016881142967576375,4.147159902214806e-05,0.11129883237062223,0.20337261921807803,0.11866807401367976,0.013441708660491731,17
20,3,12,0.0,0.0001253714198063971,0.5666666666666668,1.0,0.0016881142967576375,4.147159902214806e-05,0.11129883237062223,0.20337261921807803,0.11866807401367976,0.013441708660491731,17
20,3,6,0.0,0.0028562487056772445,0.3444444444444444,0.393939393939394,0.0013426462785564842,5.358020689038024e-05,0.06717525315772441,0.1743580508432219,0.1375308554567596,0.016997382843610853,17
20,3,12,0.0,0.0033249884633945737,0.7201465201465201,0.5565610859728506,0.0013426462785564842,5.358020689038024e-05,0.06717525315772441,0.1743580508432219,0.1375308554567596,0.016997382843610853,17
20,3,6,0.0,0.0006909700618786818,0.2888888888888889,0.6666666666666666,0.001253701658006133,5.0572144983800935e-05,0.13659809832583,0.23976626774935467,0.0929965571506832,0.013300878864366966,17
20,3,12,0.0,0.0009116297320146405,0.503921568627451,0.6666666666666666,0.001253701658006133,5.0572144983800935e-05,0.13659809832583,0.23976626774935467,0.0929965571506832,0.013300878864366966,17
20,3,6,0.0,0.005713485083673309,0.38888888888888884,0.5158730158730158,0.0012925751905351716,6.805822140485484e-05,0.12724420846659834,0.3002906379259004,0.09740644539004022,0.014517782981200988,17
20,3,12,0.0,0.0034869274843786213,0.6047619047619048,0.6153846153846154,0.0012925751905351716,6.805822140485484e-05,0.12724420846659834,0.3002906379259004,0.09740644539004022,0.014517782981200988,17
20,3,6,0.0,0.0022942617599476245,0.38888888888888884,0.4603174603174603,0.0013160013940917725,4.403716975102555e-05,0.049301502608856455,0.1302819560032286,0.16011357449567462,0.017351086195706238,17
20,3,12,0.0,0.001725647658519458,0.6761904761904761,0.6078431372549019,0.0013160013940917725,4.403716975102555e-05,0.049301502608856455,0.1302819560032286,0.16011357449567462,0.017351086195706238,17
20,3,6,0.0,0.00030937622062432446,0.5555555555555555,1.0,0.0021657174368696326,4.50523568777556e-05,0.029203845642563155,0.07590632908047165,0.2625215852177943,0.022589879710293696,18
20,3,12,0.0,0.0005434109258162234,0.5859728506787331,1.0,0.0021657174368696326,4.50523568777556e-05,0.029203845642563155,0.07590632908047165,0.2625215852177943,0.022589879710293696,18
20,3,6,0.0,0.0015153042434411512,0.2888888888888889,0.33506493506493507,0.0013506931286122507,3.380260783350814e-05,0.0693846596191285,0.12074128038865832,0.13192736019128562,0.015415280790130475,18
20,3,12,0.0,0.0017953399361380074,0.503921568627451,0.5372549019607843,0.0013506931286122507,3.380260783350814e-05,0.0693846596191285,0.12074128038865832,0.13192736019128562,0.015415280790130475,18
20,3,6,1.1102230246251565e-16,0.00047093699589240146,0.38888888888888884,0.3,0.0016275629899229341,4.523331952104267e-05,0.10342932107856856,0.1724321027801724,0.11968549442417076,0.01528037255366016,18
20,3,12,1.1102230246251565e-16,0.00058992887133269,0.5333333333333333,0.542016806722689,0.0016275629899229341,4.523331952104267e-05,0.10342932107856856,0.1724321027801724,0.11968549442417076,0.01528037255366016,18
20,3,6,1.1102230246251565e-16,0.0010551180053450793,0.4603174603174603,1.0,0.0020278119152462378,5.018798817173108e-05,0.024597842264104806,0.067887157357234,0.28093360892188435,0.025571935918579383,18
20,3,12,1.1102230246251565e-16,0.00016003976257550345,0.6428571428571429,1.0,0.0020278119152462378,5.018798817173108e-05,0.024597842264104806,0.067887157357234,0.28093360892188435,0.025571935918579383,18
20,3,6,2.220446049250313e-16,0.001299858686310662,0.3444444444444444,1.0,0.0020098734413752594,4.097269684425804e-05,0.07352513762214527,0.12216169951700773,0.15900164482196083,0.017235792554770663,18
20,3,12,2.220446049250313e-16,0.0017078293448213877,0.5126050420168067,1.0,0.0020098734413752594,4.097269684425804e-05,0.07352513762214527,0.12216169951700773,0.15900164482196083,0.017235792554770663,18
20,3,6,2.220446049250313e-16,0.000776669801954899,0.4444444444444444,0.37142857142857144,0.0014339663709713425,4.4959157468764917e-05,0.13635089601797937,0.23615582279562874,0.10059022409988763,0.01360271114109913,18
20,3,12,2.220446049250313e-16,0.0007075308593456064,0.4444444444444444,0.5565610859728506,0.0014339663709713425,4.4959157468764917e-05,0.13635089601797937,0.23615582279562874,0.10059022409988763,0.01360271114109913,18
20,3,6,2.220446049250313e-16,0.0012194983875803977,0.2888888888888889,0.4666666666666666,0.0014948490841997623,3.81372271446581e-05,0.11877481944072227,0.21930114408229212,0.1099427907427695,0.012739076160880325,18
20,3,12,2.220446049250313e-16,0.002858576070144836,0.5666666666666668,0.6047619047619047,0.0014948490841997623,3.81372271446581e-05,0.11877481944072227,0.21930114408229212,0.1099427907427695,0.012739076160880325,18
20,3,6,0.0,0.0005562942148389372,0.4444444444444444,0.4444444444444444,0.0008754046336347393,4.95737302301574e-05,0.03972432128290295,0.14596035339647823,0.13980412034350043,0.017867759549906437,18
20,3,12,0.0,0.00043653279366284714,0.503921568627451,0.5666666666666668,0.0008754046336347393,4.95737302301574e-05,0.03972432128290295,0.14596035339647823,0.13980412034350043,0.017867759549906437,18
20,3,6,0.0,0.0012207498014038531,0.2636363636363636,0.4158730158730159,0.000515198126285331,0.0002557756022923335,0.08663072041812281,0.481071749775749,0.07431993169959299,0.022327882530068646,19
20,3,12,0.0,0.0016911522268858725,0.638095238095238,0.5565610859728506,0.000515198126285331,0.0002557756022923335,0.08663072041812281,0.481071749775749,0.07431993169959299,0.022327882530068646,19
20,3,6,0.0,0.0007505006253614166,0.2080808080808081,0.2272727272727273,0.0006980399683398018,0.00012671660526711792,0.24310796816726885,0.8184204948219191,0.050853829853995496,0.012168280418259465,19
20,3,12,0.0,0.0005827722964197868,0.5,0.39164086687306504,0.0006980399683398018,0.00012671660526711792,0.24310796816726885,0.8184204948219191,0.050853829853995496,0.012168280418259465,19
20,3,6,2.220446049250313e-16,0.0011812097999628346,0.5158730158730159,0.4158730158730159,0.0009205041265436958,0.0007551131312729472,0.1998429435769096,0.8952740417593037,0.0657199710216644,0.027829822054051923,19
20,3,12,2.220446049250313e-16,0.0002998469920021396,0.5666666666666667,0.6078431372549019,0.0009205041265436958,0.0007551131312729472,0.1998429435769096,0.8952740417593037,0.0657199710216644,0.027829822054051923,19
20,3,6,0.0,0.00018473902065485603,0.24444444444444446,1.0,0.0008742929684426095,8.286495767774646e-05,0.2987469015579159,0.5393087870290884,0.05241566655155267,0.012266419965352625,19
20,3,12,0.0,0.0011011446875499598,0.6,1.0,0.0008742929684426095,8.286495767774646e-05,0.2987469015579159,0.5393087870290884,0.05241566655155267,0.012266419965352625,19
20,3,6,1.1102230246251565e-16,0.000332051341125128,0.30808080808080807,1.0,0.0009820995149862732,0.00010751448220678487,0.4623179078218883,0.7234921829236935,0.045700961207726674,0.012014427978626821,19
20,3,12,1.1102230246251565e-16,0.00026239287081941676,0.4705882352941176,1.0,0.0009820995149862732,0.00010751448220678487,0.4623179078218883,0.7234921829236935,0.045700961207726674,0.012014427978626821,19
20,3,6,0.0,0.00011114612560003678,0.2636363636363636,1.0,0.0013570064867026313,5.6908801232650666e-05,0.10173957581398112,0.25515124018349095,0.10778577124298759,0.014736762334311596,19
20,3,12,0.0,0.000243188040684017,0.638095238095238,1.0,0.0013570064867026313,5.6908801232650666e-05,0.10173957581398112,0.25515124018349095,0.10778577124298759,0.014736762334311596,19
20,3,6,0.0,0.00020248804867406545,0.38888888888888884,0.5555555555555555,0.0008096317930075772,1.431371005403148e-05,0.30482139403871095,0.9990022700841376,0.050541750361978895,0.002839239695011392,19
20,3,12,0.0,0.00017513178143802044,0.5333333333333333,0.682051282051282,0.0008096317930075772,1.431371005403148e-05,0.30482139403871095,0.9990022700841376,0.050541750361978895,0.002839239695011392,19
20,3,6,0.0,0.0003193300233477192,0.38888888888888884,0.3444444444444444,0.0007140146027509863,7.871580306046847e-05,0.11479337519404859,0.31110022949365,0.0764209191013117,0.015177833989434925,19
20,3,12,0.0,0.0023557783082116535,0.638095238095238,0.5859728506787331,0.0007140146027509863,7.871580306046847e-05,0.11479337519404859,0.31110022949365,0.0764209191013117,0.015177833989434925,19
20,4,6,0.0,0.001569845554267424,0.3444444444444444,0.361976911976912,0.0004467099758368581,2.1707440821424283e-05,0.03880713447892234,0.09615595843554449,0.10517801267334072,0.01401799004516691,0
20,4,12,0.0,0.002251507933241137,0.5249299719887955,0.5429864253393665,0.0004467099758368581,2.1707440821424283e-05,0.03880713447892234,0.09615595843554449,0.10517801267334072,0.01401799004516691,0
20,4,6,0.0,0.0007786642008552613,0.2858585858585858,0.5714285714285715,0.0007344615548726814,2.781597769601722e-05,0.026304615282612704,0.08582064776605522,0.15781067101712315,0.01635452740898834,0
20,4,12,0.0,0.00021369140668059394,0.55,0.6047619047619047,0.0007344615548726814,2.781597769601722e-05,0.026304615282612704,0.08582064776605522,0.15781067101712315,0.01635452740898834,0
20,4,6,0.0,0.004723985644046413,0.24444444444444444,0.3746031746031746,0.00033954829482219276,2.607280879782155e-05,0.05532153065875151,0.1491219209991288,0.0752327345060995,0.012195027067331743,0
20,4,12,0.0,0.003151018305999842,0.5543417366946779,0.43333333333333335,0.00033954829482219276,2.607280879782155e-05,0.05532153065875151,0.1491219209991288,0.0752327345060995,0.012195027067331743,0
20,4,6,1.1102230246251565e-16,0.0006685840070115301,0.31753246753246755,0.2564213564213564,0.00031929343552450406,3.6528154927533205e-05,0.043756901414162136,0.1437139931922389,0.08350394800063246,0.014840538877086197,0
20,4,12,1.1102230246251565e-16,0.001410599343539598,0.4915966386554622,0.44281045751633985,0.00031929343552450406,3.6528154927533205e-05,0.043756901414162136,0.1437139931922389,0.08350394800063246,0.014840538877086197,0
20,4,6,0.0,3.567473364196605e-05,0.37546897546897545,0.45021645021645024,0.00039943168551399345,2.327921081186104e-05,0.019134341643359157,0.057576339683738695,0.13569597936956015,0.01853567565271066,0
20,4,12,0.0,0.0008562899110413635,0.5880952380952381,0.48211951447245566,0.00039943168551399345,2.327921081186104e-05,0.019134341643359157,0.057576339683738695,0.13569597936956015,0.01853567565271066,0
20,4,6,0.0,0.0023938861842900394,0.39444444444444443,0.4777777777777778,0.0006125148503928855,1.7223799349461833e-05,0.01994377251837789,0.04573753400897462,0.16893081162732126,0.018321400379807472,0
20,4,12,0.0,0.0008361772941528622,0.5265639589169001,0.5076923076923078,0.0006125148503928855,1.7223799349461833e-05,0.01994377251837789,0.04573753400897462,0.16893081162732126,0.018321400379807472,0
20,4,6,2.220446049250313e-16,0.0014581538795150895,0.33888888888888885,0.33888888888888885,0.000320920590868782,2.563248836454003e-05,0.05302571532690727,0.13702589214343147,0.07539976914375597,0.012392692317852987,0
20,4,12,2.220446049250313e-16,0.0006388396165714072,0.557936507936508,0.42810457516339867,0.000320920590868782,2.563248836454003e-05,0.05302571532690727,0.13702589214343147,0.07539976914375597,0.012392692317852987,0
20,4,6,2.220446049250313e-16,0.005529079011107996,0.3166666666666666,0.2651515151515151,0.0004077476222500451,2.5387893327024526e-05,0.04784790172541353,0.15710789013905765,0.08638495617342559,0.012321287490696388,0
20,4,12,2.220446049250313e-16,0.004573637799376917,0.5186274509803922,0.6067226890756303,0.0004077476222500451,2.5387893327024526e-05,0.04784790172541353,0.15710789013905765,0.08638495617342559,0.012321287490696388,0
20,4,6,4.440892098500626e-16,6.581000181893337e-05,0.3444444444444444,0.4444444444444445,0.0005374870059625277,1.931893946977386e-05,0.04073153290187538,0.10054024861434807,0.10693273286425044,0.012991191024865078,1
20,4,12,4.440892098500626e-16,0.0028872273722128083,0.6243589743589744,0.4932306255835668,0.0005374870059625277,1.931893946977386e-05,0.04073153290187538,0.10054024861434807,0.10693273286425044,0.012991191024865078,1
20,4,6,2.220446049250313e-16,0.0007784084592008522,0.42460317460317465,0.23585858585858585,0.0004149718595997943,2.1215004116985706e-05,0.045414156604939894,0.1430970946025237,0.09447145296512181,0.012071461698433206,1
20,4,12,2.220446049250313e-16,0.0008405123298906858,0.6214285714285716,0.5229691876750701,0.0004149718595997943,2.1215004116985706e-05,0.045414156604939894,0.1430970946025237,0.09447145296512181,0.012071461698433206,1
20,4,6,0.0,0.0002847752469119502,0.29935064935064937,0.27626262626262627,0.0005118829110130056,2.4238415917064936e-05,0.03551646072193969,0.10249100548501552,0.11647732245771501,0.014293638941549244,1
20,4,12,0.0,0.0020613498948514053,0.49355742296918764,0.461437908496732,0.0005118829110130056,2.4238415917064936e-05,0.03551646072193969,0.10249100548501552,0.11647732245771501,0.014293638941549244,1
20,4,6,0.0,0.0022422544910709608,0.36666666666666664,0.2722222222222222,0.0004463600236791323,1.795272320362866e-05,0.03826867348838314,0.09116275984538044,0.10530505245411227,0.013369213061707236,1
20,4,12,0.0,0.002287476344716044,0.6214285714285716,0.45155195681511473,0.0004463600236791323,1.795272320362866e-05,0.03826867348838314,0.09116275984538044,0.10530505245411227,0.013369213061707236,1
20,4,6,2.220446049250313e-16,0.0016946086424869389,0.39444444444444443,0.30808080808080807,0.00037823022983531345,2.1168249128475314e-05,0.031919414729464184,0.1027766318207625,0.10152367130946766,0.01312021304708527,1
20,4,12,2.220446049250313e-16,0.0011156735650090788,0.55,0.542016806722689,0.00037823022983531345,2.1168249128475314e-05,0.031919414729464184,0.1027766318207625,0.10152367130946766,0.01312021304708527,1
20,4,6,0.0,0.0033939851471509463,0.29848484848484846,0.24935064935064935,0.00045408717296340867,1.6898977402159767e-05,0.052638963417815134,0.13566825910526473,0.09030795476321969,0.010835580552981762,1
20,4,12,0.0,0.0012068324850695866,0.5229691876750701,0.44313725490196076,0.00045408717296340867,1.6898977402159767e-05,0.052638963417815134,0.13566825910526473,0.09030795476321969,0.010835580552981762,1
20,4,6,0.0,0.0027188714843960904,0.28888888888888886,0.3080808080808081,0.0004926697503751944,1.950036027015287e-05,0.04649635942881246,0.12314492125991047,0.09901397412961499,0.01204412683857642,1
20,4,12,0.0,0.003417154395570443,0.5900560224089636,0.503921568627451,0.0004926697503751944,1.950036027015287e-05,0.04649635942881246,0.12314492125991047,0.09901397412961499,0.01204412683857642,1
20,4,6,0.0,0.00040904701767074947,0.26666666666666666,0.5555555555555555,0.0008080919312471764,1.7788548440644156e-05,0.06846866198805346,0.1763832492181807,0.09999690742919112,0.009236499671931174,1
20,4,12,0.0,0.0017237161362633202,0.45375694137304046,0.7333333333333334,0.0008080919312471764,1.7788548440644156e-05,0.06846866198805346,0.1763832492181807,0.09999690742919112,0.009236499671931174,1
20,4,6,0.0,0.0012063451278978565,0.304040404040404,0.3493506493506493,0.00043415184108638047,1.4435400455751663e-05,0.07405381746244714,0.10530464871863165,0.07361924766799857,0.011458175781678698,2
20,4,12,0.0,0.0015480865173478353,0.4872549019607843,0.5352941176470588,0.00043415184108638047,1.4435400455751663e-05,0.07405381746244714,0.10530464871863165,0.07361924766799857,0.011458175781678698,2
20,4,6,0.0,0.000843440421536279,0.25404040404040407,0.5793650793650794,0.00035692773656762356,2.0565699351091527e-05,0.036197688613305856,0.10351075533907715,0.09683176693842434,0.013264068502882092,2
20,4,12,0.0,0.0001760602212619311,0.4908496732026144,0.5596530920060332,0.00035692773656762356,2.0565699351091527e-05,0.036197688613305856,0.10351075533907715,0.09683176693842434,0.013264068502882092,2
20,4,6,1.1102230246251565e-16,0.00325234113438011,0.2429292929292929,0.4801587301587302,0.0004696577615111041,1.4777391995695275e-05,0.089190630867364,0.14111098352354512,0.07062646791775848,0.00973411334851512,2
20,4,12,1.1102230246251565e-16,0.003527074216567616,0.5265639589169001,0.5543417366946779,0.0004696577615111041,1.4777391995695275e-05,0.089190630867364,0.14111098352354512,0.07062646791775848,0.00973411334851512,2
20,4,6,0.0,0.0017228617600442142,0.20808080808080806,0.29848484848484846,0.0004339360270583177,1.7834709722639273e-05,0.0691434475541896,0.14123198242488158,0.07627604278396105,0.01024954655148579,2
20,4,12,0.0,0.0016446441239501564,0.45751633986928103,0.4888888888888889,0.0004339360270583177,1.7834709722639273e-05,0.0691434475541896,0.14123198242488158,0.07627604278396105,0.01024954655148579,2
20,4,6,1.1102230246251565e-16,0.0009980723577229789,0.23737373737373735,0.3523809523809524,0.0009170282925076516,1.4790730485830827e-05,0.04705747914968971,0.07242698924510821,0.13541555680923914,0.01276336194708578,2
20,4,12,1.1102230246251565e-16,0.0011731577911595625,0.4383040935672515,0.5171694318753143,0.0009170282925076516,1.4790730485830827e-05,0.04705747914968971,0.07242698924510821,0.13541555680923914,0.01276336194708578,2
20,4,6,2.220446049250313e-16,0.000803449987033078,0.2722222222222222,0.5436507936507937,0.00042062955254148907,1.704509124671759e-05,0.09444719003754763,0.1829314063068289,0.0657748102201271,0.00917345686955471,2
20,4,12,2.220446049250313e-16,0.00037590276891030783,0.47418300653594775,0.5690476190476191,0.00042062955254148907,1.704509124671759e-05,0.09444719003754763,0.1829314063068289,0.0657748102201271,0.00917345686955471,2
20,4,6,2.220446049250313e-16,0.0005956040714016897,0.35793650793650794,0.5158730158730159,0.0007318402360499113,1.560417299761004e-05,0.04650529530562563,0.07866438205839062,0.12151080341563104,0.013196986881141683,2
20,4,12,2.220446049250313e-16,0.0015212672824568285,0.5352941176470588,0.542016806722689,0.0007318402360499113,1.560417299761004e-05,0.04650529530562563,0.07866438205839062,0.12151080341563104,0.013196986881141683,2
20,4,6,0.0,0.0008493037750674226,0.27864357864357864,0.4158730158730159,0.0007389108023981686,1.9266865674086588e-05,0.034485930174422114,0.07180666357874563,0.13783461860427604,0.014779224004212018,2
20,4,12,0.0,0.002607553622605341,0.4872549019607843,0.5565610859728506,0.0007389108023981686,1.9266865674086588e-05,0.034485930174422114,0.07180666357874563,0.13783461860427604,0.014779224004212018,2
20,4,6,2.220446049250313e-16,0.0011002704997438162,0.38975468975468974,0.3666666666666667,0.0010841562734696527,2.1461188521854564e-05,0.15040489882126104,0.45685683691354645,0.08110674937446989,0.006783404485841508,3
20,4,12,2.220446049250313e-16,0.0015412823859650704,0.5210084033613446,0.503921568627451,0.0010841562734696527,2.1461188521854564e-05,0.15040489882126104,0.45685683691354645,0.08110674937446989,0.006783404485841508,3
20,4,6,0.0,0.005786985880302797,0.21515151515151512,0.5158730158730159,0.0008270722805336957,2.9260818205221614e-05,0.016231749152689212,0.037068900372834356,0.19811486559589261,0.024160130231410018,3
20,4,12,0.0,0.0015769762516808505,0.4594771241830065,0.638095238095238,0.0008270722805336957,2.9260818205221614e-05,0.016231749152689212,0.037068900372834356,0.19811486559589261,0.024160130231410018,3
20,4,6,1.1102230246251565e-16,0.002970974478164412,0.32222222222222224,0.3222222222222222,0.00066382034638881,3.8751119730025796e-05,0.025804507672739792,0.07279826260711113,0.14990718450647347,0.02000836389133787,3
20,4,12,1.1102230246251565e-16,0.0012302656072551432,0.40947712418300647,0.4951914098972922,0.00066382034638881,3.8751119730025796e-05,0.025804507672739792,0.07279826260711113,0.14990718450647347,0.02000836389133787,3
20,4,6,0.0,0.0030077961829786393,0.2944444444444444,0.34696969696969693,0.0008675142745245884,3.1497726889458266e-05,0.047088134427046166,0.13800743525882747,0.12905647789092184,0.014292073936592117,3
20,4,12,0.0,0.002019013125662328,0.6047619047619048,0.6166666666666667,0.0008675142745245884,3.1497726889458266e-05,0.047088134427046166,0.13800743525882747,0.12905647789092184,0.014292073936592117,3
20,4,6,2.220446049250313e-16,0.0019632394931596853,0.1636363636363636,0.4246031746031746,0.0009779146197774942,3.3182937706634165e-05,0.0663101054721188,0.22996838362309166,0.11630520030878201,0.01133209923605684,3
20,4,12,2.220446049250313e-16,0.002150888512548965,0.4169934640522876,0.47254901960784307,0.0009779146197774942,3.3182937706634165e-05,0.0663101054721188,0.22996838362309166,0.11630520030878201,0.01133209923605684,3
20,4,6,0.0,0.00046237993906372843,0.254040404040404,0.4666666666666666,0.0007548876050563722,2.7335782096589028e-05,0.5192407196532313,0.5913301867177284,0.03686743824352072,0.006446292468858766,3
20,4,12,0.0,0.0012036598547504607,0.4611111111111111,0.6666666666666666,0.0007548876050563722,2.7335782096589028e-05,0.5192407196532313,0.5913301867177284,0.03686743824352072,0.006446292468858766,3
20,4,6,1.1102230246251565e-16,0.0012452355875225418,0.3166666666666666,0.4523809523809524,0.0007506473618400719,3.4986848061118665e-05,0.03260172991798278,0.13976762541447152,0.13485124421288447,0.015323081291279293,3
20,4,12,1.1102230246251565e-16,1.937381386463155e-05,0.48211951447245566,0.5857142857142857,0.0007506473618400719,3.4986848061118665e-05,0.03260172991798278,0.13976762541447152,0.13485124421288447,0.015323081291279293,3
20,4,6,0.0,2.029176942586197e-06,0.3166666666666666,0.3,0.0005660608026098384,3.076472261953015e-05,0.016080512430208534,0.05533386524111108,0.17912720863339335,0.021847347765659438,3
20,4,12,0.0,0.0014454763506757118,0.4594771241830065,0.5616138763197587,0.0005660608026098384,3.076472261953015e-05,0.016080512430208534,0.05533386524111108,0.17912720863339335,0.021847347765659438,3
20,4,6,0.0,0.0011856587786278627,0.26666666666666666,0.40238095238095234,0.000567958651729608,2.918790248146294e-05,0.11771200640073637,0.26832191561739005,0.06573618275222745,0.009790672952823565,4
20,4,12,0.0,0.0011559950386488271,0.461437908496732,0.5352941176470588,0.000567958651729608,2.918790248146294e-05,0.11771200640073637,0.26832191561739005,0.06573618275222745,0.009790672952823565,4
20,4,6,0.0,0.001358638602435347,0.407936507936508,0.4444444444444444,0.0003735830543099912,2.573069399078972e-05,0.041724090945026535,0.12061437418363066,0.08863287221412838,0.013197353465986106,4
20,4,12,0.0,0.0005215876034210254,0.6047619047619047,0.503921568627451,0.0003735830543099912,2.573069399078972e-05,0.041724090945026535,0.12061437418363066,0.08863287221412838,0.013197353465986106,4
20,4,6,0.0,0.0002410264833345721,0.407936507936508,1.0,0.0010157924794203326,2.0968227855764865e-05,0.04915222886392011,0.1256357883005543,0.13963616165518325,0.011897028847246676,4
20,4,12,0.0,0.0004510976653786525,0.44477124183006533,1.0,0.0010157924794203326,2.0968227855764865e-05,0.04915222886392011,0.1256357883005543,0.13963616165518325,0.011897028847246676,4
20,4,6,2.220446049250313e-16,0.00032815860849155776,0.48809523809523814,0.4444444444444444,0.0005563741655543197,2.1267094205616982e-05,0.03301298221597599,0.07086640928758639,0.11993187491700968,0.015539159395882417,4
20,4,12,2.220446049250313e-16,0.0010606584618173542,0.5900560224089636,0.544947209653092,0.0005563741655543197,2.1267094205616982e-05,0.03301298221597599,0.07086640928758639,0.11993187491700968,0.015539159395882417,4
20,4,6,0.0,0.00024381788678518035,0.3444444444444444,0.407936507936508,0.00029776393218860814,1.7453198351777688e-05,0.060699723845609434,0.13547311494589917,0.06853139085562018,0.01089174464900573,4
20,4,12,0.0,0.0017223336848481985,0.5857142857142857,0.44477124183006533,0.00029776393218860814,1.7453198351777688e-05,0.060699723845609434,0.13547311494589917,0.06853139085562018,0.01089174464900573,4
20,4,6,0.0,0.0007067547378754035,0.3826839826839827,0.5357142857142857,0.00041348165094196016,2.629140104995989e-05,0.05030004331080411,0.10729172163379523,0.08275056460227194,0.014632781609552618,4
20,4,12,0.0,0.001350732617792616,0.5543417366946779,0.5900560224089636,0.00041348165094196016,2.629140104995989e-05,0.05030004331080411,0.10729172163379523,0.08275056460227194,0.014632781609552618,4
20,4,6,2.220446049250313e-16,0.0007864711779221878,0.4523809523809524,0.28888888888888886,0.00043352696286283693,3.3748865025178904e-05,0.10942720414207814,0.2983680985085473,0.061206846030569376,0.01042813610611174,4
20,4,12,2.220446049250313e-16,0.0005627168167408048,0.5019607843137255,0.5186274509803922,0.00043352696286283693,3.3748865025178904e-05,0.10942720414207814,0.2983680985085473,0.061206846030569376,0.01042813610611174,4
20,4,6,1.1102230246251565e-16,0.000308211781671619,0.4801587301587302,0.3888888888888889,0.0003387297994891283,4.049195209480487e-05,0.08727850901543838,0.279920636873294,0.0606124382260083,0.011605121597641035,4
20,4,12,1.1102230246251565e-16,0.0006461575028169353,0.5666666666666668,0.6096530920060331,0.0003387297994891283,4.049195209480487e-05,0.08727850901543838,0.279920636873294,0.0606124382260083,0.011605121597641035,4
20,4,6,0.0,0.00022032206246747066,0.5079365079365079,0.27626262626262627,0.000698804195815009,4.927828008310042e-05,0.020720072929443858,0.10555558692347408,0.16100259498103955,0.017204444339701884,5
20,4,12,0.0,0.0005199157071524851,0.4908496732026144,0.4396800825593395,0.000698804195815009,4.927828008310042e-05,0.020720072929443858,0.10555558692347408,0.16100259498103955,0.017204444339701884,5
20,4,6,4.440892098500626e-16,0.00048583426702508703,0.254040404040404,0.35793650793650794,0.0009708659692122744,3.5138205919891844e-05,0.06999802317454559,0.2389806389808316,0.11416526126073483,0.011738411255711309,5
20,4,12,4.440892098500626e-16,0.0011969451085607208,0.5857142857142857,0.5710084033613446,0.0009708659692122744,3.5138205919891844e-05,0.06999802317454559,0.2389806389808316,0.11416526126073483,0.011738411255711309,5
20,4,6,0.0,0.0011933200346226913,0.5714285714285715,0.37777777777777777,0.001150411003961021,2.522763160086884e-05,0.04820242812322102,0.1185888297133633,0.12593181888767183,0.013332034046510677,5
20,4,12,0.0,0.00043761170271472416,0.5876750700280112,0.5411764705882353,0.001150411003961021,2.522763160086884e-05,0.04820242812322102,0.1185888297133633,0.12593181888767183,0.013332034046510677,5
20,4,6,1.1102230246251565e-16,0.0012200763137244497,0.36753246753246754,0.6428571428571429,0.0009057472205290229,2.846701432623692e-05,0.04477798914421449,0.1340587629948121,0.12317405601194337,0.013158964496109031,5
20,4,12,1.1102230246251565e-16,0.0016584050260995964,0.5523809523809524,0.6666666666666666,0.0009057472205290229,2.846701432623692e-05,0.04477798914421449,0.1340587629948121,0.12317405601194337,0.013158964496109031,5
20,4,6,0.0,0.000989598191392771,0.37222222222222223,0.20404040404040402,0.0004630257216219732,4.241061342208368e-05,0.10520466114354003,0.29294829189980115,0.061688801184288426,0.01136100409080029,5
20,4,12,0.0,8.656647317284438e-05,0.592436974789916,0.4872549019607843,0.0004630257216219732,4.241061342208368e-05,0.10520466114354003,0.29294829189980115,0.061688801184288426,0.01136100409080029,5
20,4,6,0.0,0.0014539740937515866,0.33015873015873015,0.40238095238095234,0.0004488791881700882,9.213069655526337e-05,0.06706596006818485,0.6183957932337697,0.07603461217096963,0.011687522059676552,5
20,4,12,0.0,0.0010999504621194145,0.4594771241830065,0.48211951447245566,0.0004488791881700882,9.213069655526337e-05,0.06706596006818485,0.6183957932337697,0.07603461217096963,0.011687522059676552,5
20,4,6,0.0,0.00332351101814643,0.27626262626262627,0.393939393939394,0.0010342107179849025,3.0885271375597795e-05,0.14509232215685983,0.2719929275822036,0.08150677996712449,0.009992006852812733,5
20,4,12,0.0,0.002981584613253485,0.5205882352941177,0.4603174603174603,0.0010342107179849025,3.0885271375597795e-05,0.14509232215685983,0.2719929275822036,0.08150677996712449,0.009992006852812733,5
20,4,6,2.220446049250313e-16,0.00012200724829325438,0.22626262626262625,0.19783549783549784,0.0005479825445770584,3.0657454358563504e-05,0.1205443189038502,0.23341612895242467,0.06388773508394462,0.010800962307406731,5
20,4,12,2.220446049250313e-16,0.0008549510046493847,0.5523809523809524,0.4390510590200993,0.0005479825445770584,3.0657454358563504e-05,0.1205443189038502,0.23341612895242467,0.06388773508394462,0.010800962307406731,5
20,4,6,0.0,0.001319199067451926,0.40238095238095245,0.26666666666666666,0.0006689141845598219,5.046647796510023e-05,0.05361227400190446,0.20861082239795822,0.10579827591617379,0.014579595776947325,6
20,4,12,0.0,0.001293608689478365,0.6023809523809525,0.4374170720919947,0.0006689141845598219,5.046647796510023e-05,0.05361227400190446,0.20861082239795822,0.10579827591617379,0.014579595776947325,6
20,4,6,0.0,0.00040968261954921203,0.4357142857142857,0.39999999999999997,0.0007878180783182475,2.807558026958016e-05,0.15821770655482922,0.26391046001244944,0.06884121943912262,0.00990652862580671,6
20,4,12,0.0,0.0008275014324237162,0.6047619047619048,0.5675895999425412,0.0007878180783182475,2.807558026958016e-05,0.15821770655482922,0.26391046001244944,0.06884121943912262,0.00990652862580671,6
20,4,6,1.1102230246251565e-16,0.003463053685154316,0.5992063492063492,0.407936507936508,0.0007832639153772205,4.2253592462534446e-05,0.18617903632586663,0.4063005488140597,0.06411922156281116,0.009884036664784216,6
20,4,12,1.1102230246251565e-16,0.001108315546687999,0.6214285714285714,0.5763197586726999,0.0007832639153772205,4.2253592462534446e-05,0.18617903632586663,0.4063005488140597,0.06411922156281116,0.009884036664784216,6
20,4,6,4.440892098500626e-16,0.0018685342712329023,0.4444444444444444,0.31197691197691196,0.001203584389480164,2.6676943847354494e-05,0.0910816695776856,0.14472760074140056,0.1134207292206655,0.013074747208765575,6
20,4,12,4.440892098500626e-16,0.0021076274170339637,0.6023809523809525,0.5586834733893558,0.001203584389480164,2.6676943847354494e-05,0.0910816695776856,0.14472760074140056,0.1134207292206655,0.013074747208765575,6
20,4,6,1.1102230246251565e-16,0.0007241624201650421,0.38015873015873014,0.31197691197691196,0.0007800015787826419,2.146222402209687e-05,0.06183613985897848,0.09512950672547306,0.10953695884165433,0.014227080628272467,6
20,4,12,1.1102230246251565e-16,0.0007081292333078748,0.55,0.40196078431372545,0.0007800015787826419,2.146222402209687e-05,0.06183613985897848,0.09512950672547306,0.10953695884165433,0.014227080628272467,6
20,4,6,1.1102230246251565e-16,0.0018805997222497428,0.4436507936507937,0.31666666666666665,0.001020135141974665,5.385813528225981e-05,0.08386279882118561,0.21446157138810965,0.10910311111529851,0.014496782332041243,6
20,4,12,1.1102230246251565e-16,0.0013743947820268332,0.5205882352941177,0.5900560224089636,0.001020135141974665,5.385813528225981e-05,0.08386279882118561,0.21446157138810965,0.10910311111529851,0.014496782332041243,6
20,4,6,0.0,0.0037414327099087874,0.4523809523809524,0.29292929292929293,0.001122622636295153,3.207881476975598e-05,0.06536625359356577,0.14548780624558957,0.12027187154527824,0.013678302003665281,6
20,4,12,0.0,0.000969671103591363,0.5857142857142857,0.5040975364504776,0.001122622636295153,3.207881476975598e-05,0.06536625359356577,0.14548780624558957,0.12027187154527824,0.013678302003665281,6
20,4,6,0.0,0.000871806334272307,0.6071428571428572,0.3318181818181818,0.001062152592287067,3.4627552110544666e-05,0.10518134930524518,0.24823083902288318,0.09692167377833699,0.011385993848374706,6
20,4,12,0.0,0.0005012251778402366,0.6404761904761905,0.415032679738562,0.001062152592287067,3.4627552110544666e-05,0.10518134930524518,0.24823083902288318,0.09692167377833699,0.011385993848374706,6
20,4,6,0.0,0.0005573765658857255,0.30793650793650795,1.0,0.0006453629514724174,1.368754468835306e-05,0.0614902604288074,0.11898969659123278,0.09829897240518427,0.009915866843166136,7
20,4,12,0.0,0.0006767587176037537,0.5019607843137255,1.0,0.0006453629514724174,1.368754468835306e-05,0.0614902604288074,0.11898969659123278,0.09829897240518427,0.009915866843166136,7
20,4,6,1.1102230246251565e-16,0.0040614345346009495,0.3801587301587302,0.4777777777777778,0.0005135904634900553,3.120716787059517e-05,0.03653270074176162,0.19387434924784888,0.11567233859832148,0.01226768282163123,7
20,4,12,1.1102230246251565e-16,0.0014603503553676234,0.47222222222222215,0.5265639589169001,0.0005135904634900553,3.120716787059517e-05,0.03653270074176162,0.19387434924784888,0.11567233859832148,0.01226768282163123,7
20,4,6,1.1102230246251565e-16,0.0002810587736827852,0.36666666666666664,0.407936507936508,0.00033745922440720465,2.5805210123735575e-05,0.09778400074008702,0.24490519462570162,0.056376924758290876,0.009923908624386819,7
20,4,12,1.1102230246251565e-16,0.0004634649342623032,0.41339869281045744,0.55,0.00033745922440720465,2.5805210123735575e-05,0.09778400074008702,0.24490519462570162,0.056376924758290876,0.009923908624386819,7
20,4,6,2.220446049250313e-16,0.0013039095322353589,0.4301587301587302,0.3523809523809524,0.0004880258766508299,1.7233123337917566e-05,0.08460257854499426,0.18116233581875055,0.07378471622744069,0.00952329655119943,7
20,4,12,2.220446049250313e-16,0.0009846088171074907,0.5166666666666667,0.5857142857142857,0.0004880258766508299,1.7233123337917566e-05,0.08460257854499426,0.18116233581875055,0.07378471622744069,0.00952329655119943,7
20,4,6,0.0,0.0019532943161304495,0.5079365079365079,0.23181818181818178,0.0002754621842852687,1.6667528294546074e-05,0.04109478205422549,0.1322922378353884,0.07811804094146639,0.01065790009434356,7
20,4,12,0.0,0.00012811914346200215,0.5543417366946778,0.5333333333333333,0.0002754621842852687,1.6667528294546074e-05,0.04109478205422549,0.1322922378353884,0.07811804094146639,0.01065790009434356,7
20,4,6,0.0,0.002620350042023434,0.48809523809523814,0.37222222222222223,0.0002410048746669154,2.083935597365435e-05,0.06078909637468207,0.1940929458335387,0.061937733522620074,0.01011226661781679,7
20,4,12,0.0,0.000500444164855729,0.5063025210084033,0.5082633053221288,0.0002410048746669154,2.083935597365435e-05,0.06078909637468207,0.1940929458335387,0.061937733522620074,0.01011226661781679,7
20,4,6,2.220446049250313e-16,0.001294446659667825,0.33419913419913416,0.33419913419913416,0.00038208481667333143,1.0347571188818963e-05,0.09500272719885625,0.19290074094386653,0.062199811444112754,0.007122896964176318,7
20,4,12,2.220446049250313e-16,0.0002551963698826931,0.4580191050779286,0.5872549019607843,0.00038208481667333143,1.0347571188818963e-05,0.09500272719885625,0.19290074094386653,0.062199811444112754,0.007122896964176318,7
20,4,6,2.220446049250313e-16,0.003094233226321519,0.2858585858585858,0.3444444444444444,0.00029051154647917894,2.313233988172605e-05,0.08055497913537396,0.26161623921095956,0.05856078484763831,0.009144522134698768,7
20,4,12,2.220446049250313e-16,0.0026617789325040775,0.47418300653594775,0.6291208791208792,0.00029051154647917894,2.313233988172605e-05,0.08055497913537396,0.26161623921095956,0.05856078484763831,0.009144522134698768,7
20,4,6,1.1102230246251565e-16,0.000639722035390422,0.3666666666666667,0.31666666666666665,0.0004611532197619792,1.3638084011624952e-05,0.07499579362992764,0.1474664531697117,0.0763563821793283,0.009062550636093836,8
20,4,12,1.1102230246251565e-16,0.0022245248274763707,0.4611111111111112,0.44477124183006533,0.0004611532197619792,1.3638084011624952e-05,0.07499579362992764,0.1474664531697117,0.0763563821793283,0.009062550636093836,8
20,4,6,2.220446049250313e-16,0.00026847214089942284,0.31197691197691196,0.5158730158730158,0.0007298777753736598,1.28941526248581e-05,0.06553994563439691,0.10643450910369823,0.10282798692687924,0.010220517683160662,8
20,4,12,2.220446049250313e-16,0.00046523249913965614,0.6238095238095239,0.5603174603174603,0.0007298777753736598,1.28941526248581e-05,0.06553994563439691,0.10643450910369823,0.10282798692687924,0.010220517683160662,8
20,4,6,0.0,0.0009406728215572979,0.4801587301587302,0.38015873015873014,0.0006918589061175447,1.899288154109387e-05,0.07533651632107764,0.13974849396868655,0.09336138134657451,0.011357911646435674,8
20,4,12,0.0,0.0005735487200966283,0.6214285714285716,0.5152086475615888,0.0006918589061175447,1.899288154109387e-05,0.07533651632107764,0.13974849396868655,0.09336138134657451,0.011357911646435674,8
20,4,6,0.0,0.00041312856189545943,0.31666666666666665,0.26753246753246757,0.0005218300528544814,1.506479321154082e-05,0.023607745063461964,0.05743336588216521,0.14483170703428033,0.015329366043821032,8
20,4,12,0.0,0.0006571206190297829,0.44477124183006533,0.49084967320261436,0.0005218300528544814,1.506479321154082e-05,0.023607745063461964,0.05743336588216521,0.14483170703428033,0.015329366043821032,8
20,4,6,1.1102230246251565e-16,0.0003341140110189045,0.5079365079365079,0.2484848484848485,0.00041033903284816425,2.429387762699922e-05,0.06911567177902134,0.18776940909821482,0.07527900435604776,0.010992753139588007,8
20,4,12,1.1102230246251565e-16,0.000736279702604925,0.55,0.47418300653594775,0.00041033903284816425,2.429387762699922e-05,0.06911567177902134,0.18776940909821482,0.07527900435604776,0.010992753139588007,8
20,4,6,0.0,0.00033128232597756657,0.4166666666666667,0.5158730158730159,0.0008282078091100917,1.9649958524976196e-05,0.05344958790992314,0.14056509457724217,0.12080206459892776,0.011276808157618806,8
20,4,12,0.0,0.003981038900704892,0.5787007110536523,0.7333333333333334,0.0008282078091100917,1.9649958524976196e-05,0.05344958790992314,0.14056509457724217,0.12080206459892776,0.011276808157618806,8
20,4,6,0.0,4.810253461506875e-05,0.3746031746031746,0.31111111111111106,0.0004509270301688052,2.1507707189390096e-05,0.039782979199992116,0.11059515434848058,0.10304527225029607,0.013542567679028523,8
20,4,12,0.0,0.0018584116207474022,0.573389355742297,0.4390510590200993,0.0004509270301688052,2.1507707189390096e-05,0.039782979199992116,0.11059515434848058,0.10304527225029607,0.013542567679028523,8
20,4,6,0.0,0.0012949270807680602,0.4579365079365079,0.31197691197691196,0.0006480350107005127,1.6513149268523387e-05,0.06821535302231986,0.12522981710494532,0.09245439709272474,0.011108210871164143,8
20,4,12,0.0,0.001486065984543039,0.5543417366946779,0.6013431013431013,0.0006480350107005127,1.6513149268523387e-05,0.06821535302231986,0.12522981710494532,0.09245439709272474,0.011108210871164143,8
20,4,6,2.220446049250313e-16,0.0013941147922322816,0.27626262626262627,0.32070707070707066,0.0009641098627908105,2.9491371984212963e-05,0.019016611721874587,0.05898037645934226,0.21493399383556086,0.01981301743570995,9
20,4,12,2.220446049250313e-16,0.0011882106546039495,0.42301341589267283,0.47418300653594764,0.0009641098627908105,2.9491371984212963e-05,0.019016611721874587,0.05898037645934226,0.21493399383556086,0.01981301743570995,9
20,4,6,0.0,0.0004948250195866422,0.27626262626262627,0.5555555555555555,0.0010957545791552227,2.178211581714118e-05,0.04671230556562456,0.1271933605301595,0.1487026773312988,0.012634805948045759,9
20,4,12,0.0,0.0013969763589256612,0.47418300653594775,0.542016806722689,0.0010957545791552227,2.178211581714118e-05,0.04671230556562456,0.1271933605301595,0.1487026773312988,0.012634805948045759,9
20,4,6,2.220446049250313e-16,0.0016330498489740553,0.21363636363636362,0.31666666666666665,0.0005705748947461544,3.405720006561614e-05,0.02463897759350644,0.0624938936071096,0.13898645142941943,0.02005421579004576,9
20,4,12,2.220446049250313e-16,0.001785817533052958,0.44477124183006533,0.4811145510835913,0.0005705748947461544,3.405720006561614e-05,0.02463897759350644,0.0624938936071096,0.13898645142941943,0.02005421579004576,9
20,4,6,2.220446049250313e-16,0.0006800457080018418,0.23585858585858588,1.0,0.0007065422478717586,1.5507634720378255e-05,0.027238405888042296,0.06234105839247695,0.15127110190464438,0.014797580934869884,9
20,4,12,2.220446049250313e-16,0.0011619560314906074,0.45965309200603316,1.0,0.0007065422478717586,1.5507634720378255e-05,0.027238405888042296,0.06234105839247695,0.15127110190464438,0.014797580934869884,9
20,4,6,1.1102230246251565e-16,0.00018093321032530696,0.2937950937950938,1.0,0.0005106050365331181,1.673707160409976e-05,0.019186710462245807,0.06810759263380682,0.15815942728795238,0.015197824184196896,9
20,4,12,1.1102230246251565e-16,0.0012545525240346134,0.46248710010319916,1.0,0.0005106050365331181,1.673707160409976e-05,0.019186710462245807,0.06810759263380682,0.15815942728795238,0.015197824184196896,9
20,4,6,1.1102230246251565e-16,0.00333138206336403,0.3222222222222222,0.35555555555555557,0.000557927418063385,2.9081798909165014e-05,0.022987867410960674,0.08099389200036032,0.1419534392208108,0.017052802087210148,9
20,4,12,1.1102230246251565e-16,0.002136996247857459,0.47418300653594775,0.6333333333333333,0.000557927418063385,2.9081798909165014e-05,0.022987867410960674,0.08099389200036032,0.1419534392208108,0.017052802087210148,9
20,4,6,0.0,0.00309963699891469,0.23823953823953822,1.0,0.0008199564431239525,3.0238013691057644e-05,0.02305887546329075,0.10032636586676857,0.1768534388037671,0.01546843094382728,9
20,4,12,0.0,0.002374513123083455,0.4908496732026144,1.0,0.0008199564431239525,3.0238013691057644e-05,0.02305887546329075,0.10032636586676857,0.1768534388037671,0.01546843094382728,9
20,4,6,1.1102230246251565e-16,0.00025984991838701177,0.24848484848484845,0.27626262626262627,0.0003014562780574338,2.8668685517930853e-05,0.04145206470535817,0.14288930642112982,0.08201909669999143,0.013393606525121617,9
20,4,12,1.1102230246251565e-16,0.00043942350171322087,0.46307189542483657,0.43307533539731674,0.0003014562780574338,2.8668685517930853e-05,0.04145206470535817,0.14288930642112982,0.08201909669999143,0.013393606525121617,9
20,4,6,2.220446049250313e-16,0.00030931198269490423,0.3523809523809524,0.3175324675324675,0.0006757457517650063,1.8651999630103203e-05,0.0467434844681949,0.11246560136805285,0.11480178030004026,0.012004147329179166,10
20,4,12,2.220446049250313e-16,0.00496681398125598,0.6571428571428571,0.4857968828557064,0.0006757457517650063,1.8651999630103203e-05,0.0467434844681949,0.11246560136805285,0.11480178030004026,0.012004147329179166,10
20,4,6,0.0,0.0005426712540061995,0.4301587301587302,0.40238095238095245,0.0010730556511666315,3.303709426094972e-05,0.04105715814811983,0.07801591294664423,0.15351727634643905,0.018951700401452352,10
20,4,12,0.0,0.000813305146770249,0.4872549019607843,0.47254901960784307,0.0010730556511666315,3.303709426094972e-05,0.04105715814811983,0.07801591294664423,0.15351727634643905,0.018951700401452352,10
20,4,6,0.0,0.004906294883353146,0.3944444444444444,0.4357142857142857,0.0008305403536140496,2.099500217192013e-05,0.030815429446101477,0.0710890277645666,0.15953616264106643,0.016594640676261995,10
20,4,12,0.0,1.9652007212878075e-05,0.5690476190476191,0.5376750700280112,0.0008305403536140496,2.099500217192013e-05,0.030815429446101477,0.0710890277645666,0.15953616264106643,0.016594640676261995,10
20,4,6,0.0,0.0016331624379366527,0.5079365079365079,0.3333333333333333,0.0008668049505806136,1.8296129441841623e-05,0.0340959847160098,0.0796153256254843,0.1528256203330231,0.014234548471414804,10
20,4,12,0.0,0.0008701340850785222,0.5690476190476191,0.48579688285570644,0.0008668049505806136,1.8296129441841623e-05,0.0340959847160098,0.0796153256254843,0.1528256203330231,0.014234548471414804,10
20,4,6,0.0,0.0012070958233685314,0.34848484848484845,0.5714285714285715,0.0005537956982239612,2.612083692100385e-05,0.031202233799430327,0.11084565300051598,0.13007132410685052,0.014736223741209408,10
20,4,12,0.0,0.00031938881537030284,0.5833333333333334,0.6023809523809524,0.0005537956982239612,2.612083692100385e-05,0.031202233799430327,0.11084565300051598,0.13007132410685052,0.014736223741209408,10
20,4,6,1.1102230246251565e-16,0.0003003331029582945,0.33888888888888885,0.2937950937950938,0.0007516975731283191,1.4345620667252911e-05,0.1264242663273387,0.17614456148757196,0.07404510550836428,0.008726887343505916,10
20,4,12,1.1102230246251565e-16,0.0005001749298021441,0.5857142857142857,0.5690476190476191,0.0007516975731283191,1.4345620667252911e-05,0.1264242663273387,0.17614456148757196,0.07404510550836428,0.008726887343505916,10
20,4,6,0.0,0.0004701584489117394,0.4158730158730159,1.0,0.0009307853697663393,1.8743609054910126e-05,0.06080233927141263,0.12345005379285758,0.11847720374930798,0.011638181320907298,10
20,4,12,0.0,0.0017580686323130923,0.5357142857142857,1.0,0.0009307853697663393,1.8743609054910126e-05,0.06080233927141263,0.12345005379285758,0.11847720374930798,0.011638181320907298,10
20,4,6,2.220446049250313e-16,0.00037662899361534663,0.33015873015873015,0.4666666666666666,0.0007900039296250316,1.4534258733800544e-05,0.07940532399638915,0.1487465650641208,0.0981889981754621,0.009538171759489336,10
20,4,12,2.220446049250313e-16,0.0005595347587648014,0.4872549019607843,0.6078431372549019,0.0007900039296250316,1.4534258733800544e-05,0.07940532399638915,0.1487465650641208,0.0981889981754621,0.009538171759489336,10
20,4,6,2.220446049250313e-16,0.0012275698473092067,0.254040404040404,0.23737373737373738,0.0007325653654823905,2.90252921175699e-05,0.06641785467368967,0.1757829535539937,0.10159487779747743,0.012203841936444923,11
20,4,12,2.220446049250313e-16,0.0006636907379390378,0.41190230478156176,0.5021367521367521,0.0007325653654823905,2.90252921175699e-05,0.06641785467368967,0.1757829535539937,0.10159487779747743,0.012203841936444923,11
20,4,6,1.1102230246251565e-16,0.0010056468182189082,0.33975468975468975,0.40238095238095234,0.0006768867336224037,2.4080853508819718e-05,0.03849087435243741,0.09433884448656302,0.12311157671370436,0.014622265892051877,11
20,4,12,1.1102230246251565e-16,0.0005278188629833647,0.503921568627451,0.591025641025641,0.0006768867336224037,2.4080853508819718e-05,0.03849087435243741,0.09433884448656302,0.12311157671370436,0.014622265892051877,11
20,4,6,1.1102230246251565e-16,0.0029168284769519603,0.3166666666666666,0.4444444444444444,0.0010027361260039726,2.99406518513531e-05,0.04286535919685503,0.11119811379322438,0.1502437412680842,0.015897197712777988,11
20,4,12,1.1102230246251565e-16,0.0031537149809722775,0.5229691876750701,0.4804855275443511,0.0010027361260039726,2.99406518513531e-05,0.04286535919685503,0.11119811379322438,0.1502437412680842,0.015897197712777988,11
20,4,6,0.0,0.0014215701711663975,0.3857142857142857,0.36666666666666664,0.0007554531486753053,3.648028093491713e-05,0.055134663748445396,0.1562465422913524,0.11431944427109365,0.01479228410635494,11
20,4,12,0.0,0.0010008086149713158,0.5543417366946779,0.44281045751633985,0.0007554531486753053,3.648028093491713e-05,0.055134663748445396,0.1562465422913524,0.11431944427109365,0.01479228410635494,11
20,4,6,0.0,0.0003009790343240226,0.27626262626262627,0.6666666666666666,0.0007646189658233477,1.7286278438276003e-05,0.04149769935926809,0.09046866793133838,0.12881997636194367,0.013347510524871181,11
20,4,12,0.0,0.00028821007355284145,0.5082633053221288,0.7333333333333334,0.0007646189658233477,1.7286278438276003e-05,0.04149769935926809,0.09046866793133838,0.12881997636194367,0.013347510524871181,11
20,4,6,0.0,0.0026031907849908276,0.22626262626262628,0.4801587301587302,0.0007233840720160595,2.3387160352045124e-05,0.056798474998170256,0.13228555604417047,0.1087531495609484,0.012376028173872589,11
20,4,12,0.0,0.002601619046561421,0.46381886087768437,0.5345830639948287,0.0007233840720160595,2.3387160352045124e-05,0.056798474998170256,0.13228555604417047,0.1087531495609484,0.012376028173872589,11
20,4,6,0.0,7.52924427260826e-05,0.2722222222222222,0.4666666666666666,0.0012836505147768983,2.1421345883009975e-05,0.0707130336956082,0.14211119610937004,0.12985475802451268,0.011917031517498513,11
20,4,12,0.0,0.00036859334106820185,0.4705882352941176,0.6153846153846154,0.0012836505147768983,2.1421345883009975e-05,0.0707130336956082,0.14211119610937004,0.12985475802451268,0.011917031517498513,11
20,4,6,0.0,7.311587556046995e-05,0.33888888888888885,0.5714285714285715,0.0010617531587862826,3.203848465615267e-05,0.050665698858089914,0.15777798324287393,0.13778389718225104,0.013742535213880162,11
20,4,12,0.0,0.0006204017018355268,0.4411764705882353,0.6047619047619048,0.0010617531587862826,3.203848465615267e-05,0.050665698858089914,0.15777798324287393,0.13778389718225104,0.013742535213880162,11
20,4,6,2.220446049250313e-16,0.0025609894144298373,0.2318181818181818,0.47222222222222215,0.0007938585591772527,3.2336732556455014e-05,0.04004828635025078,0.09123160918875625,0.1301808806395259,0.01650267367981751,12
20,4,12,2.220446049250313e-16,0.0014217826101752262,0.5563025210084034,0.6243589743589744,0.0007938585591772527,3.2336732556455014e-05,0.04004828635025078,0.09123160918875625,0.1301808806395259,0.01650267367981751,12
20,4,6,0.0,0.0023211486774903367,0.3444444444444444,0.2222222222222222,0.0007596123437524787,2.3331628847448683e-05,0.030969346203286962,0.0739467601570298,0.15056894229534376,0.016734124357887105,12
20,4,12,0.0,0.0016487663869948488,0.44477124183006533,0.4768907563025209,0.0007596123437524787,2.3331628847448683e-05,0.030969346203286962,0.0739467601570298,0.15056894229534376,0.016734124357887105,12
20,4,6,1.1102230246251565e-16,0.0007785561664628293,0.48809523809523814,0.6666666666666666,0.0007497185876527124,1.8148925543863847e-05,0.03174910539457921,0.07557224701805233,0.14548339318731765,0.014289181707673258,12
20,4,12,1.1102230246251565e-16,4.2246576174465034e-05,0.6214285714285716,0.7333333333333334,0.0007497185876527124,1.8148925543863847e-05,0.03174910539457921,0.07557224701805233,0.14548339318731765,0.014289181707673258,12
20,4,6,0.0,0.0005073752202044979,0.3444444444444444,0.4523809523809524,0.0006816565456607957,2.4985076802280446e-05,0.03735753357185277,0.061690034770971194,0.12587182231472288,0.018324147794064237,12
20,4,12,0.0,0.002096073860240688,0.569047619047619,0.4852941176470588,0.0006816565456607957,2.4985076802280446e-05,0.03735753357185277,0.061690034770971194,0.12587182231472288,0.018324147794064237,12
20,4,6,2.220446049250313e-16,0.0011528176328687856,0.33888888888888885,0.40238095238095245,0.0005755061338112356,2.093628513429671e-05,0.042985403671166995,0.1015481514001117,0.1118892391841846,0.013740696593619586,12
20,4,12,2.220446049250313e-16,0.0009197708992618736,0.544947209653092,0.4259791635952626,0.0005755061338112356,2.093628513429671e-05,0.042985403671166995,0.1015481514001117,0.1118892391841846,0.013740696593619586,12
20,4,6,0.0,0.0008252256142255998,0.3444444444444444,0.3166666666666666,0.0004553955426366679,3.0320201426004668e-05,0.05397762519910702,0.12080470374674168,0.08690956566497769,0.014830426317152662,12
20,4,12,0.0,0.0005976049311058329,0.5396358543417367,0.4458204334365325,0.0004553955426366679,3.0320201426004668e-05,0.05397762519910702,0.12080470374674168,0.08690956566497769,0.014830426317152662,12
20,4,6,1.1102230246251565e-16,0.0008298192817031147,0.40238095238095234,0.3611111111111111,0.0007463892275812684,2.4486207221873984e-05,0.024826783622789228,0.062260497824919624,0.15982707075513108,0.018199956901118718,12
20,4,12,1.1102230246251565e-16,0.0012148950561721161,0.5019607843137255,0.5586834733893558,0.0007463892275812684,2.4486207221873984e-05,0.024826783622789228,0.062260497824919624,0.15982707075513108,0.018199956901118718,12
20,4,6,0.0,0.0024752781990269312,0.2897546897546897,0.37777777777777777,0.0007294986776505639,2.3018399989998326e-05,0.03222550846716143,0.08387631956144606,0.14632363040818852,0.015550366100219528,12
20,4,12,0.0,0.00033977224334091893,0.48921568627450984,0.5210084033613446,0.0007294986776505639,2.3018399989998326e-05,0.03222550846716143,0.08387631956144606,0.14632363040818852,0.015550366100219528,12
20,4,6,0.0,0.0021877768672666775,0.31666666666666665,0.3444444444444444,0.00044328819266366287,2.8296530767990622e-05,0.03645246651611947,0.12709088886687778,0.10731483730768332,0.01419808615273647,13
20,4,12,0.0,0.002510292928659341,0.5616138763197587,0.5376750700280112,0.00044328819266366287,2.8296530767990622e-05,0.03645246651611947,0.12709088886687778,0.10731483730768332,0.01419808615273647,13
20,4,6,2.220446049250313e-16,0.00018774162631784996,0.4214285714285715,1.0,0.0005364943085100345,2.227862733769102e-05,0.07233379753048808,0.21840527553581215,0.084461241781994,0.009876397715726683,13
20,4,12,2.220446049250313e-16,0.00034450404791019906,0.5412698412698412,1.0,0.0005364943085100345,2.227862733769102e-05,0.07233379753048808,0.21840527553581215,0.084461241781994,0.009876397715726683,13
20,4,6,2.220446049250313e-16,0.0017512775128213365,0.3968253968253968,0.40238095238095234,0.0006210112611464428,1.9792664039286848e-05,0.0791579246062421,0.1627321099712942,0.08459548425745872,0.010592489163553936,13
20,4,12,2.220446049250313e-16,0.001319935307070752,0.6120340443869856,0.6571428571428571,0.0006210112611464428,1.9792664039286848e-05,0.0791579246062421,0.1627321099712942,0.08459548425745872,0.010592489163553936,13
20,4,6,1.1102230246251565e-16,0.005245422695006274,0.36666666666666664,0.3414141414141414,0.0004998751441119693,2.0908961316562537e-05,0.061033005858105296,0.16880315117882932,0.08850730723881665,0.010382799652503666,13
20,4,12,1.1102230246251565e-16,0.002277247368232871,0.7142857142857143,0.6019607843137255,0.0004998751441119693,2.0908961316562537e-05,0.061033005858105296,0.16880315117882932,0.08850730723881665,0.010382799652503666,13
20,4,6,0.0,0.0018832397445158744,0.34379509379509376,0.5714285714285715,0.0006220630290989752,1.8990658316570595e-05,0.10149154610389975,0.18913976682013092,0.07690416234149029,0.009587991983048905,13
20,4,12,0.0,0.002926774461933457,0.5229691876750701,0.6153846153846154,0.0006220630290989752,1.8990658316570595e-05,0.10149154610389975,0.18913976682013092,0.07690416234149029,0.009587991983048905,13
20,4,6,0.0,0.001049077769243012,0.36666666666666664,0.3801587301587302,0.0005316346265639949,2.3484777810836566e-05,0.03892372011724285,0.11119209943808736,0.11559765741395364,0.013586784878651972,13
20,4,12,0.0,0.0013252993744765629,0.5352941176470588,0.4928104575163399,0.0005316346265639949,2.3484777810836566e-05,0.03892372011724285,0.11119209943808736,0.11559765741395364,0.013586784878651972,13
20,4,6,0.0,0.003061042763670807,0.39444444444444443,0.5555555555555555,0.0006054822764242359,1.6286176862470524e-05,0.09310922779437605,0.1434002320499556,0.07802782627776662,0.009788935123186049,13
20,4,12,0.0,0.0014190330908152582,0.614414996767938,0.5565610859728506,0.0006054822764242359,1.6286176862470524e-05,0.09310922779437605,0.1434002320499556,0.07802782627776662,0.009788935123186049,13
20,4,6,1.1102230246251565e-16,0.004511772574509965,0.31666666666666665,0.42460317460317465,0.0010312298814659738,2.2289202270759467e-05,0.0530578604650859,0.12611026123707442,0.1374666291805417,0.012556462855678378,13
20,4,12,1.1102230246251565e-16,0.004645653311716069,0.5710084033613446,0.5543417366946779,0.0010312298814659738,2.2289202270759467e-05,0.0530578604650859,0.12611026123707442,0.1374666291805417,0.012556462855678378,13
20,4,6,3.3306690738754696e-16,0.00010975572832849778,0.32626262626262625,1.0,0.0004161152900310489,0.0008054933760852302,0.17668581375487497,0.884523749993887,0.04701627066452193,0.028890607110165965,14
20,4,12,3.3306690738754696e-16,0.0008356353121949933,0.503921568627451,1.0,0.0004161152900310489,0.0008054933760852302,0.17668581375487497,0.884523749993887,0.04701627066452193,0.028890607110165965,14
20,4,6,0.0,0.0017023815571219902,0.3944444444444444,0.2715728715728715,0.000590011664843163,2.9324126898960255e-05,0.05833893552520375,0.20126795271379225,0.09658806577203186,0.01170379816121046,14
20,4,12,0.0,0.00041182622743474173,0.503921568627451,0.4580191050779286,0.000590011664843163,2.9324126898960255e-05,0.05833893552520375,0.20126795271379225,0.09658806577203186,0.01170379816121046,14
20,4,6,2.220446049250313e-16,0.000457497729702272,0.3166666666666666,0.32157287157287157,0.0003999469734030523,6.084013701159109e-05,0.11509043113428268,0.914264451968132,0.05712143885128488,0.007112511563569049,14
20,4,12,2.220446049250313e-16,0.00013225301694475,0.5205882352941177,0.503921568627451,0.0003999469734030523,6.084013701159109e-05,0.11509043113428268,0.914264451968132,0.05712143885128488,0.007112511563569049,14
20,4,6,0.0,0.0025733442448993005,0.4333333333333334,0.4666666666666666,0.0014142892292733408,2.2746683748683197e-05,0.06545005690820578,0.13063220208268553,0.145506892249917,0.012429868981766653,14
20,4,12,0.0,0.0018244409829075714,0.5098972922502334,0.5555555555555555,0.0014142892292733408,2.2746683748683197e-05,0.06545005690820578,0.13063220208268553,0.145506892249917,0.012429868981766653,14
20,4,6,1.1102230246251565e-16,1.7186059741769455e-05,0.1525252525252525,0.4666666666666666,0.00044592222501919226,0.0003641750904806582,0.08885165363877585,0.7210489586175473,0.06832807466329492,0.022142926587622246,14
20,4,12,1.1102230246251565e-16,0.0009628040142080074,0.43111455108359126,0.48646125116713357,0.00044592222501919226,0.0003641750904806582,0.08885165363877585,0.7210489586175473,0.06832807466329492,0.022142926587622246,14
20,4,6,0.0,5.2617550513334166e-05,0.28888888888888886,0.24242424242424235,0.00043174814106091206,2.8835088417170132e-05,0.16412102499822492,0.9017249243423224,0.04969890407920683,0.0047544715090924485,14
20,4,12,0.0,0.0005080589136436942,0.5229691876750701,0.492401630017729,0.00043174814106091206,2.8835088417170132e-05,0.16412102499822492,0.9017249243423224,0.04969890407920683,0.0047544715090924485,14
20,4,6,0.0,0.0034186033178817965,0.1645021645021645,0.4666666666666666,0.0007901148665234999,3.154051392934065e-05,0.0776031413082271,0.19017167213226693,0.09789209904272969,0.011974681567039772,14
20,4,12,0.0,0.002786448708899991,0.46232247284878863,0.6666666666666666,0.0007901148665234999,3.154051392934065e-05,0.0776031413082271,0.19017167213226693,0.09789209904272969,0.011974681567039772,14
20,4,6,0.0,0.0008149386727105412,0.1803030303030303,0.31919191919191914,0.0006981247856800872,2.2562006078193838e-05,0.05905748941346719,0.12870679433119836,0.10344370233559075,0.012349288180056962,14
20,4,12,0.0,0.000931326343946326,0.4872549019607843,0.5210084033613446,0.0006981247856800872,2.2562006078193838e-05,0.05905748941346719,0.12870679433119836,0.10344370233559075,0.012349288180056962,14
20,4,6,1.1102230246251565e-16,0.001836461029617542,0.46587301587301594,1.0,0.0009846740693866634,2.724318976764631e-05,0.096975098774578,0.2788939166166916,0.09940762454052532,0.009717554420416285,15
20,4,12,1.1102230246251565e-16,0.0003455367467637416,0.5857142857142857,1.0,0.0009846740693866634,2.724318976764631e-05,0.096975098774578,0.2788939166166916,0.09940762454052532,0.009717554420416285,15
20,4,6,0.0,0.00033295527391108415,0.4444444444444444,0.33506493506493507,0.00043946241396542325,2.074679284899742e-05,0.16175453719861027,0.3457905438200332,0.0503710414260817,0.007428818676357004,15
20,4,12,0.0,0.00017875908918396632,0.6190476190476191,0.5042735042735043,0.00043946241396542325,2.074679284899742e-05,0.16175453719861027,0.3457905438200332,0.0503710414260817,0.007428818676357004,15
20,4,6,0.0,0.0008089913380704417,0.6071428571428572,0.27460317460317457,0.0004210477473330307,3.409895766654649e-05,0.1333320750978605,0.3756185792835981,0.054440794334769914,0.009068709122320053,15
20,4,12,0.0,0.000821653905547004,0.6434065934065935,0.46545284780578905,0.0004210477473330307,3.409895766654649e-05,0.1333320750978605,0.3756185792835981,0.054440794334769914,0.009068709122320053,15
20,4,6,0.0,2.0307827665821954e-05,0.33888888888888885,0.38888888888888884,0.0005265652026587263,2.4445664436045812e-05,0.0509399471705336,0.10190443869596963,0.0980495640427639,0.013904038513842153,15
20,4,12,0.0,0.0011693181658614105,0.5857142857142857,0.5710084033613445,0.0005265652026587263,2.4445664436045812e-05,0.0509399471705336,0.10190443869596963,0.0980495640427639,0.013904038513842153,15
20,4,6,0.0,0.0002823910383416006,0.4603174603174603,0.4301587301587302,0.0005652699223554385,2.2779037526026188e-05,0.060186080610416054,0.18384209093437573,0.09210816541989206,0.010603137729844916,15
20,4,12,0.0,0.0003676634161102754,0.5710084033613446,0.6071428571428572,0.0005652699223554385,2.2779037526026188e-05,0.060186080610416054,0.18384209093437573,0.09210816541989206,0.010603137729844916,15
20,4,6,0.0,0.0007609940379138536,0.39444444444444443,0.38888888888888884,0.0006701023892504484,2.0636123013635354e-05,0.045414045692941746,0.09320211696652755,0.11488993912445915,0.014107986647329929,15
20,4,12,0.0,0.001038783211909644,0.6410256410256411,0.5710084033613445,0.0006701023892504484,2.0636123013635354e-05,0.045414045692941746,0.09320211696652755,0.11488993912445915,0.014107986647329929,15
20,4,6,0.0,0.00048062091689216047,0.45793650793650803,0.5158730158730159,0.0004556454797191922,2.5974812254908945e-05,0.10017255554259562,0.20367387238658563,0.06532572703639675,0.010313877377961618,15
20,4,12,0.0,0.00021856330345371155,0.569047619047619,0.5126050420168067,0.0004556454797191922,2.5974812254908945e-05,0.10017255554259562,0.20367387238658563,0.06532572703639675,0.010313877377961618,15
20,4,6,1.1102230246251565e-16,0.00035154071154952504,0.33975468975468975,0.38888888888888884,0.00045871732759452256,1.958264131015316e-05,0.049268815706154094,0.13313594929912256,0.09247680687696137,0.011535701574161849,15
20,4,12,1.1102230246251565e-16,5.322915672589801e-05,0.5055555555555555,0.47254901960784307,0.00045871732759452256,1.958264131015316e-05,0.049268815706154094,0.13313594929912256,0.09247680687696137,0.011535701574161849,15
20,4,6,0.0,0.002571222813676277,0.3611111111111111,0.4158730158730159,0.0005041402159336849,1.7184308097854826e-05,0.02884220875907499,0.07721569203991391,0.12750116755236085,0.013433423589476079,16
20,4,12,0.0,0.0006217018726888401,0.5686274509803921,0.6487179487179487,0.0005041402159336849,1.7184308097854826e-05,0.02884220875907499,0.07721569203991391,0.12750116755236085,0.013433423589476079,16
20,4,6,0.0,0.002218393555185161,0.32070707070707066,0.33015873015873015,0.0005912877416103985,1.8973365286738824e-05,0.028623702399792866,0.0975277256251918,0.13846271657409617,0.013657890013122762,16
20,4,12,0.0,0.003683991120611241,0.4594771241830065,0.5362170509229333,0.0005912877416103985,1.8973365286738824e-05,0.028623702399792866,0.0975277256251918,0.13846271657409617,0.013657890013122762,16
20,4,6,2.220446049250313e-16,0.0014427995699919371,0.507936507936508,0.4301587301587302,0.0008038850593834908,1.9647135387699942e-05,0.039092153478494165,0.09989379476215282,0.13902828737284667,0.013447878718635826,16
20,4,12,2.220446049250313e-16,0.0004109045223752439,0.5229691876750701,0.5719313366372191,0.0008038850593834908,1.9647135387699942e-05,0.039092153478494165,0.09989379476215282,0.13902828737284667,0.013447878718635826,16
20,4,6,0.0,0.0020760085217967905,0.38015873015873014,0.2080808080808081,0.00047358745924673074,2.889824081323685e-05,0.18974090836603597,0.42417054777304053,0.0487211186313414,0.008040738964995292,16
20,4,12,0.0,0.00019275985456435052,0.5282805429864253,0.4150326797385621,0.00047358745924673074,2.889824081323685e-05,0.18974090836603597,0.42417054777304053,0.0487211186313414,0.008040738964995292,16
20,4,6,0.0,0.0001421804099308588,0.2929292929292929,0.37142857142857144,0.0006317065259448788,2.9640947551614575e-05,0.078528672662857,0.37381137729995795,0.08574956024959422,0.008594768560828468,16
20,4,12,0.0,0.0011009716337375686,0.4785247432306256,0.6487179487179487,0.0006317065259448788,2.9640947551614575e-05,0.078528672662857,0.37381137729995795,0.08574956024959422,0.008594768560828468,16
20,4,6,2.220446049250313e-16,0.00310199924141652,0.4222222222222222,0.3414141414141414,0.00048626855259402017,1.9762744703920473e-05,0.025395939238310773,0.10569776538384418,0.13512844471146215,0.013246091895419598,16
20,4,12,2.220446049250313e-16,0.0026167170793141015,0.4594771241830065,0.47109100050276514,0.00048626855259402017,1.9762744703920473e-05,0.025395939238310773,0.10569776538384418,0.13512844471146215,0.013246091895419598,16
20,4,6,0.0,0.0009213028287665681,0.36666666666666664,0.2525252525252525,0.0006067769873532611,1.747682138161794e-05,0.03551023134696947,0.1013107408442922,0.12773399490430778,0.012747405480056677,16
20,4,12,0.0,0.002351754080113788,0.5098972922502334,0.5725490196078431,0.0006067769873532611,1.747682138161794e-05,0.03551023134696947,0.1013107408442922,0.12773399490430778,0.012747405480056677,16
20,4,6,0.0,0.0002170382062152143,0.3944444444444444,0.33506493506493507,0.0006192360229441749,2.2536689662451133e-05,0.027829462542206976,0.08857969926302431,0.14607697852085824,0.015157771658184632,16
20,4,12,0.0,0.0007667715798524988,0.4761437908496731,0.6153846153846154,0.0006192360229441749,2.2536689662451133e-05,0.027829462542206976,0.08857969926302431,0.14607697852085824,0.015157771658184632,16
20,4,6,0.0,0.002133703355458927,0.31111111111111106,0.24444444444444446,0.0011128521200927327,3.457525441477645e-05,0.06352693899053607,0.1386405293384859,0.1277460327812107,0.014829264796079102,17
20,4,12,0.0,0.001608450682933249,0.5333333333333333,0.48646125116713357,0.0011128521200927327,3.457525441477645e-05,0.06352693899053607,0.1386405293384859,0.1277460327812107,0.014829264796079102,17
20,4,6,0.0,0.0022373396006676316,0.38015873015873014,0.32222222222222224,0.0008944618838560237,5.359485796125783e-05,0.02885768837685317,0.07224595885831717,0.1513434219347473,0.022265349213588977,17
20,4,12,0.0,0.00197611076085058,0.45784313725490194,0.4033367733058135,0.0008944618838560237,5.359485796125783e-05,0.02885768837685317,0.07224595885831717,0.1513434219347473,0.022265349213588977,17
20,4,6,0.0,0.0012172346223071617,0.47222222222222227,0.3636363636363636,0.0010603585252981942,3.6806955467271165e-05,0.024202407344653187,0.053941472623249886,0.1781110779577079,0.022354211730358824,17
20,4,12,0.0,0.001077087745157801,0.5523809523809524,0.4872549019607843,0.0010603585252981942,3.6806955467271165e-05,0.024202407344653187,0.053941472623249886,0.1781110779577079,0.022354211730358824,17
20,4,6,1.1102230246251565e-16,0.00022968053250260745,0.4444444444444444,0.45793650793650803,0.001170734447793939,3.695403666002758e-05,0.082949747852387,0.17282479920440966,0.11058171031641152,0.01375876682834528,17
20,4,12,1.1102230246251565e-16,2.1094341603911104e-05,0.4872549019607843,0.4872549019607843,0.001170734447793939,3.695403666002758e-05,0.082949747852387,0.17282479920440966,0.11058171031641152,0.01375876682834528,17
20,4,6,1.1102230246251565e-16,0.0012703382994248003,0.4444444444444444,0.32222222222222224,0.0009387836153702452,3.1601353537129244e-05,0.029618467754703497,0.05890421716949225,0.1612602811345936,0.019758333164296683,17
20,4,12,1.1102230246251565e-16,0.0020946421092613576,0.5833333333333334,0.48880685877589897,0.0009387836153702452,3.1601353537129244e-05,0.029618467754703497,0.05890421716949225,0.1612602811345936,0.019758333164296683,17
20,4,6,2.220446049250313e-16,0.0022714242632206894,0.4801587301587302,0.2937950937950938,0.0007211198079684156,3.4642237037192546e-05,0.10350707361412734,0.2400266346851373,0.08218782689732737,0.01180257441874217,17
20,4,12,2.220446049250313e-16,0.0016811930684776932,0.55,0.503921568627451,0.0007211198079684156,3.4642237037192546e-05,0.10350707361412734,0.2400266346851373,0.08218782689732737,0.01180257441874217,17
20,4,6,0.0,0.0008062880280490514,0.38888888888888884,0.4523809523809524,0.0008085404410943664,4.337037209919708e-05,0.10258432816067584,0.24351190505513617,0.08317690186624802,0.012376876440938153,17
20,4,12,0.0,0.0013038451260687367,0.6380952380952382,0.5135746606334842,0.0008085404410943664,4.337037209919708e-05,0.10258432816067584,0.24351190505513617,0.08317690186624802,0.012376876440938153,17
20,4,6,2.220446049250313e-16,0.0029472713732245914,0.4222222222222223,0.3444444444444444,0.0007030101674938042,3.421048349577553e-05,0.06792606938921,0.13828177829195268,0.09895935396689966,0.014799974698813528,17
20,4,12,2.220446049250313e-16,0.0018059544464767985,0.5019607843137255,0.503921568627451,0.0007030101674938042,3.421048349577553e-05,0.06792606938921,0.13828177829195268,0.09895935396689966,0.014799974698813528,17
20,4,6,0.0,0.0017202041893640274,0.36666666666666664,0.3968253968253968,0.0006043458420917485,2.934866625345541e-05,0.03129637709341796,0.09584900226734437,0.13019117763010293,0.016143619930468794,18
20,4,12,0.0,0.000905259268345393,0.5710084033613446,0.5543417366946779,0.0006043458420917485,2.934866625345541e-05,0.03129637709341796,0.09584900226734437,0.13019117763010293,0.016143619930468794,18
20,4,6,0.0,0.0006228522273238335,0.2080808080808081,0.4079365079365079,0.0005644090636459577,2.7614163862319875e-05,0.026830077799465467,0.08909464696469745,0.1413546115658431,0.016408457518115427,18
20,4,12,0.0,0.0009865559726947026,0.38863089095287234,0.5690476190476191,0.0005644090636459577,2.7614163862319875e-05,0.026830077799465467,0.08909464696469745,0.1413546115658431,0.016408457518115427,18
20,4,6,0.0,0.00020487538794822235,0.27626262626262627,0.2897546897546898,0.0004432556691634771,1.5087652282041141e-05,0.04257039908927657,0.10906400794095371,0.09874900430923274,0.01150940567846065,18
20,4,12,0.0,0.000769245298378296,0.3869969040247678,0.47109100050276514,0.0004432556691634771,1.5087652282041141e-05,0.04257039908927657,0.10906400794095371,0.09874900430923274,0.01150940567846065,18
20,4,6,0.0,0.0029279396723724815,0.27626262626262627,0.33975468975468975,0.0005412157389423096,2.7989997451005532e-05,0.025010819459659397,0.0904241366670039,0.138435958955225,0.01611958625273035,18
20,4,12,0.0,0.00028622105951003896,0.5075163398692811,0.4200034399724802,0.0005412157389423096,2.7989997451005532e-05,0.025010819459659397,0.0904241366670039,0.138435958955225,0.01611958625273035,18
20,4,6,0.0,0.0011311897168697627,0.23585858585858585,0.24531024531024528,0.0006120181231433416,2.3163962999179783e-05,0.022425978854550957,0.06836985259838281,0.15853267207967098,0.01738588110672731,18
20,4,12,0.0,0.0008805653936352353,0.47614379084967323,0.5098972922502335,0.0006120181231433416,2.3163962999179783e-05,0.022425978854550957,0.06836985259838281,0.15853267207967098,0.01738588110672731,18
20,4,6,1.1102230246251565e-16,0.0035290473132469913,0.31111111111111106,0.37222222222222223,0.0006260827920233942,2.8053335973140253e-05,0.03266749288838641,0.11475285305337338,0.13495661776296683,0.015066137685786353,18
20,4,12,1.1102230246251565e-16,0.0004583749827498096,0.47418300653594775,0.4281045751633987,0.0006260827920233942,2.8053335973140253e-05,0.03266749288838641,0.11475285305337338,0.13495661776296683,0.015066137685786353,18
20,4,6,0.0,0.0066172189681059645,0.27626262626262627,0.38015873015873014,0.0009342701395430494,1.7121633803624175e-05,0.04866973199533892,0.11952315623596749,0.13063808916143457,0.011585367221221186,18
20,4,12,0.0,0.0018712571324843719,0.4908496732026144,0.5188034188034188,0.0009342701395430494,1.7121633803624175e-05,0.04866973199533892,0.11952315623596749,0.13063808916143457,0.011585367221221186,18
20,4,6,2.220446049250313e-16,0.006098745808118644,0.2484848484848485,0.44365079365079363,0.0005429079144052863,4.915737919838316e-05,0.024413090684342352,0.14999329061544958,0.13878610284299916,0.017161544126878734,18
20,4,12,2.220446049250313e-16,0.004479094885792456,0.5205882352941177,0.5596530920060332,0.0005429079144052863,4.915737919838316e-05,0.024413090684342352,0.14999329061544958,0.13878610284299916,0.017161544126878734,18
20,4,6,0.0,0.00018326410058722153,0.3944444444444444,0.33888888888888885,0.0004287785648773238,1.9855690757320713e-05,0.03474630607266725,0.08369576148180648,0.10648067503625744,0.014286519135512618,19
20,4,12,0.0,0.0007042953034837041,0.6023809523809524,0.5880952380952381,0.0004287785648773238,1.9855690757320713e-05,0.03474630607266725,0.08369576148180648,0.10648067503625744,0.014286519135512618,19
20,4,6,0.0,0.0007156321257706377,0.38888888888888884,0.27878787878787875,0.0009035683157838872,1.9875522383628405e-05,0.03230889506657164,0.07088101089867407,0.16287334120184363,0.01588133256647744,19
20,4,12,0.0,0.0005394493247594667,0.5880952380952381,0.5318753142282554,0.0009035683157838872,1.9875522383628405e-05,0.03230889506657164,0.07088101089867407,0.16287334120184363,0.01588133256647744,19
20,4,6,0.0,0.0017117056679162301,0.38888888888888884,0.33015873015873015,0.0003487806020394992,2.643045733152002e-05,0.0591353155594304,0.19190719518988403,0.07359817181794197,0.011136221343158764,19
20,4,12,0.0,0.000555637125365549,0.4558823529411764,0.5205882352941177,0.0003487806020394992,2.643045733152002e-05,0.0591353155594304,0.19190719518988403,0.07359817181794197,0.011136221343158764,19
20,4,6,1.1102230246251565e-16,0.0007077336185360439,0.40238095238095245,0.33419913419913416,0.0005861508508109587,1.7594491283187923e-05,0.034706101693775096,0.087141187796697,0.127128732611514,0.013001876128364816,19
20,4,12,1.1102230246251565e-16,0.0022660761348225478,0.5396358543417367,0.5019607843137255,0.0005861508508109587,1.7594491283187923e-05,0.034706101693775096,0.087141187796697,0.127128732611514,0.013001876128364816,19
20,4,6,0.0,0.0007193236992472096,0.3222222222222222,0.5714285714285715,0.0005871331778787211,1.4500653875055805e-05,0.029962914169956858,0.05717744338277455,0.13527283282345468,0.015072283459737035,19
20,4,12,0.0,0.001154717836541641,0.6047619047619048,0.7333333333333334,0.0005871331778787211,1.4500653875055805e-05,0.029962914169956858,0.05717744338277455,0.13527283282345468,0.015072283459737035,19
20,4,6,1.1102230246251565e-16,0.0002818526959600387,0.38015873015873014,0.4166666666666667,0.0004525565051328286,2.0627537422598446e-05,0.06236635692865868,0.13346117749045117,0.08300325126331218,0.011562387993699862,19
20,4,12,1.1102230246251565e-16,0.0008926051540785185,0.5666666666666667,0.5186274509803922,0.0004525565051328286,2.0627537422598446e-05,0.06236635692865868,0.13346117749045117,0.08300325126331218,0.011562387993699862,19
20,4,6,2.220446049250313e-16,0.00186881492085611,0.33888888888888885,0.2944444444444444,0.00021544587313828464,2.857497277179099e-05,0.08035637215079039,0.26672291794311725,0.05028194991834626,0.010201037102188282,19
20,4,12,2.220446049250313e-16,0.00019616296145419376,0.5603174603174603,0.47418300653594775,0.00021544587313828464,2.857497277179099e-05,0.08035637215079039,0.26672291794311725,0.05028194991834626,0.010201037102188282,19
20,4,6,2.220446049250313e-16,0.00014328105713701245,0.42460317460317465,0.40404040404040403,0.0006034814651281658,1.7698761176035307e-05,0.045932586363205186,0.09355058084451932,0.10821554391606346,0.012845849528648218,19
20,4,12,2.220446049250313e-16,0.000808173250727684,0.4594771241830065,0.5499999999999999,0.0006034814651281658,1.7698761176035307e-05,0.045932586363205186,0.09355058084451932,0.10821554391606346,0.012845849528648218,19
20,5,6,0.0,0.0005476391034191508,0.3157575757575758,0.4603174603174603,0.00033356063541676944,1.0885519174243716e-05,0.04254686845216994,0.09533356352681317,0.08628206534957665,0.010220286446285745,0
20,5,12,0.0,0.0017081290790821324,0.5426050420168067,0.6666666666666666,0.00033356063541676944,1.0885519174243716e-05,0.04254686845216994,0.09533356352681317,0.08628206534957665,0.010220286446285745,0
20,5,6,1.1102230246251565e-16,0.00038555848019750094,0.2990909090909091,0.36,0.00022994894858778843,1.8125835546534342e-05,0.042128394314280546,0.15094958751807647,0.06906512299844907,0.01082242107913774,0
20,5,12,1.1102230246251565e-16,0.0018617272614136482,0.49568627450980396,0.49265460030165914,0.00022994894858778843,1.8125835546534342e-05,0.042128394314280546,0.15094958751807647,0.06906512299844907,0.01082242107913774,0
20,5,6,2.220446049250313e-16,5.6771993677928734e-05,0.39476190476190476,0.2890909090909091,0.0002951280619175527,1.2833770033231063e-05,0.04043520430670714,0.09118144358942568,0.08347204117594892,0.01094597426314992,0
20,5,12,2.220446049250313e-16,0.000902793841952354,0.5511764705882353,0.47064425770308127,0.0002951280619175527,1.2833770033231063e-05,0.04043520430670714,0.09118144358942568,0.08347204117594892,0.01094597426314992,0
20,5,6,0.0,0.0010947761045692062,0.3614285714285715,0.6428571428571429,0.00029995525885412186,1.99314701662131e-05,0.01693571473987339,0.04816717439650521,0.12586941638646798,0.017998247078722305,0
20,5,12,0.0,0.0025586194452973388,0.5135294117647058,0.6153846153846154,0.00029995525885412186,1.99314701662131e-05,0.01693571473987339,0.04816717439650521,0.12586941638646798,0.017998247078722305,0
20,5,6,0.0,0.00044827447935769094,0.45476190476190476,0.5,0.0007087236805711403,1.592620009979324e-05,0.03443304111781327,0.08718457414541846,0.13718993091338846,0.012714678281934384,0
20,5,12,0.0,9.360202583197363e-05,0.6532643826761473,0.5523809523809524,0.0007087236805711403,1.592620009979324e-05,0.03443304111781327,0.08718457414541846,0.13718993091338846,0.012714678281934384,0
20,5,6,0.0,0.00024910702837366294,0.2833333333333333,0.41142857142857137,0.00020044379013683743,2.031914278738989e-05,0.03427389570876477,0.11257843637108679,0.07443791435238412,0.012695313253633857,0
20,5,12,0.0,0.00035794136627098627,0.5440336134453782,0.5469683257918552,0.00020044379013683743,2.031914278738989e-05,0.03427389570876477,0.11257843637108679,0.07443791435238412,0.012695313253633857,0
20,5,6,0.0,0.00256967463466673,0.37333333333333335,0.2938528138528139,0.0002837405180811062,2.402747931496873e-05,0.01812670740600529,0.08488372441131131,0.1061377939245127,0.014610794593617265,0
20,5,12,0.0,0.0021455855027852078,0.5197198879551821,0.4804481792717087,0.0002837405180811062,2.402747931496873e-05,0.01812670740600529,0.08488372441131131,0.1061377939245127,0.014610794593617265,0
20,5,6,0.0,0.0003535570335040372,0.3614285714285715,0.3324242424242424,0.00023105169830743498,1.7095881663374495e-05,0.02490821019196922,0.07910139295948086,0.08837702263864708,0.013085654436274087,0
20,5,12,0.0,0.0011457954403519821,0.5335294117647059,0.533781512605042,0.00023105169830743498,1.7095881663374495e-05,0.02490821019196922,0.07910139295948086,0.08837702263864708,0.013085654436274087,0
20,5,6,1.1102230246251565e-16,0.0001929990478553023,0.37333333333333335,1.0,0.0005895982495979838,3.0036676532817633e-05,0.015543697304141213,0.04275169065916736,0.18564489406763537,0.020366008465491494,1
20,5,12,1.1102230246251565e-16,0.0013246568421090288,0.4804481792717087,1.0,0.0005895982495979838,3.0036676532817633e-05,0.015543697304141213,0.04275169065916736,0.18564489406763537,0.020366008465491494,1
20,5,6,2.220446049250313e-16,0.0019419043585675588,0.2780952380952382,0.37666666666666665,0.00037079184423995966,1.915938547177875e-05,0.10411675610173207,0.29021612534455515,0.05809823687074303,0.008006427796334103,1
20,5,12,2.220446049250313e-16,0.0012751362534850763,0.4553353973168215,0.5511764705882353,0.00037079184423995966,1.915938547177875e-05,0.10411675610173207,0.29021612534455515,0.05809823687074303,0.008006427796334103,1
20,5,6,0.0,0.0021216711813216715,0.3314285714285715,0.2672727272727273,0.00038400466313704383,2.325615932255247e-05,0.06793623176198407,0.24058596337532379,0.07142076073445006,0.009525140968646978,1
20,5,12,0.0,0.0005907867387591192,0.5311764705882352,0.479467787114846,0.00038400466313704383,2.325615932255247e-05,0.06793623176198407,0.24058596337532379,0.07142076073445006,0.009525140968646978,1
20,5,6,1.1102230246251565e-16,0.0019487336944605804,0.361948051948052,0.38888888888888884,0.00047151288168535764,2.6886379737351217e-05,0.012460523741585924,0.04294821821838545,0.1778653445698051,0.022174795871526175,1
20,5,12,1.1102230246251565e-16,0.002800728393480112,0.4846071060002949,0.573389355742297,0.00047151288168535764,2.6886379737351217e-05,0.012460523741585924,0.04294821821838545,0.1778653445698051,0.022174795871526175,1
20,5,6,0.0,0.00047687090053361025,0.3157575757575758,0.3480952380952381,0.0002747227965193326,2.6144992482904623e-05,0.057786803125742386,0.17941779072706115,0.0660070084266575,0.011810032647021886,1
20,5,12,0.0,0.001706523075930999,0.44254901960784315,0.4868627450980393,0.0002747227965193326,2.6144992482904623e-05,0.057786803125742386,0.17941779072706115,0.0660070084266575,0.011810032647021886,1
20,5,6,1.1102230246251565e-16,0.002329491554423413,0.33666666666666667,0.24718614718614723,0.0007802980065341386,1.8169407382515148e-05,0.08610391792407679,0.14749990332402912,0.09197312589143164,0.010610397392101291,1
20,5,12,1.1102230246251565e-16,0.001183726317724787,0.46803921568627455,0.5740336134453782,0.0007802980065341386,1.8169407382515148e-05,0.08610391792407679,0.14749990332402912,0.09197312589143164,0.010610397392101291,1
20,5,6,0.0,0.0005171543239189669,0.39,0.4801587301587302,0.00039674359644914275,4.2702803392385846e-05,0.04816702551755,0.28743790632695343,0.08011790741889145,0.011667965183252565,1
20,5,12,0.0,0.0017769583111899578,0.5452100840336135,0.5205882352941177,0.00039674359644914275,4.2702803392385846e-05,0.04816702551755,0.28743790632695343,0.08011790741889145,0.011667965183252565,1
20,5,6,4.440892098500626e-16,0.0008766160198931949,0.31333333333333335,0.37142857142857144,0.0007394874616683889,1.51458826878352e-05,0.07451947977965971,0.15682253744302005,0.09434380630333011,0.009513719191760773,1
20,5,12,4.440892098500626e-16,0.00013280864475406773,0.43435500515995873,0.6666666666666666,0.0007394874616683889,1.51458826878352e-05,0.07451947977965971,0.15682253744302005,0.09434380630333011,0.009513719191760773,1
20,5,6,0.0,0.0015236281240724736,0.37333333333333335,0.3238528138528139,0.000578741231212889,1.9777247778181345e-05,0.05090277555630354,0.12617036243419155,0.10323856131169304,0.012077810013124735,2
20,5,12,0.0,0.001475045399085273,0.4868627450980393,0.5030532212885155,0.000578741231212889,1.9777247778181345e-05,0.05090277555630354,0.12617036243419155,0.10323856131169304,0.012077810013124735,2
20,5,6,1.1102230246251565e-16,0.0005690766245234347,0.30242424242424243,0.254040404040404,0.00046422509894434455,1.4503140397413023e-05,0.11408492798744393,0.22800071699105876,0.0624263984080522,0.007669891385170382,2
20,5,12,1.1102230246251565e-16,0.0008078107717115479,0.5381447963800905,0.4777777777777778,0.00046422509894434455,1.4503140397413023e-05,0.11408492798744393,0.22800071699105876,0.0624263984080522,0.007669891385170382,2
20,5,6,0.0,0.00026361722703494017,0.30294372294372296,0.2481818181818182,0.00033773752023736063,2.0944706489942674e-05,0.04914741957222344,0.1196788116294849,0.08002353645759047,0.012921975157165422,2
20,5,12,0.0,6.668315981617212e-06,0.5683968972204265,0.5173669467787115,0.00033773752023736063,2.0944706489942674e-05,0.04914741957222344,0.1196788116294849,0.08002353645759047,0.012921975157165422,2
20,5,6,0.0,0.0012036793296550385,0.3371861471861472,0.5079365079365079,0.0005531078381301646,1.685824166569706e-05,0.13238945288595502,0.22452290214765383,0.06121777311544344,0.008343384169693182,2
20,5,12,0.0,0.0003209374115553665,0.44495798319327723,0.573389355742297,0.0005531078381301646,1.685824166569706e-05,0.13238945288595502,0.22452290214765383,0.06121777311544344,0.008343384169693182,2
20,5,6,1.1102230246251565e-16,0.0027725514664700412,0.36,0.24242424242424243,0.0004080029746190166,1.847416378053947e-05,0.03316841098134367,0.07805932725424053,0.10780383760427685,0.014567361900815916,2
20,5,12,1.1102230246251565e-16,0.0008410372150344791,0.5311764705882351,0.5223529411764706,0.0004080029746190166,1.847416378053947e-05,0.03316841098134367,0.07805932725424053,0.10780383760427685,0.014567361900815916,2
20,5,6,2.220446049250313e-16,0.0021160173292879003,0.3566666666666667,0.2833333333333333,0.0004970839909821635,1.4937012515613657e-05,0.04958243143409841,0.12454703449081332,0.09925239554352637,0.010438222226232965,2
20,5,12,2.220446049250313e-16,0.00028650876430025285,0.4768627450980392,0.5135294117647059,0.0004970839909821635,1.4937012515613657e-05,0.04958243143409841,0.12454703449081332,0.09925239554352637,0.010438222226232965,2
20,5,6,0.0,0.001091524053053794,0.4247619047619048,0.3081818181818182,0.0003349559428022105,1.8917241322018563e-05,0.05568738081522074,0.16049154940052313,0.07366856551664626,0.01028471780983507,2
20,5,12,0.0,0.0009747700614044508,0.522702344095533,0.5423529411764705,0.0003349559428022105,1.8917241322018563e-05,0.05568738081522074,0.16049154940052313,0.07366856551664626,0.01028471780983507,2
20,5,6,1.1102230246251565e-16,0.00024307853117355727,0.36294372294372296,0.3266666666666667,0.0002654858488505499,3.253571448932761e-05,0.03355916913850818,0.13495165528346784,0.08725527658233158,0.014961562100523733,2
20,5,12,1.1102230246251565e-16,0.0006266375872499008,0.4492156862745098,0.453781512605042,0.0002654858488505499,3.253571448932761e-05,0.03355916913850818,0.13495165528346784,0.08725527658233158,0.014961562100523733,2
20,5,6,2.220446049250313e-16,0.00021288664833063464,0.2666666666666667,0.4603174603174603,0.00044871662332206767,2.1483636087130028e-05,0.06204334092150607,0.18814590526355696,0.08146752037300344,0.010286805974476237,3
20,5,12,2.220446049250313e-16,0.0013765184217093829,0.43352941176470583,0.5753501400560225,0.00044871662332206767,2.1483636087130028e-05,0.06204334092150607,0.18814590526355696,0.08146752037300344,0.010286805974476237,3
20,5,6,0.0,0.0014158863041688896,0.28575757575757577,0.4444444444444444,0.00023823789241863753,1.4665782332799394e-05,0.02923985729058521,0.08048634161165195,0.08649100703460687,0.01253924730366633,3
20,5,12,0.0,0.0012674825158744962,0.4968627450980391,0.638095238095238,0.00023823789241863753,1.4665782332799394e-05,0.02923985729058521,0.08048634161165195,0.08649100703460687,0.01253924730366633,3
20,5,6,2.220446049250313e-16,0.0004178301427419928,0.38666666666666666,0.4603174603174603,0.00044242485939679745,1.164286745111424e-05,0.048657926566718454,0.11053242949480199,0.09211248031374411,0.009824187951661754,3
20,5,12,2.220446049250313e-16,0.0005865097727966173,0.4678431372549019,0.682051282051282,0.00044242485939679745,1.164286745111424e-05,0.048657926566718454,0.11053242949480199,0.09211248031374411,0.009824187951661754,3
20,5,6,2.220446049250313e-16,5.597801730472529e-05,0.32627705627705633,0.2777922077922078,0.0003077582513167379,1.1859585292152526e-05,0.03139734381538625,0.09051289883829063,0.09504023741525994,0.01064653050142681,3
20,5,12,2.220446049250313e-16,0.0028529316186740594,0.5023529411764706,0.4322541648238243,0.0003077582513167379,1.1859585292152526e-05,0.03139734381538625,0.09051289883829063,0.09504023741525994,0.01064653050142681,3
20,5,6,0.0,5.195778710609389e-05,0.3705194805194806,0.49285714285714277,0.0004502970835996464,1.5445008974160227e-05,0.05332184131977296,0.1214670344510306,0.08992305280108094,0.010685383193046032,3
20,5,12,0.0,0.0013127171818212435,0.5757918552036199,0.6371428571428572,0.0004502970835996464,1.5445008974160227e-05,0.05332184131977296,0.1214670344510306,0.08992305280108094,0.010685383193046032,3
20,5,6,0.0,0.002978233073327674,0.3057575757575758,0.5,0.0002549964773198001,2.0860068388183703e-05,0.0857485117355592,0.25592819929582455,0.0530592871654696,0.008726915998499972,3
20,5,12,0.0,0.0023734942291795402,0.5426050420168067,0.4150326797385621,0.0002549964773198001,2.0860068388183703e-05,0.0857485117355592,0.25592819929582455,0.0530592871654696,0.008726915998499972,3
20,5,6,1.1102230246251565e-16,0.003140404232245597,0.22393939393939394,0.30242424242424243,0.00022461341144118575,1.594738739129642e-05,0.033719728415846036,0.11998719514461184,0.07568277219150708,0.010590870353913847,3
20,5,12,1.1102230246251565e-16,0.0015176739125430938,0.48352941176470593,0.4658823529411764,0.00022461341144118575,1.594738739129642e-05,0.033719728415846036,0.11998719514461184,0.07568277219150708,0.010590870353913847,3
20,5,6,0.0,0.0013573461503026962,0.2914285714285715,0.31051948051948053,0.0002717866066308592,1.7921676225688167e-05,0.04136764155862492,0.12743982001557153,0.07982223150710809,0.011594973199594301,3
20,5,12,0.0,8.001117268130464e-05,0.4443550051599587,0.5133333333333333,0.0002717866066308592,1.7921676225688167e-05,0.04136764155862492,0.12743982001557153,0.07982223150710809,0.011594973199594301,3
20,5,6,0.0,0.0009281975704285017,0.32151515151515153,0.2914285714285715,0.00027510815443033916,1.907052695399981e-05,0.04477539022865944,0.1594253070539542,0.07603682181088059,0.0104475796599789,4
20,5,12,0.0,0.00030598673114412556,0.4276883384932921,0.4513725490196078,0.00027510815443033916,1.907052695399981e-05,0.04477539022865944,0.1594253070539542,0.07603682181088059,0.0104475796599789,4
20,5,6,2.220446049250313e-16,8.473020815336074e-05,0.30718614718614723,0.44142857142857145,0.00042655500833922076,1.5123126288945929e-05,0.03478599914075483,0.11056426273127823,0.10603057875243754,0.011110113077866328,4
20,5,12,2.220446049250313e-16,0.001014744210312113,0.48568627450980395,0.5188450764921353,0.00042655500833922076,1.5123126288945929e-05,0.03478599914075483,0.11056426273127823,0.10603057875243754,0.011110113077866328,4
20,5,6,2.220446049250313e-16,0.0006090212995357724,0.37333333333333335,0.27242424242424246,0.00021408958895885284,1.6683355063975254e-05,0.06664982682080582,0.1543460764747383,0.053950374870332114,0.009452028135701559,4
20,5,12,2.220446049250313e-16,0.0019004411480207928,0.4624502432551968,0.48352941176470593,0.00021408958895885284,1.6683355063975254e-05,0.06664982682080582,0.1543460764747383,0.053950374870332114,0.009452028135701559,4
20,5,6,0.0,0.001735735523394677,0.3624242424242424,0.41,0.000424321364647779,1.2533925756402127e-05,0.0300299575453138,0.07285778893502645,0.11629120478101675,0.012397531487374538,4
20,5,12,0.0,0.0017493808878918937,0.5526050420168067,0.4857918552036199,0.000424321364647779,1.2533925756402127e-05,0.0300299575453138,0.07285778893502645,0.11629120478101675,0.012397531487374538,4
20,5,6,0.0,0.0014425678496806649,0.29909090909090913,0.33536796536796537,0.00031026789266727157,1.7704729494438677e-05,0.019771361453411997,0.06622958754716063,0.12244988023371714,0.015427523454104843,4
20,5,12,0.0,0.0018072960314756692,0.4590196078431372,0.4435294117647059,0.00031026789266727157,1.7704729494438677e-05,0.019771361453411997,0.06622958754716063,0.12244988023371714,0.015427523454104843,4
20,5,6,2.220446049250313e-16,0.0026525157834915714,0.2833333333333333,0.35718614718614716,0.0002491255543044347,1.5476478710739698e-05,0.04331424014844595,0.1341683858680295,0.07265605179092421,0.01004531615534983,4
20,5,12,2.220446049250313e-16,0.003377347973489986,0.47343063541205954,0.5740336134453782,0.0002491255543044347,1.5476478710739698e-05,0.04331424014844595,0.1341683858680295,0.07265605179092421,0.01004531615534983,4
20,5,6,1.1102230246251565e-16,0.0006108888164584325,0.39476190476190476,0.2690909090909091,0.00045126953814589223,9.610770664080604e-06,0.04653612490627505,0.09030678775158532,0.09464158607935143,0.00976500230980621,4
20,5,12,1.1102230246251565e-16,0.0009677554198380678,0.5452100840336135,0.5775630252100841,0.00045126953814589223,9.610770664080604e-06,0.04653612490627505,0.09030678775158532,0.09464158607935143,0.00976500230980621,4
20,5,6,0.0,0.002333944020754153,0.3433333333333334,0.26303030303030306,0.0004053113093308255,1.2052126594328196e-05,0.03908417371819939,0.09237724441943461,0.09516563101714133,0.01047919396589838,4
20,5,12,0.0,0.0013569671351512103,0.4758823529411765,0.4804481792717087,0.0004053113093308255,1.2052126594328196e-05,0.03908417371819939,0.09237724441943461,0.09516563101714133,0.01047919396589838,4
20,5,6,0.0,0.003065085556403724,0.31051948051948053,0.29696969696969694,0.0007263780956514788,1.4294990583785416e-05,0.02941015844653281,0.07535776795342557,0.1496354754733423,0.013266869226275938,5
20,5,12,0.0,0.0018577380286728395,0.4492156862745098,0.5040975364504776,0.0007263780956514788,1.4294990583785416e-05,0.02941015844653281,0.07535776795342557,0.1496354754733423,0.013266869226275938,5
20,5,6,1.1102230246251565e-16,0.0008183401675818658,0.3533333333333334,0.2890909090909091,0.00020241989643309723,2.0669034428476358e-05,0.10575473435347589,0.3114153698854542,0.04230985758499,0.007863297753566431,5
20,5,12,1.1102230246251565e-16,0.0016702000601613864,0.4806442577030812,0.5173669467787114,0.00020241989643309723,2.0669034428476358e-05,0.10575473435347589,0.3114153698854542,0.04230985758499,0.007863297753566431,5
20,5,6,2.220446049250313e-16,0.0035337204839180902,0.5033333333333333,0.25909090909090915,0.00021922066690744992,1.3307131090770104e-05,0.1435498897706422,0.24262998567534022,0.03816269809542856,0.007335617315854111,5
20,5,12,2.220446049250313e-16,0.0038614371739373876,0.5757918552036199,0.5566386554621848,0.00021922066690744992,1.3307131090770104e-05,0.1435498897706422,0.24262998567534022,0.03816269809542856,0.007335617315854111,5
20,5,6,1.1102230246251565e-16,0.0008887464384610411,0.5904761904761905,0.3681818181818182,0.00034880497494804973,2.5074807983448815e-05,0.06794979944167957,0.19343380178842143,0.07062895145000313,0.011063615174400803,5
20,5,12,1.1102230246251565e-16,0.0014119462086410461,0.5385434173669468,0.6086489980607628,0.00034880497494804973,2.5074807983448815e-05,0.06794979944167957,0.19343380178842143,0.07062895145000313,0.011063615174400803,5
20,5,6,1.1102230246251565e-16,0.0013595721426857832,0.27484848484848484,0.31051948051948053,0.0003609489933741752,1.0808017627479538e-05,0.07968660255988394,0.13455648318750787,0.06461246520753314,0.008462307420615557,5
20,5,12,1.1102230246251565e-16,0.0010940959770635583,0.533781512605042,0.48093117408906877,0.0003609489933741752,1.0808017627479538e-05,0.07968660255988394,0.13455648318750787,0.06461246520753314,0.008462307420615557,5
20,5,6,0.0,0.0012143707057679087,0.27575757575757576,0.26718614718614725,0.0004308389519385693,1.4909510781652542e-05,0.04590682609539467,0.12152620266481448,0.09432969822540184,0.010794548348647522,5
20,5,12,0.0,0.0028243289417713147,0.5082913165266107,0.4871148459383754,0.0004308389519385693,1.4909510781652542e-05,0.04590682609539467,0.12152620266481448,0.09432969822540184,0.010794548348647522,5
20,5,6,0.0,0.0007406631020796528,0.30242424242424243,0.45021645021645024,0.0007983428385175506,1.2417779467691525e-05,0.029119138822902707,0.05974858403921798,0.1623893741308842,0.013143482411316128,5
20,5,12,0.0,0.0022047813429095786,0.4997198879551821,0.5632478632478632,0.0007983428385175506,1.2417779467691525e-05,0.029119138822902707,0.05974858403921798,0.1623893741308842,0.013143482411316128,5
20,5,6,0.0,0.0014344424386754095,0.41142857142857137,0.2957575757575758,0.00035672394223367014,2.251169290919263e-05,0.052366089901330355,0.1671590826782184,0.07757776815455439,0.011141299425509893,5
20,5,12,0.0,0.001754539322758042,0.6054621848739495,0.5049579831932773,0.00035672394223367014,2.251169290919263e-05,0.052366089901330355,0.1671590826782184,0.07757776815455439,0.011141299425509893,5
20,5,6,0.0,0.0013266161454592584,0.2966666666666667,0.34051948051948056,0.0002621462807634876,2.353962511779709e-05,0.023122896921378512,0.11263221905787917,0.10317486635918037,0.013910842551561728,6
20,5,12,0.0,0.001860798137610642,0.4716246498599439,0.5960439560439561,0.0002621462807634876,2.353962511779709e-05,0.023122896921378512,0.11263221905787917,0.10317486635918037,0.013910842551561728,6
20,5,6,0.0,0.0017419327720653577,0.2515151515151516,0.22626262626262625,0.00028715691423734186,1.3378728629121329e-05,0.08908938555381388,0.20821185700255207,0.055716528893770344,0.007841194758609392,6
20,5,12,0.0,0.0012681892392343297,0.5199999999999999,0.4872549019607843,0.00028715691423734186,1.3378728629121329e-05,0.08908938555381388,0.20821185700255207,0.055716528893770344,0.007841194758609392,6
20,5,6,1.1102230246251565e-16,0.0007070897461158854,0.2990909090909091,0.36718614718614717,0.00031499592994663645,8.965349094825932e-06,0.11097293403946679,0.15691180997751467,0.051991448841803095,0.007145453104992919,6
20,5,12,1.1102230246251565e-16,0.001564961409565635,0.48352941176470593,0.5197198879551821,0.00031499592994663645,8.965349094825932e-06,0.11097293403946679,0.15691180997751467,0.051991448841803095,0.007145453104992919,6
20,5,6,0.0,0.00047005917513109896,0.3290909090909091,0.47095238095238096,0.0002774433212543135,1.4252302257389507e-05,0.0901060709512069,0.21725516730068165,0.05390254529104053,0.007787365789755059,6
20,5,12,0.0,0.0016245172368418714,0.4626050420168067,0.45901960784313733,0.0002774433212543135,1.4252302257389507e-05,0.0901060709512069,0.21725516730068165,0.05390254529104053,0.007787365789755059,6
20,5,6,0.0,0.002563983143505144,0.34,0.5261904761904762,0.000244662703626205,0.0001091821698309055,0.02129018860869321,0.31691061603143184,0.10092144721509864,0.017426467012877637,6
20,5,12,0.0,0.00021621526130011226,0.45182072829131653,0.5426050420168067,0.000244662703626205,0.0001091821698309055,0.02129018860869321,0.31691061603143184,0.10092144721509864,0.017426467012877637,6
20,5,6,0.0,0.000562730315010973,0.2781818181818182,0.3746031746031746,0.00034514071316983516,1.802702079708139e-05,0.03390767852823409,0.12754888534474815,0.09572365947150008,0.011444815400866086,6
20,5,12,0.0,0.0005228629899418635,0.46260504201680674,0.6600732600732601,0.00034514071316983516,1.802702079708139e-05,0.03390767852823409,0.12754888534474815,0.09572365947150008,0.011444815400866086,6
20,5,6,0.0,0.0006493279109529571,0.31051948051948053,0.3296103896103896,0.00020743975398794732,1.7184078075135014e-05,0.08881932734517975,0.21146400369905333,0.04736936907771459,0.008809963910940835,6
20,5,12,0.0,0.0011605758575115033,0.5087394957983193,0.4804481792717087,0.00020743975398794732,1.7184078075135014e-05,0.08881932734517975,0.21146400369905333,0.04736936907771459,0.008809963910940835,6
20,5,6,0.0,0.0012640840417110777,0.2672727272727273,0.37333333333333335,0.000231113039111383,1.6062911829368975e-05,0.043651798871911326,0.13495292904913606,0.0707135480135685,0.010452031806647688,6
20,5,12,0.0,0.0027692629916504785,0.4647058823529412,0.5930122818358112,0.000231113039111383,1.6062911829368975e-05,0.043651798871911326,0.13495292904913606,0.0707135480135685,0.010452031806647688,6
20,5,6,0.0,0.002904503288204907,0.3347619047619048,0.3266666666666667,0.00042981898171050303,1.5979943404144176e-05,0.06627901257907752,0.18135054603483952,0.07609630209848227,0.00865550652009817,7
20,5,12,0.0,0.0010979329312255093,0.4945098039215686,0.4768627450980392,0.00042981898171050303,1.5979943404144176e-05,0.06627901257907752,0.18135054603483952,0.07609630209848227,0.00865550652009817,7
20,5,6,0.0,0.0008612841047210829,0.39952380952380956,0.3619769119769119,0.0005247965405603414,1.569570287095993e-05,0.06939667869692703,0.26362775841411834,0.08457934766711055,0.007527319444989587,7
20,5,12,0.0,0.0017009832401079228,0.553781512605042,0.5098972922502334,0.0005247965405603414,1.569570287095993e-05,0.06939667869692703,0.26362775841411834,0.08457934766711055,0.007527319444989587,7
20,5,6,0.0,0.0002664133835934557,0.28051948051948056,0.4666666666666666,0.0005609613535463124,9.099642454570961e-06,0.17732911990659395,0.2293727645553134,0.05515782760027236,0.0060618523840991895,7
20,5,12,0.0,0.0011139540686687655,0.4856862745098039,0.5304172951231775,0.0005609613535463124,9.099642454570961e-06,0.17732911990659395,0.2293727645553134,0.05515782760027236,0.0060618523840991895,7
20,5,6,2.220446049250313e-16,0.0026021637954298793,0.20242424242424245,0.32242424242424245,0.0005302254049916834,1.761560177430198e-05,0.0650638313130907,0.16334613553229904,0.08889816042046446,0.010088345586705958,7
20,5,12,2.220446049250313e-16,0.0020284682359984485,0.48470588235294115,0.500497737556561,0.0005302254049916834,1.761560177430198e-05,0.0650638313130907,0.16334613553229904,0.08889816042046446,0.010088345586705958,7
20,5,6,0.0,0.002187727186903188,0.21484848484848484,0.19303030303030302,0.0003836852024787332,2.018380879933033e-05,0.07372063537987919,0.20756037964002372,0.06945796034243451,0.009582306512103315,7
20,5,12,0.0,0.003218810304464803,0.43651186790505675,0.5023529411764706,0.0003836852024787332,2.018380879933033e-05,0.07372063537987919,0.20756037964002372,0.06945796034243451,0.009582306512103315,7
20,5,6,0.0,0.0018806815677594457,0.30242424242424243,0.393939393939394,0.0005330658085677135,1.2890148775459051e-05,0.046169786568308925,0.12160628100064826,0.10109469340428073,0.009702053497456637,7
20,5,12,0.0,0.0017899968052397242,0.48162464985994397,0.5555555555555555,0.0005330658085677135,1.2890148775459051e-05,0.046169786568308925,0.12160628100064826,0.10109469340428073,0.009702053497456637,7
20,5,6,0.0,0.0008946076804916547,0.34051948051948056,0.25339105339105344,0.00038052760513725093,1.834629264237613e-05,0.052266606515054444,0.17007796370196987,0.08308369587832268,0.00997822377730357,7
20,5,12,0.0,0.0004671316850906049,0.440392156862745,0.5338360985419809,0.00038052760513725093,1.834629264237613e-05,0.052266606515054444,0.17007796370196987,0.08308369587832268,0.00997822377730357,7
20,5,6,0.0,0.0015217010124697339,0.27242424242424246,0.33015873015873015,0.000389045825327889,1.0253450425080843e-05,0.08314865269695236,0.13756777176454368,0.0656542803194452,0.008246513908909715,7
20,5,12,0.0,5.596089593318254e-05,0.4768627450980391,0.46545284780578894,0.000389045825327889,1.0253450425080843e-05,0.08314865269695236,0.13756777176454368,0.0656542803194452,0.008246513908909715,7
20,5,6,0.0,9.995619903557795e-05,0.4,0.2290909090909091,0.00034956404762190275,2.0884304747328425e-05,0.0701909181101236,0.21204563196668166,0.0684010756438457,0.009748760489373464,8
20,5,12,0.0,0.001315105372644454,0.5163865546218488,0.4137254901960784,0.00034956404762190275,2.0884304747328425e-05,0.0701909181101236,0.21204563196668166,0.0684010756438457,0.009748760489373464,8
20,5,6,0.0,0.0010691394189384917,0.43809523809523804,0.39999999999999997,0.00043811330452705793,1.4080312363122573e-05,0.039433794486582005,0.0993289599389812,0.10098369325009474,0.011002273069762274,8
20,5,12,0.0,0.0002785460761232095,0.5200973020787263,0.592436974789916,0.00043811330452705793,1.4080312363122573e-05,0.039433794486582005,0.0993289599389812,0.10098369325009474,0.011002273069762274,8
20,5,6,0.0,0.0017934354375029882,0.34575757575757576,0.30793650793650795,0.0003134905464179613,1.5453361265035776e-05,0.049038462433720564,0.16356576331737085,0.07843500504277309,0.009425988487483047,8
20,5,12,0.0,0.0021864918030112257,0.5426050420168067,0.43604108309990663,0.0003134905464179613,1.5453361265035776e-05,0.049038462433720564,0.16356576331737085,0.07843500504277309,0.009425988487483047,8
20,5,6,0.0,0.00020611530041891868,0.33,0.3433333333333334,0.00023432391286245548,5.003159171108633e-05,0.12091365273805638,0.495163788863319,0.04348376989590584,0.009917473077386173,8
20,5,12,0.0,0.0006694975740835218,0.48588235294117643,0.47946778711484594,0.00023432391286245548,5.003159171108633e-05,0.12091365273805638,0.495163788863319,0.04348376989590584,0.009917473077386173,8
20,5,6,0.0,0.0009142839453546436,0.33,0.22818181818181818,0.00038332084165530045,2.4354072809702645e-05,0.0847337202034521,0.27937557496542503,0.06603256963126496,0.0091055548915803,8
20,5,12,0.0,0.00042207173909503126,0.4882913165266106,0.4626050420168067,0.00038332084165530045,2.4354072809702645e-05,0.0847337202034521,0.27937557496542503,0.06603256963126496,0.0091055548915803,8
20,5,6,1.1102230246251565e-16,0.0029866329263965596,0.37,0.37777777777777777,0.0003243937558933202,4.68971131744826e-05,0.11672103482108218,0.6172726562972354,0.051448358953101056,0.008412241109395086,8
20,5,12,1.1102230246251565e-16,0.001578708100900883,0.45901960784313733,0.4507469654528478,0.0003243937558933202,4.68971131744826e-05,0.11672103482108218,0.6172726562972354,0.051448358953101056,0.008412241109395086,8
20,5,6,0.0,0.0008413111304430565,0.37333333333333335,0.4666666666666666,0.00038628949520978805,1.6322176507015174e-05,0.044010467604846795,0.16399990409529946,0.08793021079758187,0.009597684888752376,8
20,5,12,0.0,0.0010647651550885762,0.5211764705882352,0.682051282051282,0.00038628949520978805,1.6322176507015174e-05,0.044010467604846795,0.16399990409529946,0.08793021079758187,0.009597684888752376,8
20,5,6,1.1102230246251565e-16,0.0017951653851810967,0.3566666666666667,0.4151515151515152,0.0006877687604596732,1.5139904062908798e-05,0.042077102966068425,0.10168433598273492,0.12327716223888922,0.0111525577081177,8
20,5,12,1.1102230246251565e-16,9.711464289496874e-05,0.4868627450980392,0.5763197586726999,0.0006877687604596732,1.5139904062908798e-05,0.042077102966068425,0.10168433598273492,0.12327716223888922,0.0111525577081177,8
20,5,6,1.1102230246251565e-16,0.0010626924283615446,0.33,0.24484848484848487,0.0004104707036673141,3.1899105179339556e-05,0.023774440000584846,0.07445030802903446,0.12838266567579332,0.019690272460600764,9
20,5,12,1.1102230246251565e-16,0.0008056100259469234,0.5954621848739496,0.49378151260504194,0.0004104707036673141,3.1899105179339556e-05,0.023774440000584846,0.07445030802903446,0.12838266567579332,0.019690272460600764,9
20,5,6,1.1102230246251565e-16,0.0005219496009446489,0.3466666666666667,0.3262626262626262,0.0004816473737490984,2.135729701486534e-05,0.04849239349502748,0.11497472653334802,0.09604355483262147,0.01335605536528703,9
20,5,12,1.1102230246251565e-16,0.0006243477852426738,0.5133333333333333,0.5690476190476191,0.0004816473737490984,2.135729701486534e-05,0.04849239349502748,0.11497472653334802,0.09604355483262147,0.01335605536528703,9
20,5,6,0.0,0.0020610978452784146,0.4499999999999999,0.24935064935064932,0.0007381327407783255,1.988757179159427e-05,0.024442166367500448,0.04583910116764166,0.16692442710806923,0.01958616330505441,9
20,5,12,0.0,0.001849184208037702,0.5528571428571429,0.4857968828557064,0.0007381327407783255,1.988757179159427e-05,0.024442166367500448,0.04583910116764166,0.16692442710806923,0.01958616330505441,9
20,5,6,0.0,0.0029780481365260236,0.31242424242424244,0.4461904761904762,0.00026144576267630613,1.71584924426999e-05,0.05266545852615673,0.13609079915068628,0.06722150829864698,0.010788003327183791,9
20,5,12,0.0,0.000631477534011049,0.4704481792717087,0.4882913165266106,0.00026144576267630613,1.71584924426999e-05,0.05266545852615673,0.13609079915068628,0.06722150829864698,0.010788003327183791,9
20,5,6,0.0,0.0026796266396943436,0.4461904761904762,0.4214285714285714,0.00030877478944707796,2.9303263009591384e-05,0.028388701244851107,0.10094307478519028,0.10024169032783642,0.015568075204255188,9
20,5,12,0.0,0.0026718824184702727,0.49044817927170864,0.50593837535014,0.00030877478944707796,2.9303263009591384e-05,0.028388701244851107,0.10094307478519028,0.10024169032783642,0.015568075204255188,9
20,5,6,0.0,4.392010255882539e-05,0.31909090909090915,0.3493506493506493,0.0004926628632563227,1.753120605073402e-05,0.0363962995958938,0.07715331535983856,0.11121707477987032,0.013961807075249492,9
20,5,12,0.0,0.002451021455604163,0.46803921568627455,0.5857142857142857,0.0004926628632563227,1.753120605073402e-05,0.0363962995958938,0.07715331535983856,0.11121707477987032,0.013961807075249492,9
20,5,6,0.0,0.00048524949524431094,0.3705194805194805,0.33,0.0002402847924805269,1.889586709882483e-05,0.13278504247325368,0.27168704265687543,0.04138476697820516,0.008226075882338415,9
20,5,12,0.0,0.0012377530841676254,0.4847058823529412,0.5123529411764706,0.0002402847924805269,1.889586709882483e-05,0.13278504247325368,0.27168704265687543,0.04138476697820516,0.008226075882338415,9
20,5,6,2.220446049250313e-16,0.0003028200852281948,0.4714285714285714,0.4222222222222222,0.0002643534184553124,2.0445524392238974e-05,0.13704762892109923,0.2475269167815943,0.04263006073741738,0.008752332549237385,9
20,5,12,2.220446049250313e-16,0.0003374559906237362,0.5714285714285714,0.503921568627451,0.0002643534184553124,2.0445524392238974e-05,0.13704762892109923,0.2475269167815943,0.04263006073741738,0.008752332549237385,9
20,5,6,0.0,0.0006302204638803932,0.38952380952380955,0.4714285714285714,0.0003998028428744587,2.2108514047794154e-05,0.03443630519199362,0.08835000082234118,0.10426288878615214,0.014447487467845108,10
20,5,12,0.0,0.0009905345541240118,0.4747058823529412,0.5411764705882354,0.0003998028428744587,2.2108514047794154e-05,0.03443630519199362,0.08835000082234118,0.10426288878615214,0.014447487467845108,10
20,5,6,0.0,0.0024549206162323145,0.3290909090909091,0.4523809523809524,0.0007269630683307036,1.9410236661274588e-05,0.018619146920596862,0.03068863726404297,0.19007618147735636,0.02310880533739535,10
20,5,12,0.0,0.0022023607296126624,0.45784313725490194,0.544947209653092,0.0007269630683307036,1.9410236661274588e-05,0.018619146920596862,0.03068863726404297,0.19007618147735636,0.02310880533739535,10
20,5,6,0.0,0.0017641966437262901,0.31627705627705627,0.4247619047619048,0.0004034848801775545,1.7714828798740128e-05,0.057186596906418564,0.13515869315188478,0.0821134605783415,0.011051667437234368,10
20,5,12,0.0,0.00045847061360837493,0.4935294117647059,0.533781512605042,0.0004034848801775545,1.7714828798740128e-05,0.057186596906418564,0.13515869315188478,0.0821134605783415,0.011051667437234368,10
20,5,6,2.220446049250313e-16,0.000549704769771453,0.2915151515151515,0.35793650793650794,0.0005244628667691212,1.5387752056916956e-05,0.039187177506972794,0.09545646762370348,0.11098109864557933,0.012175834487234282,10
20,5,12,2.220446049250313e-16,0.0007507600324869745,0.5161344537815126,0.5690476190476191,0.0005244628667691212,1.5387752056916956e-05,0.039187177506972794,0.09545646762370348,0.11098109864557933,0.012175834487234282,10
20,5,6,1.1102230246251565e-16,0.0007505830134876268,0.32666666666666666,0.354040404040404,0.00042241373689177276,1.5672896813279934e-05,0.05609067903197526,0.12881282683965278,0.08451883802180689,0.010537700795028167,10
20,5,12,1.1102230246251565e-16,0.003657273573430153,0.4935294117647059,0.5596530920060332,0.00042241373689177276,1.5672896813279934e-05,0.05609067903197526,0.12881282683965278,0.08451883802180689,0.010537700795028167,10
20,5,6,0.0,0.0002464408093214576,0.39142857142857146,0.47095238095238096,0.0002630896916709712,2.5410048846122363e-05,0.04259686877694853,0.15357377944694575,0.07678951746134155,0.01209847298591101,10
20,5,12,0.0,0.0006985732573507875,0.582857142857143,0.4582913165266107,0.0002630896916709712,2.5410048846122363e-05,0.04259686877694853,0.15357377944694575,0.07678951746134155,0.01209847298591101,10
20,5,6,1.1102230246251565e-16,0.0013196775451553844,0.36,0.2707070707070707,0.0005678378695883672,2.77073525463435e-05,0.13877340253468684,0.31785521586360943,0.06238513011454229,0.009064504899796566,10
20,5,12,1.1102230246251565e-16,0.0029061199701103657,0.523781512605042,0.5063025210084033,0.0005678378695883672,2.77073525463435e-05,0.13877340253468684,0.31785521586360943,0.06238513011454229,0.009064504899796566,10
20,5,6,0.0,0.0010620083097363509,0.37,0.3371861471861472,0.0004930113084854165,2.0904689912869196e-05,0.034210412272878826,0.08952824232865159,0.1105065426134372,0.014056734196711206,10
20,5,12,0.0,0.0012429682627481675,0.5828571428571429,0.4804481792717087,0.0004930113084854165,2.0904689912869196e-05,0.034210412272878826,0.08952824232865159,0.1105065426134372,0.014056734196711206,10
20,5,6,2.220446049250313e-16,0.0011683576012038177,0.23484848484848486,0.24242424242424243,0.0001980387505797318,1.435599557899594e-05,0.11952752448871934,0.28674068453470647,0.04013511642480439,0.006833898432691359,11
20,5,12,2.220446049250313e-16,8.618117311631757e-05,0.5440336134453782,0.4356862745098039,0.0001980387505797318,1.435599557899594e-05,0.11952752448871934,0.28674068453470647,0.04013511642480439,0.006833898432691359,11
20,5,6,0.0,0.0005026692169211033,0.42142857142857143,0.29444444444444445,0.0003754111914721493,2.1205951866144612e-05,0.050853265236221294,0.16126861545616247,0.08466571882242054,0.01112160028589109,11
20,5,12,0.0,0.0003671117178747352,0.5363865546218488,0.4411764705882352,0.0003754111914721493,2.1205951866144612e-05,0.050853265236221294,0.16126861545616247,0.08466571882242054,0.01112160028589109,11
20,5,6,0.0,0.001867849646703168,0.3347619047619048,0.21242424242424246,0.0002089212865145406,1.1964339576035826e-05,0.16299577177058044,0.2686163022285569,0.0353428956134571,0.006513530775884894,11
20,5,12,0.0,0.00031987618532913764,0.5766386554621848,0.43352941176470583,0.0002089212865145406,1.1964339576035826e-05,0.16299577177058044,0.2686163022285569,0.0353428956134571,0.006513530775884894,11
20,5,6,0.0,0.0009035163100721277,0.5476190476190477,0.24,0.00031496085730184603,1.647373021065527e-05,0.04418509409695402,0.14126045589940509,0.08249922119199403,0.010482985040777082,11
20,5,12,0.0,0.0012028363707703438,0.5626050420168067,0.43200206398348817,0.00031496085730184603,1.647373021065527e-05,0.04418509409695402,0.14126045589940509,0.08249922119199403,0.010482985040777082,11
20,5,6,1.1102230246251565e-16,0.0012733192185102604,0.3705194805194806,0.2506060606060606,0.00017506399900872903,2.489084032307264e-05,0.0848710947212798,0.2566987451909536,0.0436601416915624,0.009385578476559743,11
20,5,12,1.1102230246251565e-16,8.993077184604736e-05,0.5599719887955181,0.46803921568627455,0.00017506399900872903,2.489084032307264e-05,0.0848710947212798,0.2566987451909536,0.0436601416915624,0.009385578476559743,11
20,5,6,0.0,0.00028476996798076915,0.5095238095238095,0.2862770562770563,0.0003226742337757349,1.1960953069575809e-05,0.04047303553047693,0.09970684282260445,0.08765455877942287,0.010691839921417404,11
20,5,12,0.0,0.0012388608060149853,0.5161344537815126,0.4781447963800905,0.0003226742337757349,1.1960953069575809e-05,0.04047303553047693,0.09970684282260445,0.08765455877942287,0.010691839921417404,11
20,5,6,0.0,0.0006334032613568574,0.2024242424242424,0.35793650793650794,0.0004305690765034752,1.1949323759165772e-05,0.04264425232497255,0.07738111730041604,0.09729209743048922,0.011658833907592607,11
20,5,12,0.0,0.0006806070000860975,0.5528571428571428,0.5616138763197587,0.0004305690765034752,1.1949323759165772e-05,0.04264425232497255,0.07738111730041604,0.09729209743048922,0.011658833907592607,11
20,5,6,2.220446049250313e-16,0.000208646702830384,0.37666666666666665,0.2579365079365079,0.0005282401137006958,1.6613194541571076e-05,0.042639591422919856,0.11872077870423493,0.10820091289137172,0.011616207734116861,11
20,5,12,2.220446049250313e-16,0.0003643913142922228,0.5626050420168067,0.5075163398692811,0.0005282401137006958,1.6613194541571076e-05,0.042639591422919856,0.11872077870423493,0.10820091289137172,0.011616207734116861,11
20,5,6,0.0,0.006100448520271584,0.31,0.27626262626262627,0.0007952071529563127,2.0882400470974532e-05,0.05601736988006193,0.14967728782187312,0.11305641855223411,0.011299273249779177,12
20,5,12,0.0,0.004106529356910804,0.5614285714285714,0.4594771241830065,0.0007952071529563127,2.0882400470974532e-05,0.05601736988006193,0.14967728782187312,0.11305641855223411,0.011299273249779177,12
20,5,6,1.1102230246251565e-16,0.002820271737884461,0.24575757575757579,0.27051948051948055,0.00044059293456629947,2.2052346698138617e-05,0.043480484036374195,0.10112529213766691,0.09787054159072432,0.013758823568058355,12
20,5,12,1.1102230246251565e-16,0.0019186570279885462,0.46568627450980393,0.508095238095238,0.00044059293456629947,2.2052346698138617e-05,0.043480484036374195,0.10112529213766691,0.09787054159072432,0.013758823568058355,12
20,5,6,0.0,0.0033770896231242187,0.27242424242424246,0.2206060606060606,0.00046017891697357265,2.146745667736256e-05,0.1720976517535448,0.31220349087015636,0.05116729747080574,0.008191533899549948,12
20,5,12,0.0,0.0050328274278891305,0.5752100840336134,0.4443550051599588,0.00046017891697357265,2.146745667736256e-05,0.1720976517535448,0.31220349087015636,0.05116729747080574,0.008191533899549948,12
20,5,6,0.0,0.0021926481860725655,0.4033333333333333,0.30818181818181817,0.00043585593324177706,1.541635569326869e-05,0.06857845367368735,0.14017368505966685,0.078131132170305,0.010287793008080862,12
20,5,12,0.0,0.0028300320532759216,0.5207002801120447,0.5118767507002799,0.00043585593324177706,1.541635569326869e-05,0.06857845367368735,0.14017368505966685,0.078131132170305,0.010287793008080862,12
20,5,6,0.0,0.00030035829840624473,0.3057575757575758,0.3134632034632035,0.0004388261343814667,1.762929795056508e-05,0.06411137099159268,0.14727378820726572,0.0803941619934247,0.010580365951974325,12
20,5,12,0.0,0.001907061332128368,0.46686274509803916,0.45999999999999996,0.0004388261343814667,1.762929795056508e-05,0.06411137099159268,0.14727378820726572,0.0803941619934247,0.010580365951974325,12
20,5,6,2.220446049250313e-16,0.0012936451883094335,0.31051948051948053,0.18787878787878784,0.0006219412619306912,2.121965189598776e-05,0.04059203274189014,0.11522378904635942,0.12210479332578456,0.012508156911106988,12
20,5,12,2.220446049250313e-16,0.0004097206053661484,0.5411764705882354,0.4469600471767655,0.0006219412619306912,2.121965189598776e-05,0.04059203274189014,0.11522378904635942,0.12210479332578456,0.012508156911106988,12
20,5,6,2.220446049250313e-16,0.003103143623704785,0.24242424242424243,0.21484848484848484,0.0005982495440635667,1.7848728431602305e-05,0.1854660196868673,0.2879727061227461,0.05572112617616727,0.007741638752857621,12
20,5,12,2.220446049250313e-16,0.0011762468233874612,0.5085434173669469,0.45352941176470585,0.0005982495440635667,1.7848728431602305e-05,0.1854660196868673,0.2879727061227461,0.05572112617616727,0.007741638752857621,12
20,5,6,0.0,0.0006102883387928415,0.4714285714285714,0.37777777777777777,0.000585915313369131,1.33037495610567e-05,0.05012671526188795,0.11056845762688192,0.10582755476430725,0.010406829179904544,12
20,5,12,0.0,0.00042781895979238094,0.5559383753501399,0.6166666666666667,0.000585915313369131,1.33037495610567e-05,0.05012671526188795,0.11056845762688192,0.10582755476430725,0.010406829179904544,12
20,5,6,0.0,0.00023508613280132096,0.2396969696969697,0.40809523809523807,0.0006082482377564571,1.4788433809453652e-05,0.06509562842061432,0.15133666221265954,0.0936615889399358,0.009641499723357268,13
20,5,12,0.0,7.497703955028356e-06,0.4445098039215686,0.5135294117647059,0.0006082482377564571,1.4788433809453652e-05,0.06509562842061432,0.15133666221265954,0.0936615889399358,0.009641499723357268,13
20,5,6,4.440892098500626e-16,0.001141170425260185,0.3266666666666667,0.5555555555555555,0.00037301949867009983,1.2789536025167451e-05,0.042632785341405396,0.09091239065201821,0.09063897260326771,0.011282707077839295,13
20,5,12,4.440892098500626e-16,0.00026428385140597754,0.4920728291316527,0.6666666666666666,0.00037301949867009983,1.2789536025167451e-05,0.042632785341405396,0.09091239065201821,0.09063897260326771,0.011282707077839295,13
20,5,6,1.1102230246251565e-16,0.00234694816439851,0.3290909090909091,0.41666666666666663,0.00047199924338414136,2.8891668536437762e-05,0.032757408498317944,0.08887276334158085,0.1168521978756667,0.017513387425085188,13
20,5,12,1.1102230246251565e-16,0.0019791037716135884,0.5352100840336135,0.4945098039215686,0.00047199924338414136,2.8891668536437762e-05,0.032757408498317944,0.08887276334158085,0.1168521978756667,0.017513387425085188,13
20,5,6,0.0,9.404708883109514e-05,0.23727272727272725,0.2938528138528139,0.0005615454737262299,1.299653279419693e-05,0.0878919014341584,0.16278897305707063,0.07840918123866043,0.008614107421427422,13
20,5,12,0.0,0.0004633383880372488,0.5035294117647059,0.4804481792717087,0.0005615454737262299,1.299653279419693e-05,0.0878919014341584,0.16278897305707063,0.07840918123866043,0.008614107421427422,13
20,5,6,0.0,0.003201439824659813,0.21727272727272723,0.19878787878787876,0.00028454475547619714,2.0909560004326462e-05,0.03699845802328123,0.12259158982560794,0.08505169734439394,0.012592046417177245,13
20,5,12,0.0,0.0017360485448194574,0.4225490196078431,0.43435500515995873,0.00028454475547619714,2.0909560004326462e-05,0.03699845802328123,0.12259158982560794,0.08505169734439394,0.012592046417177245,13
20,5,6,2.220446049250313e-16,0.002341736838518349,0.2766666666666667,0.2690909090909091,0.00028170073582034364,2.441714243868123e-05,0.18633937275080426,0.5575566801800568,0.037205260124925796,0.006498021286027751,13
20,5,12,2.220446049250313e-16,0.0017985038211025817,0.41470588235294115,0.46686274509803927,0.00028170073582034364,2.441714243868123e-05,0.18633937275080426,0.5575566801800568,0.037205260124925796,0.006498021286027751,13
20,5,6,2.220446049250313e-16,0.00027651375871884376,0.3057575757575758,0.4128571428571429,0.0006071747130417854,1.2692195973766452e-05,0.08368410289690212,0.15738270269947083,0.08186586713435128,0.00846647854455934,13
20,5,12,2.220446049250313e-16,0.0018844240433389947,0.47784313725490196,0.5854621848739495,0.0006071747130417854,1.2692195973766452e-05,0.08368410289690212,0.15738270269947083,0.08186586713435128,0.00846647854455934,13
20,5,6,2.220446049250313e-16,0.004010715783968055,0.2615151515151516,0.35555555555555557,0.0006401955156589949,1.457327541635793e-05,0.025952721994830136,0.0688798010560126,0.150770799119714,0.013829664284974404,13
20,5,12,2.220446049250313e-16,0.0020370402211602467,0.44578357658853013,0.4872549019607843,0.0006401955156589949,1.457327541635793e-05,0.025952721994830136,0.0688798010560126,0.150770799119714,0.013829664284974404,13
20,5,6,1.1102230246251565e-16,0.0017465544977280922,0.37,0.3444444444444444,0.0009353569027877181,3.14226419187752e-05,0.0434960116472081,0.09438838072899304,0.14058861386786592,0.01755913385443371,14
20,5,12,1.1102230246251565e-16,0.0017624525817757641,0.6485714285714286,0.503921568627451,0.0009353569027877181,3.14226419187752e-05,0.0434960116472081,0.09438838072899304,0.14058861386786592,0.01755913385443371,14
20,5,6,0.0,0.0032490312314863434,0.3262770562770563,0.45809523809523806,0.0003354813195763125,4.576060765286553e-05,0.08949736234910534,0.27235154304370945,0.05710955141501806,0.011838076979291422,14
20,5,12,0.0,0.0014112872519963515,0.51593837535014,0.5526050420168068,0.0003354813195763125,4.576060765286553e-05,0.08949736234910534,0.27235154304370945,0.05710955141501806,0.011838076979291422,14
20,5,6,0.0,0.0009234358085754568,0.19818181818181818,0.37575757575757573,0.0004400359282842485,2.6799546671496894e-05,0.0799804216054187,0.20472281911287246,0.07180917537447801,0.01101001043317731,14
20,5,12,0.0,0.0016757618399548813,0.5337815126050419,0.5698254686489981,0.0004400359282842485,2.6799546671496894e-05,0.0799804216054187,0.20472281911287246,0.07180917537447801,0.01101001043317731,14
20,5,6,0.0,0.0014780955805948626,0.2290909090909091,0.3214285714285715,0.0004871593371320763,2.6605889770561297e-05,0.0769899066729019,0.17607187802440685,0.07316128075819625,0.01056388155504614,14
20,5,12,0.0,0.0004442759030280907,0.4580392156862746,0.47568627450980394,0.0004871593371320763,2.6605889770561297e-05,0.0769899066729019,0.17607187802440685,0.07316128075819625,0.01056388155504614,14
20,5,6,0.0,0.0014891631363049829,0.2557575757575758,0.40809523809523807,0.0002685909294412369,1.8948497857895394e-05,0.09443047986658318,0.17607182813616332,0.052002899870419075,0.009872146421579823,14
20,5,12,0.0,0.0004237375816467104,0.4890196078431372,0.5646153846153845,0.0002685909294412369,1.8948497857895394e-05,0.09443047986658318,0.17607182813616332,0.052002899870419075,0.009872146421579823,14
20,5,6,0.0,0.0006055607633157489,0.3238528138528139,0.4603174603174603,0.0005899750563034215,1.378846743262582e-05,0.266347062718387,0.43025141974961983,0.044356169244558284,0.00521584214747876,14
20,5,12,0.0,0.00020313402686611415,0.5203016591251886,0.5565610859728506,0.0005899750563034215,1.378846743262582e-05,0.266347062718387,0.43025141974961983,0.044356169244558284,0.00521584214747876,14
20,5,6,0.0,0.0007806691416211153,0.22000000000000003,0.27575757575757576,0.00022399630471038858,2.5927351623991582e-05,0.07952795886969777,0.24945706912110172,0.0525318669907333,0.00961896245418217,14
20,5,12,0.0,0.0012049635375670498,0.46803921568627455,0.5049579831932773,0.00022399630471038858,2.5927351623991582e-05,0.07952795886969777,0.24945706912110172,0.0525318669907333,0.00961896245418217,14
20,5,6,2.220446049250313e-16,6.940518200071466e-05,0.2006060606060606,0.4247619047619048,0.0006369562036852674,1.8968050670138623e-05,0.14825294232546762,0.35112473379918213,0.06333474031924903,0.006845829404856845,14
20,5,12,2.220446049250313e-16,0.002054854879879775,0.5135294117647058,0.5369683257918553,0.0006369562036852674,1.8968050670138623e-05,0.14825294232546762,0.35112473379918213,0.06333474031924903,0.006845829404856845,14
20,5,6,0.0,0.0009960838190741228,0.2971861471861472,0.3444444444444444,0.0004336900379016324,1.0998570138805352e-05,0.03716241039657323,0.0696359576231822,0.10365667135969096,0.012086031006075445,15
20,5,12,0.0,0.0018365556191539678,0.49568627450980396,0.5392156862745098,0.0004336900379016324,1.0998570138805352e-05,0.03716241039657323,0.0696359576231822,0.10365667135969096,0.012086031006075445,15
20,5,6,0.0,0.0005243107148572568,0.3147619047619048,0.32626262626262625,0.0003747208958891476,2.0003847136161714e-05,0.039504323177991414,0.11986202418247885,0.09251443881981167,0.01218762731928244,15
20,5,12,0.0,4.6917945467628286e-05,0.471624649859944,0.5055555555555556,0.0003747208958891476,2.0003847136161714e-05,0.039504323177991414,0.11986202418247885,0.09251443881981167,0.01218762731928244,15
20,5,6,0.0,0.0023443495138117942,0.26151515151515153,0.31575757575757574,0.00042961932475281655,1.5166349334770567e-05,0.054243609850715496,0.10367002668861448,0.08664906589359894,0.011119712712592073,15
20,5,12,0.0,0.0010372184568840925,0.45182072829131653,0.4930532212885154,0.00042961932475281655,1.5166349334770567e-05,0.054243609850715496,0.10367002668861448,0.08664906589359894,0.011119712712592073,15
20,5,6,0.0,0.002088940443303766,0.20393939393939392,0.24484848484848487,0.00035338575421719614,2.0399938484259515e-05,0.051626050811662,0.1311749088172712,0.0809465367103134,0.012010515525182177,15
20,5,12,0.0,0.0022856168023632772,0.5023529411764706,0.46117647058823524,0.00035338575421719614,2.0399938484259515e-05,0.051626050811662,0.1311749088172712,0.0809465367103134,0.012010515525182177,15
20,5,6,0.0,0.0015454109706662944,0.22393939393939394,0.2315151515151515,0.00043858438463137265,1.8795828319070115e-05,0.04008273736699181,0.10701067229548339,0.10012464318329548,0.012377068601284149,15
20,5,12,0.0,0.0016393396856260178,0.4553353973168215,0.4747058823529412,0.00043858438463137265,1.8795828319070115e-05,0.04008273736699181,0.10701067229548339,0.10012464318329548,0.012377068601284149,15
20,5,6,2.220446049250313e-16,0.001485399324740455,0.2506060606060606,0.3957575757575758,0.0003706270209053757,1.588646533576278e-05,0.03241359598008767,0.08718408832769309,0.1036930814622577,0.012860349710391357,15
20,5,12,2.220446049250313e-16,0.000625218808190886,0.5349579831932774,0.5479487179487179,0.0003706270209053757,1.588646533576278e-05,0.03241359598008767,0.08718408832769309,0.1036930814622577,0.012860349710391357,15
20,5,6,0.0,0.001177861984451134,0.35051948051948056,0.33015873015873015,0.00031980292263664937,2.1025316944144814e-05,0.045930462703514495,0.1354304960532643,0.08028433314912181,0.011873485550597938,15
20,5,12,0.0,0.0001544116645740834,0.4847058823529412,0.5586834733893558,0.00031980292263664937,2.1025316944144814e-05,0.045930462703514495,0.1354304960532643,0.08028433314912181,0.011873485550597938,15
20,5,6,1.1102230246251565e-16,0.0004630861401088149,0.37476190476190474,1.0,0.000531573942750381,1.4046079002549307e-05,0.05576031390192807,0.12917746042612463,0.09432906963612506,0.009854249917510872,15
20,5,12,1.1102230246251565e-16,0.0006802903508389413,0.4945098039215686,1.0,0.000531573942750381,1.4046079002549307e-05,0.05576031390192807,0.12917746042612463,0.09432906963612506,0.009854249917510872,15
20,5,6,1.1102230246251565e-16,0.0008443019248929318,0.3190909090909091,0.4595238095238095,0.0002753892462333614,2.672246847048609e-05,0.02721007321559257,0.11459922225454164,0.09742669897056119,0.014650130790751741,16
20,5,12,1.1102230246251565e-16,0.0004247656673359579,0.4835294117647059,0.49495798319327733,0.0002753892462333614,2.672246847048609e-05,0.02721007321559257,0.11459922225454164,0.09742669897056119,0.014650130790751741,16
20,5,6,3.3306690738754696e-16,0.004085780481912327,0.2539393939393939,0.48015873015873023,0.0005855681814322474,1.7396015937814993e-05,0.026109695412604647,0.0618914848087834,0.14135022214000442,0.01519885245356339,16
20,5,12,3.3306690738754696e-16,0.001850723554270517,0.5326050420168068,0.5725490196078431,0.0005855681814322474,1.7396015937814993e-05,0.026109695412604647,0.0618914848087834,0.14135022214000442,0.01519885245356339,16
20,5,6,1.1102230246251565e-16,0.0014423672295882373,0.31242424242424244,0.38015873015873014,0.00047635498879805294,1.7476516284460154e-05,0.03301230331158882,0.08942821741657807,0.1141563278208665,0.013221642838401841,16
20,5,12,1.1102230246251565e-16,0.0010838428894877072,0.5614285714285714,0.507936507936508,0.00047635498879805294,1.7476516284460154e-05,0.03301230331158882,0.08942821741657807,0.1141563278208665,0.013221642838401841,16
20,5,6,2.220446049250313e-16,0.0009293597066794002,0.31,0.36666666666666664,0.00042049485010984254,2.1102853660345235e-05,0.03254416460623892,0.08480010137784474,0.10901993924711757,0.014848443104500576,16
20,5,12,2.220446049250313e-16,0.00017652088438691038,0.4845098039215686,0.6571428571428571,0.00042049485010984254,2.1102853660345235e-05,0.03254416460623892,0.08480010137784474,0.10901993924711757,0.014848443104500576,16
20,5,6,0.0,0.000970554933523049,0.3433333333333334,0.31333333333333335,0.0003381944460513562,2.5288050379758768e-05,0.02853661415598896,0.06017884744745162,0.10437212693927012,0.01850337626419234,16
20,5,12,0.0,0.000479425173590009,0.4935294117647059,0.5259383753501401,0.0003381944460513562,2.5288050379758768e-05,0.02853661415598896,0.06017884744745162,0.10437212693927012,0.01850337626419234,16
20,5,6,0.0,0.0007067433167500248,0.2557575757575758,0.4666666666666666,0.0005753911213480104,1.4954231677940071e-05,0.03521633263438513,0.07820083434117904,0.1231030026019166,0.012889443490433585,16
20,5,12,0.0,0.0009191140935000952,0.49829131652661063,0.7333333333333334,0.0005753911213480104,1.4954231677940071e-05,0.03521633263438513,0.07820083434117904,0.1231030026019166,0.012889443490433585,16
20,5,6,0.0,0.0008717558138009451,0.33333333333333337,0.6428571428571429,0.0004639554324408555,1.5402002859533925e-05,0.034147452706281285,0.05223399810628718,0.1100254647566617,0.014751592459207713,16
20,5,12,0.0,0.000357322893283607,0.5307498383968972,0.682051282051282,0.0004639554324408555,1.5402002859533925e-05,0.034147452706281285,0.05223399810628718,0.1100254647566617,0.014751592459207713,16
20,5,6,0.0,0.0004924411748616908,0.28051948051948056,0.39393939393939387,0.000446544101548414,1.5764046186614856e-05,0.019218565540069996,0.051819857154553464,0.146357121018823,0.015328271271447006,16
20,5,12,0.0,0.0018373312403998643,0.47102167182662547,0.6153846153846154,0.000446544101548414,1.5764046186614856e-05,0.019218565540069996,0.051819857154553464,0.146357121018823,0.015328271271447006,16
20,5,6,0.0,0.0014471488286957879,0.22536796536796538,1.0,0.0004099386343660275,1.7534328008699163e-05,0.03564097538556835,0.11796308732455038,0.10208758343893018,0.011499086295465926,17
20,5,12,0.0,0.0007654686173225178,0.46280112044817934,0.7201465201465201,0.0004099386343660275,1.7534328008699163e-05,0.03564097538556835,0.11796308732455038,0.10208758343893018,0.011499086295465926,17
20,5,6,0.0,0.0006038543092645732,0.26151515151515153,0.26961038961038963,0.0002500676957601854,1.3557829993104518e-05,0.07928598102964897,0.22284784726091939,0.054320755991284296,0.007545509604396983,17
20,5,12,0.0,0.0011393798246459585,0.5123529411764706,0.45446058585377475,0.0002500676957601854,1.3557829993104518e-05,0.07928598102964897,0.22284784726091939,0.054320755991284296,0.007545509604396983,17
20,5,6,2.220446049250313e-16,0.003270893943005393,0.2966666666666667,0.40238095238095245,0.0003782865636110151,1.4021832706657939e-05,0.04280816527136709,0.10237512680580194,0.0898860332682219,0.011270180062919747,17
20,5,12,2.220446049250313e-16,0.0019696586893256374,0.4780392156862745,0.5005027652086476,0.0003782865636110151,1.4021832706657939e-05,0.04280816527136709,0.10237512680580194,0.0898860332682219,0.011270180062919747,17
20,5,6,0.0,0.0002889085892410215,0.2890909090909091,0.42142857142857143,0.000233814372554024,5.118433419060587e-05,0.07036577173105919,0.4030575404420314,0.05687152740171443,0.011022476619955073,17
20,5,12,0.0,0.000395341767064572,0.4646071060002949,0.5900000000000001,0.000233814372554024,5.118433419060587e-05,0.07036577173105919,0.4030575404420314,0.05687152740171443,0.011022476619955073,17
20,5,6,2.220446049250313e-16,0.00019383266601835647,0.3433333333333333,0.31333333333333335,0.00014150583099839856,1.741747249292664e-05,0.029491675784937842,0.13769709922992665,0.06548729803196697,0.010661485372081296,17
20,5,12,2.220446049250313e-16,0.0008947261696830022,0.4882913165266106,0.5514285714285714,0.00014150583099839856,1.741747249292664e-05,0.029491675784937842,0.13769709922992665,0.06548729803196697,0.010661485372081296,17
20,5,6,0.0,0.0001211943577159591,0.2700000000000001,0.4666666666666666,0.00029115402871338953,1.3485412166158263e-05,0.0656406000200918,0.1863293921444061,0.0640523453153195,0.008421211226197978,17
20,5,12,0.0,0.0005009359152953197,0.4768627450980392,0.6666666666666666,0.00029115402871338953,1.3485412166158263e-05,0.0656406000200918,0.1863293921444061,0.0640523453153195,0.008421211226197978,17
20,5,6,0.0,0.000950826130308835,0.31333333333333335,0.2910389610389611,0.00025736049506549835,1.6152793981039356e-05,0.0250804394082399,0.07200197724595299,0.0987781141349516,0.01416719767996916,17
20,5,12,0.0,0.002075508487842548,0.48142857142857143,0.4942296918767507,0.00025736049506549835,1.6152793981039356e-05,0.0250804394082399,0.07200197724595299,0.0987781141349516,0.01416719767996916,17
20,5,6,2.220446049250313e-16,0.0007068151131028877,0.28870129870129874,0.6666666666666666,0.0004564801372459569,1.651879778625707e-05,0.0380960114087426,0.10085369296383245,0.10585187324220557,0.012272203950567129,17
20,5,12,2.220446049250313e-16,0.0006679286247099903,0.4758823529411765,0.6153846153846154,0.0004564801372459569,1.651879778625707e-05,0.0380960114087426,0.10085369296383245,0.10585187324220557,0.012272203950567129,17
20,5,6,0.0,0.004232907584847512,0.31333333333333335,0.43809523809523804,0.0003610177110905707,2.0174922478067526e-05,0.06549256486154795,0.15916208658655426,0.07038540568381722,0.010985545704362654,18
20,5,12,0.0,0.0027843028652123625,0.4845098039215686,0.4513725490196078,0.0003610177110905707,2.0174922478067526e-05,0.06549256486154795,0.15916208658655426,0.07038540568381722,0.010985545704362654,18
20,5,6,2.220446049250313e-16,0.00017268908857825949,0.4714285714285714,0.39,0.00024910406045597816,1.2604060911608533e-05,0.05976805533740736,0.1285862126539027,0.06325836940854655,0.009279648974405077,18
20,5,12,2.220446049250313e-16,0.001380163609933871,0.4868627450980393,0.44495798319327734,0.00024910406045597816,1.2604060911608533e-05,0.05976805533740736,0.1285862126539027,0.06325836940854655,0.009279648974405077,18
20,5,6,0.0,0.0013395530495317054,0.2724242424242424,0.3444444444444444,0.00030748105321178146,1.599379425648398e-05,0.1023198246953166,0.22700974848213118,0.05377693104661741,0.0082233887622598,18
20,5,12,0.0,0.001270002670805237,0.49711484593837535,0.5352941176470588,0.00030748105321178146,1.599379425648398e-05,0.1023198246953166,0.22700974848213118,0.05377693104661741,0.0082233887622598,18
20,5,6,0.0,0.0011573309778393215,0.45809523809523806,0.3611111111111111,0.00028563960570881505,1.8542336267855462e-05,0.046254094731486325,0.17913033946845344,0.07546572327501719,0.009907198579569758,18
20,5,12,0.0,0.0001266966197212005,0.5259383753501401,0.55,0.00028563960570881505,1.8542336267855462e-05,0.046254094731486325,0.17913033946845344,0.07546572327501719,0.009907198579569758,18
20,5,6,0.0,0.0006159307157915794,0.37,0.36666666666666664,0.0005390912958768606,1.672137907065763e-05,0.047708824496253674,0.1189028061686075,0.1040051556537648,0.011436259718152387,18
20,5,12,0.0,0.0004489893473373918,0.4845098039215686,0.5523809523809524,0.0005390912958768606,1.672137907065763e-05,0.047708824496253674,0.1189028061686075,0.1040051556537648,0.011436259718152387,18
20,5,6,1.1102230246251565e-16,0.002699517449544331,0.38666666666666666,0.4801587301587302,0.0003292376394253792,1.6249279210737565e-05,0.07613777421337015,0.2448720269797534,0.06480289500170917,0.00792939857921111,18
20,5,12,1.1102230246251565e-16,0.0006207435898883951,0.5533333333333333,0.5690476190476191,0.0003292376394253792,1.6249279210737565e-05,0.07613777421337015,0.2448720269797534,0.06480289500170917,0.00792939857921111,18
20,5,6,0.0,0.0015137648676817328,0.3614285714285715,0.2206060606060606,0.00022986282461083199,1.6606528992724384e-05,0.06480723749361925,0.1920940484265631,0.057248763882413824,0.009122283066255813,18
20,5,12,0.0,0.0005181678562982128,0.4856862745098039,0.4894677871148459,0.00022986282461083199,1.6606528992724384e-05,0.06480723749361925,0.1920940484265631,0.057248763882413824,0.009122283066255813,18
20,5,6,0.0,0.0008046909241001821,0.42000000000000004,0.38666666666666666,0.0003155821190789497,3.8552573197610646e-05,0.052758627925061745,0.20968972605961073,0.075872607857175,0.013116003721867097,18
20,5,12,0.0,0.0004508946909473899,0.5071148459383753,0.5614285714285714,0.0003155821190789497,3.8552573197610646e-05,0.052758627925061745,0.20968972605961073,0.075872607857175,0.013116003721867097,18
20,5,6,0.0,0.001635431178960367,0.2206060606060606,0.2206060606060606,0.0006482893766409882,1.4097580554021024e-05,0.08230366681104874,0.16052374590122925,0.08627433657685492,0.009166538932887436,19
20,5,12,0.0,0.0004647688103699421,0.45317853457172347,0.4925490196078431,0.0006482893766409882,1.4097580554021024e-05,0.08230366681104874,0.16052374590122925,0.08627433657685492,0.009166538932887436,19
20,5,6,0.0,0.0013325527674727944,0.33242424242424246,0.25575757575757574,0.00038986431057131104,1.826233515382817e-05,0.04231214181467452,0.11632188508574583,0.09379250539518498,0.012138012355100312,19
20,5,12,0.0,0.0007482643384955079,0.48946778711484595,0.47705882352941187,0.00038986431057131104,1.826233515382817e-05,0.04231214181467452,0.11632188508574583,0.09379250539518498,0.012138012355100312,19
20,5,6,1.1102230246251565e-16,0.0007647364264620204,0.32333333333333336,0.3728571428571429,0.00028772635673795496,1.4704369209015259e-05,0.048258240022915115,0.13564044895139493,0.07579402685411507,0.01026658150316238,19
20,5,12,1.1102230246251565e-16,0.00032335480580902853,0.42435500515995866,0.43470588235294116,0.00028772635673795496,1.4704369209015259e-05,0.048258240022915115,0.13564044895139493,0.07579402685411507,0.01026658150316238,19
20,5,6,0.0,0.0007319754914278942,0.2966666666666667,0.37,0.0004311684796654902,1.5725428127852956e-05,0.02997938610357331,0.0726748854869931,0.11127155432655626,0.013836282699353998,19
20,5,12,0.0,0.00010017245760229887,0.5237815126050421,0.4618207282913165,0.0004311684796654902,1.5725428127852956e-05,0.02997938610357331,0.0726748854869931,0.11127155432655626,0.013836282699353998,19
20,5,6,1.1102230246251565e-16,0.003364021228432712,0.3447619047619048,0.3271861471861472,0.00030630035565431895,1.5573765704847263e-05,0.04779977375034469,0.12683964601756378,0.07892900840736362,0.01098092271212504,19
20,5,12,1.1102230246251565e-16,0.0006180539168900712,0.4601960784313725,0.49568627450980396,0.00030630035565431895,1.5573765704847263e-05,0.04779977375034469,0.12683964601756378,0.07892900840736362,0.01098092271212504,19
20,5,6,2.220446049250313e-16,0.0002566700973847258,0.23575757575757578,0.21303030303030304,0.0007939868933985686,1.6599589601435445e-05,0.07572001515390574,0.17514394498076233,0.09873295692480505,0.009463478300239487,19
20,5,12,2.220446049250313e-16,0.0012517072784676841,0.4747058823529412,0.5418767507002801,0.0007939868933985686,1.6599589601435445e-05,0.07572001515390574,0.17514394498076233,0.09873295692480505,0.009463478300239487,19
20,5,6,1.1102230246251565e-16,0.00012526191675799048,0.2190909090909091,0.42142857142857143,0.0004901190324949837,1.753440244480957e-05,0.053343323220547786,0.1162002472500658,0.0891054437906012,0.011479495567708829,19
20,5,12,1.1102230246251565e-16,0.0006901148673418289,0.41470588235294115,0.43921568627450985,0.0004901190324949837,1.753440244480957e-05,0.053343323220547786,0.1162002472500658,0.0891054437906012,0.011479495567708829,19
20,5,6,1.1102230246251565e-16,0.001471462163625925,0.2566666666666667,0.30242424242424243,0.0005508918202940334,1.111506182716266e-05,0.08445658153281685,0.12316787652285091,0.07808637764605998,0.008677444370091342,19
20,5,12,1.1102230246251565e-16,0.001476076275743865,0.38977296181630544,0.4853422016579912,0.0005508918202940334,1.111506182716266e-05,0.08445658153281685,0.12316787652285091,0.07808637764605998,0.008677444370091342,19
