n_features,n_classes,frac_extreme,ridge_fidelity,ridge_extreme,ridge_moderate,logistic_fidelity,logistic_extreme,logistic_moderate,ridge_direction_variance,logistic_direction_variance,seed
8,3,0.0566608002223304,0.7427176186190391,0.8527151959338672,0.7361107154450327,0.741944008287447,0.8527151959338672,0.7352906389213661,0.09539122441015807,0.09093626292861703,0
8,3,0.19498427164150534,0.8730698922703968,1.0,0.8423259282294693,0.8772094177960861,1.0,0.8474680954938656,0.020796832549056607,0.022616847713816272,0
8,3,0.08673290328775134,0.7234231889526404,0.8697823977067576,0.7095234665780563,0.7359940275599344,0.9264791071864326,0.7179036747502457,0.07376340939438644,0.059508743172180883,0
8,3,0.07333442073801502,0.8568341728024279,1.0,0.8455043217299683,0.8740968599585015,1.0,0.8641331426794009,0.005718393439227577,0.00549510798256537,0
8,3,0.057353498982603314,0.8182172460829357,1.0,0.8071570268166631,0.8148332276577639,1.0,0.8035671143505164,0.03530600395144187,0.0317726594916275,0
8,3,0.12269396212057238,0.7240946319919983,0.8957635309600213,0.7000862056529134,0.7384580633444409,0.9033262043338491,0.7154007440373287,0.07419249452154361,0.0669524177582492,0
8,3,0.06337197090773915,0.8250973290376321,0.9603374027997441,0.8159470262986469,0.8554434648124117,0.9603374027997441,0.8483463724982153,0.02616264680323519,0.029834427399450546,0
8,3,0.033072329694077994,0.7526350316501136,1.0,0.7441742790630619,0.7799289654355039,1.0,0.7724017614524684,0.050152913785106765,0.03483256078123889,0
8,3,0.21245056646501226,0.7995138369288055,0.9835400796509745,0.749870629980812,0.8162506987148617,0.9835400796509745,0.7711224537691058,0.022654289297628236,0.018295213398737763,1
8,3,0.13656850019953187,0.8831725070111487,0.9913269020281876,0.8660657839869389,0.8865433575032169,0.9913269020281876,0.8699698001050065,0.008069264410103007,0.00595093537701186,1
8,3,0.17189978452388577,0.8289693552059976,1.0,0.7934662476863762,0.8417736542170289,1.0,0.8089285054804637,0.015334292112701358,0.008560155931983542,1
8,3,0.20663423214065105,0.7848954638215347,1.0,0.728870913149104,0.7921269456703499,1.0,0.7379858537499913,0.021292729812334314,0.013245905045878465,1
8,3,0.1410678070077212,0.8561470378923144,1.0,0.8325211660695333,0.8621660042706619,1.0,0.8395286649471561,0.006217733996789412,0.004218738803994428,1
8,3,0.1598692526431612,0.800249492409965,1.0,0.7622387845957596,0.8086534906907229,1.0,0.772241987439124,0.008196499886494433,0.006341272994716407,1
8,3,0.21734991818932553,0.8566089367432432,0.9883752526329056,0.8200160855517257,0.8600437991930934,0.9883752526329056,0.8244048443721469,0.012677875594245576,0.011166418300839299,1
8,3,0.10647136786502429,0.8489862493539634,1.0,0.8309917050053471,0.8905217252177903,1.0,0.8774764782627895,0.009983146521604471,0.008427714983856607,1
8,3,0.1522378019845953,0.8436213941151742,0.9805231940669656,0.8190371071993562,0.8410164600504287,0.9805231940669656,0.8159643893182762,0.008468810181953099,0.008478198407696685,2
8,3,0.2559595872554285,0.8868462285803224,1.0,0.847919858274522,0.8945215176870092,1.0,0.8582355467441503,0.023441031110795596,0.014330068325298312,2
8,3,0.1380793656820424,0.7849248811995387,0.9530649722316846,0.7579889010279871,0.7929156457264357,0.9530649722316846,0.767259783066007,0.02225860314577997,0.016808747936601774,2
8,3,0.2622640254904068,0.8459650128358129,0.9906942285494243,0.7945139950860641,0.847750431865837,0.9906942285494243,0.7969341278865704,0.016276054624685198,0.01261402868471943,2
8,3,0.1439291152503673,0.8069742198545341,1.0,0.774521265021274,0.8157261567946239,1.0,0.7847446438278659,0.00609734185353182,0.005695476083641814,2
8,3,0.10953802634574714,0.8552963292130972,1.0,0.8374959570782433,0.8637047784417284,1.0,0.8469387513551565,0.017277638137325035,0.01656248202805197,2
8,3,0.13272075715176876,0.8204467617441167,0.992752511359669,0.7940786113021938,0.826479209011861,0.992752511359669,0.8010342110326027,0.011293269157691056,0.009157667447024492,2
8,3,0.31804845791576064,0.8433860552046291,0.9856373853889533,0.7770429011686181,0.8489224917424012,0.9668315574330959,0.7939320793699909,0.024166376688713465,0.009829907277926497,2
8,3,0.3113851276407703,0.7726509325283957,0.881751709817807,0.7233165936611861,0.7832207670774781,0.8807954645115573,0.7390984124281725,0.049072133463399066,0.030721552012129186,3
8,3,0.10657784183784286,0.7294352660397393,0.952277360069595,0.7028520553645267,0.7301880803459303,0.952277360069595,0.7036946741638406,0.08224856715883724,0.11262172354807355,3
8,3,0.23258498607122186,0.8001883402835978,0.9073728334883131,0.7677033049290731,0.8204553005737495,0.9073728334883131,0.794112692186686,0.08342961313309587,0.0479376447375575,3
8,3,0.15474470399007492,0.7701584323219461,0.8845674765057707,0.7492130519622051,0.7908406638030413,0.9231251572952829,0.7666227442176035,0.09865592608263875,0.13782285366181818,3
8,3,0.2634103098606557,0.7783288200847621,0.8933931482466935,0.7371809045752351,0.7824999705868796,0.9081319067941624,0.7375729947036112,0.01746921993052572,0.017610289485429937,3
8,3,0.17957988599782862,0.7980883475849834,0.8368445722908281,0.7896050860271573,0.8046310101904909,0.8563243257106278,0.7933159783555552,0.08927784961394104,0.08478098030879273,3
8,3,0.10541034432337446,0.7213053063223417,0.919437099072322,0.6979592499906414,0.7312769692594676,0.942847040667817,0.7063474678571662,0.10547773021854476,0.10581858368182712,3
8,3,0.19293241774270706,0.7403773464443756,0.9715475071210119,0.6851152853855348,0.7554394602606339,0.9826652173723639,0.7011203231068792,0.11474608202770473,0.07519789084194486,3
8,3,0.14120165525167283,0.820477231517808,0.9224665914663844,0.8037083747415203,0.8315963744155229,0.9224665914663844,0.8166557016264756,0.027292563854265713,0.025623542467133022,4
8,3,0.0796363873201862,0.7595453783897205,1.0,0.7387395391369828,0.7701858665505876,1.0,0.7503007177997131,0.052813107098521855,0.04346854502267607,4
8,3,0.15413583355905203,0.7620916214256609,0.9250494208817613,0.7323969762915618,0.7605920321065264,0.9574035581080517,0.7247284622594736,0.030297612273180445,0.02532450236353572,4
8,3,0.27364047317273565,0.8557409415027769,0.9839804722833302,0.8074294310369888,0.8582987040992415,0.9839804722833302,0.8109507761863216,0.059246404182124006,0.04943880519646705,4
8,3,0.12113830221214536,0.7937630383089608,0.9901579474247574,0.7666928566031481,0.8147460321500193,0.9901579474247574,0.790568050952696,0.014181246148512575,0.01129275487686229,4
8,3,0.12644906097843733,0.8323122510354473,1.0,0.8080389574620864,0.8239206138783862,1.0,0.7984326062097367,0.019468634912081857,0.021893481132607688,4
8,3,0.15035479711047642,0.8427720830690972,0.9962421185212854,0.815613739840092,0.8457807036860295,0.9962421185212854,0.8191547715633342,0.019197334553080432,0.01152853636361503,4
8,3,0.14202124675967143,0.8231164279594432,0.9855930759360781,0.7962216639249887,0.8231164279594432,0.9855930759360781,0.7962216639249887,0.02129569434949179,0.021220936649133163,4
8,3,0.03189180337932405,0.7165843722897931,1.0,0.7072479825090722,0.7239071075081205,1.0,0.7148119461692171,0.05694779723286221,0.05598186436028177,5
8,3,0.023424652012253952,0.6696767687337473,0.8805719914726072,0.6646181245503938,0.6783597336827326,0.8805719914726072,0.6735093636819945,0.14429930374821892,0.12406725416141458,5
8,3,0.0312443584719313,0.726043112931654,1.0,0.7172074408400663,0.7552363674393954,1.0,0.7473422377447774,0.09805560634155555,0.05005113160610013,5
8,3,0.18113088192475185,0.8411234387054017,1.0,0.8059805190015742,0.8495536284667815,1.0,0.8162754361932187,0.03703407099227297,0.026116104105595436,5
8,3,0.01206813242071945,0.6926041559471474,0.8741475268605104,0.6903865035844856,0.6823239868603241,0.8741475268605104,0.6799807565646909,0.16113839961913856,0.15014893561207274,5
8,3,0.03125768252850663,0.6900673207653959,0.9043990458426894,0.683151639580187,0.7001508969844501,0.9043990458426894,0.6935605749979907,0.1713412396434994,0.16980813492191402,5
8,3,0.043022485089690705,0.7059339509029876,1.0,0.6927137320205762,0.7125566922448198,1.0,0.6996342095016516,0.10402125879995885,0.0972320941574408,5
8,3,0.04945958584993823,0.7069479375358699,1.0,0.69169952365869,0.7133520317843683,1.0,0.6984368429279869,0.02504299333631839,0.025522349249553926,5
8,3,0.1406192716199959,0.9561192164733521,1.0,0.9489390649830296,0.9561192164733521,1.0,0.9489390649830296,0.06574589310725948,0.0631256478421319,6
8,3,0.2914035631434574,0.8655657777948025,1.0,0.8102809791119309,0.8585854381065439,1.0,0.8004300409400931,0.015969801953786215,0.015051915026682286,6
8,3,0.23631268936106878,0.815811948515982,0.8752069167509046,0.7974329804716304,0.8100486270239388,0.8779042192201553,0.7890516335467785,0.0255432636279452,0.016736033991409126,6
8,3,0.26237959210109235,0.8146506565216636,0.9758071564685592,0.7573255387948489,0.8324359788487387,0.9758071564685592,0.7814372934814308,0.028841051471779525,0.03286316723847211,6
8,3,0.11948265540911299,0.8828159608351033,0.8835805423258575,0.8827122102078692,0.8888199467903688,0.906359868427281,0.886439850105482,0.08161722356479255,0.06174167677177749,6
8,3,0.1388700712458264,0.9461277670838374,0.9831904269563826,0.9401508592500721,0.9465474152457309,0.9862123031470467,0.9401508592500721,0.08957592744678898,0.1091446040891342,6
8,3,0.35068741395834596,0.8273018604839515,1.0,0.7340292746073925,0.8273912922115093,1.0,0.7341670075413913,0.04046541947722124,0.019940632688451636,6
8,3,0.22836893190187893,0.870456403688884,0.9929642229251634,0.834199465645197,0.865461078124668,0.9929642229251634,0.8277257429417705,0.04168125795438428,0.016715014416742065,6
8,3,0.2141364054383975,0.8024044147709638,0.9761960130800171,0.7550487306359135,0.8094183172381607,0.9761960130800171,0.763973819564495,0.027672791092166898,0.022766819901644555,7
8,3,0.11139135249866897,0.7936626489863144,1.0,0.7677972731934545,0.8087085007215437,1.0,0.7847291945488638,0.016211303296434054,0.012549362979217117,7
8,3,0.14515017230863667,0.8151504016025461,0.953048095793711,0.7917359100457464,0.8147588946286242,0.953048095793711,0.7912779267120192,0.0157299430535053,0.015517464260414917,7
8,3,0.08441473192762033,0.7674570505948234,1.0,0.7460171569877274,0.7658134733053762,1.0,0.7442220458749116,0.022261902396878877,0.01925152186985618,7
8,3,0.17733533869277845,0.9137740100732176,1.0,0.895186952859056,0.9188128629634724,1.0,0.901311991562248,0.016142142276688372,0.013215839197891,7
8,3,0.07986330477761178,0.8376542146282129,0.9603904321367828,0.8270013192518698,0.8415265349251674,0.9603904321367828,0.8312097377586641,0.028659534956392466,0.02962941700527636,7
8,3,0.04534739947098711,0.7242265371931151,0.9211564314321521,0.7148720782235504,0.7308327799024039,0.9211564314321521,0.7217921271561445,0.038721491889082756,0.0371914796809272,7
8,3,0.0987494696736442,0.7505963381710952,1.0,0.7232693314048956,0.7566673049001085,1.0,0.7300054902472263,0.018685411916909152,0.014870100394682013,7
8,3,0.12969791305268744,0.8296938799731739,0.8353494947459117,0.8288510445438956,0.8384606805452469,0.8353494947459117,0.838924329100553,0.1237636504140952,0.09634660786544424,8
8,3,0.11825965093520899,0.88384701124481,0.8544741307023751,0.887786523147145,0.8662417398372991,0.7753247597134113,0.8784355907197477,0.13878266657195562,0.08914562713885882,8
8,3,0.21614991071776113,0.8949261636122201,0.9773395415239959,0.8722003330980063,0.9055063478587949,0.9773395415239959,0.885698046999223,0.02812543073158904,0.023385746573218888,8
8,3,0.21045265044663372,0.8391575839686226,1.0,0.7962852815320537,0.852906259675934,1.0,0.8136986459301342,0.03542580329579499,0.02746236737832981,8
8,3,0.2046997185059902,0.8154856097015232,0.8974019402460013,0.7944014353416218,0.8311222415536883,0.885175184816055,0.8172097326212869,0.04421115374050431,0.04039743107968772,8
8,3,0.09653060328031497,0.8475092682805547,0.8801544091982998,0.8440213193158169,0.8519285338186439,0.8801544091982998,0.8489127584217067,0.05079338003874054,0.042136449786913714,8
8,3,0.2557383398278246,0.8458919888960765,0.9921959329058834,0.795619981410597,0.8614523953328724,0.9921959329058834,0.8165271532689408,0.04386747147985447,0.03818849415094892,8
8,3,0.3772648781085876,0.8435978873908654,0.9773310783472179,0.7625797559066767,0.8545801848250577,0.9773310783472179,0.7802153397177134,0.016549588923790885,0.013277117043446253,8
8,3,0.2829505763360616,0.8561169485961055,0.9511537282789044,0.8186150544491626,0.8643953840281642,0.9511537282789044,0.8301601936806509,0.0137809953310014,0.013924034562731356,9
8,3,0.2803260405223894,0.9142048787910808,1.0,0.8807861253293153,0.9156902395483919,1.0,0.8828500610015038,0.031504277673108386,0.014963225209810953,9
8,3,0.34870954699072454,0.7941656569454872,0.9586224064705023,0.706113331962891,0.8194972455734504,0.967215011054799,0.7404071946668551,0.02692477411924244,0.015221931157682975,9
8,3,0.1779440311312997,0.8344552147597609,0.9830163759587331,0.8022973412153693,0.8336418381759206,0.9830163759587331,0.8013078993590445,0.011907588643890575,0.011753606560537432,9
8,3,0.26810054469152467,0.8395525246298493,1.0,0.7807793485752402,0.8365254646352649,1.0,0.7766434526230996,0.01452356891035277,0.012239583098796764,9
8,3,0.14763972800950023,0.8254138459787074,0.9688094068858263,0.8005758962222542,0.8315908877698457,0.9688094068858263,0.8078228808531935,0.014668055519719798,0.015559221779979952,9
8,3,0.16930927732308826,0.8214579180262177,0.9775040685349701,0.789652987201244,0.8260182306219255,0.9775040685349701,0.7951427711499703,0.013898568116011981,0.011693350797433007,9
8,3,0.17733634257190237,0.7866884783711596,0.9919695455628378,0.7424373517699933,0.7964396297630705,0.9919695455628378,0.7542904964955011,0.01783792789467358,0.01304648644164946,9
8,3,0.23819769261547644,0.8148102659143579,0.9740449340515691,0.7650213243910684,0.8133007166246693,0.9740449340515691,0.7630397744862496,0.010797540834011092,0.008392418412656932,10
8,3,0.1388177623008901,0.7734362301646287,0.9516298021135278,0.7447124225528519,0.7745334623410621,0.9516298021135278,0.7459865224220794,0.031006223822329152,0.02551662226861322,10
8,3,0.14244586279887714,0.8211896112063767,0.9849389889911567,0.7939896708300624,0.8085950924393155,0.9718638165075764,0.7814749920758782,0.010507616372145742,0.008511056799765989,10
8,3,0.2418604717075267,0.7906009418180483,0.9432572260620026,0.7419007757687751,0.7924656911795465,0.9432572260620026,0.7443604145185156,0.0061347052459738574,0.004549212362256387,10
8,3,0.1306451813598597,0.7821897847932152,0.9476661478771805,0.7573222750005038,0.7846824194577922,0.9476661478771805,0.760189498614075,0.012808097692583183,0.010554269547841236,10
8,3,0.28623996477510866,0.8812383133028332,0.9946133936160086,0.8357713812897605,0.8813643638538253,0.983652134225757,0.8403437878293342,0.028643941171696174,0.014315777087292609,10
8,3,0.1942954105928157,0.768267144292696,0.9700421297745172,0.7196091694381713,0.7747385794619194,0.9792033406168736,0.725431966042237,0.007355291391051731,0.006140542557251676,10
8,3,0.20878961500456955,0.8001645402042306,0.9160745926093888,0.7695774603632953,0.8027120151508178,0.9160745926093888,0.7727971791573072,0.008918506289877406,0.0054630600261031245,10
8,3,0.32088745596246643,0.8095282336756694,0.9910382791190439,0.723762925369515,0.8136105744619507,0.9910382791190439,0.72977421292726,0.03592778430672414,0.031249346623441747,11
8,3,0.11549602838733532,0.8425771806975768,1.0,0.8220213539398776,0.8428917123026264,1.0,0.8223769561928285,0.023468581724391882,0.022932558643462303,11
8,3,0.12440946643160905,0.8813958261661784,1.0,0.8645437915477902,0.8845412458154441,1.0,0.8681361324065324,0.03858362753793457,0.034536156289497535,11
8,3,0.1441865997613455,0.8810496622961241,1.0,0.8610090264177859,0.877686134206928,1.0,0.85707881442501,0.017035719634764888,0.012607123844423257,11
8,3,0.19574511637374462,0.8498630436520805,0.9625263067229349,0.8224422794269189,0.8503775549043084,0.9625263067229349,0.8230820159864387,0.012184846206109743,0.011003852242261546,11
8,3,0.06278453874958695,0.8049882463480801,0.9259788935507652,0.7968830215713786,0.8092193242293517,0.9259788935507652,0.8013975415043154,0.02675435278131894,0.020284601165222096,11
8,3,0.08507638598548106,0.8205338631334526,1.0,0.8038457701631698,0.8173733882942957,0.9729513625701561,0.8029065939219712,0.05769454617637469,0.03607704703135774,11
8,3,0.3718377840147784,0.9890489329252506,1.0,0.9825664982769244,0.9865802181709881,1.0,0.9786364389842134,0.14072305486561207,0.045007653773342524,11
8,3,0.25469440876027144,0.7899917398383222,0.9247216968575912,0.7439502675232673,0.815884065352976,0.9368361269876941,0.7745509340998632,0.02592525501857125,0.01520123238130881,12
8,3,0.22316331677772475,0.7945223433461994,0.9384781283193254,0.753167897633507,0.8195965995649901,0.9447281674049798,0.7836498216696179,0.04155564358448751,0.029413998999289606,12
8,3,0.22548920579809129,0.8094520000919251,0.9963579838565086,0.7550366424836227,0.8376302015005712,0.9963579838565086,0.7914185775316454,0.026550441071542533,0.02045079719099019,12
8,3,0.26023649502609725,0.7806595361505768,0.977304226418341,0.7114832053141691,0.7917308528412069,0.977304226418341,0.7264492270443444,0.04330472928089406,0.03473768224692888,12
8,3,0.1863112478913138,0.7973574019121977,1.0,0.7509580935429534,0.802124706680641,1.0,0.7568169735583016,0.022347032968942075,0.02124191209881829,12
8,3,0.15638209847588608,0.8405355468646191,1.0,0.8109754986857367,0.8378521619946724,1.0,0.8077946927010617,0.03200044304880608,0.02825993509408889,12
8,3,0.4289310375093883,0.8592725023690102,0.9195640182852672,0.8139874244299355,0.8631887250006435,0.8969424472444257,0.8378362368551032,0.04572040414943768,0.03079790420663949,12
8,3,0.24998761050340682,0.854615063072535,1.0,0.8061566195925814,0.8712575576120409,1.0,0.8283462457541927,0.023003063295997002,0.010912605736196125,12
8,3,0.15280274257677287,0.7712637323804215,0.8579417314963371,0.7556302587473,0.7637217883078088,0.8579417314963371,0.7467280296542177,0.027290622404193783,0.022439566975946797,13
8,3,0.22613714230582974,0.807144712253958,0.9776130634208244,0.7573306846091574,0.819843459165051,0.9729942453894094,0.7750899465829103,0.016384108636954872,0.015525846702310527,13
8,3,0.10651715271514571,0.7977125370558994,1.0,0.773596702433831,0.8089260556773711,1.0,0.7861470481461721,0.036965723858485434,0.027373018542721443,13
8,3,0.1062463930614738,0.871977127622028,0.9879359191187222,0.8581923403555543,0.8674715781173689,0.9879359191187222,0.8531511864293704,0.014011273219636071,0.013901745236243416,13
8,3,0.29054903376258956,0.771026856984934,0.8538473576693315,0.737108492510492,0.7813260909785358,0.8533275026645355,0.7518385836094797,0.0623311006823037,0.03814703555447666,13
8,3,0.13877782448985973,0.8183090012447696,1.0,0.7890312117803902,0.8705286504747806,1.0,0.8496655645814879,0.024862765377724555,0.01530002058556692,13
8,3,0.009887684232305452,0.708461634951374,0.6221162868867816,0.7093239164551943,0.7249230307016633,0.6221162868867816,0.7259497027302856,0.020219223844463157,0.015491604751333675,13
8,3,0.0897153305131534,0.7886754938868086,0.9618033400555164,0.7716124558496944,0.7952754551337144,0.9618033400555164,0.7788628924088715,0.026787151275763674,0.01748914441045691,13
8,3,0.09548783537191413,0.7645720186546394,0.9917174971618586,0.7405926506534471,0.7668639112185099,0.9917174971618586,0.7431264944794311,0.016483548621642564,0.014729980619055508,14
8,3,0.06728084561584494,0.7662393580759017,1.0,0.7493772473468254,0.7724639136149931,1.0,0.7560508055232962,0.02371708771576841,0.029866897811717308,14
8,3,0.035552089157451755,0.6258347017071654,0.5412665437138576,0.6289521066588055,0.6285801605269017,0.5412665437138576,0.6317987703187826,0.3060569476056727,0.2793096802740736,14
8,3,0.16926360546958805,0.7740154404550756,0.8844971193138309,0.7515046567394583,0.7782987684862491,0.8844971193138309,0.7566607183486223,0.0347524608113953,0.03199133893128407,14
8,3,0.13936317039953577,0.7458100027279374,0.7117024092451485,0.7513330551920838,0.7273516508597869,0.7368365124288044,0.7258157644863523,0.06954899047328553,0.06845404408058267,14
8,3,0.19388544341912836,0.7287145020394099,0.8860648453205036,0.6908688375117702,0.7209611495287969,0.8953481213577833,0.6790178610922357,0.04075221151232032,0.03188826874135069,14
8,3,0.19807349979776653,0.7356426672570612,0.802630153716563,0.7190969540497498,0.7524282209964896,0.8237241447166542,0.7348183363886033,0.07197975112646662,0.07277605064670245,14
8,3,0.06525766885991001,0.5739548774634132,0.6524098832169475,0.5684776559711309,0.5760031871790146,0.6179456981143765,0.5730750321157527,0.19159751074987585,0.18078649171590866,14
8,3,0.08916874158328116,0.8502922012402243,1.0,0.8356360770709493,0.8588213085042109,1.0,0.8450001685919326,0.02365746679277147,0.02302578535410776,15
8,3,0.15014383933691702,0.7922917259337855,1.0,0.7555959659053898,0.8001821942615629,1.0,0.7648804409648176,0.013401113909540515,0.013107415487166143,15
8,3,0.14105350571486755,0.8048884314545879,0.9910204754705997,0.7743224095789377,0.7941312799111887,0.9617084669313404,0.7666122785946973,0.016597931971535806,0.010599226132491462,15
8,3,0.09583631587609666,0.8753949743902476,1.0,0.862187535511903,0.8878207297465537,1.0,0.8759303517458312,0.020433803517809747,0.020356763512859595,15
8,3,0.12906273453768388,0.852970930539721,0.9863909862784652,0.8331996359601143,0.8599073622988181,0.9863909862784652,0.8411639659229792,0.009239212255705306,0.007713601030945977,15
8,3,0.13948982352350428,0.9318611309918038,1.0,0.9208157313290561,0.9326723718209441,1.0,0.9217584753561657,0.023902494235556376,0.02247789332711331,15
8,3,0.08105911775871229,0.882188260599885,1.0,0.8717961713567762,0.901842705639271,1.0,0.8931843209311526,0.01445696474426987,0.013630367710274108,15
8,3,0.023166716871903907,0.842121743444195,1.0,0.8383774802899483,0.8302440525954786,1.0,0.8262180964382019,0.029457437882481532,0.026125035381425896,15
8,3,0.2624126465033001,0.8631228211535644,0.9762520323035768,0.8228746586085184,0.8685208079478305,0.9762520323035768,0.8301930959009636,0.010793761303885293,0.01266994561103913,16
8,3,0.3410454766723108,0.8614414570533588,0.9779497250674446,0.8011419729547123,0.8598977879341153,0.9779497250674446,0.7987993695358176,0.009437469614365005,0.008659283365526488,16
8,3,0.25915701158123516,0.8165697934780155,0.9633356461929957,0.7652290905404503,0.8248254117766902,0.9700248746512915,0.7740326534324461,0.01882520382144165,0.014542267126976467,16
8,3,0.37205999051173977,0.8287405867909301,0.9780358804786646,0.7402818093383294,0.8642792434730352,0.9780358804786646,0.7968774333551322,0.011420991393058553,0.008297193835042554,16
8,3,0.29738005582176197,0.8617714640760048,0.9819707261870253,0.8108977825466314,0.8735801918845767,0.9819707261870253,0.8277044899371865,0.013245607195124586,0.012623159197676776,16
8,3,0.2747975014508635,0.7945284984173266,0.9283832706822897,0.7438075521309097,0.8116885911575589,0.9192270261890642,0.7709395682078107,0.011662556643178806,0.014175310893846481,16
8,3,0.2772965808073688,0.8748429250481234,0.9857226532199715,0.8322990976821858,0.8760646479432722,0.9857226532199715,0.8339895876711688,0.012124963561047692,0.007406921204360973,16
8,3,0.33504511265321113,0.8249869655792316,0.9347070586266191,0.7697032438788587,0.8294166232879897,0.9280610914602695,0.7797134816458998,0.023211133489305067,0.013122780537214097,16
8,3,0.12365446627068932,0.8630308598580931,1.0,0.8437041841714751,0.881442373384935,1.0,0.8647136066175406,0.015368726577072039,0.011260963015990345,17
8,3,0.16511033590090365,0.8710565649928856,0.9895303344889225,0.8476268296421136,0.8680181186718436,0.9895303344889225,0.8439874908747319,0.010537211831357526,0.010138782511957302,17
8,3,0.038618193389952475,0.7472439829546955,0.8274775281264161,0.7440210443235511,0.7466433449509026,0.8274775281264161,0.7433962790121387,0.04528793142055201,0.04385866796103842,17
8,3,0.04444700947624543,0.7346319526235111,1.0,0.722288507274687,0.7547466509030683,1.0,0.7433388294222131,0.1586964784801168,0.14131399061450306,17
8,3,0.03385592314256594,0.8034336525675106,1.0,0.7965455130958744,0.8150922664788756,1.0,0.8086126718050461,0.12950159224501273,0.11570076682408054,17
8,3,0.029687740377584426,0.830207468284524,1.0,0.8250124843506063,0.8327184499457819,1.0,0.8276002921788151,0.03724847646132634,0.038559766322474785,17
8,3,0.07015019477100526,0.7377395606235657,0.8631426169605582,0.7282788404325743,0.7541261348335093,0.8979212829325496,0.7432778692431444,0.13922079581449653,0.1357084452953589,17
8,3,0.1744625017040099,0.8438419340844661,1.0,0.8108407355960653,0.8346067981155616,1.0,0.7996539197482488,0.017662811209063635,0.015642594606480632,17
8,3,0.08105409225336054,0.7579521450094198,0.9151839454426626,0.7440837760988619,0.7788332140942369,0.9151839454426626,0.7668066250813661,0.04587056912854014,0.037295278883359026,18
8,3,0.06350506922042108,0.8199992313328927,1.0,0.807793120121572,0.8385283231393453,1.0,0.8275786963136698,0.020571390187933226,0.016798859984376302,18
8,3,0.06742870877787062,0.7165434686436127,0.8897098903115311,0.7040228299249895,0.7049922498375099,0.8897098903115311,0.691636410876034,0.038144958925941684,0.040237139055195104,18
8,3,0.08105270054107501,0.7169809392188174,0.8047489029905078,0.7092396568962347,0.7178836761551706,0.8047489029905078,0.7102220167517831,0.14808918900028678,0.15370492974834915,18
8,3,0.04712746029690834,0.6490664846991192,0.788934904164066,0.6421488298077529,0.6405452303350362,0.788934904164066,0.6332061286499064,0.10735461237218819,0.10976950332322918,18
8,3,0.11555836097352165,0.7852167468580976,0.9479003047303629,0.7639610251965155,0.7743725194891393,0.9479003047303629,0.7516999252093025,0.039323856190572076,0.03467146455491182,18
8,3,0.07031467164422757,0.7019935746877807,0.8190611400524975,0.6931394310676295,0.7028283645496762,0.7725989084594104,0.6975514254221882,0.12507734069878684,0.1258638713439871,18
8,3,0.06114296702066373,0.7529950299103635,0.8755554004948615,0.7450132984715437,0.7502873530544325,0.8755554004948615,0.7421292844408467,0.036640953358180725,0.03732541940770144,18
8,3,0.1406647586574614,0.8117927325469751,0.9628208976095289,0.7870709018027673,0.8201812356454639,0.9628208976095289,0.7968325206622281,0.01840722923544126,0.017186403615596382,19
8,3,0.26994289921086567,0.8241199906493827,1.0,0.7590873245935079,0.8501576802192655,1.0,0.7947526027501591,0.01167025603649619,0.014328534281175843,19
8,3,0.18939966404888028,0.8405068159617064,1.0,0.8032406637838956,0.8472805808432372,1.0,0.8115971430266321,0.015195835158889724,0.014740377723447304,19
8,3,0.278460724845019,0.8824047156899124,1.0,0.8370216447540864,0.8904439029238023,1.0,0.8481633628984842,0.010686946225214787,0.014819465821893066,19
8,3,0.22357940319639627,0.8362825335017432,1.0,0.7891381717947017,0.8602589464892229,0.9785405717870768,0.8261983673365508,0.038000636395564266,0.023213137852461388,19
8,3,0.16448377716344698,0.8559814712166194,1.0,0.8276292849294513,0.849316559508402,1.0,0.8196522863673045,0.014524952201508796,0.016055103158313495,19
8,3,0.2973271533069526,0.9057249720744022,1.0,0.8658336829588911,0.9064341611951634,1.0,0.8668429565121512,0.029173031884735644,0.02487163402134259,19
8,3,0.13086682009062614,0.8621620794154491,1.0,0.8414075957853506,0.882033553814902,1.0,0.8642711509444402,0.007850497257546952,0.009548851294635691,19
8,4,0.2909063479216192,0.9403130478249011,0.9705705013608131,0.9278998986171191,0.9486023488544228,0.9816887935822817,0.9350286033085697,0.05462178640768367,0.05631039025742142,0
8,4,0.30331038119922626,0.8040487431127544,0.876396254793525,0.772551573132696,0.8059829871891642,0.8576971151396681,0.783468754970443,0.030824179953773685,0.019429268408139085,0
8,4,0.14309422338010996,0.754919729862677,0.8440262908329376,0.7400398743546334,0.7489905943152622,0.8440262908329376,0.7331206357298191,0.03719443533233588,0.03522952324623614,0
8,4,0.3410705078882403,0.853388099969469,0.9560232258836341,0.8002628188251544,0.8574712875085406,0.9659306727787357,0.8013312936818908,0.012761482364287625,0.008206239628929633,0
8,4,0.21633517268041286,0.8117814203583328,0.9399615620489797,0.7763965566766338,0.8155126268936278,0.9399615620489797,0.7811577841877076,0.034217065962667215,0.026517897143957584,0
8,4,0.19047165514364478,0.7663321396309898,0.8377544745756965,0.7495273786395067,0.771004483528442,0.8487203506887383,0.7527189349827985,0.033033910269697125,0.030495186704958002,0
8,4,0.37250488803762244,0.8524207447317084,0.9872821786317999,0.7723618847057855,0.8528232581526446,0.9872821786317999,0.7730033453534668,0.012397183515278994,0.012278926344953301,0
8,4,0.3490939060647175,0.8594262144862778,0.9940917109265238,0.7872024258284565,0.8706340926701288,0.9940917109265238,0.8044213123748857,0.014171524401987134,0.008010886201426289,0
8,4,0.19295717639943127,0.8129576002468479,0.9382326880311399,0.7830053765170056,0.8089657107257092,0.9405599705036202,0.7775026259245409,0.020830435153991904,0.016270596325440673,1
8,4,0.3141769340230334,0.7818034310833458,0.8548961716984343,0.7483194987325482,0.7852980573604522,0.8548961716984343,0.7534150203772281,0.015167738668154844,0.013417290182492658,1
8,4,0.2829991174410213,0.8047460505226913,0.9361820861425493,0.7528684545738373,0.8042746915499519,0.9361820861425493,0.7522110509580188,0.017408956593112646,0.013342016235045013,1
8,4,0.31989188964634313,0.8915890799647819,0.9864578366123236,0.8469671362320416,0.9004915407948275,0.9949217272561612,0.8560758805094874,0.01477727839497623,0.008873012388905421,1
8,4,0.3557743358680304,0.7343980248713048,0.8427664037116792,0.6745514677444974,0.7331123006250039,0.8242982369290741,0.6827547664016552,0.04095855751966889,0.04114656113531251,1
8,4,0.2800745384931086,0.8073543576634192,1.0,0.732408905314517,0.8420254201357001,1.0,0.7805681444664567,0.014030960657459996,0.010891034341308966,1
8,4,0.34442948060013556,0.8676290364906875,0.9741218994301243,0.8116788673106741,0.8798348374993313,0.9741218994301243,0.8302974608066377,0.012589172283190668,0.007764443616558263,1
8,4,0.23057756736818213,0.7153166175401919,0.9321177183374009,0.6503464941015303,0.7358768821779893,0.9540418111676734,0.6704980519306981,0.030994660642328864,0.02217731731058858,1
8,4,0.2226841358528388,0.8214757531390317,0.9586329248644788,0.7821831982453901,0.8246089861842276,0.9586329248644788,0.7862140346012562,0.009572586399451237,0.007725776476835447,2
8,4,0.10771077943794302,0.792997539429988,1.0,0.7680096813905022,0.7960757053891387,1.0,0.7714594215512225,0.017154106483728327,0.013173349637985554,2
8,4,0.16076286051682037,0.7880573357116292,0.989491114722418,0.7494710184539946,0.8003461914168751,0.989491114722418,0.7641139067713703,0.02470519044157668,0.020019658985375888,2
8,4,0.30562677354125406,0.8509437426451517,0.984974373974751,0.7919504695060463,0.8734507080650054,0.984974373974751,0.824363823826514,0.014492037580129648,0.0109416826373685,2
8,4,0.19581486311355678,0.8298061319488651,1.0,0.7883648176959935,0.8581573269612911,0.9848867682014707,0.8272993726785484,0.022086395462998946,0.017580898187984386,2
8,4,0.27920286459185967,0.8349147682428226,0.9582955388364773,0.787122868285016,0.8613894425524339,0.9521323452221014,0.82623991556048,0.021145405365230564,0.015307817561858467,2
8,4,0.19263228290432508,0.8078900596521694,0.9512092368993056,0.7736951076959546,0.8096181785637532,0.9431760439857002,0.7777522072457427,0.01774779585459999,0.020472504325623198,2
8,4,0.2624331636262666,0.8587104984004139,0.9626612990640481,0.8217238334172583,0.8552476556539772,0.9626612990640481,0.8170288789051198,0.011162306575778887,0.0065841903721707284,2
8,4,0.21191199706154026,0.8758423506438694,1.0,0.8424571254819291,0.8849889800302555,1.0,0.854063227024247,0.007032912686003791,0.004578503742028912,3
8,4,0.33907895727505116,0.8243589369911788,0.9481875132495917,0.7608299194470506,0.826559220928949,0.9710026556580511,0.7524539555991632,0.03499190390484185,0.01730532095958786,3
8,4,0.3941434082092841,0.8181123781550643,0.9104311735242223,0.7580538673760895,0.8061354637821945,0.9076628027082296,0.7400862832781888,0.023167140038600313,0.016227444513415113,3
8,4,0.24117255874559523,0.8283298691306358,0.9465465292627799,0.7907579353016518,0.8178981469754566,0.9465465292627799,0.7770107754230703,0.015889129080172475,0.010002957579641996,3
8,4,0.24854857400146105,0.8628289704400697,0.9747375894328931,0.8258142989565753,0.8678607557280973,0.9747375894328931,0.8325103875046026,0.00836227520698238,0.005244521652273038,3
8,4,0.1516009705841002,0.762379497186643,0.9464683408828787,0.7294845427955851,0.77058350742625,0.9464683408828787,0.7391545329242337,0.018301692363377912,0.017514308099760758,3
8,4,0.25035514161139927,0.8584603778548531,0.9772524446545652,0.8187879858239374,0.8529687961485521,0.9772524446545652,0.8114624080588804,0.010894943384137915,0.006694030128387079,3
8,4,0.16519781726484034,0.774233482306702,0.8989178985204406,0.7495598604218571,0.7727389258714585,0.8989178985204406,0.7477695483381648,0.0659934437017362,0.05610150450683789,3
8,4,0.16191979580538526,0.8115512483733034,0.9731056093917521,0.7803384252847122,0.8150387536288359,0.9840617314596412,0.7823829697076744,0.017325538612941664,0.019157230162989,4
8,4,0.16786933020896436,0.8484426792607884,1.0,0.8178683634178866,0.8506907563668209,1.0,0.8205699548717829,0.006943223422948196,0.005116277298278824,4
8,4,0.1526138300986286,0.7757230302359985,0.9886254367540773,0.7373794121194541,0.7822588170947128,0.9886254367540773,0.7450922909589506,0.009073831640788711,0.007893192692458912,4
8,4,0.27246067009211655,0.7868739555385463,0.9902980542596848,0.7106924159680825,0.8009024460088014,0.9807471831348309,0.7335512863180909,0.04869646062691224,0.01993691014159557,4
8,4,0.16055577666134246,0.7966344144110221,1.0,0.757737822317548,0.8216051272695346,1.0,0.7874845430218712,0.023499811611319657,0.014276220757384554,4
8,4,0.23713181456048138,0.8052589684648076,0.936823150953035,0.7643632358598028,0.8095720818875821,0.936823150953035,0.7700170480190942,0.017273136112671054,0.013770676814034592,4
8,4,0.46078358696985705,0.801735710642239,0.9606596586999813,0.6659283704503074,0.8165991364055739,0.9747474430145617,0.6814546151492733,0.025892038255381358,0.017053338037377134,4
8,4,0.2607676065190041,0.7707733653123104,0.9054620620480875,0.7232613117515038,0.7980764484335696,0.9054620620480875,0.7601956822715652,0.027746797465743475,0.01699903279386892,4
8,4,0.05547651706877752,0.6375807250037131,0.6819778338318633,0.6349730640929802,0.6486520772364186,0.7542788252271626,0.642448097987917,0.05825336942824618,0.06216034303734812,5
8,4,0.06071331471785133,0.6869432131500959,0.9827943685507566,0.6678200800439508,0.6809942655114788,0.9827943685507566,0.6614866062155316,0.04062919076195336,0.0393623385002377,5
8,4,0.15764481638828015,0.8524177260777142,0.9467818401360728,0.8347577012760744,0.8545168109379278,0.9467818401360728,0.8372496249931145,0.012152435928933066,0.009099700066685491,5
8,4,0.2620691780236555,0.8553837290635943,0.9166290992866508,0.8336330129339659,0.8561589968164094,0.9166290992866508,0.8346836097239722,0.01116481010597982,0.009131611039384209,5
8,4,0.45451892674884325,0.8314153660680641,0.9051996624220954,0.7699350309395311,0.844966183464035,0.9044360639392383,0.7954132519821648,0.010616147631870973,0.0063723359231024415,5
8,4,0.41884360771502765,0.7523644119707448,0.9114560546253735,0.637705916510025,0.7746255411514427,0.9103629049267175,0.6767986430907817,0.020129931714730945,0.01689466646272908,5
8,4,0.13876742569501874,0.7988556116101572,0.9283084180565321,0.7779973286846001,0.8202996381302018,0.9283084180565321,0.8028965570229502,0.016943184559346486,0.015044299582461639,5
8,4,0.16691523471952363,0.7562706277731538,0.9228784703340657,0.7228894061902511,0.754620241320195,0.908171354697791,0.7238550404678701,0.07067623922205951,0.05768968381280672,5
8,4,0.08091620662824313,0.7994412486359226,0.9773319632706454,0.7837797366753838,0.7989936488094088,0.9773319632706454,0.7832927301263165,0.006765573787985866,0.006669619399346537,6
8,4,0.22831975224980472,0.876265282461331,1.0,0.839655455871246,0.8705231765605663,1.0,0.8322144128777191,0.010191953609239728,0.006289198068402828,6
8,4,0.12591888166231788,0.7227439577051596,1.0,0.6828028469232664,0.7206628584333097,1.0,0.680421947452737,0.02647394316322136,0.025221164338620775,6
8,4,0.2799953431918934,0.7841946225350132,1.0,0.7002722476522779,0.8012196481643307,1.0,0.723917963646383,0.024521832062629596,0.009778901644857774,6
8,4,0.12401646267733905,0.7880333637825175,1.0,0.7580244066397263,0.803205824727796,1.0,0.7753448930402486,0.024359965428517386,0.02358150166951556,6
8,4,0.4122487211611366,0.8862730023113071,0.9930621223704003,0.8113711181924742,0.8858881913437535,0.9930621223704003,0.8107164008291812,0.0059532860238581215,0.004057746628141005,6
8,4,0.22627172210712662,0.7651791599206882,0.8996816538030641,0.7258447943713888,0.7755446815636096,0.8996816538030641,0.7392416443238685,0.013270932602415443,0.009589893204035464,6
8,4,0.31159166809085576,0.7563310360145296,0.9357921977390273,0.6751022069209283,0.7556766007021541,0.9357921977390273,0.674151557020221,0.013305894804066501,0.014798622426700644,6
8,4,0.2090879524513037,0.8447359775598946,1.0,0.8036899008918614,0.8457725142579492,1.0,0.8050004596338445,0.011732023014368834,0.012185008052834479,7
8,4,0.2504407282623316,0.7287823483702476,0.84827434080929,0.68885800517778,0.7208180281518426,0.8468046037995544,0.6787237322820251,0.04554632568347955,0.04928435998800239,7
8,4,0.285440991930408,0.8548352813665077,0.9436449866771572,0.8193589524830431,0.8734607067994316,0.9489636942901472,0.8432999399492849,0.02608649067128376,0.014355876922635725,7
8,4,0.3153810133475788,0.8666109967513832,0.8992770762991865,0.8515628291271494,0.8694505866942133,0.8992770762991865,0.8557105229512932,0.05651449706127551,0.039524816812025826,7
8,4,0.1319469821093633,0.8618684362108409,1.0,0.840871973321609,0.856155937041208,1.0,0.8342911550398936,0.02235002027307723,0.017334776805488387,7
8,4,0.11337386302802296,0.7643673925878346,0.8939155820905778,0.7478019225664195,0.762296526597044,0.8939155820905778,0.7454662526550148,0.0774039776073068,0.07343399705263456,7
8,4,0.16714857481245718,0.7376663824751014,0.887581788306658,0.7075792076569357,0.7567007836132317,0.887581788306658,0.7304337055451325,0.06649959829927421,0.07319340917738851,7
8,4,0.18348561910351788,0.7745997576978124,0.9782862783665467,0.7288276951079163,0.7742607296810915,0.9782862783665467,0.7284124813350141,0.03108327086214018,0.03643547893315299,7
8,4,0.4411314465451824,0.8856803236863453,0.9578209152235581,0.8287376252598383,0.8801100592862514,0.967124205740316,0.8114272249097432,0.009267040224912003,0.009221082956970678,8
8,4,0.4554682022333676,0.8525898466936536,0.9375534806272933,0.7815228607771513,0.847182048160318,0.9375534806272933,0.7715917629872417,0.010263325688098911,0.008904440475259144,8
8,4,0.12167061366336972,0.859027369731189,0.9779842673166619,0.8425488606958919,0.8741250644814433,1.0,0.8566882339624766,0.016195360095118367,0.012925054998401218,8
8,4,0.03076251750617743,0.8119583708126724,1.0,0.8059901390694245,0.8042687989968047,1.0,0.798056508813935,0.0318477139702341,0.026871275104530384,8
8,4,0.1534103586172056,0.7874874216095817,0.9440566455113976,0.7591155403425696,0.8018392099912893,0.8967146337732984,0.7846468512912893,0.024532698621574853,0.017945141664415968,8
8,4,0.15285658299762378,0.8030305208826402,0.9822365435098385,0.7706950039895051,0.8051500650679468,0.9822365435098385,0.7731969937857626,0.017332396807658697,0.012605010925786,8
8,4,0.4334606269324583,0.8146124500170651,0.9495601857563776,0.7113636152185976,0.8116335325093652,0.9495601857563776,0.706105520813666,0.010117380281353365,0.006964861347136838,8
8,4,0.13337183160742414,0.8075520707515313,1.0,0.7779348326452147,0.8208682504818161,1.0,0.7933003379633531,0.011847696380116743,0.011583517634726797,8
8,4,0.2797720101701686,0.832972162757381,0.9851596579304264,0.7738550469988204,0.8245612090583366,0.9952767371065626,0.7582468931420691,0.01333382968203028,0.010730109413972105,9
8,4,0.24364230092592226,0.7172007274955983,0.8874655895133857,0.6623540289036062,0.7325271174932595,0.8983375878506502,0.6791152932136371,0.06874034073460021,0.05277610275807987,9
8,4,0.1410341747057567,0.8062507923006993,0.9276828627489033,0.7863127792457477,0.8010692018639841,0.9341108360111914,0.7792250067622416,0.020284586898200625,0.015392203779169255,9
8,4,0.36866381608216325,0.7691550372207887,0.9527475435358741,0.6619476321862997,0.7690065707421962,0.9515469576954483,0.6624135425623657,0.024431260624173223,0.012617959984637932,9
8,4,0.5336791885913957,0.7130465225127783,0.7820941622960779,0.6340251975532668,0.7316233932536665,0.787989735841592,0.667115133617297,0.04955926593768728,0.03031240237392058,9
8,4,0.23716679329980372,0.831892202927676,0.9886651631168663,0.7831510889887268,0.8308957505754043,0.9886651631168663,0.7818448370538091,0.027043382436833813,0.029821485780923307,9
8,4,0.33773587607839406,0.8782097700311015,0.9916873798197096,0.8203394150278847,0.8875581622831151,0.9916873798197096,0.8344552215684189,0.04407160359516022,0.03703988219985416,9
8,4,0.29218754872346936,0.7530435604513339,0.8942181337397042,0.6947661842384433,0.7505119129433827,0.8942181337397042,0.6911894634511988,0.04365758469811913,0.036714732496266,9
8,4,0.22631644311864585,0.793806003210655,0.9496770539746934,0.7482108997858414,0.8125646303457772,0.947803712430828,0.7730047511730925,0.015636451036367946,0.013440169119843783,10
8,4,0.4386942857554185,0.8882943727727688,0.9888429797749684,0.809709569138805,0.8885767408764281,0.9888429797749684,0.8102126249540114,0.012854950962594654,0.008231770397040577,10
8,4,0.2580136827517116,0.8084321300895678,0.9326934560896536,0.7652222735199827,0.806313966726917,0.9326934560896536,0.7623675532732455,0.02298521838955897,0.01906742468641642,10
8,4,0.17677366188067753,0.813669180966359,0.8930750368114624,0.7966181425550084,0.8111809057583529,0.8930750368114624,0.7935955531494135,0.013877950756664594,0.009183556510487452,10
8,4,0.2398907660177929,0.7934611591298795,0.9149636032174984,0.7551149411363017,0.7887649106396714,0.9304017296888897,0.7440642761794987,0.02365132556663107,0.020058077058236284,10
8,4,0.13161946867565416,0.7809774736799888,1.0,0.7477804736294753,0.7928325361772322,1.0,0.7614323947281247,0.023073464964429878,0.019656104285741768,10
8,4,0.2114133354123643,0.78232101079491,0.9818395693600043,0.7288317928850804,0.7754014728408797,0.9710884127250144,0.7229394791053184,0.024574004909667067,0.01882217458309119,10
8,4,0.1824036100405805,0.8225353578035921,1.0,0.7829434616202058,0.8315164584004094,1.0,0.7939282222027018,0.0214835608724931,0.02172876900795491,10
8,4,0.38543940723102316,0.7679091270455187,0.855494298537031,0.7129775597124883,0.7767200499536888,0.855494298537031,0.727314507137756,0.031060985423549806,0.018440808370021107,11
8,4,0.40394449406949723,0.7500445476808996,0.7922921339403441,0.7214135230742438,0.749294517068188,0.7922921339403441,0.7201551996375015,0.018184226741907734,0.010617250245631711,11
8,4,0.368459311013717,0.8747343606290227,0.9615139184704286,0.824104628214404,0.8764912579848326,0.9789020642708909,0.8167417980013607,0.014426536430532193,0.008592008758273397,11
8,4,0.2680807760026383,0.6783900457434278,0.7161475508965096,0.664560567094021,0.670860329984184,0.7161475508965096,0.6542729349177268,0.1372246717345968,0.08911973015869956,11
8,4,0.2601075743646767,0.7471296179560973,0.9400190917421661,0.679319742616595,0.7548734503449375,0.951827049748339,0.685634840476453,0.01785863831727634,0.015755814462043598,11
8,4,0.26592403359728056,0.7555510657086032,0.883965232981051,0.7090321563653822,0.7390705782364855,0.8734930806348539,0.6903751084485483,0.02967627432894765,0.036501980558620264,11
8,4,0.3181246506971104,0.7839825050847156,0.8980815618540452,0.7307503085890928,0.8023432546557677,0.9522865394673693,0.7323881592650419,0.017792507711324543,0.013085514562773608,11
8,4,0.6338846306499335,0.8663233117037162,0.9432026149372302,0.7332160651510491,0.8694993109409714,0.9437086663895145,0.7410147571436925,0.016060451873951012,0.00929013640132064,11
8,4,0.27215415983876917,0.8251333746434886,0.9650878482479657,0.7728019741218257,0.8441877319101007,0.9793000586125209,0.7936668939406031,0.011403573688545998,0.01041232214198682,12
8,4,0.35476930652708494,0.8451186480024275,0.9296148645796946,0.7986598163589238,0.8356145090742366,0.9351901388323518,0.7808645142682824,0.009741994622348867,0.009464719376544112,12
8,4,0.460388436742476,0.8753708523285176,0.9862384632502325,0.7807802809747639,0.8977374006396108,0.9940194132912638,0.8155910414631691,0.013172126862659693,0.007897171058938432,12
8,4,0.49113195315812086,0.8464581526203193,0.857733013913444,0.8355762654929088,0.8556253103120238,0.8698996439116161,0.8418484945258741,0.013555070404470355,0.0096636482221412,12
8,4,0.51773850133649,0.8823325328277396,0.8973880924446632,0.8661694285897896,0.8929299466412861,0.9059176790750654,0.8789867868728635,0.015357601075462954,0.011679617989032474,12
8,4,0.5540822514301266,0.8234077190625192,0.9067676634594798,0.7198274829793156,0.8281452693391468,0.9032352277602413,0.7348410369886932,0.019930150180529512,0.007939522259239941,12
8,4,0.1335671977013833,0.7952300323457415,0.9584237547253912,0.7700724804584168,0.8016359558073858,0.9701212270858409,0.7756626714639049,0.013446876618594356,0.013171445505224576,12
8,4,0.38100026524505454,0.8850895931897185,0.9929976808748289,0.8186711317239961,0.8889357389040239,1.0,0.8205746224754925,0.004742616593226216,0.0026908163380046546,12
8,4,0.3767160511943782,0.7738799111728057,0.900891899745482,0.6971132065574654,0.8078157948683272,0.9310590906352821,0.7333269077303288,0.02299407609137877,0.015380759420178787,13
8,4,0.34302439646024735,0.8046892184333427,0.9212929516060127,0.7438073150855471,0.8101906651162125,0.9499270024228846,0.7372306152910348,0.02454065163082056,0.01712859757665801,13
8,4,0.38131636954325,0.7806491699384583,0.8243563353178612,0.7537109145765112,0.7675872001645049,0.8230402432223869,0.7334095493943583,0.027095738724984275,0.022876885447940434,13
8,4,0.12167427157014186,0.8262565503613131,0.9243107549555577,0.8126731227874422,0.8343738708571768,0.9475375224245142,0.8186973348899481,0.05057981433925149,0.04921637646890421,13
8,4,0.22216875444090745,0.8595786278409263,0.9072969426581295,0.8459490409254032,0.8620741675072496,0.9072969426581295,0.8491573713705625,0.06409436833921046,0.0626395253934978,13
8,4,0.22011483766451717,0.8993605863871903,0.9821612720214021,0.87599091562399,0.8992304725025861,0.9821612720214021,0.8758240783883455,0.04828644695893425,0.050275319345687644,13
8,4,0.1507674723087703,0.8650302016746756,0.9775132344073153,0.8450606621554699,0.8759708920476917,1.0,0.853951533993286,0.06059358093268842,0.05157506912915441,13
8,4,0.17043099137184653,0.7335748042869996,0.8647711038144454,0.7066211510523439,0.7357180973651751,0.8503471752847677,0.7121681006962015,0.05113259134357878,0.050365219316791075,13
8,4,0.1739045047867436,0.7112318454775243,0.8452354498631579,0.6830222370298876,0.7183681725285566,0.8452354498631579,0.691660859431757,0.04309551163518681,0.03240220749241815,14
8,4,0.179538025081538,0.852518551580337,0.9890517184458761,0.8226416092155151,0.8597440162762725,0.9890517184458761,0.831448190040487,0.010678184832753162,0.00941511189113923,14
8,4,0.3143455200639062,0.757761137654684,0.8831327219577287,0.7002832139741596,0.8081820548735846,0.8765424673978418,0.776841503538277,0.03224906427352154,0.02766428929191206,14
8,4,0.1086744548508861,0.7666196556312332,0.9355332483635154,0.746024943960522,0.7700199732877617,0.9355332483635154,0.7498398437746632,0.027026434986573405,0.02915036492410114,14
8,4,0.1997246643820543,0.759286860864462,0.9184631883726704,0.7195612349777206,0.7634377619590619,0.8952987329487775,0.730529227853513,0.041926714943983256,0.045525555285417796,14
8,4,0.4412813623972854,0.8482991784710475,0.8900971373306434,0.8152867479029027,0.8556343368913323,0.9094204487080864,0.8131535476296953,0.05269235059515251,0.05014910247573035,14
8,4,0.20003315806448033,0.7258600917348612,0.9441387248208392,0.671279124093073,0.7329440817572228,0.9246826780647724,0.6849994983924271,0.026073960834497544,0.02369202270755864,14
8,4,0.12994808001620003,0.7803882712582105,0.9195030903327621,0.7596105415327529,0.7828717777756952,0.9195030903327621,0.7624649763778949,0.021880748131662603,0.011926060971428292,14
8,4,0.19493526168076608,0.8126310517123633,0.9327410828839628,0.7835480733598368,0.8156471274053164,0.9327410828839628,0.7872944499546556,0.02149462773080733,0.02129068280835876,15
8,4,0.2044780232780587,0.8587509436758519,0.9840539263321564,0.8265435289794236,0.8673196538937892,0.9780455483948315,0.8388590799614846,0.030941378285840704,0.019586090956947955,15
8,4,0.17173942856915847,0.8185844611744244,0.924400086090397,0.7966436425678309,0.8221190253313455,0.9054194090664318,0.8048467310851742,0.006696054414207049,0.006762935440626105,15
8,4,0.33482511107119656,0.8799253541866743,0.973574884492151,0.8327855494402975,0.8871649622682709,0.973574884492151,0.8436693158032388,0.06471088117284271,0.026819480519680507,15
8,4,0.48457842561486764,0.8244286495064654,0.9501173619312846,0.7062612280960674,0.8399069815350613,0.9501173619312846,0.7362916591021047,0.028250090627773464,0.013699408581994523,15
8,4,0.17754971342689713,0.7970817765878642,0.9004749285428236,0.7747613703583321,0.8115373499094717,0.9004749285428236,0.7923375978308027,0.008208925941990793,0.005596896670611141,15
8,4,0.30687270720189846,0.8723573375693376,0.9771574430446774,0.825958512394768,0.9036174177369243,0.9952439817799328,0.8630509993435914,0.016088676030263767,0.013355415107993727,15
8,4,0.20968814683590375,0.8188014936680841,0.847628935410298,0.8111529017701592,0.8371602190360328,0.8839934468400087,0.8247342726083758,0.012581107255207835,0.012232288899331865,15
8,4,0.1964185236383533,0.8417036746043774,0.9798942225602028,0.8079259131592612,0.8449514372874729,0.9798942225602028,0.8119675228511624,0.018522516329810584,0.010388899238566325,16
8,4,0.5031055311274959,0.8642384898662488,0.9540337835992295,0.7733207763952373,0.9174567457045778,0.972963276327351,0.8612563966981166,0.016457521431469595,0.005949441263518929,16
8,4,0.2586139357487871,0.759214561980638,0.8334382390152159,0.7333234936570835,0.7952605782010734,0.8846115141242136,0.7640927449814685,0.039610765304694054,0.03203101910284748,16
8,4,0.16591159891631463,0.8720698301287662,1.0,0.8466227683959862,0.8935890602272855,1.0,0.8724224678889424,0.011592194375446691,0.011714704719639844,16
8,4,0.4998458480437805,0.8423856372027091,0.9431359870070921,0.7416973917053741,0.8787058146792213,0.9624565280128943,0.7950067267744072,0.018136868647110557,0.01051144211466585,16
8,4,0.4073676786833579,0.9112638776335152,0.9806325704741194,0.8635807487198,0.9226610565311533,0.9895845174328126,0.8766587479557506,0.006940492293695538,0.005850059007013466,16
8,4,0.18505447340739883,0.7466735807751258,0.8302775713009676,0.7276891309724447,0.7561619448818294,0.8302775713009676,0.7393320737178031,0.038009741248767576,0.033995611986848605,16
8,4,0.3582447332044138,0.8528256076607144,1.0,0.7706689762373792,0.8682716920547673,1.0,0.7947374727394466,0.009623268038607809,0.006394575325681054,16
8,4,0.06626215444852837,0.7512834214327947,0.9647859020248686,0.7361323440597014,0.762456459845968,0.9647859020248686,0.7480982705415335,0.017648158531297857,0.01856999353648603,17
8,4,0.1808531855474556,0.7763710218618456,0.9714208174946161,0.7333074632198674,0.809379839253063,0.9714208174946161,0.7736040459677087,0.03256756838752856,0.029990680824640095,17
8,4,0.3974846393642232,0.7733161744191296,0.9005802158487781,0.6893589761191234,0.7834404174637752,0.9072574277682173,0.7017572556667293,0.026605405679738944,0.01728076140267756,17
8,4,0.46411978089162237,0.8410066224972036,0.9816611750724205,0.7191873095335051,0.8566644229069414,0.9833513705864771,0.7469422941508453,0.03701387800652828,0.014176731862176366,17
8,4,0.2737503411140867,0.8127762188289693,0.9817153413063314,0.7490968189974614,0.8254184024235627,0.9817153413063314,0.7665043088873524,0.00999630780298437,0.009182193738243277,17
8,4,0.4246324536661242,0.828990596759685,0.9310645546502108,0.7536580280900664,0.8080785482952125,0.924587179440033,0.7220929096690151,0.041919194896320205,0.017601911151768443,17
8,4,0.3860266510630245,0.8557131171595156,0.9510867393373855,0.7957483645642811,0.8494725609123158,0.9569959646240017,0.7818688130988575,0.022874674104102523,0.013364474370452612,17
8,4,0.35881891165522084,0.7777339345796559,0.9056179704280305,0.7061672408712534,0.7711309907687175,0.8957565378449788,0.7013878183963368,0.037163714673344034,0.02462340498561188,17
8,4,0.40018356744046607,0.7465718261928196,0.8505711290256948,0.677185911169809,0.7684678775653598,0.8607222137259757,0.7069179310274368,0.05538841827122163,0.05084894455794312,18
8,4,0.21079902186697014,0.8151512164900626,0.9356931731573945,0.7829539343484265,0.8151512164900626,0.9356931731573945,0.7829539343484265,0.025645923715724064,0.02808668701922308,18
8,4,0.22980310909150573,0.8443146207731772,0.956457159744269,0.8108547296451124,0.8477126893498635,0.9485050788166594,0.817639334412128,0.020257675630652387,0.01982559899240955,18
8,4,0.40772911651350374,0.7374495745010247,0.8809549719073593,0.6386580746471606,0.7431726988706393,0.8809549719073593,0.6483210929200233,0.01975919425224664,0.01253591756838729,18
8,4,0.2625673198996979,0.7220980974321132,0.8339414206438016,0.6822756127269679,0.7273936594264218,0.8255832435818434,0.6924326702412827,0.04276127082109327,0.03518455913283961,18
8,4,0.45345401857114237,0.7660540437009817,0.8217824573476821,0.7198177269493224,0.7708518231843686,0.7990686511362706,0.7474411048534609,0.0680589667737259,0.041701105651300155,18
8,4,0.33073899827376824,0.8384376088036586,0.9309750912950455,0.7927069384328524,0.8328802365875486,0.9309750912950455,0.7844031941510616,0.010345017350312465,0.009396337076890566,18
8,4,0.25400772815283434,0.7494592337022916,0.7853840655953319,0.7372269555972806,0.7577888245005422,0.7853840655953319,0.748392742580067,0.0459026411890559,0.03288105596799662,18
8,4,0.3513661465198709,0.8407570377128964,0.9735733043387917,0.768810222804744,0.8323910080828779,0.960136319633504,0.763191138827366,0.0099741641340285,0.00637726645171504,19
8,4,0.34266198775749335,0.7613747738692191,0.9145711361244129,0.6815154487885099,0.7754998416037406,0.9145711361244129,0.7030037355929408,0.01471775400431618,0.01419581223201913,19
8,4,0.4749360714822541,0.799556719440624,0.8829400380187103,0.724134006887459,0.812504463560602,0.9020733521614371,0.7314867173992898,0.01797882175022851,0.012690925385773136,19
8,4,0.4423169346947011,0.8597135409262406,0.9584570136173899,0.7813968179001454,0.8672111322961237,0.9489971049046789,0.8023439649823071,0.013538345884050859,0.011584373894279538,19
8,4,0.40636814963062484,0.8296773458800355,0.95291598450433,0.7453148617754672,0.8528209414789771,0.9698531780138077,0.7727070234366742,0.009547529416635225,0.008369278114063365,19
8,4,0.4133099498105791,0.8292137962933777,0.946296898622546,0.7467313830809643,0.8470607054446556,0.9628494411730167,0.7654901444012766,0.01616529515296282,0.009483330619189734,19
8,4,0.35973083599909944,0.8258767817518814,0.9691045793097353,0.7454052265830554,0.837117917958242,0.9691045793097353,0.7629621180255814,0.010207526064614194,0.012432969948444925,19
8,4,0.23084063933156218,0.803142623539717,0.8757257960384394,0.7813589116054863,0.8152234503441226,0.9086032645622438,0.7871982359125639,0.03591351140821722,0.031228603164098867,19
8,5,0.2319802625462958,0.8157305726393397,1.0,0.7600720158942949,0.8282097435098602,1.0,0.7763205187151911,0.007467465576634131,0.00757302258667425,0
8,5,0.3950779785313409,0.8055360761934774,0.9180281011510075,0.7320669012521898,0.8053491576073157,0.9334284937762594,0.7216998219418526,0.020549544490120888,0.017066285978613076,0
8,5,0.3607291512223175,0.7269262636005405,0.7746100800323094,0.7000191354851856,0.7351920494388869,0.793067450457039,0.7025339917066318,0.05810737130331669,0.025908093171795446,0
8,5,0.44493221613092376,0.798872955318321,0.9479370615927291,0.6793858853105044,0.8035413489326697,0.9386320609679863,0.6952550969985182,0.013690428402805235,0.011846917570599282,0
8,5,0.39200467047453397,0.8035901087504845,0.9050572526223555,0.7381692208490442,0.8169811731609162,0.9279393151782606,0.7454409691729614,0.025620234838095512,0.02622112420214818,0
8,5,0.06087838660603926,0.7593603666290473,1.0,0.7437609464643377,0.7700798483543115,1.0,0.7551753166293735,0.020183934039137447,0.02084385380240781,0
8,5,0.24910658174704128,0.7570004382520614,0.9243309773928728,0.701489046603114,0.7647290860300394,0.9243309773928728,0.7117816495080103,0.026186503066155782,0.02606221240212968,0
8,5,0.4480538296876958,0.8635575261844419,0.8967078164701241,0.8366470857888608,0.8848959547120536,0.9285064267659735,0.849494243332861,0.013151070606723152,0.010002229216033474,0
8,5,0.408332110342408,0.8069081223741355,0.9128307480581526,0.7338069620194745,0.8196312004498105,0.9200272258549881,0.7503441533744479,0.023331420334302036,0.016287182834225807,1
8,5,0.5844375009975901,0.8437234100755642,0.9257778254431149,0.7283239753855936,0.8518485539126431,0.9199135703808861,0.756123486743315,0.014430652023111942,0.009924622789375372,1
8,5,0.3670171028831102,0.8777769543940281,0.9591959709247316,0.8305684568140809,0.8777769543940281,0.9591959709247316,0.8305684568140809,0.019298516358838797,0.015346877373945328,1
8,5,0.5344352956305053,0.8624454725612855,0.9289303785720212,0.7861255108774761,0.8667024228042048,0.9346603428156449,0.7886915454097632,0.02583142206892338,0.01538678760216678,1
8,5,0.4798474711607312,0.8562962244630963,0.9397412003513625,0.7793171492091417,0.8701381713403467,0.9464504581362452,0.7997390945172105,0.019211391896605395,0.013904338297182843,1
8,5,0.4062508916217596,0.8269422520576587,0.9725695949007879,0.7273021228520397,0.8319386115837727,0.9769932964760194,0.7326903024244619,0.027889928339182007,0.02358223381535675,1
8,5,0.24186112186139416,0.8020654619936035,0.9348108422935997,0.7597170908348765,0.7997870016270101,0.9348108422935997,0.7567117570730895,0.016360816441123093,0.01640709469172981,1
8,5,0.5268233423732249,0.8945586915853676,0.9676211092096911,0.8132127789451142,0.900594357217194,0.9676211092096911,0.8259684073865053,0.007267777973379673,0.003958618637485992,1
8,5,0.1913169832523218,0.6792894682864461,0.9388529152325006,0.6178823475681094,0.6682444810131956,0.9388529152325006,0.6042243542079043,0.03568501641099357,0.03154305755327717,2
8,5,0.5325107825253221,0.8296901501480785,0.9047370996496686,0.7442051628769125,0.8414292600922053,0.9232049652634065,0.7482796362623568,0.014070701853961868,0.013497944120259597,2
8,5,0.4711868093146868,0.8708473097632164,0.9400718898071586,0.80916634270038,0.876505577003795,0.9421899213209276,0.817979055415693,0.016464850055258575,0.006696671145676212,2
8,5,0.276244313061399,0.7223270477314371,0.9289525822559754,0.6434618590002599,0.7274138605150968,0.9431481758436457,0.6450720166896098,0.03735077137911387,0.03199563444453736,2
8,5,0.49545021339993506,0.8703345742650733,0.9759906206498041,0.7665840384040761,0.8926137651462968,0.98076918240981,0.8060482339429534,0.026766484535544813,0.01838867254891232,2
8,5,0.42254590989782936,0.8429125453802466,0.9420601245761013,0.7703623551857899,0.8362008165677446,0.9374413884247501,0.7621191011774768,0.019393467401936194,0.01240355230059876,2
8,5,0.3770398359640307,0.8574840615445041,0.9383701350840438,0.8085286488877138,0.86837750181667,0.9423319364799227,0.8236173878896494,0.023046386563085136,0.013813504844372479,2
8,5,0.250361892623253,0.7684412921438322,0.8539148479767664,0.7398950896535977,0.7852575894968117,0.8694307589393849,0.7571456861632351,0.01685634182924583,0.016438415279079733,2
8,5,0.4799283011906577,0.7127565872923485,0.777716544287584,0.6528107723642984,0.7436946291465691,0.7839886337218237,0.7065108462023256,0.0470332175851904,0.02698218946795085,3
8,5,0.20879672240678437,0.7828323634246807,0.9531097332235301,0.7378965577715512,0.8057491118629804,0.9531097332235301,0.7668609833336023,0.026259352615546155,0.02613477217512815,3
8,5,0.47044383202333817,0.8271414611055051,0.9123746192276215,0.7514225554498035,0.8328606741896457,0.9099889242024913,0.7643419566531587,0.01184973365558722,0.008250425397899002,3
8,5,0.5938961887315024,0.8200585198407978,0.8716277235679223,0.7446424496153241,0.8421365828234371,0.8758386836969781,0.7928498026808903,0.021139025975450122,0.010717435742427773,3
8,5,0.20511861075710025,0.7997989884765102,0.9304368894263406,0.7660879655268151,0.8081901718845125,0.9267906557753242,0.7775853963544499,0.024598660518252345,0.02292680246836801,3
8,5,0.4140977900678811,0.7844324975418073,0.900629372870207,0.7023080944065843,0.8013619887437061,0.9078515463976119,0.7260984213048711,0.03396144230005625,0.020799898463684026,3
8,5,0.41003621526482625,0.7411434215925189,0.7766512655565666,0.716464784822013,0.7508826098168508,0.7766512655565666,0.7329728968050289,0.0545602805203689,0.05202894326375166,3
8,5,0.3985379113710256,0.8007534200610915,0.9612824699628326,0.6943844344313408,0.7996471569890943,0.9717080817053687,0.6856369760293893,0.012331962670580083,0.008068331949531958,3
8,5,0.2773578933802801,0.8605907404975552,0.9642348878858398,0.8208109904421973,0.8645387099514814,0.9572034497574926,0.8289729758380223,0.017834195513532013,0.014095850042018822,4
8,5,0.48816313875803546,0.8804038277435103,0.971204703323617,0.7938027175428748,0.8993595847846172,0.9812177325788841,0.8212875790615322,0.007742162853419559,0.004704295719085417,4
8,5,0.48018719368460194,0.8098852578855577,0.9085220044976169,0.7187676440553867,0.7989520400872996,0.906207067998808,0.6998731212233004,0.025583617960875042,0.019506418116533523,4
8,5,0.7000426155900727,0.8154334717240304,0.8384668887191691,0.7616779240452387,0.8382099769706194,0.8452849510051177,0.8216983537009168,0.01869223677748679,0.013389517650716814,4
8,5,0.3375426756094071,0.8417002194071274,0.9156912257430654,0.8039994931412654,0.8462002438336703,0.9156912257430654,0.8107924204150074,0.019606484050510332,0.01584905999071178,4
8,5,0.2689591750437236,0.8219318996103897,0.9405109886432402,0.778305151452215,0.8436315755407789,0.9567189004378862,0.8020253169381263,0.011180719811179036,0.009684040846689227,4
8,5,0.3189570503959109,0.8325914959399058,0.9411052385818921,0.78177058471745,0.8575088145504137,0.9411052385818921,0.8183575850307093,0.009971484646621037,0.00838410310635421,4
8,5,0.31425055742691355,0.8113135776609465,0.9490798247036276,0.7481810145992386,0.8175505125720761,0.9490798247036276,0.7572760783702381,0.011841869309586073,0.011742433813436138,4
8,5,0.5287703319885743,0.8182807834169737,0.9149369259792295,0.7098222035337144,0.8460207834083477,0.9370005790029413,0.7439316748770072,0.015522029829948276,0.008115966416013061,5
8,5,0.22443969016551968,0.806869838915032,0.9275121286690504,0.771957121245107,0.8073598225923413,0.9275121286690504,0.7725889014833375,0.018965866472326114,0.019817656654354178,5
8,5,0.3616929709274531,0.7827526641890071,0.8239665014546729,0.7593990826600702,0.7827526641890071,0.8239665014546729,0.7593990826600702,0.017652813799863776,0.017321202518016346,5
8,5,0.4916059937130614,0.8013350454085396,0.8601730314676546,0.7444399871525987,0.8287379760588318,0.8923339923845869,0.7672420055804361,0.025437960904937856,0.020243071307317798,5
8,5,0.42548423604797775,0.7958912313657187,0.9545124844766026,0.6784169218070107,0.7984667738204252,0.9545124844766026,0.6828999014157682,0.010623825307852323,0.0054727742799208,5
8,5,0.1831933508653561,0.7586884458004489,0.8880637385248625,0.7296721621812091,0.7713694254120537,0.9113772118586205,0.7399684866788044,0.023365483032297817,0.017405246911950546,5
8,5,0.20775290726261492,0.7330235927809129,0.8026208586245531,0.7147729302677995,0.736579987426695,0.7992533098173861,0.7201450076661704,0.026814587293279575,0.02173425106098846,5
8,5,0.6308737369396631,0.8352831872375528,0.8741829313104938,0.7687996303488324,0.866089623677546,0.9163182448469755,0.7802438816927636,0.03353774049083132,0.010373878096849247,5
8,5,0.5151377853578201,0.8418944405576343,0.8910785816976889,0.7896391631272985,0.8735548765584811,0.9273144326430172,0.8164384879703437,0.02025453523287868,0.01160559528344927,6
8,5,0.5486642323830071,0.8065682093830082,0.8692733176041494,0.7303410354315715,0.8082054960474881,0.8719524299837123,0.7307118314980185,0.018984515894725443,0.012321667233823354,6
8,5,0.5320092528860906,0.8330034943064322,0.8967564879125414,0.7605294492386508,0.8339834698946522,0.9106679751110504,0.7468089550571063,0.03886547990629856,0.02878288904271145,6
8,5,0.5933945412180861,0.8168098921677124,0.8746630621979584,0.7323797534505567,0.8208322532487238,0.8726134719149057,0.7452634387370304,0.023588175404940206,0.010439623502606458,6
8,5,0.586468967623579,0.6762689922134426,0.6992561179107764,0.6436686918227394,0.6871824454119375,0.7199552853674174,0.640704062630527,0.0895202850414098,0.05114700660919748,6
8,5,0.41644712089617436,0.6821066313831696,0.7003590551519994,0.6690809577894086,0.6907874016755852,0.6890954655418587,0.6919948362661108,0.06076390524900127,0.0686676961076757,6
8,5,0.24636145221478817,0.8207817149905099,0.9430485362150443,0.7808131760628182,0.8232298916994186,0.9430485362150443,0.7840616520279922,0.012872897566822162,0.013798129010360531,6
8,5,0.5946028245910372,0.8652079927900908,0.9403612490593204,0.7549794535561438,0.883406909252375,0.9388341540441232,0.8021108413179467,0.022457431744498796,0.006078482776111199,6
8,5,0.3388611561103603,0.8063212250425986,0.9151463575625334,0.7505438182839603,0.8188034393346271,0.9215762788430006,0.7661280844762381,0.02493359148183235,0.013136777994796537,7
8,5,0.1668137261339241,0.8282041975848213,0.9843841969563984,0.796935118316535,0.8390796901920738,1.0,0.8068615448244987,0.015081523358641104,0.014515833002541412,7
8,5,0.08640211063691938,0.7636955130522965,0.9673196827108057,0.744438071414104,0.7803635059029828,0.9673196827108057,0.7626824139686894,0.024311210053869332,0.019831439307760955,7
8,5,0.05221792695803759,0.7858642929266877,1.0,0.7740665146935823,0.7830263065855066,1.0,0.7710721698732879,0.0259102114453397,0.02284278038752425,7
8,5,0.15433173609675607,0.7449686092354545,0.8355232743827249,0.7284426743264937,0.7450370367038665,0.8355232743827249,0.7285235895876342,0.044795026997150475,0.04188237319580079,7
8,5,0.1884275977391794,0.8669778445393167,0.9700307735025882,0.8430514323172622,0.8639495358348169,0.9700307735025882,0.8393200231465412,0.012125261125834992,0.00911850963132406,7
8,5,0.3936041799000284,0.8240012894564099,0.9099316454948254,0.7682249364607021,0.825080897466677,0.9099316454948254,0.7700053049501965,0.016907188187113904,0.01213541378710246,7
8,5,0.18289573555666988,0.7585854811376314,0.9472592947641744,0.7163538622058446,0.7422170478042982,0.9472592947641744,0.6963216165725601,0.02405770576438007,0.018850856978733177,7
8,5,0.24722768541070447,0.7170608302372735,0.8483995108571786,0.6739261965834437,0.7271037223311987,0.8483995108571786,0.6872674046742384,0.025009886341261642,0.01972376804798058,8
8,5,0.6119822081954692,0.8732333739845141,0.9309560427621746,0.7821930994208057,0.8917115719993881,0.9428487329183123,0.8110579697136049,0.011464728452362991,0.00798575618538317,8
8,5,0.1500965384057212,0.8478361343812187,0.9288502361151079,0.8335287020882668,0.8579491223326742,0.9288502361151079,0.8454276863946553,0.007752735302108004,0.007821038607453281,8
8,5,0.3781072370099505,0.7118631783623914,0.7902203386972513,0.6642224737950776,0.7167440902756496,0.7902203386972513,0.672070952188347,0.04097594650234265,0.03280394011882774,8
8,5,0.5705480412644681,0.8577856822953397,0.9406725806169528,0.7476663627255196,0.853006764856301,0.9252829959910595,0.7569842383196149,0.016904288117992355,0.012792899091201718,8
8,5,0.23598090259983093,0.6890399820555624,0.807035284886993,0.6525950317140694,0.7081879640767789,0.8226625247625021,0.6728304576384454,0.07292819828514413,0.049021341043733124,8
8,5,0.4110657550639355,0.7928816080327147,0.9188726215474162,0.704942094331463,0.8136486454949576,0.9347194635437756,0.7291433417783282,0.014788134767945944,0.0125327707876607,8
8,5,0.5343385700201759,0.6533686200434051,0.7897588913981242,0.4968631036567422,0.6615961577212761,0.7918269881660785,0.5121584950069071,0.11313786981117252,0.11530888238298569,8
8,5,0.17454758244769594,0.8143387731003701,1.0,0.7750794316525631,0.8151667309350737,1.0,0.7760824668573769,0.022605079675661294,0.02224400899206982,9
8,5,0.06202636042539522,0.8148526220189826,0.9384036779634548,0.8066824325769579,0.8206284238689172,0.9384036779634548,0.8128401768953956,0.01515032218393106,0.013352128176859407,9
8,5,0.278487211811872,0.8262985297399407,0.9186649275565302,0.790647241205411,0.8168126471392643,0.9186649275565302,0.7775000278005073,0.018069104844467145,0.016052363461635296,9
8,5,0.4351201682174066,0.8401982647260368,0.9518547313497947,0.7541906259215602,0.8387537810318705,0.9518547313497947,0.7516334737399928,0.013917335861126302,0.00993374914196555,9
8,5,0.5106729097737663,0.8512005629144368,0.9314056974547857,0.767496655543235,0.8701560956802591,0.9458780502199127,0.7911309371903751,0.014678524330825924,0.014815855492888417,9
8,5,0.5981408672904928,0.8609870959884685,0.9351936428767569,0.7505355354749021,0.8607443751384795,0.9401678369567193,0.74252778014693,0.02060774261908857,0.009277950546289129,9
8,5,0.5491623744189568,0.8288566031499172,0.9289913293934173,0.7068831455113693,0.8382280754304462,0.922476411217947,0.7356057265031989,0.018243834704940672,0.016962946944017142,9
8,5,0.5080494245001663,0.7924574057644926,0.9159217637220541,0.6649527353148433,0.8105734487910663,0.9285570140551083,0.6887289273734983,0.016641059487633784,0.015380380373346459,9
8,5,0.24084882362817067,0.7277250232634863,0.9020888934408912,0.6724062220515999,0.729661712172678,0.9020888934408912,0.6749573462143096,0.10552057957327515,0.09156342317540025,10
8,5,0.5036938240194352,0.8181126974804718,0.9100494685678426,0.7248074233611129,0.8234157035981375,0.9100494685678426,0.7354923722380609,0.031796092858128504,0.013171953434000468,10
8,5,0.4594079235504895,0.8319691369827467,0.9079065216846145,0.7674357526703738,0.8623193092967154,0.9473082490592015,0.7900936995588188,0.008984612092223159,0.0084243744845183,10
8,5,0.6275040402532378,0.825242517697261,0.9117601460821778,0.6794955372425683,0.8568394762232215,0.9385343083607878,0.7192169439708341,0.011095342696992617,0.005232221396449311,10
8,5,0.8058424302993187,0.7937895943655293,0.8524359869074949,0.550380328545184,0.8128000556824752,0.8556380784632691,0.6350027313746425,0.02010435704246037,0.009115402409145282,10
8,5,0.1735608095992634,0.8332554047018033,0.966868634475409,0.8051952393538426,0.8339615568191938,0.966868634475409,0.8060496907467494,0.014617559353331023,0.011564472702707313,10
8,5,0.7082862196264406,0.7715845761948149,0.7831933829230681,0.743398188080414,0.7673051959202823,0.7945217895950475,0.7012228249732448,0.07117780235744411,0.03226818973393458,10
8,5,0.6307026295954052,0.8302665979979058,0.8772363056623869,0.7500496224400774,0.8439304048978695,0.8883940693011952,0.7679933625357717,0.024939411819869042,0.009644878545160683,10
8,5,0.5694723019824133,0.8475944572810292,0.9347910028406763,0.7322568895625912,0.8830999647283783,0.9391300638535383,0.8089872196575504,0.022692883265269317,0.014934421389336483,11
8,5,0.44506240928751534,0.8247171237939379,0.9372049101168288,0.7345014202010214,0.8376131027221977,0.9328633316271104,0.7612219966391152,0.009487190607424343,0.008044384371943715,11
8,5,0.42125740285563984,0.7794149007358452,0.9028598498871573,0.6895613130930525,0.8061579931024571,0.9117330175086658,0.7293116354864361,0.02228260172864613,0.019658012025778694,11
8,5,0.2853867473624743,0.8047578793102844,0.9164791571190521,0.7601410575995963,0.8056856396568314,0.9164791571190521,0.761439326758645,0.021311134889648663,0.016676065778210944,11
8,5,0.37618190123746786,0.8639759652987117,0.9945752302050522,0.785220507786113,0.875253429407864,0.995572858679982,0.8026970355661679,0.01803049354183826,0.015294832575319618,11
8,5,0.2157214399964322,0.7639428816694954,0.8569784520945436,0.7383527811025621,0.7668081704103762,0.8569784520945436,0.7420061880513225,0.027147464099783386,0.0265004300189764,11
8,5,0.21722267315898955,0.6725935220508884,0.7418166710526698,0.6533839244360304,0.6658233970155658,0.7107574816321987,0.6533540757390186,0.08277468148652295,0.08088413240522521,11
8,5,0.09018924874273072,0.7808825849905496,0.9445870084434888,0.764654617859276,0.7729595264290264,0.9445870084434888,0.7559461490369696,0.02177792249168015,0.014561122518150178,11
8,5,0.2854956865935878,0.8126295754459824,0.9716374953490154,0.7490945142647448,0.8327263192384725,0.9770784122500192,0.7750473113832579,0.022611821633201384,0.013403677655027247,12
8,5,0.21838851271005996,0.8699146673426309,0.9811280706563205,0.8388407512883607,0.8843855277961518,0.9917308197257274,0.8543923930583158,0.01653753525802875,0.009790899442713812,12
8,5,0.5219154720049465,0.8522215217875763,0.923869898363262,0.7740043988957138,0.8643390484375812,0.9335090493774507,0.7888275194606634,0.028915186443188953,0.013390266972182999,12
8,5,0.7017379166105726,0.8815282889526441,0.9322451990711249,0.762203772611088,0.8992784400557947,0.9408030421239156,0.801581181952356,0.028462579648286707,0.011930673876890905,12
8,5,0.24829177204920705,0.8548107408410219,0.9538827113684029,0.8220869336403105,0.8556948252052339,0.942288034989227,0.8270927949157584,0.011542152980645768,0.007783173694789924,12
8,5,0.2667197458990493,0.8106950310410092,0.9089282879847232,0.7749641502702086,0.8355982553207416,0.965108247065123,0.7884909291705221,0.027810511558694552,0.016775131246526034,12
8,5,0.5109012552173559,0.7870463372887411,0.9414007320946358,0.6258113006098138,0.8144275472054961,0.9465847261793936,0.6763792096376817,0.018641859806062464,0.010222614845985155,12
8,5,0.2586622356717386,0.7894421535385091,0.8904518324206823,0.7541985835743891,0.8011889995599246,0.8904518324206823,0.7700440545414045,0.016465920649446034,0.010614290518093879,12
8,5,0.6294788406787599,0.868070140922588,0.9304618163663353,0.7620728488967237,0.8913668306047088,0.9511464262741665,0.7898072040311827,0.011522419361793736,0.00961959591158328,13
8,5,0.17515432762563526,0.9017765668678928,0.9867645548094348,0.8837295377293315,0.9083077827565254,0.9867645548094348,0.891647644239889,0.014118242438294846,0.010461274190452322,13
8,5,0.24954050609087322,0.9010648635669813,0.9905304805968663,0.8713160289762193,0.9072424335932964,0.9905304805968663,0.879547745779662,0.018474444670844054,0.01227344054492591,13
8,5,0.5818501696285808,0.8315374808278276,0.8855615191966172,0.7563637186838131,0.8235296704667633,0.8856337866247618,0.7371125828666859,0.017339052497332152,0.014378838137692692,13
8,5,0.44075708231814037,0.8793397425608049,0.9572527724378029,0.817934012354156,0.9064759310076272,0.9761190140565958,0.8515880082145393,0.028453027457201394,0.02040249892861134,13
8,5,0.5198982846819988,0.799112809463156,0.8588321725122039,0.7344431917115581,0.7925552760050775,0.865070471168508,0.7140291546104132,0.02405792775944785,0.02126835861219815,13
8,5,0.43451699047164405,0.7632986872472628,0.8017053498971586,0.733787018129898,0.7784156590806859,0.8017053498971586,0.7605198670019295,0.08429377633582258,0.07416251889359791,13
8,5,0.6700477452101392,0.8175142399385108,0.8848460209332368,0.6807807962915436,0.8729433930562838,0.9210558228297357,0.7752394840261302,0.014483550591942652,0.009734013365735542,13
8,5,0.37382553747913627,0.8082573022184144,0.9395824081813163,0.7298563432852633,0.8178563966429103,0.9448509467048553,0.7420407753179739,0.027206475384723015,0.015944745005879293,14
8,5,0.07541966485122573,0.8088773320833482,0.9394035590514854,0.7982300752490915,0.8098786100744644,0.9394035590514854,0.7993130292694742,0.04919151764903454,0.04913207036573198,14
8,5,0.3029349810812731,0.8445880849030561,0.9554115413259283,0.7964257173137304,0.859322523799922,0.9708013017581649,0.8108753623799896,0.017322084307267536,0.01663064800362659,14
8,5,0.5982984570477253,0.85090149885569,0.8684356220471402,0.8247859933636547,0.8706051092703366,0.8941517340181486,0.8355345214111027,0.01437958580661718,0.006386027847686703,14
8,5,0.31842905508625297,0.8685905204451848,0.9693568076346384,0.8215126427073826,0.8760517150115126,0.9609803384938902,0.8363731730679557,0.03727526248510478,0.024661226452001406,14
8,5,0.2986369005947303,0.8478421605722888,0.9536082537763867,0.8028074869641837,0.8502524627884701,0.9536082537763867,0.8062440838114162,0.01054095592957522,0.010528684086537841,14
8,5,0.035472902782922505,0.7617117808354651,1.0,0.752948134010894,0.7549203913066959,1.0,0.7459069741011681,0.031802425314671146,0.03389089210462505,14
8,5,0.19193169114746275,0.8301217074711392,1.0,0.7897723612375184,0.8235310299307613,1.0,0.7816162716245785,0.012256844042617232,0.010446172043190644,14
8,5,0.08620212117728833,0.8082624643247235,1.0,0.7901751140828859,0.8059953112149788,1.0,0.7876940915698267,0.020044090689194563,0.016586415180286036,15
8,5,0.4146233806516626,0.7864423660009069,0.9141945088819966,0.6959552785155568,0.8047293712428093,0.929798477761273,0.7161426835519052,0.02248145618026918,0.015257565505461037,15
8,5,0.3758162990009853,0.8306107443464466,0.9787043520149525,0.741444700038331,0.8446005613821025,0.9730279310715095,0.7672754106454599,0.01277883747083634,0.010520186952842606,15
8,5,0.528619768794031,0.8435958343558931,0.9268401021523104,0.7502432440629353,0.8462133498004667,0.9268401021523104,0.7557961189424716,0.018289105529199497,0.008828445173319554,15
8,5,0.1674942778970124,0.8181076356023177,0.9820078401502615,0.785132070775468,0.829142135462844,0.9820078401502615,0.7983866341587106,0.014517916716763052,0.009394546193268393,15
8,5,0.38490840601070225,0.7939382672515604,0.9539711775694867,0.6937938123091334,0.8072631866411054,0.9556491353004795,0.7144070989770961,0.013800470696372658,0.011027934879905051,15
8,5,0.5846732062883361,0.7464505381921493,0.8713809902417252,0.5705806230583172,0.7673398240709369,0.8792376891248614,0.6098164363953575,0.040552262315978,0.02851721086127923,15
8,5,0.2046363936918888,0.8472457423670879,0.9733202577716072,0.8148084596397727,0.8536411314556068,0.9825768955379115,0.8204676877998384,0.008706380381340209,0.008177999630566413,15
8,5,0.5172879708549788,0.8874992275367379,0.9436837634293884,0.8272902772505489,0.9004550755887931,0.9582787955301262,0.8384895289486609,0.02064679389088373,0.019777565695353296,16
8,5,0.3277933093635259,0.8055834259872728,0.9554323100747499,0.7325114641879086,0.8237118188317376,0.9554323100747499,0.7594799444142804,0.037611568985095795,0.030690707767390905,16
8,5,0.5938677696247938,0.8250476212388861,0.8901693535518799,0.7298232213258532,0.8329853062146444,0.8906400745880143,0.7486794911590519,0.027236377289220015,0.01270330846016455,16
8,5,0.2061589304716436,0.8085709995313145,0.904171531414867,0.7837437335177997,0.826249307395666,0.904171531414867,0.8060130624085998,0.04212958368648313,0.03724479707505978,16
8,5,0.24726419369159788,0.6952578190261793,0.8064530691739679,0.6587315854662689,0.6942617736666827,0.8284206221670042,0.6501922884329301,0.05114416864489192,0.03593016462654346,16
8,5,0.507225811273266,0.8396368245728114,0.8939150256182925,0.7837668029897308,0.8413392145306734,0.8983641700814576,0.782641884183875,0.026446953658916313,0.02026347913834821,16
8,5,0.29209812740968316,0.8046901262964148,0.8671291178062827,0.7789262270844451,0.8091928183101569,0.8671291178062827,0.7852868431360259,0.05645859743568048,0.04884463679401665,16
8,5,0.685919766876776,0.7940090003300103,0.8367034265992384,0.7007686501738857,0.7941502038369416,0.8326950094034764,0.7099722096167973,0.02885104496572633,0.020493355777511824,16
8,5,0.646338398952601,0.7755972939454426,0.8270214343256451,0.681616504223238,0.7863921886110934,0.825730150115891,0.7144996365732992,0.06542116861043476,0.051386843089098175,17
8,5,0.6559878256380172,0.8115284726560252,0.8443686777624659,0.7489063437117968,0.8363370766848551,0.8651613332328649,0.7813728551027866,0.025695748153073236,0.014481974477253051,17
8,5,0.5658617464834228,0.7968920168497589,0.8732602031150851,0.6973526767758745,0.8070790781310325,0.869338440726022,0.7259293720925158,0.018217885256261467,0.009163825698137864,17
8,5,0.1769380754217867,0.7481856641709909,0.8145122377218942,0.7339270817691472,0.7434795421758098,0.8233032138613273,0.726319415556693,0.02143800004506254,0.017857815652169436,17
8,5,0.655338759274906,0.8629980850419362,0.9255591479548091,0.744044502498135,0.889701866793119,0.9398806998442122,0.7942918516594626,0.015804467199154116,0.006211121221272469,17
8,5,0.5087256320575243,0.8462333462034822,0.9204984330930848,0.7693301822424763,0.8496122662797878,0.9150297016861896,0.7818710439683471,0.018482646690789518,0.012896856264559067,17
8,5,0.3231925508424892,0.8654104395986814,0.9766387741185085,0.8122961170477506,0.8796392515129589,0.9766387741185085,0.8333195439204741,0.01360487170202089,0.009293274652656325,17
8,5,0.5315017787008959,0.8401521120228999,0.9263360235101749,0.7423782034606248,0.8512535861868991,0.9267357381944978,0.7656206078140809,0.017811346355721076,0.01307289096171297,17
8,5,0.12144326839605418,0.7848233949289392,0.9688002163458057,0.7593922011331886,0.7844854633752278,0.9688002163458057,0.759007557157956,0.015243574555295257,0.01401605943168848,18
8,5,0.382686462275796,0.7472856571405333,0.7899220668646395,0.720854393602054,0.7587950338978222,0.8095582222860256,0.7273257985887464,0.047002137949088287,0.04971615664355849,18
8,5,0.5312662701779155,0.8372369713677136,0.8909103317374728,0.7764031884385855,0.8318280484590023,0.895466289825387,0.7596999958346818,0.009937415497308413,0.009360651090928665,18
8,5,0.6887277455548795,0.8660429379531355,0.9273502024946618,0.7303931539108941,0.8558424552976454,0.9248034478942161,0.7032578664561853,0.022286249450228123,0.010426296508851685,18
8,5,0.4227200395846419,0.8166813789076606,0.9212695346227994,0.7400954719723539,0.8047493431386441,0.9280477393459791,0.7144626425783368,0.014325465737229462,0.012489570193905387,18
8,5,0.4479324114257717,0.820508825055195,0.8788718756118191,0.773154655900818,0.835272647855133,0.8831380604967869,0.7964359725055838,0.012941857022790864,0.010751202529311353,18
8,5,0.4725784076611615,0.8392159386858709,0.9513481756313837,0.7387436130304006,0.8550190790394089,0.9554805310253248,0.7650039683566977,0.01074595743313277,0.006908463639504033,18
8,5,0.5165638180209939,0.8256712107945556,0.8937118163590874,0.7529680985719766,0.8430240704710592,0.9042335699863284,0.777620168265546,0.014690327969120624,0.008418761975182924,18
8,5,0.05821670632018065,0.8044116794849963,1.0,0.7923213101914521,0.8229982920402042,1.0,0.8120568615438072,0.0173931419443837,0.014894777698788785,19
8,5,0.1465976938775735,0.8109717552154182,1.0,0.7785004288968204,0.8251831631219378,1.0,0.7951530765456082,0.013755281430562101,0.012027425148288053,19
8,5,0.5381003635281278,0.9003796691379099,0.9624721434171111,0.8280436455869721,0.9144516741014543,0.9702693664528951,0.8494255987942042,0.014716178225803053,0.011597024621636339,19
8,5,0.3367523666681883,0.7910935378194838,0.8414703276002333,0.765515605338078,0.7898428396453095,0.8335779511263222,0.7676371029678296,0.06762597387520597,0.04720493943982642,19
8,5,0.04127623606532022,0.7990024874500453,0.9819427603988526,0.7911263022795654,0.7978055246958381,0.9819427603988526,0.7898778063110344,0.015516523134828953,0.01796720481714008,19
8,5,0.06019203678970432,0.6920840603891284,0.9117902328662342,0.6780125026514253,0.7006784140293846,0.9117902328662342,0.6871573002874217,0.03231927415683439,0.029385903211562404,19
8,5,0.7031059657053375,0.7649132350241407,0.8218722155485451,0.630022686945779,0.7962852835713193,0.83471198242058,0.7052829794412787,0.0322322907429434,0.013788737213988843,19
8,5,0.26839243428186793,0.7425400956688586,0.8393151191399443,0.7070378874575556,0.7546848732336272,0.8514121106819204,0.7192001954684033,0.011910755341240028,0.015291513100610468,19
14,3,0.055847049940486705,0.8000178613142815,1.0,0.7881888324628833,0.7934472008318334,1.0,0.7812295146086798,0.01854643961856957,0.017374509644901774,0
14,3,0.22358762005005026,0.8183761283956367,0.9626751181973925,0.7768215775685611,0.8215156680993748,0.9626751181973925,0.7808652272897834,0.048582713576263405,0.04668833144806403,0
14,3,0.056757067234821046,0.8517017857738614,1.0,0.8427783457741979,0.8539269179141755,1.0,0.8451373691636349,0.009694611526187003,0.009725638516448,0
14,3,0.05752949513229739,0.7696968917539845,1.0,0.7556389223253794,0.7669060073805718,1.0,0.7526776791257267,0.0364655962086828,0.03292827286294296,0
14,3,0.05096213731417349,0.7781528588391324,1.0,0.7662399469152593,0.7734828305308176,1.0,0.7613191439716356,0.04632743419975171,0.046179629753719746,0
14,3,0.042744629254046124,0.8068862276424229,1.0,0.7982630567984272,0.80822730609008,1.0,0.7996640188495588,0.02880555905862118,0.027608459885449188,0
14,3,0.11600546854534799,0.8212758120206191,0.879020014674283,0.8136981143694885,0.828963532099538,0.9117909990925734,0.8180941898411186,0.033883610329284566,0.03288887391777807,0
14,3,0.08677152129865076,0.7548595308646929,0.8135219809117525,0.7492856463961227,0.757918208459561,0.8135219809117525,0.7526349479851596,0.025269830895650602,0.024910078112986764,0
14,3,0.08753313586102798,0.9035860916311383,1.0,0.8943370853692968,0.9137761515055707,1.0,0.9055046798046826,0.12548271907415484,0.10149665272954278,1
14,3,0.03204231084628482,0.865599673037984,1.0,0.8611506179784346,0.8724078374909425,1.0,0.8681841531517652,0.028546744174606904,0.029869177098234206,1
14,3,0.037905430660175585,0.89845119844091,1.0,0.8944502912756574,0.89845119844091,1.0,0.8944502912756574,0.1215080250370419,0.1112426799241348,1
14,3,0.016602605380770144,0.9395142813757728,1.0,0.9384931066980837,0.9395142813757728,1.0,0.9384931066980837,0.2934021141888594,0.22953909859394547,1
14,3,0.008470882750674924,0.8491621082664147,1.0,0.8478734622014572,0.8450245782676924,1.0,0.8437005842428142,0.10464294005193467,0.08639964985636539,1
14,3,0.04863315983939367,0.9379477657707921,1.0,0.9347757020638513,0.9379477657707921,1.0,0.9347757020638513,0.20119300835247841,0.15961350231330493,1
14,3,0.07854271347136389,0.8555899187622642,1.0,0.8432807647744961,0.861332391196887,1.0,0.849512711190869,0.031581406610314194,0.022593926036270834,1
14,3,0.023631828391771782,0.8619787388539516,1.0,0.8586380986603588,0.862910138622042,1.0,0.8595920418502069,0.20991465814439397,0.16298201620309705,1
14,3,0.03258287691565096,0.756273260087569,1.0,0.7480644759156484,0.7673554127767687,1.0,0.7595198785798759,0.03356923942536225,0.03094148062131719,2
14,3,0.10204733597708211,0.7283492782497115,0.9230312879831013,0.7062247484699884,0.7210470083900946,0.9230312879831013,0.6980926161737243,0.06454098895277223,0.06073486160627768,2
14,3,0.037235970062803714,0.7995043021217928,0.9014807316977481,0.7955602502453951,0.8020322246547936,0.9014807316977481,0.798185942995015,0.0586996199183562,0.050585821405623135,2
14,3,0.10398675992721075,0.8979709193882192,0.9553844480425225,0.8913077959501502,0.8936595744453382,0.9553844480425225,0.8864960981425032,0.07010072103104704,0.06299438531209696,2
14,3,0.029738557553000537,0.8255464151946864,1.0,0.8201994048476856,0.8133569747830471,1.0,0.807636357530359,0.02436784200159564,0.022715665962988567,2
14,3,0.10150321407301803,0.885035191240688,0.9448330283058242,0.878279827446633,0.8867815934053137,0.9448330283058242,0.880223520726319,0.05313999110632412,0.04599917147743866,2
14,3,0.02166131913320415,0.8850064181763937,1.0,0.8824603544022982,0.8971755700606973,1.0,0.8948989425132392,0.06396396192792358,0.06667554217364305,2
14,3,0.010368992771458557,0.7600263314017547,1.0,0.7575119748215138,0.7546462212436504,1.0,0.7520754938313199,0.06116787968783936,0.05943097659595588,2
14,3,0.06711044276044863,0.9354714159424131,1.0,0.9308293424909493,0.9417240316160815,1.0,0.93753176039792,0.06944708989218869,0.05150683325811986,3
14,3,0.19744210497220574,0.7899344841445473,0.8831354094790234,0.7670055627578117,0.8132998297673876,0.8972267822124009,0.7926524543477343,0.049145548225070904,0.042549323576954005,3
14,3,0.2093855759908807,0.8511324006881346,0.8604636545621105,0.848661120241198,0.8613214408709707,0.8771317199715799,0.8571342615133379,0.08225509971921219,0.07607388104630029,3
14,3,0.2920393417006105,0.8056214120351313,0.9317689239143975,0.7535845708709836,0.8141850807144714,0.9317689239143975,0.7656808202585005,0.02810121193691879,0.029900816982203184,3
14,3,0.12014082130702006,0.8364819045306701,1.0,0.8141542426002374,0.8507909039382308,1.0,0.8304170716461498,0.05956805910661255,0.056370029879255726,3
14,3,0.10529417114015932,0.8821827187519138,1.0,0.8683172977667692,0.8863688768694084,1.0,0.8729961072508085,0.05393054092005702,0.04372041449282379,3
14,3,0.060583648402452145,0.8542417742818684,1.0,0.8448417195737986,0.8599821088337373,1.0,0.8509522525042791,0.06981930013015054,0.05637381369679783,3
14,3,0.18800791263977124,0.8220020677432697,0.9863922291077961,0.7839393186379962,0.8378366364629594,0.9863922291077961,0.8034402090606696,0.0596204262999315,0.05413383424826023,3
14,3,0.01910413176198265,0.7303324548524183,1.0,0.7250803537056535,0.7372490097373438,1.0,0.7321316168507922,0.09836634322081272,0.10296658531783719,4
14,3,0.041536837574869305,0.7727644490200637,1.0,0.7629167610312968,0.77638646235095,1.0,0.7666957412497142,0.047059173696958716,0.04491735527432365,4
14,3,0.037922951187772,0.7962699991978394,1.0,0.7882394127854063,0.80041097628725,1.0,0.7925436180406124,0.032834812895717165,0.0322149910086451,4
14,3,0.047923320690353766,0.7795953632221052,1.0,0.7685011705803877,0.7829642817427046,1.0,0.7720396655291791,0.04458785596470122,0.04598588368650474,4
14,3,0.023651188521402227,0.7488886143037865,1.0,0.7428056625419284,0.7559357353203306,1.0,0.750023493847394,0.03634806904445966,0.035481141590274566,4
14,3,0.011598661841663116,0.7541821450154839,1.0,0.7512975291569899,0.7565097847660062,1.0,0.753652483223381,0.05605017483112702,0.054892895917982555,4
14,3,0.08330815942258457,0.8495408631813742,1.0,0.8358672673208776,0.8531968518706751,1.0,0.839855509091414,0.027473587169022096,0.027020453189194278,4
14,3,0.07972302541601554,0.8525831404889659,1.0,0.8398125090789381,0.8654249915146132,1.0,0.8537668417204263,0.01838041574539289,0.019021360786957393,4
14,3,0.08129955903678503,0.9650441668136257,1.0,0.9619507821834453,0.9650441668136257,1.0,0.9619507821834453,0.2476490463636313,0.22829676235525434,5
14,3,0.06834540680423794,0.9380897187304319,1.0,0.9335480319404605,0.9354540722796464,1.0,0.9307190366561194,0.09015722159592683,0.07711355160226475,5
14,3,0.07787329634329349,0.7744522356260003,1.0,0.7554048012278717,0.7760787544468245,1.0,0.7571686790272827,0.06688309531195348,0.05662879158126143,5
14,3,0.04617416816015416,0.8422283388992204,1.0,0.8345907021657697,0.8459407022541051,1.0,0.8384827789275447,0.05780707680500564,0.05386389350720296,5
14,3,0.04545868933570204,0.762286100190872,1.0,0.7509653095645541,0.763352449723168,1.0,0.7520824424957148,0.051847359415678224,0.04866536157372982,5
14,3,0.10774392406358735,0.8157378341120364,1.0,0.793487350932766,0.8231477474208555,1.0,0.8017920445164354,0.03487620199305182,0.0320613634766295,5
14,3,0.06355868432350024,0.7779357896060006,1.0,0.7628637196196573,0.7782596418678829,1.0,0.7632095525687815,0.059648563606026175,0.0533505002532731,5
14,3,0.04155228081735941,0.8493742027556042,1.0,0.8428440130538901,0.852132324987941,1.0,0.845721710164682,0.08005507476171055,0.06632639049810632,5
14,3,0.01683910882978768,0.7339383449293024,0.5224274480989489,0.7375610022607723,0.7327496302427811,0.5224274480989489,0.7363519278384704,0.12906197900582717,0.13025908935650354,6
14,3,0.06802989751351794,0.8245613223688348,0.9813582736654098,0.8131158044292799,0.8269491919356459,0.9813582736654098,0.8156779784308279,0.027379459721190314,0.024218237055338127,6
14,3,0.009305638350422658,0.7037787931400127,1.0,0.7009963735265862,0.7106763807629323,1.0,0.7079587505117895,0.06760710636923985,0.07004830066452265,6
14,3,0.1327528713946638,0.8107059845900559,0.9761818752614583,0.7853759501527612,0.8182658382175693,0.9761818752614583,0.7940930198070252,0.04412543134210128,0.03993349834255989,6
14,3,0.01056153965828898,0.6393876809502381,1.0,0.6355384053645728,0.6389050947714341,1.0,0.6350506679274843,0.21197374118003887,0.1952598174196562,6
14,3,0.0,0.7768843189643702,,0.7768843189643702,0.7777144826618411,,0.7777144826618411,0.05490552274829685,0.04567960273902454,6
14,3,0.05370963822250519,0.771182425832996,0.8988075568554152,0.7639386665259286,0.7721964934635268,0.8988075568554152,0.7650102907033386,0.11428746085418803,0.06310797430041921,6
14,3,0.013652205083303545,0.7106651867795221,1.0,0.7066604551542449,0.7066297127775883,1.0,0.7025691254805424,0.09629266792228593,0.09874264756454532,6
14,3,0.042893464776691495,0.8590076790791603,1.0,0.8526889998844865,0.8601557955853175,1.0,0.8538885701140319,0.020401053853615368,0.018097660504852967,7
14,3,0.0717126908081606,0.8238376509823307,1.0,0.8102286358185431,0.8258299303610301,1.0,0.8123748241365045,0.018277109911521497,0.01705612107192183,7
14,3,0.03931335873892788,0.8326693718427259,0.903418094594355,0.8297741822997501,0.8303966228443126,0.903418094594355,0.8274084275356055,0.01633281728595835,0.014402364950348988,7
14,3,0.05103486446159323,0.848955708896348,1.0,0.8408326234051209,0.848955708896348,1.0,0.8408326234051209,0.02101644944690165,0.01961310045133599,7
14,3,0.010913778580022016,0.846244034759865,0.6859474741003088,0.8480127796198084,0.8432362161353536,0.6859474741003088,0.8449717721127042,0.013476657948040061,0.012796842026567844,7
14,3,0.042344550619616256,0.8619243417457008,1.0,0.8558190648383655,0.8691162512951355,1.0,0.8633289782984601,0.016074266471264302,0.014396260643365855,7
14,3,0.057988952152293445,0.8172711977981768,0.7242697858049854,0.8229962415144803,0.8186718845102041,0.7242697858049854,0.8244831526449045,0.021026059742280057,0.01974999722197167,7
14,3,0.016007872395224564,0.836320385821763,1.0,0.8336575978746249,0.8406780944523833,1.0,0.8380861989867372,0.014302411127520252,0.013609815044166761,7
14,3,0.03339848115969832,0.7184469367584154,1.0,0.7087185797314046,0.7355661677292378,1.0,0.7264293226147402,0.027693110677702512,0.02661539978153643,8
14,3,0.01551003107859686,0.73932596884973,0.4989581969516971,0.7431128145567676,0.7289952104195938,0.4989581969516971,0.7326193014116266,0.14521558792064787,0.1531609527669649,8
14,3,0.8069370529691648,0.985174771039094,0.9876179134907895,0.9749632716277628,0.9828847501832579,0.9847799959017909,0.9749632716277628,0.043905629931810006,0.04415609240016713,8
14,3,0.017266682929744655,0.707011953148399,0.8946736878384092,0.7037147252894733,0.7153105053232859,0.8946736878384092,0.7121590835204802,0.13853551588180493,0.14577287526726407,8
14,3,0.010040293376560745,0.6675343908402716,0.6398820603506473,0.6678148441847903,0.6676755477175442,0.6398820603506473,0.6679574326925126,0.14815900601444446,0.15022500766770414,8
14,3,0.0,0.7226249141208081,,0.7226249141208081,0.7157045309897054,,0.7157045309897054,0.08336518121878486,0.08304584891802794,8
14,3,0.08715470972002841,0.8497186352920074,1.0,0.8353703893658682,0.8541534934082707,1.0,0.8402286694747607,0.01258779677018449,0.012662296054271273,8
14,3,0.03253959207346298,0.7763569256244394,1.0,0.7688349078233879,0.7807120842873078,1.0,0.77333654802198,0.051019750814994255,0.0539275722088832,8
14,3,0.02767908451843529,0.8298894968786018,1.0,0.8250469568093709,0.8316677889181828,1.0,0.8268758715341975,0.03817979648816453,0.03325915789009953,9
14,3,0.009467925306550223,0.7603325650835284,1.0,0.7580417221818446,0.7610406577320918,1.0,0.7587565830799962,0.07218529426596781,0.07504878995437743,9
14,3,0.01851430758511141,0.8097442632649485,1.0,0.8061553640512699,0.7946931587192526,1.0,0.7908203421940857,0.023647991750455736,0.02375117229257269,9
14,3,0.10014495150114594,0.8140765898022937,1.0,0.7933851563006006,0.8289383448827436,1.0,0.8099008774772972,0.021396691415425953,0.021291987165911047,9
14,3,0.15842834689316185,0.8488867892008791,1.0,0.8204392813835225,0.8472033127608432,1.0,0.818438885536275,0.03284511371012769,0.03039303029512434,9
14,3,0.015329713541752537,0.7429310966364813,1.0,0.7389289522605911,0.7470270436509,1.0,0.7430886665027577,0.06055569117530597,0.06237207553825578,9
14,3,0.031251998014831854,0.7825703257453545,1.0,0.775556002377206,0.7832299213079081,1.0,0.7762368766202516,0.04189167079105521,0.04046387864570681,9
14,3,0.01625709215172641,0.6954478951661569,1.0,0.6904149423552284,0.6967238475231844,1.0,0.6917119807855416,0.11597861718541486,0.11405393215035757,9
14,3,0.008413904995162013,0.8077461242438422,1.0,0.8061147925282073,0.8088273832123363,1.0,0.8072052263028853,0.11332119952030288,0.11800629436374996,10
14,3,0.019007179014702967,0.7230897078746532,1.0,0.7177244458861365,0.7231645496945213,1.0,0.7178007378000699,0.11405008555773234,0.11200002725305253,10
14,3,0.013309809547326036,0.7298181521294795,1.0,0.7261735745578191,0.7345795392232868,1.0,0.7309991896697142,0.06992292671990154,0.07621065133789179,10
14,3,0.15294993508601687,0.8478135519725609,1.0,0.8203335855444469,0.8493610706178322,1.0,0.8221605361691757,0.01410506249267882,0.01668357082683636,10
14,3,0.0313707612964559,0.7473743325872478,1.0,0.7391926060884996,0.7523863890373869,1.0,0.7443669868008217,0.04863568334376001,0.054033901462440276,10
14,3,0.007088222871144805,0.7888424838133276,1.0,0.7873350673739975,0.7847881190885445,1.0,0.7832517592511884,0.08855105871430857,0.0930022688127873,10
14,3,0.14886517267574026,0.8550146847155917,1.0,0.8296564649572581,0.8611990805624483,1.0,0.8369225239273728,0.016214301270932895,0.018185316568221047,10
14,3,0.009214425000347835,0.8031329394006358,1.0,0.8013020520616346,0.8014525221683453,1.0,0.7996060067469951,0.06495891527059793,0.07875986410897978,10
14,3,0.04262402772263062,0.9023223442245971,1.0,0.8979735667033184,0.9023223442245971,1.0,0.8979735667033184,0.15632066378873216,0.129531063729703,11
14,3,0.019115194530183167,0.6321883992731571,1.0,0.6250205950018043,0.6366602716268088,1.0,0.6295796138883389,0.44360596397623997,0.42851004423152655,11
14,3,0.02215183142235128,0.6775751901922048,0.85484684138459,0.6735593400230652,0.6743679603638788,0.85484684138459,0.6702794547286117,0.30877332811033237,0.2893222345114357,11
14,3,0.05861991667078688,0.8441012138694082,1.0,0.8343933668330308,0.8474219038912107,1.0,0.8379208368534915,0.04648294851499697,0.04378180883805809,11
14,3,0.020703940439542323,0.774741095466568,1.0,0.7699787491899681,0.7750983364323312,1.0,0.7703435428213481,0.06828056904518752,0.06741904858994138,11
14,3,0.014810049771122383,0.7214610616430049,0.8331790320197426,0.7197816406326465,0.7247824793761002,0.8331790320197426,0.7231529881908748,0.06161448479730049,0.060055147276900964,11
14,3,0.043778866821442865,0.8057728209707142,1.0,0.7968804784896787,0.8021892073696384,1.0,0.7931327955775017,0.09812765706449042,0.08436359309575747,11
14,3,0.05547267248519005,0.8815691355845724,0.9415395289798757,0.8780470373935348,0.8844588463094281,0.9415395289798757,0.8811064626114995,0.06427901368416453,0.05195735124707842,11
14,3,0.1007609983204581,0.8755598570658251,1.0,0.8616161635541236,0.8761252272446824,1.0,0.8622448842588545,0.028711605993528594,0.02648666665366131,12
14,3,0.016362975107291212,0.8450434948343336,1.0,0.8424657660862567,0.8523776211378419,1.0,0.8499218968722122,0.04459393772945408,0.041801324508017615,12
14,3,0.10676601673538128,0.7975550058966772,1.0,0.7733572637222993,0.7929399026755801,1.0,0.7681905287933062,0.040327215158061244,0.04567000459852495,12
14,3,0.024761429301638344,0.7719061428777324,1.0,0.7661148113133679,0.7655507829505634,1.0,0.7595980880026627,0.04959933715683352,0.047863146672143704,12
14,3,0.12047843928480154,0.8407749680426065,1.0,0.818964037870866,0.8541711298027879,1.0,0.8341952298717625,0.04732917515221713,0.04847932102835443,12
14,3,0.14112744882450193,0.851299835527214,1.0,0.8268658553946485,0.857563101121664,1.0,0.8341582826422975,0.02722999337251158,0.02745480935402312,12
14,3,0.03429003786616971,0.8736168732837043,1.0,0.8691293124521157,0.8655571954369637,1.0,0.86078345483154,0.03862536666417013,0.0404092753657023,12
14,3,0.1165369572751378,0.8493634785047709,0.964070326412724,0.83423258294112,0.8545043991553168,0.964070326412724,0.8400516386366363,0.024695489756498802,0.025604931895851935,12
14,3,0.1087990987921315,0.8183354556611453,1.0,0.7961575845663535,0.8170969594847067,1.0,0.7947678909801373,0.027856862350344683,0.025763057794229972,13
14,3,0.23678428664185613,0.8572709127056338,0.9926781284908288,0.8152614251719151,0.8790134994902241,1.0,0.841477974847457,0.030010342094493193,0.026035716161398503,13
14,3,0.014351682039402337,0.6368138670192699,1.0,0.6315256401672785,0.6401556957842277,1.0,0.6349161281375441,0.27654051477579594,0.2677231909669095,13
14,3,0.04518974454322342,0.7361695272553839,1.0,0.7236828246902303,0.7329002548051173,1.0,0.7202588224535739,0.09802849942872038,0.09612449213501757,13
14,3,0.18214983366631834,0.8563931045189143,1.0,0.8244092849857118,0.8603243285715954,1.0,0.8292160628216865,0.029755506162679152,0.025808645253376356,13
14,3,0.10350775313725681,0.748994202121419,1.0,0.7200134203536385,0.7482918403383573,1.0,0.7192299648519098,0.08598799531252516,0.08906389625580552,13
14,3,0.06947116171401375,0.7499212373889779,1.0,0.7312509270839345,0.7546222566615574,1.0,0.7363029137383608,0.09115556885939224,0.06806519234953098,13
14,3,0.19631747521401752,0.8336102506162674,1.0,0.7929658238767332,0.8330983271432226,1.0,0.7923288516180903,0.03240086207621004,0.028723938517105863,13
14,3,0.053041394494514296,0.7458280203321815,0.9416680787515671,0.7348585547863181,0.7576708559023473,0.9416680787515671,0.7473647356281343,0.09814689933199602,0.08816460820221558,14
14,3,0.05144483185598089,0.7967748313174905,1.0,0.7857529266535461,0.7994790289702027,1.0,0.7886037863014919,0.1045018737228934,0.09034743432957637,14
14,3,0.04752773293454484,0.8405906685611965,1.0,0.8326362488957922,0.8420153813002125,1.0,0.8341320538533533,0.05413035733762708,0.050719598278248956,14
14,3,0.14524917698115664,0.8766257489588574,1.0,0.8556605647884556,0.8770477094340595,1.0,0.856154229683345,0.07730984682796335,0.06157136594644675,14
14,3,0.038603980064671875,0.9350108428140577,1.0,0.932401262499179,0.9350108428140577,1.0,0.932401262499179,0.15764759837755363,0.16327143875193928,14
14,3,0.062065083352635955,0.8091905755477614,1.0,0.7965643233175662,0.8104240133490854,1.0,0.7978793802361559,0.08448008864737082,0.07214559296348626,14
14,3,0.06249220007854123,0.9122893298054138,1.0,0.9064427301810882,0.9122893298054138,1.0,0.9064427301810882,0.20561110586004577,0.16797428867376396,14
14,3,0.16173723195215622,0.947033744916413,1.0,0.9368142578884475,0.947033744916413,1.0,0.9368142578884475,0.25799276917397046,0.25257549259346485,14
14,3,0.191616099267768,0.9000053069123921,0.9689761674733478,0.8836567289015481,0.8935294364691522,0.9689761674733478,0.8756458439279925,0.035060821454661356,0.03545730199800492,15
14,3,0.10211291339842492,0.8321056251013237,1.0,0.8130117055874565,0.8355518369061637,1.0,0.8168498405336709,0.017851919155457228,0.015043557669026824,15
14,3,0.0663296761535752,0.8613130697183398,1.0,0.8514604922749238,0.8631250315919442,1.0,0.8534011792897362,0.015893896358909677,0.014690768031344082,15
14,3,0.1683628428658121,0.8154393489772206,0.9811061626361388,0.7819005208033423,0.8129732102959213,0.9811061626361388,0.7789351185721605,0.06680345324139246,0.0655200198689953,15
14,3,0.2158771906123396,0.8831423323698201,0.9453171305525963,0.8660249617259681,0.879697335947351,0.9453171305525963,0.8616315218448359,0.025690568744602748,0.026835890126843207,15
14,3,0.036454823666975285,0.767079431003852,1.0,0.7582671007885936,0.757053474570965,1.0,0.7478618217428897,0.09275992632272412,0.08851302917574096,15
14,3,0.08520063882340415,0.8496880475115262,1.0,0.8356886123147858,0.8541409095559866,1.0,0.8405561955613825,0.03330425597071171,0.028959136393859063,15
14,3,0.2200563028334254,0.9220666537701038,1.0,0.9000782408871091,0.9220666537701038,1.0,0.9000782408871091,0.04269450602366637,0.042715706403132964,15
14,3,0.08621808684163781,0.9003054784549757,1.0,0.8908989988645715,0.9006493365634248,1.0,0.891275301025402,0.019767988296890616,0.022604148139982027,16
14,3,0.12001127388224578,0.9327770410655665,1.0,0.9236092952792693,0.931739891301284,1.0,0.922430700902432,0.030233616220132906,0.030311581142426686,16
14,3,0.013753301701962099,0.7990083803868508,1.0,0.7962055336053345,0.793187214968713,1.0,0.7903031914954108,0.04059278405166861,0.039920266633813435,16
14,3,0.13250351323293938,0.9165221355964166,1.0,0.9037715245226132,0.9165221355964166,1.0,0.9037715245226132,0.030568772849538836,0.029488369176427276,16
14,3,0.18191867899740938,0.9263605789060387,1.0,0.9099852066005941,0.9276059746030135,1.0,0.9115075438854113,0.02982812242525588,0.028279560378786817,16
14,3,0.18544405607411488,0.9432813279741668,1.0,0.9303685984384711,0.9472131587543087,1.0,0.9351955606741058,0.04960425161983036,0.051159836659863206,16
14,3,0.15542322871427153,0.8392210363751129,1.0,0.8096336898064012,0.8423983822058513,1.0,0.8133957466599201,0.02038161360621475,0.02236502932345772,16
14,3,0.12641764629506902,0.8336252878057423,1.0,0.8095489091684951,0.8336252878057423,1.0,0.8095489091684951,0.04360485061300989,0.0499120164827675,16
14,3,0.07858407030816227,0.8521623843260789,1.0,0.8395538747378024,0.8512587691963077,1.0,0.8385731937004411,0.02251684509736069,0.019352277214134753,17
14,3,0.30067305702224284,0.8339491996561832,0.9577979421308906,0.7807008865715048,0.8404427751992123,0.9780047908720105,0.7812984905440773,0.01414469510012585,0.010762295980303831,17
14,3,0.07756282688213731,0.8564013609228764,1.0,0.8443269164969186,0.8498880524817902,1.0,0.8372659386537652,0.012875655586829458,0.011471756066652046,17
14,3,0.1479873151448662,0.8077253644209731,1.0,0.7743289049602367,0.8136681776427089,1.0,0.7813039340030805,0.014725461455941037,0.013889618472598049,17
14,3,0.0933065900020098,0.841421667728503,1.0,0.8251025864720374,0.8401956354866966,1.0,0.8237503849138404,0.014705835409891196,0.013245449753551422,17
14,3,0.18278871500994637,0.8620249611682796,1.0,0.8311635664289687,0.8842454977860501,1.0,0.8583542538630524,0.024331392858621934,0.018706161738081376,17
14,3,0.09193947329144612,0.8294358907213666,1.0,0.8121665855283048,0.8215662060954981,1.0,0.8035001096774123,0.013910275468509979,0.013027335576651882,17
14,3,0.2484721979774429,0.8402632307946949,0.9685344580785552,0.7978538432847324,0.8445996850440809,0.9685344580785552,0.8036240280173739,0.019466258763117153,0.01419712138858428,17
14,3,0.14435228065874123,0.8537971038208474,1.0,0.8291319045509634,0.8618312969640228,1.0,0.8385215084283169,0.048855165643307455,0.04482651886788053,18
14,3,0.18492062960955172,0.8362212165097366,0.9341154969232571,0.8140115119989105,0.8566230069550842,0.9341154969232571,0.8390419460725571,0.05694689780565979,0.05122347690325115,18
14,3,0.2240454109874942,0.8806782125920714,1.0,0.8462258112813281,0.889629294483475,1.0,0.8577613856798184,0.03954852712085993,0.03513383623942076,18
14,3,0.041611154506353,0.8234918062832342,1.0,0.815828205277316,0.8176705372039629,1.0,0.809754189384244,0.023400577778743138,0.025581373259186187,18
14,3,0.02767569281245625,0.7433770404245384,1.0,0.7360726686780609,0.7495072295059156,1.0,0.7423773440174123,0.04100332015880189,0.03792360031999145,18
14,3,0.09563818275397586,0.8815438529587285,1.0,0.869016863845495,0.885785813502264,1.0,0.8737074207251001,0.05268356043285972,0.04281969666418222,18
14,3,0.05118618926565132,0.837254996129529,1.0,0.8284753003916415,0.8417805004779846,1.0,0.8332449446540423,0.05037641782888329,0.04482004666648242,18
14,3,0.27882302879109705,0.8070254266369443,1.0,0.7324171721130057,0.8341552009812685,1.0,0.7700359195597616,0.008270692446848341,0.008290216246697079,18
14,3,0.16984863689149876,0.8506678376697511,1.0,0.8201145369790458,0.8638959257091329,1.0,0.8360490865410066,0.022594805654782564,0.02289215067931204,19
14,3,0.0229267584847911,0.7826399502656297,1.0,0.7775396556789371,0.7789254821684661,1.0,0.773738028595789,0.04600599554148679,0.043507042540820856,19
14,3,0.02037502681588726,0.7791413595691279,1.0,0.7745477642193964,0.7876270127238969,1.0,0.7832099088023258,0.049039492648021314,0.04387544170967481,19
14,3,0.039640227577647465,0.8733571748444444,1.0,0.8681298105228632,0.8769419185566747,1.0,0.8718625196753803,0.05052055693536453,0.04507015806105424,19
14,3,0.0895929014419584,0.8617965189302357,1.0,0.8481959539983163,0.8641990949834651,1.0,0.850834966871826,0.05108568629209918,0.0484315852890142,19
14,3,0.09603782847768368,0.8789638440568643,1.0,0.866104844034231,0.8825698302074828,1.0,0.8700939336933103,0.039514447994947084,0.03620291859777916,19
14,3,0.031694829399742684,0.7664743794119951,1.0,0.758830554996168,0.7621906969729227,1.0,0.754406657893133,0.0417207633204865,0.04044342273511976,19
14,3,0.22977697756271315,0.8680560666602753,1.0,0.8286938594457972,0.8645974318046665,1.0,0.8242034264739753,0.012286031061311584,0.013903544937424185,19
14,4,0.11450405353309662,0.8207004423553628,1.0,0.797515100594152,0.8278601851380378,1.0,0.8056006743466263,0.029971286636673766,0.028490161939827244,0
14,4,0.1353135385866552,0.8437822330325903,0.9183526724190629,0.8321128124071623,0.8495411816081726,0.9183526724190629,0.8387729705483796,0.018082345948107845,0.01769958985917647,0
14,4,0.20055145961950496,0.8584352964095132,0.9181078362842076,0.843465708791807,0.8641126557844498,0.9181078362842076,0.8505673033137441,0.020912985157932655,0.022946679445538572,0
14,4,0.12588261577732227,0.8388376394174599,0.9766859182557655,0.8189859556118588,0.8585706760797908,0.9766859182557655,0.8415607688102931,0.027024608417420805,0.026097747440600116,0
14,4,0.15667055438202748,0.8505574571687092,1.0,0.8227945868511889,0.8488767619438053,1.0,0.8208016584248936,0.02371523380764347,0.02291468354107531,0
14,4,0.16142116475560583,0.8372026980026078,0.9848018030977345,0.8087907962707964,0.8330593102608311,0.9848018030977345,0.8038498323832819,0.02131385846960368,0.020029854173311063,0
14,4,0.2742452729944444,0.8635361388871523,0.9933648318534418,0.8144769953222777,0.8755317359612973,0.9933648318534418,0.831005440302083,0.01519391107496587,0.011262946061692224,0
14,4,0.13963240097461707,0.8226789795858303,1.0,0.7939008621256338,0.8256721019335796,1.0,0.7973797499302652,0.016339280810611482,0.016693963127953942,0
14,4,0.19462489063671234,0.7607246228009538,0.940713381786612,0.7172289993006006,0.7664138570512185,0.9524524690001958,0.7214562415453201,0.028921967265010017,0.028615094385845162,1
14,4,0.2240350737902168,0.834692659314635,0.9079244183547074,0.813549329266887,0.8411361920666511,0.9079244183547074,0.8218532261755908,0.027334088429756216,0.0292665452582723,1
14,4,0.0691663879584401,0.795168918464274,1.0,0.779948769698509,0.7970131938442475,1.0,0.7819300855385426,0.017273616376004643,0.017396378234387826,1
14,4,0.17944950449838593,0.8510673941025397,1.0,0.8184967205383069,0.8539356597146873,1.0,0.8219922587506069,0.023469260718595005,0.0254458200542879,1
14,4,0.06427890153111078,0.8173667481730258,1.0,0.804820846590063,0.8624796164543534,1.0,0.8530327212129024,0.025464937822529864,0.023703520252436387,1
14,4,0.18976372137213518,0.819185171790735,0.9629874414174303,0.7855055470369117,0.8168820069693493,0.9629874414174303,0.7826629628646918,0.014152078125015463,0.013898876941891564,1
14,4,0.14431470908026933,0.7768175252813538,0.9784853289107003,0.7428054524778769,0.7743840590185944,0.9784853289107003,0.7399615725040333,0.023450205923004033,0.02441119822705439,1
14,4,0.11570062721088908,0.7300579034177817,0.8954165715725255,0.7084225814793327,0.7321119417624626,0.8954165715725255,0.7107453676396377,0.035932403562188166,0.03618390881439506,1
14,4,0.07677682066189591,0.7087473869440917,0.8506555995043517,0.69694605696232,0.716627848014231,0.8506555995043517,0.7054818706707552,0.08946542885630744,0.08771560960720377,2
14,4,0.3022881286736782,0.867341952760509,0.9415068108354201,0.8352095538689783,0.8662370791454024,0.9442990896816755,0.8324162140357726,0.04946278569387054,0.0445044887299953,2
14,4,0.30355483266141925,0.7683459908941426,0.8477007827883712,0.7337581558368804,0.7667224330496398,0.8370219136283592,0.73608147513359,0.02544670218736699,0.02778270148336129,2
14,4,0.17115361406638713,0.8064972945037643,0.9542334021329378,0.7759903523514471,0.7981453958738232,0.9328225529345017,0.7703350771533553,0.03194630048276896,0.029871024837480782,2
14,4,0.13060544120859058,0.879098932687417,0.9783505227829551,0.8641887890892073,0.8792488044754894,0.9783505227829551,0.8643611754775934,0.04710407847998254,0.04335356902106029,2
14,4,0.14254731468914228,0.836022001496792,0.9695146404411916,0.813829503253705,0.8406637403898901,0.9695146404411916,0.8192429085326393,0.04807438045297174,0.045514193047490985,2
14,4,0.1451641247925434,0.8118271644577298,1.0,0.7798725568266502,0.8220738756482975,1.0,0.7918593153235148,0.04798942138957006,0.04247268626743123,2
14,4,0.14681092479644092,0.8182893116840341,0.9724979573994211,0.7917541455091964,0.8206317945226201,0.9724979573994211,0.7944997067296411,0.048526622471292497,0.04571175775908771,2
14,4,0.08656811464995344,0.8310475660283777,0.9747314193660468,0.817430305137254,0.830964116712228,0.9747314193660468,0.8173389471307205,0.09592390935114851,0.0935222498549208,3
14,4,0.16140521330945368,0.8762883123554054,1.0,0.8524773947941967,0.8674986471710023,1.0,0.8419959735834938,0.02975967438465066,0.02777157860231713,3
14,4,0.16504266151610247,0.8155035833520083,0.9937179023584537,0.7802766751335467,0.8105989048758266,0.9937179023584537,0.7744025085742257,0.0211186268965501,0.01977264837085903,3
14,4,0.022773838071094163,0.6888925192274665,1.0,0.6816422923446386,0.7061675666850461,1.0,0.6993199274004595,0.13750621349356762,0.1286086526565798,3
14,4,0.049063272430523254,0.79924605063445,0.9326742405279396,0.7923618663970947,0.79924605063445,0.9326742405279396,0.7923618663970947,0.1786512227329893,0.17848447585443142,3
14,4,0.030225432344291252,0.7404219215044648,0.9467325583106633,0.733991738240567,0.7433319350187865,0.9467325583106633,0.7369924495516051,0.13898660769480584,0.1392506615375946,3
14,4,0.014892589196276592,0.739372366163634,1.0,0.7354322676105679,0.7501271988681469,1.0,0.7463496889867185,0.07666634934838623,0.07719416285043035,3
14,4,0.009701115447744851,0.6813901089225148,1.0,0.6782689589501671,0.6832638776142593,1.0,0.6801610833592453,0.09260568304167878,0.09272211549920244,3
14,4,0.17275705419724102,0.7490577390679513,0.9848643433788103,0.6998131313892881,0.7490577390679513,0.9848643433788103,0.6998131313892881,0.02881007926722853,0.02539409705446276,4
14,4,0.13250937388624115,0.8146223699675919,1.0,0.7863058983554958,0.8212930666694537,1.0,0.7939955453684503,0.011362509567460478,0.010424368152512199,4
14,4,0.14154299805810758,0.8320950165041056,1.0,0.8044107239895755,0.8463513620375026,1.0,0.8210176658645305,0.012998446759750945,0.012665449010973818,4
14,4,0.12042028046373895,0.793198994778016,1.0,0.7648865695413996,0.791204595106256,1.0,0.7626191233651602,0.02101597905794393,0.01927626478348815,4
14,4,0.24007758344429095,0.7920291750509127,0.9775338859936761,0.7334238204115217,0.8130411884165437,0.9775338859936761,0.761074029048433,0.023199138066651734,0.022147381564901134,4
14,4,0.14395528252552,0.8547482082032871,1.0,0.8303221913158491,0.8555189356527482,1.0,0.8312225268167034,0.0142454895364712,0.0134002644195383,4
14,4,0.014381249225569125,0.7072409872230133,1.0,0.7029693149131376,0.7110872073477358,1.0,0.7068716555714301,0.083966467958745,0.08423410717588825,4
14,4,0.028450032039577713,0.735323861339525,1.0,0.7275733133766549,0.7246301891892305,1.0,0.7165664969462622,0.06457210498775062,0.06727380984485563,4
14,4,0.2912081085998909,0.7783324799879839,0.9163911398664413,0.7216108925843459,0.7964091366977498,0.9163911398664413,0.7471143681871185,0.048037126178790523,0.04079689047055083,5
14,4,0.046171991352504466,0.7670658536368542,0.8512487233479394,0.7629908100261713,0.7802453528200665,0.8775583784039865,0.7755347172180379,0.0629692900538048,0.06121799686622126,5
14,4,0.05761024988449871,0.8745762845412706,0.9556012452145918,0.8696230597946093,0.8725196952703378,0.9556012452145918,0.8674407469344783,0.05074030913573727,0.04721411104890238,5
14,4,0.3274240037916378,0.792062048695581,0.8919341700608842,0.7434422198153642,0.8035098176783039,0.8919341700608842,0.7604630011802351,0.047969981672401726,0.028031577175450826,5
14,4,0.08625720678328312,0.9335908350893426,1.0,0.9273218181268797,0.9438520055283878,1.0,0.9385516417875645,0.06376019838420899,0.06207970531659442,5
14,4,0.31600359664389094,0.8398969816139182,0.9870936390934094,0.7718927158761916,0.8404987780698566,0.9870936390934094,0.7727725398825543,0.01887705214660651,0.012229274532949249,5
14,4,0.2595669482727938,0.8125315195839796,0.9282942629809393,0.7719496169296586,0.8218043593991116,0.9364628955669881,0.7816095487310887,0.05866099928183961,0.034579464220783514,5
14,4,0.1278717357656864,0.8328606056444992,0.9815010992846511,0.811066887098384,0.8311724059936263,0.9815010992846511,0.8091311630539912,0.034296901690104374,0.03507332658710557,5
14,4,0.2530799083912921,0.8482943159566728,0.9922942508173762,0.7995026302966886,0.8704893792740619,1.0,0.8266071268119196,0.020071499389629575,0.012950033344917367,6
14,4,0.05066788041700361,0.7461072688794746,1.0,0.7325564721943145,0.7461072688794746,1.0,0.7325564721943145,0.06424917467893848,0.06488148197098548,6
14,4,0.019760251126193132,0.7492585445889257,0.8990131246494555,0.7462397034200243,0.7567320314934683,0.8990131246494555,0.753863845282389,0.053254527814864415,0.04844807606064338,6
14,4,0.02345783497537161,0.666086410859377,0.7262160784169792,0.6646420166803969,0.6809732335534258,0.7262160784169792,0.6798864405539665,0.13516138317394644,0.1309899869477346,6
14,4,0.01102609928360564,0.8103672913635039,1.0,0.8082530706835339,0.8109652427921467,1.0,0.8088576886903486,0.04619334187939065,0.044124605098958575,6
14,4,0.13209951329551137,0.8369300884200102,0.9425276134614048,0.8208575295530991,0.8420351602738535,0.9599210410378912,0.8240922420339145,0.03279078267060026,0.03161554828150774,6
14,4,0.31579046969854146,0.860180807208969,0.9947203573108296,0.7980853439946849,0.8560076787354535,0.9947203573108296,0.7919861473470192,0.020364923042915543,0.012404786107826552,6
14,4,0.23957784925950606,0.8740141924241919,0.98270150628992,0.8397712750231309,0.8828868357291594,0.98270150628992,0.85143932453527,0.018916596136128727,0.015872981106562958,6
14,4,0.15616563978418055,0.7255467063727685,0.872929697591296,0.6982710226579444,0.7250311695387757,0.872929697591296,0.6976600771237274,0.09923221754414978,0.06262913439921183,7
14,4,0.06528568404922375,0.6928102982398495,0.9248093092603679,0.6766061876632276,0.7030241421281661,1.0,0.6822816845703763,0.07277070850287064,0.06582420344381734,7
14,4,0.06069978462419597,0.7305466266290136,0.8998810294969263,0.7196038400573775,0.7282751613776282,0.8998810294969263,0.7171855873899101,0.051821672058618706,0.05315409254099652,7
14,4,0.11043910913235709,0.7440122639369829,0.897875175261295,0.7249101619565393,0.7418439045389716,0.9168295272839361,0.7201194149786498,0.05688601819032825,0.05660685213665842,7
14,4,0.09486890688500357,0.7550140837603622,1.0,0.7293365368805065,0.7662225930919294,1.0,0.7417198362907536,0.029514415764440166,0.02909653109288277,7
14,4,0.02498239815108495,0.721126199823688,0.9011270498221339,0.7165141262635106,0.7304363554538322,0.9011270498221339,0.7260628314484114,0.09540544583363558,0.09300975202006695,7
14,4,0.028413357698935385,0.7543633782974558,1.0,0.7471799106657242,0.7603607805850606,1.0,0.7533527027014411,0.02472806090768938,0.024134426578629825,7
14,4,0.15982658682152037,0.7464820539731595,0.6009959314408075,0.7741579480558776,0.7327061289107012,0.6009959314408075,0.7577614222358778,0.13127056197973083,0.07991579327941273,7
14,4,0.11538316008724694,0.834865171589157,1.0,0.8133261532449126,0.843863750246538,1.0,0.8234984428186319,0.022896842523301427,0.02138387947362149,8
14,4,0.07436737576490177,0.8587312868802256,1.0,0.8473814454881463,0.8674976260238402,1.0,0.8568520917403337,0.025944350206171116,0.023336536512082322,8
14,4,0.03669587340812167,0.8442969379990963,1.0,0.8383656233761051,0.8533180185105029,1.0,0.8477303507372582,0.04583528298108762,0.04494800015657184,8
14,4,0.3313798982264117,0.8532159857571268,0.9795684571833552,0.7905934755890764,0.8496200876257304,0.9687171709386493,0.7905934755890764,0.03788137007286142,0.031154714928283783,8
14,4,0.021061885659057554,0.783340298526235,1.0,0.7786788579381974,0.7770378433591358,1.0,0.7722408052413298,0.03328430435327227,0.03284334025365036,8
14,4,0.1309313388654867,0.8389167727327634,1.0,0.8146484455474982,0.8465729673371691,1.0,0.8234581000049618,0.011251737519722988,0.01054993009890971,8
14,4,0.19301207879957255,0.8138814342193743,1.0,0.7693663549464695,0.819303404555491,1.0,0.7760851300280734,0.033874185014054974,0.02916934087332358,8
14,4,0.1575884812059898,0.8046333096537511,0.9249799569727057,0.7821202682884367,0.8060545548810897,0.9249799569727057,0.7838073834282833,0.03267224109060277,0.023937871128073808,8
14,4,0.037951941493781366,0.8204876054403136,1.0,0.813406000903513,0.824178468042529,0.8911038460127773,0.821538321319381,0.07548913948796325,0.0818929745859944,9
14,4,0.006279672570931193,0.6700169017576251,1.0,0.6679316210667645,0.6755643828407563,1.0,0.6735141586580842,0.05866121902126554,0.059997501906019796,9
14,4,0.030542348597005924,0.7217543125565669,1.0,0.7129883012004108,0.7348267738635975,1.0,0.7264726048088379,0.0507832763148158,0.04960209026423197,9
14,4,0.09624428168722092,0.777401451462567,1.0,0.7536961105452235,0.7796127558690085,0.9755856945885073,0.758742874401034,0.019606618439432927,0.021052978116136024,9
14,4,0.32549837782462154,0.8728394207030902,0.9729487383626388,0.8245290543051276,0.8735925012454737,0.9729487383626388,0.8256455535360036,0.01881261775689558,0.021697464362480438,9
14,4,0.10893831421572095,0.9209010928251103,1.0,0.911230716754172,0.9209010928251103,1.0,0.911230716754172,0.10844068398944187,0.11388365730594949,9
14,4,0.21398713412221881,0.9716355605982413,1.0,0.9639135176622299,0.9716355605982413,1.0,0.9639135176622299,0.05071059655884127,0.05746892929157502,9
14,4,0.12598494285477022,0.9161132145242802,0.9822904837649913,0.9065740888359793,0.9161132145242802,0.9822904837649913,0.9065740888359793,0.15019760427508083,0.14765465056409194,9
14,4,0.402500542721467,0.9364220081805703,0.9822254126722118,0.9055669254825082,0.9364220081805703,0.9822254126722118,0.9055669254825082,0.2874623988413328,0.2893475996593689,10
14,4,0.05726828502372986,0.8699797750380701,1.0,0.8620814141537575,0.8724826004225267,1.0,0.8647362791006948,0.017220663862717235,0.015937696460956736,10
14,4,0.42941280162744805,0.8877286771569691,0.9529681142897316,0.8386307486445845,0.8869782350082549,0.9529681142897316,0.8373155383649732,0.04133101113963324,0.0397626145592379,10
14,4,0.2041345408554568,0.9320106050860816,0.9551602070954764,0.9260728761359476,0.9320106050860816,0.9551602070954764,0.9260728761359476,0.5327661223553585,0.5494039567943999,10
14,4,0.30963384656666426,0.8487738616412069,0.9772475709858773,0.7911525419846094,0.858857219815756,0.9772475709858773,0.8057583538779102,0.13965381341445357,0.14082821023817527,10
14,4,0.36467696166942476,0.9202217674115711,0.9768830531417043,0.8876980522655821,0.9244682424189969,0.9768830531417043,0.8943820142049823,0.18106078790439611,0.1909150418146669,10
14,4,0.22256294616758526,0.8418151999107054,1.0,0.7965304080767507,0.8418151999107054,1.0,0.7965304080767507,0.017319550909351396,0.016047563927577314,10
14,4,0.4275570755807886,0.9488338074555123,0.9796698246108307,0.9258024155820541,0.9488338074555123,0.9796698246108307,0.9258024155820541,0.22587942601795064,0.24205456064142505,10
14,4,0.2934353009956049,0.8419177062690402,0.9827098950137051,0.7834469132329113,0.8458219937652364,0.9827098950137051,0.788972645698314,0.02721915281186627,0.02102020296400021,11
14,4,0.017842725960321694,0.7515368362741259,1.0,0.7470230376608336,0.7446151300928453,1.0,0.7399755857259603,0.058763678994795204,0.05748155182038793,11
14,4,0.4620735901925814,0.8359027268181022,0.9873642576126783,0.7057987348327124,0.8471742433419125,0.9822811044547792,0.7311187546433322,0.023616647046290854,0.02212327548199194,11
14,4,0.06864498266960006,0.7305439733498059,0.761269390955777,0.7282793742229082,0.7345230636846296,0.761269390955777,0.7325517411085554,0.049388452947127535,0.047123902708169754,11
14,4,0.0057360450787805346,0.7832426163692775,1.0,0.7819921133036576,0.7823130290457484,1.0,0.7810571630634041,0.08311481070631103,0.08355945793079088,11
14,4,0.2997869415170296,0.8318776654924026,0.9885549973692357,0.7647983421930548,0.8422119996789931,0.9911765652081534,0.7784347950790789,0.03630298237926315,0.03466157506718247,11
14,4,0.010858885481931126,0.8097388303603404,1.0,0.8076501250962972,0.806422111287013,1.0,0.804296994764693,0.03621870881969988,0.03557745845429667,11
14,4,0.0905251372248428,0.821782329276817,1.0,0.8040433243208368,0.8129989841698223,1.0,0.7943857235816658,0.028274120338073742,0.028726899816582323,11
14,4,0.15534103854327985,0.7893336826459973,0.9647519963122219,0.7570725402585102,0.7933969653519949,0.9504774099330066,0.7645083363200222,0.05977623574862812,0.05126506551274938,12
14,4,0.06990298188032587,0.796809530623014,0.94506637855708,0.7856670416644741,0.7946446700591776,0.94506637855708,0.7833394774193884,0.04044028993798441,0.039511963592789204,12
14,4,0.18940408179821305,0.838609424788741,1.0,0.8008988552899632,0.8417968856484804,1.0,0.8048310991961631,0.031810224050772065,0.031090091235708345,12
14,4,0.13627844766227631,0.8138979015791985,1.0,0.7845346131318561,0.8138979015791985,1.0,0.7845346131318561,0.024977820856954543,0.018495431771816118,12
14,4,0.11321114978184678,0.7951171964918688,0.941045100406682,0.7764874338562799,0.794887634267589,0.941045100406682,0.7762285647644738,0.046133557737771114,0.04500460875557936,12
14,4,0.39019066289010407,0.8488787048975108,0.9090803679916447,0.8103582602268621,0.8533700127372266,0.9205909146727185,0.8103582602268621,0.02874005915013143,0.02815347663814424,12
14,4,0.15541945356918818,0.7862619036687943,0.9812781684419961,0.7503750703333096,0.7889559224437174,0.9812781684419961,0.753564841618367,0.041627074379822805,0.04052550790711142,12
14,4,0.0607940442241342,0.8009147888191043,1.0,0.7880281636242035,0.8040103331913797,1.0,0.7913240800877209,0.04131322246980817,0.04177112921228528,12
14,4,0.038051098798368835,0.7448838018021918,1.0,0.7347923596782259,0.744184335337729,0.9326014991979497,0.7367312574160246,0.03851653014981289,0.0376455957540891,13
14,4,0.5236083942635426,0.8256122195278368,0.9375793674188815,0.7025476276846062,0.8382024867684779,0.9375793674188815,0.7289760262731533,0.031707893829222226,0.024546579007915632,13
14,4,0.18886720098237805,0.8363681456701199,0.9843343960362021,0.8019151293695268,0.842667736722821,0.9843343960362021,0.8096815408132888,0.02279031111352938,0.020474219894035944,13
14,4,0.15890759198634835,0.7927113606693903,0.9720190920401351,0.7588347502694094,0.7987337410246731,0.9720190920401351,0.7659949389691331,0.03628994392254202,0.03447082876008774,13
14,4,0.17880220148927906,0.7874654458021422,0.9475440877948951,0.7526109763288603,0.7783402270598211,0.955644824940748,0.7397350913753674,0.03488429443967335,0.034874166281781666,13
14,4,0.14948120735043632,0.8070166132439257,0.9769445115347377,0.7771512797338894,0.8207017107054584,0.9769445115347377,0.7932415737753655,0.04002431868628355,0.038487868607714304,13
14,4,0.11861991090877817,0.7956031122266568,1.0,0.7680945028108204,0.7934824501077116,1.0,0.7656884328925272,0.022416719718751466,0.021920369279900355,13
14,4,0.06726899392725583,0.7904732763701061,1.0,0.7753621116209011,0.7876540076203784,1.0,0.7723395158978336,0.040027340164309526,0.040256872472063034,13
14,4,0.09242272323981587,0.8628305889292711,1.0,0.8488620037288854,0.8692033502602738,1.0,0.855883732339976,0.036732133235672905,0.034162007042195706,14
14,4,0.06940447264905174,0.8246451129469472,1.0,0.8115670214403226,0.8227528707493547,1.0,0.8095336544812323,0.023037276912859495,0.021784505172213205,14
14,4,0.10880089180667532,0.8686374889056888,1.0,0.8526002664425745,0.8772084045904849,1.0,0.8622175512962045,0.031661719008289416,0.030494806781544707,14
14,4,0.35499198983085856,0.7937455873701715,0.9093337069055372,0.7301295455416263,0.8013469415289324,0.9032894911480311,0.745240989405601,0.024506654118922652,0.020401687384825493,14
14,4,0.0963687491885544,0.8505845721814811,1.0,0.834649999450167,0.8538696588458499,1.0,0.8382854277970937,0.022827185944122176,0.021659515877270268,14
14,4,0.05579151970724104,0.7606370642532717,0.9568309020427939,0.7490443359565723,0.7685400189526641,0.9568309020427939,0.7574142615231612,0.040268364346178004,0.03858463590679926,14
14,4,0.20651827142008833,0.8726673043139465,1.0,0.8395266190767365,0.8799190466818878,1.0,0.8486657612985994,0.01695196975854362,0.014553404927702168,14
14,4,0.08536944301688915,0.7049683828043851,0.8169645088754302,0.6945149305008985,0.7105689180201196,0.8169645088754302,0.7006382063667385,0.1201612345337475,0.10365318312094751,14
14,4,0.15891024347721336,0.8143581809938609,0.9978226929087156,0.7796955423970634,0.8126884006720319,0.9978226929087156,0.7777102842139985,0.027349562954314476,0.02706418690816327,15
14,4,0.1192218602826442,0.8683439234350512,0.9777888835607662,0.8535294870221142,0.8780416905331732,0.9777888835607662,0.8645399409160246,0.007276847694673384,0.007404183452133092,15
14,4,0.11399548116954977,0.8758048209284766,1.0,0.8598255692471362,0.8773248194021794,1.0,0.861541134395392,0.007092933281308448,0.007645917762433416,15
14,4,0.2716504880845036,0.8659334784298336,1.0,0.8159310614246406,0.8733619583254205,1.0,0.8261301207691721,0.004178138714246856,0.004196908031055832,15
14,4,0.10017257448867327,0.8414763937095701,1.0,0.8238288789649315,0.831116108082871,1.0,0.8123152427576199,0.003746098848911232,0.004120538735858821,15
14,4,0.249305533733129,0.8584446362870374,1.0,0.8114341185743603,0.8571388078407793,1.0,0.8096946246724649,0.00245243828867874,0.0028834480553821254,15
14,4,0.3420304614924216,0.9168075951000801,1.0,0.8735619203761029,0.9195040991666656,1.0,0.8776601405956922,0.005687009935197853,0.00401292779648639,15
14,4,0.08437566104101968,0.8626340167165849,1.0,0.8499756096047061,0.8663711463573733,1.0,0.8540571193262992,0.004698449782638765,0.0052200016258007196,15
14,4,0.28829580728592075,0.9471198550991066,0.9920260741769973,0.9289293276106448,0.9494187044814871,1.0,0.9289293276106448,0.07521685416410372,0.08005079303192729,16
14,4,0.0741180227296691,0.7685962381372237,1.0,0.7500720744721732,0.7656472586838169,1.0,0.7468870254855831,0.024412281975051953,0.024398591504240456,16
14,4,0.07223324400718224,0.8167845339348258,1.0,0.802519906127578,0.8207934783447963,1.0,0.8068409753877938,0.019141095929108776,0.019874600631661694,16
14,4,0.27191619702150066,0.9834541086150538,1.0,0.9772747432132687,0.9834541086150538,1.0,0.9772747432132687,0.11047341005410868,0.09454892826071298,16
14,4,0.08752736996342679,0.8281736774297624,1.0,0.8116915325302959,0.8281525477313878,1.0,0.8116683760018927,0.016267050307316122,0.016350422994539655,16
14,4,0.10682507234293405,0.8709438723784411,1.0,0.8555085643076741,0.872944452708165,1.0,0.8577484170708631,0.0137232747634258,0.007752179740088737,16
14,4,0.33779710325199136,0.8794527942916562,0.9411781330225667,0.8479660087113692,0.8831954807914487,0.9411781330225667,0.8536178814503322,0.03390366915392033,0.03687441429239516,16
14,4,0.3125259289537411,0.8655647168227782,1.0,0.804450394801616,0.859567918641809,1.0,0.795727450281188,0.05159477267450499,0.042863633717253484,16
14,4,0.11120738724622023,0.8554973576934293,0.9666802351416203,0.841585948968709,0.8495145274356289,0.9666802351416203,0.8348545358449393,0.04116705781793999,0.03907255503419291,17
14,4,0.0981954087725602,0.7009643253982525,0.6726800386495837,0.7040441357320474,0.6972998376990501,0.6726800386495837,0.6999806304728705,0.06343206975079167,0.06204192360377864,17
14,4,0.4142837993094652,0.8049935413900283,0.935992775092702,0.7123362780584197,0.8087800136493235,0.9296313045455634,0.7233005068763827,0.0329704860715398,0.031219590386681654,17
14,4,0.12307973289551363,0.8615937530453456,1.0,0.8421678091536648,0.8644132455918508,1.0,0.8453830302544554,0.0421727918512919,0.04391069499655814,17
14,4,0.09346057968296294,0.8795181307788825,0.9809105418192589,0.8690649797091002,0.8863940657735039,0.9809105418192589,0.8766497960342599,0.031112903434102373,0.0276635060179237,17
14,4,0.21728560004481298,0.8207298403136012,0.8662782289623094,0.8080853700455497,0.8341269191283737,0.8821338311597848,0.820799949945692,0.1250146304668998,0.09240553301133059,17
14,4,0.051252877726841554,0.7638721004742531,0.9457161200996709,0.7540485878812574,0.7627372736988431,0.9457161200996709,0.7528524558996489,0.10079457887996472,0.09882260905425107,17
14,4,0.11535323480673261,0.8804288575784507,1.0,0.8648374163269259,0.8884812418077357,1.0,0.8739397886478439,0.03756730925504542,0.032823520257772014,17
14,4,0.10006982762691585,0.8603274609347139,1.0,0.8447962482500451,0.8642357824608704,1.0,0.8491391646741608,0.012929507972652491,0.012145715362628708,18
14,4,0.23724152615763228,0.8385409721293824,0.985911695821357,0.7927041094806903,0.8344289849002668,0.9653086656183711,0.7937213477367323,0.019437864168185937,0.014899684684883613,18
14,4,0.41168396939441426,0.8476684548306218,0.9830232694874932,0.7529516623658186,0.8516255368882705,0.9969816675937031,0.7499101564608013,0.011344940611028947,0.010562432182070224,18
14,4,0.1077332863882704,0.7651091283088582,1.0,0.7367481403174314,0.762118777452687,1.0,0.7333967311361264,0.03571749228574254,0.03779490705915536,18
14,4,0.15055220456386312,0.7509161871923226,0.9492712872795414,0.7157606452448817,0.7573518108617706,0.9492712872795414,0.7233368891341764,0.06117144461037581,0.06125896574991269,18
14,4,0.26534358160244903,0.7832223331467641,0.947016128250285,0.7240632063105413,0.7877467768847429,0.947016128250285,0.7302217909559292,0.027269661484425754,0.026398074465148576,18
14,4,0.12570596035284168,0.8017032807216519,1.0,0.7731921867403152,0.8065314910144175,1.0,0.7787145969064811,0.017842913748850737,0.017708231084930817,18
14,4,0.2023003756764141,0.851193787873297,0.9650276870279864,0.8223249757772254,0.8570002392797047,0.9650276870279864,0.8296039705634285,0.03752721781343068,0.03608480724611236,18
14,4,0.1915708572318929,0.9279385636761284,1.0,0.9108623965767373,0.9279385636761284,1.0,0.9108623965767373,0.1736591689212401,0.14477736688415954,19
14,4,0.20511957326133345,0.8561898741487879,0.9805770111344518,0.8240916671739587,0.8589195128171029,0.9941445940177893,0.8240245650777076,0.044261956508922014,0.0398854166739369,19
14,4,0.11862852517582229,0.7774318421751275,0.9219696813041749,0.7579777173506324,0.7855976400780513,0.9219696813041749,0.7672425938938093,0.06330398192401089,0.05541451992168559,19
14,4,0.25755907747602036,0.9259595299048871,0.9920666394443014,0.9030264107420922,0.9259595299048871,0.9920666394443014,0.9030264107420922,0.05881957176872113,0.0449621322794777,19
14,4,0.4925482989196146,0.8283741133296662,0.9565483119534075,0.7039642761705867,0.8461763997925534,0.9632087496847211,0.732581185242625,0.01983170798071658,0.017859527177758145,19
14,4,0.1888699982753394,0.8321747448867595,0.9712420670508549,0.7997931971182864,0.8357178867069993,0.9712420670508549,0.8041613524234853,0.015834509978897515,0.010671635044244078,19
14,4,0.5754029905988308,0.8205521453904162,0.9454869751605157,0.6512436644355968,0.8439045921801067,0.9638183500249502,0.6814005392778516,0.03216338386156934,0.019922345679410043,19
14,4,0.10920832762385799,0.7807678813492207,0.9678176691650648,0.7578361509085029,0.7819532564138725,0.9678176691650648,0.7591668493213989,0.0393591517375343,0.03801022550200357,19
14,5,0.40338194398162497,0.8945391410349393,0.9905191086668597,0.8296457213066815,0.9107513098280157,0.9905191086668597,0.8568191677512478,0.032820200958363195,0.028124786466608157,0
14,5,0.4044104002156269,0.824686098114432,0.9086853597169804,0.7676498855700855,0.8197593698516393,0.9086853597169804,0.7593778669442124,0.030386867707988475,0.027128893975783115,0
14,5,0.4062740391742131,0.779104213232305,0.9014731298677169,0.6953697678634441,0.7914354885618983,0.9186190593712175,0.7044064778084622,0.032090931650155405,0.029097028876297486,0
14,5,0.17009502859157172,0.8139976328666438,0.9613906830329972,0.783788360786134,0.8280361144250392,0.9613906830329972,0.8007041307140701,0.04249464196880684,0.03991853889905543,0
14,5,0.2986900759292122,0.8217169273932595,0.9488633136804059,0.7675648863757999,0.8198375149120656,0.9488633136804059,0.7648850262787336,0.02966094311194107,0.025886783613042832,0
14,5,0.3524652954138905,0.8167944114277512,0.9052235093733582,0.7686607933995033,0.8193277194668079,0.9052235093733582,0.7725730285602057,0.02698408228468923,0.025922975248348253,0
14,5,0.12027955954794672,0.7262537969271631,0.8882482467111938,0.7041051458633969,0.7320025111759031,0.8882482467111938,0.7106398516453679,0.05650653108304098,0.05212436103924167,0
14,5,0.30484665627022756,0.8064738265945647,0.9018506706623743,0.7646480736697809,0.8270870549790368,0.914383409593057,0.7888048514210703,0.021535495059744687,0.017555385466608602,0
14,5,0.6665593246674576,0.8325582136853338,0.8882728133092045,0.7211828217588151,0.8381348413556291,0.8966391018958617,0.7211828217588151,0.016913255413478243,0.011296640825673542,1
14,5,0.11833563035633035,0.793312141852649,0.978877816235326,0.7684058035603955,0.7956632616200096,0.978877816235326,0.7710724869926759,0.09154156771431432,0.09472158203798611,1
14,5,0.645414239216885,0.8733043412142095,0.9149759964595513,0.7974539189984924,0.8924188712859248,0.9352115469292065,0.8145279764756931,0.023491122927551962,0.01313085949842998,1
14,5,0.2794994974530727,0.8490953845320942,0.9753621188789816,0.8001134772742332,0.8359420814019168,0.9859428367880548,0.7777531757733934,0.02074725368874383,0.01940690702269197,1
14,5,0.18711408596827409,0.8347213746406621,0.9130699757021107,0.8166867075103199,0.8347524578126123,0.9130699757021107,0.8167249455599818,0.04124829306504845,0.040998291353971254,1
14,5,0.12003279608515668,0.7835854263473547,0.8793690719644917,0.770519963507938,0.7863614664985791,0.8937647558008022,0.7717110146790855,0.037025933462862745,0.030754491683736777,1
14,5,0.28591600056126365,0.8617362669308463,0.9833160658029914,0.8130562658807052,0.8645272393959091,0.9833160658029914,0.8169647310854382,0.01939455997419828,0.016945401739522924,1
14,5,0.30197938999949875,0.8599569959962599,0.9727791864157284,0.8111475829887358,0.8470503420420608,0.9727791864157284,0.7926572207139174,0.017423311289175396,0.01861582114588538,1
14,5,0.1959198227115104,0.8245528723631428,0.9837864673786522,0.7857544806276854,0.8255075964054928,0.9837864673786522,0.786941829936021,0.03042797810334759,0.027948040694636942,2
14,5,0.46428938870475855,0.8457148486246024,0.9525090733767911,0.7531584865105322,0.856655270293343,0.9621069834874115,0.7652624353850185,0.022317578226192566,0.02002354227776346,2
14,5,0.17704953705407853,0.8075484561809554,0.8233062257096477,0.8041583301336684,0.8075484561809554,0.8233062257096477,0.8041583301336684,0.05765883289675349,0.04204499935000477,2
14,5,0.43093791441390566,0.7857634909883965,0.9437021597155882,0.6661600905325289,0.7917903257561174,0.9510706649062098,0.6711709084744581,0.036897472180911606,0.03238552788812254,2
14,5,0.31808699870183055,0.80537692374946,0.9549683156264805,0.7355981150404219,0.8023361958284595,0.9549683156264805,0.7311390008789209,0.03309228709872552,0.031320152052655724,2
14,5,0.09279469671965253,0.8375647073681303,1.0,0.8209497981939449,0.8262411201334641,1.0,0.8084679628323994,0.019297107801855735,0.018973896508090643,2
14,5,0.2787825885487906,0.7614913023657232,0.9271703433510435,0.6974489883827177,0.7649052428498091,0.9271703433510435,0.70218256861786,0.042136913515064434,0.04096225368828922,2
14,5,0.3844904779411983,0.797018236375247,0.9324405632084604,0.7124239396146566,0.7994287847074637,0.9102025621617266,0.730231703085918,0.03208349069452099,0.03184077613134931,2
14,5,0.23388760135258968,0.8049811658923515,0.9441100758133211,0.7625062926522536,0.808294842307304,0.9692761058005429,0.7591486313236184,0.03913184313348775,0.036051382663009605,3
14,5,0.2982303886005448,0.817843983521627,0.8919109156298718,0.786367827264244,0.8198774974987836,0.8862870687247709,0.7916554828777366,0.037453216580610925,0.03141555367382256,3
14,5,0.19410649129603375,0.8027611926163593,0.9763977843998555,0.7609393027169126,0.7938488623309761,0.9763977843998555,0.7498803598303817,0.03239101433605214,0.03167761049285618,3
14,5,0.3193847013895953,0.8326926099542639,0.9273060615693096,0.7882944175345434,0.8259257592574107,0.9128175231106423,0.7851510365790637,0.03597562569872891,0.02910284478405838,3
14,5,0.16548550941381235,0.8426116533553797,0.9596869931909217,0.8193954330607854,0.8275006683161906,0.9596869931909217,0.8012879164033162,0.028226269639926523,0.02658314915700089,3
14,5,0.3011687223673786,0.8018266907549927,0.9258877648849011,0.7483612601323077,0.7985493553804657,0.9258877648849011,0.7436715224525212,0.024461618164235793,0.026015738792572612,3
14,5,0.4504996667998897,0.8205859098448173,0.8666830379202154,0.7827938657209129,0.817970696181171,0.8666830379202154,0.7780346080723941,0.032175004368456675,0.029539250929618115,3
14,5,0.3985236836521465,0.8544443394217018,0.966525453827884,0.7801820993850435,0.8391459053679334,0.9474918793630815,0.7673584791769833,0.018372747355855833,0.017777504260694736,3
14,5,0.4816812751368306,0.8305923922941936,0.9086716723429663,0.7580321598125545,0.835758264779651,0.9130875379670381,0.7638950247932161,0.026570876684330946,0.02450120689513936,4
14,5,0.5671926153620093,0.7471234466027764,0.7419014936185473,0.7539667983466467,0.7629315084129553,0.7505853022451182,0.7791111698852085,0.07670343287542734,0.056548859633570515,4
14,5,0.20533527093884058,0.7544938076387041,0.7742794498592527,0.7493813494440954,0.7565190428768865,0.7742794498592527,0.751929889934341,0.061416921049318916,0.05298212220990893,4
14,5,0.488826934507339,0.808389215297946,0.9124957828889753,0.708833707128601,0.8020262314090518,0.9207850827012405,0.6884589698655995,0.023607380092378887,0.023093180127299846,4
14,5,0.289774332412731,0.76094858460063,0.8651466828958896,0.7184354289232833,0.7578672494134852,0.8700765647665689,0.7120854916837362,0.04925695323766002,0.04950158977978132,4
14,5,0.32152516941622533,0.7761033077623134,0.7614097880035673,0.7830664790058017,0.7835503404232053,0.7698810556122452,0.7900281328430964,0.08496804258373487,0.06424275018926501,4
14,5,0.4021045475018597,0.7581718041562564,0.7795661149312079,0.7437834196697516,0.7652896543462109,0.7858397455076297,0.7514690355857596,0.06469429569440664,0.05835802606046162,4
14,5,0.39071375674404024,0.80681897527544,0.8585714719431317,0.7736319263017731,0.8168613108707564,0.8605302851156633,0.7888579394353398,0.07232716327602277,0.05780360981038005,4
14,5,0.3248543451019698,0.7951813779737916,0.951679244551625,0.7198805720096684,0.7919303300654651,0.9450341915325235,0.7182625899435563,0.040261757092117365,0.03602335909615015,5
14,5,0.6378594283035424,0.8104104944784507,0.9035295579388961,0.6463944266161977,0.8077769876155166,0.9031193964056576,0.6398448112259113,0.04181929609477379,0.030727615885704315,5
14,5,0.412760954790621,0.7894322659532425,0.9279501973781992,0.6920702221705419,0.7936932913496605,0.9326134883835251,0.6960485014890777,0.03106760538700645,0.032497403319557444,5
14,5,0.40628493566745366,0.8398356021185907,0.9736890061506134,0.7482384288059057,0.8469053338206086,0.9720054063681609,0.7612981495324435,0.025393144494315043,0.025055792073323997,5
14,5,0.4269067689532702,0.7804441993663229,0.8768578114532248,0.7086240811214135,0.7876722681682105,0.8803937559982241,0.718602475266009,0.025724615123576183,0.023585244166501967,5
14,5,0.24620002323187143,0.8483695474878571,0.9869225648739932,0.8031164867945358,0.8565544940446065,0.9869225648739932,0.8139747340869299,0.031039498037007937,0.031908707989425036,5
14,5,0.08301888541503728,0.7935862058551653,0.8863265798204513,0.785189956077375,0.8106524678776182,0.8863265798204513,0.8038013121358665,0.05381146935500975,0.053030729852801904,5
14,5,0.2786695811538605,0.8612378928220317,0.9277288393918005,0.8355506297494988,0.8653046266422393,0.9361411119499546,0.837938563635096,0.0261220355031487,0.02395344654715205,5
14,5,0.3618047350183612,0.7712621948611618,0.9346954048193206,0.6786088762505746,0.7595551868289294,0.9346954048193206,0.660264948185597,0.06331009908751728,0.054120174545157156,6
14,5,0.21495358641452306,0.7650411599775753,0.8867816767948484,0.7317073847396083,0.7682057689970831,0.8867816767948484,0.7357384954672589,0.09301609647661231,0.09159853528392889,6
14,5,0.16099234741585322,0.7585515758954832,0.9164866843102696,0.7282463173382334,0.7620566521240146,0.9164866843102696,0.7324239624618933,0.06003886133769551,0.057246931847596605,6
14,5,0.07484787504368712,0.8756725157957274,1.0,0.8656140100092795,0.8880188443741721,1.0,0.8789591975145538,0.0270437945387606,0.023615586274879793,6
14,5,0.052916133590338345,0.7672554280864287,1.0,0.7542513602349787,0.7743978563429462,1.0,0.7617928552491363,0.04222452013795008,0.04280379002078214,6
14,5,0.12862603496971722,0.8135235372164218,1.0,0.7859972064036846,0.8163491323251035,1.0,0.7892398957908797,0.014664937355288593,0.014543591144378707,6
14,5,0.25288370112917596,0.693333692547824,0.716396108918976,0.6855275327602064,0.7062557018319753,0.724211919659951,0.7001778865982783,0.07679652819377818,0.07325093060577645,6
14,5,0.30231104465629816,0.8496643527266028,0.947802073032748,0.8071409380749792,0.8610941147481074,0.947802073032748,0.8235232556306209,0.02326336520078858,0.01749613714989655,6
14,5,0.4076056128288844,0.8404955349212179,0.9577231416661093,0.7598353674339916,0.8337211876729662,0.9624693240663299,0.7451341514490138,0.022509537564111587,0.017993435812168408,7
14,5,0.2558327890857925,0.8470985345449682,0.9493865754550478,0.8119335414999251,0.8579245812068905,0.9619578386907228,0.8221596106069732,0.012905512639205684,0.010364947811078207,7
14,5,0.261564201259811,0.8510924662351352,0.9463292425909796,0.8173582792136306,0.8488818055317033,0.9378775481588505,0.8173582792136306,0.020714390967010568,0.01893801701085219,7
14,5,0.3957209730548111,0.8449035947035237,0.9530496849516021,0.7740825432409435,0.8609816279690153,0.9530496849516021,0.8006895121221423,0.024294271784988636,0.019125565029960278,7
14,5,0.33619944559919585,0.8118350161472345,0.92922900586265,0.7523777077775136,0.8145441347941168,0.92922900586265,0.7564589316163932,0.027352825909604143,0.026417045029197807,7
14,5,0.23670322650177847,0.8543734818478379,0.9830476448618248,0.8144707983696432,0.8600872729320729,0.9661273550361325,0.8272035631562408,0.02329074448229093,0.020615575371698107,7
14,5,0.18108132250501524,0.8928829689281748,1.0,0.8691969862019893,0.8926602491829505,1.0,0.8689250181160915,0.02590340277641024,0.026162731199685506,7
14,5,0.1891615657046213,0.8263090165598914,0.9765701929425531,0.7912543889214484,0.840145688410285,0.9765701929425531,0.8083190361620762,0.02457123227104009,0.022573259516086353,7
14,5,0.1290033947870411,0.8194257507809679,1.0,0.7926808805702731,0.8225462075803498,1.0,0.7962635085400102,0.1378673578714902,0.15216154360573017,8
14,5,0.13134154339972878,0.79814829811576,0.9460681986748449,0.7757827436318938,0.79814829811576,0.9460681986748449,0.7757827436318938,0.025007161866278948,0.024521560848238786,8
14,5,0.2607982018449963,0.8232613105503331,0.9509379285920596,0.7782156511836464,0.8175172975320425,0.9509379285920596,0.7704450897041866,0.024237615546065017,0.02398210629457704,8
14,5,0.14976165769226918,0.8389074716773033,0.9326134149614582,0.8224020323157205,0.8393892296343374,0.955504771066663,0.8189365458356497,0.02536024782354712,0.024717029177950364,8
14,5,0.12511849648049045,0.7881895980639014,0.9510120156903927,0.7649040491012231,0.7872451458016012,0.9510120156903927,0.7638245288936284,0.06918940913484806,0.06841810713957351,8
14,5,0.08945531094843372,0.7942203101107969,1.0,0.7740037448315189,0.8017069712726144,1.0,0.7822259235470037,0.05516875073069483,0.05490333314850938,8
14,5,0.06587592543784299,0.8601267407947081,1.0,0.8502626545934453,0.8597210508525926,1.0,0.8498283547470296,0.023076765109267493,0.023461877102804656,8
14,5,0.040799449780471245,0.7729530007429202,1.0,0.7632955910991541,0.7705195397697128,1.0,0.7607586232328925,0.13041692119355228,0.1321623679398696,8
14,5,0.14099738666716338,0.7600459339925738,0.790326373926978,0.7550756779868117,0.7593763769723114,0.790326373926978,0.7542962193334039,0.05341995276507012,0.05354450329933355,9
14,5,0.5781364520730383,0.8408815016461458,0.9117932123819923,0.7437016313854671,0.8473035457055285,0.9117932123819923,0.7589246675803234,0.06570491962373742,0.053412703295981204,9
14,5,0.31925510455102857,0.8276154197438639,0.8973850911670523,0.7948949044765251,0.8194848132711011,0.8973850911670523,0.7829512137825239,0.024172586387148108,0.025015737497790784,9
14,5,0.5546633150052173,0.8704685376722405,0.9004899797438285,0.8330770692805016,0.8694980021650109,0.8987402056358722,0.8330770692805016,0.055004823532434154,0.052461227660426026,9
14,5,0.5458908383803805,0.7779329146743105,0.8614668909118768,0.6775155785454071,0.7966140175673188,0.8693790350715525,0.7091421941218766,0.05972896538096328,0.050527326031514525,9
14,5,0.2208873200472582,0.7976047202063911,0.9160798160552198,0.7640156809213712,0.7999074110472645,0.9126859577271554,0.7679334083440139,0.040115111716050145,0.04282526345047414,9
14,5,0.43734348928754585,0.8012387964469225,0.9015769219328582,0.723247650742369,0.8038431082571315,0.8852743940806381,0.7405479326016877,0.02664080953654441,0.025142201527380316,9
14,5,0.19064609772724248,0.7570504019218706,0.917340356568541,0.7192935513371604,0.766923883148849,0.917340356568541,0.7314927650547353,0.04063374931376009,0.038964266259449626,9
14,5,0.5012981962327101,0.920931789662151,0.9923843003787316,0.8491072755578576,0.9310681131158813,1.0,0.8617773459743001,0.07824370224749305,0.0625169211375593,10
14,5,0.20763104903396223,0.7753060158011646,0.9707607050426338,0.7240893923881242,0.7719235637006874,0.9707607050426338,0.71982060813509,0.028983197780740037,0.027660346348987844,10
14,5,0.19910183478202992,0.8379812177581236,0.8785125172670651,0.8279052100348021,0.8404765160357477,0.8785125172670651,0.8310208349494191,0.020369659772428658,0.018912567187828248,10
14,5,0.4402181421506331,0.8500818058830962,0.8890753761530572,0.8194168659259292,0.8514275945133825,0.8921324710372245,0.8194168659259292,0.02568891123495209,0.02534327417551429,10
14,5,0.1433289343302623,0.8431113606856979,1.0,0.8168624509435859,0.8509244043397485,1.0,0.8259826885320263,0.01928181532250371,0.019302869411277648,10
14,5,0.3781226426846843,0.8054875671073622,0.9039541620530152,0.7456165191281473,0.8068139512824779,0.9092731831489349,0.7445152438845433,0.029730935374288198,0.031095912357503412,10
14,5,0.24414631763695904,0.8639472916663927,1.0,0.820001262799616,0.8572600516464025,0.9840273275822211,0.8163132859710149,0.03858598847634031,0.038127763671623696,10
14,5,0.2042290193260307,0.8916240073012538,0.9572484329972311,0.8747819604948065,0.8963936374472193,0.9572484329972311,0.8807756826357243,0.016083998196655597,0.016805572771683163,10
14,5,0.36946760302148834,0.8117459996006116,0.9500737094324018,0.7306913105348165,0.8253207812973232,0.9500737094324018,0.7522203893922416,0.02520503828367854,0.025479065039391558,11
14,5,0.04058407495349006,0.7143621331305448,1.0,0.7022794187457245,0.7174064004834345,1.0,0.7054524610868158,0.027154151117068884,0.025897211626923464,11
14,5,0.219775202780945,0.7795965783399017,0.9642287095014748,0.7275890489579301,0.7843223273153367,0.9642287095014748,0.7336459558804976,0.04251473576984463,0.039117891151703,11
14,5,0.20056861087360786,0.8180118429453209,0.9623387232533512,0.7818018037989516,0.8038841067558778,0.9825499319017168,0.7590588011105146,0.0658442488420094,0.06524160995590109,11
14,5,0.378221811157288,0.8419923467022075,0.9781431493893371,0.7591730968364468,0.8506961668888798,0.9781431493893371,0.77317136879718,0.014049523627270162,0.012774297132865755,11
14,5,0.1657739261440764,0.8118179414258052,0.9704002421034426,0.7803051280240597,0.8080833907357149,0.9704002421034426,0.7758284629962829,0.026334533842135844,0.026246009415877018,11
14,5,0.4475576641174274,0.7064562229514352,0.7706398394350873,0.6544582720302043,0.7183957720160631,0.8192112752386077,0.6367207297566375,0.06382716322302565,0.06377480230736196,11
14,5,0.3862608777331218,0.7761271269327908,0.9031591233365891,0.6961786787225994,0.7890187519198935,0.9105022665741731,0.7125622783173161,0.035226594924735476,0.025919749875791494,11
14,5,0.16626902516777778,0.7703495180717981,0.9311061668983369,0.7382901942653314,0.7698206432510402,0.9311061668983369,0.7376558471716969,0.05959508266888181,0.06094942918474134,12
14,5,0.016905536328061195,0.794132373315807,1.0,0.7905922225263475,0.7964474481470197,1.0,0.7929471079587869,0.060816462181957506,0.05873754285320255,12
14,5,0.04552756163401253,0.8294605817573589,0.962426861605583,0.8231181979883747,0.8294605817573589,0.962426861605583,0.8231181979883747,0.020380108963109135,0.019545379612999528,12
14,5,0.6612722775068791,0.8277478549712217,0.8988168277800237,0.6890053240574571,0.825678151192949,0.8988168277800237,0.6828950955735315,0.03078934549077532,0.025541928490405784,12
14,5,0.2754670843778443,0.8002502182980488,0.9312434058308731,0.7504466680866114,0.8072368767990898,0.9312434058308731,0.7600896509661973,0.03254851509730829,0.03211361393403021,12
14,5,0.1673600754515153,0.8134782525297495,0.9448509982427291,0.7870724173222682,0.8042089297979651,0.9448509982427291,0.7759399668373712,0.020168018437058528,0.019747966116769256,12
14,5,0.12414501184080845,0.7502515972242213,0.6910151507279374,0.7586478608193452,0.7581427868634909,0.6910151507279374,0.7676575596233159,0.04639542667146114,0.0474010697717534,12
14,5,0.37781846544041015,0.8402102012675587,0.9784757352287059,0.7562487383137007,0.8445171720962231,0.9784757352287059,0.7631711083768256,0.022359596558714757,0.020587837739969004,12
14,5,0.09521616427953786,0.9036603673803408,1.0,0.8935219343933734,0.9035672687574707,1.0,0.8934190384096092,0.037475725733406066,0.03660278182873811,13
14,5,0.217125747658145,0.7705076678432933,0.9181890140378471,0.7295490814397491,0.7812259345521048,0.9181890140378471,0.7432399988211158,0.029021318584681596,0.025987573161783895,13
14,5,0.22065418066800402,0.8213839956592669,0.9463076693490438,0.7860146766993197,0.8213839956592669,0.9463076693490438,0.7860146766993197,0.05920936373394453,0.04825544792113027,13
14,5,0.1099329484084764,0.8173611340660235,0.9409633634125513,0.8020949162258866,0.8262019524457809,0.9409633634125513,0.8120276717008241,0.02449522501835249,0.02356962473754224,13
14,5,0.3011977304073903,0.7471781946291388,0.8962537201941422,0.6829236666842817,0.7502841531434549,0.8962537201941422,0.6873683553315107,0.04309313842673295,0.0320468162502543,13
14,5,0.3632464591777086,0.8321786247968536,0.9335985557710367,0.7743219684069343,0.8358306775426182,0.9335985557710367,0.7800573943003632,0.04340986357689755,0.04420459704581751,13
14,5,0.11528776245370823,0.7451675134087774,0.9750511387207846,0.7152111415375437,0.7559005744825954,0.9750511387207846,0.7273428388491867,0.06202906917344986,0.058982720009079906,13
14,5,0.2530762853065903,0.8055980034104998,0.977664805556029,0.7472975019604305,0.819141342817344,0.977664805556029,0.7654296607611498,0.030389550927041403,0.03150866365526369,13
14,5,0.047708907706570915,0.797539495683939,0.9361849866009126,0.7905934841296778,0.7916556182082246,0.9361849866009126,0.7844148298050384,0.0695985235893759,0.0681080587693079,14
14,5,0.12683252959423472,0.8014508311061936,0.8874847020855676,0.788953923173942,0.7966400603047895,0.8874847020855676,0.7834443606164081,0.049517120637067445,0.0510839110655404,14
14,5,0.2987788656638891,0.8029770419768012,0.9619446302392383,0.7352435505392637,0.8177076921000036,0.9672709126075872,0.753981248072327,0.02683578681321446,0.02195092731751794,14
14,5,0.21409210779283644,0.8326299486327853,0.9418990310246051,0.8028635492902942,0.8358710964688046,0.9418990310246051,0.8069876303284893,0.020837311701255582,0.01943476065188672,14
14,5,0.13319556507571484,0.8058999785372247,0.9757407129632721,0.7798017818929867,0.8105653263224764,0.9757407129632721,0.7851840199126376,0.03363617452022533,0.0330474483245306,14
14,5,0.09310827515597513,0.7813898255616639,0.9461846492054045,0.7644707586391593,0.7870377142094342,0.9461846492054045,0.7706985017015868,0.03219361147030551,0.03147984169756868,14
14,5,0.10825261342880298,0.7558652266089166,1.0,0.7262287761450124,0.7574587786331375,1.0,0.7280157755219864,0.06411543333043809,0.06041018484469374,14
14,5,0.2524964433840703,0.8033164987921989,0.9251225007442806,0.7621721028846137,0.8097995241160622,0.9224017205035504,0.7717640474237636,0.024609731624289068,0.025734753082451385,14
14,5,0.6588213544643252,0.7692958054621025,0.8444107678674868,0.6242476263922971,0.783138378925542,0.859597625456171,0.6354943659729092,0.027466453863227703,0.02295864017656749,15
14,5,0.3273144365604508,0.7686759138215117,0.8947505056752267,0.7073307085131241,0.7723042360587707,0.8947505056752267,0.7127244949037622,0.06414735029859685,0.06261087468684039,15
14,5,0.1807672721848148,0.7789577630842576,0.91479651765578,0.7489843498072234,0.7847927185971074,0.91479651765578,0.7561068136868231,0.09697555056552992,0.09495057147798779,15
14,5,0.023879465744086115,0.687754522825005,0.86239186277229,0.6834822570232325,0.6931118088676212,0.86239186277229,0.6889706018071068,0.20698404289880104,0.20469609418316104,15
14,5,0.18563965339435093,0.923867442690395,0.9810713600101788,0.9108273733546197,0.9244658560618926,1.0,0.9072472717354882,0.08429822345131849,0.06594402071210928,15
14,5,0.036227268899077895,0.6651061195299638,0.9192024438026781,0.6555548886550459,0.6700228562912409,0.9192024438026781,0.6606564407145866,0.14887766833106994,0.14832176893045523,15
14,5,0.05961410109445448,0.7295238160716668,0.8425379805898766,0.7223594829648702,0.723359383656346,0.8425379805898766,0.7158042672576854,0.08175974968865715,0.08222125091600584,15
14,5,0.36799847323316054,0.8989296929879986,0.9914187016848154,0.8450756870247604,0.9084879763274497,0.9914187016848154,0.8601995165324975,0.056963097675608636,0.0530440144758682,15
14,5,0.265179288652135,0.7971301171980262,0.9496393401753696,0.7420931719439392,0.7913768809902684,0.9496393401753696,0.7342637298515888,0.04536517879188739,0.037818242790278414,16
14,5,0.10139294956248683,0.7846152315452958,0.9693144709155955,0.7637749758934124,0.7946254922421034,0.9693144709155955,0.7749147290167984,0.10572288975841407,0.10470056793389869,16
14,5,0.17578044646705362,0.7767796269453945,0.9018713182704071,0.7501014521117871,0.7680470007539774,0.9018713182704071,0.739506427820037,0.03222109546648138,0.03137542987352879,16
14,5,0.30137476064458285,0.8224749054802504,0.8983614912565249,0.789738754055832,0.825307576808077,0.9023770927433947,0.7920611299155623,0.074099235350242,0.07114334198395865,16
14,5,0.16384229144137463,0.7874540362711339,0.8988906489803895,0.7656184067124198,0.7940217730961265,0.8988906489803895,0.7734730694844874,0.0470262850551078,0.04368167072146529,16
14,5,0.16196980473170114,0.7829343169801407,0.8754335001791884,0.7650565904672019,0.780721813584597,0.8754335001791884,0.7624164667484672,0.068662328773155,0.06400668009255371,16
14,5,0.20016293024560014,0.7108189409380392,0.907793786750668,0.6615250737075075,0.7088028469212727,0.9179800500655771,0.6564552832670905,0.03459709244419469,0.03336421533213562,16
14,5,0.18557217634133047,0.7988141069405933,0.9415534566056921,0.7662901054300554,0.7962477907864594,0.9415534566056921,0.7631390390254167,0.04319462897553898,0.04124316344859687,16
14,5,0.06168728032969693,0.843282537295364,1.0,0.8329794966866674,0.8488536639805098,1.0,0.8389168846900011,0.04274565678946016,0.04118332979639373,17
14,5,0.08979835634593136,0.79698572115043,1.0,0.7769568092246519,0.8097759742074107,1.0,0.791008918607396,0.020688750862406992,0.022182045792377862,17
14,5,0.12360012818626218,0.7694640996125133,0.9855772096525177,0.7389853090937566,0.7733164989191185,0.9855772096525177,0.7433810186670959,0.034616608628268625,0.03373265854921837,17
14,5,0.3686781713826997,0.8648475512323646,0.9254084183712593,0.8294813263656918,0.8614077206064916,0.9254084183712593,0.8240327097173387,0.01908083944016113,0.01628977073237837,17
14,5,0.16280454810865383,0.8329151170532861,1.0,0.8004230880981918,0.8350436221962699,1.0,0.802965511301967,0.017135133279161358,0.017355711662613293,17
14,5,0.2866223688176392,0.8304422539703396,0.969378871221644,0.7746200069423854,0.8329137395257631,0.969378871221644,0.7780844911754098,0.023335362508926916,0.016992684222012038,17
14,5,0.4868997089964469,0.8427366651741134,0.9582161401759556,0.73315395052882,0.8598617463866283,0.9580698318874926,0.7666684875055143,0.02015085212226502,0.01581667074114922,17
14,5,0.3539579702723952,0.8025621093819442,0.8834425182403358,0.7582487922338501,0.8116751449860381,0.8929818028360563,0.7671282915957736,0.020636817716226972,0.019688293839145558,17
14,5,0.23049440028591128,0.8368319752534795,0.9490541973195048,0.8032174131457163,0.8318285185803047,0.9373455552392607,0.8002223988929507,0.026493432183949304,0.02706243518274769,18
14,5,0.15861910909694438,0.811892948629413,0.8664030132138529,0.8016165827472252,0.8192634407254651,0.8664030132138529,0.8103765773890593,0.03156583233454003,0.028204570866404786,18
14,5,0.48310670561860886,0.8406188379969493,0.8791628203246191,0.804594272528311,0.83511683343547,0.8654218476661273,0.8067926981684036,0.020669184197942277,0.0208163452345062,18
14,5,0.1723268896931905,0.8154054396306772,1.0,0.776971659377824,0.8293346421129705,1.0,0.7938010118224502,0.030984377703810326,0.026305764220579404,18
14,5,0.06890836596181839,0.8486899051495593,0.9691855202789407,0.8397722480247513,0.8496157231081738,0.9691855202789407,0.8407665840543846,0.03441183689594127,0.032121146279733816,18
14,5,0.8828489463266632,0.9175683318067316,0.9225232986328544,0.880227760771632,0.9210696565631175,0.9264892372806309,0.880227760771632,0.06637122120857894,0.036524142418660005,18
14,5,0.1534985222791999,0.8202795496329761,0.8788666619708229,0.8096557818013136,0.8297235712581499,0.9066441081035755,0.8157753513796843,0.015030556305432584,0.014261849438160053,18
14,5,0.23102089273620824,0.8129297192809527,0.9702440118375204,0.7656685024763767,0.8147541829277307,0.9702440118375204,0.768041081431441,0.021876249392392078,0.021027877243358,18
14,5,0.020154248168223324,0.7458597853247414,1.0,0.7406324268894822,0.7516205682580441,1.0,0.7465117021963692,0.0384389008042165,0.03607321693532083,19
14,5,0.2589768010582809,0.7637480842688514,0.9063420222289462,0.7139135825205293,0.7752223295510084,0.9063420222289462,0.7293979091901178,0.04786401244725447,0.03340948199371833,19
14,5,0.2540029220962167,0.8258885279660491,0.9622331384464508,0.7794648481690631,0.8355761741572789,0.9622331384464508,0.7924510199359169,0.01809122766391907,0.01639014764814361,19
14,5,0.20538615781660896,0.8107070640395667,0.9179105749549624,0.7829978598418847,0.8126216966854891,0.9111791565461936,0.7871472625259555,0.036626625144393306,0.03461213228922813,19
14,5,0.15756431431634602,0.8008793500694354,0.9697785779611461,0.7692894121269073,0.8082970722469935,0.9697785779611461,0.7780945023000977,0.03543718992872516,0.033581580168442135,19
14,5,0.13178162342111902,0.7979147383453067,0.9007470965876878,0.7823064357857585,0.8087912104805416,0.9349364624177842,0.7896443845948014,0.02113832023662461,0.019700387070462566,19
14,5,0.13774430978774524,0.8242626407777617,0.8871292105346702,0.8142197818460255,0.8304641509391507,0.8871292105346702,0.8214119757993786,0.02825385412279666,0.02702389728813293,19
14,5,0.17638067359153853,0.807566874764495,0.9005922974932392,0.7876451874073236,0.8054386019235212,0.9005922974932392,0.7850611382322581,0.02166158470447689,0.021619143316781504,19
20,3,0.0,0.6581917016316203,,0.6581917016316203,0.6538323088366612,,0.6538323088366612,0.07096548191621901,0.07523494584137726,0
20,3,0.03191030210513763,0.8547497288829992,1.0,0.8499619700190472,0.8516708580241491,1.0,0.8467816130071452,0.037020959393773346,0.03667257028289025,0
20,3,0.003860236807682291,0.7155765837556001,1.0,0.7144743872758261,0.7104950369760199,1.0,0.709373148506584,0.05434820012656884,0.05685628557894856,0
20,3,0.08786461678226763,0.8817786786428282,1.0,0.8703905982244395,0.8817786786428282,1.0,0.8703905982244395,0.02045407329882689,0.01987550911918717,0
20,3,0.005597016684124568,0.7594993651388445,1.0,0.7581457026011761,0.7600987395550731,1.0,0.7587484506080555,0.10866151618052367,0.11400504567198337,0
20,3,0.06240252659353055,0.8284360008030681,1.0,0.8170174258537545,0.8247718797234502,1.0,0.8131094363555477,0.04415973146486758,0.04549346007652434,0
20,3,0.16251211842980115,0.7790402722890977,0.9841690576817105,0.7392356205458579,0.7818944727913701,0.9841690576817105,0.7426436704592742,0.05838602109101979,0.05959555792839302,0
20,3,0.006530660107156261,0.8623135746093192,1.0,0.8614084805017419,0.8592447679669303,1.0,0.8583195007827303,0.08316290917928026,0.07948069138224083,0
20,3,0.06159588667127844,0.8651621872250652,1.0,0.8563115710387971,0.8680493797058412,1.0,0.859388275882443,0.056603434685074304,0.05745503803912737,1
20,3,0.06633444207586553,0.8077253098292698,1.0,0.7940647070689595,0.8060369845048707,1.0,0.7922564307433844,0.055722370788153563,0.05875354798986553,1
20,3,0.09128377277851314,0.802873131870156,1.0,0.7830710377731627,0.8121854274615848,1.0,0.793318786533964,0.02903616032172575,0.027674140461059864,1
20,3,0.06061224393404474,0.8303095375452616,1.0,0.8193605767597163,0.8408075817647095,1.0,0.8305359877139877,0.025450803404736187,0.025730672435843854,1
20,3,0.12277535596198147,0.8138771914878528,1.0,0.7878276564878622,0.8149999429526664,1.0,0.7891075469611228,0.030592003838151405,0.03165427051817817,1
20,3,0.028508922310083867,0.8511620327954504,1.0,0.8467943034963661,0.8564813646288053,1.0,0.8522697339511712,0.05138963793238423,0.04945622630373056,1
20,3,0.19187908093299855,0.8445220866261113,1.0,0.8076056321455056,0.8585358128238714,1.0,0.8249467575478023,0.04384264485252551,0.03621205225810626,1
20,3,0.02912127053637892,0.8126760526150291,1.0,0.8070573165317347,0.8176780435700359,1.0,0.8122093409846448,0.06635315795640667,0.0678124785979404,1
20,3,0.00647753073556646,0.8782018179557006,1.0,0.8774077227116222,0.8816846836373903,1.0,0.8809132958510683,0.10650830658882413,0.09058543292896123,2
20,3,0.006724780085259237,0.7688858990523214,1.0,0.7673211851922404,0.7558571149942923,1.0,0.7542041922412359,0.13302127695268828,0.10656678656039827,2
20,3,0.0,0.855872636293671,,0.855872636293671,0.8558102182622254,,0.8558102182622254,0.12264258184021926,0.12990185208783575,2
20,3,0.018742122050820837,0.8241619513754337,1.0,0.8208034273395426,0.8139109324305238,1.0,0.8103566129238108,0.03872448952139379,0.04688677851824845,2
20,3,0.003491397378242451,0.846247341085622,1.0,0.8457086486660894,0.8370089430559436,1.0,0.8364378827084521,0.1028012984559509,0.10268782523188795,2
20,3,0.015105259961088868,0.7959578597225077,1.0,0.7928284800572382,0.8037968308066875,1.0,0.8007876768784846,0.10779725208303942,0.09482692238600408,2
20,3,0.002120838033946841,0.8256337649185017,1.0,0.8252631764171163,0.8235321021233489,1.0,0.8231570468622992,0.06764281689074882,0.06322238175267246,2
20,3,0.009205507717935955,0.9347019736242224,1.0,0.9340952872826542,0.9347019736242224,1.0,0.9340952872826542,0.13443486151674489,0.10771184658516747,2
20,3,0.01968091047142698,0.8133620640805042,1.0,0.8096151162278719,0.8134740513296499,1.0,0.8097293517358223,0.07111011300210518,0.06533930525796458,3
20,3,0.01476144244147116,0.7641551125310165,1.0,0.7606215411895583,0.7644409062351862,1.0,0.760911616828577,0.05539002764155242,0.053076828866049856,3
20,3,0.03452104913998072,0.7490009910186292,1.0,0.7400264306562161,0.7551101783227187,1.0,0.7463540541622984,0.08400687878229714,0.08127343230465446,3
20,3,0.06127985235235525,0.7973046007862599,0.8653987982198215,0.7928593969891139,0.8054824425681774,0.8653987982198215,0.8015710900345979,0.08431027759276238,0.08196951028329004,3
20,3,0.07777165926799454,0.7960530918248642,0.9632440500767222,0.7819538523376758,0.784289849747232,0.9632440500767222,0.769198614227887,0.166401391337243,0.1622505717332629,3
20,3,0.054195887875630996,0.7826632068751801,1.0,0.7702095070863458,0.7673676654184075,1.0,0.7540375098823822,0.05915740774770319,0.05620750909457708,3
20,3,0.043995816275265665,0.7849855801581047,1.0,0.7750905032610138,0.7919782582861118,1.0,0.7824049881210723,0.08220166482769727,0.08070837544705996,3
20,3,0.025071228448551596,0.830394035460672,1.0,0.8260324554075618,0.834269720596281,1.0,0.8300078075037373,0.04632468956973067,0.04387951174991349,3
20,3,0.02769476668412342,0.7525636516864881,1.0,0.7455157703207319,0.7626624339097464,1.0,0.7559022023558841,0.027297365346514307,0.029510536690089878,4
20,3,0.03513218086886312,0.914959123674998,1.0,0.9118626669489492,0.9167812871215127,1.0,0.9137511779039064,0.11302984922703908,0.12053385356236906,4
20,3,0.06068584526033205,0.9085658383982317,1.0,0.902658592824986,0.9102689777471581,1.0,0.9044717661284356,0.049199099778892585,0.05257797331888524,4
20,3,0.034878879428416346,0.8235336250086127,1.0,0.8171562395330476,0.8247428732070854,1.0,0.8184091892123134,0.024564065470627172,0.024002461864173985,4
20,3,0.02797486199108202,0.9209557378357073,0.901779856045082,0.921507619289873,0.9191740411662157,0.901779856045082,0.9196746454296072,0.12896889323695027,0.1384991367239866,4
20,3,0.020680686043125375,0.7922448957831725,1.0,0.7878576463713283,0.7902747840421204,1.0,0.7858459309757724,0.0314741462172047,0.03383013058358426,4
20,3,0.048533823713920454,0.8824238264764994,1.0,0.876426323442791,0.8755265307771594,1.0,0.8691772000674727,0.04147424782971184,0.04406187549246934,4
20,3,0.022064787349105237,0.7523447619568986,1.0,0.7467570092176342,0.7506388276436029,1.0,0.7450125845448878,0.022763565404154078,0.023951003481864932,4
20,3,0.0,0.690418550443731,,0.690418550443731,0.6865955789257308,,0.6865955789257308,0.37768361337762935,0.3722299824954499,5
20,3,0.0025709128355644937,0.8118791048015456,1.0,0.8113942157700066,0.82081810133128,1.0,0.8203562529160728,0.23246125157396966,0.23229394479374335,5
20,3,0.0026451955573948117,0.75777235526596,1.0,0.7571299163997965,0.7684654621744981,1.0,0.7678513836859687,0.16623603162864667,0.16359962033541842,5
20,3,0.0031770794267318085,0.8117865558842701,1.0,0.8111866809728959,0.801707579012977,1.0,0.8010755803317745,0.2535236226097404,0.24025038725351763,5
20,3,0.01918298395665052,0.7966310998487441,1.0,0.7926535767378371,0.7966310998487441,1.0,0.7926535767378371,0.1875289179769702,0.18118618288704996,5
20,3,0.0011241405635747641,0.8115000042779574,1.0,0.8112878653125164,0.8150507479609379,1.0,0.814842605022598,0.1828887397067316,0.17779906134963158,5
20,3,0.0,0.6686892968940676,,0.6686892968940676,0.6726715298339886,,0.6726715298339886,0.47138713390641224,0.46909767471058283,5
20,3,0.003863600994276232,0.7778507854710528,1.0,0.7769891605700971,0.7746212721192521,1.0,0.7737471212720409,0.21972175475450623,0.21535970497622894,5
20,3,0.25249417736902185,0.8907529741001983,1.0,0.8538512709970772,0.900491189200136,1.0,0.8668788820271323,0.04133351547324711,0.03990568557908656,6
20,3,0.002350644919818347,0.7392621908888212,1.0,0.7386478447728528,0.738661501322971,1.0,0.7380457398721768,0.08809533896231134,0.08866451206546395,6
20,3,0.004472786760397079,0.7553609448299659,1.0,0.7542618103085901,0.7507619399301086,1.0,0.7496421426202592,0.06761174470617604,0.06380889707909626,6
20,3,0.002898132490751105,0.7759129109060331,1.0,0.7752615892158198,0.7780987936063376,1.0,0.7774538253067669,0.12479164150065052,0.12020663069013093,6
20,3,0.002305826916072924,0.8179041912922346,1.0,0.8174833394637385,0.8135608069902697,1.0,0.8131299169229019,0.06607665664675748,0.05791931943123967,6
20,3,0.09887217790971152,0.8506064796696713,1.0,0.8342149507893453,0.8541322782775186,1.0,0.8381276017156797,0.041073783099462746,0.04274086277901991,6
20,3,0.011387073632129282,0.9303988361684037,1.0,0.9295971537745227,0.929600974450296,1.0,0.9287901020995674,0.07394889753661289,0.06797769147268187,6
20,3,0.010895186680195644,0.7980510870015821,0.7384246713486057,0.7987078838555272,0.7929303732404995,0.7384246713486057,0.7935307644116376,0.08240712299422343,0.0818506107238086,6
20,3,0.2196289172483896,0.8620592068763102,1.0,0.8232369238525514,0.8603122312599234,1.0,0.8209982765538496,0.028081195428741438,0.02413775911301428,7
20,3,0.09656309971173128,0.9133282956446531,0.9763222761177474,0.9065952365724356,0.9185776507173379,1.0,0.9098748908123171,0.04672436427397641,0.031072406963088064,7
20,3,0.11708046700462346,0.8888013414416329,0.9689960275770271,0.878167041312189,0.8894196588432338,0.9689960275770271,0.8788673513387475,0.03537484011406177,0.0332475634868703,7
20,3,0.0734266350746251,0.8476223496922332,1.0,0.8355471287262405,0.8525518167334324,1.0,0.8408672331322161,0.033145506206547534,0.027908903967637698,7
20,3,0.09143011701680694,0.9449375472335568,1.0,0.9393965683898178,0.9480423001022901,1.0,0.9428137550332262,0.04699029635740612,0.043412569643583254,7
20,3,0.07037302516589164,0.9170230878500581,1.0,0.9107417121101191,0.9134907825824684,1.0,0.9069420103338016,0.053554208305525784,0.04847397608285827,7
20,3,0.15401870697400621,0.8821405573187184,0.98332133481683,0.8637196623777175,0.886351469916636,1.0,0.8656607054786587,0.028710489194893853,0.026862085940060603,7
20,3,0.08887666284442582,0.9293122936674718,0.9645196496582662,0.9258779481947653,0.9247935996256619,0.9645196496582662,0.9209184725041121,0.04278331219600061,0.041326684401897545,7
20,3,0.04846716339623655,0.8440376139029615,1.0,0.8360935323538559,0.8455228235788439,1.0,0.8376543924931479,0.030818779719126013,0.0307768416564597,8
20,3,0.12290571040272753,0.8927815999479537,1.0,0.8777572704283859,0.8958405705007024,1.0,0.8812448892500218,0.057086256450797554,0.05256587473532483,8
20,3,0.05731255551100205,0.9805160187994189,1.0,0.9793314514641249,0.9805160187994189,1.0,0.9793314514641249,0.19853177489804696,0.18178485885116652,8
20,3,0.04680051155858496,0.8288643108443786,1.0,0.8204618327739066,0.8388232331105319,1.0,0.8309097215809363,0.059819966133363954,0.05317765220946362,8
20,3,0.009305802185979532,0.804393019178911,1.0,0.8025556410316138,0.8071155968965241,1.0,0.8053037925031986,0.060868717048032574,0.05797454853194277,8
20,3,0.14941731666823843,0.9837145016420175,1.0,0.9808537151330289,0.9837145016420175,1.0,0.9808537151330289,0.15908570540028955,0.13654502887429631,8
20,3,0.04044860225039486,0.7960636779245908,1.0,0.7874670157808198,0.7993316768932224,1.0,0.7908727728630311,0.030092754181980097,0.028049150967300884,8
20,3,0.11073747234156629,0.9303670964195794,1.0,0.921695898101346,0.933569303553956,1.0,0.9252968674830295,0.07667599397278899,0.07058873319922564,8
20,3,0.019055489190444648,0.842660145377176,1.0,0.8396037157158113,0.8335729185562076,1.0,0.8303399635658871,0.057837299024821376,0.052577289257478274,9
20,3,0.006559800584806394,0.846161423920692,0.34334198083236955,0.8494815988831754,0.8497126856327211,0.34334198083236955,0.8530563099871951,0.12017447482959424,0.11109327382267237,9
20,3,0.014872375092250808,0.8068521488918917,1.0,0.8039362147354308,0.8057610969441978,1.0,0.8028286912835368,0.060675141332477964,0.056269147050971496,9
20,3,0.025115012148172237,0.848659859558382,1.0,0.8447610309652033,0.8531848947178752,1.0,0.8494026401969387,0.0435589115975458,0.03999531276994337,9
20,3,0.11446073692408422,0.9085312424484822,1.0,0.8967084110603954,0.9060735656112886,1.0,0.8939330662059429,0.26024767437152885,0.24253975058991076,9
20,3,0.01949266419549012,0.8221243371312713,0.8579708904149641,0.8214117011313056,0.8177494937378008,0.8579708904149641,0.8169498850553648,0.09091734061007287,0.08342242063320589,9
20,3,0.06414864447324903,0.869995753426,1.0,0.8610845132549643,0.8775326261339124,1.0,0.8691380066472673,0.04531902390454594,0.04136638671904147,9
20,3,0.05706558297490181,0.9012253181784501,0.9002170920537317,0.9012863351596302,0.9248114320514262,0.9002170920537317,0.9262998604346847,0.12624025706464917,0.11808925533956692,9
20,3,0.29176815403256307,0.9902566645090011,1.0,0.9862427317460011,0.9902566645090011,1.0,0.9862427317460011,0.03863855060591444,0.03735970939427706,10
20,3,0.0,0.8403177939804111,,0.8403177939804111,0.8380490158986269,,0.8380490158986269,0.1331918881814534,0.13209167726976612,10
20,3,0.02646492076692629,0.8794757785773576,1.0,0.8761994056571765,0.882755906390528,1.0,0.8795687016210717,0.08073041124851904,0.08255644000320773,10
20,3,0.0,0.7488941374324247,,0.7488941374324247,0.74477580378295,,0.74477580378295,0.07352912611814534,0.07441166483786016,10
20,3,0.18704933017402686,1.0,1.0,1.0,1.0,1.0,1.0,0.08968753361321823,0.08533686216065683,10
20,3,0.06566721564009761,0.9871693096316327,1.0,0.9862675370241265,0.9871693096316327,1.0,0.9862675370241265,0.09244313007768809,0.08422065309634967,10
20,3,0.10662880056461053,0.9402285572525503,1.0,0.9330945045181385,0.9402285572525503,1.0,0.9330945045181385,0.0622678495334338,0.062212867963425025,10
20,3,0.0708522301508695,1.0,1.0,1.0,1.0,1.0,1.0,0.10305274570730437,0.09534819287917512,10
20,3,0.015807864255811842,0.8390356104443705,1.0,0.8364502380077264,0.8419991599968735,1.0,0.8394613874010937,0.12320145628989147,0.11680228589200471,11
20,3,0.0,0.8046348885939595,,0.8046348885939595,0.8039903313160851,,0.8039903313160851,0.09665578955523184,0.09421722438142818,11
20,3,0.005212215227963737,0.8038249195811273,1.0,0.802797055390233,0.8038249195811273,1.0,0.802797055390233,0.1963102414297653,0.1904415074698561,11
20,3,0.0,0.7856712021952262,,0.7856712021952262,0.7844427692578075,,0.7844427692578075,0.1735164930471212,0.16730125932411444,11
20,3,0.03721526260027412,0.8561013630621711,1.0,0.8505391378279759,0.8561013630621711,1.0,0.8505391378279759,0.03342581435110499,0.031052428503021083,11
20,3,0.0,0.8330001750074049,,0.8330001750074049,0.8294381757815762,,0.8294381757815762,0.08147271681384981,0.07700679439577586,11
20,3,0.0,0.7849678030066631,,0.7849678030066631,0.7857365036031608,,0.7857365036031608,0.08078060089882629,0.08017171256724219,11
20,3,0.0454578040428921,0.8119904571695227,1.0,0.8030369494122128,0.8151889412405708,1.0,0.8063877536873879,0.02891677328084732,0.025344308466549625,11
20,3,0.07147596597471947,0.8618301589202391,1.0,0.851194114512281,0.8727254510800521,1.0,0.8629281049751669,0.08999683537797186,0.0767001638333019,12
20,3,0.1629922337818067,0.8241059648981868,1.0,0.7898537597846367,0.8557307681577149,1.0,0.8276369256475016,0.07215814651902609,0.06139241807249083,12
20,3,0.06073870073900383,0.844416632788941,1.0,0.8343556076105011,0.8511169963801006,1.0,0.8414892599779854,0.06349892189406069,0.052414143384042614,12
20,3,0.013565209421957325,0.7888785442231374,1.0,0.7859752537183454,0.7913280924538874,1.0,0.788458487535874,0.03260894242899929,0.030260155645478688,12
20,3,0.06560212514847237,0.8204507400433191,1.0,0.8078449611358429,0.8336394653482934,1.0,0.8219596393258698,0.09109116126466323,0.08138727513355,12
20,3,0.10600324136786918,0.8383340274069717,1.0,0.8191649231028679,0.8306824850640454,1.0,0.8106061198756239,0.0939063917647671,0.083087003605432,12
20,3,0.03711328375787136,0.7934718871823372,1.0,0.7855115151825101,0.8048207548622497,1.0,0.7972978110036879,0.06582076061322685,0.05903684931349678,12
20,3,0.08433481763961327,0.8600354351782544,1.0,0.8471443847401215,0.8638204127532493,1.0,0.8512779672415749,0.05746102784896751,0.05557371139624102,12
20,3,0.013829808269142577,0.8116647149451183,1.0,0.8090235472192394,0.8078250642902626,1.0,0.8051300502477717,0.021944554146552164,0.021413654405001235,13
20,3,0.008929566023461094,0.8360371001480362,1.0,0.834559790877744,0.8360371001480362,1.0,0.834559790877744,0.019659787738598142,0.018624044063633684,13
20,3,0.3479332298763205,0.8489553573384652,1.0,0.7683601594467302,0.8377243533354227,1.0,0.7511364570321566,0.02151413364300289,0.0236844007723569,13
20,3,0.0133528015406661,0.8049073947025612,1.0,0.8022671066191853,0.8070390367285669,1.0,0.8044275972477852,0.019742940027574696,0.019478208993265023,13
20,3,0.0,0.839415313058863,,0.839415313058863,0.8416356262434753,,0.8416356262434753,0.014561371102600116,0.015037614554200905,13
20,3,0.014479901663309279,0.8559957783285442,1.0,0.8538799747316177,0.8703263019593577,1.0,0.8684210517274088,0.026660407504266296,0.025781325551100458,13
20,3,0.0,0.8007996072911284,,0.8007996072911284,0.8009337789470062,,0.8009337789470062,0.016173773786547142,0.01636375280181787,13
20,3,0.006540969243300695,0.807793622624171,1.0,0.806528129066954,0.8128544389428048,1.0,0.8116222659784471,0.021267797629910313,0.020639227215618908,13
20,3,0.0065088942004955675,0.7975523139753333,1.0,0.7962259703757002,0.7975523139753333,1.0,0.7962259703757002,0.06567423950000222,0.06395907866148587,14
20,3,0.02149418696371648,0.7596747574158682,1.0,0.7543956925116188,0.7532898054439512,1.0,0.7478704865426273,0.03907547934137774,0.03695662834835088,14
20,3,0.0011501836427189268,0.7904215466580299,1.0,0.7901802153738343,0.79229164399922,1.0,0.7920524661472389,0.09000658600025667,0.06854350892923027,14
20,3,0.01266497017077111,0.8401497643669877,1.0,0.838099296790209,0.8398437263981514,1.0,0.8377893331410013,0.06426661864915317,0.06261581091904414,14
20,3,0.014487246615328471,0.7329241711444782,1.0,0.7289980997828092,0.7260329211085891,1.0,0.7220055469089661,0.07378992280588674,0.07412671031332504,14
20,3,0.006849086758992346,0.7374675749792678,1.0,0.7356570672990727,0.7390572693779813,1.0,0.7372577247394669,0.05585291877793134,0.056116584578077285,14
20,3,0.040896454523028855,0.9777584541004037,1.0,0.976810068105279,0.9777584541004037,1.0,0.976810068105279,0.21681523268559805,0.20424871681367443,14
20,3,0.02939342051368322,0.7912315514262154,1.0,0.7849093000335181,0.7895435096038863,1.0,0.7831701382989844,0.04142640317972921,0.03908137079412851,14
20,3,0.028179422278082046,0.8746227583305447,1.0,0.8709872536725278,0.8822559531003696,1.0,0.8788417845857529,0.027483054228510728,0.0289451926928333,15
20,3,0.014067442707100477,0.8291560280835333,1.0,0.8267183990905448,0.8291560280835333,1.0,0.8267183990905448,0.04022349731970531,0.03847480468274874,15
20,3,0.02482035236680805,0.9860159887053151,1.0,0.9856600665030031,0.9860159887053151,1.0,0.9856600665030031,0.15675090564369099,0.16225631518276928,15
20,3,0.0210184758825013,0.9594284973298364,1.0,0.9585574378364937,0.9627886574459181,1.0,0.9619897397066549,0.10026007428891251,0.10602627962839382,15
20,3,0.002745722980478267,0.966765414664457,1.0,0.9666739104545425,0.966765414664457,1.0,0.9666739104545425,0.25500623709721965,0.2745606096618978,15
20,3,0.007082074910577164,0.937850678820581,1.0,0.9374073932910197,0.9403141031308961,1.0,0.939888388193084,0.13633205278965804,0.14185474246203705,15
20,3,0.022494869619076967,0.8225393577225418,1.0,0.8184555387363505,0.8219493015974838,1.0,0.8178519039249116,0.057842442588478094,0.05698895225792775,15
20,3,0.035340193948662474,0.9597240549503682,1.0,0.9582485506320677,0.95647823797199,1.0,0.9548838235458793,0.12959783380424697,0.1360975633573023,15
20,3,0.05821887211805703,0.7657701931013072,0.9621535725532312,0.753630197388995,0.7726532215586419,0.9073508721277723,0.7643265041707883,0.05638231118848943,0.05577152568712703,16
20,3,0.043882224017805664,0.8377203131676049,1.0,0.8302722834896678,0.8324077654718384,1.0,0.8247159097570395,0.07051848730512572,0.06594008981175645,16
20,3,0.012614457676625968,0.8454141416380356,1.0,0.8434392122065963,0.8538226748015388,1.0,0.8519551695536298,0.05800067548588201,0.054920200521555204,16
20,3,0.057983022287386145,0.8218119350411128,1.0,0.8108441045387952,0.8385135368749427,1.0,0.8285737232494734,0.05858211977134113,0.05557197271916748,16
20,3,0.09118571451475244,0.7854056376505806,1.0,0.7638743516945927,0.7863540062394722,1.0,0.7649178746717709,0.0511411302117502,0.04958752674707421,16
20,3,0.023322088993306147,0.7390081576894888,1.0,0.7327759342468404,0.7446557416245168,1.0,0.7385583768222098,0.07209789884958624,0.06933189012865215,16
20,3,0.07280979931296368,0.7518856547612759,0.9544996513115764,0.7359749123743379,0.759110298903704,0.9544996513115764,0.7437668887531592,0.06285358639687992,0.0620350241038171,16
20,3,0.01657309267022521,0.8114348885939023,0.8163720450000846,0.8113516857142199,0.8142310405877039,0.8163720450000846,0.8141949595487683,0.06795692970265889,0.06852381665680805,16
20,3,0.014067340057749497,0.729105636147067,1.0,0.7252405008382619,0.7337289470548319,1.0,0.7299297773939606,0.1268544926292947,0.12566954681234876,17
20,3,0.0,0.7310563948282375,,0.7310563948282375,0.730368363123923,,0.730368363123923,0.08826437959574807,0.08707623288326347,17
20,3,0.09698659421056784,0.799608850098793,1.0,0.7780861849708409,0.8076551824085426,1.0,0.7869967196961979,0.04539379199069524,0.03934108987125884,17
20,3,0.007934137858867547,0.7120316206945252,1.0,0.7097285671296407,0.7169785490080033,1.0,0.7147150589567068,0.12326994711725174,0.12368833526238762,17
20,3,0.0,0.6831889418829092,,0.6831889418829092,0.6798988443250759,,0.6798988443250759,0.11707098333819997,0.11813110891630574,17
20,3,0.002035176993311277,0.6655747746088146,1.0,0.6648927720882765,0.6696666942960218,1.0,0.6689930365393609,0.4560170041338205,0.4534447322124257,17
20,3,0.08672592670276053,0.8689153912975821,1.0,0.8564673929380735,0.8806064498728974,1.0,0.8692686526224819,0.04022634262703763,0.038515984941167654,17
20,3,0.03517156798588006,0.839929351178272,1.0,0.8340941834730411,0.8440071222200887,1.0,0.8383206043645813,0.052231723149085266,0.048733369143056156,17
20,3,0.0,0.8344908667897961,,0.8344908667897961,0.8346432988653459,,0.8346432988653459,0.12262091429657138,0.12656479515599725,18
20,3,0.012281169845807537,0.8159925613843516,1.0,0.8137046363822757,0.8230939632278871,1.0,0.8208943361497966,0.12088863073572363,0.11276216950335047,18
20,3,0.07991497176475809,0.8718593117277172,1.0,0.8607295148383608,0.878310727240467,1.0,0.8677412749635349,0.04258048400645265,0.04243636792375484,18
20,3,0.015033416896634266,0.8479397702890646,1.0,0.8456188947732274,0.8495588652338807,1.0,0.8472627017536782,0.1658800759899849,0.17221045093731524,18
20,3,0.0,0.8821967224967252,,0.8821967224967252,0.884964401987983,,0.884964401987983,0.16479200669820926,0.16811315229645973,18
20,3,0.008135572624581148,0.9167929940792647,1.0,0.916110505000255,0.9167929940792647,1.0,0.916110505000255,0.2379887555820266,0.23024195320490204,18
20,3,0.008652022643820204,0.9259679013131209,1.0,0.9253217836946469,0.9259679013131209,1.0,0.9253217836946469,0.12340455194395517,0.1221748503947855,18
20,3,0.0040403014967739905,0.775954980153793,1.0,0.7750460985691368,0.775954980153793,1.0,0.7750460985691368,0.25757946786583524,0.2605192101538925,18
20,3,0.017294274594850993,0.8000814210270922,1.0,0.7965631278982469,0.7971089307173583,1.0,0.7935383258309664,0.1307200453333273,0.1318639990242224,19
20,3,0.01658567836484879,0.6974882664083689,1.0,0.6923862842584638,0.7020164086454176,1.0,0.6969907954369462,0.13710075632439592,0.14160724962732812,19
20,3,0.05105289958437797,0.8181898238293585,1.0,0.8084085234139903,0.8221621366380477,1.0,0.8125945447495837,0.06902706692132408,0.06841419470716154,19
20,3,0.0,0.6560054959956799,,0.6560054959956799,0.6565113173870623,,0.6565113173870623,0.21003675262412863,0.2065557974210966,19
20,3,0.02443413681208706,0.7803301626453104,1.0,0.7748282861837111,0.7823855072475087,1.0,0.7769351091874208,0.04170949862256632,0.043124917734170536,19
20,3,0.00899340805329559,0.7371576793300932,0.717247961813339,0.7373383604832855,0.7309133153414612,0.717247961813339,0.731037328745075,0.10656218777688173,0.11815964077437838,19
20,3,0.0028075467419408713,0.7407511499758989,1.0,0.7400212474762768,0.7387816747012768,1.0,0.7380462272400254,0.13376030071934666,0.1363311220636945,19
20,3,0.03591033070151733,0.8348244796346875,1.0,0.8286720357811719,0.821011977194703,1.0,0.8143450464150944,0.060747384837412724,0.06352768554602055,19
20,4,0.08333154763127229,0.8286333377836935,0.9427410783156736,0.818260149319897,0.8276782703496286,0.9427410783156736,0.8172182596032856,0.020426616371847676,0.020285634045113504,0
20,4,0.49806171999989673,0.807579201445449,0.9227719919412606,0.6932760656776018,0.8182451231069461,0.9232927863100229,0.7140087619812646,0.0442931325278315,0.04664647447838069,0
20,4,0.399312253889025,0.8120813556714771,0.9357836720546726,0.7298491958079374,0.8187119233050169,0.947558880017662,0.7330598203201116,0.061667679929839916,0.05892860673520747,0
20,4,0.40955628326266535,0.9249659510580196,1.0,0.8729192185216191,0.9237593071507793,1.0,0.8708755962879738,0.09081004856619163,0.08820686877668611,0
20,4,0.09230093663899086,0.8268728924753371,0.9721082840052763,0.8121043825005589,0.8264713140366368,0.9721082840052763,0.8116619688693127,0.03245335905712512,0.03275920791673019,0
20,4,0.48816336464251875,0.8797900115912772,0.9402783328049676,0.8220993728885023,0.8797900115912772,0.9402783328049676,0.8220993728885023,0.05297530913070341,0.04908839216775792,0
20,4,0.3041531623425749,0.8680938834421738,0.9867082526774136,0.8162477967032854,0.8644380082988932,0.9735581041239149,0.8167418481323298,0.0970748878297391,0.0948428078162166,0
20,4,0.5688257979029809,0.8728427917217133,0.9195526083165977,0.8112209494007562,0.8692652120666964,0.9132631965701439,0.8112209494007562,0.04218798400334195,0.04169474354342677,0
20,4,0.1309124909991025,0.9286708557976475,0.9435855234668542,0.9264242278381176,0.9234709796183312,0.9435855234668542,0.920441083303807,0.05519607018860854,0.04841100429724365,1
20,4,0.14351631765460277,0.8870444539793745,0.9476567764554643,0.8768879763890005,0.8933382378984308,0.9476567764554643,0.8842363754873017,0.057747908655210095,0.04985276463528576,1
20,4,0.03395805920183312,0.7793877174527003,1.0,0.7716328109263821,0.7793877174527003,1.0,0.7716328109263821,0.10441023890475276,0.10028015463107319,1
20,4,0.2913199944025402,0.8049041453227793,0.9634105952453512,0.7397462493196586,0.8051413809254585,0.9760224615088068,0.7348965947795975,0.032854245753725184,0.030003654561145305,1
20,4,0.10116744542983351,0.8390471583465152,1.0,0.8209312281413143,0.8390471583465152,1.0,0.8209312281413143,0.023268203447117712,0.019339326103385682,1
20,4,0.19720427672580437,0.9430313486300634,0.9755159247863305,0.9350516133625237,0.9457921859955537,0.9755159247863305,0.9384906418543925,0.07202171380666252,0.0660792484432248,1
20,4,0.02705897585384233,0.7139197836021539,0.9106214261629998,0.708449210500217,0.7201952265585695,0.9106214261629998,0.7148991831097312,0.11258603996993535,0.11041870880659513,1
20,4,0.08707340847244184,0.8418316584698203,1.0,0.8267458271036624,0.8429207873945596,1.0,0.8279388353201466,0.03579914471660031,0.03367057747671095,1
20,4,0.10858478969863793,0.8366703314465901,0.9703776612945868,0.8203832161663797,0.8369009246753121,0.9703776612945868,0.8206418983450741,0.03921814789977859,0.03883284271114874,2
20,4,0.3051117127592984,0.830233015010127,0.9691198616326875,0.7692505456969428,0.8365370578701745,0.9691198616326875,0.7783225691801415,0.05810860716161057,0.05744566786318377,2
20,4,0.147242379184883,0.8222046870939308,1.0,0.791505454110018,0.8250481748863583,1.0,0.7948399160051923,0.07008436280462488,0.06844583382749624,2
20,4,0.2606211734379166,0.8585496257669603,0.9884302187518544,0.812768449278681,0.8501499989801079,0.9884302187518544,0.801408066096073,0.04178126369935704,0.04083815856349475,2
20,4,0.01659880285563394,0.7798874533280696,1.0,0.7761721794613423,0.7867314108401289,1.0,0.7831316559516425,0.07283011103682703,0.07003901080247313,2
20,4,0.2697605167977107,0.8217596792493218,0.9887555808915801,0.7600690944940794,0.8304278685339267,0.9887555808915801,0.7719394322175241,0.06822790159107364,0.04873550909942296,2
20,4,0.21553303055028636,0.8341232204085038,0.9866635775119549,0.7922126152101835,0.8415302704766734,0.9866635775119549,0.8016547591839007,0.06674051275994407,0.05954068456837714,2
20,4,0.10090228686609388,0.842695076348516,1.0,0.825041348283292,0.8356080665019172,1.0,0.8171589905116363,0.04075597352491809,0.03953660631546414,2
20,4,0.0950537099284413,0.7900826981684315,0.9745615736249111,0.770705413894269,0.7927266782493658,0.9745615736249111,0.7736271122424941,0.016650948300870903,0.01673330123770124,3
20,4,0.05036893892745829,0.8588586885669224,1.0,0.8513724779877476,0.8547666307332965,1.0,0.8470633752199799,0.012501485534676234,0.01301967673870476,3
20,4,0.08545921438923186,0.8501625367118208,0.9531650057126717,0.8405374765510701,0.8509931991942289,0.9531650057126717,0.8414457602443483,0.029631015183057188,0.028075721271389315,3
20,4,0.20221716644343407,0.8519294974942124,0.956447116453031,0.8254370037223866,0.8468963371657742,0.956447116453031,0.8191280683621205,0.03110185960552156,0.03022356779760804,3
20,4,0.14596037610636362,0.7767173626125207,1.0,0.738557051522369,0.7791939990250087,1.0,0.7414569596100019,0.020894080540872335,0.021517229669484838,3
20,4,0.1099839744634285,0.8075217789491952,0.9668343711929229,0.7878346816674656,0.8090961044362786,0.9668343711929229,0.7896035548584109,0.014175058102652063,0.015144184235201487,3
20,4,0.05646004098585094,0.8277455551992753,1.0,0.8174381030129306,0.8358003460115615,1.0,0.8259748806399239,0.01984440617669801,0.019706769892465913,3
20,4,0.07384161653230516,0.9536562542023299,1.0,0.94996131695731,0.9567496667053801,1.0,0.9533013639279674,0.03397841867121364,0.03671694952987585,3
20,4,0.10559272371238532,0.7818620528990873,0.9772659658232663,0.7587928852651168,0.7926273346070979,0.9772659658232663,0.7708291041034672,0.03528291952878324,0.04018447416823643,4
20,4,0.05485719072985115,0.9605916493015175,1.0,0.9583043426750357,0.9639492064926662,1.0,0.9618567764006242,0.1504128337211388,0.13725195856961706,4
20,4,0.07431270413514285,0.7253451686542464,0.9268872416180818,0.7091656915177993,0.7282123723151178,0.9268872416180818,0.7122630697292965,0.03910177150470365,0.04212791556794406,4
20,4,0.01438380294033386,0.7557251006464544,1.0,0.7521602221206618,0.760235716223797,1.0,0.7567366643410705,0.11226964268715765,0.10523805367250305,4
20,4,0.1554647082843369,0.9010182087431678,1.0,0.8827973298122902,0.8933871989894705,1.0,0.873761579822263,0.06751217202120711,0.06485478382251597,4
20,4,0.20593865964841407,0.824585778087583,0.9761527787813936,0.7852770957684144,0.8231399845654966,0.9761527787813936,0.7834563377883744,0.016928271745381297,0.018947924099197853,4
20,4,0.20784952688303202,0.870914521533861,0.9850306500294905,0.8409719990933833,0.8751105272257377,1.0,0.8423412255466501,0.08877680828436774,0.0816120222085706,4
20,4,0.024009640746338236,0.8407284580294667,1.0,0.8368103327451636,0.83905388103494,1.0,0.8350945606797435,0.05610249688785541,0.05458971628151058,4
20,4,0.14093952748391192,0.7716791994359309,1.0,0.7342203396981543,0.7826696616171754,1.0,0.747013923541041,0.06979818651684451,0.06787727720117996,5
20,4,0.2254768537609788,0.8333876460923831,0.980867237637778,0.7904538300313871,0.8242365874914135,0.980867237637778,0.7786387427155258,0.0655300956709722,0.06328269665013339,5
20,4,0.16971875654339047,0.7959916316131223,0.9320265011737355,0.7681845853979731,0.8050496115249485,0.9320265011737355,0.7790941175392945,0.08163366467300129,0.07701167617454079,5
20,4,0.21849016794226733,0.8207274762563305,1.0,0.7706074621330853,0.824054610058126,1.0,0.7748647774800146,0.04213364470425776,0.03820239929077386,5
20,4,0.22189031477069612,0.7795862217241192,0.757634585872101,0.7858460787614989,0.7803487959377453,0.7610713028573115,0.7858460787614989,0.06900011211857802,0.07287021729865212,5
20,4,0.20030909725170842,0.8576755991679096,0.9509807407785716,0.8343042332804856,0.8652696381350179,0.9509807407785716,0.8438004510578918,0.058616459480809575,0.05520548592862986,5
20,4,0.3788881893434354,0.7582731642511878,0.8100360569951242,0.7266969675496686,0.7556897462373643,0.8100360569951242,0.7225376230170107,0.17156321069570407,0.14668912000328627,5
20,4,0.19823409438576658,0.8124528163458327,0.9670402239150302,0.7742315668160877,0.8094828678725731,0.9670402239150302,0.770527307938948,0.04670979649830005,0.04262864376538604,5
20,4,0.12336005421039486,0.8039947643366802,0.93849220475755,0.7850683948264094,0.804926332305792,0.93849220475755,0.7861310522761255,0.07211263731637169,0.05305770036890951,6
20,4,0.012768174106442563,0.8009401358952165,1.0,0.7983656331939953,0.8058506531614447,1.0,0.8033396596966189,0.06644598447746408,0.06403629259476114,6
20,4,0.28652888425141476,0.8053084415828979,0.9153012245526748,0.7611355119654586,0.819819420287107,0.9153012245526748,0.7814740770228314,0.06045812914412787,0.05749196193132167,6
20,4,0.1935622709786927,0.8483495085783721,1.0,0.8119501531684651,0.8509673336060648,1.0,0.8151963120887199,0.058909558774237473,0.060933995288819216,6
20,4,0.4104719323197799,0.8493570066573594,0.9311511125683056,0.7924060546225418,0.8392852142363005,0.9119254468652053,0.7887078485670572,0.05000332233113328,0.047489433792008554,6
20,4,0.1268892639140078,0.8337230610733882,1.0,0.8095580181822032,0.8334623809393568,1.0,0.809259453380217,0.06256479678079839,0.062041615261766006,6
20,4,0.03283335164463709,0.8196763737320873,0.9277979790253522,0.8160058639052514,0.8271927767747979,0.9277979790253522,0.8237774336295506,0.06562053463386606,0.06413363534134237,6
20,4,0.1407019929227973,0.9983547531225536,1.0,0.9980853593702115,0.9983547531225536,1.0,0.9980853593702115,0.0759296863092176,0.08211777722567036,6
20,4,0.029601546782874286,0.7603987356525069,1.0,0.7530898121764806,0.7611828128985215,1.0,0.7538978073287967,0.04218558515763094,0.04085619300320867,7
20,4,0.002938903079368231,0.7980920003227518,1.0,0.7974968632305182,0.7980920003227518,1.0,0.7974968632305182,0.14066432901431344,0.13997406849928745,7
20,4,0.037955977660513604,0.8057822467144642,1.0,0.7981196818694017,0.8057822467144642,1.0,0.7981196818694017,0.048604617487532295,0.046598233123351165,7
20,4,0.05166434669512948,0.7871080458877504,0.9645456982471899,0.7774414258926875,0.7797884743451169,0.9645456982471899,0.7697230916540396,0.04610790501262402,0.04402883761860594,7
20,4,0.0910485078376987,0.8043353692619831,1.0,0.7847358935815695,0.8054289758798769,1.0,0.7859390453749532,0.03992798349619718,0.037645864339742714,7
20,4,0.029788859091350386,0.79426419425153,1.0,0.7879473888995047,0.79426419425153,1.0,0.7879473888995047,0.046255827133278284,0.046667997750041455,7
20,4,0.0036905596710934954,0.7888833255105963,1.0,0.7881013007166638,0.7923470992243145,1.0,0.7915779050461127,0.07579693037759586,0.07415929991526347,7
20,4,0.024954988088211845,0.7576378505916149,1.0,0.7514349117758355,0.7548035404011173,1.0,0.7485280611629184,0.09739104768180985,0.09527534600072748,7
20,4,0.009985413530726298,0.8627425819897595,1.0,0.8613581861457752,0.8609908756561967,1.0,0.8595888118784627,0.025045144680789864,0.02578412508359514,8
20,4,0.027638301454625862,0.6909292719881919,1.0,0.6821442797734945,0.6876813947431383,1.0,0.678804085224581,0.19394983458720197,0.19045564349911226,8
20,4,0.14348943262275626,0.8177814545262853,1.0,0.787254760870384,0.8046905594900106,1.0,0.771970775435901,0.018569253781413695,0.017206533048716548,8
20,4,0.14450025728411175,0.84035746333097,1.0,0.8133926537929451,0.8435289025332368,1.0,0.8170997726194206,0.021860592214018055,0.021241463044225983,8
20,4,0.10375143446615852,0.6901619852336489,0.8599897167247919,0.6705024048092778,0.6901619852336489,0.8599897167247919,0.6705024048092778,0.11743967440083387,0.11616296472638138,8
20,4,0.00901142806579103,0.7820672423198564,0.741925867527265,0.7824322627869436,0.7744594342461559,0.741925867527265,0.7747552740817644,0.05258789803991422,0.05258769211218858,8
20,4,0.05350736572350124,0.8645154052671644,1.0,0.8568561552130828,0.8659236996290617,1.0,0.8583440636350789,0.03010293901180114,0.0288950280054694,8
20,4,0.0355260093844966,0.7234054356780111,0.8297234941354514,0.7194892529926801,0.7252047681765565,0.8297234941354514,0.7213548631761099,0.09286254365922732,0.0922117769508903,8
20,4,0.011338009705369712,0.7251798362790386,0.7408487675077864,0.7250001444368437,0.7251798362790386,0.7408487675077864,0.7250001444368437,0.18208341070005715,0.1800350794315014,9
20,4,0.14677253973856022,0.8210836571907749,0.9692913000741511,0.7955889173145014,0.824920136789214,0.9692913000741511,0.8000853497163181,0.06555298999922735,0.061185646651970974,9
20,4,0.1343420993083884,0.8360512601071312,0.9232557733318558,0.8225179262504012,0.838535537204426,0.9232557733318558,0.8253877401749433,0.03582594807069822,0.03476350054123085,9
20,4,0.06026552828916664,0.71599263729072,0.9722735519143482,0.6995572449802673,0.7178880515346062,0.9722735519143482,0.7015742128589014,0.0569598691557161,0.05690131022583136,9
20,4,0.04396783967554685,0.6583197779839882,0.8450334613729635,0.6497328311874584,0.6546790179321114,0.8450334613729635,0.6459246328830821,0.11408055068391186,0.1144690642571688,9
20,4,0.12722595092570305,0.8284519138085708,0.9768290768817892,0.8068226895120068,0.8284519138085708,0.9768290768817892,0.8068226895120068,0.03229772708107246,0.030568692142314557,9
20,4,0.021737167175333583,0.7742649723466971,1.0,0.7692491014899252,0.778167568302197,1.0,0.7732384137938912,0.08315872823035933,0.08182824175222717,9
20,4,0.04605026737520582,0.83776477765467,1.0,0.8299331539210778,0.8462889995530448,1.0,0.8388688678343469,0.04854998292280972,0.04522346783888385,9
20,4,0.1593758869629609,0.8419554409754747,0.9925295189900278,0.8134077502002254,0.8464970869286566,0.9925295189900278,0.8188104574063914,0.06540200114456014,0.06746411735757527,10
20,4,0.07783881507525305,0.8237341036909017,1.0,0.8088556543144002,0.8328264180354843,1.0,0.8187154429210142,0.06411328394825913,0.061512690942175444,10
20,4,0.16967285579299982,0.8613415198904613,0.9710395535700362,0.8389253207102377,0.8722618874228487,0.9481204985243915,0.8567605910098764,0.044072417986684126,0.04106650714027627,10
20,4,0.27401550165933464,0.8590916699024782,1.0,0.8059072467530828,0.8559419303523375,1.0,0.801568669886304,0.11100427055611564,0.10344867763347712,10
20,4,0.1596046187930321,0.8018343807157915,0.9810034631027168,0.767807286167993,0.810956651239977,0.9810034631027168,0.7786620227933706,0.08679902339597403,0.06144824065101735,10
20,4,0.01504638103467049,0.8303020885248665,1.0,0.8277097436797104,0.8366914589710585,1.0,0.8341967196379324,0.058791675709654566,0.05901869911751434,10
20,4,0.10384818587943159,0.8626947975131578,1.0,0.8467835468016258,0.8589820974105672,1.0,0.8426406102543915,0.08954226378291659,0.06756731619360748,10
20,4,0.15978485732948475,0.7864672819687155,0.986012740781269,0.7485194504576452,0.7963591676254494,1.0,0.7576325133497304,0.08118190140864469,0.06988144578137435,10
20,4,0.23232259767561922,0.8656571047968105,1.0,0.8250008469750119,0.8744742401287134,1.0,0.8364863163990258,0.01818569525882089,0.01758509697628538,11
20,4,0.22257710916305887,0.8221253331771072,0.9877330871511687,0.7747116339292612,0.8450064215620461,1.0,0.8006315735428187,0.026630735638690714,0.027610670006314383,11
20,4,0.5010200590685938,0.8439444711834714,0.9437591339685331,0.7437217084184283,0.8676076673314336,0.9617898420132421,0.7730404215335208,0.023444131080031943,0.02032367512933198,11
20,4,0.2848989880559249,0.8671179276869163,0.9910084206745434,0.8177594797300771,0.8732296134790842,1.0,0.8227238048841834,0.035692977597028545,0.03483397473595337,11
20,4,0.14899981741476997,0.7490540274011892,0.9599107014336655,0.7121355794684497,0.7506800855622922,0.9599107014336655,0.7140463407049081,0.03572014857873834,0.03664784741635564,11
20,4,0.4956912288521902,0.8641677562269173,0.9656475396366055,0.7644220420536076,0.8803523153577815,0.971272495855529,0.7909857634022887,0.023136351997440265,0.02064334959375151,11
20,4,0.32467965635117185,0.8220221180513214,0.9900955551323609,0.7412159846267242,0.8376829947475607,0.9900955551323609,0.7644062777128496,0.026163132241637386,0.021805057582386617,11
20,4,0.172468835193236,0.8969121728571485,1.0,0.8754272569699254,0.89352095057762,1.0,0.8713292574941953,0.014229025759267,0.013792387282399132,11
20,4,0.04648496790275574,0.8405122749860066,1.0,0.8327370627149924,0.8534240892438245,1.0,0.8462783429498919,0.08695418648657131,0.093605424563087,12
20,4,0.09479505509787306,0.8348953627275106,1.0,0.817605241550751,0.8438017192076671,1.0,0.8274442912933697,0.055460319695044606,0.05548722226425842,12
20,4,0.17034112882864275,0.838987244120761,1.0,0.8059289649348139,0.841489062307262,1.0,0.8089444430709891,0.05347615863496272,0.04435124787268226,12
20,4,0.10640535935034216,0.7870691422506088,0.9267126938352138,0.7704409960964248,0.7912655183503167,0.9267126938352138,0.7751370583922517,0.057676340622074884,0.055183391332517234,12
20,4,0.12066979083392762,0.813595953642981,1.0,0.7880158734296205,0.8050730487113618,1.0,0.7783233769785978,0.06739843281908908,0.06674496048485723,12
20,4,0.1884020467977019,0.8017335997087506,1.0,0.7557085999182775,0.8143108251968415,1.0,0.7712054668564772,0.04599328734765244,0.04281490536857342,12
20,4,0.07480039961914735,0.8141594815840045,1.0,0.7991346750047282,0.8126779247598227,1.0,0.7975333374948851,0.04133504887102303,0.04121525060080733,12
20,4,0.10541813386435603,0.8089397056581594,1.0,0.7864250309843969,0.7996440916237916,1.0,0.7760340154873775,0.06788224468729084,0.06633589124226572,12
20,4,0.05836179737910535,0.8781120077347945,1.0,0.8705575114455313,0.8806197059793868,1.0,0.8732206343281975,0.10204677278398884,0.10014526730966321,13
20,4,0.1422602928152053,0.9081813964017537,1.0,0.8929528354241567,0.9081813964017537,1.0,0.8929528354241567,0.06963754481870656,0.0687745527767513,13
20,4,0.17405828001015286,0.8566480740062041,0.984025250513462,0.8298047123999212,0.8562233940803875,0.984025250513462,0.8292905357751806,0.04972479572953721,0.04395057453099928,13
20,4,0.029788414687720133,0.7679886331108733,0.9357906322994533,0.7628366068797611,0.7751755505972613,0.9357906322994533,0.7702441843558379,0.08867046862013327,0.08808533820805962,13
20,4,0.8297258199419909,0.9979170565706914,1.0,0.9877671210714453,0.9979170565706914,1.0,0.9877671210714453,0.24462264298261938,0.11142894190755445,13
20,4,0.6774748479804267,0.9007295005424028,0.9907203130533359,0.7117007948934878,0.9215027271869647,0.9962990833848405,0.7643904842274746,0.11714299257967865,0.08232438924759777,13
20,4,0.03301491759402762,0.8369804695417383,1.0,0.8314146376977711,0.8369804695417383,1.0,0.8314146376977711,0.03758469623944572,0.0371091250347601,13
20,4,0.11208422613125563,0.8406295688985611,0.9323865022482088,0.8290468206589826,0.8406295688985611,0.9323865022482088,0.8290468206589826,0.05377628216461275,0.055749805989594114,13
20,4,0.14067329953979538,0.8084815195099729,0.9788214228555103,0.7805965762932967,0.8076825876043684,0.9788214228555103,0.7796668578228049,0.06354421379656065,0.06480052043477696,14
20,4,0.05039869102959837,0.8020540891889444,0.8932223763072136,0.7972154666104296,0.8140318557302919,0.8932223763072136,0.8098289354717292,0.0604778867647038,0.05970743763028714,14
20,4,0.06861415792917028,0.8766987369296247,0.9571475812954905,0.8707721601413565,0.8766987369296247,0.9571475812954905,0.8707721601413565,0.09734901650613648,0.09708176860598734,14
20,4,0.1378591964458152,0.7703800422946318,0.9464292304504459,0.7422291886126747,0.7924908863366269,0.9464292304504459,0.7678756305289407,0.03840707588220719,0.03540896013891722,14
20,4,0.057385849249942576,0.7931347825998929,0.9531329880830861,0.7833941767615294,0.7861585222767633,0.9531329880830861,0.7759932054122467,0.07987929894398559,0.0811554139965503,14
20,4,0.13906748997607377,0.898494054553527,1.0,0.882097674016687,0.9024992468069853,1.0,0.8867498299137234,0.06488867986348561,0.06616331541598655,14
20,4,0.21657088382853745,0.8414942643807626,0.9346563819538617,0.8157405596413434,0.8480258672928649,0.9346563819538617,0.8240777566860763,0.02172573147047899,0.02139700893372648,14
20,4,0.12229015986184645,0.8501508744963059,0.9059729541859718,0.8423732574104641,0.8501508744963059,0.9059729541859718,0.8423732574104641,0.07163028705596139,0.07487094142257503,14
20,4,0.08357407701334461,0.7362036740202851,0.9709660483907844,0.7147943617525422,0.7346835445977716,0.9709660483907844,0.7131356031072615,0.0957534892842951,0.09285537505902369,15
20,4,0.23614313882640195,0.752603742635902,0.917377964467895,0.7016644843548383,0.7585222919968448,0.9304929657017547,0.7053582808595028,0.07174221193721837,0.0700839122737,15
20,4,0.13515603076668573,0.8172285066527297,0.8277044032474788,0.8155913551516055,0.8135335928891966,0.8277044032474788,0.8113190078901582,0.11786673881176524,0.11404944199552143,15
20,4,0.2899702087528,0.8395595728123751,0.982079616226579,0.7813555829943102,0.8395595728123751,0.982079616226579,0.7813555829943102,0.03613515420466098,0.03542914688452833,15
20,4,0.027699805261606467,0.7009554476509023,0.9284724076391554,0.6944737298445174,0.7088299257413356,0.9284724076391554,0.7025725434959453,0.09542458754642462,0.09154457208786451,15
20,4,0.047174182192573355,0.7479106279104047,1.0,0.7354297423744405,0.7433933468473621,1.0,0.7306888117881584,0.042546198884681495,0.041870368777584197,15
20,4,0.017549173667490658,0.8472304576713533,1.0,0.844501589052619,0.844178301923235,1.0,0.841394913719552,0.06702721871235987,0.06626006591718601,15
20,4,0.0,0.8346691554631328,,0.8346691554631328,0.8346691554631328,,0.8346691554631328,0.1988398988315626,0.19290609052480434,15
20,4,0.03550237992097802,0.7788008820265807,1.0,0.7706587208008909,0.7834136107708798,0.9129317529559666,0.7786461523606272,0.07224966624743161,0.06735465480318957,16
20,4,0.09895097702493084,0.815079335862862,0.9654579409142119,0.798565129072707,0.8122107540001337,0.9654579409142119,0.7953815266386721,0.05222070527272657,0.04575047761846815,16
20,4,0.14064511372648417,0.7388514959456796,0.8569712362054124,0.7195195941114875,0.7383711386097342,0.8569712362054124,0.7189606197650121,0.275135348691922,0.256868910309858,16
20,4,0.05509217247866422,0.8177581338250532,1.0,0.8071326526598893,0.8209314521505967,1.0,0.8104909890320916,0.05115579030269709,0.04883037141924114,16
20,4,0.03877896569144646,0.7409436351261391,1.0,0.7304924095213847,0.7604210286880864,1.0,0.7507555881938718,0.11827315938049505,0.10565682731386133,16
20,4,0.12973166025431854,0.8047275725702927,0.9219973310826592,0.7872460674130695,0.8047275725702927,0.9219973310826592,0.7872460674130695,0.07574542987487963,0.0718780251191148,16
20,4,0.025554375495734565,0.7731373598437785,1.0,0.7671879944336202,0.7729378167235941,1.0,0.7669832183895122,0.10910967650409822,0.09978126007929423,16
20,4,0.08504528006295424,0.8028971404643824,1.0,0.7845763782177336,0.7954791841752368,1.0,0.776468920955088,0.1299496531948775,0.10847417445577066,16
20,4,0.0021196057226255047,0.7743233817849021,1.0,0.7738440202760735,0.7703734132705052,1.0,0.7698856616019788,0.0686805643480292,0.06931076256493697,17
20,4,0.032383147208633674,0.7846529589803827,0.8656532572739938,0.7819421291968602,0.7886643080863438,0.8656532572739938,0.7860877257668136,0.03571216704639319,0.03560707748725739,17
20,4,0.07789656126949362,0.8419070980792163,0.8570951894379668,0.8406240532065906,0.8448446666477423,0.8887910818088602,0.8411322039484538,0.07086518772116865,0.06777258051180926,17
20,4,0.10591549489027537,0.8232308563840509,0.9133851308361842,0.8125509547187161,0.8149322455168263,0.9133851308361842,0.8032692695762069,0.07713678097070009,0.07848218515206769,17
20,4,0.08755060672123945,0.8079860280505997,1.0,0.7895620586042316,0.8160905607952186,1.0,0.7984442309244919,0.0820934215803801,0.07637421138483992,17
20,4,0.11716886479037752,0.77814500517393,0.9825463277571698,0.7510169735792543,0.7707643831157216,0.9825463277571698,0.7426567994034127,0.07619820937984341,0.07383031955700452,17
20,4,0.005454143683436163,0.7310021299103096,1.0,0.7295269309290969,0.7310021299103096,1.0,0.7295269309290969,0.07466703747200953,0.07428390862155271,17
20,4,0.13009095297362527,0.8087330913704348,0.9531658732307545,0.7871338238411811,0.829808206425845,0.9531658732307545,0.8113606267781681,0.10316923808455294,0.10039219745314966,17
20,4,0.04443860691210215,0.8689443419050364,1.0,0.8628495677588471,0.8596523640025225,1.0,0.853125464242602,0.028177036576733653,0.02800155767905883,18
20,4,0.031105413923760924,0.7623459524942935,0.8954630206778655,0.7580723590965472,0.7689630929415784,0.8954630206778655,0.7649019363719065,0.07158968372956938,0.06895441563245146,18
20,4,0.18438783437372536,0.8095726284647741,0.9762980531613369,0.7718805227183704,0.814306521890324,0.9762980531613369,0.777684621314564,0.025501391396955595,0.02476249725027427,18
20,4,0.11757517205668819,0.8646257408010085,1.0,0.846588338278614,0.8767848716476124,1.0,0.8603675639549174,0.02357426131147995,0.02274514575916805,18
20,4,0.11440809121026431,0.8575718669454898,1.0,0.8391718220990132,0.8648364762860209,1.0,0.8473749337901069,0.029670181099619768,0.028573805849573242,18
20,4,0.008516091431327418,0.7274101086428705,1.0,0.7250687691435695,0.7288077014375904,1.0,0.7264783661956666,0.04559003204518979,0.046211971624434835,18
20,4,0.18089123492000297,0.7762676292121825,0.9388605825983274,0.7403607492211746,0.7806636814090887,0.9388605825983274,0.7457276215882123,0.02501193228483142,0.02405795054097432,18
20,4,0.09956076965363747,0.7805797161509523,1.0,0.7563186093473012,0.7801192519724212,1.0,0.7558072320516295,0.042566133980847735,0.03974685188037403,18
20,4,0.09573210757067964,0.708818983797845,0.8629897002428636,0.6924973962080072,0.7098535260590172,0.824226171020564,0.6977452399612029,0.1366928378972595,0.13304235105805065,19
20,4,0.04086645826681699,0.7102966561986638,1.0,0.6979530678513928,0.7222815410374943,1.0,0.710448600868801,0.07714225993917667,0.07738886963294273,19
20,4,0.10920149459255328,0.8120153936480128,0.9614750803175592,0.7936933813561491,0.8163971900118854,0.9614750803175592,0.7986123347864404,0.07702843271766942,0.07508753580106461,19
20,4,0.2982183287607435,0.863353136081311,1.0,0.8052857896995399,0.8664895914367909,1.0,0.8097550648089072,0.022562498486541797,0.020951502692012704,19
20,4,0.2127432932820726,0.821317791807307,1.0,0.7730318374325205,0.8251435626520772,0.9888621426864248,0.7809012848908904,0.028734004500058277,0.027813137287981557,19
20,4,0.043902169812638725,0.8340004448222716,1.0,0.8263780651555309,0.8281405284665335,1.0,0.8202490727337095,0.03114139997455237,0.029469846758291226,19
20,4,0.11458345105769946,0.8205962427504782,0.9694493845776481,0.8013328726319581,0.817063019736721,0.9694493845776481,0.7973424084623222,0.032093239545832805,0.03202361880195087,19
20,4,0.05065237400739417,0.7819610080357492,1.0,0.7703275533698454,0.7795762667773244,1.0,0.7678155744138424,0.027556898807199737,0.026229877415085617,19
20,5,0.01096931105516106,0.7998506032250446,1.0,0.7976307519956863,0.7998506032250446,1.0,0.7976307519956863,0.05902888111585909,0.05787131613527635,0
20,5,0.1102604633074826,0.8111328140086321,0.8594138038391154,0.8051496199522655,0.8111328140086321,0.8594138038391154,0.8051496199522655,0.05034051872275397,0.04876517973409784,0
20,5,0.007650403668549546,0.7505829144403373,1.0,0.7486600624601291,0.7365590064340176,1.0,0.7345280387679105,0.061186348626365544,0.05984713263162649,0
20,5,0.24287845708301126,0.8431266748323467,0.9891534764851507,0.7962824599107163,0.8428222518397425,0.9891534764851507,0.7958803804883932,0.044412237830615105,0.04137890768537324,0
20,5,0.024812915259796925,0.8525032090756043,1.0,0.8487502621471963,0.8566361266993657,1.0,0.852988338808007,0.038780213970032076,0.03761308390794404,0
20,5,0.29701449248517386,0.7746038424437238,0.8733296540428372,0.7328917495003578,0.7854677507476019,0.8962719523342879,0.7386524845042927,0.037682285403372456,0.035793893258334444,0
20,5,0.0948169643741844,0.803906691589953,0.9211695081404268,0.7916235357400471,0.8062022688753069,0.9211695081404268,0.7941595723149777,0.05997929169899047,0.05923546241938181,0
20,5,0.5317655812314906,0.8853505496263163,0.9285903450479804,0.8362438756547482,0.8828736039432613,0.9285903450479804,0.8309539063919812,0.05474492695671757,0.05036745433725717,0
20,5,0.25278821719909467,0.8361142350451536,0.9868944987307968,0.7851039660381149,0.8276619051623578,0.9868944987307968,0.7737921397562642,0.01946834520760574,0.017838600340766387,1
20,5,0.4040811000346798,0.7881879867380167,0.8751159833219173,0.7292437906645615,0.7906342487926924,0.8667840663661867,0.7389985278005766,0.06270411865304659,0.04628503382199566,1
20,5,0.053055139071145556,0.8590066302858597,1.0,0.8511070965886646,0.8681192498455146,1.0,0.8607302752294107,0.04583346198002582,0.04242622800831534,1
20,5,0.2845788487268458,0.842996934342994,0.987993641620293,0.7853204231681064,0.8464136899880931,1.0,0.7853204231681064,0.045083274680745834,0.042105042189121096,1
20,5,0.32360732728405783,0.8302553095173341,0.9057177390310723,0.7941517322457955,0.8338497373487957,0.9057177390310723,0.7994658463343306,0.03388903084281288,0.03287628473965009,1
20,5,0.04488712372067221,0.8245697503304894,0.9350234200459975,0.8193787957731221,0.8219411096708099,0.9350234200459975,0.8166266177583944,0.025301144196261033,0.024422890715180872,1
20,5,0.15493183665344973,0.8215569387646242,1.0,0.7888418130334902,0.8238764175974678,1.0,0.7915865369900267,0.0521063856989619,0.05129403606355015,1
20,5,0.19019162448170251,0.7926966229247143,1.0,0.7440093442567739,0.7992289994538526,1.0,0.7520759149747632,0.0323572783869836,0.028832754992262198,1
20,5,0.14798052701423375,0.848544618568924,0.9782096395160994,0.826024126087885,0.848544618568924,0.9782096395160994,0.826024126087885,0.08185425943331573,0.07789716085898908,2
20,5,0.15109098366030077,0.8204541691011322,0.9648004810685473,0.7947630457379589,0.830030862124672,0.9648004810685473,0.8060442229185621,0.06481778873306394,0.06375719427966835,2
20,5,0.1276196074306738,0.8310948113286848,1.0,0.8063858494413688,0.8347057586303621,1.0,0.8105250384149337,0.07716812542261718,0.06879386574920587,2
20,5,0.4169063941308838,0.7848473031235564,0.8887339646666156,0.7105693260950547,0.8038388519941124,0.8887339646666156,0.7431396521617392,0.06613551393064161,0.04800656141295982,2
20,5,0.19370273756095668,0.8603357023418837,0.9844221377576998,0.8305255028609676,0.8745582189868497,0.9844221377576998,0.8481647995664321,0.07152091490380842,0.07440020744392832,2
20,5,0.16611972098347688,0.8376323695067933,1.0,0.805286640565834,0.8376962301095254,1.0,0.805363223025378,0.06545985193553451,0.06218269514312925,2
20,5,0.1811936658221559,0.8497134839959889,0.9163194399005986,0.8349742510269831,0.8617720930886507,0.9447945380732986,0.8434000550078863,0.038732122518547435,0.03946456405204461,2
20,5,0.04636730519334594,0.8199312358125347,1.0,0.8111759745989271,0.8263291934957498,1.0,0.8178850122798469,0.08302741025143369,0.08134946178348003,2
20,5,0.4507153103957607,0.8483026088561005,0.9427901348474812,0.7707709109738661,0.8471941161242738,0.9427901348474812,0.7687528450186226,0.05830643787380936,0.057122539598064015,3
20,5,0.31388902495074394,0.7858825530517085,0.8065720026216882,0.7764173333008918,0.7879768649352925,0.824138482030766,0.7714332806704798,0.05477562641411788,0.0501415996247638,3
20,5,0.11544227750243304,0.7394386853216883,0.955176914735623,0.7112830184675611,0.7485917666860288,0.955176914735623,0.7216306545025464,0.10359275468343762,0.10473673947973736,3
20,5,0.15751943491369053,0.8122411937599247,0.8844558260876116,0.7987391516379301,0.8123352774398499,0.8844558260876116,0.7988508262377062,0.048074257943091406,0.04589688578331505,3
20,5,0.044319296893383264,0.8384943638906993,1.0,0.8310046068898357,0.8353391205046484,1.0,0.8277030403982303,0.07493598936949561,0.07514342960649503,3
20,5,0.1976409095636123,0.7243386325310274,0.9218842731274572,0.6756782502244344,0.7270318804605735,0.9306136647322445,0.6768846465180349,0.060927056650029926,0.06176655185410899,3
20,5,0.018098052498515604,0.8167802584661294,1.0,0.81340322014832,0.8261795271935568,1.0,0.8229757327106427,0.07252075100001328,0.07055271289189519,3
20,5,0.07049887453753048,0.9063277652617094,1.0,0.8992231077808708,0.9051658444750718,1.0,0.8979730600350334,0.0975405489340255,0.09596174069428193,3
20,5,0.057170632598098674,0.7211777301678495,0.8351330848034468,0.7142677844897567,0.7305428636431082,0.8351330848034468,0.7242007944267145,0.08640391959654227,0.08629915329566294,4
20,5,0.05698690829723841,0.7797137370729957,1.0,0.7664016916994842,0.779857260777222,1.0,0.7665538886366097,0.0807716888628455,0.08337730715468686,4
20,5,0.2248589885629458,0.807017808639528,0.9269480975124215,0.772227489128469,0.808159895549461,0.9269480975124215,0.7737008815733039,0.034199293359001376,0.03307160340420059,4
20,5,0.4679799080144862,0.7967988097958926,0.869984766021894,0.7324223744346339,0.804042828615173,0.8646559095436257,0.7507258496802037,0.061595929793881884,0.042319809088328796,4
20,5,0.33755922081956646,0.8258147000834597,0.9628256655226752,0.7559981727938543,0.8323599368828987,0.9628256655226752,0.7658786587257994,0.030160819354469636,0.029311939970576305,4
20,5,0.24887644092100916,0.8578294173409159,0.9516686097847787,0.8267368441523356,0.862373530807978,0.9516686097847787,0.8327865990989571,0.036478776187731335,0.033935269943177165,4
20,5,0.3373673125885922,0.8602640643354473,0.9463686379233479,0.816425495630941,0.861209367093352,0.9463686379233479,0.8178520819975111,0.04979549548179427,0.04756482531012525,4
20,5,0.09820458717764956,0.7964479653751816,0.959859902240237,0.7786525745675171,0.8025631974723763,0.959859902240237,0.7854337491113704,0.030109006411866795,0.0288448211757781,4
20,5,0.30482034499518634,0.832633409142226,0.900206000127727,0.8030043767789639,0.836222796808942,0.900206000127727,0.8081676286677019,0.035724616651432464,0.03393494203602677,5
20,5,0.404840092999687,0.8165129684671611,0.9218970416464807,0.7448285396526727,0.8451698300888913,0.9261794407164088,0.7900654154356789,0.030702651141706217,0.02752554369420748,5
20,5,0.005748019655074307,0.7934206407937157,1.0,0.7922263537915027,0.7975961194985055,1.0,0.7964259719842082,0.07086124473212112,0.06990415780971962,5
20,5,0.17384592748233105,0.7796886484086001,0.9102288288959044,0.7522193427361514,0.7899582103199013,0.9102288288959044,0.764649907751712,0.055222426471934004,0.05355648452715815,5
20,5,0.26345488381827864,0.7972935252100923,0.9288901471895095,0.7502227185578202,0.8062602497420743,0.9288901471895095,0.7623967515328341,0.0296512800421273,0.030397107615479382,5
20,5,0.03485160479479687,0.7761071157485246,1.0,0.7680223213717586,0.7878379004840453,1.0,0.780176705913865,0.028235497204922803,0.028186500664996852,5
20,5,0.22179530149682122,0.8610167269683706,0.9676642878478829,0.8306212179658312,0.8626732418025104,0.9676642878478829,0.8327498543481683,0.02157888267503741,0.018883751324369164,5
20,5,0.04505653430200174,0.7856745814228231,0.9519923329121548,0.7778273090510147,0.7934722587511431,0.9519923329121548,0.7859928995895294,0.07607935411947839,0.07913067335509719,5
20,5,0.13397902095118022,0.8910860146401846,1.0,0.8742363199105876,0.8960049536012835,1.0,0.8799162503973774,0.06536429375014596,0.06466600659703152,6
20,5,0.3603311072673931,0.8518728641830894,0.971235942789111,0.7846345933063911,0.8518728641830894,0.971235942789111,0.7846345933063911,0.03251955408123795,0.030024275134872564,6
20,5,0.2123786216391048,0.868534956029221,0.9834715603194724,0.837542808957436,0.8715507392774215,0.9834715603194724,0.8413717848220538,0.04981518402254468,0.04056218441322757,6
20,5,0.33174752470264496,0.8163457430126474,0.9574721510216373,0.7462848928731474,0.8133365346628455,0.948401372415228,0.7462848928731474,0.042031499616334296,0.03822853055492645,6
20,5,0.28939464698261685,0.8548616487695948,0.9882601982162644,0.8005349736873041,0.8502843407398912,0.9882601982162644,0.7940935529883643,0.027782139138394186,0.027614456041377924,6
20,5,0.268430482688512,0.8155700144493089,0.9316688699426248,0.7729705470272877,0.8140433697327444,0.9316688699426248,0.7708837395805054,0.04294773909707803,0.042177871797983255,6
20,5,0.07988734330476156,0.81947472790508,0.9275662444806428,0.8100898509227124,0.81947472790508,0.9275662444806428,0.8100898509227124,0.0397063570624979,0.03907909737173871,6
20,5,0.07701721138530807,0.7553649858620821,0.9219587735266364,0.7414637635226083,0.7565134679084313,0.8461798469560841,0.7490313625490959,0.07414402266149189,0.0724043985936894,6
20,5,0.012547658101631111,0.7592127896369183,1.0,0.7561530818792022,0.7667822221588816,1.0,0.7638186999559299,0.04977035056949907,0.04870370918437421,7
20,5,0.1363557055634526,0.8429078912787266,0.9552634625293923,0.8251687325873991,0.8350016605348339,0.9552634625293923,0.8160142336868411,0.046640494223638376,0.04515758825350378,7
20,5,0.018542874364421324,0.8238270861338921,1.0,0.820498614494219,0.8273866556157013,1.0,0.8241254356653467,0.03205524216393083,0.03211173468153831,7
20,5,0.4166016353606699,0.8192809019396547,0.9566235080609424,0.7212052853749809,0.8192809019396547,0.9566235080609424,0.7212052853749809,0.04668163099648762,0.04587035876675625,7
20,5,0.03379654543726952,0.843180563222692,1.0,0.8376952224329617,0.8363990769222986,1.0,0.8306765285249976,0.030303343161652133,0.029856484203848926,7
20,5,0.16380690963443995,0.8208104211357865,0.9657270160849434,0.7924218349983555,0.8351186478432724,0.9657270160849434,0.8095329865641151,0.03130863294074497,0.03005169058247269,7
20,5,0.15517885558967684,0.7901439237481994,1.0,0.751597036082379,0.7915813599280788,1.0,0.7532985041261064,0.02447720243371685,0.02307950593236157,7
20,5,0.24352560246687907,0.8061018174954714,0.8835306292974489,0.7811757947459103,0.8123136138532093,0.8688589882671591,0.7941104249339579,0.03694755735592901,0.03498553985959047,7
20,5,0.03354330276703924,0.796635923956157,1.0,0.7895776638248874,0.7975549724665236,1.0,0.7905286102180346,0.09819457734859857,0.09802503106820486,8
20,5,0.02138594414793428,0.7790044532248294,0.8611189913465341,0.7772099797901768,0.7833623018368566,0.8611189913465341,0.7816630617645952,0.10916848128745966,0.10548307306805728,8
20,5,0.09995091592771004,0.7867338472877697,1.0,0.7630505308140492,0.7867338472877697,1.0,0.7630505308140492,0.06089997005277586,0.05993369443735592,8
20,5,0.21041380739885046,0.8728146354472619,0.9630266251346015,0.8487743870221891,0.8775808724619346,0.9744679124909068,0.851761815377183,0.05662379823189953,0.05243977756765023,8
20,5,0.02546167871232096,0.7657833551748396,0.8518333713298443,0.7635351338205127,0.7635162229106836,0.8518333713298443,0.7612087683871243,0.07974214738736428,0.07809018547163252,8
20,5,0.4729136372310348,0.8425462096758983,0.9457117279652466,0.7499838063635864,0.8364448147603678,0.9277565139530759,0.754517922248642,0.05573472055992427,0.05441935585957619,8
20,5,0.023779449138110947,0.7733310781963628,1.0,0.7678097212730105,0.783332846598641,1.0,0.7780551196037953,0.17110445342291,0.1702701276563314,8
20,5,0.03996851520253303,0.7202538541616145,1.0,0.7086073214594604,0.7196247725573707,1.0,0.707952049612437,0.0771529014918098,0.07644612308040505,8
20,5,0.20738416182390693,0.8258150773044997,0.9103486212503668,0.8036972778449802,0.8253079524788286,0.9103486212503668,0.8030574662221918,0.06674624300873658,0.0633921468182339,9
20,5,0.11822147491573003,0.8387217784349789,1.0,0.8170989460765015,0.8369487994427981,1.0,0.8150882609194645,0.05302136007245968,0.05429294006636967,9
20,5,0.2896972689337129,0.808935366480303,0.9102140362351572,0.7676288182354777,0.8196352424543338,0.9189114873863958,0.7791453840194112,0.05624427374719119,0.05325732527041297,9
20,5,0.22294820122137404,0.8136760667306719,0.9490857607809675,0.7748249273807576,0.8193130281160277,0.9671447472489848,0.7768978172948687,0.07476153500602287,0.07379723248595843,9
20,5,0.4053956979285218,0.7996423465080577,0.9454731883898115,0.7002162311600884,0.8147568087395789,0.9630789310321654,0.7136321615152563,0.06733196537575992,0.035730412794386865,9
20,5,0.13883910342581804,0.8363672508672891,1.0,0.809985857714087,0.8404515577771364,1.0,0.8147286495966439,0.051043082561611886,0.04862400569189575,9
20,5,0.27440035366695215,0.8465946789049036,0.929604961317748,0.8152026420327921,0.8526509059465731,0.929604961317748,0.8235491552543406,0.04499157196587507,0.04257673913574458,9
20,5,0.5951710961579806,0.8546545690577106,0.8624640324270048,0.8431732572496932,0.8546545690577106,0.8624640324270048,0.8431732572496932,0.07084278811716299,0.06939725294674061,9
20,5,0.11836948782915138,0.6581122026255968,0.9138139395416573,0.6237811725421994,0.6543725367749145,0.9138139395416573,0.6195394116241544,0.2330167066383918,0.228784931308219,10
20,5,0.3380440534445369,0.8820645554648153,0.9699535402461037,0.837181887935062,0.895504597101756,0.9814908829689271,0.8515935894789189,0.1498606667804958,0.09565173213132776,10
20,5,0.19039078722037406,0.8040649879655255,0.9571257950689988,0.7680706253804394,0.8112678733562858,0.9571257950689988,0.7769673687438585,0.029870079086968804,0.02974844234614652,10
20,5,0.04369423808096003,0.779004870995195,1.0,0.7689074584667049,0.7829206631819614,1.0,0.7730021657692193,0.05027531608446828,0.048703221936573,10
20,5,0.26428191724914646,0.8414617002968082,0.9617087565568575,0.7982669993413154,0.8447832512280528,0.9689893115443633,0.8001664115391011,0.0219579912625318,0.020983888798234398,10
20,5,0.0,0.7771799095176447,,0.7771799095176447,0.7771799095176447,,0.7771799095176447,0.08288349940522871,0.08203149768175336,10
20,5,0.041185109875776074,0.6801475655332913,0.8083914294114667,0.6746389551861652,0.6811985444671229,0.8083914294114667,0.6757350780610358,0.2840181407904039,0.2863505605991722,10
20,5,0.18271547166027663,0.763056638529404,0.9655721017631974,0.7177814533274632,0.7587128296955655,0.9655721017631974,0.7124665248255586,0.07229517339705027,0.06887367059135152,10
20,5,0.08347774066303537,0.7679800055468334,0.9640036558192276,0.7501259804268126,0.7679800055468334,0.9640036558192276,0.7501259804268126,0.047775280985220867,0.04268263687214367,11
20,5,0.07816336012031394,0.7956923930118563,0.979287750312581,0.7801251770776021,0.7911256746521004,0.979287750312581,0.7751712425492979,0.059630873821775184,0.058177339321663926,11
20,5,0.02660058324744379,0.5905347019396807,0.9272030080997884,0.5813343951070905,0.6029179710627426,0.9272030080997884,0.5940560681530584,0.2623110412366391,0.2565905322990425,11
20,5,0.03512741084441039,0.6703494437921528,0.7345405923982083,0.66801248358103,0.677281507934639,0.7345405923982083,0.6751969183140688,0.10977826187313218,0.10701894749932724,11
20,5,0.3867175043503785,0.8311543366226861,0.9295502209745212,0.7691088500731572,0.8311543366226861,0.9295502209745212,0.7691088500731572,0.04028634553651062,0.038430196151740106,11
20,5,0.3238762734253405,0.8128946942837002,0.9340504601389809,0.7548587514423001,0.8113225597931466,0.9340504601389809,0.7525335342834254,0.034303507182121745,0.03356355947984158,11
20,5,0.20387721928757446,0.7934264104702354,0.9575400566411584,0.7513989309920939,0.80156627410309,0.9575400566411584,0.7616233132482708,0.02635605952159888,0.024836818029791128,11
20,5,0.05806656130228859,0.8205773264479047,0.9731519692984968,0.8111716885458174,0.8195189727581417,0.9731519692984968,0.8100480914355732,0.06016748921659737,0.058731091603914785,11
20,5,0.14650366264367928,0.7959349385402238,0.9711692460240493,0.7658557609930433,0.7957997947938826,0.9508046706798616,0.7691930232695141,0.028236709597573812,0.029832125347497372,12
20,5,0.08558640380457501,0.7627893698192433,0.93590678642564,0.7465860924566513,0.7627893698192433,0.93590678642564,0.7465860924566513,0.04860541218525855,0.048359897181165276,12
20,5,0.07895297034581995,0.7595148015720232,1.0,0.7389001965314732,0.766601305873682,1.0,0.74659416228295,0.03987423879524689,0.03961537288051218,12
20,5,0.029172234839808044,0.753025437446125,0.9342205322614888,0.7475807375235773,0.7564122096254196,0.9342205322614888,0.751069278231656,0.06414760793267049,0.06405229111553844,12
20,5,0.28367444772992123,0.7727988459287072,0.9352704780034111,0.7084579183232189,0.7803398588859675,0.9306465439627702,0.7208164121177288,0.036754742024448894,0.03345234131641028,12
20,5,0.05275919996892851,0.7918735828817027,0.9482687025817366,0.7831627235161137,0.7961841338975618,0.9482687025817366,0.7877133626099088,0.028815031428733526,0.02861437390571992,12
20,5,0.021943963013211616,0.8098324805029863,1.0,0.8055658241393969,0.8032510132288455,1.0,0.7988366930617776,0.05488442016102973,0.054731807358388986,12
20,5,0.18041497213607646,0.8264930317088031,0.9908247901453054,0.7903187378754165,0.8267427367729613,1.0,0.7886036746198287,0.06358826282306833,0.07158594066611973,12
20,5,0.10976412530111265,0.835977598941813,0.9639045899531943,0.820204482321999,0.8474182534252993,1.0,0.8286052596719834,0.05051311093710682,0.04814624313796822,13
20,5,0.28986887677770495,0.8402828777940891,0.950244791549693,0.7953974539810474,0.8439911185640194,0.950244791549693,0.80061936391946,0.04196951987522248,0.04229175951041794,13
20,5,0.24620057945590354,0.8159891306113797,0.8776502124665285,0.7958498287376031,0.8188908299995726,0.8776502124665285,0.7996992604419926,0.0393382904742468,0.03877858593253175,13
20,5,0.3833372580130839,0.824017830261022,0.8966259840576216,0.7788822825934258,0.824017830261022,0.8966259840576216,0.7788822825934258,0.026254786887931782,0.02189001295660659,13
20,5,0.05645207502262761,0.7770381964967207,1.0,0.7636984856825092,0.7805400161052416,1.0,0.7674098176835891,0.04250225218404341,0.040519147040218265,13
20,5,0.09227414608789043,0.804597644357759,1.0,0.7847341740900102,0.8015664550593581,1.0,0.7813948516664644,0.05133054010665716,0.05143295223801134,13
20,5,0.312919436231068,0.8023296737254337,0.8884179177459289,0.7631222121764626,0.8089621299868002,0.8884179177459289,0.77277531053364,0.04908161416068023,0.048613156187071856,13
20,5,0.06113369900039991,0.780429000334158,1.0,0.7661317703787351,0.7905548484271375,1.0,0.7769169568128406,0.0436198734147315,0.04339687614799922,13
20,5,0.21950786001966663,0.8222437053271914,0.9681961223419139,0.7811956267079667,0.8294778969602385,0.9852482808600405,0.7856685850238636,0.11350544937230414,0.11364146601604487,14
20,5,0.3261537666079485,0.8339149053052743,0.9232475631866536,0.7906762828936844,0.8360596864430023,0.9233556478947084,0.793806861946511,0.049811941256984654,0.03972972288620017,14
20,5,0.35707430603391743,0.8375796206213516,0.9694962915266949,0.7643144608059859,0.8344102650106014,0.9767939268837175,0.7553318462585383,0.0398533643491064,0.03191392383218597,14
20,5,0.18632539327486805,0.7900109079999408,0.8721043610618551,0.7712121218505036,0.7889382165606984,0.8721043610618551,0.7698937921024982,0.0606542623998537,0.06011053331952803,14
20,5,0.2675379724432041,0.8073187243234153,0.9283243374112443,0.7631203970903299,0.8112019805204589,0.9156909872966302,0.7730364839298066,0.05160011497684001,0.05139883362263176,14
20,5,0.24994126659546625,0.6961728562138492,0.729328869534484,0.6851243134857344,0.700843534382792,0.729328869534484,0.6913513967272594,0.12676597605331413,0.11969518290004937,14
20,5,0.19886746817404555,0.8054927954669113,0.9720348328176993,0.7641515791303192,0.8027455662584185,0.9720348328176993,0.7607223971918062,0.0398132865930167,0.04072220336308902,14
20,5,0.005177680459673124,0.7447309810325394,1.0,0.7434024006564192,0.7447309810325394,1.0,0.7434024006564192,0.05770344278871107,0.057266312845382784,14
20,5,0.10350250095650633,0.8179521096220961,1.0,0.7969343020229979,0.8266944030754876,1.0,0.8066859114393307,0.030028416940855628,0.030140923466391877,15
20,5,0.29308373821327716,0.8484040520121603,0.9884280174821934,0.7903508575140181,0.847741731492107,0.9884280174821934,0.7894139424140894,0.037563901551548935,0.031613869690877545,15
20,5,0.300802960507936,0.8293744784473269,0.9922149226017095,0.7593185644124942,0.8470578723701492,0.9922149226017095,0.7846095666965834,0.02240980108022654,0.017035077079936057,15
20,5,0.052020813532448876,0.8536204252520507,1.0,0.8455877757259601,0.8576815500324797,1.0,0.8498717566808185,0.03483573888059915,0.03518549203101203,15
20,5,0.05972513762728937,0.8465306965988348,0.9573522050484649,0.8394914465783506,0.8576516625605652,0.9573522050484649,0.8513188030320449,0.026986710113275667,0.02536692849785731,15
20,5,0.2937137405371705,0.8752577708000929,0.9610278246397111,0.8395897353515925,0.8855267246262809,0.971030836417563,0.8499692829104721,0.04720782498885641,0.04060080713212738,15
20,5,0.16490545846890203,0.8374260799142337,1.0,0.805322736527895,0.8304474295237473,1.0,0.7969660175656427,0.037942416202639336,0.03192480724680787,15
20,5,0.16370207962689629,0.8605930989102023,1.0,0.8333047378288314,0.8627489389456435,1.0,0.8358825752034352,0.03970243014553218,0.03549826057187716,15
20,5,0.2739078199360902,0.8044268477962941,0.9484916954498046,0.7500804584071055,0.8097761550874523,0.9484916954498046,0.7574477148492387,0.0416269760419293,0.03695625599179017,16
20,5,0.243946999859683,0.8549970121347087,0.9874225832603108,0.8122687632225289,0.8599177021534461,0.9874225832603108,0.8187771561762295,0.025545525767761788,0.02621708063754089,16
20,5,0.07756428438790806,0.8770673830341001,0.9709077726861652,0.8691766839351228,0.8707753525802251,0.9709077726861652,0.8623555793883415,0.0328684419066516,0.034338846602077804,16
20,5,0.26784955133624283,0.8139924446007383,1.0,0.7459435342302352,0.8250207557589783,1.0,0.7610064371873634,0.05576609414651333,0.04608195644717358,16
20,5,0.0744619597749491,0.793994379572181,0.9696847441166492,0.7798596295251973,0.793994379572181,0.9696847441166492,0.7798596295251973,0.05278063444682522,0.05054208648226769,16
20,5,0.223539817759709,0.8311457815471963,1.0,0.7825333193962182,0.8530546368634275,1.0,0.810749647570341,0.03256161045814001,0.030375699355971467,16
20,5,0.1973260590526293,0.8670157295488099,0.8870074456273713,0.862101048323672,0.8725066911834156,0.8870074456273713,0.86894188537405,0.02173529439669436,0.021979162293694576,16
20,5,0.23672641599452451,0.7867589038105893,0.8896479190252377,0.7548482647849958,0.7909786583914052,0.8896479190252377,0.760376760293345,0.03837793077945264,0.03692606475929901,16
20,5,0.0717699588301767,0.7851666884341473,1.0,0.7685559591509188,0.7851666884341473,1.0,0.7685559591509188,0.021199479044067326,0.021009533459197108,17
20,5,0.14009961224301276,0.825054243060698,0.9846127111119944,0.7990581162739832,0.8265673018596521,0.9846127111119944,0.8008176907787709,0.10940219774070509,0.10629053902939889,17
20,5,0.697190029540659,0.909030397629584,0.9306447954773068,0.8592653827884343,0.907212166942828,0.9329057008360717,0.8480553445077503,0.037003696404714,0.03685842960599997,17
20,5,0.2280183762045313,0.8020153783094177,0.9459514763734385,0.759501315349715,0.8022375012371094,0.9459514763734385,0.7597890461982805,0.03689741275922398,0.0335138840991451,17
20,5,0.3847015897076887,0.7786172253918164,0.9086776429067147,0.6972998539520671,0.7752419463512538,0.9086776429067147,0.6918142570707764,0.05800307179833497,0.03938850009660849,17
20,5,0.34785996907988725,0.8429111176942815,0.9765359469276114,0.7716338969111498,0.8388279267703903,0.9765359469276114,0.7653726788746951,0.03787965775461779,0.03662077133937073,17
20,5,0.29524905526594747,0.8228001901008375,0.9547778848546356,0.7675093246065873,0.8291705227968312,0.9547778848546356,0.7765484507597242,0.03444582661799957,0.03210705613058869,17
20,5,0.34683547836947953,0.7967387943219454,0.9577444421855951,0.7112435338666238,0.8030045051395752,0.9577444421855951,0.720836386218721,0.022429045066124063,0.02281444692650971,17
20,5,0.3747124552980978,0.7824573101599785,0.8647467668606061,0.7331441827409146,0.7918888016176451,0.8770274609357274,0.7408682490028065,0.06446481193812637,0.06341881741231241,18
20,5,0.08619211223174418,0.8190549762852316,1.0,0.8019878946802693,0.8189903077498483,1.0,0.8019171264846244,0.07674441319707132,0.0785638712783833,18
20,5,0.17922608564387446,0.8467036258649127,0.9722873587826893,0.8192808721958273,0.8441638808826842,0.9722873587826893,0.8161865426395318,0.0251546819741333,0.025005981494267464,18
20,5,0.22060736957927102,0.897559977366147,0.97588968565008,0.8753887247394677,0.9055361337409674,0.97588968565008,0.8856225350983297,0.04562769377362504,0.04697573085450995,18
20,5,0.23437626229840458,0.8507898177632349,0.9616198527443163,0.8168620173697319,0.8548048380459297,0.9616198527443163,0.8221061341401287,0.03253122901134536,0.029366362530607776,18
20,5,0.09961452461342452,0.8513789306642514,1.0,0.8349361763394297,0.8624435615206414,1.0,0.8472249472701684,0.02771940471960615,0.026416966159999476,18
20,5,0.13043764121241055,0.8614146595289374,1.0,0.8406263345342031,0.8600650494335096,1.0,0.8390742778222385,0.04092011407258207,0.040104298750208545,18
20,5,0.4199854810295051,0.6721960580569082,0.7195006647392895,0.6379430396537223,0.6806381448398863,0.7252526393064206,0.6483330226290256,0.08723896598162895,0.08747463334765053,18
20,5,0.4936248693172857,0.7935778172342783,0.8747629759908228,0.7144368583809642,0.8165329115267446,0.9156275335390338,0.7199334403502826,0.037442763904991586,0.03367960803019929,19
20,5,0.18003780255067697,0.8327322745900583,0.9635219745446547,0.804014987074443,0.8327322745900583,0.9635219745446547,0.804014987074443,0.024394160151562785,0.024052620795757002,19
20,5,0.2068779851803256,0.8261049097404422,0.9586110769742859,0.7915419945910783,0.8234026070103422,0.9586110769742859,0.7881348230845424,0.06489707945601716,0.06330570926087337,19
20,5,0.015201160400221278,0.8254853409105339,1.0,0.8227915670977144,0.8423256148320662,1.0,0.8398917841617152,0.03769281520620143,0.03653592497104265,19
20,5,0.08020745898392644,0.8142030639379657,0.9714175464612362,0.8004936962312712,0.815775972060899,0.9714175464612362,0.8022037645921166,0.033821151788626366,0.03287173724160044,19
20,5,0.25279903896150624,0.8231590073171157,0.9762687338757826,0.7713576931487095,0.819526895477085,0.9762687338757826,0.7664967360174679,0.05205994950359701,0.04511016971596438,19
20,5,0.20838198268560132,0.8347738326740034,0.9409683871210366,0.8068196536102669,0.838777356544671,0.9528173800808921,0.8087579713232348,0.03737154610240151,0.03522927509178153,19
20,5,0.07747546145397592,0.7660540539128591,0.969712444339124,0.7489504137190521,0.774372069193116,0.969712444339124,0.7579669926095896,0.0804460614397607,0.08201216432247,19
