n_features,n_classes,K,ovr_union_fidelity_test,ovr_union_complexity,ovr_exact_fidelity_test,ovr_exact_complexity,ovr_union_half_fidelity_test,ovr_union_half_complexity,pairwise_lime_fidelity_test,pairwise_lime_complexity,pairwise_lime_brier_test,contrastive_fidelity_test,contrastive_complexity,contrastive_brier_test,logistic_fidelity_test,logistic_complexity,logistic_brier_test,seed
8,3,2,0.7205495606427119,4,0.7140344812731079,2,0.6598544950729399,2,0.7140425875991633,2,0.01823282516607208,0.7075015221243389,2,0.018168614869906934,0.6151055218335649,2,0.02549950877269108,0
8,3,4,0.7021388915720562,5,0.7033903004756286,4,0.7205495606427119,4,0.728974880029546,4,0.015462673271838884,0.7219029891606626,4,0.015754640545019342,0.6348681064727196,4,0.020351424065753285,0
8,3,2,0.7140344811448774,2,0.7140344811448774,2,0.7404750053343855,1,0.7201650960723576,2,0.023346455636470663,0.7201650960723576,2,0.023574535083053863,0.7190128795425956,2,0.024006754661974494,0
8,3,4,0.7340791240208724,5,0.7182066393489006,4,0.7140344811448774,2,0.7436122526655886,4,0.020784845185248667,0.742941531544657,4,0.020678620842087617,0.7436122526655886,4,0.02055815461603699,0
8,3,2,0.8031918926766816,2,0.8031918926766816,2,0.744890018064733,1,0.8131096865795095,2,0.027377402156181358,0.8065579508274818,2,0.02676606507006978,0.8131096865795095,2,0.025810501066403833,0
8,3,4,0.853767986121387,4,0.853767986121387,4,0.8031918926766816,2,0.8668755981507771,4,0.015641360462311626,0.8428512285671769,4,0.016248652501586937,0.8754320024758011,4,0.014406572418448966,0
8,3,2,0.842565147890712,2,0.842565147890712,2,0.8513412657952083,1,0.8485062867364018,2,0.017533056606392986,0.8485062867364018,2,0.01669294984382825,0.8485062867364018,2,0.01686225495366832,0
8,3,4,0.8557170411579824,4,0.8557170411579824,4,0.842565147890712,2,0.8502081732081819,4,0.012455661374883398,0.8502081732081819,4,0.011782669778131971,0.8380542000154506,4,0.01683632029402991,0
8,3,2,0.6885980729085682,2,0.6885980729085682,2,0.6583393110204054,1,0.6956632120906637,2,0.02051630208441744,0.6860114156809723,2,0.020643539714590396,0.6473053817457098,2,0.025129730005496516,0
8,3,4,0.7551996563355935,5,0.7494073061731062,4,0.6885980729085682,2,0.7222332134004606,4,0.018854901688901277,0.7574641177761627,4,0.018503479142975354,0.7195688676969031,4,0.01925733949092565,0
8,3,2,0.6479336600359455,4,0.6294316279324327,2,0.6540724176491294,2,0.6882420945906584,2,0.01993095969158805,0.6765714088074561,2,0.019866457380252625,0.6882420945906584,2,0.019894785012929416,0
8,3,4,0.6846484985320409,6,0.7301956589446937,4,0.6479336600359455,4,0.7534818735299348,4,0.016642472988305353,0.7534818735299348,4,0.01657755231947751,0.7486174840762931,4,0.016481968612060412,0
8,3,2,0.7454334959443921,2,0.7454334959443921,2,0.6231159220712071,1,0.7445035823022987,2,0.01772373850498254,0.7418775835605989,2,0.01739745565799327,0.6160510247143286,2,0.028757817643382536,0
8,3,4,0.7643174843389446,5,0.7785826182417368,4,0.7454334959443921,2,0.7855127841267355,4,0.015515992690263452,0.7855127841267355,4,0.015185707274280367,0.7463469857021636,4,0.017853821345670776,0
8,3,2,0.7964061243229743,2,0.7964061243229743,2,0.815428500639241,1,0.7910820896087911,2,0.016244397967790543,0.7909027663798901,2,0.01630610592285076,0.7825534789226206,2,0.0226037674368245,0
8,3,4,0.7891385642081508,5,0.7986864532417564,4,0.7964061243229743,2,0.7895327009758721,4,0.014858670359709234,0.7856716605958314,4,0.01355892527795999,0.793566781867622,4,0.016057147773629397,0
8,3,2,0.836027383770868,3,0.8285013851038173,2,0.8085838218980708,1,0.8325647377892792,2,0.02411855241270991,0.8235077111217293,2,0.023324583210693157,0.8295999988993575,2,0.022917763605204974,1
8,3,4,0.8488984294161784,5,0.851779467257997,4,0.836027383770868,3,0.8152843525017419,4,0.018532899695061167,0.8204715004867542,4,0.01848576531513582,0.8353274367394227,4,0.01713983100512577,1
8,3,2,0.8157184161489888,3,0.8399528824372076,2,0.7684184837274366,2,0.8668713181566999,2,0.018784417457633363,0.8548796110169143,2,0.017499794639510374,0.864328696587517,2,0.016874062916718034,1
8,3,4,0.8227809371477274,5,0.8412245746314103,4,0.8157184161489888,3,0.8676606108599696,4,0.014061351184719661,0.8648417168041683,4,0.012978774229491966,0.8709089242489698,4,0.013078967501563182,1
8,3,2,0.8498506074105409,3,0.8722108874786436,2,0.846914110404785,2,0.8536436466643572,2,0.022425074354592876,0.8510250112519369,2,0.021475040991993155,0.8793189065067168,2,0.02019729282159414,1
8,3,4,0.8598760565361099,5,0.8476822748852452,4,0.8498506074105409,3,0.8742773331930923,4,0.019167101322598728,0.8700802111078373,4,0.0171386681320317,0.8641770629226596,4,0.017145843394369958,1
8,3,2,0.8467868234031999,3,0.8258364895141825,2,0.7765957584648294,1,0.8316555424423492,2,0.024910246871910503,0.8290787105195928,2,0.023776793314259706,0.8302065560816893,2,0.024086048253076617,1
8,3,4,0.8635617034137876,5,0.8593752170862284,4,0.8467868234031999,3,0.8710331909285806,4,0.017223532458605993,0.8565247593118522,4,0.016022971007337933,0.8710331909285806,4,0.01635980775201972,1
8,3,2,0.8487162258756583,3,0.8444430267967332,2,0.8478463237982057,1,0.8649013706898085,2,0.01990269975839305,0.853200999084833,2,0.019768162508359204,0.8882084217241131,2,0.016773512990864745,1
8,3,4,0.8544620971258408,5,0.8550961878127262,4,0.8487162258756583,3,0.8892248062655395,4,0.016357159782779122,0.8584637960319913,4,0.01613524969371513,0.8934220502207496,4,0.015048929585291153,1
8,3,2,0.8036866726982148,3,0.8187773935377468,2,0.7925991790216417,1,0.8181441525385648,2,0.021814476838581533,0.8255325319776737,2,0.02156145522100411,0.8181441525385648,2,0.020862030571736852,1
8,3,4,0.8204578124966306,5,0.822092023620604,4,0.8036866726982148,3,0.829294258513346,4,0.01742415455345949,0.832900343654964,4,0.017121568542707147,0.8400804182492572,4,0.017130824270391885,1
8,3,2,0.816427245904577,2,0.816427245904577,2,0.7846977801092619,1,0.8054227235019454,2,0.021903267453435637,0.8091308132591426,2,0.020851496956563048,0.8054227235019454,2,0.02116999103125649,1
8,3,4,0.8475815321815491,6,0.8395436574214126,4,0.816427245904577,2,0.8075756692910151,4,0.01751859828614886,0.7859468701841973,4,0.01629194807286786,0.8078081445162074,4,0.0167634910360345,1
8,3,2,0.8714085199142655,2,0.8714085199142655,2,0.8756725055087832,1,0.9053259976910092,2,0.017794734100288385,0.8944721101143894,2,0.015514313964951107,0.9053259976910092,2,0.015974447504583742,1
8,3,4,0.8813781714012399,5,0.8726270199973009,4,0.8714085199142655,2,0.8776296476847079,4,0.016727191778626513,0.8757405307210129,4,0.014659705341513066,0.8929449718216518,4,0.01563701244687038,1
8,3,2,0.8526850503574204,3,0.8960784959363697,2,0.8101091727217685,2,0.8646041993880451,2,0.020848404503779727,0.8659425182917059,2,0.019884323805420684,0.8506486073786628,2,0.024604597014520453,2
8,3,4,0.8693390832048652,5,0.8709731618786656,4,0.8526850503574204,3,0.8688812856122583,4,0.01938778802801655,0.8558228225335344,4,0.01860040727784528,0.8542640269229852,4,0.019664480666432418,2
8,3,2,0.704055369163633,2,0.704055369163633,2,0.615741443759572,2,0.7621090279073609,2,0.020816692655708395,0.7617484260907232,2,0.020849588692940933,0.7088415499393039,2,0.02338802597738386,2
8,3,4,0.7523341288594602,5,0.7413793037366313,4,0.704055369163633,2,0.7666902760198315,4,0.018776069496623103,0.76321422882962,4,0.019433740053090433,0.7185924202614462,4,0.021769659593365548,2
8,3,2,0.8326497190986291,3,0.8261733606438506,2,0.8109284332378536,2,0.8328049832771938,2,0.014972564161171644,0.8334311650506562,2,0.0145121640338534,0.833561955694764,2,0.01448693783025547,2
8,3,4,0.8137339530489799,6,0.8290293028539554,4,0.8326497190986291,3,0.8126545838641603,4,0.014271864081244241,0.8134283721552643,4,0.013988497131065737,0.8154263908185052,4,0.013945604229998958,2
8,3,2,0.8205307098163852,3,0.7616289253687266,2,0.7398361628358969,1,0.8017050334606881,2,0.020321060050924905,0.798057353296403,2,0.020199018677306172,0.7783639939886531,2,0.026246461756416404,2
8,3,4,0.8414272452117025,5,0.8306528130065969,4,0.8205307098163852,3,0.8260047242309075,4,0.016931693536008995,0.8222465753158793,4,0.01699346867138663,0.8306274398559201,4,0.016600181073023496,2
8,3,2,0.7164152988933469,2,0.7164152988933469,2,0.6527616697354672,1,0.7127168443483888,2,0.0242542956823048,0.7164152988933469,2,0.02449418434373936,0.6027507345170854,2,0.03499575480437264,2
8,3,4,0.768796702017333,5,0.7910193077447306,4,0.7164152988933469,2,0.7543734640998722,4,0.018912315294283867,0.7546742589834262,4,0.018655847746142658,0.7806668951248373,4,0.017620300412619378,2
8,3,2,0.8465356403638232,3,0.8158133954946974,2,0.8316768798028177,1,0.8315736009735463,2,0.022889257411472904,0.8273289812538704,2,0.02211871475827938,0.8315736009735463,2,0.021638623995316197,2
8,3,4,0.9019767154782422,6,0.8715824666318123,4,0.8465356403638232,3,0.880907825518532,4,0.014131880099854189,0.8498880718653695,4,0.017809112639673504,0.856640545617246,4,0.017077887621741006,2
8,3,2,0.7747139964703798,2,0.7747139964703798,2,0.7589590345284513,2,0.7722371644430986,2,0.02274173103623631,0.7697363812117665,2,0.02213342992406887,0.7723039373238116,2,0.022453716828777566,2
8,3,4,0.811453471231761,4,0.811453471231761,4,0.7747139964703798,2,0.8204818949368706,4,0.016458461382042572,0.8199906434380686,4,0.016253518108455243,0.816936987590259,4,0.016560878255282407,2
8,3,2,0.8225038341589406,3,0.7996051981238634,2,0.8017281770424548,1,0.8091099650617092,2,0.023316348964770812,0.8054632634589456,2,0.021983639830226123,0.8006850267745009,2,0.02594947326915389,2
8,3,4,0.849625272372705,5,0.8444639042320459,4,0.8225038341589406,3,0.8448433914967257,4,0.01641160674903681,0.841196689893962,4,0.01564849100311843,0.8368076306818438,4,0.01582089869533481,2
8,3,2,0.6846827193779327,3,0.665225408719139,2,0.643869474705696,2,0.648250395742714,2,0.024638220809442876,0.6459612726810844,2,0.025796221167526567,0.648250395742714,2,0.02448390506143922,3
8,3,4,0.7430697644238408,6,0.73083356696894,4,0.6846827193779327,3,0.6997208833401615,4,0.020086267530651018,0.6920642243800144,4,0.020951075539550574,0.6997208833401615,4,0.019958299546229522,3
8,3,2,0.7240551365701541,4,0.6661276041181992,2,0.6457265910982796,2,0.6848726826794546,2,0.01958012099918047,0.6887753779502048,2,0.019701661176502308,0.6363757335115957,2,0.02205534100232935,3
8,3,4,0.7991788053847453,5,0.7614525410456733,4,0.7240551365701541,4,0.7486764088667888,4,0.015782394380532496,0.7418110227653435,4,0.016403060674094014,0.7486764088667888,4,0.015760104562707412,3
8,3,2,0.7762097036266646,3,0.792254763123581,2,0.7654893037317876,2,0.8632900782591435,2,0.0123681789550195,0.862259640212534,2,0.012304769776585886,0.8632900782591435,2,0.011800104556049256,3
8,3,4,0.8034902532670788,6,0.8346142516755662,4,0.7762097036266646,3,0.8498694295202802,4,0.011225807471376805,0.8597120823337348,4,0.011562702380284774,0.8469161045932027,4,0.010826366049606505,3
8,3,2,0.7986382879857594,3,0.7638442648304264,2,0.7475136455439383,2,0.7696350413342712,2,0.019138413016280564,0.7612651138102701,2,0.019370840042925944,0.7053043815010768,2,0.024514499098892622,3
8,3,4,0.8081670156733057,6,0.8148020433680198,4,0.7986382879857594,3,0.805506327534121,4,0.014393504063296043,0.8027406959806292,4,0.014700068804926908,0.7721414036890694,4,0.015558859837937488,3
8,3,2,0.7893218450220232,3,0.7817012863676299,2,0.7856969969603198,2,0.7357660548175532,2,0.032155548749542406,0.7487608316236126,2,0.03187011884574601,0.788838324505169,2,0.034207796382944695,3
8,3,4,0.8367470555065708,5,0.8222304558786074,4,0.7893218450220232,3,0.8160686909010978,4,0.022010570992766994,0.8075723362134954,4,0.01990436975521467,0.812848184551847,4,0.02092505956907519,3
8,3,2,0.8086397965355727,4,0.8135753900088688,2,0.7655155981521196,2,0.78443109024239,2,0.015228842174389282,0.7737186905310838,2,0.014923464681426997,0.8144481169643863,2,0.014438277574476247,3
8,3,4,0.818002591240756,4,0.818002591240756,4,0.8086397965355727,4,0.8272199070685056,4,0.010918137586827862,0.8276832935530959,4,0.010899496177815474,0.8229381566483862,4,0.010844753781813314,3
8,3,2,0.7455784262208317,4,0.7196196416453406,2,0.6468644960412172,2,0.7380992298891609,2,0.02080712047700946,0.728775471679855,2,0.020815818421490564,0.7380992298891609,2,0.020745959927935556,3
8,3,4,0.7863942436542634,6,0.7849820492468736,4,0.7455784262208317,4,0.803936370074702,4,0.015362190645555959,0.8057260956392654,4,0.01527106515865532,0.7855509577632223,4,0.016914967479655554,3
8,3,2,0.7928735035631331,4,0.76195483624991,2,0.708366933050784,2,0.7491532004923684,2,0.021518508624435283,0.751471769148458,2,0.022440628675838264,0.751471769148458,2,0.021405024752122866,3
8,3,4,0.800421803440369,6,0.795167517823005,4,0.7928735035631331,4,0.808308738297881,4,0.014729317361686782,0.8132679748697457,4,0.015258279003917283,0.808308738297881,4,0.014520748615441621,3
8,3,2,0.8162326377218746,3,0.7875825238999461,2,0.8042188882763477,1,0.7874597078659018,2,0.023963514293102287,0.7914238049798604,2,0.023368900130583632,0.7874597078659018,2,0.023851109156066808,4
8,3,4,0.8358547583251924,5,0.8237115662133772,4,0.8162326377218746,3,0.8187370277971308,4,0.017211500846943322,0.8169351113034011,4,0.01695843566435269,0.8253789339319172,4,0.017737428666983617,4
8,3,2,0.7663808732574285,3,0.7437937100796786,2,0.7744092617616244,1,0.7451933150853595,2,0.023349856334453137,0.7401585839509494,2,0.023138640900939957,0.7451933150853595,2,0.02302936457932919,4
8,3,4,0.7773173759300934,5,0.7978036104287811,4,0.7663808732574285,3,0.7945575072069502,4,0.017691681272232328,0.7960771817742749,4,0.01732041080411108,0.7662056931005369,4,0.02155950196745426,4
8,3,2,0.8292383841096775,3,0.8167406738316323,2,0.8077380139920523,1,0.8150279741284826,2,0.01979749076137084,0.8135362030326586,2,0.01982653971503338,0.69180306682983,2,0.041660175756453505,4
8,3,4,0.840095603976778,6,0.8373491379066729,4,0.8292383841096775,3,0.8311490509240569,4,0.015969188147512515,0.8452796395532243,4,0.01663992084754524,0.8246487456042144,4,0.018021739167823014,4
8,3,2,0.7969708818022156,2,0.7969708818022156,2,0.7731993497137667,1,0.8000970977822641,2,0.02564698760081902,0.7903856826228978,2,0.025381438356186205,0.8000970977822641,2,0.024974862643192115,4
8,3,4,0.7788852300860086,5,0.7921272468707768,4,0.7969708818022156,2,0.7921952833788698,4,0.020334400312123888,0.7923611607629054,4,0.02015527277013486,0.78477138179349,4,0.023484947075581852,4
8,3,2,0.7703508046088747,3,0.7301944178750814,2,0.726519304092438,2,0.7314729750826665,2,0.028584503764624344,0.7100443922676812,2,0.03313434369142185,0.7107408962431117,2,0.03196229308521217,4
8,3,4,0.8353447301254552,6,0.8013284557125108,4,0.7703508046088747,3,0.7690621865579589,4,0.02246635179225876,0.7701539699554597,4,0.023354260138463735,0.7690621865579589,4,0.022156817236584053,4
8,3,2,0.82082627527551,3,0.8257319900860653,2,0.7962669083105955,1,0.8767019730059094,2,0.02806954308251789,0.830282868741834,2,0.02758825363910413,0.8724240063284134,2,0.025864517084756018,4
8,3,4,0.8263557911966929,6,0.8212680769246699,4,0.82082627527551,3,0.8452523546155565,4,0.02335840971922947,0.8150219178824354,4,0.02579628174518497,0.8364910454417047,4,0.02299382669986874,4
8,3,2,0.7085941057232618,4,0.6167381282995741,2,0.5663433376367748,2,0.62747298376206,2,0.03099128349355672,0.6209396271464553,2,0.0329519127499273,0.6700657498295682,2,0.029098700767564108,4
8,3,4,0.7721446998884366,5,0.7689763993885604,4,0.7085941057232618,4,0.7716833552105601,4,0.019476215618227925,0.764149456948914,4,0.02033004155106956,0.7683509557957954,4,0.01942782164818351,4
8,3,2,0.7850030398818679,3,0.7735541158964132,2,0.7629737588416944,2,0.7753977553121417,2,0.024754253482767517,0.7758149161049278,2,0.02468314756338864,0.7753977553121417,2,0.024415151431704567,4
8,3,4,0.8142593643713127,5,0.8147218894072228,4,0.7850030398818679,3,0.8187358874980513,4,0.017208477825579528,0.8144724255664446,4,0.017421115475297653,0.8075405719811369,4,0.01891645698994444,4
8,3,2,0.7746015236435349,3,0.7655317168665239,2,0.7168085865944013,2,0.7723700754505008,2,0.03490185087931756,0.7482791560011465,2,0.035619978470832536,0.6777516229400763,2,0.04085045598372415,5
8,3,4,0.7996476910369285,7,0.762032691488698,4,0.7746015236435349,3,0.7670934084816671,4,0.03336904466207016,0.7618496420493978,4,0.03419369666548417,0.7713937110378011,4,0.03295867281648287,5
8,3,2,0.7703605735772533,2,0.7703605735772533,2,0.6803771313542163,1,0.7735765371315595,2,0.01993662649076995,0.7772547980480368,2,0.01987744563697947,0.7143248611526459,2,0.032033995029613134,5
8,3,4,0.8151443772618644,4,0.8151443772618644,4,0.7703605735772533,2,0.8234400088187185,4,0.01761306055029576,0.8151919836630026,4,0.017628245152654338,0.7523933974761722,4,0.025159638954482828,5
8,3,2,0.7424830818382623,3,0.7634855153060395,2,0.7604299925906344,2,0.7480750992721662,2,0.024429807100066096,0.7480750992721662,2,0.023890758413877656,0.7290360016039162,2,0.02929434115228682,5
8,3,4,0.7370084809424953,6,0.7348701837484896,4,0.7424830818382623,3,0.7612934719493711,4,0.02381019260089856,0.7600942577040698,4,0.02355884532901657,0.7401073738105559,4,0.023793980432826236,5
8,3,2,0.7429902965261004,3,0.7659784933918558,2,0.7161230385587971,2,0.7500886017073057,2,0.02581973544798286,0.7452116431183053,2,0.02565200031862458,0.7500886017073057,2,0.025521001347004264,5
8,3,4,0.8027346354170377,6,0.7798494298153882,4,0.7429902965261004,3,0.7594769086563381,4,0.024217315323699293,0.7621022953722578,4,0.023957625268973794,0.7677233356064227,4,0.025172706307338442,5
8,3,2,0.7262695993077213,3,0.7318041670656077,2,0.6879657196276318,2,0.7289452795767185,2,0.027912547844724557,0.7290870871708507,2,0.02764576932615232,0.6936175274195504,2,0.02974930905287264,5
8,3,4,0.7761455180877724,5,0.7635464494518032,4,0.7262695993077213,3,0.771167523439604,4,0.02498615691170725,0.7661081602652282,4,0.02474576100799115,0.7437453195889895,4,0.026885609083266173,5
8,3,2,0.7546264044827962,3,0.7281960503149527,2,0.7082638785932767,2,0.7101838346751851,2,0.035966105671797,0.6953940367444795,2,0.03842630367822072,0.7281213244095571,2,0.036243532214617034,5
8,3,4,0.7586500056552773,6,0.7578149040101118,4,0.7546264044827962,3,0.7581044679949176,4,0.02997272053736111,0.7543520254872259,4,0.03232163249182924,0.7581044679949176,4,0.029745533586125514,5
8,3,2,0.8709364900061081,2,0.8709364900061081,2,0.8685637750999016,1,0.8684218922739991,2,0.028011884927282956,0.8637604983890123,2,0.023496940473966922,0.8703013358077932,2,0.03409478325257803,5
8,3,4,0.8899683575104241,5,0.882806261970542,4,0.8709364900061081,2,0.886118066678157,4,0.024089200001969544,0.8629583603531634,4,0.0200175132979174,0.886118066678157,4,0.02088184663933725,5
8,3,2,0.9680062277547211,3,0.9680062277547211,2,0.9680062277547211,1,0.9680062277547211,2,0.016944685387801646,0.9693229289741878,2,0.024291854077704213,0.9680062277547211,2,0.0166751615557903,5
8,3,4,0.9680062277547211,6,0.9696744078578493,4,0.9680062277547211,3,0.9680062277547211,4,0.015174869535517936,0.9706872393006619,4,0.021785388147876103,0.9680062277547211,4,0.014514226219573068,5
8,3,2,0.6074787782570452,3,0.633161039417376,2,0.6306278370152166,2,0.6136433829019688,2,0.01831775801624832,0.6070767715725461,2,0.01872637414118466,0.6848074428218927,2,0.014479431638012852,6
8,3,4,0.6292194263376027,7,0.6763356769747431,4,0.6074787782570452,3,0.6364993664957014,4,0.015448118100152517,0.6300777798024311,4,0.015958258711052616,0.6415702829730201,4,0.015462748065033866,6
8,3,2,0.7541391063680045,2,0.7541391063680045,2,0.6448196023230325,1,0.7549154649865887,2,0.026448717538401237,0.740626649725872,2,0.02592228075671108,0.7510068009295944,2,0.025722105406470276,6
8,3,4,0.7825726734660255,4,0.7825726734660255,4,0.7541391063680045,2,0.7876983341265825,4,0.02196616451844598,0.8012258087765004,4,0.023176177897235327,0.7919670995883874,4,0.02098317217708661,6
8,3,2,0.6814807725770382,3,0.6462643351628373,2,0.6984747219132967,1,0.6457545110172183,2,0.015723838839235435,0.6457545110172183,2,0.016168592972695017,0.6457545110172183,2,0.015631900206918698,6
8,3,4,0.7582465640826943,4,0.7582465640826943,4,0.6814807725770382,3,0.760395321687581,4,0.009425603315797271,0.7547494527041313,4,0.009683739747532944,0.7547494527041313,4,0.00932629601478264,6
8,3,2,0.7008179554739098,2,0.7008179554739098,2,0.6958466592988555,1,0.7008179554739098,2,0.012502461154643141,0.7008179554739098,2,0.012612338764029889,0.6958466592988555,2,0.01434935879896709,6
8,3,4,0.764118963908603,5,0.7668360518826581,4,0.7008179554739098,2,0.7450163300504842,4,0.011310629312699433,0.7419307274616311,4,0.01155307396445875,0.7123882261778842,4,0.01116413485910958,6
8,3,2,0.8115667532669305,3,0.8281132344324875,2,0.8390527567016348,2,0.832721015053403,2,0.015281170632425674,0.8365510909566327,2,0.014796197268472578,0.830743502433702,2,0.014627588317953546,6
8,3,4,0.8313665122633124,4,0.8313665122633124,4,0.8115667532669305,3,0.8087415361985841,4,0.011890407066470885,0.809563774048369,4,0.011456695770927821,0.8087415361985841,4,0.011238730675073633,6
8,3,2,0.6962885158400562,4,0.6024955403992148,2,0.6284848785148216,2,0.6076757336443813,2,0.022584003003941075,0.5968642466139616,2,0.023054307010521028,0.5737527110066651,2,0.02391381333454015,6
8,3,4,0.712674770183431,6,0.6356687294381682,4,0.6962885158400562,4,0.6524044322898663,4,0.017583747819285424,0.6434438229873725,4,0.0178309988150692,0.6326034365268995,4,0.021688969396613075,6
8,3,2,0.7041192047965283,2,0.7041192047965283,2,0.6569909898154791,1,0.6915237414896394,2,0.022827043063546305,0.6854117996357098,2,0.02297079064426081,0.6915237414896394,2,0.022730175379891675,6
8,3,4,0.7233781840376462,6,0.7372880957667803,4,0.7041192047965283,2,0.717003287829386,4,0.019002763395288707,0.7237075456066628,4,0.019710241144230128,0.6902989285338009,4,0.022620070205724048,6
8,3,2,0.7015817128859585,2,0.7015817128859585,2,0.698214987050103,1,0.6990575241750934,2,0.012719474196226863,0.7011668773155331,2,0.012659268534115128,0.6898266254658146,2,0.01482500589554892,6
8,3,4,0.7655639087345922,6,0.7230502676584144,4,0.7015817128859585,2,0.7409496481968704,4,0.010656531220556332,0.7448486650123729,4,0.010556278129644788,0.729535453731892,4,0.011445670588556642,6
8,3,2,0.9206802425264485,3,0.9206802425264485,2,0.9206802425264485,2,0.9206802425264485,2,0.015226561924099952,0.9206802425264485,2,0.015457626199661493,0.9206802425264485,2,0.016052479862051345,7
8,3,4,0.9206802425264485,5,0.9206802425264485,4,0.9206802425264485,3,0.9206802425264485,4,0.015033193248575945,0.9206802425264485,4,0.015260522584078905,0.9206802425264485,4,0.014914035970188219,7
8,3,2,0.9522996479102706,3,0.9534237827119719,2,0.9522996479102706,2,0.9534237827119719,2,0.012156146514463437,0.9534237827119719,2,0.011829633375043624,0.9534237827119719,2,0.012174174921722012,7
8,3,4,0.9534237827119719,5,0.9534237827119719,4,0.9522996479102706,3,0.9534237827119719,4,0.011868905955589036,0.9534237827119719,4,0.0114812483727107,0.9534237827119719,4,0.011862744984927426,7
8,3,2,0.7718775109022958,3,0.7734938895785605,2,0.7520005811115138,2,0.7748671345015603,2,0.01909408390794023,0.7723716458043625,2,0.01899811836498281,0.7776122326455014,2,0.018993590828120056,7
8,3,4,0.762518467265597,5,0.7769680839477675,4,0.7718775109022958,3,0.7923514875025421,4,0.018488093101890164,0.7925075652795467,4,0.017251756763743385,0.7923514875025421,4,0.018345654959232724,7
8,3,2,0.8252906938283496,3,0.8340714146515258,2,0.830324991963818,2,0.8416717075170196,2,0.01832462087637898,0.8347759232265148,2,0.021563232532222743,0.8370230493466104,2,0.0206567097548171,7
8,3,4,0.8346558535384209,5,0.8279162956981664,4,0.8252906938283496,3,0.8442644667047865,4,0.018147773965491693,0.8426840516107363,4,0.018461029004544254,0.8521778797625746,4,0.017870940330115593,7
8,3,2,0.8168180642007166,3,0.829750029654051,2,0.8028314952140136,1,0.829146301456375,2,0.023187543761879006,0.8325394600808016,2,0.02261097317312201,0.8081787071063536,2,0.024184056677962442,7
8,3,4,0.8262506773902426,5,0.8174442602239226,4,0.8168180642007166,3,0.8295662901599696,4,0.021773468135618392,0.8316595676301342,4,0.02192327588400592,0.8228577346150396,4,0.02161973213234961,7
8,3,2,0.8027039539323966,2,0.8027039539323966,2,0.7549695982767839,1,0.7941076224421634,2,0.019940764323324395,0.7952132387424989,2,0.01942805082512112,0.7461854121354781,2,0.02492840966120428,7
8,3,4,0.8055674506507341,4,0.8055674506507341,4,0.8027039539323966,2,0.7955539469104664,4,0.017831080737361216,0.8105539923314969,4,0.017216502177122003,0.7555075913286513,4,0.023293519763148904,7
8,3,2,0.9295192799837705,3,0.9295192799837705,2,0.9295192799837705,2,0.9295192799837705,2,0.014367904621955087,0.9295192799837705,2,0.014452003223003471,0.9295192799837705,2,0.014337078119397731,7
8,3,4,0.9295192799837705,4,0.9295192799837705,4,0.9295192799837705,3,0.9295192799837705,4,0.01445018497380952,0.9295192799837705,4,0.014538077426205238,0.9295192799837705,4,0.014210967696715798,7
8,3,2,0.7747088835075437,3,0.7369542003596766,2,0.7424514908610375,1,0.797545361883703,2,0.022786086372517077,0.7588106417492744,2,0.023216984550763247,0.7556397191463153,2,0.02315883782295219,7
8,3,4,0.8061246405870321,5,0.8164095809415158,4,0.7747088835075437,3,0.8186336178420033,4,0.021234060852850397,0.8235019631461189,4,0.020947262611974993,0.8230591772141143,4,0.020711563021712277,7
8,3,2,0.7897432726493302,3,0.7861937334852614,2,0.7918506782614126,1,0.7793167017486672,2,0.027047825504099312,0.7835239698885934,2,0.028109628217831084,0.7939369456261882,2,0.027368738709650474,8
8,3,4,0.7905035964753447,5,0.7918008127660745,4,0.7897432726493302,3,0.7880148484111673,4,0.02100360971477036,0.7877615451529533,4,0.026821311493235963,0.780952148467447,4,0.025491331975483353,8
8,3,2,0.8025811417756709,3,0.7899934856554494,2,0.8006878566255308,2,0.7854046207704484,2,0.02268947608889936,0.7807211925250297,2,0.02300149352818523,0.8009546566869987,2,0.026825143616817905,8
8,3,4,0.8071548675367511,5,0.8066793594115981,4,0.8025811417756709,3,0.804483575820375,4,0.017990121885888825,0.7976456935864982,4,0.019093199141833606,0.8094252970602832,4,0.022913905613227526,8
8,3,2,0.7958617186576372,3,0.8007681778606069,2,0.8064106726127165,2,0.8008493733144284,2,0.025724893584117746,0.7903664758290692,2,0.02662590064367852,0.7903426194000731,2,0.025779512835619176,8
8,3,4,0.812117460101873,6,0.8181952103406482,4,0.7958617186576372,3,0.8207129913093821,4,0.02098135507376385,0.7927669600824214,4,0.02604006553927599,0.8207129913093821,4,0.020784265006090288,8
8,3,2,0.8293472064728891,2,0.8293472064728891,2,0.795459396523475,1,0.8136978783676497,2,0.023818995889148774,0.8293472064728891,2,0.02504870506117641,0.8194649384872107,2,0.02341444337884441,8
8,3,4,0.8300219132070603,5,0.8260104818041227,4,0.8293472064728891,2,0.822546893381654,4,0.022486518374577037,0.8111120249585623,4,0.024576659341802493,0.8206394055045972,4,0.02197454569847323,8
8,3,2,0.7298392449428268,2,0.7298392449428268,2,0.7016201761651965,2,0.7697473940178159,2,0.02451005752484959,0.7663136964738211,2,0.025684497581824846,0.7725483724358198,2,0.024528492774405008,8
8,3,4,0.7545529234059118,5,0.7910562299524571,4,0.7298392449428268,2,0.793831687211182,4,0.021302716187139966,0.7929139184718844,4,0.023351462753646062,0.7957237266011424,4,0.021346562949409443,8
8,3,2,0.8561932708100466,3,0.8561932708100466,2,0.8561932708100466,1,0.8561932708100466,2,0.023210875078191005,0.8479864974069851,2,0.026407685211627625,0.8561932708100466,2,0.024809797793948856,8
8,3,4,0.8522699202520246,6,0.8635447772200905,4,0.8561932708100466,3,0.8510443562203932,4,0.018631202567743695,0.855800363723516,4,0.020716170691089716,0.8478541248071791,4,0.02079060078533012,8
8,3,2,0.9025782972922028,2,0.9025782972922028,2,0.9303575346461773,1,0.9105391154121747,2,0.016451986965918118,0.8902678979327897,2,0.015216375397106742,0.9105391154121747,2,0.015296384467785747,8
8,3,4,0.8922954440342131,4,0.8922954440342131,4,0.9025782972922028,2,0.8923202084617933,4,0.014662194591885442,0.8681737576506551,4,0.01439596125001729,0.8925427091867048,4,0.014337121147458732,8
8,3,2,0.8082470235166958,2,0.8082470235166958,2,0.8080006641218497,1,0.8082542970715795,2,0.023136359168654214,0.8110842068036428,2,0.026247665210305176,0.8065614034912452,2,0.02326742864421568,8
8,3,4,0.8197738083667027,5,0.847288593524423,4,0.8082470235166958,2,0.8480679956348648,4,0.017629303603707114,0.8189586095464088,4,0.02518989062905136,0.8236851552964848,4,0.02111843078058334,8
8,3,2,0.8416813993208636,3,0.8077074714486266,2,0.798012321799251,1,0.8426993820193158,2,0.023595521636221334,0.823889597754074,2,0.024185269765023183,0.8368932923124358,2,0.023222569081161663,9
8,3,4,0.8607391195718529,4,0.8607391195718529,4,0.8416813993208636,3,0.8566679613659113,4,0.01611323015202311,0.8634525790962281,4,0.016513743542806405,0.8608228809594823,4,0.015635675504042722,9
8,3,2,0.6388256080722924,4,0.6643428490669736,2,0.6330555722221466,2,0.6675892545842047,2,0.019455922455238018,0.6672249153280825,2,0.019422860600275572,0.6567329724782045,2,0.02030472668326465,9
8,3,4,0.6454033671534036,4,0.6454033671534036,4,0.6388256080722924,4,0.6547401437773847,4,0.01926189146402736,0.6420557448145662,4,0.019377958674375025,0.6473019345697385,4,0.018670932774409045,9
8,3,2,0.6417441411042374,3,0.6627406326431545,2,0.6627406326431545,1,0.6625575291913596,2,0.017099717136010033,0.6592070302354188,2,0.017158257029184335,0.6627406326431545,2,0.01734484186457087,9
8,3,4,0.6570129824407106,5,0.6627406326431545,4,0.6417441411042374,3,0.6621677988284114,4,0.017866984897409302,0.6637413009043599,4,0.01774489107555707,0.6580468404046032,4,0.01782231565552258,9
8,3,2,0.8853937623402471,4,0.8777247356615888,2,0.8853937623402471,2,0.8910251556064358,2,0.01886683905490027,0.8822300575333792,2,0.020559197547753226,0.884184676972248,2,0.021528725206768008,9
8,3,4,0.8836575601609056,4,0.8836575601609056,4,0.8853937623402471,4,0.8836575601609056,4,0.014071432975268977,0.8882738527142507,4,0.01420606311933897,0.8843641233613958,4,0.017282656448829856,9
8,3,2,0.6901542841491731,4,0.6575137383113477,2,0.6892072106676195,2,0.6607527252817955,2,0.021001698806720807,0.6658895777313177,2,0.02099920089955361,0.5837465811294305,2,0.025430989584191058,9
8,3,4,0.738294516893595,7,0.7057418332029585,4,0.6901542841491731,4,0.7006369852242067,4,0.019629937384665567,0.695494325876207,4,0.01964554580749964,0.6768556110940533,4,0.020158519224184754,9
8,3,2,0.6388577439624723,3,0.6566993443290188,2,0.5912891034465245,1,0.6587615507795144,2,0.022320443372457567,0.6550668361832513,2,0.02302068721927751,0.6587615507795144,2,0.022244236468648173,9
8,3,4,0.6734615630073574,6,0.6736046504413322,4,0.6388577439624723,3,0.6696605693968108,4,0.020296693770508533,0.6804593223726725,4,0.021193554165696918,0.6766470410843867,4,0.020217349851918635,9
8,3,2,0.5684566274110532,4,0.5974538527884832,2,0.598328030994735,2,0.5949635982519048,2,0.023855880486997015,0.5827969857407564,2,0.02406538519100191,0.5831391562245788,2,0.02455047802458747,9
8,3,4,0.5839017741217699,5,0.5870549733682983,4,0.5684566274110532,4,0.5824969217516038,4,0.024333781957975097,0.5863030897364423,4,0.02440073311917987,0.5960661544230468,4,0.02408599491917799,9
8,3,2,0.6464838717719933,3,0.6425557910471318,2,0.5574361403084798,2,0.6410322482042969,2,0.020797554107156998,0.6355699258392641,2,0.020804111574904104,0.6029271334878077,2,0.02210057046726221,9
8,3,4,0.6460975075618708,5,0.6542675359388698,4,0.6464838717719933,3,0.6210035606639517,4,0.02080607240035859,0.6298944561582176,4,0.020962544164714908,0.6573518363433914,4,0.019406145168122616,9
8,3,2,0.7562911510766541,2,0.7562911510766541,2,0.7594649411000873,1,0.7562049043749651,2,0.018541781978917145,0.7533932693671479,2,0.021838949058202148,0.7877927783345544,2,0.023959980397232777,10
8,3,4,0.8006496695902807,4,0.8006496695902807,4,0.7562911510766541,2,0.8006496695902807,4,0.016626854335057166,0.780425064133619,4,0.019585956385256415,0.7903139780400207,4,0.016664925653864068,10
8,3,2,0.716377794991246,3,0.7116611066638812,2,0.5723361988461316,1,0.6995938870541709,2,0.021679367268172888,0.7015097169601185,2,0.021577503143960043,0.6629744896978582,2,0.023442724065245515,10
8,3,4,0.7211966615760848,5,0.7068521138088285,4,0.716377794991246,3,0.7005235823922177,4,0.01882612688295163,0.7389030549602068,4,0.018541126094594948,0.7083492366226241,4,0.018619636059938386,10
8,3,2,0.9144163443093065,3,0.9144163443093065,2,0.9144163443093065,1,0.9144163443093065,2,0.013042155999071332,0.9144163443093065,2,0.01325625294590535,0.9144163443093065,2,0.014468300680471198,10
8,3,4,0.9144163443093065,5,0.9144163443093065,4,0.9144163443093065,3,0.9144163443093065,4,0.01294322070268189,0.9144163443093065,4,0.012701724806062504,0.9144163443093065,4,0.01434598987317765,10
8,3,2,0.7624470414368902,3,0.7541825003403081,2,0.7613730675948422,1,0.7757654638179758,2,0.019161418339534143,0.7589590074314716,2,0.019115148835729855,0.7692942127248669,2,0.022536477326775706,10
8,3,4,0.7762990681284235,4,0.7762990681284235,4,0.7624470414368902,3,0.7785963165965908,4,0.01676209211975834,0.7769327030477419,4,0.01700909616257857,0.7785963165965908,4,0.01656365295715964,10
8,3,2,0.8924192086206207,2,0.8924192086206207,2,0.8924192086206207,1,0.8924192086206207,2,0.016054474938334284,0.8924192086206207,2,0.01869616094452229,0.8924192086206207,2,0.017329516384546443,10
8,3,4,0.8924192086206207,4,0.8924192086206207,4,0.8924192086206207,2,0.8924192086206207,4,0.01542356570165822,0.8827922627713658,4,0.016387191148083492,0.890048104563065,4,0.016389623589716205,10
8,3,2,0.7395522621129526,3,0.7363828585424325,2,0.7329416025300558,1,0.7363828585424325,2,0.01735160207368727,0.7238521014328528,2,0.019060947935355396,0.7311086018073337,2,0.018584101879579498,10
8,3,4,0.721223155942929,5,0.7449024155851647,4,0.7395522621129526,3,0.716290267296075,4,0.016690521722546498,0.716290267296075,4,0.017301186220415616,0.71706557908655,4,0.01670929554290286,10
8,3,2,0.8753529290996748,2,0.8753529290996748,2,0.8766598844487153,1,0.8753529290996748,2,0.010151869224205955,0.866218034937408,2,0.010494422843136137,0.8766598844487153,2,0.010696133066340803,10
8,3,4,0.8743581462387272,5,0.8743581462387272,4,0.8753529290996748,2,0.8757633423349068,4,0.009973162243889066,0.8559739231271168,4,0.010487536726958676,0.8736952281685856,4,0.009841618346052908,10
8,3,2,0.7711994907497958,2,0.7711994907497958,2,0.6074933341601949,1,0.7661199242680462,2,0.01669043147291513,0.7661199242680462,2,0.01637949859321362,0.5109270063764756,2,0.03414278734832221,10
8,3,4,0.8106434236767757,6,0.7949226909398556,4,0.7711994907497958,2,0.7957115742471744,4,0.015061810695530396,0.798224710675383,4,0.014831284176575373,0.7554249841423875,4,0.016257495275470647,10
8,3,2,0.7050016570239264,2,0.7050016570239264,2,0.6641212031214965,1,0.7050016570239264,2,0.025269444187108296,0.7047945930392341,2,0.028017013749070653,0.6396324493262087,2,0.041220902807470546,11
8,3,4,0.7694414028449879,4,0.7694414028449879,4,0.7050016570239264,2,0.7759137827502237,4,0.016731450139260803,0.810047418074205,4,0.019267231634326375,0.7683060772797495,4,0.01666875967211188,11
8,3,2,0.8219017658330118,3,0.7992827536204425,2,0.7865413027567777,2,0.7992827536204425,2,0.024654338590416564,0.6584791419426519,2,0.049510923900286795,0.8020927696460465,2,0.023007367464650146,11
8,3,4,0.8432440944679782,4,0.8432440944679782,4,0.8219017658330118,3,0.8432440944679782,4,0.019965525454703596,0.8495992840997849,4,0.020700039067438485,0.8444379935165007,4,0.018727084891101132,11
8,3,2,0.8322285880858509,3,0.8203535600406081,2,0.7729074501767952,1,0.8305459881861675,2,0.022573706999429465,0.8352501489526866,2,0.023698867712258577,0.7821864014352377,2,0.04183133556178423,11
8,3,4,0.839605783792354,6,0.8144153670419205,4,0.8322285880858509,3,0.8455025167081849,4,0.018671539288759195,0.8469429485246653,4,0.020068799126755948,0.8520948741471414,4,0.01855837060953104,11
8,3,2,0.8452724999786565,2,0.8452724999786565,2,0.6635369684849444,1,0.853593347907199,2,0.019900670242404037,0.8517118180476754,2,0.01770221121296916,0.8452724999786565,2,0.01803827435053288,11
8,3,4,0.8704000506045692,5,0.8646713473744744,4,0.8452724999786565,2,0.856930913388592,4,0.01714093725761374,0.8438195549305976,4,0.01454042236741288,0.8507418661286089,4,0.016072411804098928,11
8,3,2,0.8572663976264441,2,0.8572663976264441,2,0.8217966062701891,2,0.8572663976264441,2,0.023748191539572562,0.8538225369384879,2,0.021000684603038406,0.861532210756743,2,0.022100011009888804,11
8,3,4,0.8569175787285724,4,0.8569175787285724,4,0.8572663976264441,2,0.8534932277167566,4,0.020659701100712136,0.8506172535584688,4,0.019224602326427673,0.8607343281821008,4,0.019176871144598637,11
8,3,2,0.8723787781367073,2,0.8723787781367073,2,0.8360235560601343,2,0.8784323284925609,2,0.02242061237256282,0.8817658930013674,2,0.02023545122724011,0.8715771696417594,2,0.020192075300080693,11
8,3,4,0.8906529349290195,5,0.8934201501971457,4,0.8723787781367073,2,0.9043490882594687,4,0.016217705919967504,0.8926898550728846,4,0.014589471961818163,0.8996673527724708,4,0.014255115334323384,11
8,3,2,0.879760458601332,2,0.879760458601332,2,0.8901762333439965,2,0.8805188178413018,2,0.020648744282935196,0.8852048390371481,2,0.017063409743758712,0.8801173671481615,2,0.01836246963511537,11
8,3,4,0.9105557595166787,5,0.8805448820798133,4,0.879760458601332,2,0.8805448820798133,4,0.014689717773076507,0.8597484183071422,4,0.013597906817458405,0.8544275261955846,4,0.017531242397428738,11
8,3,2,0.7966749690786499,3,0.873650437108858,2,0.5245000687716153,1,0.873650437108858,2,0.019661606340963707,0.5819940249838694,2,0.04569638966628059,0.5863144147858173,2,0.04481409006139477,11
8,3,4,0.8510425037076301,4,0.8510425037076301,4,0.7966749690786499,3,0.8510425037076301,4,0.017386696994799715,0.8327113626201731,4,0.017333435125678025,0.9126538236575205,4,0.016737536808117355,11
8,3,2,0.7682408691662183,3,0.7675488186353593,2,0.7656498051359205,1,0.7966279999897613,2,0.026404762569136275,0.7836407377833942,2,0.026724502023419333,0.7966279999897613,2,0.02550396225716139,12
8,3,4,0.7721150498416166,5,0.7729507389803625,4,0.7682408691662183,3,0.8372658645333084,4,0.018160939452541415,0.782079866122277,4,0.026144452061438665,0.8372658645333084,4,0.017432136734619744,12
8,3,2,0.7604429444455428,3,0.7659254091922753,2,0.7607700813424044,2,0.7675656246356307,2,0.01771940636985874,0.7675656246356307,2,0.018541014753548437,0.7675656246356307,2,0.017798586709773943,12
8,3,4,0.7858570325501087,7,0.7727927471013614,4,0.7604429444455428,3,0.7856368170202176,4,0.01720597093880181,0.7835857963071269,4,0.01798031342521718,0.7748439157487526,4,0.01809083721050554,12
8,3,2,0.6747258935543934,3,0.7024050966909486,2,0.6582735325519787,1,0.6911887452622205,2,0.020897480929428593,0.6911887452622205,2,0.020853745756004426,0.6911887452622205,2,0.020900644919447348,12
8,3,4,0.733883931107683,6,0.7395179915086751,4,0.6747258935543934,3,0.741458658128835,4,0.01945397987827403,0.7447215574370931,4,0.019295478004056524,0.7398862007252517,4,0.019312703591735085,12
8,3,2,0.7965564048884739,3,0.8271097059632845,2,0.7530199887537794,1,0.832016054952538,2,0.024984831751776775,0.8275825954032783,2,0.023806162612201497,0.7144722143003479,2,0.04256439700644806,12
8,3,4,0.8464248488605164,4,0.8464248488605164,4,0.7965564048884739,3,0.8442587736342204,4,0.022756899607975115,0.8370225224870592,4,0.021539182031256474,0.8456581216336182,4,0.021763664014811487,12
8,3,2,0.8226373992351663,3,0.8226373992351663,2,0.8210524002223845,1,0.8210030763239751,2,0.01771714498187306,0.8210030763239751,2,0.01787487177200965,0.8210524002223845,2,0.019522882698047462,12
8,3,4,0.832560915131776,6,0.8268369968197602,4,0.8226373992351663,3,0.8295562431766745,4,0.015459954672313377,0.8295562431766745,4,0.015494541518309517,0.8228405667140594,4,0.017890559027296006,12
8,3,2,0.7642003015316251,3,0.7589387452688018,2,0.7564572711419292,2,0.7791553511653432,2,0.024351402251907437,0.7808073476925336,2,0.024325414104555357,0.7635463201608677,2,0.02495162732747745,12
8,3,4,0.7794575114035746,6,0.787325678347271,4,0.7642003015316251,3,0.7951630421705779,4,0.02323179139988241,0.8213121844233754,4,0.02293963881757606,0.8252187159553022,4,0.022790151503888138,12
8,3,2,0.7537789666259183,3,0.752878799998864,2,0.7537789666259183,2,0.7347666178292646,2,0.018897313456211918,0.7301581443820319,2,0.019274542280667103,0.7317022760174127,2,0.01889630240730143,12
8,3,4,0.7760613918966379,6,0.7506323975578486,4,0.7537789666259183,3,0.7596530409637843,4,0.01831060251472602,0.7510387120953943,4,0.018539027217973483,0.7572178215665424,4,0.018164535882484786,12
8,3,2,0.7744979015866081,2,0.7744979015866081,2,0.7430312620729317,1,0.7744979015866081,2,0.013229464193909558,0.7784612562375003,2,0.013508398333261526,0.7498449722895135,2,0.024346608008814226,12
8,3,4,0.8148594422823633,5,0.8418810254584618,4,0.7744979015866081,2,0.8364399086687482,4,0.010141830289551653,0.8369641007736947,4,0.010088304899628864,0.7687259615105962,4,0.01315001795123709,12
8,3,2,0.8176629463647942,2,0.8176629463647942,2,0.8257914691709942,2,0.8218234502451927,2,0.017062280442231813,0.7961122242815645,2,0.017817732898177726,0.8243538338731795,2,0.016180857658045743,13
8,3,4,0.8239454196678093,6,0.789276019170938,4,0.8176629463647942,2,0.7977420195406325,4,0.015349007880376865,0.7656711587147358,4,0.016445784997881113,0.7982675544050659,4,0.01465736300376319,13
8,3,2,0.8794912523237626,2,0.8794912523237626,2,0.83874878896988,1,0.8723299551008473,2,0.014073069168084288,0.8808061518422742,2,0.013571737237842213,0.8896633106882916,2,0.01318343091827763,13
8,3,4,0.8738518898333224,6,0.8691795785215259,4,0.8794912523237626,2,0.8738724355719374,4,0.014234596692202606,0.8855966951216416,4,0.013081708152797591,0.880102413971202,4,0.013535181249966395,13
8,3,2,0.7944252494830044,4,0.7941598251824361,2,0.7814619361796594,2,0.7877460751658357,2,0.02044190502143485,0.7904545665454693,2,0.02042535507822701,0.7810545035154012,2,0.027882295446121867,13
8,3,4,0.8407741914595831,6,0.8092903979825029,4,0.7944252494830044,4,0.8189124525596682,4,0.017980734707006042,0.8191596641552904,4,0.017721707336595817,0.7797675610708685,4,0.021637733726391137,13
8,3,2,0.8975914644390137,4,0.8975914644390137,2,0.898601619381418,2,0.898601619381418,2,0.015767791720621024,0.8987248337093586,2,0.017135281230461343,0.898601619381418,2,0.01980391925935748,13
8,3,4,0.9021506498873126,5,0.8951422068313626,4,0.8975914644390137,4,0.8878577516498043,4,0.011626691047203779,0.8909210509039065,4,0.011959272529659809,0.899903285356571,4,0.015671680799505854,13
8,3,2,0.9448641628288236,2,0.9448641628288236,2,0.9448641628288236,1,0.9448641628288236,2,0.011999836110772003,0.9448641628288236,2,0.012267516466920885,0.9448641628288236,2,0.012905980870200852,13
8,3,4,0.9448641628288236,6,0.9448641628288236,4,0.9448641628288236,2,0.9448641628288236,4,0.011799823162138501,0.9448641628288236,4,0.012013970613587808,0.9448641628288236,4,0.012880322294030412,13
8,3,2,0.9627599658953019,3,0.9627599658953019,2,0.9627599658953019,2,0.9627599658953019,2,0.01206349496616559,0.9627599658953019,2,0.012187314152487945,0.9627599658953019,2,0.011969966456582354,13
8,3,4,0.9627599658953019,6,0.9627599658953019,4,0.9627599658953019,3,0.9627599658953019,4,0.01133712048575494,0.9627599658953019,4,0.011402279386050684,0.9627599658953019,4,0.012061779722100669,13
8,3,2,0.8162483206750621,4,0.8151483270149349,2,0.8007998392137256,2,0.8030474868646241,2,0.020168916814793256,0.7990584260490381,2,0.020440904880799197,0.7995210648866276,2,0.024274624826576614,13
8,3,4,0.8349249498726424,6,0.8137739204174222,4,0.8162483206750621,4,0.8229281616130666,4,0.012807167215896153,0.8078160928863456,4,0.013114635518485528,0.8059287813595163,4,0.01950545154168589,13
8,3,2,0.9564140574902866,3,0.9564140574902866,2,0.9564140574902866,2,0.9564140574902866,2,0.012514868426017473,0.9564140574902866,2,0.01259152623379873,0.9564140574902866,2,0.014800150070718582,13
8,3,4,0.9564140574902866,6,0.9564140574902866,4,0.9564140574902866,3,0.9564140574902866,4,0.013278869127452422,0.9504686557388846,4,0.014231096110903629,0.9564140574902866,4,0.012696017331383832,13
8,3,2,0.6561703220499775,3,0.7225246845795704,2,0.6362155082988104,2,0.7171606202506924,2,0.030646138283949916,0.682335967405225,2,0.03163835768495451,0.7171606202506924,2,0.030470096575342786,14
8,3,4,0.6664000741353412,5,0.6944321719881345,4,0.6561703220499775,3,0.7210202880333333,4,0.028437160437381922,0.7089125166902946,4,0.028432715923612392,0.7210202880333333,4,0.02830627443120786,14
8,3,2,0.6944932287124981,3,0.7085280865152064,2,0.6677670175212034,1,0.704679584768952,2,0.01998300354462775,0.6993981194549802,2,0.020187489332643627,0.704679584768952,2,0.019931936179714883,14
8,3,4,0.671493634578284,6,0.6952797425477174,4,0.6944932287124981,3,0.6974917553994517,4,0.018367019008385405,0.6936630201047103,4,0.01875555108573824,0.7053391030084422,4,0.018264237457034965,14
8,3,2,0.7657811928691557,3,0.8133107942505519,2,0.7350642635651394,2,0.8042947972891817,2,0.02703348380757258,0.8132155782665332,2,0.025584656845959758,0.7599781176330491,2,0.0273051987852702,14
8,3,4,0.8268011295494903,6,0.8068254965094565,4,0.7657811928691557,3,0.7981949867101326,4,0.023237155559563356,0.8054489250449758,4,0.022220597404035026,0.7859753650195782,4,0.02127341584453617,14
8,3,2,0.76393776099339,2,0.76393776099339,2,0.6893710799406504,1,0.7591904082065791,2,0.024869030396634746,0.7555276978887623,2,0.024617839419933184,0.7625383783530881,2,0.0243987399893451,14
8,3,4,0.8166603156477417,5,0.8043746029420102,4,0.76393776099339,2,0.8155645925679846,4,0.019626575038059108,0.8140207298856873,4,0.02057976769236265,0.8062782940694025,4,0.024059227397750946,14
8,3,2,0.7084453840226114,3,0.6655194284165129,2,0.6620511672327146,1,0.6651232104226983,2,0.023636059307922692,0.6704829240928422,2,0.02350803605368701,0.67565328337615,2,0.023976477175705196,14
8,3,4,0.8498595337844268,6,0.8759299185928339,4,0.7084453840226114,3,0.7178507505504882,4,0.02138991179371936,0.7110027404860589,4,0.02111804751628594,0.8506052257836144,4,0.011734846719455329,14
8,3,2,0.8176496007863016,3,0.7858010688306534,2,0.7308867910178534,2,0.7656130202528884,2,0.030462029461772407,0.7374286346981694,2,0.03410386906395528,0.7656130202528884,2,0.02960936078159513,14
8,3,4,0.7927086768639495,5,0.8000265351263911,4,0.8176496007863016,3,0.78739416992609,4,0.023679131168103634,0.7791422153882459,4,0.02842789601331818,0.78739416992609,4,0.02317514174102289,14
8,3,2,0.8095646518676763,3,0.7653860221275777,2,0.7095724349149813,2,0.7676151406995058,2,0.034449509300615355,0.7492961472222094,2,0.03387500916981533,0.7676151406995058,2,0.033646668719500006,14
8,3,4,0.8041869344630289,5,0.7931628212433628,4,0.8095646518676763,3,0.7919974270763263,4,0.026831013610157665,0.7968025190864009,4,0.026719098504026602,0.7881375903827088,4,0.026186982175822583,14
8,3,2,0.7144473946197433,3,0.7160374148865954,2,0.7195155479766616,1,0.7092906693018834,2,0.02220744145629578,0.7137259161130939,2,0.022283933220596634,0.7158873477594948,2,0.021206329811467355,14
8,3,4,0.8007365513925014,6,0.8295385808029867,4,0.7144473946197433,3,0.829064371357158,4,0.010878542380290495,0.8263737017399451,4,0.010625157820191865,0.8396215658957487,4,0.01199691109363109,14
8,3,2,0.7456040507959634,3,0.7347062647015296,2,0.7042776272293523,1,0.7414987558061766,2,0.01927974458745644,0.7414987558061766,2,0.019291712693589223,0.7098410447553978,2,0.019740031612925063,15
8,3,4,0.7484454013270904,6,0.7614003550683643,4,0.7456040507959634,3,0.7684117116324856,4,0.017522497235701415,0.7604868443710262,4,0.017622515479302155,0.7758983453237044,4,0.01748385448761862,15
8,3,2,0.6979047981851002,3,0.6762837156594332,2,0.6957091225673909,2,0.6762433005982661,2,0.020727639625946658,0.662646059156589,2,0.021169315206799013,0.6871396443223291,2,0.025519380577822257,15
8,3,4,0.7304538810315292,5,0.7335564085992415,4,0.6979047981851002,3,0.709270242198298,4,0.018553338234838956,0.7166562641946127,4,0.01875379121412133,0.7331205939489012,4,0.018289653058181216,15
8,3,2,0.7946068187750465,2,0.7946068187750465,2,0.8118497712878766,1,0.7981821809014338,2,0.0352680812947616,0.7996867489844417,2,0.03420363495125648,0.8073197206679043,2,0.033315127888291274,15
8,3,4,0.8148597855209011,4,0.8148597855209011,4,0.7946068187750465,2,0.8148597855209011,4,0.027570269929552423,0.8102044858586722,4,0.02710395552482479,0.8148597855209011,4,0.025534021261906268,15
8,3,2,0.6673469328510743,4,0.6425797381405809,2,0.6575158010786931,2,0.6549488275334074,2,0.026390517535161143,0.6445848588928439,2,0.02695947535664375,0.6478690654809524,2,0.030730123281234843,15
8,3,4,0.6968828432704383,6,0.686210146185343,4,0.6673469328510743,4,0.6806272417678366,4,0.023922360902549043,0.6826607363882464,4,0.02416998451994887,0.6790950813119969,4,0.025742895876168168,15
8,3,2,0.8500807297943705,2,0.8500807297943705,2,0.8814521586489894,1,0.8631766217283582,2,0.027778705462896184,0.8228797565233076,2,0.02669037344191236,0.883646747934071,2,0.031430169842949544,15
8,3,4,0.8457390528647143,5,0.8613444013025144,4,0.8500807297943705,2,0.8508586752083321,4,0.022896418627590384,0.8166288482135508,4,0.023319961483898977,0.8791065615943364,4,0.024727191656133723,15
8,3,2,0.8047886107401755,4,0.8027191486841083,2,0.8066156460510578,2,0.8043552032465612,2,0.02120117528000163,0.8017567556040499,2,0.021334044791213157,0.8066156460510578,2,0.021219778181215045,15
8,3,4,0.8190756339110862,6,0.8065922459770655,4,0.8047886107401755,4,0.7998364245061999,4,0.01874480572380367,0.7998364245061999,4,0.01894210716472947,0.8083083195955382,4,0.019839845178107076,15
8,3,2,0.6308408419046938,3,0.6285625941625048,2,0.6237536331810493,1,0.6405951550310583,2,0.02130009545919447,0.6377253481404073,2,0.02137080283001573,0.6405951550310583,2,0.021404850875757463,15
8,3,4,0.6700236902238957,4,0.6700236902238957,4,0.6308408419046938,3,0.666971138402944,4,0.019482196609326926,0.6642371756637409,4,0.019708078868417876,0.651280012565863,4,0.02038137988601433,15
8,3,2,0.7605378363051547,2,0.7605378363051547,2,0.7629331306796121,2,0.7605378363051547,2,0.018009801660460695,0.769946375939752,2,0.01817393941802588,0.77076967847903,2,0.0203003504921231,15
8,3,4,0.7950211242968692,4,0.7950211242968692,4,0.7605378363051547,2,0.7914977771644742,4,0.01654393135732952,0.7913574324393653,4,0.016581102605292945,0.7701434853399055,4,0.017804697272214662,15
8,3,2,0.7769797194548257,3,0.7554596700808603,2,0.7967104456557755,2,0.8251928053618047,2,0.017213949293056825,0.8207208739937638,2,0.016566335562259324,0.8266039361323881,2,0.01690224338451606,16
8,3,4,0.8098760781219908,6,0.813312240787718,4,0.7769797194548257,3,0.8005254884892945,4,0.015929257018122034,0.7935323922084897,4,0.015502349527401474,0.8048576923726453,4,0.015655401272500025,16
8,3,2,0.8137183382085654,2,0.8137183382085654,2,0.8091063488054838,1,0.8154922725358346,2,0.014111802246555625,0.8097648620180119,2,0.014550095436663614,0.8076998498351031,2,0.02046632667985746,16
8,3,4,0.8219767008535398,5,0.8209266553757194,4,0.8137183382085654,2,0.8205650064375419,4,0.013251021817843876,0.8094397608752096,4,0.014420655408689746,0.8173930496395352,4,0.014171265617315663,16
8,3,2,0.8219036555989673,3,0.8193534582379367,2,0.7452932051775677,2,0.8190917267608396,2,0.023894539047560923,0.814492852425696,2,0.023602632911360798,0.8211119593967064,2,0.023315041392362453,16
8,3,4,0.8318302727038125,7,0.8220624874551631,4,0.8219036555989673,3,0.8137097496016006,4,0.019095774967506616,0.8113137686572597,4,0.01807073212818815,0.7962862360841985,4,0.02106543402411888,16
8,3,2,0.7850051975033742,3,0.7768130144981723,2,0.7578544430538833,1,0.7665292357668886,2,0.020400304912506374,0.7632626412371354,2,0.02058269942033268,0.7646712615571183,2,0.0229119828971251,16
8,3,4,0.8107613644089002,7,0.8145745755215177,4,0.7850051975033742,3,0.8091438631080566,4,0.015929231167726852,0.7942167386307306,4,0.017011129814770123,0.768399908236251,4,0.01825172214935733,16
8,3,2,0.7023019433535962,3,0.6935425563079843,2,0.6943328145614491,1,0.6968792713974215,2,0.012993613311433257,0.6929197278207658,2,0.0130318744137717,0.6945886989873605,2,0.015821574422342055,16
8,3,4,0.720331582957369,5,0.7177630586455839,4,0.7023019433535962,3,0.7108458898366422,4,0.01103947486201868,0.7136844367580418,4,0.011043216573362128,0.6894387431684115,4,0.013249929051906162,16
8,3,2,0.7613664565766803,3,0.7584900534314453,2,0.7413381945553306,1,0.7679715667707192,2,0.021571484925904286,0.7652380676298701,2,0.02125778943087028,0.73815917829291,2,0.025201562105175705,16
8,3,4,0.7938805696956046,5,0.7853848793521068,4,0.7613664565766803,3,0.7933743108968868,4,0.016121238237344532,0.7986992856760732,4,0.0154764287940575,0.770596365861819,4,0.021987856448093392,16
8,3,2,0.7701285219062604,3,0.7635049734985535,2,0.6898919323353354,1,0.7608534001387394,2,0.02151783234448678,0.7557155611427606,2,0.021584078815300216,0.7335216924105308,2,0.023131037996269407,16
8,3,4,0.8000982066522186,5,0.781629483831682,4,0.7701285219062604,3,0.7705450198058171,4,0.016686120323090813,0.77536271359385,4,0.01676579690353714,0.7899889018738225,4,0.01822824802792157,16
8,3,2,0.7767671965668413,2,0.7767671965668413,2,0.6861696061159301,1,0.7742069203446487,2,0.02078652389420762,0.7756604221378548,2,0.02084390515663244,0.7742069203446487,2,0.02035084739403843,16
8,3,4,0.8437535673596263,4,0.8437535673596263,4,0.7767671965668413,2,0.8422169566684894,4,0.014938189921530762,0.8464974434636345,4,0.014795270309165255,0.7953074035096631,4,0.020620106154521697,16
8,3,2,0.7016837590621691,2,0.7016837590621691,2,0.6991984847645352,1,0.7016837590621691,2,0.022661955949460365,0.7045750001567959,2,0.0237979153426167,0.702846486521147,2,0.02402644799181885,17
8,3,4,0.7499604478759041,4,0.7499604478759041,4,0.7016837590621691,2,0.7499604478759041,4,0.01951908882612317,0.7387827153619058,4,0.019534626911084402,0.7216556991275596,4,0.020693587751745478,17
8,3,2,0.8260438054371901,3,0.8408838636895153,2,0.8298293620495253,1,0.8438821138032218,2,0.02145823278270242,0.8353047623176768,2,0.02050014845243031,0.8495750761677759,2,0.027771115928378016,17
8,3,4,0.8726945773298538,5,0.8595832551508992,4,0.8260438054371901,3,0.8594654902797632,4,0.020412623187817534,0.8559431580396416,4,0.01998725062163674,0.8687835384289998,4,0.019886607075756835,17
8,3,2,0.6877347180581868,2,0.6877347180581868,2,0.6494217310047847,1,0.6941434068401144,2,0.01762001110660412,0.6941434068401144,2,0.01772901664944556,0.6877347180581868,2,0.01755776744766678,17
8,3,4,0.7227772094286847,5,0.7356406719930406,4,0.6877347180581868,2,0.7408486088240342,4,0.013473123104460985,0.7408486088240342,4,0.013743540830384081,0.7278624668095933,4,0.015926511145763104,17
8,3,2,0.8591403966930681,3,0.8009879921194009,2,0.7768923244634314,2,0.8119802227673021,2,0.024627080804319648,0.8026392021063173,2,0.023915980847663637,0.8339826522409021,2,0.04257128969492565,17
8,3,4,0.830356832631335,6,0.8222976174932246,4,0.8591403966930681,3,0.8324870618218373,4,0.0236064143731742,0.8155044849344976,4,0.02343168362265605,0.829604146351299,4,0.02265517638079169,17
8,3,2,0.6792714028258234,2,0.6792714028258234,2,0.6219059187151053,1,0.6832286474803191,2,0.02029557823522923,0.6832286474803191,2,0.020855881478067596,0.6135487345427746,2,0.024244563758761682,17
8,3,4,0.67940408869364,5,0.6812729195290799,4,0.6792714028258234,2,0.6918161556425833,4,0.018192921143923145,0.6918161556425833,4,0.018560410356252117,0.6935069635331201,4,0.01842592861306996,17
8,3,2,0.7242674737189705,3,0.6977100936869016,2,0.6238733044265745,1,0.6900907630047631,2,0.020498759303101754,0.6864654453463301,2,0.020584770856389448,0.636950057163541,2,0.022547436038416524,17
8,3,4,0.6982585474341317,4,0.6982585474341317,4,0.7242674737189705,3,0.7030068200271382,4,0.01823553509285165,0.6985895969514918,4,0.018248065373058786,0.7030068200271382,4,0.018204413955820627,17
8,3,2,0.6893780269712145,2,0.6893780269712145,2,0.6684646811295686,1,0.6893780269712145,2,0.020928197101992153,0.6893780269712145,2,0.021246030264973896,0.6837277963640466,2,0.022481505791639326,17
8,3,4,0.7617550994397765,4,0.7617550994397765,4,0.6893780269712145,2,0.7575971877100494,4,0.017839724267835776,0.7595718163147734,4,0.01794997311586661,0.7034675544888683,4,0.01979894549767572,17
8,3,2,0.6846371603594276,3,0.6667453526339009,2,0.6212580173698605,1,0.6779393066323033,2,0.021287406952170265,0.6693354535474487,2,0.02155835874854187,0.6340096371216914,2,0.023062842533058993,17
8,3,4,0.7329249814119287,5,0.7415202492747981,4,0.6846371603594276,3,0.7140096933659121,4,0.018734970704641137,0.7136324623244448,4,0.01884356826558241,0.7092938047699647,4,0.0186240768569773,17
8,3,2,0.8604498572144315,3,0.8377625037482036,2,0.847091238503314,2,0.8479837232020923,2,0.023826292532889173,0.8467228274868897,2,0.024158543582770624,0.8405295806493729,2,0.023190462054289283,18
8,3,4,0.8784132416083739,5,0.8623183084970196,4,0.8604498572144315,3,0.8796695281270147,4,0.02014350620883199,0.8406022880319459,4,0.02294451727457017,0.8785386437585115,4,0.018745298808714644,18
8,3,2,0.7990324195541784,3,0.7824488759571334,2,0.7458614656026472,2,0.784655192384689,2,0.017533114757631994,0.7890698223849418,2,0.017220215871095304,0.784655192384689,2,0.017236291136259588,18
8,3,4,0.8002291557916172,5,0.7798448586840507,4,0.7990324195541784,3,0.7786957918957117,4,0.01274846986457125,0.7808076389723548,4,0.01272432750517885,0.7786957918957117,4,0.01260198690880796,18
8,3,2,0.7459967290096753,3,0.7255332435594523,2,0.7241427651490471,1,0.7671047172095292,2,0.014820707656680476,0.7641739858814486,2,0.015537073534586386,0.7309996344502201,2,0.016915555972986076,18
8,3,4,0.7973771465015367,5,0.7824849047749163,4,0.7459967290096753,3,0.8248750719327032,4,0.012041426606885494,0.8304474286843281,4,0.012477411786779732,0.806844997495276,4,0.013806856238324082,18
8,3,2,0.7458509428684746,3,0.7036796943791869,2,0.690484066234701,1,0.7381759537047279,2,0.016261454714303004,0.75798101773414,2,0.017430400289574724,0.6950347783437001,2,0.01809347024745841,18
8,3,4,0.7605786517439186,5,0.7585931004815397,4,0.7458509428684746,3,0.7627104767146802,4,0.013545459005188987,0.7779710518060033,4,0.014232123934128515,0.7428429509376332,4,0.015758646387942353,18
8,3,2,0.7857027132024977,3,0.7205100225715648,2,0.7170700022096134,1,0.7489298626016112,2,0.01861381760376036,0.7546506098237066,2,0.018428983450740895,0.73839190602836,2,0.020313140695033823,18
8,3,4,0.8497725418978077,6,0.777868424683226,4,0.7857027132024977,3,0.7966671731284459,4,0.013203395977864359,0.7987085768779775,4,0.01308160361667939,0.8037325914749075,4,0.013854132110122647,18
8,3,2,0.7455380293323717,3,0.7630856482248787,2,0.7274604782730552,1,0.7612178826519314,2,0.01842954117934852,0.763969444354657,2,0.01867860153853315,0.7612178826519314,2,0.0179116787870656,18
8,3,4,0.7628344959303898,6,0.781674153503577,4,0.7455380293323717,3,0.7923952618189697,4,0.014793886395170219,0.8107647577758684,4,0.015054130659589523,0.7979246335831347,4,0.014265748023049956,18
8,3,2,0.881718962473837,3,0.8819007587906558,2,0.8818862928051873,2,0.8810165051476525,2,0.02256601429416784,0.8810165051476525,2,0.022611990883136177,0.8810025040141657,2,0.02550673527702698,18
8,3,4,0.8840802936559872,6,0.88716256099882,4,0.881718962473837,3,0.895245761451418,4,0.01900431453181096,0.880972997687508,4,0.017484003570824514,0.8815553579646481,4,0.02002758018799348,18
8,3,2,0.699468891370907,3,0.7059606365975204,2,0.7254599361304266,1,0.7296377190021709,2,0.017113914952444957,0.7321192539804913,2,0.01731187110584217,0.7326813922021869,2,0.01693611568797305,18
8,3,4,0.7487872022204047,4,0.7487872022204047,4,0.699468891370907,3,0.773749030124344,4,0.015181270726499088,0.7731606267415534,4,0.015484919117858813,0.7749888997424352,4,0.015023273417947965,18
8,3,2,0.7887329889705605,3,0.7456707891244869,2,0.7493118903075683,2,0.7445980486264322,2,0.020237290344212053,0.7395850382257294,2,0.019861757701014275,0.6988309034750056,2,0.02864094742077758,19
8,3,4,0.7890730217358766,6,0.7862821010932018,4,0.7887329889705605,3,0.7900021386164336,4,0.015554331395199118,0.7950753532282254,4,0.014545151179143801,0.7548585943950951,4,0.022701409167750486,19
8,3,2,0.8433751214309769,2,0.8433751214309769,2,0.8285177307403923,1,0.8290694712609993,2,0.022952490184648986,0.8160054071623015,2,0.022323902777774532,0.8183110144493846,2,0.02865706302481639,19
8,3,4,0.8413157139731746,6,0.8429988310754716,4,0.8433751214309769,2,0.8361787965350722,4,0.02151454243027652,0.822756486285931,4,0.02106927250294454,0.8146243407903037,4,0.021585850819729205,19
8,3,2,0.6595101501804835,3,0.6791145786666101,2,0.6648371437917847,1,0.7024597143589698,2,0.02032434019622219,0.7024597143589698,2,0.020686243632056418,0.6696434165979271,2,0.024903677139697107,19
8,3,4,0.6986145202210198,5,0.7096870085937903,4,0.6595101501804835,3,0.7295097492352243,4,0.018832942343498863,0.6907212323055735,4,0.021081756295058568,0.6962000192666378,4,0.020423668442165806,19
8,3,2,0.7085708996753306,4,0.6957771410446107,2,0.7101258040024804,2,0.6841761688247241,2,0.022292265018222023,0.6807080977971353,2,0.02190934420034081,0.704657753720836,2,0.024616944899885,19
8,3,4,0.742282972252821,6,0.7340079499010532,4,0.7085708996753306,4,0.7177146757197933,4,0.019797997967469564,0.7173999849337213,4,0.01958337140212003,0.7372744622864874,4,0.019934309525815583,19
8,3,2,0.8691841066257543,2,0.8691841066257543,2,0.8610114977307106,1,0.8664841702767915,2,0.024457178686334635,0.8680300474154622,2,0.022274349016914226,0.863969483733659,2,0.02266834029369957,19
8,3,4,0.8721547855401682,5,0.8602365610650194,4,0.8691841066257543,2,0.8677687636805426,4,0.0227277321637781,0.862109744586182,4,0.021053627091025047,0.8677687636805426,4,0.02116101537967024,19
8,3,2,0.6718170621098508,3,0.6964792398859523,2,0.643667558502882,1,0.6669424921679747,2,0.02210438655521,0.6750562827864559,2,0.02238296161294189,0.6669424921679747,2,0.021937127179520198,19
8,3,4,0.6920323678482603,5,0.7150691198017057,4,0.6718170621098508,3,0.6910259759885021,4,0.02146629036877807,0.6955977443585636,4,0.021910663357742256,0.7359964633032011,4,0.01935894589057512,19
8,3,2,0.7222691374777466,3,0.7004984755404225,2,0.6561220113090055,2,0.6618153821049899,2,0.02190036173776518,0.6767678633096594,2,0.023482611621687195,0.7054150411461354,2,0.021595989402001487,19
8,3,4,0.7343990008331899,5,0.7408779708689447,4,0.7222691374777466,3,0.7420580968942121,4,0.01911115929471356,0.7403633513166495,4,0.019065110916253552,0.7220612505083245,4,0.019160529373753832,19
8,3,2,0.6910191143187882,3,0.6743829497256315,2,0.6889100772796976,1,0.6624165064943857,2,0.022523611799973513,0.6662155390048489,2,0.022757943005349376,0.6909909422875055,2,0.021122163489893635,19
8,3,4,0.6940219579184668,5,0.6896333836071112,4,0.6910191143187882,3,0.6663786769426268,4,0.021054563045758236,0.6628840696104042,4,0.021382054672040372,0.6837891509924201,4,0.019857284126893786,19
8,4,2,0.8393786743287702,4,0.8386624440066088,2,0.8058897184598859,2,0.8443086493432405,2,0.020617401703713054,0.8406560189823503,2,0.020480669078779545,0.8302013278838393,2,0.029753085338101202,0
8,4,4,0.8246072017363645,6,0.814555688663986,4,0.8393786743287702,4,0.8328624549052247,4,0.017968536937845687,0.8319450938579922,4,0.018384179303425664,0.836044551161488,4,0.02071964068246163,0
8,4,2,0.7532225087078945,2,0.7532225087078945,2,0.7573072838273553,1,0.7588962487754985,2,0.017249478982675065,0.7588962487754985,2,0.017014436961320385,0.7588962487754985,2,0.017031036393219002,0
8,4,4,0.8301673368823516,5,0.8106476043447918,4,0.7532225087078945,2,0.8152469522193998,4,0.013091211218260058,0.8142096487655048,4,0.01274939387494577,0.8065139086680184,4,0.014371418904216877,0
8,4,2,0.6638148908771669,3,0.6420454239635529,2,0.613127630219518,1,0.7113006547111312,2,0.032256374718938996,0.7027453473584131,2,0.03295904150625219,0.7113006547111312,2,0.03218240412865411,0
8,4,4,0.7508902181814175,5,0.7376823405120256,4,0.6638148908771669,3,0.7698993427129495,4,0.025527104225843988,0.7656272527540027,4,0.025148561848599957,0.767828841701684,4,0.025304641865255214,0
8,4,2,0.7251694058982865,3,0.6949123618399601,2,0.636921022528338,2,0.6920451852024729,2,0.01628041000371352,0.6839141324146512,2,0.01636468382875636,0.6894649345308402,2,0.016280828142532122,0
8,4,4,0.7577700904385073,6,0.7259162636797003,4,0.7251694058982865,3,0.7423977090014782,4,0.01429556602517544,0.7471195886995851,4,0.014280507959871637,0.7386516748036022,4,0.01421087417322741,0
8,4,2,0.7970904756820317,4,0.7656390803248683,2,0.7714346725406553,2,0.8024293894687756,2,0.026441481843791945,0.7921101783323132,2,0.027168069986238722,0.7866026781135704,2,0.0277012093228967,0
8,4,4,0.8263776264811993,5,0.8094853333117094,4,0.7970904756820317,4,0.854004706453137,4,0.016130969195134886,0.8535217173555262,4,0.016466435738912724,0.8312290900932321,4,0.020357051111922705,0
8,4,2,0.7693348071908438,3,0.7587991788232757,2,0.6730720280845525,1,0.7548882391623204,2,0.038196981948409356,0.7487730974411689,2,0.03788863018623034,0.6700615882901589,2,0.06030450141906484,0
8,4,4,0.7621231914971137,5,0.7881049732908961,4,0.7693348071908438,3,0.7838418602917405,4,0.03065859154725034,0.7820095747968202,4,0.030523873323783993,0.7429688129752929,4,0.045156925963250216,0
8,4,2,0.7378384188907515,3,0.7706281666274597,2,0.7290413967662873,1,0.7666269397626664,2,0.03106852358047772,0.7177469786844648,2,0.037216293184145134,0.7727052514347456,2,0.030674022087405595,0
8,4,4,0.7860775770241863,5,0.7983914774089259,4,0.7378384188907515,3,0.7990325040276399,4,0.02736366634889088,0.7728216228217957,4,0.03133821155594383,0.8045740956943588,4,0.026865777782070298,0
8,4,2,0.8073817676291728,3,0.7901711935559069,2,0.7839274431269418,1,0.7998429597068895,2,0.030174640492639158,0.7929249983392898,2,0.03082143564766748,0.8274695824617002,2,0.04155728029001266,0
8,4,4,0.8110609958785434,6,0.8342469170000071,4,0.8073817676291728,3,0.8331381744353709,4,0.02345811460185774,0.8370736765649317,4,0.023659628239792122,0.7981368518849388,4,0.03536695836887019,0
8,4,2,0.7071286317018384,2,0.7071286317018384,2,0.5989275283708703,1,0.7027207247775245,2,0.0184118066330089,0.6999278347119531,2,0.01906720569800972,0.5938418982788264,2,0.02384388249955619,1
8,4,4,0.6827725950428211,5,0.689113640715173,4,0.7071286317018384,2,0.724803396610622,4,0.01767461420844638,0.6973990279819745,4,0.019598365703105854,0.7194423905437478,4,0.017928861777940713,1
8,4,2,0.7893516562499974,3,0.7620395651988481,2,0.772097316232666,1,0.7887440657512559,2,0.02172070939289062,0.790999146856532,2,0.022307095279670078,0.7887440657512559,2,0.020814173816923742,1
8,4,4,0.8116116799348242,6,0.8076996226628083,4,0.7893516562499974,3,0.7905245995074146,4,0.02007753583917831,0.7910866867388974,4,0.021975378438172093,0.7955869744002863,4,0.019113188585453456,1
8,4,2,0.750372355821507,3,0.7278488350685863,2,0.7290751742711808,2,0.7218560477977586,2,0.01869012562485545,0.7130705157297045,2,0.019287504878083252,0.7218560477977586,2,0.018399461582458688,1
8,4,4,0.8047702718691911,5,0.7408500449818106,4,0.750372355821507,3,0.7958665418939042,4,0.014507676873445506,0.7982933609817149,4,0.015006183019442901,0.7993219945556108,4,0.014209382985756639,1
8,4,2,0.7072743361283523,2,0.7072743361283523,2,0.7060279587599997,1,0.7076643302288745,2,0.016740936314145066,0.7239287172084067,2,0.017835339261523024,0.7072367765935588,2,0.019302068140088325,1
8,4,4,0.7236197842174008,5,0.7248667115330248,4,0.7072743361283523,2,0.7221893166373776,4,0.015535898198395485,0.7183757019875159,4,0.018376431946052013,0.7221893166373776,4,0.015499899944896976,1
8,4,2,0.8319848095955652,3,0.8142052927786552,2,0.8005014279426784,1,0.824563875087201,2,0.02141767619148563,0.8208821122241846,2,0.02123307618666431,0.8230462140839707,2,0.020422332731901242,1
8,4,4,0.8178059582758038,6,0.8345632204313712,4,0.8319848095955652,3,0.8200385052005632,4,0.020055740005119765,0.8148982668773467,4,0.01982871241125127,0.8200385052005632,4,0.019061971306113947,1
8,4,2,0.7324212294142062,3,0.7705642286844816,2,0.782264761851214,1,0.7451059907229028,2,0.024263237348261045,0.7554527680088445,2,0.02395768263933258,0.7451059907229028,2,0.02379121131005051,1
8,4,4,0.7356776391244664,5,0.7747504661167225,4,0.7324212294142062,3,0.7918250466140621,4,0.018945816911954527,0.790265314953884,4,0.018590062326483078,0.7824086216216511,4,0.018412508732558636,1
8,4,2,0.746381321628686,2,0.746381321628686,2,0.7403317184394241,2,0.7505267479085875,2,0.016826273673537326,0.744965004797671,2,0.017809983656884867,0.7505267479085875,2,0.01651169529330798,1
8,4,4,0.776530919750294,6,0.7518589380723857,4,0.746381321628686,2,0.7832030592126256,4,0.014629550418692634,0.7746312810262679,4,0.015731675249667978,0.7646981776142178,4,0.014427263093016252,1
8,4,2,0.7335423625296744,3,0.7246045258156837,2,0.7157318088657202,1,0.728407367814778,2,0.01966852023688627,0.7293596296957694,2,0.019475391941658697,0.7293236466999224,2,0.020779808848636665,1
8,4,4,0.7634611114111152,5,0.7687131842773982,4,0.7335423625296744,3,0.7650621627695234,4,0.017548049310962616,0.7576895248791944,4,0.017185655585027357,0.7650621627695234,4,0.016862447596864887,1
8,4,2,0.7894823453515357,3,0.789577316186612,2,0.7689447182366775,2,0.7435582066601834,2,0.02465254526273427,0.7492350983388059,2,0.028775048885549714,0.737109201733101,2,0.03405347677182596,2
8,4,4,0.8337164666858462,6,0.8320868567336887,4,0.7894823453515357,3,0.7994550345904592,4,0.016222623957676832,0.7994550345904592,4,0.01692662301860622,0.7726713222354101,4,0.02315710757335521,2
8,4,2,0.7948836606238885,3,0.7866922530121156,2,0.6718199165754044,1,0.6987521604903579,2,0.025531463224466835,0.7026370072255314,2,0.02492458112560886,0.7830147449596938,2,0.024622085502012243,2
8,4,4,0.7944150128998647,4,0.7944150128998647,4,0.7948836606238885,3,0.8583095418549885,4,0.01376657411807224,0.85264032643446,4,0.012866928391001838,0.802272755489868,4,0.01381273577194466,2
8,4,2,0.7213172508715133,4,0.7516945337981584,2,0.6954809393081827,2,0.7564208113764664,2,0.02701683921955183,0.7606590268983832,2,0.025972246596342893,0.7564208113764664,2,0.02677436059353881,2
8,4,4,0.8110106070005737,6,0.8015776994577329,4,0.7213172508715133,4,0.7594032416921269,4,0.02297599276969669,0.7413130858001283,4,0.02328807630935917,0.7561573571133239,4,0.02262452107091944,2
8,4,2,0.6757811037287245,4,0.6440599973789488,2,0.6488880882032598,2,0.6721630141881952,2,0.03209931172772545,0.6742117575994974,2,0.031819256975743164,0.6793165265584821,2,0.04024597407016797,2
8,4,4,0.7326894366278042,6,0.708865759390415,4,0.6757811037287245,4,0.7429691745748482,4,0.021248611375522194,0.7429691745748482,4,0.020964693730094564,0.6875647009365965,4,0.031258762189224645,2
8,4,2,0.8706271982903154,3,0.8545425047897439,2,0.8584910604976604,1,0.8860143372584648,2,0.03230267781765335,0.851190462126533,2,0.02990661243492768,0.8822474522885971,2,0.02916874952654385,2
8,4,4,0.8492627627208053,6,0.8583250777268545,4,0.8706271982903154,3,0.8883025692531843,4,0.02930621671189298,0.8463725070112498,4,0.02821121222054269,0.8883025692531843,4,0.026393378045971694,2
8,4,2,0.5821811029700018,3,0.6068809722924584,2,0.5700553342666833,2,0.7372072685958068,2,0.03603174304337143,0.734490250148873,2,0.035965732323681145,0.7372072685958068,2,0.035819080923061186,2
8,4,4,0.7599718636677703,6,0.7631883330688607,4,0.5821811029700018,3,0.7576456173661983,4,0.026535353444234373,0.7662533142926091,4,0.026784133183260804,0.7506528507566017,4,0.030344552446392944,2
8,4,2,0.7503446518395194,2,0.7503446518395194,2,0.6476151908490245,1,0.7450483446636197,2,0.02928297805751828,0.7163614379765078,2,0.029393653202015285,0.6544233794035704,2,0.050388669359942254,2
8,4,4,0.817798083708464,4,0.817798083708464,4,0.7503446518395194,2,0.8136766941467335,4,0.018404558590636312,0.8289395344685581,4,0.018215771655530306,0.7537224624177516,4,0.026213269371570234,2
8,4,2,0.7543920824399905,3,0.7504349855903231,2,0.6625341861839176,1,0.7452661446265312,2,0.03534493333586459,0.7355794704381567,2,0.03779009860046833,0.7452661446265312,2,0.03479860321826447,2
8,4,4,0.8739025445047914,5,0.8703712407391582,4,0.7543920824399905,3,0.8668086037714213,4,0.01637124971177623,0.8585224931617071,4,0.01755623402655108,0.8082378657414514,4,0.02681077954150683,2
8,4,2,0.7910703909516817,3,0.7950190048754687,2,0.752716649449939,2,0.7741752817058913,2,0.03463165088724406,0.7808091490199789,2,0.033394223698658465,0.7373249202936272,2,0.04544193026873812,3
8,4,4,0.8098415441389373,5,0.8151515415773065,4,0.7910703909516817,3,0.8180909844196195,4,0.019250066239238063,0.8390249695532406,4,0.02196889251458781,0.7904029666920479,4,0.030861695941320013,3
8,4,2,0.7541488581257854,3,0.7922148625275035,2,0.7437481944269501,2,0.7831129318955856,2,0.01664202567759204,0.7800418942905065,2,0.016847344136790104,0.7866516387344956,2,0.016705956526587896,3
8,4,4,0.8370127598429264,5,0.8167426337448704,4,0.7541488581257854,3,0.8116785361063966,4,0.013466898842584875,0.8170835777544162,4,0.013702642776458867,0.8165855638424165,4,0.013330941749110323,3
8,4,2,0.7462251737973221,4,0.640168100271618,2,0.6165194123750537,2,0.7175832778715072,2,0.03766753260841248,0.7067265368585521,2,0.03844897510665627,0.7151010778114738,2,0.03748628266248333,3
8,4,4,0.7878467876761082,4,0.7878467876761082,4,0.7462251737973221,4,0.7915324396535925,4,0.02454359903328246,0.7984784623190803,4,0.024329113322580073,0.792100954696569,4,0.024003432081914394,3
8,4,2,0.7823209259918803,2,0.7823209259918803,2,0.7199771208605302,2,0.7776594297227322,2,0.025645364171251267,0.7741979636852316,2,0.027395827435584885,0.6743204726127109,2,0.040687162710437805,3
8,4,4,0.832277891486199,5,0.8342819592725245,4,0.7823209259918803,2,0.8182843817127906,4,0.016563826590428217,0.7881691815100181,4,0.020652457795530252,0.7614770122968639,4,0.023976154258042788,3
8,4,2,0.7569610096768739,3,0.7618598898935458,2,0.752245451375959,2,0.7544967132787114,2,0.02049588886407745,0.7530987997914834,2,0.021007891084162907,0.7544967132787114,2,0.020272274770268175,3
8,4,4,0.8011411564169666,5,0.8136204576480566,4,0.7569610096768739,3,0.8061013339580836,4,0.015557191296813558,0.8027878047783203,4,0.016968210916805088,0.7521720406277737,4,0.020086986628074392,3
8,4,2,0.7964627843455581,3,0.782534515015598,2,0.7785645116850499,2,0.7968127729569148,2,0.019492398897673593,0.8077977463173196,2,0.01966802390176138,0.7855556734940344,2,0.01938436020051696,3
8,4,4,0.8268484917337406,4,0.8268484917337406,4,0.7964627843455581,3,0.8074579070533902,4,0.014787790568766763,0.8314613757374986,4,0.014620945670581456,0.8404688749255697,4,0.014514918822789262,3
8,4,2,0.736046596220408,3,0.7023262919455455,2,0.7084375392904788,2,0.691586784021967,2,0.04027860122310302,0.6706243886341207,2,0.043072433346865814,0.691586784021967,2,0.04019533313957996,3
8,4,4,0.8031120293927315,5,0.7967253150532044,4,0.736046596220408,3,0.7707691158273905,4,0.025879969356749365,0.7697922971112622,4,0.027103921431494826,0.7811155394289836,4,0.02582125183612332,3
8,4,2,0.8201047437509946,3,0.7714749478240254,2,0.7924628066671368,1,0.8043626974187075,2,0.031597171028551835,0.7968769069002403,2,0.02974419582633188,0.8043626974187075,2,0.0295339006431122,3
8,4,4,0.8118233638310257,5,0.8290763266285904,4,0.8201047437509946,3,0.8285910536367304,4,0.02118040555786591,0.840409725182333,4,0.020017491065409468,0.8285910536367304,4,0.019681689686151606,3
8,4,2,0.8677062458402182,3,0.8446760263689795,2,0.8104516193696242,1,0.8350998517867844,2,0.0283274383818513,0.8330061482496991,2,0.026037141731688872,0.8456931090501686,2,0.024774020585824806,4
8,4,4,0.8876422015578331,6,0.8704892076040265,4,0.8677062458402182,3,0.8600131127455315,4,0.02156316419000391,0.8615606402656691,4,0.019264681258093705,0.8579396988589382,4,0.01888556176807035,4
8,4,2,0.7644077202707721,2,0.7644077202707721,2,0.7514853053737737,1,0.7378877318394067,2,0.023826069201869183,0.7293030909949991,2,0.02443678001484746,0.7378877318394067,2,0.023400476912298455,4
8,4,4,0.7963725474467622,5,0.788787733179541,4,0.7644077202707721,2,0.7909924895165635,4,0.017802977833467827,0.7862605802691182,4,0.018389105617722706,0.7866686722592758,4,0.017392342496699693,4
8,4,2,0.6129321435842771,4,0.6141855025581494,2,0.5423703407670176,2,0.7368122727816585,2,0.01985884909993117,0.7357148078433831,2,0.0197469343406295,0.7368122727816585,2,0.019820085223112308,4
8,4,4,0.7240578801706189,6,0.7412684715836527,4,0.6129321435842771,4,0.7304570876095762,4,0.016804133898329132,0.7250282929132834,4,0.016631625216715722,0.7304570876095762,4,0.01684901175649041,4
8,4,2,0.8617949227509415,3,0.8578301562335844,2,0.8576049880898984,1,0.8603672306177749,2,0.021402165044198077,0.8603672306177749,2,0.021968660280556333,0.8546822707472476,2,0.023647453266870785,4
8,4,4,0.8661522251986499,5,0.8605884541172032,4,0.8617949227509415,3,0.8699419438634057,4,0.019818931582623413,0.861830349681972,4,0.021466116169181197,0.85892372877184,4,0.01963418923106826,4
8,4,2,0.7425347522653372,3,0.7113433575260548,2,0.6532207439588081,1,0.7283459878501303,2,0.029842543569726328,0.7508555054199602,2,0.029955997528535047,0.6654185628265799,2,0.05093898157891264,4
8,4,4,0.7522771151372779,6,0.7490865473100738,4,0.7425347522653372,3,0.7525520532896119,4,0.02826836287622575,0.7554718073079906,4,0.029675897168139252,0.7104192301151911,4,0.03393495432861479,4
8,4,2,0.7256090849263686,3,0.7507755101927891,2,0.6741948614644966,1,0.7432102580347596,2,0.03212828656180869,0.6971897444500674,2,0.035446369302294396,0.7162266911249945,2,0.03228996748426935,4
8,4,4,0.7511812569941271,6,0.7368402231203453,4,0.7256090849263686,3,0.7436021740127743,4,0.025309172349966557,0.7187340608758023,4,0.030799990003733218,0.7378685474336402,4,0.02548291182328127,4
8,4,2,0.793964069990969,2,0.793964069990969,2,0.7561176848764992,1,0.7955773214751805,2,0.02443797823149127,0.8026679911011864,2,0.02332335649405602,0.7838910945777162,2,0.027485643580617083,4
8,4,4,0.8750296354517658,5,0.8581254788398759,4,0.793964069990969,2,0.8383555776775435,4,0.018237454472936013,0.8403895444203501,4,0.016753059528352675,0.8383555776775435,4,0.016601681026976865,4
8,4,2,0.8815312103298149,2,0.8815312103298149,2,0.8493274300066617,1,0.870625156604618,2,0.01876908660404054,0.8660719526065777,2,0.018457272781686948,0.8536885971142321,2,0.023336578059975847,4
8,4,4,0.8708023311746598,6,0.8745253468023341,4,0.8815312103298149,2,0.8774024792537899,4,0.017154489482575114,0.8833359752295297,4,0.01749531834607923,0.8596205856326163,4,0.022802599075022932,4
8,4,2,0.7518836373310147,3,0.7120098513213052,2,0.6926800850873165,1,0.7031152023862253,2,0.03708202355298061,0.7083500186759818,2,0.038673455658837036,0.6852368239194198,2,0.04486806204334254,5
8,4,4,0.7855875454653163,5,0.7489634276807816,4,0.7518836373310147,3,0.7670845115552184,4,0.02569283747467915,0.7567268932459039,4,0.028323713125889678,0.7014870986488642,4,0.036005641713022916,5
8,4,2,0.8196355159646814,3,0.8004837810636468,2,0.8082802900321654,2,0.7998578247775591,2,0.03301042373772952,0.8003500792668867,2,0.03534625854542584,0.8002649350525903,2,0.03235681028437493,5
8,4,4,0.8279436937375075,4,0.8279436937375075,4,0.8196355159646814,3,0.8416637502650685,4,0.020988926912574313,0.8241023010747279,4,0.028516350002541067,0.8321280768244864,4,0.022887795561940726,5
8,4,2,0.7870773230906056,3,0.8002235038073314,2,0.7915613486529519,2,0.7865936809373243,2,0.02136534424296008,0.7883405220157917,2,0.021024767466384677,0.7865936809373243,2,0.021078500659536127,5
8,4,4,0.8280444410529708,6,0.8246547963026563,4,0.7870773230906056,3,0.7841062970430952,4,0.019327720028400996,0.79035542462508,4,0.018932750494433458,0.8161982721570972,4,0.01921143147973345,5
8,4,2,0.8364128897051596,2,0.8364128897051596,2,0.8238907104037729,2,0.8341134810818025,2,0.022106257438487334,0.8364128897051596,2,0.022198300101276505,0.8121744125101313,2,0.029177305572043274,5
8,4,4,0.8575801655324312,6,0.8554699432099748,4,0.8364128897051596,2,0.8611002840341384,4,0.016526479903954536,0.8594641555351306,4,0.017424678073510516,0.8364128897051596,4,0.02174435978142367,5
8,4,2,0.7302784747939015,3,0.7439031856262218,2,0.738918060329324,1,0.7373583067427383,2,0.025006602592722218,0.7333798109447651,2,0.024914593194645764,0.7373583067427383,2,0.02465022551498423,5
8,4,4,0.7535978080789101,6,0.7412329896581441,4,0.7302784747939015,3,0.7448467378636483,4,0.023840395439410297,0.7401096585637262,4,0.023954390900676956,0.7492239538283259,4,0.02420734385960164,5
8,4,2,0.8127733755868118,2,0.8127733755868118,2,0.7423545522596213,1,0.8168396643558736,2,0.02630643620095184,0.8144292404789749,2,0.02668033235551815,0.7353310257474598,2,0.05294252293158136,5
8,4,4,0.8131266817318132,5,0.8068584062060097,4,0.8127733755868118,2,0.8108563316936263,4,0.02497449588106855,0.80359958786506,4,0.024720794695001547,0.743340907036372,4,0.037820535412283876,5
8,4,2,0.7993082246359052,3,0.7968347601247959,2,0.7952174888145747,1,0.7944825996178174,2,0.012427747078466897,0.7977739712036107,2,0.012719878811573864,0.7952057939860341,2,0.017676162247035686,5
8,4,4,0.8313375439168602,5,0.8178208998324733,4,0.7993082246359052,3,0.8130808745123456,4,0.01075380018861856,0.807945212001461,4,0.01144145976310029,0.7937860189954701,4,0.013039726587325712,5
8,4,2,0.7797604489208017,2,0.7797604489208017,2,0.7531254453682289,2,0.7813261344135682,2,0.04276824085633836,0.7776533638227355,2,0.04130320679795569,0.7813261344135682,2,0.04161329653964067,5
8,4,4,0.8567256074626282,6,0.8569239137550599,4,0.7797604489208017,2,0.8257954292483196,4,0.02707922229988174,0.8035033627536289,4,0.026128638478468774,0.8257954292483196,4,0.025555714361297686,5
8,4,2,0.8316496121987332,4,0.7497638286300105,2,0.8004137155060509,2,0.8315828169081101,2,0.026955356545830995,0.8417447500731196,2,0.025205708115215046,0.8315828169081101,2,0.02613303548157167,6
8,4,4,0.8265843719013475,6,0.8340261778892284,4,0.8316496121987332,4,0.8458025091032455,4,0.018462953974048787,0.8486300579171069,4,0.017067430012730655,0.8520895807461452,4,0.017766244183751174,6
8,4,2,0.771629511683149,4,0.7865672516458166,2,0.7388679991277076,2,0.7799126111359471,2,0.03624129653820914,0.7859634667441837,2,0.03529206009851058,0.7799126111359471,2,0.035959599565568094,6
8,4,4,0.8268782213282773,7,0.7919487319872794,4,0.771629511683149,4,0.7687791364635793,4,0.030560287612170063,0.785314723338489,4,0.0301887108700465,0.7841150396961702,4,0.03361952575638277,6
8,4,2,0.7739769193517086,3,0.7742321604256011,2,0.7816190305145422,1,0.7823064295115759,2,0.03173667843355859,0.7341703043936147,2,0.033585111989074115,0.7855656826157862,2,0.03101358166104407,6
8,4,4,0.7508710238323263,6,0.7739884902411227,4,0.7739769193517086,3,0.7537296436741608,4,0.02578341273653788,0.7400015709002606,4,0.027685614450143566,0.7537296436741608,4,0.025050483746777163,6
8,4,2,0.8035204297479711,3,0.7356247018098222,2,0.8057177164297915,2,0.7718520207769377,2,0.02972627965887642,0.8145663421414406,2,0.023442671183020077,0.7718520207769377,2,0.029555360174582344,6
8,4,4,0.8305790223899565,5,0.8333250796207428,4,0.8035204297479711,3,0.8173298436184333,4,0.017880106987532774,0.8138388931171228,4,0.017205567862548746,0.8173298436184333,4,0.017614449217468943,6
8,4,2,0.7988338735284286,4,0.7918164972272835,2,0.7753926728252635,2,0.7696607728490699,2,0.024642461622614593,0.7747739623173319,2,0.0236766280973985,0.7696607728490699,2,0.024541866176347737,6
8,4,4,0.8404709320130276,6,0.8327116801315102,4,0.7988338735284286,4,0.8149379578027458,4,0.01726812915691348,0.8132855120413812,4,0.01677250778878579,0.8149379578027458,4,0.016914762863738775,6
8,4,2,0.8226944149550864,3,0.8082789053326611,2,0.7913964013966026,2,0.8141656731886493,2,0.015716568230350916,0.8093201161381556,2,0.015241832381164994,0.7135247698487881,2,0.027427548444424046,6
8,4,4,0.8056279277057435,7,0.7892855026277467,4,0.8226944149550864,3,0.826501105260906,4,0.01519402636154228,0.8040171875078082,4,0.014879607389480012,0.8022735316811236,4,0.01453727877788067,6
8,4,2,0.8209763008737403,2,0.8209763008737403,2,0.7954169901950469,1,0.8066810330668074,2,0.023876875970507493,0.7816469218873716,2,0.02344234792998806,0.8066810330668074,2,0.02343686779946992,6
8,4,4,0.7987534811493179,6,0.7761299267565122,4,0.8209763008737403,2,0.8285971518313252,4,0.021726539263231683,0.8265768330510668,4,0.021099724283810725,0.834279254280241,4,0.021141595717682343,6
8,4,2,0.7342974788386427,4,0.6589919276401374,2,0.637369684412603,2,0.580109786060061,2,0.046867824153666054,0.580109786060061,2,0.051357396493684156,0.580109786060061,2,0.04671554035159126,6
8,4,4,0.7189470248527903,6,0.7156482529462379,4,0.7342974788386427,4,0.726839306666538,4,0.030441502858360656,0.6752229227226579,4,0.03704211358417657,0.7235345395031798,4,0.030006691438536952,6
8,4,2,0.7650170310540827,3,0.772197454903827,2,0.7762479528339512,1,0.7896711159292268,2,0.02599559276680554,0.7551981227016336,2,0.027066971523899513,0.7896711159292268,2,0.02516564733489341,7
8,4,4,0.8005164197648694,7,0.8272650758007437,4,0.7650170310540827,3,0.8212706890110878,4,0.017458427619861144,0.8194318516211291,4,0.019557913093685677,0.8253741320787173,4,0.016709933251964296,7
8,4,2,0.6181727177517768,3,0.6004383800118008,2,0.6123196586471051,2,0.6001276496356518,2,0.02772622269155398,0.591834979727591,2,0.02940137835062481,0.6001276496356518,2,0.027746379099094578,7
8,4,4,0.7105919482578632,5,0.6896503723594508,4,0.6181727177517768,3,0.7291092968088276,4,0.016178763389803636,0.7275434743596585,4,0.01688982354723791,0.7291092968088276,4,0.016054662302136997,7
8,4,2,0.7478577340493072,3,0.7164356458862202,2,0.6749594336162575,1,0.6823645220414312,2,0.029493504204224516,0.7242587147687338,2,0.029706145859873044,0.6864889072508105,2,0.029333793459336302,7
8,4,4,0.8196524156871285,6,0.7653359409591605,4,0.7478577340493072,3,0.7849603343206515,4,0.019504883325931404,0.7788960411861339,4,0.019308132512422246,0.7849603343206515,4,0.019145750958832992,7
8,4,2,0.714113631742921,3,0.6792986316946257,2,0.7109139301086413,2,0.7214413275039486,2,0.023484928054905114,0.7268357611166881,2,0.023130084296283736,0.7268357611166881,2,0.02328310470777626,7
8,4,4,0.7509813992780173,6,0.7257139210989089,4,0.714113631742921,3,0.7378963031798108,4,0.02168146219195482,0.7391210639691651,4,0.021792705224943247,0.7378963031798108,4,0.02163723456755557,7
8,4,2,0.7417423523854301,3,0.7482585980934227,2,0.7619529652982654,2,0.7473612567511209,2,0.025431613192149375,0.7456172807280367,2,0.02586760042757148,0.6842908442906049,2,0.02562616251863305,7
8,4,4,0.7582534205247523,6,0.7817035453234388,4,0.7417423523854301,3,0.781314177763204,4,0.02256156537908762,0.781314177763204,4,0.02291757454872845,0.7887778214427351,4,0.020419570182786926,7
8,4,2,0.6850510627600697,3,0.6633306365204237,2,0.6337073803741691,2,0.6791082217487316,2,0.02953799294052076,0.6767723240840825,2,0.03006146648139671,0.6633306365204237,2,0.027547660172709217,7
8,4,4,0.7473797317178544,6,0.7134276266031616,4,0.6850510627600697,3,0.6923900117114434,4,0.025369022632707967,0.712808431272285,4,0.024681155657073153,0.7053092072287319,4,0.023914266486186664,7
8,4,2,0.7922819019313687,2,0.7922819019313687,2,0.6667247131721634,1,0.7953106419074382,2,0.028301922129951366,0.7994520601725392,2,0.02814889439906807,0.7922819019313687,2,0.0278444679605316,7
8,4,4,0.8717612461936787,6,0.8512367860783007,4,0.7922819019313687,2,0.8393522611061882,4,0.02040315363664606,0.8230078976679502,4,0.02108615533469454,0.8359939829926305,4,0.019856464874873133,7
8,4,2,0.8247494424060425,3,0.7816409969274428,2,0.6914449409634417,1,0.7904373455885566,2,0.027744033835332797,0.7917811652576591,2,0.02808993377388585,0.7904373455885566,2,0.027327805677509743,7
8,4,4,0.797297955851892,6,0.8205761953283752,4,0.8247494424060425,3,0.8184757061293627,4,0.016802859065211114,0.8259797478224395,4,0.017352875214546464,0.8184757061293627,4,0.016586140776438427,7
8,4,2,0.7271043518193854,3,0.7307120906461689,2,0.6230150796903499,1,0.7446600270108231,2,0.030861380517102674,0.6573428046022483,2,0.03751330932188621,0.7446600270108231,2,0.03046783668109972,8
8,4,4,0.7906137320594476,5,0.7916081883209227,4,0.7271043518193854,3,0.7833485523104163,4,0.023999117247582125,0.7702720982116145,4,0.025730937976719135,0.7557067273076346,4,0.030058192551438177,8
8,4,2,0.8053349924378325,2,0.8053349924378325,2,0.8060264037734589,1,0.8156953774289738,2,0.0332211743588961,0.8233454501756182,2,0.03747054091049427,0.8185562930133223,2,0.03135601026410695,8
8,4,4,0.8158471231446632,5,0.8297939377251553,4,0.8053349924378325,2,0.813491002186203,4,0.028018476958630276,0.834892136252052,4,0.03255376654974769,0.8349349602191992,4,0.02643933605908294,8
8,4,2,0.7133798495027351,3,0.6974846848501437,2,0.7093764885509829,1,0.7103072206014034,2,0.025533691167328787,0.7103072206014034,2,0.02519384292624569,0.7103072206014034,2,0.025513989548763306,8
8,4,4,0.7760089096017464,6,0.7785116044970037,4,0.7133798495027351,3,0.7594226245064056,4,0.020975688586446606,0.761353788316972,4,0.020856182693962947,0.7594226245064056,4,0.02100456945658253,8
8,4,2,0.8181274563123516,2,0.8181274563123516,2,0.7345223798717723,1,0.8192799418752201,2,0.028023830144797632,0.8096281674566911,2,0.02879625162254423,0.7326414002307076,2,0.03791655211025778,8
8,4,4,0.8443846915728338,5,0.8158081374518646,4,0.8181274563123516,2,0.8195061079599578,4,0.025964886242986786,0.8199720422937912,4,0.027865176840707405,0.8065251133137008,4,0.024950999369117266,8
8,4,2,0.6723983978871912,3,0.6676368130483838,2,0.6323364194220634,1,0.6783403136525282,2,0.022394145705010544,0.6745946494618633,2,0.022957635316805045,0.6832427160797462,2,0.022116151273025568,8
8,4,4,0.680430851634198,5,0.6783722558584654,4,0.6723983978871912,3,0.6938786010797825,4,0.02138564821588458,0.6923392923358291,4,0.02231256969310551,0.6746421792667135,4,0.021396453362300706,8
8,4,2,0.6534729067195169,4,0.621176562925041,2,0.601249781024635,2,0.674046402490958,2,0.01930556400036603,0.6676590818284993,2,0.019488917238787627,0.6151227920520778,2,0.020768367656367963,8
8,4,4,0.6709921041432896,5,0.634278535753724,4,0.6534729067195169,4,0.6850903240697274,4,0.01825847706633035,0.6895799195413179,4,0.01845757788875465,0.6581525897040694,4,0.018709917503882262,8
8,4,2,0.794580056302924,3,0.7926578148137089,2,0.7848447896212376,1,0.7645355005007933,2,0.027377603735173346,0.7281954569879447,2,0.026649356885504426,0.7554813773305907,2,0.02917191199942974,8
8,4,4,0.7855751846469211,6,0.7941984252520842,4,0.794580056302924,3,0.7876793469612258,4,0.02276692467175948,0.7829799178019452,4,0.022103627934609654,0.7876793469612258,4,0.0224249550177271,8
8,4,2,0.7137858049383404,3,0.6974078655704513,2,0.6915939193423604,2,0.6699113232930918,2,0.028037304579421475,0.6672948107023368,2,0.028020870042346945,0.6818179186364414,2,0.026268933249799495,8
8,4,4,0.7503742653658081,5,0.7371906552680327,4,0.7137858049383404,3,0.7445252679786927,4,0.018824004456302328,0.748757994514761,4,0.018361261521336287,0.7535252579842707,4,0.018601569003074487,8
8,4,2,0.7363111432684195,4,0.7433753683177801,2,0.758977915326594,2,0.7699767574186392,2,0.024924389531192,0.729423161804275,2,0.02571716305949606,0.7661546211347946,2,0.030386739163307523,9
8,4,4,0.715385380557249,6,0.7605764272125413,4,0.7363111432684195,4,0.7712017107851765,4,0.02407323471926235,0.7485344309519613,4,0.024370371364521252,0.7769610820142091,4,0.023999801833247684,9
8,4,2,0.772775862503724,4,0.7518119354112816,2,0.7197324311489811,2,0.7380213977888485,2,0.03925116703724608,0.6799732854208383,2,0.05226631901908598,0.6972036715597284,2,0.04527821166731603,9
8,4,4,0.7862016191176512,7,0.7890296247116251,4,0.772775862503724,4,0.7794045656496612,4,0.029798702429708248,0.7825864599919066,4,0.03802380627143882,0.7817332830545353,4,0.029062801175206546,9
8,4,2,0.6742341681230939,3,0.6508638441711521,2,0.6465443463973457,1,0.7046462754861467,2,0.03246110309306658,0.715185933511174,2,0.03265229827509893,0.7046462754861467,2,0.0323331743259374,9
8,4,4,0.766454469848281,6,0.7281006527497013,4,0.6742341681230939,3,0.7549693386053313,4,0.027252198139168744,0.7450231474450286,4,0.028365988903847342,0.7425363730757318,4,0.03004942615180335,9
8,4,2,0.7674019728801329,3,0.7734563400711211,2,0.775608546883867,1,0.7832904791017626,2,0.028871668327615764,0.7885733559401144,2,0.028385636823543395,0.7832904791017626,2,0.02847784596219744,9
8,4,4,0.7734400570706164,5,0.7494626097514273,4,0.7674019728801329,3,0.7929942709090685,4,0.02665024647781134,0.7955110664328383,4,0.02722333911377096,0.8103486149726058,4,0.025358623425673653,9
8,4,2,0.7930545570605739,4,0.7570970106829952,2,0.620154198201942,2,0.7836077246682431,2,0.04078172297128785,0.7779379337864774,2,0.04421958336269917,0.7527337236275271,2,0.035468683220338894,9
8,4,4,0.8364857607341147,6,0.8455224137499676,4,0.7930545570605739,4,0.8443818352384755,4,0.026149468788272748,0.8439214652588187,4,0.02760723872554368,0.8487578023168985,4,0.025235780429442238,9
8,4,2,0.7460725169120352,3,0.7503394260597989,2,0.7503394260597989,2,0.7503394260597989,2,0.023693491813076634,0.7503394260597989,2,0.025143740752360443,0.7503394260597989,2,0.025726244802634492,9
8,4,4,0.7469047975289353,5,0.7488127857011813,4,0.7460725169120352,3,0.7478061864518487,4,0.023105711367668955,0.7447841979686513,4,0.02463722809602638,0.7503394260597989,4,0.024412466915463775,9
8,4,2,0.8511021153529733,2,0.8511021153529733,2,0.8499235911869725,1,0.8466472402763111,2,0.027503020440571534,0.8411875961819577,2,0.025999297678815987,0.8466472402763111,2,0.026353501840681137,9
8,4,4,0.8255638335820974,4,0.8255638335820974,4,0.8511021153529733,2,0.8098190060513508,4,0.026886654277088973,0.8029939412199477,4,0.026255315654873795,0.8242410941916216,4,0.025947739858026054,9
8,4,2,0.7030706631387299,4,0.7003164361186719,2,0.7051590680560662,2,0.7447005201646694,2,0.025796138757955694,0.7288935718890451,2,0.025906638562802783,0.7380634824946407,2,0.026696747391540404,9
8,4,4,0.7652497407690553,7,0.7321836334669786,4,0.7030706631387299,4,0.7506611325983557,4,0.02211935855668839,0.7500026259090087,4,0.021883489488532706,0.7506611325983557,4,0.021921387396894403,9
8,4,2,0.6698467344182135,4,0.7021062174228972,2,0.6309785032883848,2,0.704047233528152,2,0.02358123157472712,0.7021062174228972,2,0.02329474120587464,0.704047233528152,2,0.023527092386969872,10
8,4,4,0.7235825265530264,6,0.7225738482888315,4,0.6698467344182135,4,0.7292699779325088,4,0.01992157103549525,0.7292359141521066,4,0.019427295431331967,0.7292699779325088,4,0.019851920900097422,10
8,4,2,0.730785685761541,4,0.6207894735898838,2,0.8086424728745268,2,0.7975311781502026,2,0.022247219943311743,0.7991020978618157,2,0.021092854044694825,0.8009002485309333,2,0.021896157532903297,10
8,4,4,0.8256651935681448,5,0.8065978574073188,4,0.730785685761541,4,0.7861133290008123,4,0.018707995744095613,0.7761352423154787,4,0.017847383977911174,0.7861133290008123,4,0.01855468565477483,10
8,4,2,0.5789503978824643,3,0.5806523416865402,2,0.5640755761905226,2,0.5793699987104709,2,0.020504112191278397,0.5788858273429044,2,0.022041136172246206,0.5508329320874071,2,0.022203171649281005,10
8,4,4,0.6483925024709788,5,0.6555940889185273,4,0.5789503978824643,3,0.6555940889185273,4,0.015932627450768854,0.6555940889185273,4,0.016989978292988758,0.5731450211332507,4,0.02107552078858174,10
8,4,2,0.7323849243359354,4,0.6992334357236386,2,0.6378607776870997,2,0.647558734443392,2,0.027250462121321217,0.6442045179320106,2,0.02896786975477483,0.647558734443392,2,0.02712613715755762,10
8,4,4,0.7632483481563825,6,0.7239803118953954,4,0.7323849243359354,4,0.7342205713004601,4,0.019915296466032753,0.7272007122742795,4,0.021466179859510215,0.7294720373329258,4,0.019961758508095093,10
8,4,2,0.7271435030122729,4,0.6925302288361461,2,0.6123693783459103,2,0.6804178593983063,2,0.021851833425959182,0.6694037257454892,2,0.02170675703746679,0.6804178593983063,2,0.02180504544775148,10
8,4,4,0.73281061481088,5,0.7260912875330265,4,0.7271435030122729,4,0.7139196762214264,4,0.015843474378697684,0.7164725544974138,4,0.015580639644867401,0.7090641432445257,4,0.0158156678921159,10
8,4,2,0.775035466039268,3,0.7517950509304423,2,0.7497852365534929,2,0.7541086152852966,2,0.020810324491704116,0.7465022422093998,2,0.02109179785036074,0.7541086152852966,2,0.02046243332403599,10
8,4,4,0.8047874824160356,6,0.7725911694576184,4,0.775035466039268,3,0.7836829078790228,4,0.01946005652053098,0.7671368837739962,4,0.020333202195785365,0.7884433477541994,4,0.01847459211372014,10
8,4,2,0.7288524590860388,3,0.6672901319714889,2,0.6515811391788836,2,0.6723096816858901,2,0.024550515575484023,0.6792504638366128,2,0.025341086050098972,0.6723096816858901,2,0.024418928430385463,10
8,4,4,0.7193996644067341,5,0.7206864997050663,4,0.7288524590860388,3,0.7273740107836254,4,0.01850858571488422,0.7291507027750385,4,0.019135890374201495,0.731337907584653,4,0.018729421745593465,10
8,4,2,0.8287828702845299,4,0.7565719106734092,2,0.7609442425030708,2,0.7612650153176515,2,0.023622375317829004,0.7670440772161538,2,0.022868124428478947,0.7612650153176515,2,0.023236877251375528,10
8,4,4,0.8707414796988802,6,0.8309802283720805,4,0.8287828702845299,4,0.829586068999111,4,0.013666021244497454,0.8319475650005218,4,0.013383160372631448,0.805589247135475,4,0.01993046751622607,10
8,4,2,0.8009581985353496,3,0.8160823037657016,2,0.7532908612029307,1,0.8187463498967021,2,0.019038259995000886,0.8118491922468005,2,0.018909779077972966,0.7909838500940589,2,0.016405115898482328,11
8,4,4,0.8288437343634256,4,0.8288437343634256,4,0.8009581985353496,3,0.8234066049105513,4,0.014922519058726514,0.8254292153844737,4,0.014896919670599423,0.7954407837962199,4,0.01582209300940622,11
8,4,2,0.824881242125845,3,0.822386185823528,2,0.7247866326924424,1,0.8215667765337571,2,0.02278563225805211,0.8132628139394661,2,0.022476652665866945,0.8215667765337571,2,0.022111001407140257,11
8,4,4,0.8089386298030692,5,0.8200212805892667,4,0.824881242125845,3,0.8196120845227964,4,0.017597238942356198,0.8047578172891431,4,0.017474326671969347,0.8196120845227964,4,0.01700689133348069,11
8,4,2,0.7624808512245737,3,0.7695526157367418,2,0.7012439951867228,1,0.7555288862043728,2,0.026234881819326903,0.7362062795247836,2,0.027440477534282498,0.7418065124035688,2,0.02953149451304448,11
8,4,4,0.7777401078651942,5,0.7747137477132832,4,0.7624808512245737,3,0.7975704848094783,4,0.02467807925618512,0.7796545800174696,4,0.026799310877697647,0.7552890056095498,4,0.02597446988491124,11
8,4,2,0.7904470754097688,3,0.7865911866858699,2,0.6448675362110087,2,0.7879337667212988,2,0.011819633870125442,0.7879337667212988,2,0.011834775767520617,0.6145178179538893,2,0.019761322263976443,11
8,4,4,0.7931648441442861,5,0.7975225105015515,4,0.7904470754097688,3,0.7918631814254484,4,0.00924170754897128,0.7933591533194956,4,0.009253256432769065,0.7830290385975901,4,0.010076193617514054,11
8,4,2,0.6568429210452961,2,0.6568429210452961,2,0.5872087122629484,1,0.6473236329735829,2,0.03508635968453251,0.6440212394950195,2,0.03577622769492567,0.6525470616339347,2,0.035980446567355884,11
8,4,4,0.7441727134331076,5,0.7679488503897068,4,0.6568429210452961,2,0.7307655858933843,4,0.02718186575857424,0.737187346557996,4,0.027270077804851463,0.7488266377459755,4,0.02412306945059397,11
8,4,2,0.7143303273075475,4,0.6571970906651854,2,0.7522977727830922,2,0.7388296707192611,2,0.024637290504636308,0.7477373899550996,2,0.024504152188282342,0.6908420103350779,2,0.027735850849200654,11
8,4,4,0.7885800631691585,6,0.7697216124528868,4,0.7143303273075475,4,0.7706597603467813,4,0.018977793037344853,0.7654394692030321,4,0.019352944287489727,0.7075797540782561,4,0.021985929679829395,11
8,4,2,0.7913758892452988,3,0.7674638689851468,2,0.7679782142556419,1,0.7786922263945326,2,0.021401597588763196,0.7789647092808801,2,0.022084972382870167,0.7828062960515666,2,0.02037160886621818,11
8,4,4,0.7849224635759567,6,0.7831966287192753,4,0.7913758892452988,3,0.7913408189806097,4,0.018710551005950312,0.7931694568417921,4,0.019115147724271454,0.7913408189806097,4,0.017725117456708038,11
8,4,2,0.7328402640435522,3,0.7665500197061189,2,0.7533285065171311,2,0.7523634715026042,2,0.021458536850165577,0.7405117495202056,2,0.02349124848792077,0.7523634715026042,2,0.021241037607694784,11
8,4,4,0.8172465008241905,4,0.8172465008241905,4,0.7328402640435522,3,0.8370517308246993,4,0.015308313501052977,0.8285864896442797,4,0.016697480575424965,0.8388337493878223,4,0.014952243848562708,11
8,4,2,0.8401776169233558,4,0.8386248475648165,2,0.8386248475648165,2,0.8370746491697888,2,0.026055176331872033,0.8399922755684094,2,0.026626314713117834,0.8386248475648165,2,0.02790545295704594,12
8,4,4,0.8391795684119163,7,0.8342686120920034,4,0.8401776169233558,4,0.8415450449269487,4,0.025138141460708835,0.8400735575433732,4,0.02588271744794507,0.8357076833187644,4,0.025879901577232838,12
8,4,2,0.699538617516219,3,0.7324352653624345,2,0.7026253792368827,2,0.7327435765054869,2,0.03645242180298594,0.7324352653624345,2,0.035612238014043694,0.7327435765054869,2,0.03557800704038163,12
8,4,4,0.7976870271444454,6,0.7774575805981592,4,0.699538617516219,3,0.7417707031842992,4,0.03427045119242726,0.7495082148400563,4,0.034847517541506355,0.745008584389816,4,0.03378307060591424,12
8,4,2,0.7385948774538273,3,0.6729961883795529,2,0.7200140353678508,2,0.6945322445825232,2,0.022150252960630324,0.6994755061807427,2,0.021895243348148734,0.6945322445825232,2,0.022061321586277566,12
8,4,4,0.7901070416370325,5,0.7968133182893199,4,0.7385948774538273,3,0.7594826587603575,4,0.018594769133358915,0.7631281460848072,4,0.018389752199039343,0.7594826587603575,4,0.018461425165298403,12
8,4,2,0.6739340796607148,3,0.6677629036805147,2,0.6399955973172308,2,0.663607747933888,2,0.0413945281967973,0.6746787958964682,2,0.04322074905598292,0.6148237188005207,2,0.049533992171011995,12
8,4,4,0.8632352526113515,6,0.8747549788594785,4,0.6739340796607148,3,0.8695767972625987,4,0.011554356900791783,0.8614655909024511,4,0.011133100488284777,0.8648642368421527,4,0.011649509866070046,12
8,4,2,0.804305299825081,4,0.7690820550810747,2,0.785724019366614,2,0.7513295888244256,2,0.032556416002628104,0.7224257954658285,2,0.032746192812238284,0.7699881762298088,2,0.03497796667868833,12
8,4,4,0.8389943938506373,7,0.7838631904947463,4,0.804305299825081,4,0.7424916786041822,4,0.028848043019314724,0.7411862751388818,4,0.029493600268770823,0.7685369204568082,4,0.027991561188847523,12
8,4,2,0.6391064718500269,3,0.6099129969217633,2,0.6182330026126043,2,0.6017251039481519,2,0.0436210802612696,0.6066880758030607,2,0.0449722292192524,0.6017251039481519,2,0.04347633705250783,12
8,4,4,0.8524289683890549,5,0.8350614214052887,4,0.6391064718500269,3,0.8198386221810251,4,0.01909166612032246,0.8198386221810251,4,0.018339395805742436,0.6347361432539578,4,0.04320857249036737,12
8,4,2,0.685810477328288,4,0.7439379875716589,2,0.5958363573780286,2,0.724960689490007,2,0.03697752458378091,0.7296219887520978,2,0.03733484535718014,0.7224041901873374,2,0.03663294707390778,12
8,4,4,0.7230342389811852,7,0.721916120454937,4,0.685810477328288,4,0.7125982811736069,4,0.03309065536243036,0.6882171080232764,4,0.035810331352885166,0.7026110872740302,4,0.0343588485607688,12
8,4,2,0.8704196585160184,4,0.8646887681259309,2,0.8679677121812148,2,0.8756251039601558,2,0.030176230889925833,0.8734872245387061,2,0.030368596575110287,0.8735414192705588,2,0.030267678072205543,12
8,4,4,0.8787179742644946,6,0.8827473519152121,4,0.8704196585160184,4,0.8774077250125073,4,0.02982623274465943,0.87281574966132,4,0.02609472884363746,0.8816721647527797,4,0.026180002860280494,12
8,4,2,0.7818274666783862,3,0.7549261520234528,2,0.7028288554452912,1,0.7615919033728366,2,0.025611619967738742,0.7499180165004639,2,0.03490317018305881,0.7278120020046263,2,0.03323195479023581,13
8,4,4,0.8155229122513388,7,0.7769951487818396,4,0.7818274666783862,3,0.8126340284257597,4,0.018007076574013948,0.7626150435656867,4,0.021706687119445428,0.816815754795756,4,0.017466557653746634,13
8,4,2,0.8503447859004009,3,0.8502405614169943,2,0.8454936364384819,1,0.8607867517068111,2,0.01883826532168451,0.8471257836002501,2,0.01997403854861554,0.8552656315672186,2,0.025643991362620227,13
8,4,4,0.862261679865346,7,0.8659224132828145,4,0.8503447859004009,3,0.8588934811019824,4,0.017823951732424806,0.8571937409147934,4,0.017665794955038776,0.8530432472592095,4,0.01952608914367465,13
8,4,2,0.8436458809471612,3,0.8360080751379071,2,0.8364971430384558,2,0.8529883968557895,2,0.012476916118110193,0.8199147839022215,2,0.012159101723002238,0.8412973770366222,2,0.01467500678098375,13
8,4,4,0.8448539972170699,6,0.8482932142633439,4,0.8436458809471612,3,0.8509684605630681,4,0.010547202627661068,0.8351563094406361,4,0.011068105890205696,0.8471262087741476,4,0.010626305336204551,13
8,4,2,0.8143798268042582,3,0.8026473162896549,2,0.80527661528998,1,0.8068814305977912,2,0.025944953068254135,0.8090691099821941,2,0.025695434487208072,0.8095547311724147,2,0.03675838821944074,13
8,4,4,0.8307525079845018,7,0.8234107417778449,4,0.8143798268042582,3,0.8469667489179149,4,0.02255194011237419,0.8036715437129694,4,0.022862697081776948,0.8199535296957758,4,0.022728647760398152,13
8,4,2,0.9069067150140256,4,0.9071894014692965,2,0.9106532622224837,2,0.9146050802795127,2,0.02016004493187362,0.9175611232676023,2,0.020794544201762785,0.907871728221043,2,0.0239264552706955,13
8,4,4,0.9119769768609511,7,0.9175122122967889,4,0.9069067150140256,4,0.9169858098941787,4,0.01753362654561875,0.9180313972431362,4,0.021807474292483937,0.9126170809168799,4,0.020479834952097604,13
8,4,2,0.7856395510141994,3,0.7979856023750049,2,0.8094071160119125,1,0.8076433178554078,2,0.02914536002027406,0.811117786167554,2,0.02955359288583166,0.806680918833445,2,0.03596232390812577,13
8,4,4,0.8251034680229615,7,0.8121806604713526,4,0.7856395510141994,3,0.8297749377801061,4,0.02598660998520841,0.8294965896994789,4,0.02483577149964525,0.8195883706145595,4,0.025017154687040733,13
8,4,2,0.7324714174729909,3,0.7091993605871456,2,0.7206532578469571,2,0.7111835735807819,2,0.02405710309851681,0.7032434085654767,2,0.02432786494874529,0.7111835735807819,2,0.024029302323800128,13
8,4,4,0.759495981173233,6,0.7434256140371145,4,0.7324714174729909,3,0.7280787554568267,4,0.018292876174119448,0.7404581896956333,4,0.0185786873735685,0.7280787554568267,4,0.018239472852203783,13
8,4,2,0.8574776133801629,4,0.8582146337763072,2,0.8574776133801629,2,0.8559639046034148,2,0.024161379449268196,0.8530882102047531,2,0.029496029244028492,0.8535430266318211,2,0.027601651943966223,13
8,4,4,0.8650535578750242,6,0.8621999084006147,4,0.8574776133801629,4,0.8671690734989229,4,0.020329950167895752,0.8485355450549824,4,0.024757880882416605,0.8658157236615336,4,0.019570275018231695,13
8,4,2,0.7934023510153907,3,0.7958592464708145,2,0.7127074866684778,2,0.7991733223469342,2,0.021194776160082824,0.7941679053197912,2,0.020826592042212967,0.7991733223469342,2,0.020904252193459313,14
8,4,4,0.8226839022324238,4,0.8226839022324238,4,0.7934023510153907,3,0.7766558190159293,4,0.02140697463495885,0.7983298655554922,4,0.020937388536084525,0.7914260094546314,4,0.020831366691323655,14
8,4,2,0.7016359697235384,3,0.689649992965302,2,0.666640638945164,2,0.7250003030010534,2,0.03275760038732204,0.7301615992280915,2,0.03196913891150064,0.7282002374011437,2,0.03249494232947677,14
8,4,4,0.7165369361420344,5,0.7343836063654968,4,0.7016359697235384,3,0.7440081542024263,4,0.031709516920857626,0.7286316157535065,4,0.03127792662511491,0.7623612383025798,4,0.030054514892661064,14
8,4,2,0.6596645257719366,3,0.6390448577364342,2,0.6396622303118252,2,0.709943228286525,2,0.03744724294281338,0.7127419411901774,2,0.0376620040891053,0.641515713763597,2,0.040313915091300064,14
8,4,4,0.6732132393972581,6,0.6643394894950395,4,0.6596645257719366,3,0.7460882285533567,4,0.029845492174018613,0.7460882285533567,4,0.03005420407053034,0.7292900132297393,4,0.03449138787013647,14
8,4,2,0.6664240567270951,2,0.6664240567270951,2,0.6607034258361012,2,0.6664240567270951,2,0.02465379057740411,0.675962061799532,2,0.02482907633809064,0.6894087210500689,2,0.024243828717506417,14
8,4,4,0.703425722005044,5,0.7107734939973448,4,0.6664240567270951,2,0.7091632436733509,4,0.020275953403060494,0.713152202134653,4,0.020286692470242253,0.7143552722022922,4,0.022008520392143124,14
8,4,2,0.6703778925683677,3,0.6113594625124897,2,0.6421972250508402,2,0.6203669658218561,2,0.026051118107417618,0.6223112608352258,2,0.02589004986154635,0.6203669658218561,2,0.026045797480884564,14
8,4,4,0.7026662553254319,6,0.6817268486087514,4,0.6703778925683677,3,0.6985762557677029,4,0.022305776668794658,0.6946893363992139,4,0.021879361190817976,0.6985762557677029,4,0.022263279101979744,14
8,4,2,0.7363567296821123,3,0.720978314537686,2,0.6680134877761459,2,0.7058763751353792,2,0.020770462224020264,0.7043924786013691,2,0.020516221813108564,0.5693977554452154,2,0.029978476542490685,14
8,4,4,0.7984212859946564,5,0.7868355537211955,4,0.7363567296821123,3,0.7866447370401507,4,0.015579912385090489,0.7948279534388338,4,0.015201817472722652,0.6593442138337677,4,0.02460968178739759,14
8,4,2,0.609508902514351,3,0.617150172343363,2,0.5964602412305622,2,0.6248845648301344,2,0.025790453369373068,0.5950491763311133,2,0.026057341089067515,0.6248845648301344,2,0.025766024684841567,14
8,4,4,0.6218349399375995,5,0.6239077094649252,4,0.609508902514351,3,0.6330257364690094,4,0.023669901725001018,0.6380451467911447,4,0.02304643156301496,0.6606466720226212,4,0.022989743517832232,14
8,4,2,0.5963003826098205,4,0.589788915150506,2,0.6224341882799574,2,0.6308836351702155,2,0.03218963874509135,0.6381299832599642,2,0.03229894952633751,0.6308836351702155,2,0.03222504117429529,14
8,4,4,0.6299201599423666,5,0.6135201579713879,4,0.5963003826098205,4,0.6391953488318799,4,0.03018199306023947,0.6316668573949983,4,0.030069920818474503,0.6345241127468536,4,0.03102653031303371,14
8,4,2,0.765552500113215,4,0.745166940954344,2,0.7831338323449587,2,0.8046850062478147,2,0.023042018731522767,0.8056108572103609,2,0.02297009979280979,0.8046850062478147,2,0.022298130618034526,15
8,4,4,0.7740831163315617,5,0.7948808663038547,4,0.765552500113215,4,0.8170124942406174,4,0.019097126530476575,0.7785595925058074,4,0.01966956683385392,0.7882707095228513,4,0.01877985675699625,15
8,4,2,0.6707899508882568,2,0.6707899508882568,2,0.6765559197654691,1,0.7579284171746599,2,0.023606096747647354,0.7521684089465899,2,0.023852384806186205,0.7579284171746599,2,0.02333209015986746,15
8,4,4,0.7522671690638315,6,0.759418784963725,4,0.6707899508882568,2,0.7873203724589848,4,0.019921672244758794,0.7326106767047482,4,0.022396582133045455,0.7542034568170514,4,0.022139294947422287,15
8,4,2,0.7760393385731217,2,0.7760393385731217,2,0.7231159407814736,2,0.7893671722547257,2,0.027018034333434308,0.7893671722547257,2,0.026300467161037604,0.7858222463032744,2,0.02626127933945541,15
8,4,4,0.7904458865572698,5,0.7814740390591031,4,0.7760393385731217,2,0.8021615137551793,4,0.02155934279254963,0.8045367206987919,4,0.02070668827747199,0.8021615137551793,4,0.020769986546288994,15
8,4,2,0.8125832398016392,3,0.7939653906185992,2,0.8067810477798246,2,0.7896423661566166,2,0.027052053124054173,0.8061169401179211,2,0.02701324831346065,0.7878529291720674,2,0.03702393385234077,15
8,4,4,0.8495945508747746,7,0.8426508375782167,4,0.8125832398016392,3,0.8560017390955659,4,0.018749678474576276,0.8217441339483774,4,0.020845882963537704,0.8039917977666323,4,0.02458710137273387,15
8,4,2,0.7905220640044572,2,0.7905220640044572,2,0.7515475974989899,2,0.8044717067587914,2,0.029491393051731846,0.8008957422412588,2,0.028899551789819015,0.808634227289517,2,0.02861741787609007,15
8,4,4,0.8463453359739058,5,0.8509791230615079,4,0.7905220640044572,2,0.8729784498231181,4,0.018256475403211105,0.8727617952422976,4,0.017751898900961273,0.8764509821889462,4,0.017380844110456515,15
8,4,2,0.7681557362396574,3,0.7896500787397625,2,0.7554108957938278,2,0.8026223676780528,2,0.02748951274572984,0.7525777957741819,2,0.037497613727981625,0.8016720438499648,2,0.02685177492171143,15
8,4,4,0.8276512927188899,6,0.8078186878208398,4,0.7681557362396574,3,0.8027385920476031,4,0.01993445697283616,0.7722197561339516,4,0.026022760026311736,0.7858885303732374,4,0.021372549571974948,15
8,4,2,0.8031217584809938,3,0.7827871756855779,2,0.7644688377889494,1,0.7703713948376704,2,0.03248036125702761,0.771447072057786,2,0.036772046837616326,0.778544658106596,2,0.02961880305242262,15
8,4,4,0.824325044795801,6,0.8045023194997096,4,0.8031217584809938,3,0.8154730427147584,4,0.02338519108583552,0.8015662654244566,4,0.025609446367655133,0.8075613606369482,4,0.02375663991260168,15
8,4,2,0.7892554010373767,2,0.7892554010373767,2,0.7420854738974851,2,0.8030495993118792,2,0.025127676012941465,0.7778106921790064,2,0.025716326421294712,0.8030495993118792,2,0.024462266105747196,15
8,4,4,0.7925874998481114,5,0.8157970443990289,4,0.7892554010373767,2,0.8083895584119525,4,0.024647131532845198,0.7929503152796066,4,0.02573235633958472,0.8111487472261353,4,0.02472683774515822,15
8,4,2,0.801994488493557,3,0.7684852863923214,2,0.7705197345987971,2,0.782054597447537,2,0.030114673290073814,0.775070863277408,2,0.028591994317407044,0.7864930292387555,2,0.029022902055029463,16
8,4,4,0.8610843220492829,5,0.8415542912150267,4,0.801994488493557,3,0.8383270471348433,4,0.014823535944345934,0.8263757968859538,4,0.014352136884826849,0.8324333356629586,4,0.014147931085297662,16
8,4,2,0.7342519646211946,3,0.732067287093534,2,0.728839675603205,2,0.7975929252531607,2,0.029070876098939893,0.7993373160243127,2,0.028776063826119188,0.7975929252531607,2,0.02853097928303644,16
8,4,4,0.8379249270255583,7,0.8174601773880613,4,0.7342519646211946,3,0.8321505477215565,4,0.02147118822271421,0.8289113672710348,4,0.02097627154028864,0.8352095404644795,4,0.021012318069703446,16
8,4,2,0.7583314972495484,2,0.7583314972495484,2,0.7262260631880876,1,0.762799640441165,2,0.025797296234981556,0.7657497215202825,2,0.02653501060922864,0.762799640441165,2,0.025457433528636695,16
8,4,4,0.7872416535105454,5,0.7841534722286888,4,0.7583314972495484,2,0.778572501077989,4,0.016173000746457472,0.7834170016514479,4,0.016468393683100595,0.778572501077989,4,0.015555374958465928,16
8,4,2,0.7402146717315143,3,0.7737234920580732,2,0.5547393716350528,2,0.7578504134518331,2,0.028357805654805085,0.7426754617752627,2,0.027922034609535813,0.7506342170324798,2,0.02774297935926534,16
8,4,4,0.7663591169970814,5,0.7590174515921525,4,0.7402146717315143,3,0.8021805659120986,4,0.021578583433833634,0.8027576246504143,4,0.02274307392123817,0.7933343067858932,4,0.021927946862018297,16
8,4,2,0.7963013980914978,3,0.8167008225808977,2,0.7771057728284413,1,0.819991286192301,2,0.03125457794106576,0.8226733937738427,2,0.030605992135693677,0.7703667980945214,2,0.040777024223365536,16
8,4,4,0.8379911838870153,6,0.8050280569106729,4,0.7963013980914978,3,0.8144949105800837,4,0.02693518915289789,0.8053995004131447,4,0.027038968813160504,0.8118066110946713,4,0.02555845844645902,16
8,4,2,0.7723875376340399,3,0.7238510377481203,2,0.7544221553356463,2,0.7913173979936992,2,0.021948249844011877,0.7888394026675519,2,0.021180310693912678,0.6903608135125484,2,0.0338416233680176,16
8,4,4,0.8400556094574785,6,0.8243473146563262,4,0.7723875376340399,3,0.8526750516866684,4,0.01687034793176993,0.789112647482147,4,0.016613558710621885,0.8569892101657134,4,0.0161127391776293,16
8,4,2,0.7131265217996015,2,0.7131265217996015,2,0.7033235730661379,2,0.7131265217996015,2,0.028705699141045992,0.704969506678017,2,0.028857153702938284,0.7131265217996015,2,0.02826755316097768,16
8,4,4,0.846344619628212,5,0.7876451260874829,4,0.7131265217996015,2,0.8107751215519322,4,0.01577610241477353,0.8156380678210716,4,0.01600339210586056,0.7893304369231703,4,0.01768306223857835,16
8,4,2,0.709004336415485,3,0.7190157536259871,2,0.7400726222074157,2,0.7303905827543787,2,0.01703759869731912,0.7241579140914588,2,0.01718383532447393,0.6891628886661267,2,0.020995267467086697,16
8,4,4,0.743772906754301,6,0.7421620805152048,4,0.709004336415485,3,0.7386745940186298,4,0.012862471996469503,0.7432707525693689,4,0.013000436721853362,0.726413233707574,4,0.014180245065344653,16
8,4,2,0.6374760899165833,4,0.569594174027417,2,0.5956696921344039,2,0.5951789193301604,2,0.02727727475145031,0.604352152319064,2,0.027305040610251335,0.5951789193301604,2,0.027274132480976866,17
8,4,4,0.6419817021957109,7,0.6491005810004087,4,0.6374760899165833,4,0.6306429311379551,4,0.026167532839047727,0.625580834604671,4,0.026348335114533508,0.6306429311379551,4,0.026167654837021274,17
8,4,2,0.7941546061761809,3,0.7840722404069262,2,0.803584921373665,1,0.7820914799575621,2,0.017129565046320766,0.7802939009970173,2,0.01717600156100825,0.7802939009970173,2,0.016514872287910737,17
8,4,4,0.8205911153612547,6,0.824606396018328,4,0.7941546061761809,3,0.8122874052886266,4,0.013594668571849725,0.8114427822374866,4,0.013384398540426994,0.7823559332678057,4,0.016118106038149033,17
8,4,2,0.7805563113364852,3,0.7401600952149099,2,0.7046591557073025,1,0.8048801719408152,2,0.020088229991021923,0.8048801719408152,2,0.01961250578976859,0.700987431925202,2,0.02397991839671515,17
8,4,4,0.7837369898891082,6,0.7765734200434662,4,0.7805563113364852,3,0.790799251008155,4,0.018319317691110257,0.7791231163948391,4,0.018385324152890056,0.7297419079613009,4,0.02314013859868168,17
8,4,2,0.746220722717272,3,0.7724214456332777,2,0.723401131527016,2,0.7653734568090369,2,0.017319720475598054,0.7653734568090369,2,0.017399360336816536,0.7653734568090369,2,0.017038161381424704,17
8,4,4,0.7837617450277989,6,0.779850789975563,4,0.746220722717272,3,0.7918841915811528,4,0.015193791350651902,0.7998037033995521,4,0.01501956523973582,0.7724388732798833,4,0.016460775586237448,17
8,4,2,0.8032085391062621,3,0.805696626902523,2,0.7897495380639321,1,0.801513062105378,2,0.019070804112391253,0.788849712938047,2,0.018839655263837022,0.7955136631255669,2,0.02225090504696629,17
8,4,4,0.7993326322952894,7,0.8018818705670946,4,0.8032085391062621,3,0.7983711105490519,4,0.0180114690007732,0.79516004671742,4,0.018114903278763698,0.8053512914010049,4,0.01810277179977249,17
8,4,2,0.7203908550268122,2,0.7203908550268122,2,0.695602542159037,2,0.7114957775098717,2,0.016030030181906754,0.7146300576870723,2,0.015920239081485824,0.7114957775098717,2,0.015967498786287684,17
8,4,4,0.7030929063557596,6,0.7019250861649577,4,0.7203908550268122,2,0.7055467921298625,4,0.01602284043880309,0.7021433996412997,4,0.016130839927720617,0.7027530512767524,4,0.0160632970412162,17
8,4,2,0.594486343949281,4,0.5782554433823279,2,0.6543486425988605,2,0.6980466200492415,2,0.01652474687128699,0.6916604216938284,2,0.01631186141178546,0.6980466200492415,2,0.016495305211280543,17
8,4,4,0.6419050547874932,6,0.659717709518859,4,0.594486343949281,4,0.6888235321743849,4,0.016787087305451524,0.6954113655334461,4,0.016994728196887517,0.7149306906089051,4,0.015692831771351935,17
8,4,2,0.774964090865005,3,0.7517761784554488,2,0.7959250819455043,1,0.7614729041611513,2,0.023759400535908123,0.7395837695876215,2,0.024128168394292156,0.7587395282012965,2,0.023403997117569325,17
8,4,4,0.7900394830172074,6,0.7963074850444215,4,0.774964090865005,3,0.7963074850444215,4,0.020390900926282783,0.782655489302794,4,0.02046332790366826,0.762541645138333,4,0.022347993058762547,17
8,4,2,0.8335046174419015,3,0.8091283947401835,2,0.7929296843798982,1,0.8103967385441482,2,0.016751302478946916,0.8134748834653023,2,0.016422854322609072,0.763119797331881,2,0.018307519159927354,18
8,4,4,0.8249736881884074,5,0.8238339032978892,4,0.8335046174419015,3,0.8240226394181674,4,0.011503956486993008,0.8193616254605105,4,0.01112042575031871,0.8240226394181674,4,0.011237029499372506,18
8,4,2,0.7163409078036735,4,0.705141928010991,2,0.6978590171716423,2,0.7130593188785848,2,0.021530429039901097,0.7186307272807182,2,0.02124005394579386,0.7057708522556462,2,0.022948232547773218,18
8,4,4,0.7446405801954403,7,0.7255643832952249,4,0.7163409078036735,4,0.7696705646881054,4,0.01747545566087157,0.7751073667243354,4,0.017448049374820807,0.7652220752493998,4,0.017409525801536003,18
8,4,2,0.839686620172086,3,0.862229814988577,2,0.8258952737348845,2,0.862229814988577,2,0.023295208735828923,0.8489005313524243,2,0.022953720418797886,0.7507527503100578,2,0.03252114962891812,18
8,4,4,0.8430291503086864,4,0.8430291503086864,4,0.839686620172086,3,0.8509366757707725,4,0.018560485944216328,0.8596947737122516,4,0.01865922034457628,0.8511605479912436,4,0.01758614302213854,18
8,4,2,0.8044147896597337,3,0.7624389468497831,2,0.7979192100485567,1,0.7930481752402709,2,0.023393408096262485,0.776164246824549,2,0.023419950168432315,0.7930481752402709,2,0.022103431552092965,18
8,4,4,0.8462748666139845,5,0.8429697077711545,4,0.8044147896597337,3,0.8492318667113471,4,0.01979196248587191,0.8497905257952144,4,0.019562194206350338,0.8556548858428411,4,0.018519828223924346,18
8,4,2,0.8454742785480269,2,0.8454742785480269,2,0.7771548906915915,2,0.8446794235141556,2,0.027288442434549365,0.8406648113903533,2,0.025756159992782315,0.7627534449211454,2,0.03139662372176422,18
8,4,4,0.8257913854021453,4,0.8257913854021453,4,0.8454742785480269,2,0.8257913854021453,4,0.02066789655430308,0.8167557383792617,4,0.019026492143082236,0.8257913854021453,4,0.019219090795154853,18
8,4,2,0.796222793692492,3,0.7797555139333954,2,0.7536305880820806,1,0.7992415524184773,2,0.02275249745993364,0.7739512856738516,2,0.02695535422868169,0.7755493306036417,2,0.026203780243786445,18
8,4,4,0.8005957350238929,6,0.8273309793935852,4,0.796222793692492,3,0.8345839220026822,4,0.018863003518773198,0.8176328676650431,4,0.021759144039833908,0.8345839220026822,4,0.01837212785050616,18
8,4,2,0.7792809553341653,4,0.7197313142334381,2,0.7014021429696718,2,0.7322396611557546,2,0.027356062216890225,0.7322396611557546,2,0.027322971352612992,0.7322396611557546,2,0.027245386126145944,18
8,4,4,0.8036886274272821,6,0.7735588067501686,4,0.7792809553341653,4,0.7579440010456583,4,0.01913568792957919,0.7650463102519219,4,0.01862228487773677,0.7579440010456583,4,0.018977972389258257,18
8,4,2,0.8062584466481721,2,0.8062584466481721,2,0.8052089619920689,2,0.8058659318802972,2,0.024544938436042503,0.8020488696648944,2,0.02237472467558568,0.6902764664848298,2,0.041755574260489065,18
8,4,4,0.8857499409264685,4,0.8857499409264685,4,0.8062584466481721,2,0.89084340144374,4,0.0159528772540603,0.884441843794,4,0.014311366489829822,0.8857499409264685,4,0.014788856865092837,18
8,4,2,0.8088344341055764,2,0.8088344341055764,2,0.7755096483760688,1,0.8061939521140734,2,0.021412342040037155,0.8059941936127913,2,0.02114456614298875,0.7968005540872346,2,0.02100612353254706,19
8,4,4,0.8409348559478288,5,0.8486303143844793,4,0.8088344341055764,2,0.8300718631944703,4,0.016871038659801836,0.8129826881567019,4,0.01669406742171041,0.8385917261331762,4,0.015881818369446663,19
8,4,2,0.5430911079601817,3,0.5602692911933258,2,0.5347978226443698,2,0.6048053370492068,2,0.01863467425234458,0.6478087722837523,2,0.020367853587526904,0.5726511353298912,2,0.018897082748118816,19
8,4,4,0.5924800476787878,5,0.5815541896555045,4,0.5430911079601817,3,0.6387160574437701,4,0.017445175694728424,0.6361489490447625,4,0.018490735105985857,0.6343234439825572,4,0.017781353785876787,19
8,4,2,0.7542260383384055,4,0.7044958896930607,2,0.704972320838357,2,0.7377466098428611,2,0.02681681085937131,0.7276284634112656,2,0.026814334314348397,0.7377466098428611,2,0.026582859074066843,19
8,4,4,0.7857920082306336,7,0.7270559274397599,4,0.7542260383384055,4,0.7596482563625518,4,0.019687693271832177,0.7478322681569046,4,0.01956761118877467,0.7509091032926007,4,0.021946075075303457,19
8,4,2,0.6937791695854616,3,0.6884164699214068,2,0.6801077341125573,1,0.778187074157752,2,0.022560541258138087,0.784927069449273,2,0.022024296087752034,0.700427295250048,2,0.02383174445768952,19
8,4,4,0.729609757578198,7,0.7525469664511714,4,0.6937791695854616,3,0.7811611343957079,4,0.019250742558006604,0.7811788052433061,4,0.018418012182503475,0.7809540651348816,4,0.018831003489746683,19
8,4,2,0.7914213292409421,2,0.7914213292409421,2,0.7898230915686146,2,0.7876196112154716,2,0.034295998034531795,0.8015982058827134,2,0.031876535836028695,0.7876196112154716,2,0.03350851296414339,19
8,4,4,0.8530009206274336,6,0.8173983945284594,4,0.7914213292409421,2,0.8265584704466332,4,0.017185103080485955,0.8462025477323067,4,0.01588587663159029,0.8265584704466332,4,0.016204965802651895,19
8,4,2,0.5929353898832772,4,0.6259418881548914,2,0.622541899689662,2,0.621054309234986,2,0.01933079796876977,0.6273865390813711,2,0.019151382974880487,0.621054309234986,2,0.019331965525521026,19
8,4,4,0.635775741771282,6,0.6622541333228044,4,0.5929353898832772,4,0.6582024160173653,4,0.018259551840247253,0.6617093145072258,4,0.01806724925558766,0.6582024160173653,4,0.018274155389483838,19
8,4,2,0.5532016619184102,3,0.5504351702880788,2,0.5532016619184102,2,0.6097939080044424,2,0.014933288831024086,0.6125047885794893,2,0.014919044144346204,0.5200074462374722,2,0.01652483425758332,19
8,4,4,0.5381671334179297,5,0.5288183916820278,4,0.5532016619184102,3,0.5957379813546717,4,0.01549705913406281,0.5937090471120078,4,0.015556602248034805,0.6030801739719107,4,0.015589845243059567,19
8,4,2,0.7691746796925918,4,0.7907030281827006,2,0.7767325897343327,2,0.8057188503823735,2,0.01816837097487258,0.7701091839194408,2,0.019508367562445277,0.8001609336345372,2,0.01801976192811715,19
8,4,4,0.7575669348645778,6,0.7865149483156754,4,0.7691746796925918,4,0.7803369258989057,4,0.014477108525353857,0.7692645851172492,4,0.014402569043977983,0.784150152483224,4,0.014529483380899016,19
8,5,2,0.7338256134848969,3,0.7288028593595873,2,0.6515921322706807,1,0.7136274963111291,2,0.029588654259778257,0.7088396737293227,2,0.02971283838153826,0.7136274963111291,2,0.029258164766731053,0
8,5,4,0.8069359083853413,5,0.7806285608419875,4,0.7338256134848969,3,0.7529156687690718,4,0.02527834856022507,0.7347639909553049,4,0.025438296255354084,0.7923515996512767,4,0.02400866796840854,0
8,5,2,0.7229938076471248,3,0.6381783298390892,2,0.6288913618996642,1,0.6919032702865426,2,0.03064153307890629,0.7100237055248875,2,0.03553305535452929,0.6961276799317831,2,0.030362316232459493,0
8,5,4,0.7330178846275176,4,0.7330178846275176,4,0.7229938076471248,3,0.736241716719069,4,0.025497036450690524,0.7265264088137267,4,0.03126548617532231,0.7348270038001028,4,0.02565758371518427,0
8,5,2,0.6616156072756819,3,0.6803790060081014,2,0.632028524921838,1,0.7004155793254857,2,0.0354494803452921,0.7195073603359836,2,0.03585657976155302,0.6980629952965964,2,0.03497266629744254,0
8,5,4,0.7021361334858914,5,0.7034706332102751,4,0.6616156072756819,3,0.7167787949505191,4,0.027656719238599272,0.7159718790092356,4,0.02825041705499457,0.7139601834981689,4,0.027274260095307548,0
8,5,2,0.7301683696081052,3,0.6689021978192239,2,0.6675734099819441,1,0.7329391597955797,2,0.03933517786977828,0.7160653585901646,2,0.0397409898319739,0.7329391597955797,2,0.03895208449332161,0
8,5,4,0.7445023328402305,5,0.7420380753373421,4,0.7301683696081052,3,0.7748824506617086,4,0.03239315576521862,0.757561600255522,4,0.03293213802297015,0.7391563882783605,4,0.034716292728466124,0
8,5,2,0.7952237509448885,3,0.8047333536091907,2,0.7359465335706031,1,0.7604473077913655,2,0.03279452872626852,0.8047792614255023,2,0.02877952611123478,0.7604473077913655,2,0.03159240656325312,0
8,5,4,0.8077210376843493,6,0.8139330814482538,4,0.7952237509448885,3,0.8075838908308518,4,0.028686034609172427,0.8153142653669189,4,0.02638422584419318,0.8030792453621681,4,0.026829504317675,0
8,5,2,0.7988313949070436,2,0.7988313949070436,2,0.7952660955442984,1,0.8080397831893895,2,0.028928688984194696,0.8053874343688597,2,0.026703617301564866,0.8080397831893895,2,0.027572587226996004,0
8,5,4,0.830311955435474,5,0.855897376952298,4,0.7988313949070436,2,0.8723798619227313,4,0.021747561716156976,0.8737872480519006,4,0.01968200292358604,0.8603691050305543,4,0.019942751386446248,0
8,5,2,0.7096607459486883,3,0.706275915726699,2,0.6999697578425882,2,0.6899181785815891,2,0.03684081583057142,0.6632165380477867,2,0.03775318170376239,0.6849259085806289,2,0.03660013477224954,0
8,5,4,0.7583340070937614,6,0.7375042600343706,4,0.7096607459486883,3,0.7241435597447932,4,0.03197548629219093,0.7274501311180102,4,0.03409602502731538,0.7241435597447932,4,0.031529941260691155,0
8,5,2,0.7225914495850859,4,0.6962516299116711,2,0.6836668723303995,2,0.7127723216581687,2,0.04586828095396088,0.6882098566999397,2,0.04223987334689645,0.7127723216581687,2,0.045473349888431734,0
8,5,4,0.7512415257600185,7,0.7346710301146364,4,0.7225914495850859,4,0.7769034879144964,4,0.02771575552099915,0.7684894906837678,4,0.027413438140510487,0.7769034879144964,4,0.026937120622249098,0
8,5,2,0.6870239217544867,4,0.6659714402868921,2,0.6228768527648064,2,0.7097654019296334,2,0.03592742297086917,0.7020681671392228,2,0.037244507831707636,0.7097654019296334,2,0.03543413173314568,1
8,5,4,0.6989787773836871,5,0.7265813234358552,4,0.6870239217544867,4,0.7069327465488592,4,0.0332168690600806,0.6950307269376728,4,0.0352934210710913,0.7085945160170749,4,0.03296909572482771,1
8,5,2,0.744725815211828,4,0.7659055629853482,2,0.7667190248025915,2,0.728599399750621,2,0.01711781260904744,0.7236907647796808,2,0.01725052710086552,0.7334060088815516,2,0.01674584658312059,1
8,5,4,0.7222465692124664,6,0.7007261976040107,4,0.744725815211828,4,0.7265277972626922,4,0.014616723705074355,0.727208161054435,4,0.015251929835309246,0.6979311365748883,4,0.015205113628380089,1
8,5,2,0.6966706333626946,2,0.6966706333626946,2,0.7011777501438374,1,0.749902020634457,2,0.026448043362704662,0.7433382151658184,2,0.027279821595711594,0.7192242470774717,2,0.028417604814295113,1
8,5,4,0.7625577175475408,5,0.7756028684868713,4,0.6966706333626946,2,0.7754883673644478,4,0.022933533946107365,0.7729671806477674,4,0.023917895972868197,0.7366461123344489,4,0.026705246645892328,1
8,5,2,0.778158621914177,4,0.7462096397921062,2,0.7474258541164897,2,0.6894584817189598,2,0.043970741839877155,0.6851000614468663,2,0.04385011245930627,0.6894584817189598,2,0.04368855028308003,1
8,5,4,0.7749850534229098,5,0.7752752611501847,4,0.778158621914177,4,0.7747017065157055,4,0.030501160933061218,0.782549434478664,4,0.030056364708934035,0.7777784200617647,4,0.02994413448321267,1
8,5,2,0.7442468025834975,3,0.7684138188074457,2,0.7545706529009528,2,0.7661834905972428,2,0.025148504984316013,0.7647411793272249,2,0.024805373738197693,0.7661834905972428,2,0.024653478033667027,1
8,5,4,0.7918948640092999,6,0.769084493160835,4,0.7442468025834975,3,0.7915993025638188,4,0.018929768800246324,0.7769443700869674,4,0.02169141800126565,0.7883878705666653,4,0.018493981535053466,1
8,5,2,0.7442968419301678,3,0.7211455137344026,2,0.6493381296116939,2,0.7357285754629986,2,0.02831185611747495,0.7370368032579432,2,0.030162251170563974,0.7357285754629986,2,0.0279451001110434,1
8,5,4,0.7603827768322557,6,0.7923104670080904,4,0.7442968419301678,3,0.7914269653994972,4,0.02205489549565352,0.7829964105115288,4,0.02471048755101074,0.7914269653994972,4,0.021743590706464477,1
8,5,2,0.7790068080338394,3,0.741203363646201,2,0.7485214183427473,1,0.8513020534318528,2,0.016746746658666475,0.8379909588976924,2,0.01696416244947887,0.7470461954748671,2,0.04206420915889909,1
8,5,4,0.856279951712308,5,0.8496776364947836,4,0.7790068080338394,3,0.8490457596148586,4,0.014955521533370859,0.8396186486840362,4,0.017333652098537797,0.8532610185923242,4,0.016251863507496668,1
8,5,2,0.6712578032866497,3,0.624834095851524,2,0.6114335439486753,1,0.7027230024420311,2,0.03649772477905692,0.6934826955946569,2,0.038958328298831245,0.6338199419474221,2,0.03725110917835917,1
8,5,4,0.733961318870088,6,0.7391361853264389,4,0.6712578032866497,3,0.7713419264948462,4,0.028278000388079184,0.7719248647806668,4,0.029137111080917353,0.7666715077638782,4,0.0277122940540631,1
8,5,2,0.8673921059535439,3,0.8439200335026071,2,0.8916929494593648,1,0.8585262698814191,2,0.03338973376096017,0.8660940264395226,2,0.03180831293413859,0.8735368690308699,2,0.03189231781843693,2
8,5,4,0.8359631929232556,6,0.8704345797392414,4,0.8673921059535439,3,0.8526654939594298,4,0.031771262208373965,0.8379486871417311,4,0.03206557460372752,0.8566087605096518,4,0.029616723815544543,2
8,5,2,0.831753766570605,4,0.7719144642959201,2,0.7345262389901245,2,0.7736978820055931,2,0.02366835634190586,0.7723830062684641,2,0.023038093560010707,0.7729493309278888,2,0.024737458771295243,2
8,5,4,0.8138776978277782,5,0.8120974161058909,4,0.831753766570605,4,0.8146195269412366,4,0.021198876449770202,0.8161080873295751,4,0.020302826873553653,0.8164498012079442,4,0.02015501959637453,2
8,5,2,0.6804753177671246,4,0.6976849257458931,2,0.6775284330228539,2,0.6354597350068116,2,0.034563408905693135,0.6295828728955442,2,0.03742780646029043,0.6906574119079988,2,0.03093680277155118,2
8,5,4,0.707876565499149,6,0.6808797267739992,4,0.6804753177671246,4,0.7219102413658498,4,0.026699049584598268,0.6972730938829947,4,0.029284912911212477,0.7219102413658498,4,0.02672543887810573,2
8,5,2,0.8613456904693587,2,0.8613456904693587,2,0.8583487688502399,1,0.8765871084166778,2,0.01771990487807009,0.8712201315734236,2,0.016427673334767565,0.8437308200888076,2,0.017706641321445053,2
8,5,4,0.8724704224299449,5,0.8609415666511834,4,0.8613456904693587,2,0.8604446343290949,4,0.016205668653324543,0.8564362751701037,4,0.015210520597310574,0.8729834435334907,4,0.015947848095493395,2
8,5,2,0.7389918776337381,3,0.7022663253551447,2,0.7280241944497163,1,0.7874566496335746,2,0.03891650652903059,0.7916140421655555,2,0.04292061142057548,0.7874566496335746,2,0.03799251673526049,2
8,5,4,0.8060155186981587,6,0.7743694355088161,4,0.7389918776337381,3,0.8149212542192047,4,0.02871127179268681,0.8340103495472542,4,0.03184238534944329,0.8206644389539859,4,0.027108554927329703,2
8,5,2,0.7172465651212819,4,0.6916095056773495,2,0.7000236081579893,2,0.6986908297904997,2,0.01698172528594855,0.6879961993348603,2,0.016929156070088304,0.7129009128766474,2,0.01720569762895584,2
8,5,4,0.733902780236521,7,0.7185467940182051,4,0.7172465651212819,4,0.6968084155893232,4,0.015167719586903352,0.699271006260848,4,0.015177942587016593,0.6925669050055291,4,0.015254205014458271,2
8,5,2,0.7310678189503638,4,0.7377297093154501,2,0.71973790428663,2,0.7477559787369804,2,0.021767651848821398,0.7413546227095178,2,0.022223479460370545,0.725679954132175,2,0.022954731003451148,2
8,5,4,0.6973697789230207,8,0.7207092376039514,4,0.7310678189503638,4,0.7542657349722202,4,0.01926917140076729,0.7512500195239081,4,0.019392323602402547,0.7103190402806976,4,0.02200308884609989,2
8,5,2,0.8508843195946899,3,0.843940706915906,2,0.8316889145321216,1,0.8589573217861024,2,0.02799837435560352,0.8409817565261657,2,0.0274797799119374,0.8589026699450898,2,0.02665386187413498,2
8,5,4,0.8594579721436062,6,0.8659180699476345,4,0.8508843195946899,3,0.8586920154654503,4,0.023960667725195412,0.8356648403807535,4,0.023739598438872925,0.8542669819511872,4,0.022757755774360035,2
8,5,2,0.6099310427823661,3,0.618839012546965,2,0.5607447513670353,2,0.6503567776496506,2,0.022795020219928894,0.6448317772945076,2,0.02413283703187509,0.6448317772945076,2,0.023832940098792346,3
8,5,4,0.6408038191958014,6,0.6643516008808374,4,0.6099310427823661,3,0.6669176947148464,4,0.02241530692894109,0.666966801182283,4,0.022792978747640948,0.6669176947148464,4,0.02238539166727673,3
8,5,2,0.6943529615205535,4,0.6976710615884713,2,0.6406884977821848,2,0.6951404835977193,2,0.02947824590241793,0.6924189710514441,2,0.029668450309218213,0.6994968095532977,2,0.03052946601860202,3
8,5,4,0.7273828564272502,7,0.6897150312967271,4,0.6943529615205535,4,0.707284176604644,4,0.025686797689858477,0.70343463175108,4,0.025992511299694255,0.6975565420179108,4,0.02721850866676038,3
8,5,2,0.7776441892238178,3,0.7452520489782396,2,0.7320850735602352,2,0.753436634551603,2,0.028294206174621663,0.7589302079275658,2,0.02849916733721502,0.7673446626193968,2,0.03071968627798365,3
8,5,4,0.8178908567641795,5,0.8189617982780294,4,0.7776441892238178,3,0.8193761838451974,4,0.021273244184581565,0.8176107164841587,4,0.020101482894364232,0.8153457729778091,4,0.020318482397427184,3
8,5,2,0.7738931970564953,4,0.7951462842390714,2,0.7361344368727165,2,0.7554626686525591,2,0.030188913114984256,0.7565646346807323,2,0.03038381677199911,0.7779772548410009,2,0.026370755918270573,3
8,5,4,0.8230153355746821,6,0.8174235078461431,4,0.7738931970564953,4,0.8224560525628334,4,0.022800134132382164,0.8205472414237509,4,0.021828897813132485,0.8181378619586621,4,0.02187371989934255,3
8,5,2,0.8585309954060288,3,0.8585309954060288,2,0.8585309954060288,1,0.8585309954060288,2,0.018476836187366792,0.8585309954060288,2,0.0185732307343958,0.8547276927580482,2,0.022621636200515285,3
8,5,4,0.8604795657220089,5,0.8628322176037535,4,0.8585309954060288,3,0.8593943574161449,4,0.017839986201426093,0.8577979296904383,4,0.01806863121212035,0.859773959946266,4,0.019277693998781126,3
8,5,2,0.7583883471207234,4,0.7213214592908707,2,0.7278058134413993,2,0.723496840122242,2,0.04503834756466832,0.7201928588438479,2,0.045679279855523634,0.723496840122242,2,0.04440161799490338,3
8,5,4,0.7790412098068659,6,0.7858341065067068,4,0.7583883471207234,4,0.7798425366809669,4,0.03355907313578318,0.7868985775378528,4,0.03357014845112509,0.7883984009416327,4,0.03217146174809238,3
8,5,2,0.6512765835646217,4,0.6510644755427009,2,0.6630932308456319,2,0.5752171710610805,2,0.0335857887925413,0.5722715163829507,2,0.0349982141742572,0.6471790908363355,2,0.02763528388182992,3
8,5,4,0.7117238871332937,8,0.6276139952018028,4,0.6512765835646217,4,0.6478918420487002,4,0.025915270964297816,0.6394006236604478,4,0.027070038772106054,0.6430645288023233,4,0.025953770793102928,3
8,5,2,0.6516281086330021,4,0.6132960789571505,2,0.632720478287299,2,0.6126559914004115,2,0.03124873174035253,0.6655970073617373,2,0.0299066202153474,0.544137722440865,2,0.04043616131582064,3
8,5,4,0.7017358383971538,6,0.6895683321854784,4,0.6516281086330021,4,0.68611513064707,4,0.0270421840898546,0.6845087267037374,4,0.028200365412041184,0.6763673291321588,4,0.027750789805274588,3
8,5,2,0.8224392774993411,3,0.8278830735535376,2,0.8403794401836016,1,0.8332714981440467,2,0.027946503266001083,0.8148679580219053,2,0.03354271777127976,0.8145251792661928,2,0.027621616513587317,4
8,5,4,0.8425085452449742,6,0.8432066808077657,4,0.8224392774993411,3,0.8243639271954777,4,0.026801464582296968,0.7911941279919973,4,0.03289697523171968,0.8232979826310054,4,0.02738460030778807,4
8,5,2,0.7979273933395798,3,0.7981361050249737,2,0.8335086129619682,1,0.8113031119534511,2,0.03791180265145597,0.8314833217988913,2,0.03683614265270109,0.8109688662688093,2,0.03804468886788528,4
8,5,4,0.809318901669308,6,0.8133160509811895,4,0.7979273933395798,3,0.8397831814370583,4,0.034328618098389996,0.8261314024187942,4,0.03307367953006673,0.8201882983692947,4,0.036272508614715364,4
8,5,2,0.7902579752445656,3,0.7827698603210408,2,0.7834487851074348,1,0.7917644399435663,2,0.03488501460101708,0.7863844002308618,2,0.03510456632449993,0.7917644399435663,2,0.03410710912317187,4
8,5,4,0.7685092842078148,5,0.7808835169369767,4,0.7902579752445656,3,0.7908546038491224,4,0.03472295417736374,0.7855751080287745,4,0.03569402453308711,0.7942182327866981,4,0.03349422832753692,4
8,5,2,0.7884850194346392,3,0.7714997571631548,2,0.7139859608350327,2,0.8365788680287244,2,0.020563213832508247,0.8326590628507423,2,0.01981033578052852,0.8199871538228483,2,0.02018161153945023,4
8,5,4,0.7959016753653987,5,0.8042257591141887,4,0.7884850194346392,3,0.8288991189555438,4,0.019448832821452586,0.8156903404506922,4,0.01830501149336224,0.8520693897820546,4,0.016882592659734384,4
8,5,2,0.803749608914545,3,0.8002392953691347,2,0.7787857993320483,1,0.8202397140171248,2,0.028106538556261,0.7839441231800206,2,0.026852820987807658,0.8650871895275105,2,0.023792801812319634,4
8,5,4,0.8186362578997544,7,0.8114851219061665,4,0.803749608914545,3,0.8365832259488711,4,0.024154984280739374,0.8433644119629153,4,0.019410100428049918,0.8614663635486924,4,0.02108943946211993,4
8,5,2,0.7567897057263666,2,0.7567897057263666,2,0.6886711518919171,2,0.765111701958683,2,0.024002026213597587,0.8006972359113963,2,0.02412315937839778,0.7728683310326893,2,0.025495117133144143,4
8,5,4,0.7669181125145218,5,0.7845714891685488,4,0.7567897057263666,2,0.7719604652950608,4,0.021144359678714208,0.7945813830915439,4,0.021251043538748536,0.8042631590105638,4,0.023540015022583294,4
8,5,2,0.7728968306629407,3,0.7595057589659406,2,0.699336916173991,1,0.7588549667751354,2,0.024106083535882887,0.754040462247043,2,0.02431518410984611,0.7588549667751354,2,0.023529719033619948,4
8,5,4,0.8096012233361546,5,0.8148620435262921,4,0.7728968306629407,3,0.8095356052805568,4,0.01598162093113588,0.8075308778906412,4,0.015776737035335803,0.8095356052805568,4,0.01538296243719326,4
8,5,2,0.5889049535353336,2,0.5889049535353336,2,0.4979350218991215,2,0.6505801913478633,2,0.02474571985249231,0.6513110782962337,2,0.025505778790393393,0.6408445345332988,2,0.02609428154794272,4
8,5,4,0.6632869198459229,4,0.6632869198459229,4,0.5889049535353336,2,0.6308581377175133,4,0.02347429834401763,0.6375187366738317,4,0.02468051736640167,0.6619560781096184,4,0.025192514468306663,4
8,5,2,0.7332612181431262,3,0.7373741716705536,2,0.7006211829191329,2,0.7206993308440395,2,0.04138519705141067,0.7301969026890067,2,0.04156385650960674,0.7263620788956876,2,0.04078123914586011,5
8,5,4,0.7939932045036797,6,0.8239355228731974,4,0.7332612181431262,3,0.8296243721097177,4,0.024591500461079673,0.8296243721097177,4,0.023501827535392553,0.8301324699174637,4,0.023287469833040707,5
8,5,2,0.7118604331072056,2,0.7118604331072056,2,0.507363075049184,1,0.764191640022151,2,0.02215334558975357,0.778638561309765,2,0.021979431706241274,0.764191640022151,2,0.021961043960608603,5
8,5,4,0.7511828261606095,5,0.7507336279619782,4,0.7118604331072056,2,0.7870581181012803,4,0.018947806674700567,0.8073365044065745,4,0.018761225456924293,0.7891549880833582,4,0.018715228703831934,5
8,5,2,0.8205277358721742,2,0.8205277358721742,2,0.5669061319469769,1,0.7830046241798649,2,0.022311135768429798,0.8146198226889871,2,0.022858225830089337,0.7834574410484588,2,0.021276416637301288,5
8,5,4,0.7923760760704218,5,0.7787565599196237,4,0.8205277358721742,2,0.8003555253216583,4,0.020306301378453396,0.7957359530739267,4,0.01913723682664986,0.7844336206699938,4,0.021194961153372785,5
8,5,2,0.8011864043985457,3,0.8073161922254861,2,0.697884508704107,2,0.6858379617062809,2,0.04109717177194318,0.7146642522137121,2,0.042621272800554305,0.6907209460017709,2,0.04068661034799879,5
8,5,4,0.7936990485197372,5,0.780833683754146,4,0.8011864043985457,3,0.778815338023522,4,0.024937771047181263,0.7798691420499129,4,0.024714706360600698,0.8119521059316759,4,0.024541881298631742,5
8,5,2,0.7051496927849734,3,0.7102629851449364,2,0.676462558387972,1,0.7723493159140462,2,0.03513413027987634,0.8230440549943248,2,0.03161780956091359,0.7083926702553375,2,0.045083238330131926,5
8,5,4,0.8068131925597405,5,0.7929438573909303,4,0.7051496927849734,3,0.8027563738964405,4,0.026301942008609327,0.8286194910284694,4,0.02552266928457757,0.8048299042742846,4,0.02749760458955323,5
8,5,2,0.7840149401627026,4,0.7849602652916765,2,0.7014444573975579,2,0.7685603605453819,2,0.02204716355293592,0.7621756973568095,2,0.022730717420174157,0.7685603605453819,2,0.021829942518775576,5
8,5,4,0.7760553900615984,6,0.7947109935901171,4,0.7840149401627026,4,0.8255558204962985,4,0.01738137613265772,0.8193935047180367,4,0.017621507095577114,0.8250965208947452,4,0.016533348971066494,5
8,5,2,0.7763144046939433,3,0.7268346441038276,2,0.7337842504365304,2,0.7616490269980726,2,0.029151033094709608,0.7571976947461404,2,0.028956369851002386,0.6923944663144467,2,0.042463062715979154,5
8,5,4,0.8248187981263274,5,0.7966380155458859,4,0.7763144046939433,3,0.8393007078186372,4,0.016714241229633105,0.8354026102605705,4,0.017589497200055006,0.8013554445284817,4,0.02182728614469843,5
8,5,2,0.6644287420130163,3,0.652994512736342,2,0.6723740105380203,1,0.6674960239497707,2,0.02730780020658889,0.6481502320892919,2,0.02869196093202171,0.6905781338336269,2,0.0344036142090417,5
8,5,4,0.6412473525967166,6,0.6404957241576734,4,0.6644287420130163,3,0.7125720986905267,4,0.024706126011792815,0.7010116072297787,4,0.025872622118983554,0.7095043531649029,4,0.025631359457311823,5
8,5,2,0.7753412129484843,3,0.7467055513599398,2,0.7468053442933131,2,0.7909000613802794,2,0.026619270481728848,0.7731559064621526,2,0.027144263657276273,0.7229871294321033,2,0.03260482641303995,6
8,5,4,0.801131924328178,5,0.7974217918335179,4,0.7753412129484843,3,0.8070545491404199,4,0.017513366583131594,0.7905178205201238,4,0.017990614146961233,0.8106757147066154,4,0.016920319541521008,6
8,5,2,0.7812161430763342,4,0.7065326459098541,2,0.660357090635171,2,0.690199601868632,2,0.040302965450000824,0.7206798165499514,2,0.039137314837027676,0.6932912025310096,2,0.037245141361015636,6
8,5,4,0.7799632039378643,6,0.7730926933772954,4,0.7812161430763342,4,0.7676318597405313,4,0.027660593233245993,0.7428544950982229,4,0.030660862805610443,0.7676318597405313,4,0.027095997303833934,6
8,5,2,0.7636746791140366,3,0.732910173136283,2,0.7089479883637227,1,0.7577562807259355,2,0.03207632635530904,0.7761511134221464,2,0.03278583559416633,0.6676832778808116,2,0.05352941581180136,6
8,5,4,0.797663214414148,6,0.8022492905650654,4,0.7636746791140366,3,0.817844666946753,4,0.024068560724063603,0.8206673519506081,4,0.027743171529180682,0.7872189330281015,4,0.027918218264000278,6
8,5,2,0.6341644133200597,3,0.6537055551660057,2,0.6063456128389448,2,0.6203696839144712,2,0.040281599121997726,0.6163967688069939,2,0.041248155842740816,0.6203696839144712,2,0.0402045689671039,6
8,5,4,0.68751887427531,6,0.7102140132729216,4,0.6341644133200597,3,0.6618343091034503,4,0.03430006124879232,0.6578687935893068,4,0.03545910654253784,0.6906879218645199,4,0.0343722731392635,6
8,5,2,0.8068685271574022,3,0.7865355835718892,2,0.7686949217221668,2,0.7806358763060395,2,0.03502054184284744,0.7783737885222639,2,0.03798388328042476,0.7731936468209607,2,0.0403247544589528,6
8,5,4,0.8367112750018673,6,0.7990086639575898,4,0.8068685271574022,3,0.7730994956162918,4,0.0266804856719541,0.8004722716698643,4,0.030999694283059907,0.813414271675426,4,0.02773253777291266,6
8,5,2,0.7378357991689992,3,0.7610547105858054,2,0.6396356895090887,2,0.7819928801450363,2,0.03647167120672174,0.8082768588135686,2,0.034449886182221064,0.6655525644059427,2,0.04777692836724323,6
8,5,4,0.7943580321668074,6,0.751631831187414,4,0.7378357991689992,3,0.8031319582141973,4,0.03232069723465619,0.8016558386216481,4,0.03031694001364666,0.7673467231927972,4,0.03492861172279741,6
8,5,2,0.7746079929793677,3,0.7494826293253811,2,0.7106115176711517,2,0.7337196852974791,2,0.03787224715792395,0.7268828354634325,2,0.03829789453278114,0.7337196852974791,2,0.036870488894543516,6
8,5,4,0.7799646131504002,6,0.7399522922226842,4,0.7746079929793677,3,0.7854460036978649,4,0.027497052357447094,0.7721082095944518,4,0.027671304673959018,0.7674820510807974,4,0.03024999112288546,6
8,5,2,0.8115019044458202,3,0.8373613033332489,2,0.755302556538891,1,0.7692781322119735,2,0.026479746390020813,0.8458602344218523,2,0.01878412593895252,0.5977253544154956,2,0.04972833510481291,6
8,5,4,0.8206864866342128,5,0.8086946142987155,4,0.8115019044458202,3,0.8306921154494139,4,0.01716368592766344,0.8254740207122261,4,0.015757448079045715,0.8168233614346342,4,0.0185200983648633,6
8,5,2,0.8268786641762019,3,0.7957991171998413,2,0.7791741883231679,2,0.8085378406131458,2,0.018673049095611554,0.804341358634051,2,0.018353895352628595,0.7557459512196709,2,0.027028493786153195,7
8,5,4,0.8796358654015735,5,0.8722132343817578,4,0.8268786641762019,3,0.8786840866813567,4,0.013540297503631418,0.8760574702025046,4,0.013018469243539263,0.8368854593552021,4,0.016134714059887187,7
8,5,2,0.7623135180965654,3,0.7844510887999289,2,0.7572712040375924,2,0.7591687954659452,2,0.033728293386477315,0.7396407501247428,2,0.03500929191840759,0.7591687954659452,2,0.03292908316989221,7
8,5,4,0.811856160019615,5,0.7922444622065992,4,0.7623135180965654,3,0.788159196487088,4,0.02956243510408237,0.8051784828954451,4,0.02904338634064894,0.7679585863254276,4,0.029576219701467343,7
8,5,2,0.7652841361820432,3,0.7683636087822306,2,0.75557275951636,2,0.7646184816412417,2,0.02284304038609242,0.7774595118908416,2,0.02506354655347391,0.7646184816412417,2,0.022436591797470873,7
8,5,4,0.7011814191384041,5,0.7756049553589911,4,0.7652841361820432,3,0.7811606242411777,4,0.022002346716995632,0.7855133631849579,4,0.024311844993192326,0.7774710377244404,4,0.022189042710794703,7
8,5,2,0.641759204462884,4,0.6315627178458831,2,0.6429462042384464,2,0.6902158096914819,2,0.028605752457921626,0.6902158096914819,2,0.029393977793693658,0.6115283346533946,2,0.042115952932614054,7
8,5,4,0.7361881524987166,7,0.6992540141492029,4,0.641759204462884,4,0.7442953468153952,4,0.021290041134949846,0.7497780762778615,4,0.022345074835103108,0.7159479557999671,4,0.028027195905794913,7
8,5,2,0.760886498042629,2,0.760886498042629,2,0.7511531051203725,1,0.760886498042629,2,0.0163555251806448,0.7624951138528185,2,0.01635964774265492,0.7602620626305957,2,0.018034267719010653,7
8,5,4,0.796466782913563,6,0.8104956454859457,4,0.760886498042629,2,0.8284315196037131,4,0.013781548932272207,0.8222046327849032,4,0.013498610389803493,0.8284315196037131,4,0.01332977776125316,7
8,5,2,0.5939768908117689,3,0.6557329952297772,2,0.6691161823887216,1,0.7235606244911335,2,0.02582897454198823,0.7186777435562458,2,0.02583969818215329,0.7071445481485477,2,0.026481130321247073,7
8,5,4,0.6828806736727522,5,0.6981526616612785,4,0.5939768908117689,3,0.781541908280837,4,0.019619652393401018,0.7357937000086866,4,0.01910152177142664,0.781541908280837,4,0.019447502000234138,7
8,5,2,0.6802855703679062,4,0.6931869216597913,2,0.6654852332181299,2,0.8184876621561866,2,0.02480150252230996,0.8165653107142151,2,0.022843540966329925,0.821343649680333,2,0.024558751488023563,7
8,5,4,0.7768857417993352,6,0.8091786294691087,4,0.6802855703679062,4,0.8185674681344627,4,0.02103515090406668,0.8333613519119596,4,0.01894198256165466,0.8052704234243864,4,0.023958338224625723,7
8,5,2,0.6569237163176176,4,0.6002981732568673,2,0.6777859861639959,2,0.6580957742085152,2,0.022172088771023692,0.6569478403071375,2,0.022291577654672556,0.6568868238358975,2,0.02209271775166739,7
8,5,4,0.7119365872435437,5,0.7115762541578725,4,0.6569237163176176,4,0.71311388688803,4,0.016066907657659266,0.7176600897051411,4,0.016173701902384117,0.6934888330447306,4,0.01793156971505167,7
8,5,2,0.6357661837474762,2,0.6357661837474762,2,0.6029319466380589,2,0.6638960611841865,2,0.02906499971325629,0.6603206197741003,2,0.03136957461507323,0.6126040010872289,2,0.03566286647288742,8
8,5,4,0.6765501702216047,6,0.6875394866469284,4,0.6357661837474762,2,0.6874782025896331,4,0.024446409668055377,0.7103715713335038,4,0.02589331217862225,0.6891038421875896,4,0.025483822421410576,8
8,5,2,0.763586087239546,4,0.7546944424828818,2,0.7076978159119611,2,0.7072634186322359,2,0.037835181855645925,0.6780673625711724,2,0.0438154806760393,0.7072634186322359,2,0.037436567351679655,8
8,5,4,0.7900727972352674,5,0.7997344616966208,4,0.763586087239546,4,0.7886631113362008,4,0.020048300133646394,0.777236847521097,4,0.021964328691932128,0.7891602191692392,4,0.018772888270870893,8
8,5,2,0.7407775698150845,4,0.7723154560135986,2,0.7118024227438524,2,0.7156977441442179,2,0.03283524584304537,0.7161850665249961,2,0.03365895280192903,0.7228426196861405,2,0.0278635258661776,8
8,5,4,0.8226153789418945,5,0.8122564781340791,4,0.7407775698150845,4,0.805672137318438,4,0.019732600753050618,0.7959582176587889,4,0.020332983928520332,0.805672137318438,4,0.01908417891559805,8
8,5,2,0.7531180264035755,2,0.7531180264035755,2,0.7331331731862454,1,0.7593962785333529,2,0.028843920358907198,0.7492657901663898,2,0.02810753380002207,0.7558591039908612,2,0.027995168309008608,8
8,5,4,0.8279559176382716,6,0.8433510762334848,4,0.7531180264035755,2,0.8429744894658047,4,0.017279954708073506,0.8429744894658047,4,0.016168323778752807,0.8429744894658047,4,0.0159128994489288,8
8,5,2,0.819135644919553,2,0.819135644919553,2,0.7375247695211787,1,0.8225667185739844,2,0.020063414057004212,0.8171399709417976,2,0.019196800749195508,0.7394816703691428,2,0.02808798810312819,8
8,5,4,0.8669222767686812,5,0.8525395692824858,4,0.819135644919553,2,0.8508455315826394,4,0.015588903285208731,0.8488991814842056,4,0.014419117091899568,0.8486663408091575,4,0.014557341924164234,8
8,5,2,0.6436393817453987,4,0.6276046282810022,2,0.6599101443980766,2,0.7724484153776898,2,0.02258491043602264,0.763700024094865,2,0.02204236245925964,0.7669564760299917,2,0.02197687408613083,8
8,5,4,0.74449203893313,6,0.7734227135633467,4,0.6436393817453987,4,0.789130548154894,4,0.01927463387090302,0.768449714756229,4,0.021289497890493145,0.7677529830840312,4,0.020591265797657396,8
8,5,2,0.6798583313128488,4,0.6896048354509863,2,0.6635514145971748,2,0.708371282259992,2,0.04615730243469266,0.6998135741542099,2,0.04762231350790237,0.708371282259992,2,0.04544545230318098,8
8,5,4,0.7477671225195699,7,0.6897868531512167,4,0.6798583313128488,4,0.7282090300895889,4,0.03698334533466469,0.7350098790877921,4,0.0357719327760321,0.7282090300895889,4,0.03659827506484213,8
8,5,2,0.7309250404824165,3,0.7290058998756231,2,0.6685010081911009,1,0.7290058998756231,2,0.024157815772417657,0.7290058998756231,2,0.024253048531255126,0.7290058998756231,2,0.023760712132878593,8
8,5,4,0.7558452815880681,6,0.7552959964258061,4,0.7309250404824165,3,0.7602611214507659,4,0.01932290941888699,0.7567055207209171,4,0.019277231896680132,0.7602611214507659,4,0.019091057053170192,8
8,5,2,0.8311519211240505,4,0.7228175602673247,2,0.7578430384154792,2,0.7630973817493916,2,0.043899870142329905,0.7116197624876439,2,0.054564373434003687,0.6997258643714648,2,0.057992184860023256,9
8,5,4,0.8275483698867535,6,0.8177174952810355,4,0.8311519211240505,4,0.8278238999213087,4,0.026959287539692917,0.8129809783889337,4,0.026359880765112594,0.8278238999213087,4,0.025648988284660522,9
8,5,2,0.762354695172864,2,0.762354695172864,2,0.7413125603178963,1,0.7699759662059896,2,0.02181806099313001,0.7647037110760456,2,0.022118135980338887,0.7686536753492142,2,0.02131064396241697,9
8,5,4,0.8111881750505444,5,0.8129021859456312,4,0.762354695172864,2,0.8207729826962683,4,0.017875681173646556,0.8188258741407874,4,0.01764564813634912,0.8162823368304164,4,0.01709748104218212,9
8,5,2,0.8580031980186958,3,0.8266631916661588,2,0.793855296437044,1,0.849018467971771,2,0.03358341408834437,0.842976192065498,2,0.03473328398764508,0.7576647711834007,2,0.037039321573200085,9
8,5,4,0.8050294189929121,7,0.8233892460803698,4,0.8580031980186958,3,0.8397455001062065,4,0.02401433510153781,0.8211102656961147,4,0.027991169612281985,0.8397455001062065,4,0.022707578981535442,9
8,5,2,0.7137295950186338,3,0.6668144868278869,2,0.6531272471501064,1,0.6897981145922186,2,0.0421306928234715,0.7005883678909678,2,0.04365763788410168,0.6926663700803936,2,0.04192000657238624,9
8,5,4,0.7715706199271793,5,0.7480419577441857,4,0.7137295950186338,3,0.7480435441294662,4,0.03160529360837339,0.7369491773393402,4,0.03054248596354359,0.7530712656640116,4,0.03123210183152588,9
8,5,2,0.7687460764041245,3,0.7443711351536626,2,0.7022559500340236,2,0.7344904928857912,2,0.03671174173208796,0.734606462203144,2,0.038331052455736925,0.6847531451401372,2,0.060651968183219065,9
8,5,4,0.7809509110770763,5,0.7512115526149413,4,0.7687460764041245,3,0.7706220538127504,4,0.02797250592738163,0.7685157492443062,4,0.028759032556901428,0.7492359532876461,4,0.035118764122283645,9
8,5,2,0.6702031873644082,3,0.669116806139883,2,0.6679114486881274,2,0.6627634169341646,2,0.035620589460257854,0.6688853704484935,2,0.04039789772951114,0.6750987957054279,2,0.053494182325535086,9
8,5,4,0.7284347426074067,5,0.6932823204717024,4,0.6702031873644082,3,0.7299421403663126,4,0.025942992156696626,0.7467235626624148,4,0.029757783245313738,0.6795262610658849,4,0.036877714847414485,9
8,5,2,0.8727022832921378,3,0.8440036289574978,2,0.8502664977156599,1,0.849095071482161,2,0.02830618613160985,0.844232692618191,2,0.027203194246961805,0.8539786272148834,2,0.026367839926986734,9
8,5,4,0.8449632686280175,6,0.8475301605466397,4,0.8727022832921378,3,0.8374633771618964,4,0.0254409047365032,0.810267982060676,4,0.027971763904019974,0.8471188397571693,4,0.022422433950456323,9
8,5,2,0.8592170783699874,3,0.8645615858424628,2,0.8403881123909178,2,0.864241030791187,2,0.033816218434721164,0.8553763338415094,2,0.031638033422111994,0.864241030791187,2,0.031771572298312435,9
8,5,4,0.8525090299784139,5,0.8492514553766856,4,0.8592170783699874,3,0.8569236460916357,4,0.026820687478223776,0.8428720006696526,4,0.02697779935373338,0.8428572110568471,4,0.02818241332219203,9
8,5,2,0.8160784041625221,3,0.797696443266367,2,0.7737906042108273,1,0.821952456510548,2,0.032820730565756226,0.8263299493898073,2,0.030591956485544462,0.7527626083619562,2,0.03899117142357427,10
8,5,4,0.8481633827240492,5,0.8417608077504217,4,0.8160784041625221,3,0.8646734085538968,4,0.025909783430441344,0.8475619648711422,4,0.021919901180908006,0.7563864739940165,4,0.034702520148089284,10
8,5,2,0.8723369157564794,2,0.8723369157564794,2,0.8645088085438224,1,0.8779718782538468,2,0.027773747056182536,0.8654433666188706,2,0.02518065525343895,0.8730645080351025,2,0.025306058639846654,10
8,5,4,0.8545814653922514,4,0.8545814653922514,4,0.8723369157564794,2,0.8684973538858374,4,0.02105418930573076,0.8613836732653991,4,0.01879614932614557,0.8650535594105316,4,0.022417930039823186,10
8,5,2,0.7460864638278573,4,0.6681478837937206,2,0.6139493254351092,2,0.7284169598817344,2,0.020457792339969107,0.7236655233396824,2,0.020279975423559735,0.7284169598817344,2,0.02039254023053066,10
8,5,4,0.7567749561507162,5,0.7553111772460798,4,0.7460864638278573,4,0.7566377148108104,4,0.015479667092934551,0.7587099771847584,4,0.015412238390221853,0.7550484410859362,4,0.01601020090675449,10
8,5,2,0.7775426413548089,3,0.76179015624847,2,0.771410238983982,1,0.7795580159378426,2,0.031870338991780364,0.7788425634644152,2,0.030433306469696258,0.7898190036492687,2,0.03369630098398104,10
8,5,4,0.7762828407048148,5,0.7729354726406654,4,0.7775426413548089,3,0.788595862669764,4,0.029825639203188398,0.7996016419224262,4,0.02910364063546596,0.788595862669764,4,0.02825293456582436,10
8,5,2,0.7550124292667936,3,0.7597324403620388,2,0.7376040979192052,2,0.7553497291539891,2,0.02313708385063077,0.7553497291539891,2,0.023312873433184788,0.7919946322765001,2,0.022012172242057378,10
8,5,4,0.7389170627334611,6,0.7352995856028517,4,0.7550124292667936,3,0.7310349575293748,4,0.020991487631136993,0.7200052048009848,4,0.02122588713812176,0.7310349575293748,4,0.02081904512942208,10
8,5,2,0.7079133116940163,4,0.7071958577437484,2,0.6799958588729933,2,0.7217105371678727,2,0.022778003280194085,0.7217105371678727,2,0.02255492736110404,0.7194434684943246,2,0.022659995398698958,10
8,5,4,0.7934985185613261,7,0.7293422478177398,4,0.7079133116940163,4,0.7677594147305545,4,0.015492718835427959,0.7630350280375463,4,0.015357307675536176,0.7677594147305545,4,0.015408103029650577,10
8,5,2,0.7962117506127854,3,0.8033720584413884,2,0.7431726016853077,2,0.8042598987635909,2,0.03155728413866417,0.808289320320096,2,0.031722250827408684,0.7037675859768466,2,0.041744009749251014,10
8,5,4,0.8310874681128843,6,0.8190094803365627,4,0.7962117506127854,3,0.8161243840027762,4,0.022404343848683898,0.8060147643538924,4,0.022414998475989198,0.8161243840027762,4,0.02190604794545006,10
8,5,2,0.7810806567999924,4,0.7869325940516958,2,0.7539749412901592,2,0.7761794766499625,2,0.029169403497561048,0.7769703028873745,2,0.029180731098860806,0.7761794766499625,2,0.02870533291441773,10
8,5,4,0.7991572437749203,7,0.771625695727599,4,0.7810806567999924,4,0.7800342015923547,4,0.022769447035450335,0.7848779990224283,4,0.02216348312975728,0.7859141218730235,4,0.021906525695396938,10
8,5,2,0.7989507309018138,3,0.8209576488053161,2,0.683051233287789,2,0.8329309036848696,2,0.01726904544901978,0.8150780333092185,2,0.017199423946271244,0.8329309036848696,2,0.016772489945307206,11
8,5,4,0.8367007934490017,6,0.8013837733946518,4,0.7989507309018138,3,0.8319857921933277,4,0.015726083586685646,0.7912011995784832,4,0.016282516187619476,0.8319857921933277,4,0.015365095685462838,11
8,5,2,0.9483694650728471,3,0.958018030015388,2,0.9447340172690968,2,0.9459197949146086,2,0.009981552560478425,0.9486121736946469,2,0.009328353320482652,0.9447340172690968,2,0.02465968061984353,11
8,5,4,0.9668425350812682,5,0.9693532857603389,4,0.9483694650728471,3,0.9459197949146086,4,0.009406256480257093,0.9578274990159062,4,0.007460745205718877,0.9447340172690968,4,0.023356982150182583,11
8,5,2,0.7643503176954107,4,0.712445129198947,2,0.691351843115537,2,0.7453083270206069,2,0.025345896695729307,0.742964071796736,2,0.02614331583249101,0.7117928857057954,2,0.03075354307694576,11
8,5,4,0.7940793107361056,4,0.7940793107361056,4,0.7643503176954107,4,0.8134138581268795,4,0.0209770586047953,0.7866555254913884,4,0.021580494339674006,0.7744376505167487,4,0.02196734219943273,11
8,5,2,0.7851717549290996,3,0.7860796457526451,2,0.755226648807005,2,0.7843169914303414,2,0.020119229633894273,0.7868054736512021,2,0.02113004590800323,0.7815783687234859,2,0.0199270967809024,11
8,5,4,0.7876733710330794,4,0.7876733710330794,4,0.7851717549290996,3,0.8082273360632253,4,0.02022251135403659,0.8072785727070625,4,0.025456710432286343,0.8036198755509965,4,0.02067295066444129,11
8,5,2,0.8232136514072353,3,0.8171294310894126,2,0.8087309132663776,2,0.8330835581838283,2,0.016982024634946146,0.8180432022279894,2,0.018036074585456464,0.8112440763647517,2,0.0282113247144739,11
8,5,4,0.8314219190793972,4,0.8314219190793972,4,0.8232136514072353,3,0.8284085870361331,4,0.016658604179060232,0.8448292817081305,4,0.020107897905552816,0.8368333424002045,4,0.016237243245232152,11
8,5,2,0.7417243701590915,3,0.7283131983312435,2,0.7456981111622645,1,0.7736695249791977,2,0.04150398664887131,0.7716930679722005,2,0.03834251503550018,0.7428454730209565,2,0.042133716467501206,11
8,5,4,0.8405975166747146,6,0.7818204455474013,4,0.7417243701590915,3,0.8082117083437805,4,0.02937363146566229,0.8069043813886364,4,0.027175198660111012,0.8137141620009387,4,0.028262716515338616,11
8,5,2,0.7436674412447455,3,0.727873618893245,2,0.6422795664448848,2,0.7696664145967266,2,0.015887254752412126,0.772220085752696,2,0.01570251555147609,0.7696664145967266,2,0.01570851664761493,11
8,5,4,0.7815171140263876,7,0.8035385760565654,4,0.7436674412447455,3,0.8078887769582445,4,0.01391861506448298,0.8069557248646372,4,0.013667882541328965,0.8123228790163598,4,0.013707803707075047,11
8,5,2,0.6738180649900819,3,0.6648246345962245,2,0.6459060511110485,2,0.6968757171840768,2,0.03613188836188482,0.6182508275143117,2,0.04349816780246858,0.6282798170355695,2,0.040827978804272705,11
8,5,4,0.7184169272810118,5,0.703053244254108,4,0.6738180649900819,3,0.7059797104744774,4,0.02984190278003605,0.6926872638187553,4,0.03279608315190868,0.7059797104744774,4,0.02967594705529091,11
8,5,2,0.7888711195911774,4,0.7471796353872051,2,0.7569875957715273,2,0.7269298039601945,2,0.0370557382601864,0.7201596766939269,2,0.03812768098743979,0.7502085727577774,2,0.04180118817370144,12
8,5,4,0.7470875175870055,6,0.744566331961415,4,0.7888711195911774,4,0.7538849352975144,4,0.03239923824317474,0.7626588634236174,4,0.032531603080334676,0.720615580336331,4,0.03721274119304773,12
8,5,2,0.8313119140237586,2,0.8313119140237586,2,0.8359583092542862,1,0.8322421787409368,2,0.02525557229424056,0.8382149272574209,2,0.023698668590790815,0.8322421787409368,2,0.023361152145669205,12
8,5,4,0.8091798883487621,5,0.8238162013157401,4,0.8313119140237586,2,0.8562748705428558,4,0.021316176285951765,0.8468711996409387,4,0.02034994842901783,0.8326763043066334,4,0.020920155837949796,12
8,5,2,0.8115641295708577,3,0.7927763032270778,2,0.722798836633788,2,0.8082931727113019,2,0.03975165056004709,0.7977093928737724,2,0.039711838028607734,0.8041796609126818,2,0.03882575614837178,12
8,5,4,0.7788725632079845,5,0.7804996470930661,4,0.8115641295708577,3,0.8075045338385559,4,0.028744969529021065,0.8069048489249334,4,0.029527473727470593,0.8119034213969486,4,0.027685547844587422,12
8,5,2,0.8402329647370198,3,0.7789999831362676,2,0.7575550788759993,1,0.7893743575611645,2,0.029755756060311153,0.7779895931224309,2,0.030950503854842343,0.7893743575611645,2,0.02930554945980053,12
8,5,4,0.8452956343333748,5,0.8325736340458164,4,0.8402329647370198,3,0.8337481355660896,4,0.019193202779183627,0.8288253391917298,4,0.020895354566475812,0.8337481355660896,4,0.018678013994797214,12
8,5,2,0.790531996606096,4,0.7573980384282385,2,0.7331675997958325,2,0.7565846954696596,2,0.05453402075308179,0.7526080390503136,2,0.0673065171463322,0.7565846954696596,2,0.053323244209528865,12
8,5,4,0.8506018844193595,6,0.801270636371069,4,0.790531996606096,4,0.7826469203083675,4,0.04076238159213218,0.794691272867462,4,0.04491801639107646,0.7873611089831744,4,0.039156587505929936,12
8,5,2,0.8237464787376333,3,0.8411803122445702,2,0.830137608556059,1,0.8434820985086395,2,0.02492741865809221,0.8352764279534519,2,0.02222724247228443,0.8470297166115239,2,0.022680515481961486,12
8,5,4,0.8542857909839198,6,0.8433512225521478,4,0.8237464787376333,3,0.8687737708492596,4,0.021647037605262116,0.8763679733670683,4,0.018367369351160956,0.8745658125629142,4,0.01770502549568266,12
8,5,2,0.7700846844938233,3,0.7583290313828422,2,0.7483581610478178,2,0.7672787506715731,2,0.024859337412274085,0.760105269878124,2,0.02418181834690643,0.7672787506715731,2,0.024464014494375352,12
8,5,4,0.7881415841357059,6,0.7893535504274265,4,0.7700846844938233,3,0.7908004561124555,4,0.021194120978301548,0.7748414845387185,4,0.021040378943527952,0.7908004561124555,4,0.02088406402546239,12
8,5,2,0.60811164573435,4,0.6123242992131959,2,0.6165596088207379,2,0.6092506020193488,2,0.04329858511657981,0.5916287188472106,2,0.052636688075225445,0.6092506020193488,2,0.043508497128497026,12
8,5,4,0.6698645388104097,8,0.67805001026121,4,0.60811164573435,4,0.6745092048160479,4,0.03570380075861219,0.6635276500562554,4,0.046183678482870694,0.7046652713715226,4,0.03475496362683173,12
8,5,2,0.7661458356582204,3,0.712259125452522,2,0.7352632380615692,2,0.7641303346896081,2,0.03442967448394717,0.7489947222319848,2,0.03416622843896393,0.7554674514275672,2,0.033841523241823906,13
8,5,4,0.8273520781238429,5,0.8012413989234383,4,0.7661458356582204,3,0.8266684245374396,4,0.022690729570564595,0.8344470536260622,4,0.022738083686819656,0.8199125274842365,4,0.0211730520335991,13
8,5,2,0.6703312343231002,3,0.6923398774188536,2,0.6477817504075157,2,0.7832925651317132,2,0.027901852736798714,0.7733633126977045,2,0.02761108204932598,0.7832925651317132,2,0.027279358867910806,13
8,5,4,0.7605176716679289,6,0.7649469192538999,4,0.6703312343231002,3,0.7967255787415332,4,0.0233215106133913,0.7950988842467814,4,0.024495720428301206,0.7987429426416609,4,0.02405039559032495,13
8,5,2,0.8040022086793477,3,0.7416061320759127,2,0.7619557427174393,2,0.7502164782171001,2,0.04215749279765276,0.7684044903665844,2,0.04077697268908162,0.7550149955882031,2,0.0412465596489501,13
8,5,4,0.8174586572476363,5,0.8202033696142416,4,0.8040022086793477,3,0.816229587098528,4,0.021929953130346257,0.8166381080028472,4,0.021229918439099875,0.7991539758397873,4,0.02188978715172949,13
8,5,2,0.6839550792359489,3,0.6926745269573281,2,0.6702229976272356,2,0.6843933663729023,2,0.03376717607573129,0.6819718074063534,2,0.03389773726606653,0.6456437399604542,2,0.0356581334162959,13
8,5,4,0.7538898091702273,7,0.7333438605669529,4,0.6839550792359489,3,0.7313440749136746,4,0.030884570003965255,0.7278146430092552,4,0.030870631507532397,0.7261723292939016,4,0.028943067018536064,13
8,5,2,0.8361590217825461,2,0.8361590217825461,2,0.8618969908633448,2,0.8672420048541649,2,0.02574842504674637,0.8696558334704655,2,0.024566115350553974,0.8672420048541649,2,0.02350784754726261,13
8,5,4,0.8148837022105828,6,0.8336288452887907,4,0.8361590217825461,2,0.8747602401379535,4,0.024503938111782315,0.8358826388218432,4,0.025952571276441246,0.8613906606218377,4,0.02368024965298593,13
8,5,2,0.8096301226693865,3,0.7818608989014505,2,0.7356506952625642,2,0.7874628633674491,2,0.03688864097479423,0.7698032035264758,2,0.03843924185469029,0.7874628633674491,2,0.03593594542123094,13
8,5,4,0.8224808352724661,6,0.8031984716631942,4,0.8096301226693865,3,0.827085708388072,4,0.02885653772742775,0.8221146978361368,4,0.029411428475562443,0.8165581825807078,4,0.028116166406643432,13
8,5,2,0.7036725304567238,4,0.7346721622399761,2,0.7068935887217511,2,0.7415070633469698,2,0.032227969120658034,0.7448860934273945,2,0.03278378482837243,0.7321446292107983,2,0.04042411869979664,13
8,5,4,0.7872281241582717,7,0.7814887007882911,4,0.7036725304567238,4,0.7997684388258094,4,0.02235736120583764,0.7960393843724322,4,0.022355112044180482,0.7997684388258094,4,0.021759508441086674,13
8,5,2,0.6229748110626739,3,0.6547616840839637,2,0.6495306717213002,1,0.719066798604724,2,0.03102488638985935,0.7147796413931727,2,0.033333974851765646,0.6810160295935405,2,0.03230342880617772,13
8,5,4,0.7284215257564329,5,0.7004292538750405,4,0.6229748110626739,3,0.7805399795029342,4,0.022765156362705173,0.7933738970813623,4,0.0242634856206991,0.7786928600788171,4,0.02244425339719504,13
8,5,2,0.667615779856486,4,0.6142446301206785,2,0.6102402020805461,2,0.582408437783782,2,0.028803615627987684,0.582408437783782,2,0.028832075637077247,0.611146632163068,2,0.031192108144774484,14
8,5,4,0.6846227938904026,7,0.6758785105956786,4,0.667615779856486,4,0.6765703652663596,4,0.024757384749033346,0.6765703652663596,4,0.02504182988564504,0.6754397485985025,4,0.027049818661750623,14
8,5,2,0.7612844686862907,2,0.7612844686862907,2,0.6528798786875986,1,0.7683713708897604,2,0.027786262386062147,0.7715292847739983,2,0.029309923399089947,0.7683713708897604,2,0.027535202055933076,14
8,5,4,0.7288331896912623,5,0.733068597448106,4,0.7612844686862907,2,0.7327999285699077,4,0.027484382878900253,0.7421953062275879,4,0.029952508112937447,0.7352542917331414,4,0.027222439243108854,14
8,5,2,0.7367549276533962,4,0.7255457568040827,2,0.7177290650816942,2,0.7830876884596518,2,0.032754291928648926,0.767691624249809,2,0.03217980584017755,0.7493356746046553,2,0.03145587209622385,14
8,5,4,0.7643604455965619,5,0.7655265164775116,4,0.7367549276533962,4,0.8014265523731595,4,0.02612407939804393,0.7773770229701,4,0.026883025220282814,0.7809373973012959,4,0.026298411606743313,14
8,5,2,0.6283319449727959,3,0.6516877809432942,2,0.6185685301965625,1,0.6989751655580788,2,0.029197343142395537,0.6859458625315026,2,0.02989870456463624,0.6192522351122242,2,0.0323293058254691,14
8,5,4,0.666676532317916,5,0.6822396320626709,4,0.6283319449727959,3,0.6856237301803197,4,0.026935281471988825,0.695659003283086,4,0.02746485142269926,0.6863709254361318,4,0.02810875095143096,14
8,5,2,0.7622068607950222,3,0.6868101876757092,2,0.6623415423845308,2,0.6523977364069011,2,0.0429496604324947,0.6733866963320637,2,0.04294450985923538,0.6247476627236901,2,0.04908147870347612,14
8,5,4,0.7387292878668776,5,0.7442330856946826,4,0.7622068607950222,3,0.7362243127584781,4,0.028963692760964107,0.7326759988682302,4,0.029098630690968137,0.7166344655270251,4,0.03318092595465233,14
8,5,2,0.695614815171398,3,0.7052547349667434,2,0.7477441743597399,2,0.7036564287931487,2,0.04189822696963143,0.7076330899146204,2,0.042136817555618364,0.7519300452825447,2,0.04003876800683778,14
8,5,4,0.7586234720778208,6,0.707860916975215,4,0.695614815171398,3,0.7255933705765737,4,0.03605997963363254,0.722111886420846,4,0.03651586688705895,0.7255933705765737,4,0.035669560314443786,14
8,5,2,0.7921826637556693,4,0.7632772511721753,2,0.7296888613850148,2,0.7133372519530187,2,0.04030519996393499,0.6991190594029512,2,0.041994315101308625,0.753006033358758,2,0.04502501572095975,14
8,5,4,0.7864480484140594,6,0.7832218513672159,4,0.7921826637556693,4,0.779646155252986,4,0.032257809200683114,0.7887027566042308,4,0.032504479146731706,0.7488535938753675,4,0.0391928781974516,14
8,5,2,0.689168428479457,4,0.6448701090979946,2,0.6525402580668661,2,0.6030017507603366,2,0.025687454920734817,0.6037314833882956,2,0.02598949709849397,0.5697820240605846,2,0.028000856149818735,14
8,5,4,0.643779239824601,5,0.6464851973769248,4,0.689168428479457,4,0.6543678608642958,4,0.02403938793583712,0.655513054795929,4,0.02437486602287981,0.6337151674005288,4,0.02518249029167554,14
8,5,2,0.77327539681187,2,0.77327539681187,2,0.7537157257687116,2,0.7728257359210889,2,0.0315050755596394,0.7770675454245972,2,0.03390271446084825,0.7765571860236542,2,0.03125232416514904,15
8,5,4,0.7915884023399418,6,0.7796346052898665,4,0.77327539681187,2,0.7880690801488738,4,0.025933369604179184,0.76394884096878,4,0.029277480061099807,0.7611652077121649,4,0.026157852397911033,15
8,5,2,0.7697612023738045,3,0.7573471306886528,2,0.7502592613406034,2,0.747358077442293,2,0.02685881478400534,0.7317602084578786,2,0.026773577684601004,0.747358077442293,2,0.02618511087147291,15
8,5,4,0.7746238118088664,5,0.7719323415738875,4,0.7697612023738045,3,0.7684889497426639,4,0.02239320631505419,0.7760556603982802,4,0.023498878237081834,0.777249517739923,4,0.022032306982456125,15
8,5,2,0.71554832106953,4,0.7078867751334,2,0.7095700009731065,2,0.7183125129097159,2,0.03569004904002031,0.7089306812287771,2,0.037698133598457584,0.7183125129097159,2,0.03545033261507974,15
8,5,4,0.7211727228551585,5,0.7476704982354908,4,0.71554832106953,4,0.7412466477765088,4,0.029634588776411536,0.7278832023503488,4,0.031246555063444977,0.7412466477765088,4,0.029355735636150286,15
8,5,2,0.8052917467260218,3,0.8277524971774777,2,0.7871469775160462,2,0.8244222302227138,2,0.03302710533654755,0.8172952269339464,2,0.040937002827887974,0.8244222302227138,2,0.03189543623311357,15
8,5,4,0.8451502990226745,5,0.8540117339903938,4,0.8052917467260218,3,0.8503756754033373,4,0.02165943676716548,0.8438662622274484,4,0.03124772359494503,0.8430279424569896,4,0.02116506905789882,15
8,5,2,0.7338608865109721,3,0.7272513539295614,2,0.6427423819038017,1,0.7129398181914084,2,0.035906851811560336,0.7019893560620647,2,0.03574114626189324,0.7129398181914084,2,0.03565206336953733,15
8,5,4,0.7619023036020348,6,0.7493639611662006,4,0.7338608865109721,3,0.7575445393310868,4,0.028294103679719493,0.7589425165931748,4,0.029041571519484156,0.7700926122030879,4,0.025795123926077405,15
8,5,2,0.7907254385395052,3,0.7795055656031453,2,0.7684176193914386,1,0.8317529696372775,2,0.020886422053093493,0.8266389958127395,2,0.019468862822576337,0.7744405682483442,2,0.026547164089006862,15
8,5,4,0.82349170695472,6,0.8188616075982067,4,0.7907254385395052,3,0.8405122796344568,4,0.018421569617417755,0.8441152946270295,4,0.016982682745250853,0.8425748626124827,4,0.01777221215090363,15
8,5,2,0.7808106023912734,3,0.7718635554538907,2,0.6300593578823186,2,0.7466691582232818,2,0.02855633012273259,0.7514645839938076,2,0.02776733969301251,0.7466691582232818,2,0.027675551544618458,15
8,5,4,0.7724515766045811,7,0.7786298105889715,4,0.7808106023912734,3,0.7888270326613723,4,0.023871974567826183,0.7882372707624176,4,0.023093317886900805,0.790319126185629,4,0.023449390556415414,15
8,5,2,0.8562628678037826,3,0.8309815997136873,2,0.7907243670581839,2,0.8302361687649734,2,0.022939866340349193,0.8336419993718287,2,0.022499345533629783,0.7928374935347354,2,0.0372638586102582,15
8,5,4,0.8512722960749335,7,0.8276451090501137,4,0.8562628678037826,3,0.8468121656639189,4,0.02017966743739586,0.8468909402709411,4,0.01971437309550566,0.8327106519415247,4,0.021952480455445587,15
8,5,2,0.8206964078492066,3,0.8263425949646932,2,0.7562288195480116,1,0.8271352368908208,2,0.024146934428386013,0.8271352368908208,2,0.023968365063788095,0.7659725431117611,2,0.03483083455002328,16
8,5,4,0.8349814635440845,5,0.8405681420096374,4,0.8206964078492066,3,0.8389273696406749,4,0.01946122092416672,0.8424185276639279,4,0.019383388301029755,0.8502363377929895,4,0.017935042516269775,16
8,5,2,0.7553158939881943,2,0.7553158939881943,2,0.6570195308194835,1,0.7753421631068079,2,0.030057355335086154,0.7414025751056472,2,0.03243723866863689,0.7820149490121819,2,0.029224994822667993,16
8,5,4,0.8045426252805099,5,0.7798460954506043,4,0.7553158939881943,2,0.8216180890880326,4,0.02241231300222229,0.7952181086855209,4,0.02418411758304998,0.8234559147447383,4,0.021361014591214988,16
8,5,2,0.7742923565643824,3,0.7547521161924403,2,0.7556486381450039,2,0.7585102582897645,2,0.028896059401680673,0.7645042369775247,2,0.031159696564412403,0.7585102582897645,2,0.028242603480745056,16
8,5,4,0.8391676204377118,6,0.844668294987669,4,0.7742923565643824,3,0.8289185259362417,4,0.019223261343917823,0.8162216204041779,4,0.020320349945050695,0.8289185259362417,4,0.018302276836335663,16
8,5,2,0.6394400025690843,3,0.6318085606182524,2,0.5987692554465881,1,0.6850782725459631,2,0.025990079064501587,0.6835477291039433,2,0.027776486997844147,0.6850782725459631,2,0.02580424278373741,16
8,5,4,0.6947725021555269,6,0.7194967254843383,4,0.6394400025690843,3,0.7593165192229286,4,0.0219852485368065,0.7397167137824319,4,0.02568662060514033,0.7593165192229286,4,0.02168434288342584,16
8,5,2,0.7675813819198987,4,0.6493855732716165,2,0.6707549341035592,2,0.6995553016941285,2,0.04135925086091857,0.6827075879915402,2,0.04264989583552444,0.6995553016941285,2,0.0409448668418524,16
8,5,4,0.7529071967884055,6,0.7057264916156701,4,0.7675813819198987,4,0.7637661818777216,4,0.0333816297357674,0.7215573073447529,4,0.03808695914978898,0.7587941849036708,4,0.033012027349532555,16
8,5,2,0.7564015093780286,3,0.7167316441616173,2,0.7057756455755702,2,0.66637974403987,2,0.040095597223918714,0.6673810751814585,2,0.04070752686787642,0.6521275773905932,2,0.047591620557026995,16
8,5,4,0.7592591875133341,5,0.7455098208309173,4,0.7564015093780286,3,0.7579258916093078,4,0.032761774946492045,0.7404516121787249,4,0.032248708785264375,0.7139311935797392,4,0.03811905285841559,16
8,5,2,0.6547198938206102,3,0.6053373678271221,2,0.643876754097808,2,0.6379987659844519,2,0.037513617788851324,0.6449948367123602,2,0.03893843355285176,0.5901838936444872,2,0.036237700980530266,16
8,5,4,0.667540963361957,6,0.632436949826834,4,0.6547198938206102,3,0.663892524947043,4,0.03058038941958944,0.6634154829903766,4,0.03266047091858406,0.663892524947043,4,0.030502653657561746,16
8,5,2,0.7982087851821797,4,0.7280275569755735,2,0.6877264183585143,2,0.6866587143883854,2,0.023568004464028843,0.6888802262889231,2,0.02550835904182326,0.6068188756472955,2,0.03268259677253097,16
8,5,4,0.800489752423611,6,0.7781600139997035,4,0.7982087851821797,4,0.811041573387932,4,0.013839518669907229,0.8038293658388125,4,0.015470109933890233,0.7117017690079886,4,0.019955261229268873,16
8,5,2,0.6949891843260959,3,0.7017137563140615,2,0.6827856204744587,1,0.7168718411916185,2,0.029935278142330598,0.7047892200167363,2,0.03315611851210661,0.6631921689731131,2,0.032316119956042555,17
8,5,4,0.7322669543728553,6,0.7240678199953962,4,0.6949891843260959,3,0.7210663285225439,4,0.02818602637846439,0.7122596589875552,4,0.03285175279189477,0.7177276059011106,4,0.02813533713632114,17
8,5,2,0.7997772414322636,4,0.7319479069949729,2,0.7125074554416083,2,0.7871821220610717,2,0.034242315114507635,0.7867889571929393,2,0.03534117089859917,0.6964599367295005,2,0.04308291787454149,17
8,5,4,0.8296302366222814,6,0.8258601855758454,4,0.7997772414322636,4,0.8599900740704979,4,0.02200795786845258,0.8642584772524685,4,0.022116081195226043,0.8637824364346127,4,0.02089116743371772,17
8,5,2,0.7369387287302903,3,0.739392681119967,2,0.7444924861731631,2,0.7445190585004974,2,0.04264661482453061,0.7036915834430393,2,0.047173323415451746,0.7748263512712205,2,0.04252425197617672,17
8,5,4,0.7665739020518593,6,0.780009686702848,4,0.7369387287302903,3,0.7732456997077322,4,0.03382656326355439,0.7690639664314332,4,0.03671104185975438,0.7848527653912842,4,0.033316098445659234,17
8,5,2,0.8627250721866948,3,0.8560347464074746,2,0.844793072408986,2,0.8577177901807446,2,0.027788214377248068,0.695986476603424,2,0.049797059922558264,0.6933500669673538,2,0.0483127867124155,17
8,5,4,0.8472612907188412,6,0.8679671950369674,4,0.8627250721866948,3,0.8714669969811718,4,0.019414009043813366,0.8578248482373364,4,0.01828039370287605,0.8668395551405986,4,0.017612780032787063,17
8,5,2,0.7466965805316995,3,0.7528560699739443,2,0.7340182085321828,1,0.7580352243195243,2,0.0210990695438081,0.7682947491737826,2,0.022424381076281474,0.7207444417245368,2,0.040683010184584784,17
8,5,4,0.7476247570260417,6,0.7689866250475776,4,0.7466965805316995,3,0.7558040930653691,4,0.02062136079053542,0.7475493328918398,4,0.021772772722911587,0.7454771561324666,4,0.023520611627229612,17
8,5,2,0.8119339548538376,3,0.7913131125360765,2,0.7785075713692247,1,0.7943417124745568,2,0.018840277547815226,0.7772683229326323,2,0.018129380124306014,0.7943417124745568,2,0.01834954214779711,17
8,5,4,0.7938248138415386,5,0.8086440488164617,4,0.8119339548538376,3,0.8231187831461364,4,0.016342536669781946,0.828905868201447,4,0.015692097375243838,0.8231187831461364,4,0.015563175036071812,17
8,5,2,0.7720291845251918,3,0.7343098141542554,2,0.7238868073810742,1,0.7519550097437386,2,0.0359273181488015,0.7362416673425007,2,0.036440389103774035,0.728637728706815,2,0.03875445490306093,17
8,5,4,0.8181428950684504,7,0.7697798913874052,4,0.7720291845251918,3,0.7664008190868326,4,0.024701950929269943,0.7957302976823534,4,0.026915005248238866,0.7455332615947089,4,0.028554955300170423,17
8,5,2,0.7561628086790317,2,0.7561628086790317,2,0.7574504001846384,1,0.7650375763525791,2,0.033008887856578094,0.7650375763525791,2,0.03338491137892047,0.7614022001747391,2,0.03250377311122585,17
8,5,4,0.8063451193135772,5,0.7914273112645482,4,0.7561628086790317,2,0.813550894956416,4,0.030478057647111065,0.8056488920571269,4,0.030128117019240553,0.7670810758571495,4,0.032693695310010984,17
8,5,2,0.8045147944562925,2,0.8045147944562925,2,0.7801281122520264,1,0.8221922567311757,2,0.023777520849594554,0.7800876230074846,2,0.027763547999425008,0.8258966661170104,2,0.0222312491319218,18
8,5,4,0.8412177084599641,5,0.8470025982958573,4,0.8045147944562925,2,0.8493376673435218,4,0.021129460467202425,0.8224913019289989,4,0.022297731415594303,0.8521667927944441,4,0.01978684016705889,18
8,5,2,0.803023689620017,3,0.7433701516291057,2,0.7017339406662746,2,0.742437222680542,2,0.04056788847161515,0.7088611830149385,2,0.044074423808541145,0.742437222680542,2,0.03979966401150146,18
8,5,4,0.8153534152828716,6,0.8197744226448893,4,0.803023689620017,3,0.8146663721961668,4,0.03178285277454337,0.7938860328092614,4,0.03234982616465904,0.8146663721961668,4,0.030315001811846067,18
8,5,2,0.7860000731554251,3,0.8035169826696362,2,0.7217029467771878,2,0.809768474898746,2,0.028097244545619116,0.7871946740866017,2,0.024744813823999012,0.7074327282993981,2,0.0371295648459451,18
8,5,4,0.7882482084011787,6,0.8227021921736671,4,0.7860000731554251,3,0.825350123623611,4,0.022075078232912503,0.767016500904609,4,0.02452198674278888,0.7879667154518907,4,0.02584691580924462,18
8,5,2,0.8183766938753498,3,0.8372138474211709,2,0.8215303723857137,1,0.8456106961820045,2,0.020556266834980012,0.8421825960190876,2,0.020638540946697943,0.8361139840478359,2,0.02173390779082938,18
8,5,4,0.8658110520127873,5,0.854249778664259,4,0.8183766938753498,3,0.8495078767136425,4,0.019718566718195198,0.8620132609695448,4,0.019505466516544924,0.8521538522167514,4,0.020610052262581183,18
8,5,2,0.8430518292952047,3,0.7987605718584989,2,0.8368383286993443,1,0.8271418964079514,2,0.032366458811466464,0.8195225350021781,2,0.03318368394155328,0.8177613240984122,2,0.03035606054575655,18
8,5,4,0.8736396117460008,5,0.8031338183723592,4,0.8430518292952047,3,0.8437403375186553,4,0.02478097064657893,0.8084233939806779,4,0.026974440179097982,0.8437403375186553,4,0.023670829656527597,18
8,5,2,0.7844129083217267,4,0.680961422453737,2,0.6626646126578661,2,0.7415527124417822,2,0.0503686239383191,0.7231078375852609,2,0.05055023749374091,0.7415527124417822,2,0.049798939073713945,18
8,5,4,0.7828724325531559,5,0.8035210920980157,4,0.7844129083217267,4,0.8130865084293162,4,0.029033899341109934,0.8192719206300242,4,0.026844913296427658,0.8130865084293162,4,0.027451839105132398,18
8,5,2,0.8233067250362928,3,0.8083313218446085,2,0.7741430389476915,1,0.7960379860536057,2,0.021161835689025438,0.792204341125358,2,0.02332374265803909,0.8018883990437928,2,0.020782453173321384,18
8,5,4,0.8178550783316566,5,0.8167102564342921,4,0.8233067250362928,3,0.8275204502298377,4,0.018417829502783232,0.8327001987584773,4,0.019680448776673506,0.825649272808001,4,0.01767012161465655,18
8,5,2,0.8033962453479095,3,0.8146978316570068,2,0.7707477193688699,1,0.7986109510902561,2,0.021234494956071732,0.7912969196127478,2,0.02028301273076439,0.80715181718536,2,0.01999876642316307,18
8,5,4,0.8421608318174851,5,0.8474507976576527,4,0.8033962453479095,3,0.849103830001617,4,0.017747721234084878,0.8461823847260661,4,0.017020693234462498,0.849103830001617,4,0.01678734454934436,18
8,5,2,0.7598599131021307,4,0.7265706669858448,2,0.67210606805869,2,0.6565121113276277,2,0.038503510609544885,0.6565121113276277,2,0.042547280682420426,0.7334264769906,2,0.037202499061370256,19
8,5,4,0.7326118155550845,6,0.7049723263286677,4,0.7598599131021307,4,0.7593648787827737,4,0.026375199791951083,0.7593648787827737,4,0.029256692608335636,0.757284315945378,4,0.03638146667214396,19
8,5,2,0.7179703131431133,3,0.7090463050913278,2,0.6646105480246252,1,0.6894416010557166,2,0.02995216237743991,0.6894416010557166,2,0.029394517585216412,0.6894416010557166,2,0.029834325440601394,19
8,5,4,0.7007304858580902,6,0.7218748638809573,4,0.7179703131431133,3,0.7276820219486984,4,0.02032958840354807,0.7297330193625817,4,0.020297243690636933,0.7196869777481327,4,0.020149713596829787,19
8,5,2,0.6998664500096807,4,0.639290128925495,2,0.5784813260534853,2,0.7258716110707718,2,0.0469148072656684,0.6960326705816775,2,0.05356385002693256,0.7258716110707718,2,0.04626736441543358,19
8,5,4,0.7493141427951333,5,0.7443612758475088,4,0.6998664500096807,4,0.7535376619648126,4,0.03559221158414231,0.7105221568837055,4,0.04432109655958803,0.7403350875270275,4,0.0386763808300218,19
8,5,2,0.7751265045739826,3,0.7871996796664836,2,0.7668370703633257,2,0.7608302875301708,2,0.03864831750068637,0.7695470068458907,2,0.0383606747704583,0.7608302875301708,2,0.0379724691414773,19
8,5,4,0.7968259386075481,5,0.8022088684764435,4,0.7751265045739826,3,0.8392423845833933,4,0.022439556223186205,0.8392423845833933,4,0.021053013908487527,0.8392423845833933,4,0.02110568664199597,19
8,5,2,0.6207538731055403,2,0.6207538731055403,2,0.4837934969259195,2,0.6142983751549345,2,0.024051977120476502,0.6137027157314326,2,0.02414258447900147,0.6142983751549345,2,0.02404833130491285,19
8,5,4,0.6540861935633416,5,0.63726878014841,4,0.6207538731055403,2,0.6654964502918506,4,0.022002460160783784,0.6350342746362784,4,0.022667352156827733,0.6704150699901715,4,0.02199949544992386,19
8,5,2,0.7474416252141053,3,0.7942073937385918,2,0.6930576161774112,1,0.7763758228707962,2,0.02498926740111423,0.7834637739579504,2,0.024584224824977383,0.6954107739714158,2,0.033819575917355,19
8,5,4,0.8278417628025206,6,0.8112195629644269,4,0.7474416252141053,3,0.8348311857635502,4,0.019052051602966278,0.8372464670186267,4,0.018326748814565055,0.7841315565910161,4,0.023510570215679014,19
8,5,2,0.7797994410858445,3,0.7312178122756238,2,0.6655484998596984,1,0.7850877612539023,2,0.02675761868344035,0.7662113301881499,2,0.02747398796932882,0.7850877612539023,2,0.026429974015157655,19
8,5,4,0.7689045857997024,5,0.7889931026879549,4,0.7797994410858445,3,0.7948603870114995,4,0.022963991801306146,0.7660120710620318,4,0.024206624173344463,0.7892838074353575,4,0.022433906813083965,19
8,5,2,0.770724162248263,3,0.7234893483134144,2,0.7410331901605327,2,0.7298549517157518,2,0.03267607777675329,0.7298549517157518,2,0.032906628101150984,0.661224562926818,2,0.04707521418050092,19
8,5,4,0.8083653934352394,6,0.7930373588801595,4,0.770724162248263,3,0.794423674014419,4,0.02399042161511008,0.7859362108084731,4,0.02452860056740635,0.7592716619497727,4,0.02869621148926745,19
14,3,4,0.6909182161166463,7,0.6650652362959601,4,0.6812521091999117,4,0.676676692134364,4,0.010283292981350818,0.6899636084526265,4,0.010159901922669667,0.6802488633636603,4,0.009719050804004987,0
14,3,7,0.6789593212585939,9,0.6728814587120634,7,0.6909182161166463,7,0.6677780056540819,7,0.009597081508454413,0.6652690196737823,7,0.009666083803238903,0.6616168673181791,7,0.009772346491458864,0
14,3,4,0.7983938877490725,5,0.8053053487138714,4,0.7893677687613271,4,0.7997413917736597,4,0.011188312933781178,0.7929848123642663,4,0.010800577634820686,0.7997413917736597,4,0.011084950584928121,0
14,3,7,0.7997559668261338,9,0.7979893212373569,7,0.7983938877490725,5,0.7898466453076409,7,0.009309800871574682,0.7839566150872538,7,0.00884259651798644,0.7889884788574452,7,0.009762212997586337,0
14,3,4,0.7506682112695067,4,0.7506682112695067,4,0.6723556783309907,3,0.7512513333946781,4,0.011613206658323938,0.7537231614205409,4,0.01181429836279911,0.7248364756451204,4,0.013567909907442938,0
14,3,7,0.753550894010717,9,0.7594615300096402,7,0.7506682112695067,4,0.7781390887168952,7,0.010035160932759597,0.7803549278037882,7,0.010094794970254258,0.7795882995385639,7,0.010751243963273911,0
14,3,4,0.8842833843481739,5,0.8822030411462557,4,0.8819891614480228,4,0.8894028492778231,4,0.011865874691521856,0.8800604501966532,4,0.01164034593444433,0.8732381689274752,4,0.012566676913646768,0
14,3,7,0.8873312306924891,10,0.8860395773740207,7,0.8842833843481739,5,0.8891794112296127,7,0.010930600327149832,0.8952608592730826,7,0.01123383329508223,0.8864669841569417,7,0.011872084392443671,0
14,3,4,0.8369489862627112,6,0.8381696087865323,4,0.8455567992307924,4,0.8308017676847242,4,0.011637634976226574,0.8324078084842299,4,0.011704133676026096,0.8339428003517045,4,0.010998504351568102,0
14,3,7,0.8305929962156433,9,0.8197379244889804,7,0.8369489862627112,6,0.8231868817573023,7,0.01033779879637917,0.8191260600908676,7,0.010384426594344751,0.8387588775071659,7,0.00979307145541246,0
14,3,4,0.7005489147154854,6,0.7040891131462913,4,0.6795896278733358,4,0.7074705474634576,4,0.008862525511393656,0.7082395487000382,4,0.008891499341068743,0.693387907873471,4,0.00892906786490576,0
14,3,7,0.7008965649713289,10,0.705070048789688,7,0.7005489147154854,6,0.7125939450515065,7,0.008118084484990816,0.7125939450515065,7,0.008128599808376104,0.7044406618737212,7,0.008443365230550327,0
14,3,4,0.7821218953302327,6,0.7951615993451788,4,0.7562508770545407,3,0.7721580229756445,4,0.010746171976564441,0.7650284539676548,4,0.01066890717057267,0.776798972443011,4,0.01023499712543569,0
14,3,7,0.7912104225756817,10,0.8016772166710762,7,0.7821218953302327,6,0.8007708265007112,7,0.009440948325319866,0.8007708265007112,7,0.009323362766666404,0.7910077297559931,7,0.009757727955467019,0
14,3,4,0.794010899532304,5,0.8058887161882312,4,0.7902606561737396,2,0.8019072860329219,4,0.010315432255072135,0.802851328400026,4,0.009670615387672965,0.7881183786079945,4,0.011460535248611715,0
14,3,7,0.7983165493209425,9,0.805012247478502,7,0.794010899532304,5,0.7955298968311204,7,0.009533514674082515,0.7994845878825765,7,0.009319318456120112,0.7940207820498985,7,0.009749297215728694,0
14,3,4,0.8104273914098875,6,0.7840080605995586,4,0.7810196024816385,2,0.8182474792305773,4,0.01845278427529146,0.8354418711500106,4,0.01779069046445538,0.8182474792305773,4,0.017660941495121554,1
14,3,7,0.7965474219990099,11,0.8050880870728363,7,0.8104273914098875,6,0.83395543631411,7,0.017637027048250962,0.8343095903952865,7,0.01691567173741727,0.8435402182115914,7,0.017211775699902385,1
14,3,4,0.9029405637337173,5,0.9047183970556156,4,0.8791649002979965,3,0.9033040976671389,4,0.010522798819117591,0.9049356377386475,4,0.009969264033115212,0.8957450529004496,4,0.010382533308644798,1
14,3,7,0.9047993786718076,8,0.901142510862055,7,0.9029405637337173,5,0.9016896675661009,7,0.010262780774478456,0.9106070054915038,7,0.009567647297623562,0.9134181430553185,7,0.010024299848006431,1
14,3,4,0.7905918740163997,5,0.7934830964772205,4,0.7794876866071454,2,0.7935161257537371,4,0.022383261357999652,0.7826812994573228,4,0.021130882569952235,0.8082063101853713,4,0.021274717500759842,1
14,3,7,0.7823287342995757,9,0.7865962859737257,7,0.7905918740163997,5,0.7969748869815569,7,0.021957177966163737,0.8151252293567707,7,0.02061125499566977,0.8025436822951073,7,0.02057127117977071,1
14,3,4,0.7852850089828268,7,0.7899952561976253,4,0.7857213271986405,3,0.8415873202983412,4,0.01889015799952747,0.8438737530560623,4,0.017568753784006946,0.80608679472221,4,0.0194692327690435,1
14,3,7,0.7867319300506777,11,0.8012638554040964,7,0.7852850089828268,7,0.8175751967488971,7,0.01831748596490732,0.8353270376117035,7,0.01640434851243147,0.8514920499501386,7,0.01707841094663033,1
14,3,4,0.826970642738197,5,0.8198141693675927,4,0.8194106645760114,3,0.8352174945458988,4,0.02510604394133008,0.8241004929487603,4,0.024439297836974447,0.8314448818008449,4,0.02367648039383452,1
14,3,7,0.8245844190719823,8,0.8284171643741728,7,0.826970642738197,5,0.8257021944679277,7,0.02379625205165717,0.838150532957117,7,0.022473567115059077,0.8499886462994583,7,0.0219850707949312,1
14,3,4,0.8240779710309741,6,0.7732161243566487,4,0.790975181500415,4,0.8073445371688869,4,0.011107201471190648,0.800837531698875,4,0.01153113375048646,0.7884181163038734,4,0.012019452722492626,1
14,3,7,0.8026091160100938,10,0.804063356586934,7,0.8240779710309741,6,0.8112907124901904,7,0.009836224588707358,0.7968313653518485,7,0.009807679630923147,0.814180384135573,7,0.010146326198977556,1
14,3,4,0.9315646384250201,5,0.9315646384250201,4,0.917863934657607,3,0.9192567219124433,4,0.011359934904843492,0.9274495639318256,4,0.010832241321262554,0.9192567219124433,4,0.0233900569569121,1
14,3,7,0.9288876576444738,10,0.9265700343266738,7,0.9315646384250201,5,0.9192567219124433,7,0.011297986452075843,0.9291104418415986,7,0.010935211385073505,0.9174931285489567,7,0.015460213041311304,1
14,3,4,0.7685211710587673,5,0.7707705199766249,4,0.7424998500203347,2,0.8165671893288615,4,0.02190219404093135,0.7839697923185581,4,0.027782893590878252,0.6363904106011475,4,0.04097843373176879,1
14,3,7,0.7713697156850164,9,0.7699793667926925,7,0.7685211710587673,5,0.8302648446455011,7,0.020157035396174226,0.8113535268418441,7,0.0240630760020154,0.8244331681551706,7,0.020009029126876098,1
14,3,4,0.9186056928068548,7,0.9163443180294211,4,0.9186056928068548,4,0.9186056928068548,4,0.00483630905318278,0.9186056928068548,4,0.00481167542252537,0.9186056928068548,4,0.004870568271358492,2
14,3,7,0.9186056928068548,9,0.9186056928068548,7,0.9186056928068548,7,0.9163636348533191,7,0.004283821684140445,0.9163636348533191,7,0.004269247074431074,0.9186056928068548,7,0.004626928280645497,2
14,3,4,0.8860735630533203,7,0.8790633075162357,4,0.8860735630533203,4,0.8846779844899408,4,0.005623010155744008,0.8758200753929161,4,0.005473047090721266,0.8860735630533203,4,0.007273619756751253,2
14,3,7,0.8909445096766885,9,0.8873845433981156,7,0.8860735630533203,7,0.8894179763181866,7,0.005225780301473319,0.8847288257984561,7,0.00515619846333434,0.8860735630533203,7,0.005642956388230537,2
14,3,4,0.8961507960363038,5,0.8916910089464214,4,0.8941784923822803,4,0.892111445628056,4,0.004603257611847365,0.8850721047576948,4,0.004718539412602784,0.8939349046248984,4,0.005457882286524856,2
14,3,7,0.8959524565960906,8,0.8927906037526969,7,0.8961507960363038,5,0.8962503682539825,7,0.003947984090087441,0.8962503682539825,7,0.004023604233748613,0.9112587996728172,7,0.004616657961124296,2
14,3,4,0.7893095401317876,5,0.8135583276577749,4,0.7806576233938467,3,0.8181214578483044,4,0.01330837561262207,0.830836836334969,4,0.012982225754798021,0.8281446401999089,4,0.012932517123413872,2
14,3,7,0.8403748087829231,9,0.8451875966092154,7,0.7893095401317876,5,0.8487540739757118,7,0.011567963603692718,0.8504108769764096,7,0.01123747719122704,0.8487540739757118,7,0.011211770817413735,2
14,3,4,0.8059332981883587,7,0.7952392371991786,4,0.7680938013243978,3,0.78537510262767,4,0.011631162075724453,0.7784377621876893,4,0.011487545970323082,0.747241831678031,4,0.011625280797837914,2
14,3,7,0.8165618369842732,9,0.819618429324752,7,0.8059332981883587,7,0.8278780324166725,7,0.008598123183760723,0.8257765891539456,7,0.00850867822743308,0.8278780324166725,7,0.008533747384962629,2
14,3,4,0.7991681673394893,8,0.8117348061231,4,0.7541887989279424,4,0.7705317882745233,4,0.012168120769991308,0.7584544305166248,4,0.014716422525976672,0.7737242235025414,4,0.013287599516913391,2
14,3,7,0.8235931102779255,9,0.8003024780844815,7,0.7991681673394893,8,0.8159590645145378,7,0.009714481130312662,0.8021885285638347,7,0.01009232655734729,0.8097358848845154,7,0.009718501234168625,2
14,3,4,0.9841741905561796,6,0.9841741905561796,4,0.9841741905561796,3,0.9841741905561796,4,0.003497750740897258,0.9841741905561796,4,0.0035412220658140657,0.9841741905561796,4,0.0040335591330174815,2
14,3,7,0.9841741905561796,8,0.9841741905561796,7,0.9841741905561796,6,0.9841741905561796,7,0.0032800522233067684,0.9825637905996889,7,0.0033574051849322236,0.9841741905561796,7,0.003794022065884323,2
14,3,4,0.823003068490748,7,0.8368129838821898,4,0.7870902323490292,3,0.8349601620967493,4,0.008310630098827088,0.8349601620967493,4,0.008186684059887187,0.8292294647181063,4,0.008230666787453066,2
14,3,7,0.8552300241623293,10,0.8327602494638351,7,0.823003068490748,7,0.8361648857404739,7,0.006876002186238618,0.8389025597080839,7,0.0068506780446336586,0.8409320565766695,7,0.0071509886300750655,2
14,3,4,0.8179739205791259,6,0.8192727203297144,4,0.8176718346120868,2,0.8102556040696843,4,0.010142986096240343,0.8102556040696843,4,0.00988178105833472,0.8311731598960417,4,0.010823819147681312,3
14,3,7,0.8393031751524337,9,0.8459005281383275,7,0.8179739205791259,6,0.8216476465657692,7,0.009773971557021132,0.8126662459826282,7,0.00958229658195071,0.8156235336693655,7,0.010556490532729413,3
14,3,4,0.7412434470600016,7,0.7720282233580579,4,0.6996650705435963,3,0.788079600464069,4,0.008245392167681068,0.7899149620253271,4,0.008202634722139246,0.702304880365888,4,0.011428947299467735,3
14,3,7,0.7734823924160628,9,0.7818163544627034,7,0.7412434470600016,7,0.7729137233252603,7,0.007418853310365456,0.7693048428591159,7,0.007481091509979777,0.7673435821309489,7,0.008336759360353708,3
14,3,4,0.8534691591349675,5,0.8515951454559322,4,0.7992902360632717,3,0.8305397159425845,4,0.017509006470797197,0.8366263421673962,4,0.016795341348983348,0.7870982009383349,4,0.018917876699468716,3
14,3,7,0.8761355506702461,9,0.8621672051785823,7,0.8534691591349675,5,0.8649066088716432,7,0.01261796332322499,0.8712731330058789,7,0.011688238303143932,0.8509626032251065,7,0.014699169185694578,3
14,3,4,0.7932858967731733,5,0.7942614498488559,4,0.8063640314818333,2,0.795124203080028,4,0.010152697671071942,0.7936543432930402,4,0.010117923124564549,0.8040594709857786,4,0.010717098902831748,3
14,3,7,0.8324992467082402,9,0.8067535651632567,7,0.7932858967731733,5,0.8318842925350711,7,0.0073494100291386115,0.8060829270479795,7,0.008404115645712777,0.7975348538613346,7,0.010750172384615524,3
14,3,4,0.7424171054320705,5,0.716764798942301,4,0.7074616540782117,2,0.7289100643835866,4,0.014135474705076971,0.7326678578494504,4,0.014431509456319309,0.7170056750314353,4,0.013669712386119763,3
14,3,7,0.8219435492388408,8,0.8269378002999203,7,0.7424171054320705,5,0.7919702240553761,7,0.009245596130445783,0.790772439268754,7,0.009467003524101736,0.8302710681337327,7,0.007925326242966069,3
14,3,4,0.7796286552588318,5,0.7973385752603596,4,0.7717272493908804,2,0.7940905771441439,4,0.011390728245474541,0.786427815151226,4,0.01120876914957941,0.7914049770644993,4,0.011274292551536948,3
14,3,7,0.8466448314478741,9,0.8093932183056205,7,0.7796286552588318,5,0.8075461605671952,7,0.008973393536695722,0.8068927204878578,7,0.008832266446317788,0.7980654943049563,7,0.010678981535023732,3
14,3,4,0.8329849798154869,6,0.8164985134533497,4,0.8044454323910214,2,0.8224632200220985,4,0.011530686925853488,0.8141309647153648,4,0.011425485178903454,0.819028857483634,4,0.011786072740617303,3
14,3,7,0.8415717046750955,10,0.8048965235955059,7,0.8329849798154869,6,0.8064090313400681,7,0.008090101567466012,0.7987599647235621,7,0.007813593800509331,0.8119974968191832,7,0.011519682266139843,3
14,3,4,0.8083524013438145,6,0.779049243950161,4,0.7446316956701686,3,0.7624700359739057,4,0.015376882076742138,0.7648178221352717,4,0.015398151907920498,0.7624700359739057,4,0.015204452748941015,3
14,3,7,0.7722556595145703,10,0.7550338063967337,7,0.8083524013438145,6,0.7559348961044715,7,0.01388055586835984,0.7597976481098085,7,0.013791301533263396,0.777602553176498,7,0.012770318593742528,3
14,3,4,0.7317599844638046,5,0.733939086669445,4,0.7607593258313431,2,0.7232105887346704,4,0.00737265468626566,0.7172498818526932,4,0.007425032246365308,0.7231770167386441,4,0.007424884682094823,4
14,3,7,0.7038407810624264,9,0.7120595425000364,7,0.7317599844638046,5,0.7286843860945839,7,0.007366243309844335,0.7209837776657011,7,0.007328239284231589,0.7214942123893439,7,0.007465498227689016,4
14,3,4,0.7444460662730765,5,0.7468506705657028,4,0.7232377635019837,3,0.7762864428393005,4,0.01398247612435507,0.7803174315278869,4,0.014380078791356523,0.7306201384047348,4,0.014848314523501164,4
14,3,7,0.7516551094888948,8,0.7508068875320033,7,0.7444460662730765,5,0.7867803338527194,7,0.012900014587873371,0.7783952299448902,7,0.013427466765044813,0.7823514124264974,7,0.01322928264916423,4
14,3,4,0.7259177270197859,5,0.7259823329788554,4,0.697025372923367,3,0.7284900473698681,4,0.012402260553252796,0.7242598961088947,4,0.01254984104015151,0.7284900473698681,4,0.012481933355229825,4
14,3,7,0.7408837824423435,10,0.7216891502453807,7,0.7259177270197859,5,0.72845857302592,7,0.011446381194296761,0.7474399434274792,7,0.011641168360454925,0.7434443929358334,7,0.011772086592990456,4
14,3,4,0.8478283387438017,5,0.8408033518489211,4,0.8372415871376016,3,0.8428098888517401,4,0.019095846196814967,0.8428098888517401,4,0.017844042376860318,0.8478043353444945,4,0.02384224307948712,4
14,3,7,0.8312942962576723,9,0.8198695569256406,7,0.8478283387438017,5,0.8363601624321362,7,0.01859493337363236,0.8255231211674106,7,0.017467805833591966,0.8463372926603386,7,0.016924332697859003,4
14,3,4,0.8213446575946234,5,0.8078911177447048,4,0.8113222736666109,3,0.7913894715658423,4,0.014004098822067892,0.787593776252309,4,0.014114562936272786,0.7913894715658423,4,0.013852792002877671,4
14,3,7,0.81804161998199,9,0.8250478380563588,7,0.8213446575946234,5,0.830108900590824,7,0.01273597026904712,0.8226864592693631,7,0.012756817417635817,0.8274262257923597,7,0.01246800651122747,4
14,3,4,0.6832766060244726,6,0.6993613477127483,4,0.6676008931046304,4,0.695753695870653,4,0.011952455381300582,0.7003111868757121,4,0.012789834895762818,0.695753695870653,4,0.012132377679971114,4
14,3,7,0.6981811182855042,9,0.6940493359492377,7,0.6832766060244726,6,0.6942472091365004,7,0.0120348198050305,0.6893848085680536,7,0.013031987588960793,0.6942472091365004,7,0.012243683511834113,4
14,3,4,0.8348213393260864,4,0.8348213393260864,4,0.7698592659753588,2,0.840650678101122,4,0.017574359133396462,0.8484435820870474,4,0.01650549101055178,0.8099571707729116,4,0.019208471881694424,4
14,3,7,0.8277480566601191,8,0.8225192035096499,7,0.8348213393260864,4,0.8244744214463998,7,0.013873466671448252,0.8106680715332544,7,0.013059004695801294,0.8318782868030751,7,0.015427260680723396,4
14,3,4,0.7937525362624722,5,0.8128299097542857,4,0.8299878568643233,3,0.808937579395993,4,0.013044871644657506,0.8068574634079182,4,0.013569773571083688,0.8108769896326267,4,0.014061655849757297,4
14,3,7,0.8005977106797248,9,0.8074406102187394,7,0.7937525362624722,5,0.8212483498178221,7,0.01300827407425979,0.8210001634253208,7,0.013359239414452086,0.8238351851462453,7,0.012947878990704697,4
14,3,4,0.7422090477995913,5,0.740870636748699,4,0.678303005936886,3,0.738890112381985,4,0.015485132499004284,0.7311992720328944,4,0.015731146046214728,0.6635299289943032,4,0.020994303846205663,5
14,3,7,0.8020522613138845,8,0.7922259053437658,7,0.7422090477995913,5,0.7886959612032478,7,0.012601701972450273,0.7853879922938576,7,0.013202039119128801,0.7521413649615123,7,0.01489131927444261,5
14,3,4,0.8374851102488602,6,0.8275753624027946,4,0.7625512489187599,3,0.8100546138294848,4,0.018454380303710976,0.8177801418270706,4,0.018115329188463297,0.8064080840041578,4,0.017445204908769663,5
14,3,7,0.8473081331050387,8,0.8492360959884995,7,0.8374851102488602,6,0.8509025266069923,7,0.01650107848345662,0.8535257284491381,7,0.01599644215755022,0.8511163768695692,7,0.01554712421010982,5
14,3,4,0.7785383586328228,5,0.731865703815445,4,0.7298383217368248,4,0.7371127443181276,4,0.01720824360658035,0.7389629742451601,4,0.01706047745711578,0.7205998651072544,4,0.01692554555182008,5
14,3,7,0.7946808497610126,8,0.765719012052875,7,0.7785383586328228,5,0.7810217092972324,7,0.012722556164673361,0.7869880984587275,7,0.012802474807231689,0.7856463707402414,7,0.012674335460078207,5
14,3,4,0.8240361305544257,5,0.788307401599848,4,0.797115777469968,3,0.7977494621861241,4,0.011719643055462883,0.7982492805954174,4,0.011684432254534957,0.8018701081182734,4,0.013142199394863633,5
14,3,7,0.8251893947705822,9,0.833439735355918,7,0.8240361305544257,5,0.8312411626756178,7,0.009675288048325762,0.8264510162486954,7,0.009721891660216362,0.8443086142830153,7,0.009291943773387129,5
14,3,4,0.7726622301108049,6,0.769857928776227,4,0.7331882843551351,3,0.759583271545741,4,0.01647947360675768,0.7553494273460771,4,0.016437846003113994,0.7553196954849728,4,0.015025293303411747,5
14,3,7,0.7667987027707442,8,0.7641822587269725,7,0.7726622301108049,6,0.762308628036453,7,0.011927894832153533,0.7562719149700233,7,0.012046563641556906,0.7389862580116673,7,0.013300848136455299,5
14,3,4,0.9735905329720718,8,0.9735905329720718,4,0.9735905329720718,4,0.9735905329720718,4,0.009636483329441866,0.9735905329720718,4,0.010066376104739667,0.9735905329720718,4,0.009999015412365779,5
14,3,7,0.9735905329720718,9,0.9735905329720718,7,0.9735905329720718,8,0.9735905329720718,7,0.009468828775666798,0.9735905329720718,7,0.009888715607368748,0.9735905329720718,7,0.009968836458581655,5
14,3,4,0.7331098844254071,4,0.7331098844254071,4,0.7131217534962667,3,0.7353931490560895,4,0.013099938115479652,0.7362320980113017,4,0.01292495765828655,0.7382856439011088,4,0.012847180217685834,5
14,3,7,0.7765394234426922,7,0.7765394234426922,7,0.7331098844254071,4,0.7774934194484118,7,0.009842021311055806,0.7853024278471337,7,0.009722402108032139,0.7610146832101808,7,0.010627490037521727,5
14,3,4,0.9951429571413907,5,0.9951429571413907,4,0.9951429571413907,3,0.9951429571413907,4,0.006541828474793801,0.9933169633009542,4,0.005299297299922352,0.9951429571413907,4,0.007051861010451845,5
14,3,7,0.9951429571413907,8,0.9951429571413907,7,0.9951429571413907,5,0.9951429571413907,7,0.00476310115061421,0.9890905927404781,7,0.00437793002028743,0.9951429571413907,7,0.006659743917650579,5
14,3,4,0.630011538014206,7,0.6161493672768829,4,0.6072105347134831,3,0.6225873105202485,4,0.009159412537988488,0.6225873105202485,4,0.009210978139580831,0.5995635086603105,4,0.009054780027461042,6
14,3,7,0.6513785266463303,11,0.6443240721292972,7,0.630011538014206,7,0.6485734505755999,7,0.008648785745520117,0.6412157463070044,7,0.00868446742174773,0.6453957855396175,7,0.008711554078996802,6
14,3,4,0.6212055773693439,6,0.6216007913041037,4,0.6489775541079078,3,0.6023783593480304,4,0.009873928046144445,0.6201353705592232,4,0.009918077478718524,0.6120609527729426,4,0.009729257933275478,6
14,3,7,0.6243542450401619,8,0.6276515906512852,7,0.6212055773693439,6,0.6263929197851884,7,0.009798564188195684,0.6334122622591398,7,0.00959702581576631,0.6424050197941873,7,0.009527132083740203,6
14,3,4,0.9223385713223423,7,0.9223385713223423,4,0.9223385713223423,4,0.9182973533032617,4,0.0074788739423740196,0.9182973533032617,4,0.007612591842009289,0.9223385713223423,4,0.00997273712541792,6
14,3,7,0.930776469612873,11,0.9341376351657974,7,0.9223385713223423,7,0.9278265025645669,7,0.006841423372654099,0.9262216574103478,7,0.007014354170268241,0.9297006468856005,7,0.007206047662032996,6
14,3,4,0.7112057047589314,7,0.6849678602273228,4,0.6917816674232355,3,0.7097851865523621,4,0.00827279576961839,0.7067563241465308,4,0.008306787298610214,0.6839114587464054,4,0.009475100726694666,6
14,3,7,0.7331398016613683,11,0.7247461818419811,7,0.7112057047589314,7,0.7235615653389629,7,0.008333247123179854,0.7205614501552715,7,0.008464537631529092,0.7244470937858031,7,0.008046411449058103,6
14,3,4,0.8742872261670004,5,0.8635857838825524,4,0.8573011770798485,2,0.8635857838825524,4,0.0238323082717971,0.8665413103831493,4,0.02148810631979452,0.8605035260022827,4,0.02296261997644416,6
14,3,7,0.8580021018693925,7,0.8580021018693925,7,0.8742872261670004,5,0.8556999294670741,7,0.019041803572128885,0.8523322688645116,7,0.01770028663133019,0.8579089546615842,7,0.01944962519004153,6
14,3,4,0.9517274280246787,6,0.9517274280246787,4,0.9537817430865885,3,0.9517274280246787,4,0.006123012498651499,0.9519197669113256,4,0.006155458704656863,0.9537817430865885,4,0.008188629241920962,6
14,3,7,0.9537817430865885,10,0.9537817430865885,7,0.9517274280246787,6,0.9513353612148914,7,0.005813965358973861,0.9484083649641348,7,0.005591374069192688,0.9537817430865885,7,0.007813849710992173,6
14,3,4,0.7951248654604508,8,0.7991459859121703,4,0.7848661469407093,4,0.7950884152384875,4,0.01058933589462994,0.7950884152384875,4,0.010429608107495712,0.7874656121687732,4,0.011664969092327518,6
14,3,7,0.7914737722660741,10,0.7795842355887266,7,0.7951248654604508,8,0.7852745416805822,7,0.010226506440482978,0.7824863899462893,7,0.010157393176298646,0.7749230021807845,7,0.01084968951583023,6
14,3,4,0.6304688613535216,6,0.6343930512180334,4,0.6117767518291816,2,0.6311422725792363,4,0.009520807076068283,0.6424124428970812,4,0.009811610585811122,0.6279985355230505,4,0.0095333727184116,6
14,3,7,0.6875017505146191,11,0.6669621687655011,7,0.6304688613535216,6,0.6828159725177315,7,0.008897953114074176,0.6844236139583608,7,0.00897140174888058,0.658732604898368,7,0.009211699985753295,6
14,3,4,0.7112783862419245,6,0.6578152551969231,4,0.6832832201133345,3,0.7237512552915066,4,0.022152815461721664,0.7212376390277254,4,0.022402630316239205,0.6680179138108703,4,0.022167142792713302,7
14,3,7,0.7676495838085909,9,0.7597192819552298,7,0.7112783862419245,6,0.7560310626962738,7,0.014638212563795275,0.7473609078104425,7,0.014697302833391225,0.7350194553516193,7,0.016637726280138716,7
14,3,4,0.9021410209225182,7,0.9164097918741139,4,0.9063993455640904,4,0.9063199428042681,4,0.011657189575190666,0.9063199428042681,4,0.012221757828792838,0.9081555539719305,4,0.013236207135525688,7
14,3,7,0.9101912223829156,10,0.91007768723379,7,0.9021410209225182,7,0.9086587982884363,7,0.010302101817939006,0.90128465327061,7,0.010942129262445187,0.9081555539719305,7,0.012651126504749872,7
14,3,4,0.7233329597085062,5,0.7191698262228923,4,0.703687859547947,3,0.7217994958696883,4,0.010981422956413602,0.7167511467956033,4,0.010982929137108051,0.6798888129791758,4,0.01176387289073917,7
14,3,7,0.7360121612660481,8,0.735482111781581,7,0.7233329597085062,5,0.7352630921274483,7,0.01001305405586841,0.7290762518426925,7,0.010022230521585046,0.7284810327830502,7,0.009773415541626486,7
14,3,4,0.7450424554907064,6,0.7431812399726084,4,0.7253279823287453,3,0.743117130151599,4,0.010468246061901568,0.743117130151599,4,0.010574733765481278,0.7381853145282804,4,0.010748544724959834,7
14,3,7,0.7375472389269975,10,0.7387545900535414,7,0.7450424554907064,6,0.7460938298005757,7,0.010178192844076556,0.7460938298005757,7,0.010282476237771671,0.7382569436105163,7,0.01072327951217029,7
14,3,4,0.7654532323300218,4,0.7654532323300218,4,0.7200434345589867,3,0.7577406530528914,4,0.013880490285310493,0.7583667614432843,4,0.014392578373337024,0.7125586913123465,4,0.016254577646301952,7
14,3,7,0.7677539721464107,8,0.7677539721464107,7,0.7654532323300218,4,0.7786082662648247,7,0.012187635891128607,0.7725333446612157,7,0.012756166171282533,0.7775511059697443,7,0.012079921140463294,7
14,3,4,0.8126736128187865,6,0.7904448226964017,4,0.7702166071421642,3,0.781813084543565,4,0.0208311983260984,0.7904448226964017,4,0.017054655572630185,0.7842142633610076,4,0.017046643669820203,7
14,3,7,0.83621027349548,9,0.8312524046294869,7,0.8126736128187865,6,0.8283822307277094,7,0.014279367145574672,0.8215294396792381,7,0.0142521953711047,0.8211501158213631,7,0.014306003153113167,7
14,3,4,0.8374913417203592,5,0.8299134421033095,4,0.8185653689889091,2,0.8330585836766574,4,0.014104628767902829,0.8421895198496571,4,0.017365773468492884,0.786511176110661,4,0.018195887260662253,7
14,3,7,0.8329485771924512,10,0.8359774107284625,7,0.8374913417203592,5,0.8359774107284625,7,0.01385654047277102,0.8437558710403057,7,0.017695956199626554,0.8172735378958261,7,0.014338459594283462,7
14,3,4,0.836072961021277,6,0.836072961021277,4,0.836072961021277,3,0.8335280886566682,4,0.012660319999605435,0.8335280886566682,4,0.012711663174370932,0.8322138547083374,4,0.01267107680010119,7
14,3,7,0.8370649056789659,9,0.8370649056789659,7,0.836072961021277,6,0.8405655460902269,7,0.011853300442632306,0.8437368405234716,7,0.011914052966176673,0.8391390191980943,7,0.01218055138425047,7
14,3,4,0.9797287404469868,6,0.9797287404469868,4,0.9797287404469868,3,0.9797287404469868,4,0.006834249464348955,0.9797287404469868,4,0.006874962383557557,0.9797287404469868,4,0.0108399503073991,8
14,3,7,0.9797287404469868,9,0.9797287404469868,7,0.9797287404469868,6,0.9797287404469868,7,0.006550790353312221,0.9797287404469868,7,0.006854089167768624,0.9797287404469868,7,0.008641173587131684,8
14,3,4,0.9778783922804601,5,0.9778783922804601,4,0.9778783922804601,2,0.9778783922804601,4,0.006584506297507765,0.9692952962364006,4,0.0075636204961393476,0.9778783922804601,4,0.010342618958492054,8
14,3,7,0.9778783922804601,9,0.9778783922804601,7,0.9778783922804601,5,0.9778783922804601,7,0.006759274111640529,0.9673112741270128,7,0.007801402404994192,0.9778783922804601,7,0.009245350887804003,8
14,3,4,0.9281529541524132,4,0.9281529541524132,4,0.9264135465701294,3,0.9309829573826481,4,0.007265901061805698,0.9312639834114588,4,0.007922641010378567,0.9264135465701294,4,0.010803096839819937,8
14,3,7,0.9281529541524132,7,0.9281529541524132,7,0.9281529541524132,4,0.9318064256306761,7,0.0067968902193618,0.9289704259031409,7,0.007426418449892168,0.9264135465701294,7,0.00960102703594613,8
14,3,4,0.9743200375995794,5,0.9743200375995794,4,0.9743200375995794,2,0.9743200375995794,4,0.0070832797515494594,0.9743200375995794,4,0.007407419639077296,0.9743200375995794,4,0.01074612382467428,8
14,3,7,0.9743200375995794,9,0.9743200375995794,7,0.9743200375995794,5,0.9743200375995794,7,0.006537404893725206,0.9743200375995794,7,0.006782362979657306,0.9743200375995794,7,0.007604992606020444,8
14,3,4,0.7784091936925821,5,0.7628056843119078,4,0.6965711510183681,2,0.7603594582812221,4,0.01279053256281798,0.7603594582812221,4,0.012613810394247449,0.7603594582812221,4,0.012646185136306387,8
14,3,7,0.7895110829941643,10,0.773407075897145,7,0.7784091936925821,5,0.8125902087146126,7,0.010600640486924339,0.8141589700267775,7,0.010423767564516668,0.8100634988395375,7,0.0111024429439632,8
14,3,4,0.980594847154154,5,0.980594847154154,4,0.980594847154154,3,0.980594847154154,4,0.007692953321654123,0.980594847154154,4,0.007746377451883747,0.980594847154154,4,0.010989596769598457,8
14,3,7,0.980594847154154,11,0.980594847154154,7,0.980594847154154,5,0.980594847154154,7,0.007359793624485548,0.980594847154154,7,0.007457186008818497,0.980594847154154,7,0.007974339577365474,8
14,3,4,0.9711291465029791,5,0.9711291465029791,4,0.9711291465029791,3,0.9711291465029791,4,0.007871921000421653,0.9711291465029791,4,0.007857539912093155,0.9711291465029791,4,0.01037925006364089,8
14,3,7,0.9711291465029791,9,0.9711291465029791,7,0.9711291465029791,5,0.9711291465029791,7,0.007375865497664623,0.9711291465029791,7,0.007325531347416384,0.9711291465029791,7,0.008626518841676683,8
14,3,4,0.98730553436356,5,0.98730553436356,4,0.98730553436356,3,0.98730553436356,4,0.007267847422737064,0.98730553436356,4,0.007450034799172414,0.98730553436356,4,0.011115996519045627,8
14,3,7,0.98730553436356,8,0.98730553436356,7,0.98730553436356,5,0.98730553436356,7,0.007068606452213862,0.983677831341328,7,0.007095900640970074,0.98730553436356,7,0.00929240870321048,8
14,3,4,0.7508101539936369,5,0.7707006392363127,4,0.7379268791162874,3,0.7664951448407644,4,0.013343461564259473,0.7569910154012301,4,0.013481699536518824,0.6943743434943322,4,0.01827229159428307,9
14,3,7,0.7790494501208247,9,0.7826794297117954,7,0.7508101539936369,5,0.7854909704149349,7,0.01136066953771154,0.7745724690077401,7,0.011759179307569258,0.7694879654684555,7,0.012114857964299626,9
14,3,4,0.7264532078474389,6,0.7057032983383116,4,0.7144266301443474,3,0.696333291441976,4,0.018504917484082808,0.7036256207078149,4,0.018624993706324897,0.688614028556093,4,0.019205161344856714,9
14,3,7,0.7242010969784167,8,0.7145745963206519,7,0.7264532078474389,6,0.7159158768826357,7,0.01280515056026592,0.7181911005447753,7,0.012819287555936119,0.7159158768826357,7,0.012774464180691893,9
14,3,4,0.7954680242554795,6,0.794562982061003,4,0.809946822830866,4,0.7956573306496858,4,0.010758919276757465,0.8042412797728978,4,0.011092581865969479,0.8039110356499184,4,0.016383714811401162,9
14,3,7,0.7977154906377175,10,0.7962650561153644,7,0.7954680242554795,6,0.8059644985139185,7,0.011070332476590315,0.8031500872146438,7,0.010828963086657784,0.7956521997857899,7,0.011137837988907998,9
14,3,4,0.8165678269843868,5,0.8050098718289544,4,0.7516620443571044,3,0.8034946792863755,4,0.015713662865611943,0.815100048179967,4,0.014987522821450874,0.8056751305531826,4,0.014979896626247761,9
14,3,7,0.8246102394421618,8,0.8270947274104065,7,0.8165678269843868,5,0.8033942229224096,7,0.01443232398317805,0.8147926794187832,7,0.013666051221476757,0.8172111802599235,7,0.013626965559003064,9
14,3,4,0.8009732598253402,4,0.8009732598253402,4,0.7718925629313343,3,0.7991008244703087,4,0.011516007548175163,0.7963471282381978,4,0.01165508367234103,0.7753736557485197,4,0.01263839700864789,9
14,3,7,0.8372568089160315,8,0.8337227455161254,7,0.8009732598253402,4,0.8084329012162078,7,0.009919225767145412,0.8136223080501589,7,0.010211377182942715,0.810030237919658,7,0.010543971335656318,9
14,3,4,0.7643024176131786,4,0.7643024176131786,4,0.6559704072756284,3,0.7672892972893858,4,0.011092294089457397,0.671157388015202,4,0.018778750745556266,0.7300009945732607,4,0.012686140409277383,9
14,3,7,0.7411663318765292,7,0.7411663318765292,7,0.7643024176131786,4,0.7416701395590455,7,0.009592728922670511,0.7308241673779139,7,0.010092529078975832,0.7812338679532931,7,0.008684317544640554,9
14,3,4,0.8170766587392222,4,0.8170766587392222,4,0.7558709250406537,2,0.8170766587392222,4,0.01408567920765013,0.809006462970728,4,0.01386810319915057,0.7997272104121711,4,0.01775196152182224,9
14,3,7,0.8540098210154841,7,0.8540098210154841,7,0.8170766587392222,4,0.8506838747813118,7,0.011875496323235835,0.8473778294603759,7,0.011525786290517257,0.8212577844084684,7,0.01198315276641978,9
14,3,4,0.7599334116638272,7,0.7765110304975428,4,0.7513556490700305,3,0.7798598079775257,4,0.012768945125985986,0.7857023864120722,4,0.012935012134919842,0.7257552160785635,4,0.018292642374304,9
14,3,7,0.8031318821438622,9,0.7914684517852749,7,0.7599334116638272,7,0.7850265609596309,7,0.012592193259971187,0.7996465842375562,7,0.012339762279623754,0.7381811146259366,7,0.01833299651498762,9
14,3,4,0.9161126736129891,5,0.9152222666694224,4,0.904333687481864,4,0.9034985676630534,4,0.007365437405223683,0.8978413190174908,4,0.007504289653838456,0.9021414505731589,4,0.014206205290883017,10
14,3,7,0.9193682548919003,9,0.9136011433623547,7,0.9161126736129891,5,0.9024126758694055,7,0.007124517583032529,0.9033032870384536,7,0.007235570484959158,0.9021414505731589,7,0.01339821657855455,10
14,3,4,0.9691338432091402,5,0.9691338432091402,4,0.9691338432091402,3,0.9691338432091402,4,0.004784190424792132,0.9691338432091402,4,0.004902222575592226,0.9691338432091402,4,0.0066935176031403506,10
14,3,7,0.9691338432091402,9,0.9691338432091402,7,0.9691338432091402,5,0.9691338432091402,7,0.004266444490584245,0.9691338432091402,7,0.004441818524907521,0.9691338432091402,7,0.005248210015402516,10
14,3,4,0.6756033399393367,5,0.6682130789020774,4,0.6831594854855204,3,0.6903954275049717,4,0.009392164455713227,0.6877371741953243,4,0.00937948644913891,0.7018753733404749,4,0.009534579161801282,10
14,3,7,0.7226873894282663,9,0.6960665814975326,7,0.6756033399393367,5,0.7003031359126578,7,0.00903564407249903,0.696542516759743,7,0.009028260926704352,0.7187390348716852,7,0.009366249114840712,10
14,3,4,0.8307036111008237,5,0.8422292610777924,4,0.7897181709424036,3,0.8241494494754519,4,0.010606685312524506,0.8264567250541388,4,0.01060217032246397,0.7857273162696723,4,0.02035000211472946,10
14,3,7,0.8433608290695103,9,0.8381174027143795,7,0.8307036111008237,5,0.8351233541878461,7,0.009580782804763944,0.8443383356628814,7,0.009470602079319693,0.8359267678416117,7,0.009629151861105075,10
14,3,4,0.8199611035429715,5,0.8339752830372386,4,0.8169170410472283,2,0.8331202499668663,4,0.009046110626086686,0.8327298591303245,4,0.009238148766410702,0.8271837854483916,4,0.010082509871150187,10
14,3,7,0.8412742499182666,9,0.8366006029938365,7,0.8199611035429715,5,0.8498776211252127,7,0.008401120255907498,0.8524393952072633,7,0.008554267257679032,0.8395429336500984,7,0.008492951895772049,10
14,3,4,0.9856057436086938,6,0.9856057436086938,4,0.9856057436086938,4,0.9856057436086938,4,0.005450998016235313,0.9856057436086938,4,0.005777551346993148,0.9856057436086938,4,0.006307315940829264,10
14,3,7,0.9856057436086938,11,0.9856057436086938,7,0.9856057436086938,6,0.9856057436086938,7,0.005308322296241646,0.9856057436086938,7,0.005634302718192264,0.9856057436086938,7,0.005427265666328034,10
14,3,4,0.7956767317813271,5,0.8130552462773659,4,0.7687940836928125,3,0.8132723841323536,4,0.010859423208168248,0.8172174076824169,4,0.010687824431062436,0.7508803075592063,4,0.013087871097137938,10
14,3,7,0.8069840121513244,9,0.8164957885102913,7,0.7956767317813271,5,0.80438202683796,7,0.01029623170752118,0.8007208692760409,7,0.010508595448901736,0.8168055517576254,7,0.010515821836961103,10
14,3,4,0.8434599045184984,5,0.841410370725018,4,0.8502828340747148,3,0.8384010039750566,4,0.009832974296896597,0.8364806354965942,4,0.010000566605547543,0.8427128250306494,4,0.011072698828567039,10
14,3,7,0.8615564576070973,9,0.855602365574849,7,0.8434599045184984,5,0.8625238093798782,7,0.009004935675695125,0.8622176547113958,7,0.008964423210349905,0.8609756874440018,7,0.00915834349616825,10
14,3,4,0.7883883000436019,5,0.7891857903240985,4,0.7907755892260686,3,0.7951204233142822,4,0.01193094031916073,0.7884444239600491,4,0.011536462046217609,0.7737647403895929,4,0.018067852018974907,11
14,3,7,0.7950003410158933,8,0.7900867684796352,7,0.7883883000436019,5,0.7945213244123254,7,0.012037483674789075,0.7976561167650582,7,0.011872466028469177,0.7863625502714549,7,0.011484467181336543,11
14,3,4,0.7208581715933982,7,0.7799527522285337,4,0.7353810675886173,3,0.7634759845029699,4,0.014732020951241157,0.7634759845029699,4,0.014564218718814128,0.7545551734252742,4,0.014327094409253135,11
14,3,7,0.7739649376748553,8,0.771811821489165,7,0.7208581715933982,7,0.7788185699254209,7,0.01384419490022124,0.7917164074252949,7,0.01364153746364947,0.7715084739139764,7,0.013915165265851867,11
14,3,4,0.7610838291712166,5,0.773975408422672,4,0.7707186230867548,3,0.780110193644281,4,0.015153648583234479,0.7819622551391952,4,0.014915293405177775,0.780110193644281,4,0.014722964594330288,11
14,3,7,0.7686047805280962,8,0.7677945306683702,7,0.7610838291712166,5,0.7923421150112375,7,0.015004114606538953,0.7889823224742919,7,0.014643226603777823,0.7872806995186183,7,0.01458526099952535,11
14,3,4,0.810256693085288,6,0.8067147144276969,4,0.8178872384571206,4,0.8049079801879285,4,0.014493100692467297,0.7928464722458886,4,0.01475746014005253,0.8076588973876607,4,0.015268711350307478,11
14,3,7,0.8134935161422185,11,0.8148478714126189,7,0.810256693085288,6,0.8093482734862826,7,0.012799659102929087,0.8038355324196036,7,0.013475930938856876,0.8093504637329079,7,0.012576056512232965,11
14,3,4,0.8941454771047854,7,0.8941454771047854,4,0.8964776842472983,4,0.8941454771047854,4,0.010241532452402955,0.8915171037549321,4,0.01093440513541465,0.8964776842472983,4,0.011941891685719058,11
14,3,7,0.8941454771047854,11,0.8941454771047854,7,0.8941454771047854,7,0.8941454771047854,7,0.009778510712304527,0.8941454771047854,7,0.009923720480062435,0.8955261937783051,7,0.010153113106941563,11
14,3,4,0.687261831246858,6,0.6659199664694683,4,0.6518816007423803,3,0.6729106300930074,4,0.015555779702189836,0.675980615755946,4,0.015625334635522268,0.6560588690425665,4,0.017623161442655463,11
14,3,7,0.6819180708468618,9,0.6835365525924048,7,0.687261831246858,6,0.6648954704972597,7,0.015147701266358535,0.6614566116148843,7,0.015253585276567418,0.6586616738524367,7,0.01657224180300388,11
14,3,4,0.757230294702346,6,0.7770593285696118,4,0.7605456030004837,4,0.764968447378966,4,0.009153696571536673,0.7655665983340637,4,0.009122395721774972,0.7655682628965685,4,0.009350721936920707,11
14,3,7,0.7657922205958192,9,0.7784993810634918,7,0.757230294702346,6,0.7940810709551589,7,0.008767738096092551,0.7936040059124557,7,0.008702034306043348,0.7736083615030388,7,0.008893637821220947,11
14,3,4,0.8081986776949903,6,0.8115245266949433,4,0.7756550165093542,3,0.8276166293563911,4,0.013952655619470948,0.8027234129734386,4,0.014055836669100851,0.8087299858202335,4,0.01403968686412249,11
14,3,7,0.7949008107184963,9,0.8116222796802434,7,0.8081986776949903,6,0.8211707782609379,7,0.013393095855131652,0.8227569868562473,7,0.013263745454597369,0.8209967952237566,7,0.013204261991351387,11
14,3,4,0.9090323765590448,5,0.9128373291700624,4,0.9035876017108778,2,0.9094954236746431,4,0.012247337237929045,0.90488745049751,4,0.01128254474298302,0.8874076099875361,4,0.017880708955266916,12
14,3,7,0.9140703390859503,10,0.9132631281455733,7,0.9090323765590448,5,0.9029268899963536,7,0.012228983389686638,0.9183666159050866,7,0.010599828032111054,0.899322066091781,7,0.013117075047219293,12
14,3,4,0.6929896878205037,5,0.6943617830560568,4,0.7453925660774439,3,0.6771387029802316,4,0.014972044592000832,0.6947563333961381,4,0.014360868861058283,0.6828842847066584,4,0.016025191568079324,12
14,3,7,0.7207285560534393,8,0.7195136436958293,7,0.6929896878205037,5,0.7067354042121703,7,0.013657033856045359,0.6927544252160768,7,0.01418373768466922,0.7041041070133354,7,0.013185518846778958,12
14,3,4,0.7508240595008915,5,0.7509329431857953,4,0.7263428930418048,3,0.7605556584891547,4,0.012284665664521776,0.7698766714591716,4,0.012223625638477302,0.6089890820936562,4,0.018105193698148083,12
14,3,7,0.7495163519753071,9,0.7722615088024148,7,0.7508240595008915,5,0.7633391911995518,7,0.012060679579407353,0.763337987354829,7,0.012105717928648056,0.7273527611509987,7,0.012661568603468934,12
14,3,4,0.8007323898617622,5,0.800537441733689,4,0.7849092816680682,2,0.8019736569612707,4,0.00927818716602025,0.8044166687327828,4,0.00934782893545561,0.7932840447952553,4,0.010727273006604891,12
14,3,7,0.8144861620026502,8,0.8039675550878196,7,0.8007323898617622,5,0.8140205822993015,7,0.007619109367163994,0.8139866383466081,7,0.007803212754819963,0.8065416076486782,7,0.00852442971360313,12
14,3,4,0.7218074993726549,5,0.7097805914357267,4,0.6841995193152745,4,0.6951135522576742,4,0.013717504875954613,0.7002560923116081,4,0.013461680660105132,0.6951135522576742,4,0.013694086600803507,12
14,3,7,0.7186972632709894,9,0.707689958868402,7,0.7218074993726549,5,0.7040464415342884,7,0.014236944840418646,0.7055407581906831,7,0.01404317823962969,0.713689614666933,7,0.013278677582810943,12
14,3,4,0.7643092649088645,5,0.7547633546173068,4,0.7518226006455988,3,0.7473034123556428,4,0.012152528439057828,0.7481731656042454,4,0.01218245684318308,0.6500908156947413,4,0.016676307608586318,12
14,3,7,0.7834937929837301,10,0.7574419983333991,7,0.7643092649088645,5,0.7737656491914611,7,0.011133436571842884,0.7738349911907064,7,0.01112010394881976,0.7446206049418856,7,0.013512524680753178,12
14,3,4,0.7243316525193731,6,0.7235206195226516,4,0.6984018104428493,4,0.7220448765911252,4,0.011473635758190028,0.7282726851573637,4,0.011974252808793778,0.6729869627009964,4,0.013285004071425521,12
14,3,7,0.7272800397080865,10,0.7146437762683181,7,0.7243316525193731,6,0.7150705885807508,7,0.010995988317353518,0.7117954978091422,7,0.011440080971946496,0.7150705885807508,7,0.011034578765201922,12
14,3,4,0.7392980139169572,5,0.7380631492763087,4,0.683561063917847,4,0.7491908939998763,4,0.012884024401646097,0.7358436845646619,4,0.012825011741019566,0.7518032957487254,4,0.012865338229883881,12
14,3,7,0.7564652410790891,8,0.7509366018052066,7,0.7392980139169572,5,0.7499615838810834,7,0.011002649554356153,0.7422685839801338,7,0.010910084736021414,0.7499615838810834,7,0.011001933115733846,12
14,3,4,0.9923125925590728,4,0.9923125925590728,4,0.9923125925590728,2,0.9923125925590728,4,0.006344796608885124,0.9923125925590728,4,0.006792914212416211,0.9923125925590728,4,0.007245074892770158,13
14,3,7,0.9923125925590728,8,0.9923125925590728,7,0.9923125925590728,4,0.9923125925590728,7,0.005779608158785414,0.9923125925590728,7,0.00657388594628818,0.9923125925590728,7,0.007082035443299091,13
14,3,4,0.9967669430900369,6,0.9967669430900369,4,0.9967669430900369,3,0.9967669430900369,4,0.006531678325490786,0.9967669430900369,4,0.006883034710806581,0.9967669430900369,4,0.00728051509815493,13
14,3,7,0.9967669430900369,9,0.9967669430900369,7,0.9967669430900369,6,0.9967669430900369,7,0.006098293324374957,0.9967669430900369,7,0.006574244182523064,0.9967669430900369,7,0.00727540600962695,13
14,3,4,0.7768538435515491,4,0.7768538435515491,4,0.7178447402055952,2,0.7801402637637287,4,0.010882503667812392,0.7759653488140558,4,0.01108658711736918,0.7775822232139162,4,0.013705153211827662,13
14,3,7,0.8038197893296336,8,0.8068950319687528,7,0.7768538435515491,4,0.8068950319687528,7,0.00983235909985828,0.8044059235666445,7,0.009288601503892113,0.828707104237613,7,0.009132212528091514,13
14,3,4,0.6951328640232614,5,0.6998329783409839,4,0.6716097788509948,2,0.696991061096374,4,0.009799867958379895,0.696991061096374,4,0.009876680874400436,0.6596129151080319,4,0.016276144274404387,13
14,3,7,0.7247127830249611,9,0.7187819615010598,7,0.6951328640232614,5,0.7048010257449209,7,0.009134705606527163,0.7083838841413512,7,0.009292186470793148,0.6937431526197542,7,0.009880825289857783,13
14,3,4,1.0,5,1.0,4,1.0,2,1.0,4,0.006072419507079053,1.0,4,0.006460696413556308,1.0,4,0.006531717706800706,13
14,3,7,1.0,8,1.0,7,1.0,5,1.0,7,0.0058959136137909,1.0,7,0.00617921196295582,1.0,7,0.006462174760601901,13
14,3,4,1.0,5,1.0,4,1.0,3,1.0,4,0.00667577567530278,1.0,4,0.007309536346298835,1.0,4,0.00815587113897038,13
14,3,7,1.0,11,1.0,7,1.0,5,1.0,7,0.006764786497092282,1.0,7,0.0071309576176936075,1.0,7,0.007774494082804412,13
14,3,4,0.8094853885762248,4,0.8094853885762248,4,0.80663407814532,3,0.8094853885762248,4,0.009103605695260166,0.8073698765384025,4,0.009184155821317012,0.8114073286220557,4,0.012804715346374718,13
14,3,7,0.812311865857968,9,0.803938529328949,7,0.8094853885762248,4,0.7935399490299918,7,0.008729961622826063,0.7924029170760762,7,0.008872692696951217,0.8087541232452669,7,0.012917081830620807,13
14,3,4,0.895861949884187,5,0.8954594827141974,4,0.8941794512293904,3,0.893154387107089,4,0.01215873423501289,0.895861949884187,4,0.012169787213663819,0.8941794512293904,4,0.01421438919780962,13
14,3,7,0.9012032417292447,9,0.9057760628427873,7,0.895861949884187,5,0.9129532148157403,7,0.009437782887935677,0.917494645409312,7,0.009240811637754484,0.8940707829649301,7,0.012506286324905849,13
14,3,4,0.8557201980404606,5,0.8527359380979529,4,0.8469835253703045,3,0.8465315913091539,4,0.0098864992964815,0.8465315913091539,4,0.009931131734793187,0.8515490104711505,4,0.00977652079201255,14
14,3,7,0.851295475705394,9,0.8525628686442798,7,0.8557201980404606,5,0.8465315913091539,7,0.009579191542123291,0.8445798290506885,7,0.009748757550060064,0.8445798290506885,7,0.009685669854136433,14
14,3,4,0.8326292767131522,6,0.8316519251543049,4,0.8298366726770862,3,0.849449429835101,4,0.01089582147531479,0.84905159231211,4,0.010986621459588662,0.8409970084422961,4,0.011787635524534015,14
14,3,7,0.8321907968766393,9,0.8267322063149775,7,0.8326292767131522,6,0.8338488196235523,7,0.011147009537274889,0.8390497262743428,7,0.011497780446977215,0.8354058181057686,7,0.011242061835853126,14
14,3,4,0.8489822067802351,6,0.8367142006636902,4,0.8467372447276479,3,0.8443508540223723,4,0.011956848863996459,0.8407701752345488,4,0.012036586747172735,0.8422849713667362,4,0.013314934546161356,14
14,3,7,0.8406440880372341,9,0.8367036971313913,7,0.8489822067802351,6,0.8419860547564246,7,0.012086785468787622,0.8437037055326714,7,0.012199188760721924,0.8394962047611001,7,0.011995153439420675,14
14,3,4,0.8120527319976363,4,0.8120527319976363,4,0.8242878662003666,4,0.8099783177395801,4,0.011972149431356669,0.8073964153809389,4,0.012103681624729093,0.8098019854956452,4,0.011841451958959838,14
14,3,7,0.8181693188940342,10,0.8170437287030897,7,0.8120527319976363,4,0.8202553588459012,7,0.011886005905339333,0.8123653306913806,7,0.011945369524725162,0.8064113775080581,7,0.011898559585552828,14
14,3,4,0.8724981547236478,5,0.8738692890222653,4,0.8751298020187381,3,0.8712914956729704,4,0.010292129395276264,0.8660788149147657,4,0.010474625060700543,0.8760129282243121,4,0.010109183563023804,14
14,3,7,0.8756925924793637,10,0.8752647075088091,7,0.8724981547236478,5,0.8760619073557623,7,0.01041050951316471,0.8733663087316834,7,0.010592563416003165,0.8733663087316834,7,0.01043263783277191,14
14,3,4,0.8522486041149956,5,0.8493098099522723,4,0.8508121519884916,3,0.845000477970577,4,0.010853589623472583,0.8431060467391017,4,0.01094477646256633,0.8506362918384505,4,0.01062889093987329,14
14,3,7,0.8522486041149956,9,0.8522486041149956,7,0.8522486041149956,5,0.8522789389463398,7,0.01073255957344346,0.8476752978413468,7,0.010812972085071045,0.8495697290728219,7,0.01073287492227493,14
14,3,4,0.8929845877838007,5,0.8964355806475227,4,0.8900735620316339,3,0.8929845877838007,4,0.009266337864421662,0.8929845877838007,4,0.009434739070051894,0.8897345624639572,4,0.008914257922830323,14
14,3,7,0.8951465792282649,9,0.8929845877838007,7,0.8929845877838007,5,0.8891352182324563,7,0.00923864505315585,0.8859161315952143,7,0.009451440615167174,0.8929845877838007,7,0.009282780919789445,14
14,3,4,0.8264055857081873,4,0.8264055857081873,4,0.8364191641624683,4,0.8311969660310948,4,0.011227916860410818,0.8271414685966573,4,0.011396717411096133,0.8225973088752941,4,0.01124772339070857,14
14,3,7,0.8169661872901777,9,0.8228622976717892,7,0.8264055857081873,4,0.8229371267037898,7,0.011163940446113452,0.8239058261592606,7,0.011363559551648597,0.8258353505014683,7,0.011249162406080723,14
14,3,4,0.9041701884302118,4,0.9041701884302118,4,0.874102564231143,2,0.9100295561918179,4,0.011501657107460326,0.9148648384781812,4,0.010551281407593443,0.8742139901903797,4,0.026409580661475772,15
14,3,7,0.9128595892577076,9,0.9018846939965196,7,0.9041701884302118,4,0.9216929180326631,7,0.010657703643850193,0.9204953604126874,7,0.009658789348766059,0.9015690057959436,7,0.015346906422116434,15
14,3,4,0.8020578825218774,4,0.8020578825218774,4,0.8007209364685963,2,0.8045952897911859,4,0.013315791076194555,0.8020578825218774,4,0.013220224809220383,0.8087412616389288,4,0.013169943780760134,15
14,3,7,0.7784199717012519,7,0.7784199717012519,7,0.8020578825218774,4,0.7873232833641385,7,0.011325708253657639,0.792213932659416,7,0.011340088454343752,0.7971628784383342,7,0.012638719369774851,15
14,3,4,0.8024093723758065,5,0.8078860525795397,4,0.7158334042784861,3,0.7984741658333919,4,0.013985748007024354,0.7901499122185333,4,0.013442789886346822,0.7171100874530446,4,0.02193418416859007,15
14,3,7,0.8484100089406476,8,0.8379219693001821,7,0.8024093723758065,5,0.8259538448863425,7,0.012394749817779802,0.8403586366817101,7,0.011621155567422992,0.8113682881938341,7,0.013791940488124193,15
14,3,4,0.8235689398770784,4,0.8235689398770784,4,0.8166827475957397,2,0.8336870423287881,4,0.01193653200122071,0.833673009193846,4,0.011679487356524068,0.8424277250030677,4,0.01611541109110249,15
14,3,7,0.8513685842400598,7,0.8513685842400598,7,0.8235689398770784,4,0.8409094223622798,7,0.01256942708795476,0.8442845744840556,7,0.012775011673932917,0.8462349413347842,7,0.012299469526126986,15
14,3,4,0.8826055153185745,6,0.8959480511406691,4,0.8595922167615062,3,0.8949847566442868,4,0.00625361097299276,0.8949847566442868,4,0.006003669967271671,0.8045231243486632,4,0.019754507765918104,15
14,3,7,0.9021539655841839,8,0.8998250054681055,7,0.8826055153185745,6,0.8902464152266054,7,0.005951229130014037,0.8991665905223695,7,0.0057782039595608075,0.8081798347731847,7,0.015558218694004733,15
14,3,4,0.8595897317057533,5,0.8493481821400485,4,0.8468201131906931,2,0.8618341694709917,4,0.019096996842820013,0.8545468410898074,4,0.01737614782912077,0.8618341694709917,4,0.017397018342836756,15
14,3,7,0.8590337223260462,8,0.8523890356248145,7,0.8595897317057533,5,0.8470469149240178,7,0.01676027004813751,0.8394030616455141,7,0.015366723863466577,0.8461726691153951,7,0.016446918315176584,15
14,3,4,0.8694237031837664,6,0.8462269893138751,4,0.8527249747178105,2,0.8530367376025522,4,0.023717233082818565,0.8456363050437385,4,0.021849702243996714,0.8188396691371591,4,0.026688138956212915,15
14,3,7,0.8778561513989445,9,0.8891018243139922,7,0.8694237031837664,6,0.8510690155389211,7,0.022539436635842788,0.8445071705743974,7,0.01922582938018182,0.8461105854662823,7,0.022266838139988605,15
14,3,4,0.8439337785915038,6,0.8175352260551735,4,0.8112410020418916,4,0.8522888637243807,4,0.011348004043400018,0.8371569898302065,4,0.011016559719237314,0.7774881652223073,4,0.02403947866597852,15
14,3,7,0.8451165883571408,8,0.8517041780695139,7,0.8439337785915038,6,0.8520352402852808,7,0.008997805302468319,0.855369983815487,7,0.008479481985694239,0.8461652905928242,7,0.008838387770713156,15
14,3,4,0.6535949441982245,6,0.6597056893046404,4,0.6561668711233041,4,0.6520671195803884,4,0.008723648483081808,0.6465351322457846,4,0.008726650013129162,0.6475122020097919,4,0.008695586434514103,16
14,3,7,0.6900737423296176,9,0.7124239283740963,7,0.6535949441982245,6,0.7136851929794203,7,0.007974875023926771,0.7174934075030543,7,0.007978718937891656,0.7136851929794203,7,0.007932114870196067,16
14,3,4,0.7372250177916623,7,0.756444185272002,4,0.7077097203282167,3,0.708270696068617,4,0.012937025024585836,0.701242846819923,4,0.0131719616242779,0.7176159828358684,4,0.014343637364429214,16
14,3,7,0.7887370967196022,11,0.7728387004229144,7,0.7372250177916623,7,0.7846088608130468,7,0.009100910382604544,0.7809167349476459,7,0.00922843938520678,0.7516892631017942,7,0.009691185030562554,16
14,3,4,0.7450452863134713,7,0.7127983203308486,4,0.6870753185042481,3,0.7215705322752779,4,0.01343372541540318,0.7159865827174597,4,0.013367110607789721,0.6857201893903733,4,0.014872570999336391,16
14,3,7,0.7551972171543314,9,0.7486349331833441,7,0.7450452863134713,7,0.7387747211368195,7,0.011321659483616062,0.7355903649233613,7,0.011329331360320166,0.709426539207549,7,0.012421413492164248,16
14,3,4,0.7465935730643173,4,0.7465935730643173,4,0.6727499741378669,3,0.74487664949415,4,0.008707017530840057,0.74487664949415,4,0.008745810640440875,0.74487664949415,4,0.008642135574457385,16
14,3,7,0.7438198000057117,8,0.7536460332118743,7,0.7465935730643173,4,0.7499581239760877,7,0.007806082977438832,0.7398402675747229,7,0.008187348448118451,0.7538962518977713,7,0.007740298626006966,16
14,3,4,0.7798687788078102,5,0.8053772383174091,4,0.7811260346693254,3,0.7922930370968063,4,0.00919298675424384,0.7909037430228281,4,0.009317368887866138,0.8110695672773514,4,0.010521751769834255,16
14,3,7,0.8119200087619554,8,0.8106386176733067,7,0.7798687788078102,5,0.8089574194121468,7,0.007861314392097814,0.8036552797152751,7,0.00793912903693258,0.8173724873378987,7,0.007576698552815953,16
14,3,4,0.7218385603791454,5,0.7140967339137586,4,0.6385395100840202,3,0.705102235626016,4,0.007979591102722889,0.705102235626016,4,0.008128954080210943,0.6361860728921491,4,0.011119100112004657,16
14,3,7,0.6889964878722538,8,0.6996337725158275,7,0.7218385603791454,5,0.7228349578621496,7,0.007005099633293988,0.73302617857425,7,0.00710753999866576,0.7061000758756105,7,0.007141963493261612,16
14,3,4,0.7371851608908417,4,0.7371851608908417,4,0.7264166944867078,3,0.7395616838712805,4,0.02044765450088415,0.749244923579308,4,0.02164128053282306,0.7395616838712805,4,0.02022730133060336,16
14,3,7,0.7743078203669778,10,0.7771654355162105,7,0.7371851608908417,4,0.7399673375151836,7,0.02041642332876387,0.7868605396029524,7,0.0212348146653896,0.7394449827419274,7,0.020044977209403007,16
14,3,4,0.8018240310528411,7,0.836495404233574,4,0.7932458789362459,3,0.7933096974878457,4,0.009509963066509631,0.796461345929059,4,0.009633326935998674,0.7899554047529939,4,0.012165241004899588,16
14,3,7,0.8241163619229223,10,0.8204755783277933,7,0.8018240310528411,7,0.8199766869592143,7,0.008316642272842026,0.8161110433224431,7,0.008430653538063031,0.7607708227864116,7,0.010100483428578345,16
14,3,4,0.756608369063742,5,0.7495466969399788,4,0.7440153299986376,2,0.7730004648196547,4,0.011387805575719107,0.7492896420285319,4,0.012579733976723469,0.7772599909844303,4,0.011307609481421649,17
14,3,7,0.7777249672247121,8,0.7785823478512913,7,0.756608369063742,5,0.7751285564457732,7,0.011330908457201402,0.7640697868232994,7,0.011396064955579011,0.7683436289316331,7,0.011269797047413984,17
14,3,4,0.9168722651786162,5,0.9097987419804483,4,0.9126895402812889,3,0.9091230868283737,4,0.011906871378949347,0.9004418452713134,4,0.011650555367487561,0.9048054676985758,4,0.013787189878655246,17
14,3,7,0.9298132562521476,9,0.9243200283803542,7,0.9168722651786162,5,0.9351950511097625,7,0.009614477409656565,0.9252169079851007,7,0.009228348445425453,0.9252169079851007,7,0.009365950782870842,17
14,3,4,0.9415962927736815,6,0.9452018734393507,4,0.9479040763218728,2,0.9436881332130926,4,0.00933006234189781,0.9436881332130926,4,0.009478278414682677,0.9500872480377726,4,0.00960935851196204,17
14,3,7,0.9382151861016922,10,0.9323321873195766,7,0.9415962927736815,6,0.9455784148430325,7,0.00857305545690675,0.9353150511862494,7,0.009237232230965193,0.9498379836028884,7,0.009182943230781827,17
14,3,4,0.7463368920641047,5,0.7300079206988093,4,0.7390761486394006,2,0.7362141134205435,4,0.01277251125831281,0.7328296095550458,4,0.012958393589660944,0.7328296095550458,4,0.012768896825318458,17
14,3,7,0.7313013106706894,9,0.7290095308371849,7,0.7463368920641047,5,0.717600292807627,7,0.01387594935915973,0.717600292807627,7,0.014283854399062778,0.7117695584678755,7,0.013638672694612336,17
14,3,4,0.898737003136755,6,0.898737003136755,4,0.898737003136755,3,0.8972581983030697,4,0.01303950222228242,0.8941079847599768,4,0.013227789547011821,0.898737003136755,4,0.014525982113072529,17
14,3,7,0.898737003136755,11,0.8972581983030697,7,0.898737003136755,6,0.8972581983030697,7,0.012960080106104832,0.8928427280534288,7,0.013180378649803945,0.8968886992129301,7,0.013755580369367786,17
14,3,4,0.9134070465988033,4,0.9134070465988033,4,0.9106165685191625,3,0.9130302834252499,4,0.011061669516433219,0.9092583005343576,4,0.011342703883668296,0.9022255135760467,4,0.013318461610441486,17
14,3,7,0.9061400453820376,9,0.8999582644194566,7,0.9134070465988033,4,0.9097256165024553,7,0.009396131194405391,0.9103278185725512,7,0.009323616110955318,0.9074097284987336,7,0.009002390942619167,17
14,3,4,0.6992287297631588,5,0.6764203363688741,4,0.6691527027962988,3,0.6736701487808138,4,0.015216913516534007,0.6736701487808138,4,0.015254592317788859,0.6827173934377471,4,0.016825102022638497,17
14,3,7,0.6937671846258475,8,0.7013958833975987,7,0.6992287297631588,5,0.6864465468563135,7,0.014470002124251603,0.6997739344873166,7,0.01446445373687952,0.6960323843728019,7,0.014850268550069117,17
14,3,4,0.8848364572051363,4,0.8848364572051363,4,0.8748288471453454,3,0.8848364572051363,4,0.008972783755640843,0.8772183311140345,4,0.009002122146870387,0.8748288471453454,4,0.014124564795924536,17
14,3,7,0.8933144821379211,8,0.8863530740601584,7,0.8848364572051363,4,0.8909158083596788,7,0.007357834805761435,0.8790099426196311,7,0.008160676806715639,0.8777334726309706,7,0.008741670328404283,17
14,3,4,0.850994969081966,5,0.8456403684430315,4,0.8480760101976802,2,0.8497749709334466,4,0.013537738088602095,0.8497749709334466,4,0.013492252485165593,0.8497749709334466,4,0.013512669870450703,18
14,3,7,0.8510221621171867,8,0.8536616499796638,7,0.850994969081966,5,0.8536468636874643,7,0.008378587248492443,0.844609434363996,7,0.008209506846306383,0.8536468636874643,7,0.00823823819127182,18
14,3,4,0.7612797178816784,4,0.7612797178816784,4,0.7277300683291722,4,0.7710668476607815,4,0.014281927771871962,0.7705138854691103,4,0.013779362149382593,0.749662141691107,4,0.0162845633041436,18
14,3,7,0.7853301213816122,9,0.7800912658878283,7,0.7612797178816784,4,0.7953848194829162,7,0.012966690458815096,0.7911605709195524,7,0.012535574989060019,0.7336196199644388,7,0.014666997909180435,18
14,3,4,0.9974081443058703,7,0.9974081443058703,4,0.9974081443058703,3,0.9974081443058703,4,0.005054172140078583,0.9974081443058703,4,0.004965021171415584,0.9974081443058703,4,0.004938260392787115,18
14,3,7,0.9974081443058703,9,0.9974081443058703,7,0.9974081443058703,7,0.9974081443058703,7,0.004950029161301509,0.9974081443058703,7,0.004813058419285641,0.9974081443058703,7,0.004990063666493489,18
14,3,4,0.7583699323634467,6,0.715459191687649,4,0.6420543842942745,3,0.6253674806679951,4,0.036128463859692254,0.6318279445498975,4,0.03655495589803547,0.7389610306133861,4,0.02689543877551972,18
14,3,7,0.7573351512989119,8,0.7677640088263041,7,0.7583699323634467,6,0.7678599115024438,7,0.01755709549915965,0.770029742894695,7,0.01722263773424046,0.7651946721158898,7,0.019406005746403023,18
14,3,4,0.7726421550807556,6,0.765818541095308,4,0.6910615203023812,3,0.6858139376766157,4,0.016519407657939727,0.7241226210074725,4,0.016297605080475855,0.6858139376766157,4,0.01654557261466366,18
14,3,7,0.7938489362517801,8,0.8022442050432644,7,0.7726421550807556,6,0.8011665240744268,7,0.011766297488256097,0.7952221744839698,7,0.011682592411083773,0.8041385185219224,7,0.011753144474889581,18
14,3,4,0.7594859368093532,4,0.7594859368093532,4,0.6998396459677927,2,0.7594859368093532,4,0.01931947026005333,0.7668054682794863,4,0.016714902865611246,0.7463255070653791,4,0.020149212719422306,18
14,3,7,0.7851415592883956,7,0.7851415592883956,7,0.7594859368093532,4,0.7885178760573763,7,0.014569844101654982,0.7885178760573763,7,0.01429321776881081,0.7737888056341755,7,0.014992626583436816,18
14,3,4,0.77520341989654,5,0.7790738520233801,4,0.7102185656634833,3,0.790841790824949,4,0.015207631726575572,0.790841790824949,4,0.014891617854967634,0.6970856599986479,4,0.02042812711298926,18
14,3,7,0.7907681507084992,9,0.7930273037010648,7,0.77520341989654,5,0.795038556509294,7,0.014356790004984661,0.7990053723553219,7,0.014057522030634538,0.7984079759573732,7,0.015315818634782976,18
14,3,4,0.8456362774437561,6,0.8349093561171116,4,0.8529755353390182,3,0.8324600683054263,4,0.020656618877135356,0.8149821942528412,4,0.019157467496968963,0.8509650061830205,4,0.026034918888228367,18
14,3,7,0.8390113718272678,10,0.8374427110985466,7,0.8456362774437561,6,0.8352144216847911,7,0.016694774560401297,0.8352144216847911,7,0.015647945600973667,0.8170742639472752,7,0.01838943859504037,18
14,3,4,0.8173452632607745,5,0.825346721643567,4,0.7857073388164371,3,0.8081213378470216,4,0.015115773229048007,0.8061722056503078,4,0.014946858225151655,0.7934253368497356,4,0.011862241095979211,19
14,3,7,0.8506011696373915,9,0.8514638534652814,7,0.8173452632607745,5,0.8355257816105117,7,0.01001031343125236,0.8287139736503208,7,0.009851792569440358,0.8281084795160442,7,0.00979040448715397,19
14,3,4,0.8020579393554367,5,0.7738139064697835,4,0.777748108149617,3,0.7844879890751717,4,0.012130344944758021,0.7723026161360859,4,0.012696800316574533,0.7694903968171706,4,0.01191976226336575,19
14,3,7,0.7984767386627408,8,0.8075368864827719,7,0.8020579393554367,5,0.8153634375396693,7,0.010571023577289946,0.8002424095500877,7,0.011369528459818399,0.816757678382001,7,0.010712594388234435,19
14,3,4,0.7506940644446892,6,0.7411345041877511,4,0.689292241474697,3,0.7369780788184747,4,0.014416861618959194,0.7503251140971293,4,0.014611629339630835,0.6850926663758446,4,0.01624965358999659,19
14,3,7,0.7524596915992909,10,0.7609473666316265,7,0.7506940644446892,6,0.7437321489078444,7,0.012085243401046422,0.7662001822082517,7,0.01225571336167972,0.738726720563085,7,0.013816811242365147,19
14,3,4,0.7914474721455608,6,0.7907080648855038,4,0.7923960289232619,2,0.8043753319092813,4,0.013832334069610635,0.8043753319092813,4,0.013923061611933683,0.7941651815137236,4,0.014772731431483221,19
14,3,7,0.8458635688909386,10,0.8316483993862506,7,0.7914474721455608,6,0.8324040954442555,7,0.012030907564163648,0.8319279729837982,7,0.01222186687064541,0.821387500830426,7,0.013344336322142355,19
14,3,4,0.7251898857758627,7,0.7207698297640781,4,0.6485220167871555,3,0.7108147874142502,4,0.014930354386150872,0.7037508624122267,4,0.015048653223184038,0.7108147874142502,4,0.014849035954004414,19
14,3,7,0.7182785576479273,10,0.7110469522634201,7,0.7251898857758627,7,0.7209231204149268,7,0.01263632284255398,0.7263049246455772,7,0.01277440429526874,0.7192407332229664,7,0.012597685492702744,19
14,3,4,0.8386822725036643,6,0.8357155176617563,4,0.8310767978600606,3,0.8499080270108877,4,0.013317076612926521,0.8453689738215558,4,0.013407530315699256,0.8324487480334528,4,0.01538623909379123,19
14,3,7,0.8505687976164752,9,0.8558239113516564,7,0.8386822725036643,6,0.848203685557312,7,0.011661422187175101,0.8551662337171726,7,0.011638962562434413,0.8441537765485252,7,0.01251587289798484,19
14,3,4,0.8472092882483406,5,0.8684871319299104,4,0.8427295604964269,3,0.8462566458496875,4,0.016032506990075572,0.8382073332055746,4,0.016493336734068036,0.8382073332055746,4,0.015969194906279675,19
14,3,7,0.8811762523637465,10,0.8861416524376511,7,0.8472092882483406,5,0.8990482795941273,7,0.009426516126462402,0.8918864132852493,7,0.009505197107468394,0.8807590365460936,7,0.009754883341684102,19
14,3,4,0.7806683092492919,6,0.7718356555704274,4,0.7768167187460603,2,0.7744885572575033,4,0.013203601200363044,0.7712620283492456,4,0.012952181091747178,0.7672884978689619,4,0.013460702671776443,19
14,3,7,0.7814844744884124,8,0.7781808342250436,7,0.7806683092492919,6,0.7791606350433778,7,0.012515731463591856,0.7810597668174328,7,0.012343645357494628,0.77155810994887,7,0.011891987083378826,19
14,4,4,0.7090408120985784,7,0.7027108494491824,4,0.658342938220832,4,0.7054803554698793,4,0.012625919190846244,0.6962159072666997,4,0.012615726754677823,0.6788734494373426,4,0.012971408662422424,0
14,4,7,0.7511789445525539,9,0.7390927395952464,7,0.7090408120985784,7,0.7446107013739092,7,0.010406668969846346,0.7274828104167392,7,0.011177198707380565,0.725140351800049,7,0.011097303118501106,0
14,4,4,0.6765860179941985,7,0.6741160128019923,4,0.6459262199490744,3,0.6949387859053497,4,0.013503037681542504,0.6762913507134962,4,0.014390378964396685,0.671758951653055,4,0.014386261684310129,0
14,4,7,0.7178141072540108,8,0.7126988509352639,7,0.6765860179941985,7,0.6897428831499874,7,0.013203379230943316,0.7046479076547636,7,0.01359359450426574,0.6909137362351634,7,0.013127180026703923,0
14,4,4,0.8338173850452905,7,0.8473541812300592,4,0.8350281834015076,4,0.8543768625984285,4,0.010077086569062397,0.8609628840032402,4,0.010021507938427508,0.8456141984821658,4,0.01072047655021841,0
14,4,7,0.8406977746582317,11,0.8484882503371208,7,0.8338173850452905,7,0.8546504624324764,7,0.008813957240475661,0.8489884945831648,7,0.009242132486942943,0.8623755587422928,7,0.009663370717157905,0
14,4,4,0.7449111522020203,5,0.7347190595344574,4,0.7445232261594491,4,0.7294611566854224,4,0.011698706466490537,0.7368134890509329,4,0.011961533081782124,0.7103678824155463,4,0.012588698705824006,0
14,4,7,0.7913955194168943,9,0.7742822236359876,7,0.7449111522020203,5,0.7666312446532954,7,0.009452321687746294,0.7707470145490561,7,0.009608017964693755,0.7533119311851741,7,0.01084830973274533,0
14,4,4,0.7720404994470089,5,0.7772138265655834,4,0.7441905316523105,3,0.8014495543947748,4,0.013678360820648078,0.7980999093748743,4,0.013620124410094112,0.746310928115705,4,0.025382885309364733,0
14,4,7,0.8320242505523953,10,0.8352265781628745,7,0.7720404994470089,5,0.8408740224453359,7,0.010892200204222869,0.8408740224453359,7,0.01080758507946546,0.7971257505041431,7,0.012604823692434295,0
14,4,4,0.764516024796151,6,0.747179856264322,4,0.6744557536472751,3,0.753263925254799,4,0.01919029423422577,0.752895336359,4,0.018606083706474354,0.753263925254799,4,0.019084746729092574,0
14,4,7,0.8130473155329058,10,0.8127630512922048,7,0.764516024796151,6,0.8102886930527723,7,0.012928414921276929,0.8086881392681331,7,0.01264859873133914,0.8117190493111762,7,0.012812866845079993,0
14,4,4,0.6880657616171606,7,0.7337193850594509,4,0.7024638829579748,4,0.681162184081863,4,0.010588407208050994,0.6948838501301745,4,0.010715049152971176,0.681162184081863,4,0.01055879071786251,0
14,4,7,0.6880318688719693,11,0.6823129656326278,7,0.6880657616171606,7,0.6861507420285119,7,0.010282114247159265,0.7154876962001792,7,0.010180310585290267,0.6749967420148737,7,0.01073953717726514,0
14,4,4,0.733001750698726,6,0.7238618850823314,4,0.7142162239687759,3,0.7051436281085542,4,0.013178278786426894,0.7117035158037474,4,0.013241204122061983,0.718989404582563,4,0.013723431886642762,0
14,4,7,0.7535856013813115,11,0.7426398470047849,7,0.733001750698726,6,0.7280442582279164,7,0.012539880730477642,0.7052769902726117,7,0.013021116807042524,0.7126589889953499,7,0.013563189426921416,0
14,4,4,0.9240504839148349,6,0.9249099319812244,4,0.922480312323938,4,0.9265897417910693,4,0.008425296935603425,0.9239499714317757,4,0.008347973912233892,0.922480312323938,4,0.015022455857465323,1
14,4,7,0.9173865887950318,9,0.9242510235600758,7,0.9240504839148349,6,0.9188812157631463,7,0.006075413944895643,0.9294459363396311,7,0.005987557432109147,0.9240504839148349,7,0.01162569809782854,1
14,4,4,0.8588446679896496,6,0.8313043610860694,4,0.7798258704808899,3,0.8462665838148973,4,0.013691631660553078,0.8422145756968316,4,0.013448294311941491,0.8418334372976812,4,0.013439956390746261,1
14,4,7,0.8740028023550686,8,0.8709765422163884,7,0.8588446679896496,6,0.8727636037025182,7,0.008968818138891721,0.8812236536488278,7,0.008616608440339629,0.8811674153763763,7,0.008722767464337646,1
14,4,4,0.8226630459669787,6,0.8287226142956194,4,0.7970799898790655,4,0.787929524758833,4,0.01136082768014135,0.7915479231154856,4,0.01148019539889157,0.7693503030946227,4,0.013787295523538861,1
14,4,7,0.8220726026645537,9,0.8133913382839137,7,0.8226630459669787,6,0.8129963716300636,7,0.008957717941361234,0.8063479918130625,7,0.009176485377423597,0.7841975739078809,7,0.013528833656030378,1
14,4,4,0.8926397682706956,6,0.8766915789752073,4,0.8636563777360914,4,0.8785847848283781,4,0.00877705792730468,0.8809133277092562,4,0.008803673542970807,0.8692750356859708,4,0.01091379627560442,1
14,4,7,0.8895972482184455,9,0.880522436013789,7,0.8926397682706956,6,0.8868403935268896,7,0.008127587860427825,0.8906810955831461,7,0.008107493758860083,0.8920655338799316,7,0.007632938713961321,1
14,4,4,0.7526831171259972,6,0.7432757475926594,4,0.7193606111226032,3,0.748076899532962,4,0.015620714016865706,0.7750476416851588,4,0.01368377667531597,0.7167715835738588,4,0.016786635012483203,1
14,4,7,0.7618532717629937,8,0.7510755924890198,7,0.7526831171259972,6,0.7984207492065151,7,0.01184262210994315,0.7962744935496489,7,0.01187053439244351,0.7953745109685298,7,0.011682051081043003,1
14,4,4,0.8309584488245528,6,0.8080826961810816,4,0.8132007357345971,3,0.8501873817084028,4,0.012599007252495993,0.859263165743245,4,0.012111348775669882,0.8208227239665241,4,0.015651141182522706,1
14,4,7,0.8474192718789534,10,0.8147560272341523,7,0.8309584488245528,6,0.867061276970979,7,0.008854459082325761,0.8608714482855429,7,0.008446318371599605,0.8099612354932756,7,0.013893820172322038,1
14,4,4,0.806266785319901,6,0.8088543446761829,4,0.7596170221462369,2,0.7937298880950205,4,0.01668924240177119,0.7983094674505923,4,0.01631134846615747,0.7617074590435319,4,0.017786743181257534,1
14,4,7,0.8355436286222006,9,0.8185300509414337,7,0.806266785319901,6,0.8111532608343887,7,0.01429243269547188,0.8104082780177523,7,0.013887401911861934,0.796186986362667,7,0.014909985162879202,1
14,4,4,0.8494924719694879,7,0.8443421313449241,4,0.8075298480727506,4,0.8302358519174727,4,0.014029214539301098,0.8375069376430299,4,0.014287497309357806,0.8147834530432253,4,0.02315657074091708,1
14,4,7,0.8559929523579327,8,0.8666656172356852,7,0.8494924719694879,7,0.8720611263010909,7,0.010421868365594429,0.8665352939379396,7,0.010525201874225691,0.8361336107426491,7,0.01650993948074969,1
14,4,4,0.7934359363845043,7,0.7734154141427386,4,0.7231887937391529,4,0.734537741144886,4,0.022080932634667413,0.7251856157164663,4,0.02228722852077995,0.7181043371454416,4,0.02543383360470955,2
14,4,7,0.7696758012855484,10,0.7680469747698779,7,0.7934359363845043,7,0.7643501749639801,7,0.018630395317493227,0.7450626029706884,7,0.019066291515362984,0.7643501749639801,7,0.01828504644339229,2
14,4,4,0.7617240467938642,8,0.7288807618173793,4,0.7386639038287975,4,0.7155556892689307,4,0.017175545322649158,0.7155556892689307,4,0.017189990890449872,0.7456979774485605,4,0.01719122033063814,2
14,4,7,0.7412103250942356,10,0.7528376368249092,7,0.7617240467938642,8,0.7340864373050086,7,0.014749555501097092,0.7428557162406143,7,0.01473141995454616,0.7353516617335635,7,0.014710058663870918,2
14,4,4,0.8172697362789981,6,0.7986129705175985,4,0.8274084505639975,2,0.8177099099645012,4,0.018733757032843,0.8246851452852526,4,0.01847427638444556,0.8338506029689717,4,0.01775039346572728,2
14,4,7,0.7946876935670678,10,0.7917730145932727,7,0.8172697362789981,6,0.8177512537826752,7,0.017926397654977368,0.8061958686767892,7,0.018270969016463565,0.8103013786882092,7,0.017807832006217432,2
14,4,4,0.7557664800949802,7,0.709427105852593,4,0.7181247291002121,4,0.6993231551279232,4,0.021044395029343625,0.7040931742775507,4,0.02147673405995785,0.8194130757944411,4,0.01914783796271442,2
14,4,7,0.755681855410563,10,0.7591093546397603,7,0.7557664800949802,7,0.751548645345226,7,0.017081950224594973,0.7484712735983609,7,0.017268207117403716,0.751548645345226,7,0.016989729384337533,2
14,4,4,0.7465402658469272,6,0.7420187441873056,4,0.706423450406191,3,0.7243856580642797,4,0.01600210538985307,0.7202561464025663,4,0.016086559838953483,0.7272438346494068,4,0.016152874559758668,2
14,4,7,0.7467343383978008,9,0.7396120957495312,7,0.7465402658469272,6,0.7305898193100882,7,0.01537443286455158,0.7278501191368462,7,0.015408708600992325,0.7303132964782643,7,0.014942088301203828,2
14,4,4,0.6729145311858297,6,0.6829398506230306,4,0.6616223947159403,4,0.6589146107707199,4,0.014754381115167125,0.6490260717906055,4,0.014820257741895198,0.6854119572568289,4,0.015306771347338342,2
14,4,7,0.7231724751708162,11,0.7082781842041558,7,0.6729145311858297,6,0.6661625763010895,7,0.014676203573180887,0.6699251484918732,7,0.014782992380620112,0.6633454950297678,7,0.014618452771993092,2
14,4,4,0.7439943763727488,7,0.7427477765626692,4,0.7076288560908258,3,0.7358988329498756,4,0.016567808523343636,0.7358988329498756,4,0.016503992759713298,0.7045039780128376,4,0.01796045580972282,2
14,4,7,0.7702149689346414,8,0.7587023397584005,7,0.7439943763727488,7,0.7520804871104997,7,0.01565176968467779,0.7357379215329304,7,0.015597978210501073,0.7362085002876305,7,0.01629162644997007,2
14,4,4,0.7272689352826925,6,0.6841015806981806,4,0.7315255500439054,4,0.6797495559720205,4,0.017025260948003225,0.6486554677207457,4,0.018754956163729377,0.6899541331368457,4,0.017322249069295234,2
14,4,7,0.7340701410084509,11,0.7090576876526813,7,0.7272689352826925,6,0.7295934952375529,7,0.01614956504268993,0.7279255430372471,7,0.016617807360583374,0.7091045134374205,7,0.015909849096156153,2
14,4,4,0.7900817547167406,7,0.7623042086135773,4,0.7526846931286781,4,0.7767509569002495,4,0.01467066013915098,0.7746735696309723,4,0.014561501989254178,0.7245044651697287,4,0.02367448732204163,3
14,4,7,0.817844582838664,11,0.8017524431934077,7,0.7900817547167406,7,0.7798804582901679,7,0.011659730221270873,0.7843281851516972,7,0.011456011519125248,0.7468716820751824,7,0.015090928000429256,3
14,4,4,0.7895068734144178,5,0.7865742377430522,4,0.7621828696861672,3,0.7913180861557443,4,0.010181142341472084,0.7980112262938296,4,0.011038294298913438,0.7248150575538002,4,0.01644082294411648,3
14,4,7,0.7840806754841576,9,0.788122109580601,7,0.7895068734144178,5,0.7792855910560754,7,0.009089954345426816,0.7796819989116222,7,0.009973436059694692,0.7102560707887471,7,0.01648573802800384,3
14,4,4,0.8201749706096454,5,0.8258584903040049,4,0.7580083794882907,3,0.8269897503674176,4,0.015520850432445988,0.8293232803381768,4,0.015462633061222218,0.7815695131388392,4,0.01772542791789949,3
14,4,7,0.8531417532483149,11,0.8556407180120188,7,0.8201749706096454,5,0.8357460614638741,7,0.011140537955673067,0.8427104494813346,7,0.011063926493532847,0.8244584121315582,7,0.01216782003140978,3
14,4,4,0.8008543712186637,6,0.7865682190348695,4,0.7864985021709658,3,0.777700569668875,4,0.013772519848793007,0.7961788368913234,4,0.013757604945861994,0.775288555703451,4,0.019018578508072675,3
14,4,7,0.8280819111172228,10,0.8160543278996765,7,0.8008543712186637,6,0.8096863879893074,7,0.010308382104174401,0.8130810088170626,7,0.010207005097828837,0.7775278262597303,7,0.013917268564971325,3
14,4,4,0.7495549907505934,8,0.7387373610472303,4,0.7136949579666564,4,0.6991806481357455,4,0.02088424775288951,0.7046714965695288,4,0.02058935674629326,0.702999868338634,4,0.020188709082119716,3
14,4,7,0.7897937787625623,11,0.7492515970227629,7,0.7495549907505934,8,0.7484625341359747,7,0.016908693454739946,0.7525866999121983,7,0.016641571936627634,0.7484625341359747,7,0.016843182768751942,3
14,4,4,0.7960627422132129,6,0.7910494573215787,4,0.7509233851587801,2,0.7871942116158979,4,0.014994818666231636,0.7871942116158979,4,0.014730724656064228,0.750290378965513,4,0.019596410861699592,3
14,4,7,0.7945610097732662,9,0.787503012648777,7,0.7960627422132129,6,0.7743009897193575,7,0.013429381872348094,0.7787218995007259,7,0.013379120191614339,0.7920347479170972,7,0.014096822733844154,3
14,4,4,0.817152869300621,6,0.8039352597663603,4,0.7782622152751636,4,0.804269803874503,4,0.015069360146743009,0.8063405921797544,4,0.014922662477566703,0.7778412837404164,4,0.019608265714234546,3
14,4,7,0.879741328584157,9,0.8484894955174712,7,0.817152869300621,6,0.8342196068305751,7,0.011490809704513534,0.8387192794758827,7,0.01137575570886029,0.8285512810362358,7,0.011993473948606876,3
14,4,4,0.77506255253961,6,0.7347579319715527,4,0.726791108151148,3,0.771148777979461,4,0.017032235792603066,0.771148777979461,4,0.016394489198350747,0.6695076526018215,4,0.02637615490304564,3
14,4,7,0.8146232481430264,9,0.8178008576743229,7,0.77506255253961,6,0.8177795633652212,7,0.011642275344836726,0.817932033199581,7,0.011244291690779867,0.7907482224937945,7,0.01479456852894982,3
14,4,4,0.8786860127165034,5,0.8541481209032554,4,0.8253355145961618,3,0.8296612538114762,4,0.01251375410590987,0.8429352641170497,4,0.011254729200040293,0.8631500406470192,4,0.011918540361660419,4
14,4,7,0.8813537680921352,10,0.8928756090400412,7,0.8786860127165034,5,0.8969584267729743,7,0.010344919566187796,0.896752508537614,7,0.009203624993267169,0.8817921984932549,7,0.010104521729413216,4
14,4,4,0.7441716502880973,7,0.7282696948785092,4,0.7164490031913103,3,0.7097419346397501,4,0.015506202092756728,0.7134033364507651,4,0.01569309305089068,0.7206095545045516,4,0.01741963640083417,4
14,4,7,0.7778724030268171,10,0.7580677904557495,7,0.7441716502880973,7,0.763857872074273,7,0.012726931155415606,0.7682866253655589,7,0.012758093320486422,0.7323602028038062,7,0.014628666123227859,4
14,4,4,0.814439839893355,5,0.8183263733808704,4,0.7940114760774303,2,0.8063811793033923,4,0.020952084070924262,0.8017065656040921,4,0.021338214004543946,0.8039056260172331,4,0.020107024429159473,4
14,4,7,0.8464939352947378,9,0.8380329281808252,7,0.814439839893355,5,0.8361961580667612,7,0.016267855598886282,0.8338196857061903,7,0.01593008114791798,0.8176720949362443,7,0.016514967566086277,4
14,4,4,0.8781326594239545,7,0.8309960942263375,4,0.8190313424019381,3,0.823607392202981,4,0.015899061628208408,0.8128885754915721,4,0.01577049286824631,0.823607392202981,4,0.015020628285547483,4
14,4,7,0.8495839039635021,9,0.8464112471755295,7,0.8781326594239545,7,0.8390819514069165,7,0.011396971894320158,0.8596442205092152,7,0.011050677019523506,0.853421421504547,7,0.010508356484238972,4
14,4,4,0.8133216597460105,7,0.8141005851500266,4,0.7907443837105541,3,0.7899147293010799,4,0.015573103142833599,0.794368697110437,4,0.015463028270093899,0.7746463220512677,4,0.02157307642844774,4
14,4,7,0.8190616684852097,9,0.8299168482596415,7,0.8133216597460105,7,0.8410556421638026,7,0.01186789525515351,0.8468008708194975,7,0.011614149127628887,0.7637630965678508,7,0.019858681692498548,4
14,4,4,0.7565548588417325,6,0.7670178754626026,4,0.7588832979450456,2,0.7477121752089806,4,0.018226612686614116,0.7465831785697914,4,0.018285140937953713,0.6973091849895959,4,0.02477692287353764,4
14,4,7,0.7840362336754156,9,0.7798091110256113,7,0.7565548588417325,6,0.7724040108546516,7,0.015700568436778643,0.7746097781307395,7,0.01377897936513468,0.7698710025043665,7,0.017297183860046243,4
14,4,4,0.7788170531275805,6,0.7812217095619032,4,0.7692249344141067,4,0.777809841631349,4,0.01486009506372783,0.7774332036293815,4,0.015431661032598232,0.7708531242992395,4,0.018643686413864054,4
14,4,7,0.8044076685230048,10,0.8056669139268432,7,0.7788170531275805,6,0.8014258463385564,7,0.012875852243764793,0.7983137051139303,7,0.013457126611062534,0.8004083032880509,7,0.013784031673003572,4
14,4,4,0.790699109962323,7,0.8264006727454888,4,0.7947759837854191,4,0.7854609883050433,4,0.014336661000136796,0.7717207270135171,4,0.016095978612836858,0.7846320241546723,4,0.013417718183303654,4
14,4,7,0.8198447634428153,9,0.8095276125061195,7,0.790699109962323,7,0.8431820591544765,7,0.010745420032397522,0.8455893281823567,7,0.010553812697014327,0.845377977362083,7,0.010297462210884078,4
14,4,4,0.7407782541965083,6,0.7453983488029212,4,0.6885726781107824,3,0.7158096163261384,4,0.022992780267503163,0.7185789893969421,4,0.023061871098512154,0.6948652295226802,4,0.023432513986848556,5
14,4,7,0.7666016248233272,10,0.7590234861133242,7,0.7407782541965083,6,0.7710945924310605,7,0.016720480146091884,0.7710945924310605,7,0.01655030198160693,0.772225934004052,7,0.016178934535123504,5
14,4,4,0.8212152439173815,5,0.8331437202254924,4,0.8425794497373591,3,0.80513266383045,4,0.01832627263961794,0.795382488060142,4,0.01745966569012225,0.8113358622054282,4,0.019488863638508602,5
14,4,7,0.8112382162833153,9,0.8147610372188466,7,0.8212152439173815,5,0.8253658031507678,7,0.01594770611600376,0.8189921159393292,7,0.0150349957821677,0.8256921695268936,7,0.015155549263465224,5
14,4,4,0.791884589740238,5,0.7763946800734681,4,0.7567797870029912,3,0.8280472567210051,4,0.01326932832459988,0.8307868324036347,4,0.012125428572603117,0.8046977084499856,4,0.015089532337661584,5
14,4,7,0.8137080765891791,11,0.806464908202008,7,0.791884589740238,5,0.8278936470211827,7,0.011532811222034709,0.8285119013864792,7,0.011572096344006886,0.8333207383443274,7,0.012288668971284477,5
14,4,4,0.8102163896750234,7,0.7571551799244092,4,0.7199766421902524,4,0.7805779260934458,4,0.019008930128442625,0.7805779260934458,4,0.01849378963515956,0.7805779260934458,4,0.018887343861777393,5
14,4,7,0.7908978507997599,10,0.8010800294278364,7,0.8102163896750234,7,0.7915681230603678,7,0.015330946547013636,0.8029503567197804,7,0.01476991963508708,0.7927446765814962,7,0.015015863898725109,5
14,4,4,0.8135939885962691,5,0.7941537568511291,4,0.7878876751932007,2,0.80101084725969,4,0.014312043383953196,0.798080697845944,4,0.01427002188494849,0.7438017733804927,4,0.020376243644131865,5
14,4,7,0.837242468642163,9,0.8246360786257625,7,0.8135939885962691,5,0.8116795649283881,7,0.013101105472891034,0.8043971509422615,7,0.012862095940321925,0.805251938639326,7,0.013286485779815229,5
14,4,4,0.8514028852805674,6,0.8168869736783133,4,0.8410039791337701,2,0.839565774297912,4,0.012229581625973141,0.8334250086907454,4,0.011864854865774368,0.8542531800280526,4,0.012218963308188498,5
14,4,7,0.843451905917743,11,0.8192262256450261,7,0.8514028852805674,6,0.8246086169619301,7,0.011266301267986124,0.8288091788651184,7,0.011186489429663944,0.8192680661027828,7,0.010994226624109897,5
14,4,4,0.7880386280717082,4,0.7880386280717082,4,0.7957203292136527,2,0.7913456357796926,4,0.016103130349171983,0.7845270747036427,4,0.015553873336472087,0.7913456357796926,4,0.015614500879983869,5
14,4,7,0.8025732555536603,9,0.7948253407006354,7,0.7880386280717082,4,0.7912654373102824,7,0.013923249017545537,0.7908263802236706,7,0.013494635958922203,0.7945515896610049,7,0.01347581104836985,5
14,4,4,0.8196541343354538,6,0.8014586914127383,4,0.7187754447292891,3,0.8124873256766801,4,0.01246578355381606,0.8124873256766801,4,0.01241990222953711,0.7823760394129791,4,0.014841185745746707,5
14,4,7,0.851343863854122,11,0.8403485807564655,7,0.8196541343354538,6,0.8312272200572571,7,0.010563977591088177,0.8205359222799868,7,0.01049608844655727,0.7982172683810851,7,0.01197477450878495,5
14,4,4,0.8567015586740541,6,0.8487324218550637,4,0.8514447347611089,2,0.859583691043053,4,0.011162700107632708,0.8696305922544272,4,0.010417660535968508,0.8683456033037465,4,0.01218263054854654,6
14,4,7,0.8568425368456912,10,0.8637000875107483,7,0.8567015586740541,6,0.8562147827101972,7,0.00979834555653815,0.8673753908507947,7,0.01009478361737313,0.8702725071261175,7,0.010413636017920194,6
14,4,4,0.7130647563508286,6,0.720261522161651,4,0.644907439188735,3,0.7177193253631134,4,0.014831969379577084,0.7194526131279538,4,0.015330741415094641,0.7127221737806316,4,0.015257651679959098,6
14,4,7,0.7968085913333353,10,0.775182156222164,7,0.7130647563508286,6,0.7559725166888824,7,0.01192217651458797,0.7530621238801609,7,0.01187808637945494,0.7559725166888824,7,0.011892378095557148,6
14,4,4,0.8445647285664979,5,0.8549199470643218,4,0.8136598662024458,2,0.846533134962688,4,0.013321093054835495,0.8501581334368156,4,0.013100982634378193,0.8510508232636886,4,0.012686746044317587,6
14,4,7,0.888305150136546,8,0.8899960831469849,7,0.8445647285664979,5,0.8668362441347335,7,0.012661253549524031,0.8644422577703332,7,0.01237865882627518,0.8754040774401528,7,0.011766938986997884,6
14,4,4,0.738271042067909,6,0.7379011023264881,4,0.6966779850239544,3,0.7395378338653301,4,0.014392307954517885,0.7349130790868266,4,0.01434539694860242,0.7498106115091537,4,0.015331143623233033,6
14,4,7,0.7772695469891353,10,0.7687010720532877,7,0.738271042067909,6,0.7725705937265295,7,0.013081076366648396,0.7773739988637577,7,0.012987203834317878,0.7725705937265295,7,0.013012942609015194,6
14,4,4,0.7080724406333885,7,0.7018607569778236,4,0.714264967309381,3,0.7144678277530944,4,0.010036678723717486,0.709381393792975,4,0.010044444945457427,0.6897988120300695,4,0.010491959576520982,6
14,4,7,0.71710601050406,10,0.7097901136498564,7,0.7080724406333885,7,0.6980131865515035,7,0.009395290115429679,0.7066374352994732,7,0.009372565349360663,0.7239059577252102,7,0.010058109199302973,6
14,4,4,0.7746425097604825,6,0.7841491259052962,4,0.7963780863334919,3,0.7945241596659712,4,0.010084475181776789,0.7818942054598897,4,0.010691376357090788,0.7948918121546085,4,0.014525090092513666,6
14,4,7,0.7872373454702729,9,0.7997555794169328,7,0.7746425097604825,6,0.8339929104254963,7,0.00793589778319798,0.8169545514726011,7,0.008585662685906673,0.7922843416977641,7,0.01121295880520667,6
14,4,4,0.89155588021391,5,0.8766212602105231,4,0.8887425524451646,3,0.8784645830329834,4,0.02250442421031819,0.8381759808958681,4,0.023875921227800474,0.8465006452678767,4,0.021068205769777915,6
14,4,7,0.8570347443869828,10,0.8441303999403468,7,0.89155588021391,5,0.8512469134809769,7,0.02047790823745674,0.7990933053659718,7,0.022488332156865878,0.8632038982218069,7,0.018386693967592585,6
14,4,4,0.7854451329970433,6,0.8010712143025207,4,0.764289468120178,2,0.7858016303699585,4,0.014641343358906761,0.7911045624172753,4,0.014617644475176238,0.7720558857789849,4,0.01732557473243947,6
14,4,7,0.8218383354442461,8,0.8236097018736172,7,0.7854451329970433,6,0.8101408510368561,7,0.011325584191548329,0.8153187026419838,7,0.011059101728848685,0.7747155086436337,7,0.013088021967171964,6
14,4,4,0.8417317461978371,7,0.8263099917483352,4,0.8299960944664249,3,0.8156578931346826,4,0.02145406811392697,0.805263834057761,4,0.021089821456548193,0.8226918748718064,4,0.02042632765329813,7
14,4,7,0.8227994238123083,10,0.8113598365338563,7,0.8417317461978371,7,0.8282437139962958,7,0.017993622557527084,0.7936324025936314,7,0.018566635616602562,0.8192317456170793,7,0.017019659011059677,7
14,4,4,0.8497437339345111,6,0.8480945282095147,4,0.8329818102749167,3,0.8546159951850062,4,0.01714801906900695,0.8604454680783428,4,0.017268461019266844,0.8360296454714967,4,0.020642187310961787,7
14,4,7,0.8666572642367891,9,0.870360671880494,7,0.8497437339345111,6,0.860737610305979,7,0.014721870594417688,0.8647917995411606,7,0.014670730110380545,0.83787317359464,7,0.017040947651376454,7
14,4,4,0.8390376213707607,5,0.8111649494364925,4,0.8180268521659511,3,0.841417381559537,4,0.016142634462107758,0.8048147341517158,4,0.016986331771790122,0.8208342381298958,4,0.018923422823459518,7
14,4,7,0.8252220127215126,8,0.8277190418805701,7,0.8390376213707607,5,0.8405218187149448,7,0.014485831763692083,0.8394572994683794,7,0.014244393602548724,0.843454725633151,7,0.01388586053057933,7
14,4,4,0.789195461105019,5,0.7820503699204875,4,0.7580240584653875,4,0.7714007196254296,4,0.020400673809917644,0.7792082001886614,4,0.020075170049780537,0.7734582974422255,4,0.01990540229074613,7
14,4,7,0.7901507504411018,9,0.7746968799035377,7,0.789195461105019,5,0.7643561436790074,7,0.017264711565186528,0.7708361745263752,7,0.01862399339203406,0.7643561436790074,7,0.01691259981395858,7
14,4,4,0.8356167599575453,5,0.8393995004132927,4,0.8423196892895093,4,0.8286976611382675,4,0.011059162583584527,0.8229278664438294,4,0.011113584556976057,0.8273542868675875,4,0.012158500743922118,7
14,4,7,0.8339398709148257,9,0.8406084879697518,7,0.8356167599575453,5,0.8390841773507718,7,0.00990703813279499,0.8480238403316438,7,0.010255456108157467,0.8395472124259787,7,0.011148156948843746,7
14,4,4,0.8148786247599676,5,0.8110353846629915,4,0.7966709976423727,2,0.815192499427117,4,0.0231643026230694,0.8105247637606013,4,0.022521020314550232,0.8126356912792457,4,0.021926953759662794,7
14,4,7,0.8658186247793581,7,0.8658186247793581,7,0.8148786247599676,5,0.8728254824810325,7,0.016245718590984153,0.8629317275193723,7,0.015522393119548564,0.8824590709045317,7,0.015161823229961948,7
14,4,4,0.720399281034897,6,0.734757091650351,4,0.6629874325217847,3,0.6709475832552924,4,0.015202103490810496,0.6709475832552924,4,0.015543510277831284,0.6472273489965438,4,0.01666043393701825,7
14,4,7,0.7223881620462669,9,0.7437051372376627,7,0.720399281034897,6,0.7090060583706181,7,0.011416664799415043,0.6999470848974635,7,0.011596026672461481,0.7186470204842405,7,0.012121864328274943,7
14,4,4,0.803402634215419,6,0.8089123814719665,4,0.7955873508148072,3,0.807725135234602,4,0.014431130056804032,0.7995509578651154,4,0.01389961258967361,0.7980326824630659,4,0.019615141192258354,7
14,4,7,0.8189044802193421,10,0.8051388653339062,7,0.803402634215419,6,0.8042103890439612,7,0.013219648971441506,0.8036093476931819,7,0.012718186083824296,0.8179490357753201,7,0.01378751898194297,7
14,4,4,0.8228029025090763,7,0.8244046699696321,4,0.8213707214278406,4,0.8167496666739001,4,0.019078772516719668,0.8262048790991693,4,0.018219577317859573,0.8176201807116135,4,0.021520889952569077,8
14,4,7,0.8271763232792535,10,0.8264041392263394,7,0.8228029025090763,7,0.817290202689124,7,0.018180954642078733,0.817290202689124,7,0.018379566463511996,0.8163442812538956,7,0.01883802900296867,8
14,4,4,0.9166418412733633,6,0.9166418412733633,4,0.9166418412733633,3,0.9166418412733633,4,0.01286612082904774,0.9143987270526182,4,0.012923456401048708,0.9166418412733633,4,0.021483011388957605,8
14,4,7,0.9195431487282023,9,0.9169873615515926,7,0.9166418412733633,6,0.9195431487282023,7,0.012178788809091417,0.9123733220629291,7,0.013678559500882245,0.91587640425251,7,0.016819679754654954,8
14,4,4,0.9278050498563578,5,0.9254495711841288,4,0.9193922271988456,3,0.9323699133670051,4,0.011344047947552038,0.9241892961148332,4,0.011457696889549276,0.9172546751140831,4,0.0132802849605469,8
14,4,7,0.9278945107003451,8,0.9268934186846027,7,0.9278050498563578,5,0.9237270818645296,7,0.009885457700371943,0.9299999632861558,7,0.010685368456093676,0.9325678682402482,7,0.01097736885920075,8
14,4,4,0.8308040550799219,5,0.8352783823248637,4,0.8275746619318425,3,0.8240228649094384,4,0.011363939991764497,0.8186495497403424,4,0.011438965058211693,0.8232243086023812,4,0.01256117891577389,8
14,4,7,0.8268109230312289,8,0.8341137346890584,7,0.8308040550799219,5,0.8269936923113097,7,0.011045182635224747,0.8272431117997064,7,0.011106389355459559,0.8318366923157431,7,0.01108295626085012,8
14,4,4,0.8673245032825759,5,0.8449485729565606,4,0.8688613509654328,3,0.85044826575215,4,0.0217452988354564,0.8262347878788846,4,0.025496445529436234,0.847073261372537,4,0.029268177339171017,8
14,4,7,0.8658697123621288,8,0.8689338723567982,7,0.8673245032825759,5,0.8689338723567982,7,0.020907406774644175,0.8220314051921123,7,0.02545287836318807,0.8469229157739457,7,0.020956588314316415,8
14,4,4,0.833635330439869,5,0.8251911435050906,4,0.8255696335316718,3,0.8239247362427492,4,0.01813124678792576,0.8283635738735138,4,0.017899461584735536,0.7518678038663749,4,0.026390981701619118,8
14,4,7,0.8196193834605224,7,0.8196193834605224,7,0.833635330439869,5,0.819646784488559,7,0.016251473125420853,0.8227337481338217,7,0.015697317027833984,0.8302371368748895,7,0.018965762679881815,8
14,4,4,0.9581860880203585,5,0.9581860880203585,4,0.9626896032446715,2,0.9599107359268989,4,0.012704290005812456,0.9315687101859702,4,0.015125352432139047,0.9626896032446715,4,0.01855155417728727,8
14,4,7,0.9609649553381311,10,0.9626896032446715,7,0.9581860880203585,5,0.9579745475289619,7,0.012631472444051745,0.9292444329055786,7,0.015299756838796601,0.9513335921657439,7,0.012884705407797395,8
14,4,4,0.9285061858584465,6,0.9264715258908355,4,0.929974815743911,2,0.9291487300067551,4,0.00805057211382902,0.9208086661354031,4,0.008161077899357988,0.9261805964317555,4,0.008905311325843995,8
14,4,7,0.9221505214005149,9,0.9221505214005149,7,0.9285061858584465,6,0.9187349482962515,7,0.006438090313271443,0.9235608192338778,7,0.00661775314609343,0.9273697087654723,7,0.006503914146103397,8
14,4,4,0.9361675938407417,7,0.9405279591357312,4,0.9387900202208241,4,0.9357172906528126,4,0.012189421401223975,0.9338225407797376,4,0.012204854190186456,0.9376932975482821,4,0.01205595719287224,9
14,4,7,0.9387900202208241,11,0.9376932975482821,7,0.9361675938407417,7,0.9304430774989739,7,0.010817751450065412,0.9282844629440788,7,0.010904153838108648,0.9402062133122291,7,0.011528582073689703,9
14,4,4,0.8434353684299369,7,0.8520119406945693,4,0.8472219417309622,4,0.8467046067707483,4,0.016098101128961557,0.8448217482618033,4,0.015992625881126224,0.8454285838922259,4,0.018831734452793968,9
14,4,7,0.8413224914336936,11,0.85077374394182,7,0.8434353684299369,7,0.8481663853434883,7,0.015955666753917193,0.8426190616539906,7,0.015940948737353904,0.8517051878435228,7,0.015886159605515374,9
14,4,4,0.735477550885228,4,0.735477550885228,4,0.7187911519911723,3,0.735477550885228,4,0.011080732643568401,0.7330094773926866,4,0.01119424889792646,0.6837802146145129,4,0.013210953950199151,9
14,4,7,0.76156191516997,9,0.7585805054511777,7,0.735477550885228,4,0.7490632928741215,7,0.00887524237635355,0.7479550063100513,7,0.00903467563741443,0.7545961786662556,7,0.009727810462918802,9
14,4,4,0.71225592474532,4,0.71225592474532,4,0.7016238114686191,2,0.7178156080608217,4,0.011218710438911013,0.71405679119991,4,0.011281199397962282,0.7006172461027873,4,0.01150250950394176,9
14,4,7,0.737799082865088,9,0.7222034697563862,7,0.71225592474532,4,0.7272121898895211,7,0.010137043416658036,0.7272121898895211,7,0.010152640492969933,0.7177425341458505,7,0.010196975406007905,9
14,4,4,0.8230091890802265,6,0.8135118480202517,4,0.8149208806864134,3,0.8202684620838654,4,0.014252560878538078,0.8215914710935732,4,0.014317607053715159,0.8145883184149443,4,0.02051763747968635,9
14,4,7,0.8078865254196445,10,0.805198412855407,7,0.8230091890802265,6,0.8036014715421381,7,0.012583008150547506,0.8153817876767243,7,0.013163339558069996,0.8039987930581606,7,0.013259642274764654,9
14,4,4,0.8268269908957168,5,0.820765117422293,4,0.7756468420421113,3,0.8136302121597634,4,0.01958069688667748,0.8052468934114988,4,0.018874363749565554,0.817196371821697,4,0.019105821697093066,9
14,4,7,0.8739938717604346,10,0.8550011932539503,7,0.8268269908957168,5,0.8610828128481633,7,0.013552175527449223,0.858872923300657,7,0.012794769626745644,0.850578313585013,7,0.013107140723305861,9
14,4,4,0.9405337807717673,7,0.9405337807717673,4,0.9405337807717673,3,0.9405337807717673,4,0.012497237474908855,0.9405337807717673,4,0.012911595381505037,0.9405337807717673,4,0.01280809377190219,9
14,4,7,0.9405337807717673,10,0.9405337807717673,7,0.9405337807717673,7,0.9405337807717673,7,0.01190047141297838,0.9405337807717673,7,0.011893505622879712,0.9405337807717673,7,0.012168381404810073,9
14,4,4,0.773324205849474,6,0.7672707399570466,4,0.7881589973646218,2,0.7769513636024404,4,0.019319573135586028,0.7632446637219701,4,0.01893627712047201,0.7795139118615675,4,0.01884095777401007,9
14,4,7,0.7644218048756808,11,0.7574199323705504,7,0.773324205849474,6,0.776894070963869,7,0.016661813771998667,0.7810848722227766,7,0.01680621162070913,0.776894070963869,7,0.016372859390546245,9
14,4,4,0.7916528291360211,5,0.8095305432223455,4,0.7935110696199963,3,0.7795190687178785,4,0.0099596158236172,0.7959692499455184,4,0.009993935978691353,0.7590700095118786,4,0.013157755623009774,10
14,4,7,0.7852863335486597,10,0.7688950212100438,7,0.7916528291360211,5,0.795264047936776,7,0.009378455008600156,0.7948560958226952,7,0.009684053802368397,0.7861403511344602,7,0.009804482844200515,10
14,4,4,0.7356888658815094,7,0.6965820291106741,4,0.6890675505047495,4,0.7111222488453438,4,0.013236198006626891,0.7044978318616079,4,0.013285367103187517,0.6539034142144355,4,0.018437188858631413,10
14,4,7,0.7630589719022215,11,0.748066435646024,7,0.7356888658815094,7,0.7306281310959085,7,0.011545047009853615,0.732206536789995,7,0.01159620194599412,0.6951985872733638,7,0.012847537000107259,10
14,4,4,0.853601286819682,6,0.8478505469715443,4,0.8488707272640486,3,0.8365891988449677,4,0.012482234567678862,0.8413841802957371,4,0.012450972893536588,0.8283420221068173,4,0.017815881772222857,10
14,4,7,0.8530109034937345,9,0.8496858685025037,7,0.853601286819682,6,0.8621572586634695,7,0.011326514930704806,0.8559534345761546,7,0.011192726360211205,0.8477467842848586,7,0.012799472542385166,10
14,4,4,0.678161979806057,6,0.6610850714255329,4,0.6496105332455925,3,0.6589106649400419,4,0.01097257063093188,0.6589106649400419,4,0.011125127299440369,0.6542606560031925,4,0.015543636028538425,10
14,4,7,0.6892724304978818,10,0.6714458275641385,7,0.678161979806057,6,0.6768078412875542,7,0.010262715036792141,0.6735292188033695,7,0.010400413925558304,0.6866038593720237,7,0.011307635996786974,10
14,4,4,0.7400912757994397,6,0.7429946617611387,4,0.7446084464697877,3,0.7519155805341047,4,0.007607067675553447,0.7433330076467576,4,0.007976840280759236,0.7307935585678542,4,0.01019851997910578,10
14,4,7,0.7590213324797471,9,0.7635426910592765,7,0.7400912757994397,6,0.7593758589302605,7,0.007404539066760268,0.7571585968999632,7,0.007832001495943949,0.7601716824573284,7,0.008203801425462799,10
14,4,4,0.7389744571052975,6,0.7495103057415954,4,0.7220331231504756,3,0.7668110130315989,4,0.01187828214815618,0.7552337032553204,4,0.011906788075222219,0.7452630702148265,4,0.017522145045982887,10
14,4,7,0.8037368325445842,9,0.754596375409592,7,0.7389744571052975,6,0.7851072184035213,7,0.010251416841262998,0.7888998524367969,7,0.010123073369674667,0.7492143717487753,7,0.014257126598621554,10
14,4,4,0.8342310796371876,5,0.8340746426413146,4,0.8151923763900618,3,0.8353572429948475,4,0.014639631711150193,0.8341160028593361,4,0.012321683607462481,0.8078251770996694,4,0.01613830210490426,10
14,4,7,0.8320337662025463,9,0.8354076931657227,7,0.8342310796371876,5,0.8386560059542356,7,0.0115105996059352,0.8429748599167702,7,0.010938157191727974,0.8293296217433178,7,0.012691345423028296,10
14,4,4,0.7398792710677602,7,0.7157809310405948,4,0.6913031246619965,4,0.7035729997327919,4,0.016657354487200928,0.7068326817589898,4,0.016647868686632424,0.7035729997327919,4,0.016597861475316673,10
14,4,7,0.7252414008207166,9,0.7209739973695268,7,0.7398792710677602,7,0.7333827413568264,7,0.013412059791580272,0.7393611772213613,7,0.013403692529734416,0.7308147941130088,7,0.013485287011759188,10
14,4,4,0.8294772372156332,7,0.7859393693883868,4,0.7858557107847625,3,0.8109532488282304,4,0.013931827668835467,0.8168626328783959,4,0.013383175690133274,0.7800392736470512,4,0.015179386841499914,11
14,4,7,0.8483486495911303,11,0.8330263034080837,7,0.8294772372156332,7,0.8333276529174057,7,0.011941942087522766,0.8347392177739501,7,0.011309149513507656,0.8397338358855212,7,0.012161567855208947,11
14,4,4,0.7560562191009832,7,0.7344290926248936,4,0.7137931645747216,3,0.7374606022570004,4,0.013564332017685655,0.7300278676066896,4,0.013594275602679845,0.6814309211409714,4,0.01546140995105213,11
14,4,7,0.7557085802357232,9,0.7595703930776271,7,0.7560562191009832,7,0.7595745201526388,7,0.009655288173945177,0.7663076895566537,7,0.009613991654422484,0.7250064699153291,7,0.012174243589335242,11
14,4,4,0.814882914660721,5,0.8305749647442248,4,0.8174782794829075,2,0.8225658610134423,4,0.011986422817544317,0.8176161252317459,4,0.011746894062021182,0.8225658610134423,4,0.011811971184459664,11
14,4,7,0.8173176852595417,10,0.8114375225619576,7,0.814882914660721,5,0.8086525227261084,7,0.011662507186089027,0.8004849199327977,7,0.011404989538405248,0.7988870192948433,7,0.011138470529451947,11
14,4,4,0.8362536100741872,7,0.8058953242267662,4,0.8117624323103364,3,0.8111730804372562,4,0.014956197656684192,0.8167599483572633,4,0.01471361318571461,0.8102405534249872,4,0.014648768955609886,11
14,4,7,0.8338925455860816,11,0.8237489095227163,7,0.8362536100741872,7,0.8413093611882594,7,0.013627734323203891,0.8334806037064436,7,0.013456637950949184,0.83394039422256,7,0.013462615652036719,11
14,4,4,0.7797897179828278,7,0.7541323945518176,4,0.7467947520115124,4,0.7294239231030994,4,0.012909925755019296,0.7366185167079174,4,0.012958730816796788,0.7581842443150874,4,0.01309691186558815,11
14,4,7,0.7749047497174423,10,0.7629514883947879,7,0.7797897179828278,7,0.7456721585317491,7,0.01237116349008842,0.7456721585317491,7,0.012438230998574492,0.7573646999317959,7,0.011836390343894764,11
14,4,4,0.7675320531137629,6,0.7589514748349446,4,0.7347345731247841,3,0.7769675163974018,4,0.017622643963486333,0.7869552732328842,4,0.01727664248724586,0.7753954150326464,4,0.019130865956183345,11
14,4,7,0.7858983455845293,10,0.803836943937401,7,0.7675320531137629,6,0.7964536921511007,7,0.014996007855459263,0.8230322268725058,7,0.014184821069866006,0.789356929813673,7,0.017524402856037354,11
14,4,4,0.7561421756648549,7,0.775083940201433,4,0.7546080855073628,3,0.7834373859783652,4,0.014497318663344435,0.7865733390975626,4,0.01437734744775992,0.7779445706363811,4,0.016240907196390195,11
14,4,7,0.7614965820303765,11,0.7874676337454733,7,0.7561421756648549,7,0.7928604170811593,7,0.01457948234325728,0.8005943038479837,7,0.014741040659243568,0.79302056380946,7,0.013914842116908438,11
14,4,4,0.8316835209886256,6,0.836721194304632,4,0.7924894026243248,3,0.8390407626364877,4,0.01652196478981024,0.8364667723078483,4,0.016016366002031355,0.7873893513942912,4,0.01701003657187019,11
14,4,7,0.8516385810915635,10,0.8425946961484136,7,0.8316835209886256,6,0.8239696551195411,7,0.01514713761519531,0.8245243305238233,7,0.01401849465134756,0.8242133632444685,7,0.01472139706647278,11
14,4,4,0.8629087649042874,6,0.8482144007564248,4,0.8566141665083551,2,0.8714436432332647,4,0.02698528578387967,0.8603090042360211,4,0.026013689944832663,0.8742790182487012,4,0.024314281308651854,12
14,4,7,0.8520360214653032,8,0.8485854518179899,7,0.8629087649042874,6,0.8821495229558888,7,0.02622315542314604,0.8547076218343502,7,0.02535017667862101,0.8817322263980831,7,0.023451266878365115,12
14,4,4,0.7207182802531457,6,0.720201649114646,4,0.7263882287758575,3,0.8091257172323788,4,0.01711861948384962,0.8138346140375177,4,0.01654850038678963,0.8172770674772829,4,0.017296363410631777,12
14,4,7,0.7313189615143012,9,0.7311984740509455,7,0.7207182802531457,6,0.8159368076528022,7,0.016952687830490393,0.8159368076528022,7,0.016421706371133857,0.8343022759866898,7,0.017594986765511186,12
14,4,4,0.7328150255043301,5,0.7418398475835444,4,0.7193103271787991,2,0.8045318214505321,4,0.024226139678844138,0.7780057246060125,4,0.023721143393071378,0.8054435565695319,4,0.0226311379232398,12
14,4,7,0.7345269484376301,9,0.7434276499313267,7,0.7328150255043301,5,0.8119114270465653,7,0.024181765202652673,0.7788019038729809,7,0.02427938355076429,0.8152642853316318,7,0.022460397346336293,12
14,4,4,0.8927279748393104,5,0.8934060584016087,4,0.945261814432321,3,0.9335830821598805,4,0.026810849147992345,0.9067731952168989,4,0.023217320270250103,0.9666170729476637,4,0.026318098723562226,12
14,4,7,0.8797739042782462,9,0.8825815560683556,7,0.8927279748393104,5,0.9196764993828339,7,0.02671119431090002,0.8824531546848157,7,0.02299458044906737,0.9213022615918796,7,0.022663396698595854,12
14,4,4,0.7715182362646201,5,0.765359839794641,4,0.7580130942650255,3,0.783455584953993,4,0.0159851858828493,0.7730298852843298,4,0.016466617643669294,0.7819052209982025,4,0.015875114770374187,12
14,4,7,0.7749946823321058,11,0.7796635335729538,7,0.7715182362646201,5,0.7912014518470597,7,0.014209265833323796,0.7976624189667256,7,0.015512852555044842,0.7772845724211125,7,0.015442593402428597,12
14,4,4,0.7544541944990414,5,0.7359466582541163,4,0.7351540613826424,3,0.7687698891531871,4,0.016938298148181277,0.760159886635809,4,0.017305044658917274,0.7660167247511593,4,0.0167006008481437,12
14,4,7,0.763172812562055,8,0.7596528847532172,7,0.7544541944990414,5,0.7850370822495315,7,0.015262419311067846,0.7751871482317765,7,0.015217814033751807,0.7913488582885796,7,0.014994908641316432,12
14,4,4,0.8097950327112262,5,0.8174872634262678,4,0.7838775310305428,2,0.8183641892553033,4,0.010940250609470133,0.809377335384895,4,0.011983068730400141,0.7919374037875678,4,0.017427517882620897,12
14,4,7,0.8159872505449992,10,0.8195406026571411,7,0.8097950327112262,5,0.8189324509729649,7,0.010644667009628482,0.8318166978935638,7,0.010557524815511707,0.8198587897734082,7,0.010786987743311412,12
14,4,4,0.741210015670834,6,0.7234864047572429,4,0.7435867884352173,3,0.7924160537871082,4,0.019526268610590675,0.794779599905717,4,0.019081415385043297,0.7886313039329598,4,0.01913852144588063,12
14,4,7,0.7280954166868561,8,0.7367745270029822,7,0.741210015670834,6,0.8107646262390984,7,0.018955782516509104,0.808016746411434,7,0.018413493434482422,0.7916636411666284,7,0.019066929248364627,12
14,4,4,0.8217153417591518,7,0.7853462720043142,4,0.780225611809464,3,0.7850885997677659,4,0.01126225933142081,0.7794410362622561,4,0.012043973579560194,0.7455771445088522,4,0.014954299455648034,13
14,4,7,0.7794598846074084,10,0.7974211931905583,7,0.8217153417591518,7,0.7905313697490749,7,0.010160178668610466,0.7868799039015864,7,0.010122204437884221,0.7283870703875901,7,0.015479581376315896,13
14,4,4,0.818546595691478,5,0.8152062783309554,4,0.8097085863412545,3,0.8303673046663095,4,0.01547994686972537,0.8339483857852427,4,0.017688640256968535,0.8175052984025917,4,0.025315696730014988,13
14,4,7,0.841537132421946,9,0.8326075301294814,7,0.818546595691478,5,0.8470693797221783,7,0.011546064075674326,0.8416314551091244,7,0.014341224128299418,0.8343760321250328,7,0.015787453325264496,13
14,4,4,0.6762148876200766,5,0.6936429434629999,4,0.6396529389145877,4,0.7749862633871841,4,0.011536510577441487,0.7711546462438865,4,0.011462176522709023,0.7711535455894432,4,0.0115102579041034,13
14,4,7,0.7827072039762565,8,0.7829200300101586,7,0.6762148876200766,5,0.796396329330349,7,0.011057619439468445,0.7861261375340378,7,0.011199740770956177,0.7925099238795094,7,0.011025140942512252,13
14,4,4,0.739776260471319,6,0.6985843458622119,4,0.6470823302053282,3,0.6793288622020182,4,0.02095494227577318,0.6894850409023245,4,0.021026464102431853,0.6793288622020182,4,0.020986402722567157,13
14,4,7,0.7394019847968047,9,0.729337569581528,7,0.739776260471319,6,0.7380466578634313,7,0.017619677099337223,0.7549269630365752,7,0.01582669644284072,0.7304352795551933,7,0.01758082736481825,13
14,4,4,0.8245844562534859,7,0.8073159964058834,4,0.763349953252529,3,0.7330427577180672,4,0.023643353674004174,0.7330463898596078,4,0.02447335321161075,0.7579925971423499,4,0.027912082151813376,13
14,4,7,0.826311759271412,9,0.8196334842900106,7,0.8245844562534859,7,0.8196653404741954,7,0.016066236688037673,0.8070191301279298,7,0.01705991699958148,0.7407866978625883,7,0.022623985872796896,13
14,4,4,0.7973129724417989,6,0.7697755530988162,4,0.7816034566344154,3,0.7950186362460397,4,0.02000191882574502,0.794030198129235,4,0.02036801555777257,0.7776064538936761,4,0.03414785031364017,13
14,4,7,0.8333787836094843,9,0.8543187866097148,7,0.7973129724417989,6,0.8582330385976848,7,0.013346702956530869,0.813044999676898,7,0.01556049085104408,0.7671786152144559,7,0.022774971783060084,13
14,4,4,0.7648523767664305,5,0.7579129586878883,4,0.7139850705678086,2,0.7559553254603443,4,0.02559175298715189,0.7544267938209197,4,0.026895210059670546,0.6501815927894986,4,0.039543608084973286,13
14,4,7,0.8001401374034001,9,0.8103205084083487,7,0.7648523767664305,5,0.8046969570486059,7,0.015478435519720127,0.8146039407832999,7,0.015915345438410677,0.7450537553021366,7,0.029843713469018734,13
14,4,4,0.8436196136596733,5,0.8465583310782269,4,0.8183817473145114,2,0.837091305168499,4,0.016186070614475204,0.8253149794020616,4,0.0159768520968532,0.8096260150735184,4,0.01918275708127934,13
14,4,7,0.8487648325931558,10,0.8660202746975701,7,0.8436196136596733,5,0.8748653147323493,7,0.014387841474237844,0.8701191728614865,7,0.014194006127028345,0.8351591454537134,7,0.016531329048977028,13
14,4,4,0.7836934138911175,7,0.763445031470795,4,0.7508623866899627,3,0.7410444056846132,4,0.010022327120740703,0.7497935919163528,4,0.010134300584738283,0.7453353508695887,4,0.012581559322122212,14
14,4,7,0.7533544766462069,10,0.7476897030604899,7,0.7836934138911175,7,0.7902980997837742,7,0.009540118335517279,0.7782902382564156,7,0.009635849191044052,0.7398706003614861,7,0.011361566232893937,14
14,4,4,0.8111698248883441,5,0.8050937652350075,4,0.8125098119522962,3,0.8094430368214041,4,0.016605886001782887,0.8080421218668458,4,0.016692903778438618,0.8219114665615265,4,0.01781145401765022,14
14,4,7,0.8118212071411487,9,0.8319255225501012,7,0.8111698248883441,5,0.837412619466931,7,0.015675133452911005,0.8234779072347651,7,0.015581424755653595,0.8240513351708786,7,0.015792458561322435,14
14,4,4,0.7591010280919899,5,0.7460933754813435,4,0.7796244797594548,4,0.7603095535654381,4,0.016183019199198016,0.7603095535654381,4,0.01574561105214233,0.7603095535654381,4,0.015903308886231052,14
14,4,7,0.777581850475942,8,0.7856043551537014,7,0.7591010280919899,5,0.7805452207170878,7,0.013413911015029369,0.7764111616250023,7,0.013042255533437212,0.7581350509662389,7,0.013572681616691272,14
14,4,4,0.770458139949021,5,0.7859592366358087,4,0.7424196932815553,3,0.7930230670878476,4,0.013946273179911978,0.7803808246103556,4,0.01383177143426986,0.7930230670878476,4,0.013704781641827408,14
14,4,7,0.7925735786045677,8,0.8038884835886914,7,0.770458139949021,5,0.7782899909107209,7,0.012906758778198428,0.7796715584026948,7,0.012872585544877517,0.7838210270982386,7,0.012865576936592163,14
14,4,4,0.7963585106175098,7,0.8350590650629199,4,0.6985395922418232,4,0.8244689859876179,4,0.01951862363412242,0.7607632583225763,4,0.022945005827848853,0.8261527543044518,4,0.019163339098957028,14
14,4,7,0.8449248956175597,9,0.8144739449116105,7,0.7963585106175098,7,0.8385603045407105,7,0.0152915067351262,0.8222426133889535,7,0.014886689528063251,0.8298203825906313,7,0.016897937500720484,14
14,4,4,0.761213190284983,6,0.7614934355688192,4,0.7007939269057946,3,0.7469394954128729,4,0.01579497162556576,0.7469186973095758,4,0.015812235828292696,0.7255691179299631,4,0.017607498628162865,14
14,4,7,0.7571178262370708,10,0.7574926308408052,7,0.761213190284983,6,0.7882494350029932,7,0.011620897361640988,0.7914219402542546,7,0.011424945508344733,0.7749588071450392,7,0.011720411731743,14
14,4,4,0.7999972969618523,6,0.783316310775131,4,0.7354038703567382,3,0.7444830363161269,4,0.01937951845869893,0.7498242539741615,4,0.01942917439507874,0.7888492167548625,4,0.01809613687124016,14
14,4,7,0.7963140806400334,10,0.7705902260359344,7,0.7999972969618523,6,0.7834008283080647,7,0.016110521376758294,0.7820970839617062,7,0.01605404764984356,0.7834008283080647,7,0.015888572133764548,14
14,4,4,0.7008683996819239,6,0.6864739824479421,4,0.6794497795138221,3,0.6774206734040269,4,0.009756792590989062,0.6777537249542323,4,0.009925643002887563,0.6522287987253992,4,0.011067472759614146,14
14,4,7,0.6908111027620273,9,0.7001323484676356,7,0.7008683996819239,6,0.6900907537212858,7,0.009472932780539029,0.6799077981733163,7,0.009667931298520142,0.6631314027806015,7,0.010515914681963005,14
14,4,4,0.8152345228058927,5,0.8161889926739909,4,0.7909336352132803,2,0.8098508005018636,4,0.021306352352175255,0.7978135023744793,4,0.02095213267269667,0.7905942813461181,4,0.024193469464269986,15
14,4,7,0.8500389469745899,9,0.8430396775284917,7,0.8152345228058927,5,0.8435873115652383,7,0.016074276003354995,0.8537135970678159,7,0.015609644744361276,0.8326671558685178,7,0.017871305615944157,15
14,4,4,0.847733367273257,5,0.8124192494429037,4,0.7711058469787951,3,0.8330294552536288,4,0.016753112132885162,0.8294480532425573,4,0.01599362673662889,0.8341073276365539,4,0.016156241597387534,15
14,4,7,0.8460568999512514,10,0.8459985105029563,7,0.847733367273257,5,0.8362959552659697,7,0.015695563382090556,0.8326142698758183,7,0.014876645936971836,0.831532752856688,7,0.014973414129286008,15
14,4,4,0.7497981806654025,5,0.7659642326959949,4,0.743032694678979,3,0.8089787956246537,4,0.012359403687615341,0.8048372111191257,4,0.012357621092095563,0.8068206387522213,4,0.01218149819794802,15
14,4,7,0.7737496992656371,9,0.7636366159605879,7,0.7497981806654025,5,0.7975006675470759,7,0.010290265112094361,0.7995755767804722,7,0.010163415412247223,0.8010379990523221,7,0.010018378735168034,15
14,4,4,0.7994559928403987,5,0.7993949882964835,4,0.7722579510573502,4,0.7883282193038663,4,0.01203392456910034,0.7842932602891072,4,0.011894057434374807,0.7651880302396951,4,0.014618894414400395,15
14,4,7,0.8359850539887809,9,0.8339056246442902,7,0.7994559928403987,5,0.7977482784172648,7,0.011336167109239978,0.7932740533451337,7,0.01122022498612216,0.7625987712824376,7,0.012073659330195136,15
14,4,4,0.8106699011900951,6,0.8038541657537996,4,0.7667024736530437,4,0.816566572223507,4,0.018304787490879677,0.8129293639335875,4,0.01804338448386549,0.780767869544166,4,0.018426541533341927,15
14,4,7,0.8533961539108688,10,0.822923891282761,7,0.8106699011900951,6,0.8243585837292212,7,0.016644641163158166,0.830946488844537,7,0.01641343899290556,0.8285986495997567,7,0.01599046851371685,15
14,4,4,0.8298779200925289,4,0.8298779200925289,4,0.7944955584220401,2,0.8360579840132307,4,0.017824172593098694,0.8258295949017149,4,0.016896264086257048,0.8299642175533961,4,0.016740452253967336,15
14,4,7,0.8464043812422117,8,0.8362454119397519,7,0.8298779200925289,4,0.8372065073558342,7,0.01628298671926053,0.8544625255402367,7,0.014042336893357144,0.8393325410729527,7,0.014808115910660023,15
14,4,4,0.8056219479143348,7,0.7879490673713575,4,0.7819912593539158,4,0.7882841409954776,4,0.019342251397763348,0.7875745090067551,4,0.018825576942079383,0.7147755964842241,4,0.04069745837016526,15
14,4,7,0.8190651359842163,10,0.8144953554092674,7,0.8056219479143348,7,0.7960435578166312,7,0.016905899988930027,0.8003337147488285,7,0.01622693834478346,0.7930652794959642,7,0.01894835228131504,15
14,4,4,0.7692314098857617,6,0.7730110084459331,4,0.7709768845691486,3,0.782753987637876,4,0.013760026013759632,0.7761759020808611,4,0.013523615741136875,0.7548157500776224,4,0.015640250066028268,15
14,4,7,0.7944955622472485,10,0.8029299596000087,7,0.7692314098857617,6,0.8034181217894139,7,0.012139134303345511,0.789663806806459,7,0.011971548589041618,0.7914612599411853,7,0.012770667062961245,15
14,4,4,0.8380402003522007,6,0.8063339074514932,4,0.7650816596764146,2,0.8100148227959476,4,0.018561446674792485,0.8058638296503144,4,0.019133739371137225,0.8078608244606957,4,0.018422144961951256,16
14,4,7,0.8391983635575281,8,0.8554004514171217,7,0.8380402003522007,6,0.8516103394355065,7,0.016644030037980706,0.8525775338869391,7,0.017438772978814264,0.8544050637429633,7,0.016443679658455196,16
14,4,4,0.8040828403762553,4,0.8040828403762553,4,0.7228646834723859,2,0.7942354621811183,4,0.01873651207074713,0.8017458727513407,4,0.018594770293303548,0.7910353108735897,4,0.01839669931191124,16
14,4,7,0.8248620674435492,8,0.822794372775714,7,0.8040828403762553,4,0.8185771243100841,7,0.014810111090664779,0.823257356007703,7,0.014824392689038077,0.8313342709761349,7,0.014111683934232016,16
14,4,4,0.7216705953577218,7,0.7457434226261166,4,0.7214619953040264,3,0.7299658259059288,4,0.016053934735982486,0.7299658259059288,4,0.01617523570698298,0.7444222497637379,4,0.017856676869321894,16
14,4,7,0.7461764728063497,11,0.7240355966221963,7,0.7216705953577218,7,0.739427396492105,7,0.014030161945743282,0.739427396492105,7,0.014071940410184313,0.7584960403718503,7,0.014410569194451432,16
14,4,4,0.7526397828767821,5,0.7619442682650729,4,0.7398947172532051,2,0.7661745420701411,4,0.018644690903878904,0.7743999904875715,4,0.019399019168546503,0.7705724027544877,4,0.018323500124056084,16
14,4,7,0.7633097537640542,9,0.7746824715995698,7,0.7526397828767821,5,0.7519618387529827,7,0.015431832310718943,0.7574991367250943,7,0.016233352977324856,0.7603360113362762,7,0.01519996251680005,16
14,4,4,0.719283161525287,6,0.6604116245298821,4,0.6432654238804008,4,0.6762353471635484,4,0.01938279763574862,0.6778539575883376,4,0.019238424979460197,0.6762353471635484,4,0.019285514928683172,16
14,4,7,0.7074047026662742,11,0.6738897288564473,7,0.719283161525287,6,0.6753627564234191,7,0.018211875030727395,0.6815972991717936,7,0.018241881705440045,0.6995888566742924,7,0.019982307081953737,16
14,4,4,0.7774638742535847,8,0.780852019241258,4,0.7171478197597441,4,0.7707838359233519,4,0.015148750197045757,0.7735236133453637,4,0.015200879796683478,0.7110479248195464,4,0.018608042663645463,16
14,4,7,0.7837777190371727,12,0.7874058852030302,7,0.7774638742535847,8,0.8085473417025206,7,0.012332786097658663,0.8013792976069866,7,0.012334805020901642,0.7811905256378089,7,0.013657814275012536,16
14,4,4,0.8466789762176404,4,0.8466789762176404,4,0.8268000526602499,3,0.8466547839891951,4,0.010567460887547193,0.8466547839891951,4,0.010569922024659267,0.8078128512611001,4,0.014772721218428536,16
14,4,7,0.8539105322060218,9,0.85035405194469,7,0.8466789762176404,4,0.8551259638370445,7,0.009843671775576712,0.8434955135359195,7,0.009957029278669729,0.8566643148952638,7,0.01040821579455401,16
14,4,4,0.7126341471799413,6,0.7372011036052927,4,0.7215112759770245,3,0.6898615054947459,4,0.012096339125145178,0.681244441940579,4,0.012204414611836417,0.7172187440561594,4,0.01124228302439897,16
14,4,7,0.7288251308440449,9,0.7339600309307766,7,0.7126341471799413,6,0.7427822108625936,7,0.010029286460366193,0.7386933968837823,7,0.010163425647340737,0.7427822108625936,7,0.010020297277019904,16
14,4,4,0.6705260437858839,7,0.6781904918850554,4,0.6809761373896538,3,0.7089532506039286,4,0.011126515399074059,0.7105253230173477,4,0.011484074875670236,0.68677533763065,4,0.011153581599155894,17
14,4,7,0.6886368344761326,11,0.6933377607376402,7,0.6705260437858839,7,0.7174509534582605,7,0.010284327674048245,0.7086345524536701,7,0.010715027232321608,0.7260359838736422,7,0.01090820181045759,17
14,4,4,0.783467922090882,6,0.7745249245879179,4,0.7226581157246545,3,0.7461775490574473,4,0.011482362890986848,0.7432519843698564,4,0.011486813891599936,0.7461775490574473,4,0.011460693108722443,17
14,4,7,0.7753006736876834,10,0.7780417440087347,7,0.783467922090882,6,0.7924963517517376,7,0.00950608897580646,0.7917363775606715,7,0.009502764136287409,0.79081179734703,7,0.009495997128022689,17
14,4,4,0.8223164808371628,6,0.7938372597730998,4,0.760337243119417,3,0.7994613442791295,4,0.00939884514113741,0.7962296094592747,4,0.009345009540754848,0.7962296094592747,4,0.00929752193849781,17
14,4,7,0.8004256828685807,10,0.8088437971340187,7,0.8223164808371628,6,0.8073948859874552,7,0.00848917463619105,0.8113258177240915,7,0.008433549009336096,0.8073948859874552,7,0.00837190889417296,17
14,4,4,0.8300209073325869,6,0.848280532911614,4,0.7825587650695799,2,0.8462459929568787,4,0.013412399274478341,0.8414417484215091,4,0.013490668001658105,0.7279726764529632,4,0.031192670338502333,17
14,4,7,0.8628896801116307,8,0.8553433053148901,7,0.8300209073325869,6,0.8524031722173036,7,0.009983508782849546,0.8663602350828589,7,0.009799704913598307,0.823471315341949,7,0.014352766037975632,17
14,4,4,0.7713626537880885,5,0.7797520663838426,4,0.6830011673831802,3,0.7634296482271771,4,0.01052375001084906,0.7611325006579704,4,0.010445931778072874,0.7731301377368963,4,0.009421625230398158,17
14,4,7,0.8280458082413825,8,0.8033871674698009,7,0.7713626537880885,5,0.8329261433654613,7,0.00718909195082783,0.8241867000253157,7,0.007019736154637677,0.8183222749371941,7,0.00730960168752009,17
14,4,4,0.8084098059930064,5,0.8066543633581709,4,0.7360958333526673,3,0.7908680865625689,4,0.009705810222533544,0.8025754411542722,4,0.009697975992342393,0.7910746389911933,4,0.010552933624548438,17
14,4,7,0.7999431215610209,8,0.8020842095180541,7,0.8084098059930064,5,0.8167494046895059,7,0.008578069567377725,0.8185445795066015,7,0.008659262988084334,0.8167494046895059,7,0.008547442650409165,17
14,4,4,0.8047005804061532,5,0.8073224147221315,4,0.7716306646357817,4,0.7971700305540251,4,0.009292036017754128,0.8013915833164584,4,0.009174694658419958,0.7971700305540251,4,0.009175996712284843,17
14,4,7,0.8156054650914041,9,0.8018467733958677,7,0.8047005804061532,5,0.7865966622167051,7,0.008882560745045242,0.7954695552766365,7,0.008736456909463251,0.7865966622167051,7,0.008718820574362662,17
14,4,4,0.7168470659326656,4,0.7168470659326656,4,0.6530094086906949,2,0.7187253576856946,4,0.013611972313726645,0.7225636164967602,4,0.013717191333679088,0.7702938791803409,4,0.010965458178758696,17
14,4,7,0.820577181922567,7,0.820577181922567,7,0.7168470659326656,4,0.810147049731861,7,0.008306524839136725,0.8212641508175382,7,0.008249002501767601,0.8073286293722064,7,0.00874857157542358,17
14,4,4,0.8310036037318789,5,0.8122011989960164,4,0.7782856750397386,3,0.8141160404363164,4,0.01954357138074247,0.809719198548275,4,0.01912115278476055,0.8141160404363164,4,0.01881885424868591,18
14,4,7,0.8750654178855994,9,0.8838959015767315,7,0.8310036037318789,5,0.8480567587232308,7,0.015229158820688461,0.848219651671671,7,0.013894619930320639,0.8480567587232308,7,0.01405330629605808,18
14,4,4,0.77981054141527,5,0.7631952200657864,4,0.7553505409950265,2,0.7538246835338438,4,0.014428957671661819,0.7547770084743352,4,0.01458056079513383,0.7742640622760394,4,0.015017777055303676,18
14,4,7,0.7976350697749698,9,0.8005689910570735,7,0.77981054141527,5,0.7791345226657005,7,0.010458686412557903,0.7917121297817449,7,0.010041966492003545,0.7923730921543786,7,0.00996798045479975,18
14,4,4,0.7425175635989925,6,0.7224874012176904,4,0.6582173011974239,3,0.7450933308187352,4,0.015473632856007825,0.7450933308187352,4,0.015350498554825938,0.7183883969967686,4,0.01850189045692317,18
14,4,7,0.737767788063058,10,0.7481480021100343,7,0.7425175635989925,6,0.7392082527733329,7,0.013775340930807048,0.746402048619415,7,0.013661587220059529,0.7413259521327694,7,0.013685809393200929,18
14,4,4,0.7260137766603434,6,0.7100401675976836,4,0.6953097499097418,3,0.7242798031473877,4,0.012326473623975895,0.7290429125046393,4,0.012917485494039113,0.7413875091570782,4,0.011989690326275731,18
14,4,7,0.7463079237987382,10,0.745698236612905,7,0.7260137766603434,6,0.7377690663371522,7,0.011080237861947536,0.7404069054848833,7,0.011527391352982499,0.765131283295065,7,0.011407687080756974,18
14,4,4,0.7843861538355755,5,0.8048085199994177,4,0.7786214789505825,3,0.8011944420550923,4,0.015368856772040265,0.8011944420550923,4,0.015342735493865722,0.8045965456205242,4,0.016378860972956252,18
14,4,7,0.8162491988515174,9,0.7999518848968121,7,0.7843861538355755,5,0.8269808827276832,7,0.013569431051996766,0.8199293550924471,7,0.01361884314838846,0.8269588533288476,7,0.013553687330896931,18
14,4,4,0.8163418115524111,7,0.8175517218460628,4,0.8341877884633097,3,0.795544438015583,4,0.0201768709059453,0.7844390980224176,4,0.019411831289990817,0.7934881923143754,4,0.025747702300527562,18
14,4,7,0.8173531760107449,10,0.8209946357799612,7,0.8163418115524111,7,0.8192510813298588,7,0.019843139804478434,0.8085644323526547,7,0.01911377429002284,0.8282390136363001,7,0.018915946793044505,18
14,4,4,0.7507325728541605,7,0.7444723630731302,4,0.7357901165502154,3,0.7548114493637209,4,0.015461044662756612,0.7508819996062294,4,0.015957494344289204,0.7605279499192088,4,0.015079606902094107,18
14,4,7,0.757959110192645,10,0.7516848338727128,7,0.7507325728541605,7,0.7453417858677973,7,0.015273922867966748,0.7523800305740824,7,0.015830880966170385,0.7423290876561586,7,0.015183487066331398,18
14,4,4,0.7562605295659163,5,0.7590613021363609,4,0.640065166523895,3,0.7631485826313482,4,0.01061587554852213,0.7631485826313482,4,0.010527545108533582,0.7631485826313482,4,0.01056122819223299,18
14,4,7,0.7523793379097278,8,0.7475695470244916,7,0.7562605295659163,5,0.7662250317445963,7,0.010218006187649946,0.7720025873857371,7,0.010166582416989945,0.7531950999974394,7,0.010209921533411541,18
14,4,4,0.7813337487853399,6,0.7179883239703657,4,0.7738380594749003,4,0.8048680363992966,4,0.015459928838689976,0.8048680363992966,4,0.015190550251550944,0.759901937695322,4,0.01549462438676625,19
14,4,7,0.8093843141837804,10,0.8154132245070291,7,0.7813337487853399,6,0.819303468793414,7,0.012525873612421995,0.8129800324503003,7,0.012212599770224188,0.8019658934817253,7,0.013861508131765312,19
14,4,4,0.715656469663742,7,0.7222916680307943,4,0.685990883001442,4,0.7359085518799126,4,0.012847726522253302,0.7285693262014715,4,0.01283413870700524,0.6419805006992245,4,0.014917954693099296,19
14,4,7,0.7389619248520801,11,0.7452149306641117,7,0.715656469663742,7,0.7341215169155674,7,0.011426155710778095,0.7475380859497286,7,0.011513284869021095,0.7520675627226882,7,0.011120400026926316,19
14,4,4,0.8302232552806055,5,0.8416346440362462,4,0.8130804942188655,2,0.8314683514262265,4,0.0187001970050029,0.7996124748360112,4,0.01731210240520673,0.5223895392602206,4,0.056429454566231406,19
14,4,7,0.8435923881378458,10,0.8365459081590076,7,0.8302232552806055,5,0.8337853018599637,7,0.018053765052393284,0.8165120150949121,7,0.016782907335813592,0.8356689219366038,7,0.017345967135617514,19
14,4,4,0.8201129223994722,5,0.8206044496175665,4,0.7989101076157944,4,0.8237883930380101,4,0.012513945507014616,0.8208638728512992,4,0.012924898598096616,0.7350829856064963,4,0.018650954281779996,19
14,4,7,0.8153157806607423,9,0.8005192260685636,7,0.8201129223994722,5,0.8264519246571683,7,0.01138011712485246,0.8181109038007203,7,0.011893840835733275,0.7806706457848906,7,0.013280758376213838,19
14,4,4,0.752969776971893,7,0.757095641210667,4,0.7206425484935146,4,0.7782633463102826,4,0.010937210629986498,0.7752542650787134,4,0.010985118319601394,0.7782633463102826,4,0.010878993120061218,19
14,4,7,0.7651514738376181,12,0.7569505562292488,7,0.752969776971893,7,0.7486881509408484,7,0.009484540427229005,0.7510515294589375,7,0.009516466188878463,0.7670545021707544,7,0.01041439643520022,19
14,4,4,0.7002305738604688,7,0.6849831252192035,4,0.6997257288767719,4,0.7319218419516237,4,0.012958449867012143,0.7287017105729363,4,0.012899147596339783,0.7513311409540324,4,0.01321707889074996,19
14,4,7,0.6991355030967309,9,0.6905070828347115,7,0.7002305738604688,7,0.751228679288982,7,0.012647001894406366,0.7522622054151349,7,0.01256924627407609,0.7453871547648,7,0.01256516856887076,19
14,4,4,0.6414287493803913,7,0.6372557550147248,4,0.6621164129442486,3,0.7003080088989139,4,0.016770531775003115,0.703000685098141,4,0.016698550155962673,0.7003080088989139,4,0.016724713032265106,19
14,4,7,0.6849918359203625,10,0.6591196402453684,7,0.6414287493803913,7,0.734151235775833,7,0.013232752337238926,0.7287279540428927,7,0.013065631868576429,0.7098604264925453,7,0.013327242947399742,19
14,4,4,0.7048560536873594,5,0.7091093030890616,4,0.6831644137810918,4,0.6865757745082333,4,0.011042297107990847,0.6913452078045405,4,0.011036058070149386,0.6865757745082333,4,0.011047293743426678,19
14,4,7,0.7358127895596879,11,0.7060370549343145,7,0.7048560536873594,5,0.6906619224388997,7,0.01049949596803019,0.6824188806424912,7,0.01057281117664141,0.6979537867760202,7,0.010525298230287822,19
14,5,4,0.7956361704155264,6,0.8103527056307008,4,0.7896569951336097,3,0.8079812527749558,4,0.01655611067997805,0.8025894165828876,4,0.015755354715609078,0.8018502773905377,4,0.016944332240620003,0
14,5,7,0.7942436000163956,10,0.7907756066705662,7,0.7956361704155264,6,0.8108708706269891,7,0.015637508073053915,0.8115402542732576,7,0.014750594675171551,0.8355534427386849,7,0.015263328715588963,0
14,5,4,0.7939527388750502,7,0.737140115550243,4,0.7665466573509212,4,0.7825606399066585,4,0.013065464125897864,0.7785501958528626,4,0.013019945992385411,0.7825606399066585,4,0.012959586320826468,0
14,5,7,0.7937268418811703,10,0.8023608367394048,7,0.7939527388750502,7,0.762564766802743,7,0.010921555480292597,0.7604551005896485,7,0.011026103507120966,0.762564766802743,7,0.010863563383950291,0
14,5,4,0.8203118429767589,7,0.819008981457109,4,0.8298621600693813,4,0.8314657176464505,4,0.011243164367776639,0.8455200493587871,4,0.010754068516459395,0.8344570204004236,4,0.014217390875105759,0
14,5,7,0.8130002053611171,10,0.8229310455747226,7,0.8203118429767589,7,0.8315594507571662,7,0.010233800993865524,0.829220308619086,7,0.010165271773608861,0.8437151754073186,7,0.01079233683717481,0
14,5,4,0.7981090458867036,6,0.8141928657053297,4,0.7793868534278057,3,0.8196877258260101,4,0.015547803865057901,0.818043960928936,4,0.015064280434131891,0.8196877258260101,4,0.015099794718943868,0
14,5,7,0.8761287985387742,10,0.8595750351428876,7,0.7981090458867036,6,0.8660245175697137,7,0.011894920554877286,0.8673650978040918,7,0.011333892194754456,0.8601148058966979,7,0.011043912789475412,0
14,5,4,0.7503629480034925,5,0.7401922568623268,4,0.749231777317162,3,0.7438098772289508,4,0.008431990595080771,0.7438098772289508,4,0.008830296846947246,0.7052060917252502,4,0.011357148459677712,0
14,5,7,0.7612584537743514,10,0.767696337212844,7,0.7503629480034925,5,0.7787897049495281,7,0.008167519078804614,0.7819018330864215,7,0.008506541550396327,0.7453476826426645,7,0.00794646730061194,0
14,5,4,0.7248320822586806,8,0.7096139360039574,4,0.683145591261599,4,0.6976824755562766,4,0.02152106975294072,0.7242535020196857,4,0.02084169675326322,0.7470488224287145,4,0.020875464727034727,0
14,5,7,0.7650851975410863,10,0.7309087790182901,7,0.7248320822586806,8,0.7227334074103822,7,0.017797822545238134,0.736025947273844,7,0.018150107443983304,0.7278058595639482,7,0.01979735318234995,0
14,5,4,0.7065664293057475,5,0.7079251260197683,4,0.7079835304971641,3,0.7278067414690078,4,0.018870606648323046,0.7242668356994154,4,0.0188841116721036,0.6951305083153692,4,0.02393198201207426,0
14,5,7,0.7495853813961724,9,0.7385696481052695,7,0.7065664293057475,5,0.730383969751125,7,0.017305654957757943,0.730383969751125,7,0.017099914007485135,0.7402454826272079,7,0.0169453095341425,0
14,5,4,0.7128663685380727,6,0.7612127885645827,4,0.77093817755471,3,0.8121595837178127,4,0.018898301112844643,0.7821727685553235,4,0.019679022915293703,0.7668682337699841,4,0.0198091334793095,0
14,5,7,0.7796486343733149,10,0.7817155080381489,7,0.7128663685380727,6,0.8018350476560847,7,0.017219032420067785,0.7995550517329602,7,0.01683042916610775,0.7563713078539056,7,0.019236257564605164,0
14,5,4,0.7942503284389981,7,0.7557736364915947,4,0.699243803091479,4,0.7306255967648421,4,0.0073612090343194445,0.7306255967648421,4,0.00737800168665632,0.7155274783083714,4,0.009962815970763384,1
14,5,7,0.8334658800534808,10,0.7691977061472355,7,0.7942503284389981,7,0.8150645852183409,7,0.006272635130179591,0.8174887480626382,7,0.006260101566264789,0.737959684801892,7,0.00834953109011435,1
14,5,4,0.7992403712628194,5,0.7875636652880813,4,0.8002697385471762,3,0.8137191716198053,4,0.013904333121682034,0.814620268186225,4,0.014080146919977273,0.8137191716198053,4,0.01356613697688584,1
14,5,7,0.8259757841754619,10,0.8205384095783358,7,0.7992403712628194,5,0.8115037471326989,7,0.012819215443678325,0.8175688780119524,7,0.012765989137473685,0.8158938092940681,7,0.01197793858060369,1
14,5,4,0.7353269393765888,5,0.7599506984240109,4,0.7197119157345179,3,0.7671317213290071,4,0.01496644126377541,0.7699267374037962,4,0.015033720788559366,0.6931258991173503,4,0.021494588873649093,1
14,5,7,0.8015179693906567,9,0.7769045789369952,7,0.7353269393765888,5,0.7933408045510809,7,0.011821901237749236,0.797665900909757,7,0.012050635257455172,0.7470403193022016,7,0.015962981160528914,1
14,5,4,0.7075586936062398,6,0.6486319874173602,4,0.6468941353393912,4,0.682844080099448,4,0.016878672649329858,0.6815785939735104,4,0.017349671181858456,0.6857969710842169,4,0.01685464992584288,1
14,5,7,0.7715762289644618,12,0.7138773134862497,7,0.7075586936062398,6,0.7018781531801996,7,0.014722569194265124,0.6939830835659963,7,0.015139062411652112,0.7017005024927584,7,0.013363439593283582,1
14,5,4,0.7168718815443336,5,0.7458670152429852,4,0.6395762316142032,3,0.7458670152429852,4,0.014442746174010822,0.6952540164019172,4,0.015962358623114615,0.6319531078178859,4,0.020990017108739382,1
14,5,7,0.7532737701017538,10,0.7433600259138342,7,0.7168718815443336,5,0.7758478710256472,7,0.011475891448929345,0.7676337947482538,7,0.011325091713849713,0.735465553585762,7,0.013912714785362254,1
14,5,4,0.79103800360311,6,0.8046731277250653,4,0.7887833990314512,3,0.795780313500398,4,0.018492837384580078,0.8076850105857651,4,0.016463784373990493,0.8148786933805745,4,0.02130044238263525,1
14,5,7,0.7791265008859737,10,0.8074469055587,7,0.79103800360311,6,0.8077678848763573,7,0.016083335482463434,0.7976649474891392,7,0.01642783878573119,0.7957531037623836,7,0.01633755179307487,1
14,5,4,0.7972866048021465,6,0.7656620001661621,4,0.7523568170581993,3,0.7785019879580523,4,0.02228639719802925,0.7919844329380813,4,0.02362303931474341,0.7519825331110185,4,0.025141703251664385,1
14,5,7,0.8414978491507655,9,0.8132837925565378,7,0.7972866048021465,6,0.8342640317302409,7,0.017241519001858375,0.8364952569712619,7,0.017995050734399713,0.745895653011412,7,0.024954655629117993,1
14,5,4,0.7734451580872634,6,0.795250642886039,4,0.6906304934177231,4,0.7863831793912125,4,0.010740092960709395,0.8018852345450602,4,0.010739258700310905,0.7863831793912125,4,0.010719108145626498,1
14,5,7,0.7944380607096309,9,0.790621603154759,7,0.7734451580872634,6,0.7874196474510469,7,0.010381049154576818,0.7840402905509487,7,0.010466617999261912,0.7874196474510469,7,0.010339083704727517,1
14,5,4,0.7689975641636189,5,0.7633314199970213,4,0.7144554598656602,4,0.7535226126465135,4,0.0126790865197073,0.7710278175461999,4,0.011872889498654648,0.7778114225400069,4,0.011839288398473532,2
14,5,7,0.8029205831929824,9,0.7840305123856922,7,0.7689975641636189,5,0.7968947359460303,7,0.010279968185025964,0.7968947359460303,7,0.010258995406935074,0.8184486258377678,7,0.010067872748208815,2
14,5,4,0.7805195730796446,6,0.8038407534948105,4,0.7697245357335621,2,0.8098120581688114,4,0.016883295238337672,0.816847411091893,4,0.0173484633625693,0.7866170337794218,4,0.01589070988919013,2
14,5,7,0.7872047247783477,9,0.816554388863705,7,0.7805195730796446,6,0.7886096463774561,7,0.01582069785952601,0.7909248573800278,7,0.015536095847223095,0.7925220456849597,7,0.015381044966122677,2
14,5,4,0.813874996543761,6,0.8087213680588499,4,0.8055029586740208,3,0.8028656135415829,4,0.019783637726229313,0.8066300904807531,4,0.01910839429966407,0.8062756097298941,4,0.0205485318920924,2
14,5,7,0.816512922796741,10,0.824324461020127,7,0.813874996543761,6,0.7929700191284992,7,0.01787144250323453,0.7978417083246083,7,0.017331490127381246,0.8029338281727644,7,0.01693346097104746,2
14,5,4,0.777018384614105,7,0.7377493886201766,4,0.6716006720889272,3,0.7149094203971216,4,0.016238540340836348,0.7092661118574292,4,0.016386605771917417,0.7366005863528213,4,0.01649408275129506,2
14,5,7,0.7909905854613639,8,0.7861189759169711,7,0.777018384614105,7,0.7995849478119071,7,0.010819507799257142,0.7962575101703269,7,0.010851334925008987,0.7672417104204793,7,0.013184993016239393,2
14,5,4,0.8354321117062922,6,0.795402780190296,4,0.8033689274451612,4,0.8143424477203595,4,0.012575122866670431,0.8054852176682517,4,0.012550704142541176,0.7732177387029872,4,0.02049626827134102,2
14,5,7,0.8293233771670243,9,0.8395969937395842,7,0.8354321117062922,6,0.8563925500609787,7,0.008190414581798892,0.8494382749943338,7,0.008038620994799881,0.8304420575438103,7,0.009956652865528198,2
14,5,4,0.8142144164645104,6,0.8020652233014789,4,0.7672526396554382,3,0.7715272816153841,4,0.01496541214907482,0.7715272816153841,4,0.014651580853048423,0.7715272816153841,4,0.014767631826946223,2
14,5,7,0.8414210256367599,9,0.8099345401979565,7,0.8142144164645104,6,0.8209518830146326,7,0.01341244296164572,0.8243761601082079,7,0.013066391722914485,0.8218283813210353,7,0.01271458049789625,2
14,5,4,0.7738871932646064,5,0.7879708592046156,4,0.7653987654540065,4,0.7524526469783265,4,0.01368142734719305,0.747219842077089,4,0.013977996695192063,0.7593453608763118,4,0.015642562421363842,2
14,5,7,0.8116233926442942,8,0.8064567896353321,7,0.7738871932646064,5,0.7999494434798851,7,0.012545476814713406,0.8046558195441301,7,0.012503142188371726,0.7785279523715886,7,0.013198736011892892,2
14,5,4,0.8039061532858819,5,0.7598522420625337,4,0.7208543302125532,3,0.820577961765587,4,0.014204913136505688,0.824522920047636,4,0.013788339062839664,0.7660471698193793,4,0.02075214110203568,2
14,5,7,0.8363223010322619,9,0.8433253456946229,7,0.8039061532858819,5,0.8583363034803401,7,0.012345008015038484,0.8677879133460754,7,0.011803836055825318,0.8592496929142374,7,0.01214387041728447,2
14,5,4,0.7510862744107903,6,0.7587793897118584,4,0.7662870685645375,2,0.792271468271633,4,0.022090635289800518,0.7969687485268864,4,0.022615633872820264,0.7757296453011956,4,0.023812935785986238,3
14,5,7,0.7524475955192066,10,0.7631929838378422,7,0.7510862744107903,6,0.7520114816008611,7,0.02266267663879852,0.7491915446473709,7,0.023830533308270258,0.7499357364256536,7,0.024570561991977564,3
14,5,4,0.7108050535447173,6,0.7416046606617285,4,0.7134285966847072,4,0.7406441125723887,4,0.014589410100345781,0.7406441125723887,4,0.014679104401185092,0.6910589305527243,4,0.016876247238544258,3
14,5,7,0.7389463413053045,10,0.7777664341423826,7,0.7108050535447173,6,0.7502458733790597,7,0.012256292901481423,0.7475272150902166,7,0.012277597169702358,0.7502458733790597,7,0.012269135446642898,3
14,5,4,0.7544069002591285,6,0.7434883478968399,4,0.7414178384201618,3,0.785239865841911,4,0.012911589471350708,0.785239865841911,4,0.012746094826792455,0.7616413272706624,4,0.013429061450903616,3
14,5,7,0.7404887821838394,12,0.7434163538515399,7,0.7544069002591285,6,0.7709394376714999,7,0.011411305419335237,0.7552950820431524,7,0.01173663974488454,0.7785154337818588,7,0.011053741484998823,3
14,5,4,0.7323092698211111,8,0.7027212794140444,4,0.6853605750524074,4,0.7183412822911351,4,0.014604224419766013,0.7159211549337416,4,0.014890393536107412,0.7231308644335153,4,0.015185621849255556,3
14,5,7,0.732837222681854,11,0.7295211809121919,7,0.7323092698211111,8,0.7464599325221378,7,0.012846678029835253,0.7432902114656111,7,0.013101098905996112,0.7215234151912576,7,0.014282833109299209,3
14,5,4,0.8044522425491641,6,0.8172473982273374,4,0.7850331476480917,3,0.8208535753650958,4,0.011614814439753112,0.8218607495650198,4,0.01133339521946349,0.7693385062742497,4,0.013165237272940949,3
14,5,7,0.8302115827531429,9,0.8301451604795385,7,0.8044522425491641,6,0.8571172293060879,7,0.009747702551819906,0.8571172293060879,7,0.00947353320358412,0.8318969571883279,7,0.009934367300312458,3
14,5,4,0.8522491963419402,6,0.8245449950280446,4,0.8068519553231808,3,0.8292511529750194,4,0.01866808797975565,0.8318304401287878,4,0.019164307234625647,0.7399845266551038,4,0.030010561799149113,3
14,5,7,0.8691807673253196,8,0.857582470699322,7,0.8522491963419402,6,0.867853589376966,7,0.01405181251043557,0.8725663329841201,7,0.015143715617780088,0.8629731833872124,7,0.01690510226413788,3
14,5,4,0.7444269063343445,6,0.7325381931313226,4,0.7238311595435394,3,0.7284849571995415,4,0.014576297287914526,0.7277274907721485,4,0.014570299113213152,0.7284849571995415,4,0.014464747525412922,3
14,5,7,0.7352047161916103,8,0.7269173952300795,7,0.7444269063343445,6,0.7564266554906801,7,0.01475289277125234,0.7721354358337319,7,0.014418016629399651,0.7493392515641911,7,0.014655313065019736,3
14,5,4,0.7524903667046726,6,0.7457354200992005,4,0.753259341538351,3,0.7848598300883315,4,0.017721748124225792,0.7824545529922454,4,0.017486927344729754,0.7210716970899266,4,0.018021951092203562,3
14,5,7,0.7554960453349869,9,0.7651105340397103,7,0.7524903667046726,6,0.7463616016478541,7,0.016632753188410235,0.7459793684378542,7,0.016692093904393544,0.7674904296995225,7,0.01657136852860777,3
14,5,4,0.7384915472194851,7,0.6690318810018351,4,0.6818787916727911,4,0.7139918549462221,4,0.014094233971672457,0.7229829818331622,4,0.01435710162585425,0.718721821191202,4,0.013970288273637386,4
14,5,7,0.7314515972715288,11,0.7408470042696709,7,0.7384915472194851,7,0.7230504859178276,7,0.013120076190540177,0.7279171823976056,7,0.013521452960893333,0.7137144152879061,7,0.014164636052238944,4
14,5,4,0.7075061769363347,6,0.734094683692935,4,0.7069013582526049,3,0.719651898349712,4,0.012158186357883663,0.7168339930795447,4,0.012157062395555336,0.719651898349712,4,0.01211935498775332,4
14,5,7,0.7286521825123847,9,0.738072354316866,7,0.7075061769363347,6,0.7442128552988544,7,0.01079320684795375,0.7442128552988544,7,0.010758623291376525,0.7442128552988544,7,0.010762437122225616,4
14,5,4,0.6315983276910337,7,0.6219090339731409,4,0.6111539336694576,3,0.64875885937681,4,0.012667094411881291,0.6479395001427096,4,0.013055118621565626,0.6403249525061485,4,0.011632281466856294,4
14,5,7,0.6680413381046924,11,0.6711877722888596,7,0.6315983276910337,7,0.6604406017229074,7,0.011259047880452322,0.6509289170263661,7,0.011660827005596152,0.665795989647321,7,0.011396911477276561,4
14,5,4,0.7683933899149307,6,0.7693517429611205,4,0.7609530912393183,4,0.7693517429611205,4,0.014190982748314441,0.7668800854476989,4,0.014722805585914494,0.76375363021537,4,0.017348339012611402,4
14,5,7,0.8189566147208269,8,0.8036811425401099,7,0.7683933899149307,6,0.8067988561163802,7,0.011695361145695781,0.8077192009585671,7,0.012291033349792375,0.7797121726875421,7,0.013273553544623114,4
14,5,4,0.6210701685501959,6,0.6146371673293939,4,0.5837232224692956,3,0.6622741117446052,4,0.012653464144684554,0.6537407010781885,4,0.012759656077747868,0.597641114504996,4,0.01345174025688397,4
14,5,7,0.6907962845331359,10,0.673253356803584,7,0.6210701685501959,6,0.6573388652454012,7,0.011539717497444011,0.6510928153645493,7,0.011602066143907012,0.6824191188832446,7,0.011666023652947687,4
14,5,4,0.8752823772145795,6,0.8492569809310803,4,0.8631614012003822,3,0.8616811716918359,4,0.013334988815941255,0.858670045885701,4,0.0135261412659273,0.8704960332581111,4,0.01693960620850332,4
14,5,7,0.8804522219332169,9,0.8839161066172015,7,0.8752823772145795,6,0.876298094401091,7,0.010672508980697321,0.8682059124635639,7,0.010767259246687234,0.8682751661147872,7,0.010888039114132633,4
14,5,4,0.8608939368865032,7,0.8438176207162711,4,0.860923815344622,4,0.8575464320479939,4,0.011174973051177074,0.8457187944167096,4,0.011042940129012243,0.8389211255016704,4,0.013416062921950729,4
14,5,7,0.8784923569043661,9,0.8927215164700862,7,0.8608939368865032,7,0.8904141150080435,7,0.007986818706824411,0.8886380377975158,7,0.007837178744640466,0.8571967721498491,7,0.009088598662535332,4
14,5,4,0.7790270773078642,6,0.7730653096251018,4,0.747153064572899,3,0.7987372468161533,4,0.014872571655365277,0.7977281887709077,4,0.014913250357175922,0.7581087353708256,4,0.020489312325202094,4
14,5,7,0.826722842389666,9,0.81815809968067,7,0.7790270773078642,6,0.813840988008456,7,0.012232601972743996,0.8215322244529282,7,0.012427042369324558,0.783278074562996,7,0.013476138915158318,4
14,5,4,0.8114165865706845,6,0.7971862425190073,4,0.8033011838798071,3,0.8117049356200035,4,0.01222170457964715,0.7950655731268921,4,0.012844809710682876,0.8023565279197314,4,0.012624866570745403,5
14,5,7,0.8063543392702776,10,0.8037009544953841,7,0.8114165865706845,6,0.8109705003995871,7,0.011966784977581177,0.8160739921027613,7,0.01202036574656612,0.7998893017353707,7,0.012148279202201873,5
14,5,4,0.7873247069476346,6,0.7735106879474855,4,0.7519424603097796,3,0.787272535422201,4,0.018027053909773688,0.7891383842461868,4,0.0177044513021587,0.7904154983584776,4,0.021929817257370136,5
14,5,7,0.7966482714653702,11,0.7809910653383524,7,0.7873247069476346,6,0.7979304743935044,7,0.017187535371999647,0.7930298017836905,7,0.01690619018716206,0.7817947961558966,7,0.01708462730985136,5
14,5,4,0.8418899957993246,6,0.8320057552284197,4,0.8352910177050034,3,0.8333317358946197,4,0.016635636041539417,0.8256212708418312,4,0.016089865473051565,0.7995096546334802,4,0.021056841308714287,5
14,5,7,0.8436062813272394,10,0.8298424830766815,7,0.8418899957993246,6,0.8426748223997697,7,0.015019676069035362,0.8426748223997697,7,0.014544028924905781,0.8194142099975712,7,0.015737295316057272,5
14,5,4,0.7296732107883623,6,0.7188339341981155,4,0.7119727753958461,3,0.7209030173511878,4,0.014181982994833297,0.7336844876542679,4,0.0143915810965077,0.7190867499918974,4,0.01460377289446886,5
14,5,7,0.7201886573112242,9,0.7167600520391404,7,0.7296732107883623,6,0.7439433683455331,7,0.013150377674823986,0.7379107940804327,7,0.01324920907251285,0.7439433683455331,7,0.013010852190087734,5
14,5,4,0.7212561165201742,6,0.7104634106592371,4,0.6238099925020003,3,0.6817097628323541,4,0.010772585095920356,0.6814148602806975,4,0.01081919796007632,0.6505845174185537,4,0.01221029846910303,5
14,5,7,0.718155056632916,10,0.7169385145685772,7,0.7212561165201742,6,0.7527613666565068,7,0.009344400690324437,0.7556083606334959,7,0.009285455789794863,0.7527613666565068,7,0.009314362652927255,5
14,5,4,0.6943968084037905,8,0.6855348707292953,4,0.6974069348557662,4,0.6827780767803542,4,0.013545986089699489,0.6854004734212059,4,0.013601406395998012,0.6745568229598314,4,0.012744777912339118,5
14,5,7,0.6965622597884874,11,0.6738053522221803,7,0.6943968084037905,8,0.6871000019270828,7,0.011806182565141456,0.6943777988119957,7,0.011830426553344249,0.7043888695800332,7,0.011542796043378784,5
14,5,4,0.793899115615286,6,0.7305430781654082,4,0.7650473723932463,3,0.7920833528042668,4,0.015456634378739556,0.790125938232828,4,0.015139701600088545,0.7920833528042668,4,0.015199378484260862,5
14,5,7,0.8148489920991974,10,0.7656555502573391,7,0.793899115615286,6,0.8180985743515846,7,0.013436160569832888,0.8160484127016813,7,0.01291621983867691,0.8180985743515846,7,0.013168395168996013,5
14,5,4,0.717248470297265,6,0.67854967527691,4,0.7425866268956479,3,0.7009138362078117,4,0.01586612819977924,0.7023064555254089,4,0.01614513392315978,0.7212357305590184,4,0.015836006604290378,5
14,5,7,0.7235336573031496,10,0.7130952487597275,7,0.717248470297265,6,0.7186856932674693,7,0.01474151422055334,0.7183298158445628,7,0.015007788726489071,0.7142723863643851,7,0.014966784071778042,5
14,5,4,0.7986234726487699,5,0.8136639323479585,4,0.7585213874124045,3,0.8035823676324982,4,0.021177168824059518,0.7469800716282889,4,0.025401561435784384,0.7625466946805728,4,0.033144809966729846,6
14,5,7,0.8479482980703977,9,0.8613869253897183,7,0.7986234726487699,5,0.8253443149212382,7,0.016492222075479776,0.8521326809795348,7,0.015076530639415739,0.8320194566161816,7,0.016206151279900823,6
14,5,4,0.7177534377617987,6,0.7253188968911297,4,0.6267639037052921,4,0.6906448331285852,4,0.014672110149822058,0.6931050727250964,4,0.01474900875804008,0.6800569767568585,4,0.015999209714103797,6
14,5,7,0.7265551302187699,9,0.7060490506380742,7,0.7177534377617987,6,0.6961891760025599,7,0.014173280047292347,0.6977664873776117,7,0.014269311539299804,0.7175068114985649,7,0.014327290172959431,6
14,5,4,0.7002545164211803,6,0.7146266162841418,4,0.6658408347232567,4,0.7130230738291659,4,0.0097050936540218,0.7108460405122211,4,0.009706229876735794,0.7130230738291659,4,0.009672726680115307,6
14,5,7,0.6995243811928054,11,0.7015673175015275,7,0.7002545164211803,6,0.714544620522779,7,0.008599055887819744,0.7125777317694282,7,0.008614552390109042,0.714544620522779,7,0.008578724071839593,6
14,5,4,0.710032116829634,6,0.7131913866204975,4,0.6547763851427928,4,0.7340622201766143,4,0.012299203969794704,0.7046076427658352,4,0.012599061418423445,0.7576826549283878,4,0.011413462346492771,6
14,5,7,0.760490116944968,10,0.7522307358578577,7,0.710032116829634,6,0.7691217682771677,7,0.010681482652805573,0.7634744664036786,7,0.010845170577016302,0.7246052059701136,7,0.010941714514088749,6
14,5,4,0.8136733229700125,6,0.8297845750381798,4,0.7561863352749022,2,0.8247081694607328,4,0.02252966039446249,0.8228793572832878,4,0.021544700764654808,0.7873439668917036,4,0.026354033105932016,6
14,5,7,0.8284817858903732,9,0.8385094624029085,7,0.8136733229700125,6,0.8220700639665641,7,0.021544408051886645,0.8221640549036091,7,0.020885666024590844,0.843007171525854,7,0.020956318054314797,6
14,5,4,0.8000718990311503,5,0.7960720365473622,4,0.7227482473372653,4,0.7731680659169146,4,0.009803958070893022,0.7677784393159968,4,0.009687804733986142,0.7669913164021712,4,0.009757731023973261,6
14,5,7,0.8036141529756535,9,0.8162734582501959,7,0.8000718990311503,5,0.7925578149394863,7,0.008499624051626643,0.7939713748935775,7,0.0084020114148475,0.7986985543754499,7,0.008355834802187054,6
14,5,4,0.734135270657605,6,0.7983817905730718,4,0.7262284879461558,4,0.7728535386256445,4,0.018309051398042835,0.762086016106254,4,0.018328493489263162,0.7653601366989902,4,0.017998204928502123,6
14,5,7,0.7854544347799912,11,0.7961428221633412,7,0.734135270657605,6,0.7686634351609309,7,0.01835922902625049,0.7525452569214549,7,0.01842560543484396,0.7673569155620452,7,0.018062638881616334,6
14,5,4,0.7803251341071931,5,0.7466857177882539,4,0.7215515545796601,3,0.7582913130924122,4,0.008368352325897225,0.7583586040839866,4,0.008353259991398843,0.7246319271029019,4,0.010589915203826886,6
14,5,7,0.7959510216000054,10,0.7812887045808388,7,0.7803251341071931,5,0.7952996437109632,7,0.007239137473105624,0.7995620059657997,7,0.0073131120098269605,0.7828327537256455,7,0.00782787292149178,6
14,5,4,0.8150392107814984,6,0.8359817726704265,4,0.8039087985868709,3,0.825102243773645,4,0.015547749382332285,0.8318690622648625,4,0.015257796736612858,0.80415754354245,4,0.019737836006819734,7
14,5,7,0.8458787689598654,10,0.8478598050037828,7,0.8150392107814984,6,0.8369311513572156,7,0.014432587667239753,0.8291174580066173,7,0.0140571177249186,0.8493405105607446,7,0.01594572444643551,7
14,5,4,0.7790980645138145,6,0.7902003349270524,4,0.777426373037966,3,0.7774477875721504,4,0.013173256848717896,0.7799636986985926,4,0.013073757702673872,0.6928121581716382,4,0.01731698248799141,7
14,5,7,0.8000527772515078,11,0.8074287069713577,7,0.7790980645138145,6,0.8075941072180254,7,0.011698838548892886,0.7929285720225883,7,0.011646138405213443,0.7639312592037261,7,0.013795935864801346,7
14,5,4,0.8717413589189374,6,0.8739861255665932,4,0.8732038801111429,3,0.8781047251732839,4,0.014225181839834119,0.8801561392890959,4,0.014443683471523758,0.8825885800507383,4,0.0171394288955536,7
14,5,7,0.8757733616796515,12,0.8800859679804615,7,0.8717413589189374,6,0.8836627382226049,7,0.01215061168610492,0.8942616525448395,7,0.012116569432176419,0.8842114332848562,7,0.013483796210889173,7
14,5,4,0.8041474128734606,5,0.7999471238271983,4,0.7757179389582931,2,0.7861226590704239,4,0.01702353530289081,0.7861462256868277,4,0.01608531097698965,0.7960166291597577,4,0.01610100085249096,7
14,5,7,0.8248795656240071,10,0.8224004573602804,7,0.8041474128734606,5,0.8253815138099028,7,0.015225976887263728,0.8020982362456985,7,0.015988213263227725,0.8253815138099028,7,0.014647290962922499,7
14,5,4,0.7474475834084003,5,0.7322884220037207,4,0.7118005181890822,3,0.749606859477806,4,0.01751879600503499,0.7481717558192396,4,0.017543917857755942,0.749606859477806,4,0.017307195047806645,7
14,5,7,0.7498948427267094,9,0.7568911643304453,7,0.7474475834084003,5,0.7803599919167725,7,0.015186667464222897,0.7787618473825595,7,0.015316558642361412,0.7803599919167725,7,0.014964393158297574,7
14,5,4,0.7629982463502046,5,0.7571794943354716,4,0.6705119344320718,3,0.7419057846196004,4,0.015380728184977972,0.7312379821357853,4,0.016999418347065844,0.642588445705373,4,0.02064428321880663,7
14,5,7,0.7723944342120921,8,0.7747736075915952,7,0.7629982463502046,5,0.7457282464219077,7,0.015206184122546963,0.7691845500770301,7,0.014940083628480743,0.7293493880961271,7,0.016408770120525135,7
14,5,4,0.7287016986288387,6,0.7324161472135854,4,0.6811432191912085,3,0.7021944190494858,4,0.022945155433310178,0.7057258800778013,4,0.020833047332204126,0.7021944190494858,4,0.02289007240566386,7
14,5,7,0.7495715987952889,9,0.7478814287293758,7,0.7287016986288387,6,0.7378169417178627,7,0.019597084806658612,0.7318407878500182,7,0.019678812103255075,0.7250873133114272,7,0.01964299275244507,7
14,5,4,0.7170293066360199,6,0.7070785901605267,4,0.6569115141507856,3,0.7548365922235811,4,0.013237556353734015,0.7615475230716711,4,0.01359908383886105,0.7511580289693175,4,0.013137526673613098,7
14,5,7,0.7256390606432556,10,0.710574579748851,7,0.7170293066360199,6,0.7513721996754953,7,0.012416689544590355,0.7601781749011292,7,0.013260396126209656,0.7513721996754953,7,0.01224684370314773,7
14,5,4,0.756228961560709,5,0.7303600342076344,4,0.7298544954509284,3,0.7708339761730286,4,0.011560969328036921,0.7672949844915266,4,0.011305932596936887,0.7709624185933991,4,0.011411545689790992,8
14,5,7,0.7750454811831071,8,0.7815689190630843,7,0.756228961560709,5,0.7762303120045569,7,0.0108439076852316,0.7703497367660348,7,0.010545636501387868,0.7742567968746061,7,0.010714024456871687,8
14,5,4,0.7887858682931687,7,0.7778868246313551,4,0.7447415535971619,4,0.8188214631922911,4,0.013654587738797498,0.8188214631922911,4,0.013615825645039926,0.8219832392209406,4,0.013605518368253374,8
14,5,7,0.7996942505616046,10,0.8269934457232697,7,0.7887858682931687,7,0.8211866580536146,7,0.012558790210055567,0.8199410159881655,7,0.012829652619228858,0.8211866580536146,7,0.012487207779317775,8
14,5,4,0.7476063265211547,5,0.7485236295639967,4,0.7202863078651816,4,0.7608378425469811,4,0.01401300037904414,0.7521885646142903,4,0.014019311673452169,0.7575339442169163,4,0.015877717278017348,8
14,5,7,0.7433952903888561,8,0.7272198107451332,7,0.7476063265211547,5,0.7643909734581008,7,0.012832204664046283,0.7713192577404469,7,0.012876389326907317,0.7646280973747057,7,0.013249180054541593,8
14,5,4,0.7163854734796378,7,0.7232764185623141,4,0.7100448874511509,3,0.7335194420671952,4,0.012594637423949107,0.730459261181354,4,0.013029619902248723,0.7062134609500174,4,0.014164647744386829,8
14,5,7,0.7610758179434189,11,0.7354187513027364,7,0.7163854734796378,7,0.7470955954096502,7,0.012284091274154103,0.7426875005487352,7,0.012706973689000943,0.7575830571389944,7,0.011664815747249837,8
14,5,4,0.7425600901566428,6,0.748050705961405,4,0.7254146990577983,2,0.7935736653881615,4,0.015758013280552867,0.8047731958056263,4,0.016225202987378295,0.7962885058042315,4,0.015884899674154303,8
14,5,7,0.7676121877417842,9,0.7646208269806841,7,0.7425600901566428,6,0.8004181504571626,7,0.014600064067228514,0.7896064565941735,7,0.015128396474800687,0.79577320930758,7,0.015517718682793934,8
14,5,4,0.8439548295822024,5,0.8376363255852146,4,0.8374409415678736,3,0.8467125084526296,4,0.012326230373953362,0.8420434955441062,4,0.012064332287533213,0.8467125084526296,4,0.011928184346141749,8
14,5,7,0.8484814398654902,11,0.8553745240242038,7,0.8439548295822024,5,0.8569462975619333,7,0.010585161748221914,0.8619664311595585,7,0.010141258665216087,0.8569462975619333,7,0.010088308616104139,8
14,5,4,0.8635494986218677,5,0.8844697058287877,4,0.7854015244309742,2,0.8844697058287877,4,0.010385700349862205,0.893145802014029,4,0.009493060810928914,0.8881877333137335,4,0.009945206494132431,8
14,5,7,0.8830346945019528,8,0.8773390228367829,7,0.8635494986218677,5,0.8940762586987866,7,0.009505990548338304,0.8899122607083049,7,0.0087889684366487,0.8856144244909206,7,0.009102439654521356,8
14,5,4,0.6084551686384919,6,0.6043237568777801,4,0.6374704452183595,4,0.6354546402427034,4,0.011179269344600446,0.6381509167572369,4,0.011212564815540097,0.6173946662786995,4,0.011313739801647219,8
14,5,7,0.5808350193020785,10,0.5887625530283455,7,0.6084551686384919,6,0.638786420504515,7,0.011239425846134299,0.6404846953736106,7,0.01130206335271929,0.6580235636109203,7,0.010948345199782578,8
14,5,4,0.6673213245137952,7,0.6395006901614211,4,0.6546667413940532,4,0.6649477067338417,4,0.01780285825462578,0.6649477067338417,4,0.017903097448539417,0.6921400598029825,4,0.016961215488908058,9
14,5,7,0.7545577758827926,12,0.7647592430099879,7,0.6673213245137952,7,0.7378519954059318,7,0.013770192870547008,0.7401553151942634,7,0.013655133761990325,0.7378519954059318,7,0.013752774904278677,9
14,5,4,0.8174588137635023,6,0.7551157358581063,4,0.6904194328505435,4,0.7901547537771543,4,0.019544892725518192,0.7869453495232451,4,0.019336582102400666,0.7901547537771543,4,0.018829491619513833,9
14,5,7,0.8423627300874384,10,0.8334256258712651,7,0.8174588137635023,6,0.8172435664126962,7,0.01370990930057982,0.812232029694785,7,0.013771430494411872,0.8149147038860679,7,0.01338477533885154,9
14,5,4,0.7134272437895552,5,0.7278867033356583,4,0.7189618616425799,3,0.73549465454813,4,0.018141490247894156,0.7262167195517988,4,0.020390623834209694,0.752324803677749,4,0.016476098201985763,9
14,5,7,0.7668520146664469,10,0.7811361234481805,7,0.7134272437895552,5,0.7916508840089507,7,0.013917125096453592,0.784538057911844,7,0.015097337404485236,0.7711139504567599,7,0.016223848695251133,9
14,5,4,0.7822854042310149,6,0.7200848192997495,4,0.70786532960489,3,0.7725925846963521,4,0.016867062094569302,0.7658004043631381,4,0.01720471457869007,0.7126622532851811,4,0.021831704739846244,9
14,5,7,0.8078657908730917,9,0.8086341390555549,7,0.7822854042310149,6,0.799949128966582,7,0.014110596436792376,0.8056067354777899,7,0.014261691806003077,0.7796990867180732,7,0.014897654959948822,9
14,5,4,0.8092950355308084,6,0.7711846460862785,4,0.7549498919826042,3,0.762867337397585,4,0.010321788544722533,0.8096179005360092,4,0.009840225631394892,0.7618215616712696,4,0.012341782577677483,9
14,5,7,0.8031429669849881,9,0.8075264773517697,7,0.8092950355308084,6,0.8143609017141029,7,0.007440614185417021,0.8182450888182053,7,0.007537660267049806,0.8027541463158036,7,0.008718854643083238,9
14,5,4,0.8098665910399829,7,0.7360411858048097,4,0.6875782606324359,4,0.7761372628494344,4,0.018874144958346068,0.7763225263203309,4,0.01924672586100248,0.7549289309142383,4,0.01904551995564688,9
14,5,7,0.8174374691951969,9,0.8230084172363933,7,0.8098665910399829,7,0.818685120481146,7,0.012105039170065189,0.8148985831759371,7,0.014297573646240522,0.8010455097535536,7,0.013188034417325217,9
14,5,4,0.7824071201313162,5,0.7363248097107868,4,0.7742003209967186,4,0.7820800528289916,4,0.012122883768342887,0.7891932495517109,4,0.012548681094806915,0.7284199938882716,4,0.01667339737030052,9
14,5,7,0.8016601222121772,10,0.7938931458202675,7,0.7824071201313162,5,0.7898173889463285,7,0.009534017187864776,0.7936337745613609,7,0.009724344471395339,0.7773754997802046,7,0.00959306368241853,9
14,5,4,0.7601274460235055,6,0.760834405192458,4,0.7132034233879279,4,0.8113751572631696,4,0.012808957076212166,0.8204430139830943,4,0.013014882306116799,0.7741556587554084,4,0.014167506774084966,9
14,5,7,0.8435600873487341,9,0.8163731423464352,7,0.7601274460235055,6,0.8054531252332224,7,0.012116298520226675,0.7964442660922023,7,0.012346933542124508,0.786868193449488,7,0.011911269471106083,9
14,5,4,0.8099410384494408,5,0.8227719314158145,4,0.6784479914003239,3,0.8269275162373996,4,0.01436825264285049,0.771936676080355,4,0.01755820601127997,0.804587698810402,4,0.017619355283180354,10
14,5,7,0.8223463447386927,8,0.8165079619656042,7,0.8099410384494408,5,0.8356486030779058,7,0.011941785035343494,0.8330597912154912,7,0.01215128121564283,0.8215802698214765,7,0.0135901770463254,10
14,5,4,0.7344409182501395,6,0.7129903529186131,4,0.6772808623391731,4,0.6911411113945931,4,0.018076828887245176,0.6911411113945931,4,0.018108900271885463,0.7138291645209202,4,0.01748143241093807,10
14,5,7,0.747769060612223,10,0.7316127035050871,7,0.7344409182501395,6,0.7533049339092979,7,0.015065462485971905,0.7559861886804785,7,0.015054823862660547,0.7597147522094532,7,0.014469156522708367,10
14,5,4,0.7509188606093264,6,0.7040581967441303,4,0.7135280381148518,4,0.7155893477505548,4,0.0228363516772052,0.7155893477505548,4,0.022719048172586968,0.6571214092351634,4,0.028476308870360588,10
14,5,7,0.7542659722400494,9,0.7692980130843448,7,0.7509188606093264,6,0.7369067263985004,7,0.018893259679121168,0.740335566063315,7,0.01889070469944885,0.7588406884631703,7,0.01806795827804627,10
14,5,4,0.7547249359170053,5,0.763967507360347,4,0.7606509133269487,2,0.7515650654335421,4,0.020107093006888392,0.7359746012402344,4,0.020801033907604908,0.755078894484128,4,0.01987245466488239,10
14,5,7,0.7983691846159712,10,0.7513256813447964,7,0.7547249359170053,5,0.7586662452911825,7,0.016761276936109626,0.7603705174995238,7,0.017453051310170626,0.7611404077735374,7,0.01675293336168372,10
14,5,4,0.6748177208971803,6,0.6810249813322699,4,0.6388825028315729,3,0.7176324358925493,4,0.016660261206574795,0.7192351471338672,4,0.01650430161172426,0.7176324358925493,4,0.016457952885354444,10
14,5,7,0.7414929609098999,10,0.741197179889741,7,0.6748177208971803,6,0.7604981987790905,7,0.013102362374921513,0.7691366589678791,7,0.012898115240560806,0.7479366145826154,7,0.014791811824153856,10
14,5,4,0.6988377153948534,6,0.7205586928981881,4,0.6573859291520039,4,0.7381681820314109,4,0.02180964234728592,0.7311719697076187,4,0.021815441263106628,0.7238463820702761,4,0.021918728676379572,10
14,5,7,0.7271369316270421,9,0.7322696409051233,7,0.6988377153948534,6,0.7448625917241354,7,0.017973162823042194,0.7448625917241354,7,0.01789723635593683,0.7626840777654053,7,0.018554757788130517,10
14,5,4,0.8119652927963155,4,0.8119652927963155,4,0.7877444722251619,3,0.8127137454329406,4,0.010376773498574762,0.8135418076988884,4,0.009893546934694828,0.8226369366913306,4,0.011438825438331704,10
14,5,7,0.8438186365164414,9,0.8532487894326232,7,0.8119652927963155,4,0.8337904558290842,7,0.009865879729360925,0.8381202808796895,7,0.009294228589982627,0.8255574320172717,7,0.009917020454103127,10
14,5,4,0.7911795956025557,6,0.7772123332919821,4,0.8096378579138803,4,0.8062583905783547,4,0.016680843490873443,0.7665461882178545,4,0.018271833004345425,0.8062583905783547,4,0.016329890965288037,10
14,5,7,0.7982577204507451,9,0.7824479270369812,7,0.7911795956025557,6,0.8066056387210162,7,0.015504126330830204,0.7970196597822599,7,0.015942077540818018,0.8066056387210162,7,0.01529633103145647,10
14,5,4,0.8105994506311767,7,0.7515121256982712,4,0.7759054459010095,3,0.7827012891635822,4,0.021223954405111392,0.7944209189176816,4,0.02214957150170423,0.77835713507153,4,0.02123990050446713,11
14,5,7,0.839680648814834,9,0.8276507023868862,7,0.8105994506311767,7,0.8097724943498689,7,0.015061405623999493,0.8144017473588266,7,0.015094430585501214,0.8144017473588266,7,0.014850956373914252,11
14,5,4,0.8297132154103867,6,0.8124774234650556,4,0.8070574788811864,3,0.8200109154027071,4,0.009961052953565714,0.8178517358002559,4,0.00992756648794459,0.8081260301909565,4,0.010641534397864836,11
14,5,7,0.8355472558223375,10,0.820431896257093,7,0.8297132154103867,6,0.8288703675802218,7,0.008808799267801048,0.8320681914834487,7,0.008615437071719793,0.822062295188294,7,0.008585253330339857,11
14,5,4,0.7522061980605231,5,0.7659247480318393,4,0.7532834124698006,3,0.7747450895979971,4,0.015736017742572966,0.7716331620844362,4,0.01588345815695008,0.7773310552830959,4,0.015428859745390542,11
14,5,7,0.7785601241688352,9,0.7704912701438301,7,0.7522061980605231,5,0.7713877941634537,7,0.01360985405470825,0.7740811331840832,7,0.013882908686760802,0.7969737540870407,7,0.013435209815245801,11
14,5,4,0.7856946231258307,6,0.7844795526023729,4,0.7807389615282154,3,0.7815171705014283,4,0.016653854759006815,0.7852003503198698,4,0.016395853809202374,0.7924090244872993,4,0.01782453134639721,11
14,5,7,0.7685804571901661,11,0.7885944700165002,7,0.7856946231258307,6,0.7904893042021363,7,0.01493556819228925,0.8106184910454187,7,0.014547466547087225,0.8064142854059,7,0.014473726028265292,11
14,5,4,0.7551493631599387,7,0.7254058520696669,4,0.7972052279164831,3,0.8037069900232567,4,0.024365869276772353,0.8062364338669258,4,0.023625117251600204,0.7540516688683238,4,0.029339921277333612,11
14,5,7,0.8016500857965776,10,0.8227220731634195,7,0.7551493631599387,7,0.8380738201230203,7,0.019806075517490834,0.8137387463767078,7,0.01886187709773146,0.8282522203412542,7,0.01932770466045695,11
14,5,4,0.7958021105083819,7,0.7727045541679296,4,0.7345206629394415,3,0.762614520680193,4,0.016095399994390202,0.7839236193498891,4,0.012334283980037154,0.7912740977810547,4,0.012444171266513131,11
14,5,7,0.8020236678758247,12,0.7862423212437241,7,0.7958021105083819,7,0.7955199786868957,7,0.011435757220800412,0.7972717226108614,7,0.011435477974321337,0.7998583467434323,7,0.011290791991818063,11
14,5,4,0.7938756429518676,5,0.7856306480191302,4,0.7740174549503872,3,0.7867250278961949,4,0.012829505784052217,0.7870358747482405,4,0.012812591148134659,0.7954383912414457,4,0.013650338082730641,11
14,5,7,0.7868559648144986,9,0.7794803861488975,7,0.7938756429518676,5,0.7901761508637438,7,0.011998413776920505,0.8073769223665277,7,0.011246412362626839,0.7987753747724843,7,0.012078307055911555,11
14,5,4,0.810613607575902,5,0.8075067394303597,4,0.7736718227731844,3,0.8329635115319383,4,0.010830567408663713,0.8272058594698806,4,0.010627629557315742,0.7937950000023938,4,0.013193294911528685,11
14,5,7,0.8266400344246049,10,0.8411586111674303,7,0.810613607575902,5,0.8574497639392274,7,0.009690447946219084,0.8451572247101921,7,0.009486753587878224,0.8244733735692389,7,0.010017139110790007,11
14,5,4,0.7979045869855851,6,0.8061469258952817,4,0.7902238771355015,3,0.8061824531136236,4,0.021105949546075236,0.7958522606523124,4,0.022237422179964703,0.8199867235389408,4,0.020013491832771894,12
14,5,7,0.8124487190510769,10,0.8051399629816421,7,0.7979045869855851,6,0.8176420285350027,7,0.019700214048568452,0.8007119507924937,7,0.02040876580527999,0.817141037430246,7,0.019872646148333614,12
14,5,4,0.7776696360283821,7,0.737293173691691,4,0.6913470686263706,4,0.7262644597207389,4,0.026243893501769724,0.7306993916992466,4,0.026993288221383787,0.7409993507189867,4,0.02371700439176206,12
14,5,7,0.8016846295954458,9,0.8077873553099765,7,0.7776696360283821,7,0.7988079158213646,7,0.01810695937824212,0.7934650397334408,7,0.018928318128754642,0.7988079158213646,7,0.017807693252392197,12
14,5,4,0.6682442551192983,7,0.6093952866149541,4,0.672419244651734,4,0.6847605611655988,4,0.010389378756241918,0.6847605611655988,4,0.010457592893258776,0.6847605611655988,4,0.010372278585723068,12
14,5,7,0.7238859031908164,12,0.6850860655353392,7,0.6682442551192983,7,0.6548381468695428,7,0.010168658804682117,0.6548381468695428,7,0.010230475145670553,0.6861473657382563,7,0.009661099006120194,12
14,5,4,0.8271980275504413,8,0.8406288815151577,4,0.8432074443171503,4,0.8432074443171503,4,0.02095841492281163,0.8432074443171503,4,0.022254504250524814,0.8432074443171503,4,0.020046873433114384,12
14,5,7,0.8275131641150828,11,0.8408515441501987,7,0.8271980275504413,8,0.8455934260278268,7,0.02086236545463211,0.8437745432502387,7,0.021503668381342246,0.842152258718081,7,0.02055377169276824,12
14,5,4,0.7930834440272148,5,0.7925008752053315,4,0.7997102927145118,2,0.8181038481886412,4,0.01748403703711573,0.8060406633400412,4,0.01833437053294672,0.8181996586371021,4,0.01920578389838271,12
14,5,7,0.8044796615829699,9,0.7911765787225505,7,0.7930834440272148,5,0.8250148530338606,7,0.017748871337832938,0.8012895026914957,7,0.018756871551234407,0.8216584865203673,7,0.018319485843933427,12
14,5,4,0.8503461356786611,5,0.85079345876162,4,0.7690094323526471,3,0.8407329399996112,4,0.018289393803959202,0.8423627434247625,4,0.017675007489451878,0.8407329399996112,4,0.017749357481372168,12
14,5,7,0.8831520839526429,9,0.8771808197164644,7,0.8503461356786611,5,0.8743033069946402,7,0.01272413229842466,0.8803934682432947,7,0.012291472710406747,0.8771932558981033,7,0.012380350720068035,12
14,5,4,0.8011728922039488,5,0.8012098588711185,4,0.7810272451479014,3,0.8032054666192129,4,0.014263747242697808,0.7818457248320712,4,0.01696759659601896,0.7723099766190079,4,0.022416846343743923,12
14,5,7,0.8276326402477712,9,0.8160325779583644,7,0.8011728922039488,5,0.8201909002971844,7,0.01183426286756797,0.8183640029856357,7,0.013276329663822988,0.788280637765896,7,0.01567162674111643,12
14,5,4,0.7725102290499395,7,0.7681517872610972,4,0.7476444036858595,3,0.7836173952774835,4,0.018374940472257694,0.8084563119678319,4,0.016285800435181453,0.800041986967541,4,0.01640709321328418,12
14,5,7,0.799118858010305,9,0.7837389599547101,7,0.7725102290499395,7,0.8106996321858062,7,0.015017720663962198,0.8029882867864533,7,0.014546972198213685,0.8102929230448479,7,0.014580258832183309,12
14,5,4,0.839743282135702,4,0.839743282135702,4,0.8169445220710616,2,0.839743282135702,4,0.01241140526255013,0.8357410738228053,4,0.012133875166335453,0.8445735549350774,4,0.012671063219865754,13
14,5,7,0.866861662315809,9,0.8597794394464051,7,0.839743282135702,4,0.8576929800763918,7,0.01045875538214075,0.8640937742559809,7,0.010112064070900439,0.8469187132285697,7,0.010360160021983087,13
14,5,4,0.8034958583751469,5,0.8194480271545102,4,0.7479149187373336,3,0.825183542848656,4,0.017201060337427798,0.8242984683109744,4,0.016569554413179567,0.8240545558698962,4,0.016430589685609447,13
14,5,7,0.8326375834039856,9,0.830395210808382,7,0.8034958583751469,5,0.8392067875780241,7,0.015305826114264414,0.8366499136044759,7,0.014839194927730467,0.8257114126761127,7,0.015448972689509644,13
14,5,4,0.7397229599963556,5,0.7402569017768195,4,0.7153135418721122,3,0.7347338916318865,4,0.018950755433814002,0.7378244255283231,4,0.01878429208479092,0.7378244255283231,4,0.01860759245675738,13
14,5,7,0.8264875040756666,9,0.7960971529253911,7,0.7397229599963556,5,0.8390029716926773,7,0.01275595657423018,0.8442543044750955,7,0.012272346550923748,0.7975881907161687,7,0.01370657204739729,13
14,5,4,0.6945060022091275,5,0.704932748620209,4,0.6738452399003207,3,0.7312469344223848,4,0.015310322321380663,0.72853231407898,4,0.015197550403161609,0.7312469344223848,4,0.015188334614882018,13
14,5,7,0.7278601180504299,10,0.7383111597229904,7,0.6945060022091275,5,0.7500085446778819,7,0.013852090300022494,0.7397402524220742,7,0.0136768093086245,0.7509107244761497,7,0.01369889956414829,13
14,5,4,0.740349539052532,6,0.7550459798124669,4,0.7396199039659996,4,0.7708205764769628,4,0.02035714800322674,0.7721145349569762,4,0.01966744568258862,0.7729471351048451,4,0.020125956644823233,13
14,5,7,0.8162371038017608,10,0.8054837707210336,7,0.740349539052532,6,0.8038879353601576,7,0.013850521382505244,0.8088341068119301,7,0.01359709249533172,0.8106515947748879,7,0.013660478425958428,13
14,5,4,0.8455890793673801,5,0.8153913687109753,4,0.8063670687580242,3,0.860264329143721,4,0.01596637423728382,0.8550807695635043,4,0.016007481964595973,0.8128683249189421,4,0.019402770852003006,13
14,5,7,0.8340673939258895,8,0.8320578817376493,7,0.8455890793673801,5,0.8607840340279435,7,0.01421381595806175,0.859954341323274,7,0.014331812540374632,0.863133424390577,7,0.013502534407336992,13
14,5,4,0.7093806271935235,6,0.7150348883285848,4,0.6694222023101322,3,0.7500758693948553,4,0.012733796310830686,0.7510764660149744,4,0.012764424659292338,0.7500758693948553,4,0.01260863688252093,13
14,5,7,0.7405891776207996,10,0.757687393197631,7,0.7093806271935235,6,0.7516150904560549,7,0.011794816622411969,0.7538419604934904,7,0.011778314082503911,0.7449374986429232,7,0.011988736586308371,13
14,5,4,0.7836669306810622,7,0.7033497425618636,4,0.6845761713115626,4,0.7816619366236183,4,0.020968804831402472,0.7816619366236183,4,0.02062947293052702,0.732618893708765,4,0.02450725390906668,13
14,5,7,0.8120071375659942,9,0.7392996214225687,7,0.7836669306810622,7,0.8089850562318698,7,0.016457719740607342,0.807977234726335,7,0.015971382615399855,0.8144618680263386,7,0.01585973360151209,13
14,5,4,0.7818361969488189,5,0.7805457188161269,4,0.7719700913814899,3,0.7810290243485949,4,0.014972597197188412,0.7810290243485949,4,0.01478264197133854,0.7034229155040223,4,0.019718622197268096,14
14,5,7,0.8101053001199732,10,0.8160738156657328,7,0.7818361969488189,5,0.8109099459889156,7,0.013202769274948862,0.8109099459889156,7,0.012835503219634389,0.8079819092590053,7,0.013698427143436786,14
14,5,4,0.7623914730817032,6,0.7645381481074082,4,0.7683649223488173,3,0.7677579254056469,4,0.014007350571766159,0.7672652006149273,4,0.013794478839058518,0.7677579254056469,4,0.013718027767531216,14
14,5,7,0.7818966122364621,11,0.8016136935202111,7,0.7623914730817032,6,0.7903171573793294,7,0.013212880777404078,0.7937774654429084,7,0.013126896116175036,0.7919435970956864,7,0.012665752090113155,14
14,5,4,0.746934539425592,6,0.6708456717666785,4,0.7246535792185552,3,0.7456761259743505,4,0.014359888913156378,0.7484285527200342,4,0.014217774873506214,0.7421717146453485,4,0.014244607931893133,14
14,5,7,0.7344215476621189,10,0.728647878565275,7,0.746934539425592,6,0.7501548328750178,7,0.012559320532537901,0.7459049979363759,7,0.012481162373895727,0.744290511107901,7,0.013060191215281935,14
14,5,4,0.8188534201655828,5,0.818710168415507,4,0.8068905731877054,3,0.8659507976429852,4,0.019111095458147462,0.8664783974302659,4,0.019107657881801864,0.8618224543442702,4,0.018101091479698662,14
14,5,7,0.8468984055737288,9,0.8362622876879677,7,0.8188534201655828,5,0.8730095893307196,7,0.01587077468843376,0.8681595057333229,7,0.015766676890757964,0.8514388627107854,7,0.016026127422508862,14
14,5,4,0.8200963050480053,6,0.8185262296946156,4,0.7876214716393878,2,0.8432922925172738,4,0.018517219611785266,0.8417839162345899,4,0.01769861753578314,0.839562632414123,4,0.017597692472550348,14
14,5,7,0.8261727066735021,9,0.8274307148940032,7,0.8200963050480053,6,0.8493514692745201,7,0.016528672128875318,0.8370525944987329,7,0.016078977234937217,0.8418975659074914,7,0.01566641675795552,14
14,5,4,0.8246221165307702,6,0.8450877059272545,4,0.856897722207438,3,0.8661753924050027,4,0.014604312340764621,0.8636154684826709,4,0.014220937636255431,0.8043778989825152,4,0.026443026007212166,14
14,5,7,0.8293901388988618,9,0.8277434846110298,7,0.8246221165307702,6,0.862026765822821,7,0.014488344806230848,0.8520531718913364,7,0.015409861831235801,0.860967274586004,7,0.014103187544452655,14
14,5,4,0.7360974272582049,6,0.7467914030383637,4,0.6870522845994083,4,0.7179965439771173,4,0.016207849253467764,0.7138784171051294,4,0.01603489296806033,0.7159970959357038,4,0.016899445092550806,14
14,5,7,0.7503541986172126,10,0.7487032422127692,7,0.7360974272582049,6,0.7545745707933558,7,0.015446554520132091,0.7491167657350446,7,0.015304358610031609,0.7356852461973697,7,0.01572838133207393,14
14,5,4,0.7204032268003231,5,0.7302727910671831,4,0.7248042767884173,3,0.7625004208055727,4,0.01848000901424427,0.7524975636828684,4,0.018815970963409517,0.7024380666239363,4,0.02137524385618548,14
14,5,7,0.7584823682325696,9,0.772834760358526,7,0.7204032268003231,5,0.7432827197457891,7,0.017089593961062778,0.7430414257632119,7,0.017507404526927343,0.7509190988616462,7,0.017840496630487798,14
14,5,4,0.6484716754661813,6,0.6661946953502457,4,0.6782677947727755,2,0.6771048793711696,4,0.012427587232098379,0.6633237263871433,4,0.013220824682784668,0.6280271393378067,4,0.014250590869697002,15
14,5,7,0.6856571665877951,9,0.6952635701387749,7,0.6484716754661813,6,0.696360623964651,7,0.010967829014614714,0.6605371954015682,7,0.012642057096735299,0.6929770141618458,7,0.01113440269222857,15
14,5,4,0.7461498569860966,6,0.7550588712657742,4,0.7428568639217263,3,0.734485460933091,4,0.0184549695424814,0.7279474973676252,4,0.018293391400910086,0.7186576915543557,4,0.017797592319202162,15
14,5,7,0.7848941249496451,10,0.7873845033675977,7,0.7461498569860966,6,0.7494475497649729,7,0.015405532931821639,0.7473092615495367,7,0.015404590318544048,0.7322122652080991,7,0.016184728010774745,15
14,5,4,0.6994064018226942,6,0.6887828413682916,4,0.6841489527523522,4,0.6923572177790325,4,0.020072174846390498,0.6936602754488794,4,0.01996781263107723,0.6923572177790325,4,0.020008903367813465,15
14,5,7,0.7163847159928344,9,0.734466646066144,7,0.6994064018226942,6,0.7180918330819372,7,0.018380778079749832,0.7171106045927189,7,0.018573445990339475,0.7434925108437914,7,0.017597114650969917,15
14,5,4,0.7370124174703838,7,0.7294515378694668,4,0.7227362388085664,3,0.6980105946587752,4,0.014837298433466154,0.7222372940158743,4,0.016037217701319682,0.6909287143217511,4,0.017503315230827276,15
14,5,7,0.7853985498667635,10,0.7724506076935864,7,0.7370124174703838,7,0.7638369400165567,7,0.011874667727764502,0.7772394679141805,7,0.012378146103564166,0.7051296962171351,7,0.014993159585525722,15
14,5,4,0.759642054541745,6,0.7817203928836358,4,0.772432212864628,3,0.7581325955760077,4,0.017068312480338667,0.7880965665225892,4,0.016108350832752718,0.7887960757590428,4,0.016370826078838566,15
14,5,7,0.7744224368413587,12,0.7838678729509295,7,0.759642054541745,6,0.7762453539142832,7,0.015583984520591494,0.7948533078235109,7,0.014377581504406413,0.769042782078724,7,0.015334871397787431,15
14,5,4,0.7737530684043089,6,0.6871403246507345,4,0.739854490452008,4,0.7438527305127847,4,0.015252469032431009,0.6866379620222964,4,0.01647540518023141,0.7438527305127847,4,0.015149249986201827,15
14,5,7,0.7364509107533155,10,0.7430659976188102,7,0.7737530684043089,6,0.744349045227462,7,0.014683044406385005,0.7489226159111019,7,0.014420252283019644,0.7484915848275429,7,0.01385508141225193,15
14,5,4,0.6383420637913617,5,0.6334858385122775,4,0.6483880907596453,3,0.6419253535402787,4,0.013650536417269883,0.6439760658977859,4,0.013796918573590115,0.6700226790133431,4,0.013209119022450956,15
14,5,7,0.6845796277103422,10,0.6999797937390912,7,0.6383420637913617,5,0.6931410058345537,7,0.011573500242455138,0.6804051729081396,7,0.011666152257232068,0.7263447128284111,7,0.01111899697182294,15
14,5,4,0.7506214533787934,5,0.764320751792276,4,0.7599073938036126,4,0.7834246703785773,4,0.012904702834882407,0.7769445765217687,4,0.0129538947329402,0.7658225360553667,4,0.014093156986313384,15
14,5,7,0.7634214080627789,10,0.7610473073306258,7,0.7506214533787934,5,0.7686648170511955,7,0.011770832574273587,0.7630939797866794,7,0.01186111605609664,0.7784307746366966,7,0.011325634878963188,15
14,5,4,0.8152858605523429,7,0.7848684327152267,4,0.7602195905419514,3,0.7876449078885194,4,0.016520854253556577,0.7822175250766722,4,0.016254427322239213,0.7795239967153159,4,0.016620675112760937,16
14,5,7,0.8137003904553662,9,0.8058125422742825,7,0.8152858605523429,7,0.7922206259773154,7,0.01401289162386727,0.7911277429325867,7,0.013668550214502964,0.8045074839828233,7,0.014611664438116343,16
14,5,4,0.7668784442305429,6,0.7958979970666081,4,0.7870468101415347,4,0.7905815120405463,4,0.0169508383964303,0.7958979970666081,4,0.01687984621377719,0.7941593875230418,4,0.016635355121827972,16
14,5,7,0.7958032599271214,8,0.8041124780890512,7,0.7668784442305429,6,0.7998715180293094,7,0.01629258098159246,0.8028820706562415,7,0.016784952061578137,0.8029994223386018,7,0.01610112107329031,16
14,5,4,0.8354834645918526,5,0.8190465890904867,4,0.8224938406974162,3,0.814539872398748,4,0.015461469889798853,0.8250484467500468,4,0.014559817220275441,0.814539872398748,4,0.014649597917287677,16
14,5,7,0.8134749279683774,8,0.821683993756751,7,0.8354834645918526,5,0.8333762234311897,7,0.014267624654749891,0.808655858576826,7,0.013683678432416026,0.8189642373395698,7,0.014508885040651101,16
14,5,4,0.756276991026169,7,0.7288792744283351,4,0.6686693214744078,4,0.6998396599037341,4,0.023516343084763327,0.7527982310631168,4,0.022060966624441798,0.7420259946435265,4,0.022172353900301763,16
14,5,7,0.7889743458847526,9,0.769219331507101,7,0.756276991026169,7,0.7752421934360242,7,0.017319078964580865,0.764529636379145,7,0.017283826810796182,0.7577438163234869,7,0.018945398782807384,16
14,5,4,0.8439575516125422,6,0.8403946837872104,4,0.7759152971532477,3,0.8074617681448012,4,0.018932679612535284,0.8532264092496465,4,0.014924827154978552,0.8619257552351186,4,0.01644788395238084,16
14,5,7,0.8609304655849028,10,0.8679699995287595,7,0.8439575516125422,6,0.852204410361001,7,0.013661744772441312,0.8492285747314294,7,0.012928451382736498,0.852204410361001,7,0.012996068716030772,16
14,5,4,0.7869228530517725,5,0.7891863671476627,4,0.7774043545760995,3,0.7850554910488088,4,0.01729030565282202,0.7860738710074725,4,0.017265961938994497,0.7561225873126208,4,0.017881257145964627,16
14,5,7,0.8105098523066526,9,0.8142954971795167,7,0.7869228530517725,5,0.7992834754973275,7,0.015360846211776937,0.7844196770257177,7,0.01614018265332058,0.7834093874629269,7,0.017024924498009193,16
14,5,4,0.7723800309866641,6,0.7813267484664649,4,0.7485879343850971,3,0.8184384667548885,4,0.021105952988739598,0.814610235214675,4,0.02031256865741256,0.8086976965153201,4,0.02186987045082661,16
14,5,7,0.8291220065973417,9,0.8302961121077512,7,0.7723800309866641,6,0.8394140079829314,7,0.018527758945293137,0.8432331719874564,7,0.01719666799108579,0.8570916507162613,7,0.016988006012876984,16
14,5,4,0.7295272155881534,6,0.7073817289797961,4,0.6941590352801218,4,0.7580172104427975,4,0.016992705634168624,0.7615342182578666,4,0.01694233076857604,0.7549385978417,4,0.01872385171957275,16
14,5,7,0.8118999929044282,10,0.7862574860015978,7,0.7295272155881534,6,0.8102766782868774,7,0.014179223643085626,0.8115304704416039,7,0.013980970373856243,0.7722697305212296,7,0.01614263904806784,16
14,5,4,0.847240412027836,5,0.841951110664634,4,0.7983956637577202,2,0.8343982001181867,4,0.013090855315053825,0.8448997410764701,4,0.012256443461944832,0.8362625663666748,4,0.01620778858155218,17
14,5,7,0.843861331250585,10,0.8365317604248651,7,0.847240412027836,5,0.8326920323247732,7,0.013084232983130295,0.8339761877442851,7,0.012223832679303501,0.8356683557154608,7,0.012040536064414558,17
14,5,4,0.8010034388192465,6,0.789673987670445,4,0.7781855306107818,3,0.7911593870162201,4,0.013268159871130036,0.7842193263076632,4,0.012975783141735175,0.7865000815381568,4,0.01401176594042246,17
14,5,7,0.7947862127695722,9,0.8058990021156861,7,0.8010034388192465,6,0.7880254618797287,7,0.01059213041932688,0.790380138941027,7,0.010489314635731186,0.7920919371925798,7,0.01099087410907263,17
14,5,4,0.7514740392843128,7,0.7587949018394718,4,0.7284014595264336,3,0.752371297556763,4,0.013994176760152022,0.7447415377879809,4,0.013916826345445069,0.7617454131998291,4,0.01682515570688643,17
14,5,7,0.7619890740613043,11,0.7764562685632113,7,0.7514740392843128,7,0.7703392325298452,7,0.012512108323159828,0.7701503794012052,7,0.012511094130441583,0.7785678948774127,7,0.014036406960254308,17
14,5,4,0.7721183722697758,6,0.7416695530063047,4,0.7108231630693915,4,0.7510923914305113,4,0.01891922063035864,0.7114059887750565,4,0.01935268069638103,0.7510923914305113,4,0.018851997909494978,17
14,5,7,0.778540365453632,11,0.7850706262099848,7,0.7721183722697758,6,0.7543858051078622,7,0.016013346352709085,0.7872640050146091,7,0.015601717921438427,0.767331061668131,7,0.01700534075679875,17
14,5,4,0.662746750188931,6,0.6873394026767465,4,0.6376217806081598,4,0.7293678978607656,4,0.0163991898391163,0.7298750109296539,4,0.016654090344964786,0.7293678978607656,4,0.01634620335318345,17
14,5,7,0.6831883249781832,10,0.6862213410540375,7,0.662746750188931,6,0.7295449930320059,7,0.01589134576295399,0.7315252338698017,7,0.016187803630250037,0.7181308559520263,7,0.01595881406396077,17
14,5,4,0.7858029775489443,6,0.7614384810855548,4,0.7315242602433315,3,0.792888266353731,4,0.014608502954130966,0.792888266353731,4,0.014192529837592446,0.7821115916112069,4,0.013071280114506612,17
14,5,7,0.8289805213536922,10,0.8251428006772973,7,0.7858029775489443,6,0.8215667374389989,7,0.01262045216975791,0.8190263057781745,7,0.01205979601653588,0.7916742118057705,7,0.012348113332014297,17
14,5,4,0.6861785344814424,7,0.6336059669926262,4,0.6793770130718076,4,0.7153244803081629,4,0.014611866773887065,0.7174585420745818,4,0.014730337537477017,0.7184496734643772,4,0.01457358866888887,17
14,5,7,0.715058980774142,9,0.7140497082026606,7,0.6861785344814424,7,0.7204188328751937,7,0.013733831493332743,0.7226501893836407,7,0.013489465963296437,0.723544026031408,7,0.01372161293294975,17
14,5,4,0.7744980363072926,8,0.7529483133533443,4,0.761373415352868,4,0.7310543609103017,4,0.01845539368491816,0.7275004918184674,4,0.018138125131449936,0.7434031496287159,4,0.02086642581927046,17
14,5,7,0.7598871911944678,9,0.7426824966880222,7,0.7744980363072926,8,0.7969182281978954,7,0.014780506176747968,0.7933643591060611,7,0.014653780487143985,0.7545078137124716,7,0.016193059062040327,17
14,5,4,0.823020682943284,5,0.8143714580130375,4,0.826529350731265,3,0.8244893350241892,4,0.012857573850982469,0.8027976292577785,4,0.015185114336526763,0.8315310105908872,4,0.012072151226004793,18
14,5,7,0.8386142603184251,9,0.83363741134078,7,0.823020682943284,5,0.8408076804800008,7,0.010278826075983174,0.8215540130470642,7,0.01206909011479651,0.8304859251567626,7,0.010718119313910524,18
14,5,4,0.8356135041659598,7,0.836605513398951,4,0.744091084435042,4,0.8328634701390194,4,0.01057596354969537,0.8334560380478478,4,0.010166383642147048,0.8457118449803087,4,0.010155282190487221,18
14,5,7,0.8369059892704542,10,0.8564855625049625,7,0.8356135041659598,7,0.8607986619276988,7,0.009412079372363302,0.8536126861657584,7,0.008947563840136497,0.855195313176094,7,0.009193068278515232,18
14,5,4,0.8532662614652404,6,0.8666089778360423,4,0.8385357520210741,3,0.8777201740195638,4,0.011088190206655307,0.8780588042732359,4,0.012458261824499904,0.8357482826714759,4,0.016078626292523077,18
14,5,7,0.8942100130220334,10,0.8780387242213067,7,0.8532662614652404,6,0.8705341245637862,7,0.010366945022686421,0.8653986120912188,7,0.01264247039214956,0.8762291727626436,7,0.01158777776894343,18
14,5,4,0.8063136732875343,7,0.7736197790919995,4,0.770557170229401,4,0.8359259426872419,4,0.01590867632019426,0.8265376818089724,4,0.015795488039681487,0.771097575433032,4,0.020037191150414583,18
14,5,7,0.8251235582612905,9,0.822366847990049,7,0.8063136732875343,7,0.8189705161278946,7,0.013619460642453821,0.8076871990855605,7,0.013672011359760544,0.8187632286308711,7,0.014808504568095892,18
14,5,4,0.6805442834759748,6,0.6557317279215229,4,0.6193019121813902,3,0.6790989327233519,4,0.014542267550515707,0.6701775163616486,4,0.014541734485429315,0.6834124648908592,4,0.014504001576575103,18
14,5,7,0.6982520883030282,9,0.699440867408207,7,0.6805442834759748,6,0.696617517687472,7,0.01409758753678671,0.690316672157513,7,0.014136292810942225,0.6848469307857922,7,0.014194089158376255,18
14,5,4,0.6730874962705679,6,0.6837517643518998,4,0.6154446470954192,3,0.6775326453357311,4,0.01390675168189281,0.6817826514136553,4,0.013936647842360525,0.6817012211576853,4,0.017579900565574624,18
14,5,7,0.7098829729272429,9,0.6981932391859503,7,0.6730874962705679,6,0.710274927393251,7,0.013024692947966343,0.6981445761665815,7,0.013189785813779602,0.6858184308565922,7,0.013628896955920393,18
14,5,4,0.7695053869163001,7,0.7400448582341848,4,0.7291097846247254,3,0.7707777126134526,4,0.010856225705325814,0.7779412596449826,4,0.010901659705128014,0.7496373886913466,4,0.013425399442690744,18
14,5,7,0.7982216936655863,10,0.7990602432978444,7,0.7695053869163001,7,0.8004761266687084,7,0.009207321779046517,0.7911245596998523,7,0.00933817394246383,0.7913607687248584,7,0.009925384238562688,18
14,5,4,0.8082068324173646,5,0.7972028683581311,4,0.8455921906414822,2,0.8212422223003719,4,0.022446042302713357,0.8112316492224131,4,0.022763140945033202,0.8474859129956658,4,0.022986152638308083,18
14,5,7,0.8293314593029055,9,0.8185746673526261,7,0.8082068324173646,5,0.8258573359425941,7,0.021060538728810037,0.8035394898694611,7,0.022631696537193564,0.8138633732035441,7,0.020802691057120605,18
14,5,4,0.7475196284882661,6,0.7669144138327267,4,0.7756053880665223,3,0.7532222096577518,4,0.015750598034694863,0.7486232562283662,4,0.016412401825886033,0.7516505644172609,4,0.01627687119864024,19
14,5,7,0.7883405818553719,8,0.7794090776351066,7,0.7475196284882661,6,0.7674631805778381,7,0.014843738093475903,0.7754836724443716,7,0.015242534913563643,0.7674631805778381,7,0.014715290199654632,19
14,5,4,0.7926890055998053,6,0.7963228811405264,4,0.7501978380430777,3,0.7840006431902,4,0.016017802981956857,0.7872124031001989,4,0.015529835186200573,0.7760352705842405,4,0.019405865066474938,19
14,5,7,0.8456892437240229,9,0.841278222909443,7,0.7926890055998053,6,0.8299982912967188,7,0.012819583589364485,0.8209183138680705,7,0.012456766842779294,0.8138179309398619,7,0.012768746348262222,19
14,5,4,0.6611749645633276,6,0.6856997482086167,4,0.6525504612252189,3,0.6779208942183294,4,0.00961459965500488,0.6685999873190084,4,0.009682830825361246,0.6821500256136861,4,0.009281963919479212,19
14,5,7,0.665017518965061,10,0.6711131894519032,7,0.6611749645633276,6,0.6905735407190725,7,0.00948488926725557,0.6834367973566516,7,0.00954367655366715,0.6905735407190725,7,0.009480043508738415,19
14,5,4,0.8053842321280161,6,0.823219571043177,4,0.7827198458974498,4,0.8272694047063777,4,0.015466705928820762,0.8326097759471793,4,0.015216070860972212,0.8299466811571984,4,0.014969503856630524,19
14,5,7,0.8141279833547578,11,0.8205532943114832,7,0.8053842321280161,6,0.8366480773439252,7,0.013863235419482827,0.8254600940683636,7,0.014817704870715384,0.8456954285491833,7,0.013316424539785859,19
14,5,4,0.7771041146568075,5,0.7572925492224403,4,0.7139062929776325,3,0.7713027428362634,4,0.02362959849379238,0.7679287754880681,4,0.02384820527380205,0.7613203654167151,4,0.025891106890751543,19
14,5,7,0.8185448244538123,9,0.7887291982890893,7,0.7771041146568075,5,0.8109388000865304,7,0.02183993848896633,0.8157590143291933,7,0.02236211144416496,0.8185217443077126,7,0.020014756821106063,19
14,5,4,0.7224881550373699,6,0.7166509949618545,4,0.7028006391265208,4,0.7392327414555658,4,0.014650009090584115,0.7392327414555658,4,0.01458908381382942,0.7203700527281487,4,0.016171573592890922,19
14,5,7,0.7375895531504998,10,0.7298588914094631,7,0.7224881550373699,6,0.7358476982936515,7,0.01228552063935314,0.735755558546072,7,0.012258125154394096,0.6901224030483214,7,0.014607033779169767,19
14,5,4,0.7577156634725567,6,0.7601227833303755,4,0.7412468329709468,3,0.760745488264881,4,0.011380192113181213,0.755426566332994,4,0.011598341707743725,0.7382075182353315,4,0.012225788748813088,19
14,5,7,0.7653054947504649,9,0.7659120599356625,7,0.7577156634725567,6,0.7710535104184459,7,0.010732474982716044,0.760826103374493,7,0.011021330888670472,0.7634428756219033,7,0.011753922306094622,19
14,5,4,0.7300359870287947,5,0.7177349658964705,4,0.6662585009605502,3,0.7615588677481613,4,0.0169891362113565,0.7615588677481613,4,0.016806458853137255,0.7615588677481613,4,0.01688597834243456,19
14,5,7,0.7356550759956582,9,0.7465741803010725,7,0.7300359870287947,5,0.7646088556172189,7,0.015545230944434683,0.7687901546277912,7,0.015246358037266485,0.7540656623101006,7,0.016301122956924995,19
20,3,5,0.7250449477052805,7,0.7040798110494092,5,0.7067634069524467,4,0.713228170604722,5,0.01462869926863394,0.7082491835260911,5,0.014673438270833335,0.7096352759195778,5,0.014542330045971474,0
20,3,10,0.7763580034753265,14,0.7535152678538124,10,0.7250449477052805,7,0.7516978672580702,10,0.014237760608308753,0.7538139233818923,10,0.014459732692481839,0.7516978672580702,10,0.014141373250954308,0
20,3,5,0.758206677012869,6,0.7497598852154688,5,0.7398698367221608,3,0.7618899986211438,5,0.01251436565220867,0.7716360718672449,5,0.012820733227646066,0.774618639014036,5,0.012907233812146132,0
20,3,10,0.7276230276729542,12,0.7365315180069701,10,0.758206677012869,6,0.7453826179763432,10,0.012378623002855207,0.7374865589700564,10,0.012341844842525608,0.7583721007368126,10,0.012060581037801629,0
20,3,5,0.9040067382296382,6,0.8916112872650558,5,0.9003848068571705,4,0.8904376377380439,5,0.007336507798408772,0.8861584497598367,5,0.007596170372288447,0.8941995688940382,5,0.009001162511008454,0
20,3,10,0.8977937683640737,12,0.8965473377597875,10,0.9040067382296382,6,0.8931926323506877,10,0.006330665436001595,0.8903053494029562,10,0.0066429715125570655,0.8930707084428414,10,0.006389277459853329,0
20,3,5,0.6618979792383001,6,0.6740420505006173,5,0.6674304611761256,4,0.6633686565286644,5,0.01538068591669467,0.6660107391752201,5,0.015715529233902892,0.6614085724084565,5,0.015302628899729845,0
20,3,10,0.6825226984328722,13,0.689194030961294,10,0.6618979792383001,6,0.707124367278961,10,0.013892097542473558,0.7107864817893159,10,0.014190053591884312,0.707124367278961,10,0.013833868839653653,0
20,3,5,0.7581888846174056,6,0.7421140906305149,5,0.7186766172028489,3,0.7255935020780332,5,0.010513118410843418,0.7289693853428281,5,0.010594011152207584,0.731717190752677,5,0.011656780230009765,0
20,3,10,0.7395298506311545,10,0.7395298506311545,10,0.7581888846174056,6,0.7508873322274254,10,0.009858314807447217,0.7451391936045247,10,0.009700939939817617,0.7396950226643466,10,0.010238972056909747,0
20,3,5,0.8715269493065034,7,0.8765623896451384,5,0.8717866977901003,4,0.8802671377125325,5,0.010948109773079518,0.8836670791769341,5,0.010959903638320998,0.8836670791769341,5,0.010863174352426123,0
20,3,10,0.8749132508524692,14,0.8848202118582936,10,0.8715269493065034,7,0.8896020028086465,10,0.010569024100443993,0.8829810611764111,10,0.010595224928119477,0.8864242473837236,10,0.010489309111016212,0
20,3,5,0.7732907309675054,7,0.7865215982527282,5,0.7289835675310249,4,0.8175648689805693,5,0.0128250683556165,0.8037120766461371,5,0.012786307650480023,0.8175648689805693,5,0.012689339762879113,0
20,3,10,0.7978646032854236,13,0.8022842428898647,10,0.7732907309675054,7,0.7944291296252964,10,0.012663836518740968,0.7923855259364669,10,0.01267311543265542,0.7899413427987609,10,0.012800007957072914,0
20,3,5,0.6982436806782232,8,0.71049159392211,5,0.6849781440387674,4,0.6949950091626429,5,0.013489712443356557,0.7087201449205575,5,0.013453324245361852,0.7024270062592343,5,0.013477493242466054,0
20,3,10,0.7100429642575464,12,0.7212843559037081,10,0.6982436806782232,8,0.7329933048542583,10,0.012372049577011246,0.7270759892047831,10,0.012383985807564118,0.7329933048542583,10,0.012313810807164855,0
20,3,5,0.7713462513797217,7,0.7683978139850408,5,0.7729540499431915,5,0.7621165925008613,5,0.013112946082799665,0.7621165925008613,5,0.013051989011829095,0.7648068002630426,5,0.01301710118613129,1
20,3,10,0.787541464552749,13,0.7943290590006505,10,0.7713462513797217,7,0.8058303148694067,10,0.011770341809173555,0.7977305117863325,10,0.011765888653086016,0.7816699263106187,10,0.013466298619342707,1
20,3,5,0.8048090700469245,8,0.8050069267692792,5,0.7854082998255649,4,0.7780577388397016,5,0.010844569553360007,0.769757725804248,5,0.01074649403150772,0.7825452130722693,5,0.011655878299912615,1
20,3,10,0.8093580316171244,14,0.8070915758392101,10,0.8048090700469245,8,0.8034106091234005,10,0.00967092870916589,0.8061067040056668,10,0.009577524498217947,0.8148044869272446,10,0.010181758340458225,1
20,3,5,0.7878516035130878,7,0.780125647373843,5,0.7473140203528097,5,0.7950098259972929,5,0.011036331087873672,0.7978556172306037,5,0.010932557590538941,0.7950098259972929,5,0.010919220163173966,1
20,3,10,0.7727123827542153,14,0.7781505209993643,10,0.7878516035130878,7,0.7969758762400685,10,0.009037060490062566,0.7969758762400685,10,0.008968203266940252,0.7905174396537472,10,0.009061361885333963,1
20,3,5,0.7467581751601217,9,0.6618453050805595,5,0.7302962521922752,6,0.741641344981714,5,0.011486292131522406,0.7443068336773945,5,0.011579738181847755,0.741641344981714,5,0.01147498214011227,1
20,3,10,0.761685081427495,15,0.7588101294060317,10,0.7467581751601217,9,0.7599500895577193,10,0.009219875653680005,0.7585204687100838,10,0.009291278213215553,0.755835906528194,10,0.009173998288722967,1
20,3,5,0.8381578343070927,6,0.8266367241555711,5,0.8248369409469265,4,0.8231491780164404,5,0.01221083370385182,0.8266443367412554,5,0.012059027084812908,0.8077580838505757,5,0.013386199393796847,1
20,3,10,0.8173223513130211,12,0.8057216179918787,10,0.8381578343070927,6,0.8097526362682309,10,0.010565928610129931,0.8097526362682309,10,0.010432709151449717,0.8148327715916209,10,0.01201448337332642,1
20,3,5,0.7409048003448366,6,0.7494737230112313,5,0.7694261642279105,4,0.7560686391798822,5,0.008922374904073051,0.7597720372974518,5,0.008901784521477444,0.7597720372974518,5,0.008875008273713432,1
20,3,10,0.7740787597542678,11,0.768235419365682,10,0.7409048003448366,6,0.7751248275282588,10,0.009144495822110712,0.7779829554148846,10,0.009145329580538765,0.7637884099543827,10,0.008726191616706054,1
20,3,5,0.7308805703916023,6,0.7242110737414779,5,0.6867411115167843,3,0.7638962955606474,5,0.010038910714114587,0.7658573188653993,5,0.010132019473698099,0.7527043806920513,5,0.011119535222628929,1
20,3,10,0.7999451504905112,14,0.796105957365049,10,0.7308805703916023,6,0.7830599348249991,10,0.008171285464809198,0.7830599348249991,10,0.008231738806168103,0.7866171326467948,10,0.00807099350460846,1
20,3,5,0.6968600330181293,8,0.6625435544183566,5,0.6415803933090322,6,0.6288304857968031,5,0.010311016897209457,0.6235337033389109,5,0.010303056464772043,0.6200252071793274,5,0.010962564440184352,1
20,3,10,0.6859699325110828,12,0.6934693705530168,10,0.6968600330181293,8,0.695261696702509,10,0.00787075347332612,0.6990338405781175,10,0.007873829973996842,0.7163592942644835,10,0.008009026513077399,1
20,3,5,0.7320697347386407,7,0.7473413035878371,5,0.7273315425246487,4,0.730882886922611,5,0.009035378645673718,0.730882886922611,5,0.009085524878845123,0.7531189830675808,5,0.008704107907493907,2
20,3,10,0.7524497171517784,10,0.7524497171517784,10,0.7320697347386407,7,0.7388758209676335,10,0.007402503182872882,0.7391201258768033,10,0.007432900213835088,0.7426971498256755,10,0.007360927794564536,2
20,3,5,0.7296911247614781,6,0.7129921090414764,5,0.7015057424019668,3,0.7274137710500674,5,0.010175916943376563,0.7307816092600325,5,0.010195501385617024,0.7324347400922003,5,0.010094019835661784,2
20,3,10,0.7630004197755079,11,0.7665158893382663,10,0.7296911247614781,6,0.7664110790609041,10,0.00900732352643133,0.7685019560854901,10,0.008988334660474561,0.755624925744172,10,0.009228142393067209,2
20,3,5,0.8221109076003486,5,0.8221109076003486,5,0.7650258265992482,4,0.8257122092906548,5,0.014675058707468566,0.8216933107441867,5,0.014326055445668631,0.8215846562174216,5,0.014261721360641936,2
20,3,10,0.8078247606293715,11,0.813610390958093,10,0.8221109076003486,5,0.8217067655075004,10,0.013029453463452578,0.82327489261826,10,0.012872995693354409,0.8217067655075004,10,0.012773552655420519,2
20,3,5,0.7045189808883209,7,0.6697314354884532,5,0.6725662381224345,5,0.7258017214030087,5,0.01100202295308229,0.7224382608106907,5,0.010991277174279728,0.7218702371720838,5,0.010975268388570113,2
20,3,10,0.7689151438655122,13,0.7674272575447831,10,0.7045189808883209,7,0.7769872400584222,10,0.008650507446674524,0.7402482043245663,10,0.0091574318875628,0.7726159770049574,10,0.008609157770538872,2
20,3,5,0.7442148072009316,8,0.7407738867248961,5,0.738377604934395,5,0.7522754377004183,5,0.010233963624977069,0.7540808875589615,5,0.01028692378537444,0.7283383527749197,5,0.01138876728690095,2
20,3,10,0.7672654868215777,13,0.7571068512583213,10,0.7442148072009316,8,0.773386309971825,10,0.008790013988869113,0.776650582822168,10,0.008780037628473106,0.7473074511700308,10,0.008882692137392638,2
20,3,5,0.7475042357677496,7,0.7421877368204876,5,0.728876979829869,5,0.7478525512831109,5,0.01632972421031938,0.7478525512831109,5,0.01642018898434412,0.7322246316623992,5,0.017792016754643605,2
20,3,10,0.7803075661085898,15,0.7523015436788142,10,0.7475042357677496,7,0.7714229343069698,10,0.01456699512576934,0.7653650149352663,10,0.014794155588744928,0.7553569915472829,10,0.015719466557575786,2
20,3,5,0.9616217006876348,7,0.9616217006876348,5,0.9616217006876348,6,0.9616217006876348,5,0.005056577965765831,0.9616217006876348,5,0.005083023198713802,0.9616217006876348,5,0.0054807945442391925,2
20,3,10,0.9616217006876348,11,0.9616217006876348,10,0.9616217006876348,7,0.9616217006876348,10,0.004604415095285304,0.9590448279061468,10,0.004679305757831881,0.9616217006876348,10,0.004499313866276287,2
20,3,5,0.8107974478872454,6,0.8116443458152146,5,0.7889927554485043,4,0.8061875247416761,5,0.014297600377057757,0.7989098702671683,5,0.014337184778930796,0.7849133706913394,5,0.015422378859055444,2
20,3,10,0.8171479875716277,11,0.8165253090184025,10,0.8107974478872454,6,0.8090186450131553,10,0.012553944432345974,0.8010484653352233,10,0.012873946213237716,0.8126035412478064,10,0.012123842590931482,2
20,3,5,0.8314727131129064,6,0.8280559335957378,5,0.8011401023504401,4,0.8104427136546558,5,0.010647536363586485,0.8074901326925126,5,0.010517827157202739,0.8086593865525178,5,0.0111559640695552,3
20,3,10,0.8172887944795377,12,0.8143821243269881,10,0.8314727131129064,6,0.8119972161291052,10,0.010768177523865436,0.8051154438769972,10,0.010893246587343766,0.8114271263591556,10,0.010665655398521554,3
20,3,5,0.9274848675056415,5,0.9274848675056415,5,0.9185819073315105,4,0.9294821232244056,5,0.0060756895341489104,0.9312785893671408,5,0.006057350499044782,0.9249555461920067,5,0.008924982469276897,3
20,3,10,0.9239888906606686,13,0.9291177137957535,10,0.9274848675056415,5,0.9177495989946565,10,0.005390870337123075,0.9179988091759156,10,0.005358089106953537,0.9284799820499693,10,0.005720024586310487,3
20,3,5,0.9056496625153884,6,0.9082990443907943,5,0.9056496625153884,4,0.9029539809560638,5,0.00621703016380467,0.9056033628314698,5,0.006271478908616485,0.9046892324337408,5,0.006594044974608202,3
20,3,10,0.9168598199203664,13,0.9174049618478234,10,0.9056496625153884,6,0.9127309222001802,10,0.0057545125382982495,0.9161856790434716,10,0.005746828906115799,0.9080111390531898,10,0.0060729332741878694,3
20,3,5,0.879117752768272,6,0.8808356983875288,5,0.8603650281640416,4,0.8870699736935985,5,0.006342844414606486,0.8835588928941268,5,0.006312610483841955,0.8835588928941268,5,0.006298800824185109,3
20,3,10,0.8754327142940853,12,0.8811268566939516,10,0.879117752768272,6,0.8811405103505181,10,0.006250530811480679,0.8796357249333935,10,0.006350505502515006,0.8920324842110892,10,0.005917636789691453,3
20,3,5,0.8481140798806048,6,0.8550355181189411,5,0.8239765745741492,4,0.8414717638688815,5,0.01874195029564185,0.8501242849513825,5,0.017980760475822522,0.8287195439273081,5,0.022470775769872345,3
20,3,10,0.8535205913801668,13,0.844876400661417,10,0.8481140798806048,6,0.8644855775720067,10,0.0179315793594932,0.8422015066826507,10,0.018893561889221568,0.8228399702642797,10,0.021648254746757842,3
20,3,5,0.9738561890187062,6,0.9738561890187062,5,0.9738561890187062,3,0.9738561890187062,5,0.005257871963662022,0.9738561890187062,5,0.0052703359832088955,0.9738561890187062,5,0.005449219914734742,3
20,3,10,0.9738561890187062,13,0.9738561890187062,10,0.9738561890187062,6,0.9738561890187062,10,0.00518966044899653,0.9738561890187062,10,0.005187010940812475,0.9738561890187062,10,0.0050868023207102115,3
20,3,5,0.9782166177104139,6,0.9782166177104139,5,0.9782166177104139,4,0.9782166177104139,5,0.006231762713871018,0.9782166177104139,5,0.006203176808004055,0.9782166177104139,5,0.006163510845607616,3
20,3,10,0.9782166177104139,14,0.9782166177104139,10,0.9782166177104139,6,0.9782166177104139,10,0.005707101133660772,0.9782166177104139,10,0.005721499297626292,0.9782166177104139,10,0.0058322460909688905,3
20,3,5,0.964757124959476,7,0.964757124959476,5,0.964757124959476,4,0.964757124959476,5,0.007390122936044662,0.964757124959476,5,0.007524952443112179,0.964757124959476,5,0.008292484693333184,3
20,3,10,0.964757124959476,13,0.964757124959476,10,0.964757124959476,7,0.964757124959476,10,0.007242889221003665,0.964757124959476,10,0.007380032016572202,0.964757124959476,10,0.007246376992430959,3
20,3,5,0.9304829587328417,9,0.9304829587328417,5,0.9304829587328417,5,0.9304829587328417,5,0.011325198149650315,0.9304829587328417,5,0.01141296366026068,0.9304829587328417,5,0.01281268349146537,4
20,3,10,0.9304829587328417,14,0.9304829587328417,10,0.9304829587328417,9,0.9304829587328417,10,0.011406708363639146,0.9304829587328417,10,0.011477570423917595,0.9304829587328417,10,0.012067959111575353,4
20,3,5,0.7854985930605223,7,0.7788474376959666,5,0.7820031585961555,4,0.7836725592512253,5,0.014260030111619906,0.7641787647804015,5,0.01455453315118535,0.7864641512462089,5,0.014034974354974085,4
20,3,10,0.8527780061649068,15,0.8375072169861106,10,0.7854985930605223,7,0.81232324429304,10,0.01040319942790851,0.8123518262163018,10,0.010285181052326979,0.8248696041779541,10,0.011877926129575606,4
20,3,5,0.9749982719568456,10,0.9749982719568456,5,0.9749982719568456,6,0.9749982719568456,5,0.006464113268719437,0.9749982719568456,5,0.006487030576154344,0.9749982719568456,5,0.006786669407223158,4
20,3,10,0.9749982719568456,15,0.9749982719568456,10,0.9749982719568456,10,0.9749982719568456,10,0.006263030827932212,0.9749982719568456,10,0.006248068853906394,0.9749982719568456,10,0.006352587792880472,4
20,3,5,0.9239259019721363,8,0.920958170328074,5,0.9184705887506097,5,0.920958170328074,5,0.009916428013598893,0.920958170328074,5,0.009794056203564959,0.920958170328074,5,0.010608071319337622,4
20,3,10,0.9214383203946721,15,0.9145116240238306,10,0.9239259019721363,8,0.9214383203946721,10,0.009897110145424616,0.9184705887506097,10,0.010127316872211882,0.9157911342933029,10,0.009793346405857137,4
20,3,5,0.8753592961246859,9,0.9015686824889143,5,0.900246105583279,6,0.8982083089066231,5,0.011317003340993715,0.8901141410855054,5,0.011227843374605747,0.9078502693556315,5,0.012446969175840119,4
20,3,10,0.8980124396076714,15,0.9036381559424822,10,0.8753592961246859,9,0.8850059769260737,10,0.009643746162755023,0.8922563136045124,10,0.00949645984593915,0.9143619285913064,10,0.0111354771771468,4
20,3,5,0.7995037665353616,6,0.8250894233054347,5,0.7695243676295023,3,0.821698050449007,5,0.016388927765642866,0.803598851923857,5,0.016219848637078222,0.8268304736107291,5,0.016258025085081795,4
20,3,10,0.9020949471443902,10,0.9020949471443902,10,0.7995037665353616,6,0.8984967335140326,10,0.007926579649453598,0.9016456464091346,10,0.007567685009604192,0.899327329795083,10,0.007653740816982647,4
20,3,5,0.8937335715503781,6,0.8937335715503781,5,0.8969915418009475,4,0.8874829653460924,5,0.0069623916564212325,0.8698984391521628,5,0.007292073162326263,0.9033074720878077,5,0.010107556467447583,4
20,3,10,0.8903616303555073,13,0.8806372951527284,10,0.8937335715503781,6,0.8807684490777103,10,0.0068321498359983825,0.8710069842643583,10,0.007367880389514666,0.8849282359604858,10,0.007209108059637593,4
20,3,5,0.8696700148665858,8,0.8669889351666394,5,0.8720070590839974,5,0.8685471381211125,5,0.012549077337984993,0.8666026849999554,5,0.013423236324724834,0.8676089598846424,5,0.013463349902154148,4
20,3,10,0.8659397689049507,14,0.8705605069301762,10,0.8696700148665858,8,0.8713071425053104,10,0.012457317905575874,0.8708224117771345,10,0.012390124980167101,0.8674534556979974,10,0.012593258984334506,4
20,3,5,0.9224196374929452,9,0.9240869642972064,5,0.9224196374929452,5,0.9224196374929452,5,0.007340837900668283,0.9224196374929452,5,0.0072989427632602424,0.9240869642972064,5,0.007815756191231635,5
20,3,10,0.9224196374929452,16,0.9239579112856637,10,0.9224196374929452,9,0.9224196374929452,10,0.007169325390798993,0.9237677947634626,10,0.0072755539808290765,0.9210147605137057,10,0.0072548037815439925,5
20,3,5,0.7947552444426763,7,0.7933706490340765,5,0.774360053059616,4,0.7978833000882664,5,0.009843550665538017,0.7933463436310856,5,0.010581045789594625,0.7217145758159671,5,0.021938624420315807,5
20,3,10,0.7936601481641711,12,0.7808129091568425,10,0.7947552444426763,7,0.797100279546164,10,0.009233716798627547,0.7825157239364159,10,0.009699083057108794,0.7576071283519584,10,0.013133545842173458,5
20,3,5,0.7587367603417163,7,0.7406571589114257,5,0.7389257877430607,5,0.7373256427179451,5,0.011591484663035813,0.7352041969296047,5,0.013060361218949584,0.7231193415029337,5,0.018174850856679838,5
20,3,10,0.8077829361942797,14,0.7936371988826693,10,0.7587367603417163,7,0.7825020174108824,10,0.008220107631424264,0.788627075694645,10,0.008637440670969963,0.7948211258620275,10,0.009689793878265195,5
20,3,5,0.9217241985728033,9,0.9217241985728033,5,0.9217241985728033,5,0.9217241985728033,5,0.008312598070194039,0.9217241985728033,5,0.008424554856040569,0.9217241985728033,5,0.008254653433895937,5
20,3,10,0.9217241985728033,14,0.9217241985728033,10,0.9217241985728033,9,0.9217241985728033,10,0.008127292549081438,0.9217241985728033,10,0.00821004843529344,0.9217241985728033,10,0.008705768398471753,5
20,3,5,0.9037921958496127,7,0.9037921958496127,5,0.9037921958496127,5,0.9037921958496127,5,0.007879532463691892,0.9037921958496127,5,0.008004129462124107,0.9037921958496127,5,0.008360606917109494,5
20,3,10,0.9037921958496127,14,0.9037921958496127,10,0.9037921958496127,7,0.9007674939851343,10,0.008206071952796696,0.9007674939851343,10,0.008294124494314952,0.9037921958496127,10,0.008218639943844704,5
20,3,5,0.7774772678675399,7,0.7920876212046435,5,0.7636433035459081,4,0.7778053499925954,5,0.010245446190378532,0.7778053499925954,5,0.010337733049599528,0.7629232760481831,5,0.011983210438148687,5
20,3,10,0.839710565126061,13,0.8212827919524505,10,0.7774772678675399,7,0.833813726604705,10,0.006857514874837962,0.8253928439793647,10,0.006701968673033826,0.8232490494161006,10,0.007945989411913507,5
20,3,5,0.8053432919579017,7,0.8014172825674694,5,0.7849517700952137,5,0.8014172825674694,5,0.00884083342517052,0.8015437805369983,5,0.00886514797011889,0.6994940508998111,5,0.01254542662114074,5
20,3,10,0.8193245933772709,10,0.8193245933772709,10,0.8053432919579017,7,0.8254827801680638,10,0.007180548323154796,0.8335524235421897,10,0.007095323370984084,0.793549214587086,10,0.00975594359369627,5
20,3,5,0.7632243369348075,6,0.7499655756698561,5,0.7375175248245566,4,0.7537891855457591,5,0.008456916132656155,0.7469688491032578,5,0.008919009109616398,0.7109640244575028,5,0.011023397182189993,5
20,3,10,0.7655766812144981,12,0.7735772668045199,10,0.7632243369348075,6,0.7606265152617975,10,0.007636751350938807,0.7638782344436668,10,0.007696156561476242,0.7656084872817261,10,0.007491485810745418,5
20,3,5,0.8484750579208898,7,0.8406548341053156,5,0.8144765077048197,4,0.8512644157177519,5,0.008041881427243712,0.8493954827956021,5,0.008105542404810975,0.8323053542480005,5,0.0082593781407148,6
20,3,10,0.8245905711721737,13,0.823801294971746,10,0.8484750579208898,7,0.852993320927441,10,0.007297102046057588,0.852993320927441,10,0.007353993936663488,0.8290607690190387,10,0.007430237517053445,6
20,3,5,0.7762863611615954,7,0.7823790674160085,5,0.778251437248298,4,0.7740468066912927,5,0.006497562357138243,0.7740468066912927,5,0.006536960789768587,0.7635029849308076,5,0.007891300172813679,6
20,3,10,0.7898009488386044,13,0.789628880711324,10,0.7762863611615954,7,0.8134538934862799,10,0.005719902845664172,0.8134538934862799,10,0.00574824135841495,0.7822834990720782,10,0.006019967391380319,6
20,3,5,0.8264989205447242,8,0.8364436432217033,5,0.8130200656959091,5,0.8313287903627109,5,0.00974130090883373,0.827114868229603,5,0.009710795923435206,0.7879323509717238,5,0.01198048007625391,6
20,3,10,0.8378939252098135,14,0.8577671854652745,10,0.8264989205447242,8,0.8486704034617083,10,0.007675601440346308,0.845973701782553,10,0.007641665951523033,0.8520079453356881,10,0.008304440359232083,6
20,3,5,0.8228745063464377,6,0.8204301716777669,5,0.7572160405867159,4,0.7963350665123149,5,0.01138092421852814,0.7963350665123149,5,0.011187400294580258,0.758538114226522,5,0.013209649237480732,6
20,3,10,0.8598864922388312,11,0.8590883136278976,10,0.8228745063464377,6,0.8636073887716366,10,0.007691867871815575,0.8636073887716366,10,0.007521711018177024,0.8499124740878391,10,0.008287485087488075,6
20,3,5,0.7389074264317367,7,0.7421432972352586,5,0.7402988897965123,4,0.7433119922946536,5,0.005516909068083862,0.7433119922946536,5,0.0055309933980450116,0.7472700745476428,5,0.005497585515790865,6
20,3,10,0.7614284226451191,15,0.7590434882122832,10,0.7389074264317367,7,0.7511738553225642,10,0.005256960543640473,0.7511738553225642,10,0.005271310058255768,0.7580352621556742,10,0.005097637396502653,6
20,3,5,0.792917257981197,6,0.7900686970530569,5,0.7754900485748606,4,0.7742602083669344,5,0.012010008304553671,0.7782025634505907,5,0.011938206622580536,0.7284372776752962,5,0.01725032683472482,6
20,3,10,0.8342931189087359,14,0.8197544192328311,10,0.792917257981197,6,0.8252350247635531,10,0.0100647245588856,0.8274512966282762,10,0.010009254744804892,0.7734757243050123,10,0.011461372529053241,6
20,3,5,0.7341683870256422,5,0.7341683870256422,5,0.7047836782016782,3,0.7341683870256422,5,0.01017220321405315,0.7341683870256422,5,0.01025618048082252,0.6974176923029208,5,0.013591787679628013,6
20,3,10,0.7762411155830855,10,0.7762411155830855,10,0.7341683870256422,5,0.7745542497523303,10,0.008498440342701046,0.7745542497523303,10,0.008658809086219304,0.7695199968176338,10,0.008707869514994915,6
20,3,5,0.8352515526272033,7,0.8357345232977993,5,0.8042269335949321,5,0.8350175632545036,5,0.006514038698370882,0.8408649169230834,5,0.006529932732432451,0.7603353627345024,5,0.012344001866497294,6
20,3,10,0.8464253325720905,17,0.8257366827455,10,0.8352515526272033,7,0.8435314727181179,10,0.005738002217709241,0.8466862833517452,10,0.006175350794306967,0.8474304780089051,10,0.006252969372962014,6
20,3,5,0.7615326810179861,6,0.7825781033186011,5,0.7340296725054906,4,0.7780894415841838,5,0.010569121696758233,0.7825866517454396,5,0.010597486253824936,0.7077635767755021,5,0.013777523069938338,7
20,3,10,0.8256872524305175,11,0.8250451455719887,10,0.7615326810179861,6,0.8166182140786963,10,0.00708898260774968,0.8168409708158362,10,0.007139434208737844,0.8007203646942154,10,0.00720257549652419,7
20,3,5,0.9473312931057962,6,0.9453738143206756,5,0.9473312931057962,4,0.9442257911577576,5,0.006573707996517824,0.9445078590590352,5,0.006995438737760524,0.9473312931057962,5,0.010535832396212332,7
20,3,10,0.946465337844156,12,0.946465337844156,10,0.9473312931057962,6,0.9445078590590352,10,0.0061424051115753905,0.9343193244862475,10,0.006974172688250279,0.946465337844156,10,0.006665189816934043,7
20,3,5,0.8226769059998323,8,0.7847999464639346,5,0.8027631009974904,5,0.7922745338047511,5,0.017012051513180235,0.7961190282922272,5,0.017878960755371546,0.8079772785691819,5,0.01640380811893731,7
20,3,10,0.8443705750011742,14,0.8459881447200455,10,0.8226769059998323,8,0.8386287789381845,10,0.01310064452547975,0.8401084892370021,10,0.013677707478517745,0.8405335151657101,10,0.013230736033371979,7
20,3,5,0.8444886099602644,5,0.8444886099602644,5,0.8481634745306079,3,0.8444886099602644,5,0.004588022413474291,0.8440775165574151,5,0.00459199769013623,0.8426500907330199,5,0.005366157249772678,7
20,3,10,0.8399642520232737,11,0.8340286815842819,10,0.8444886099602644,5,0.8501709197908551,10,0.004088348490365967,0.8457296048394409,10,0.004074077942848319,0.8638581753439712,10,0.004664278056012868,7
20,3,5,0.7482198709293109,7,0.7371844164480819,5,0.724265092100124,3,0.7118950611106778,5,0.011036952873625772,0.7204147442317577,5,0.011042906163773066,0.7362426694324024,5,0.011221118381209677,7
20,3,10,0.7838226928245189,11,0.8092931434240098,10,0.7482198709293109,7,0.7641633517537002,10,0.008876127547766743,0.7641633517537002,10,0.008786841552038842,0.8100630771081943,10,0.007236798871129448,7
20,3,5,0.9628088208664679,6,0.9628088208664679,5,0.9659181027078666,5,0.9628088208664679,5,0.00745906268252098,0.9553745325871486,5,0.00835639926060965,0.9659181027078666,5,0.011009830277225631,7
20,3,10,0.9628088208664679,15,0.9628088208664679,10,0.9628088208664679,6,0.9615373820678849,10,0.007842317896454355,0.947871575390239,10,0.008947018626867084,0.9576938402983712,10,0.008309011075981141,7
20,3,5,0.7718902429991473,5,0.7718902429991473,5,0.7702781668163424,3,0.7693420842234411,5,0.008967229415957654,0.7718902429991473,5,0.008987637454509355,0.7892910157338248,5,0.0091163050936263,7
20,3,10,0.8058006052453301,11,0.802787477768168,10,0.7718902429991473,5,0.8163059724068115,10,0.006479201895537707,0.814791237038621,10,0.006415985783803534,0.8055493196913361,10,0.006570758727814513,7
20,3,5,0.785288820572634,6,0.7683541333413636,5,0.7828724992266671,3,0.7807062165680798,5,0.007123912919194347,0.7764907672304895,5,0.007042713979227275,0.8169660533231847,5,0.0058351701897538955,7
20,3,10,0.8355868571423117,10,0.8355868571423117,10,0.785288820572634,6,0.8355868571423117,10,0.0045529755688167705,0.8355868571423117,10,0.004504586911675333,0.8409472415451391,10,0.004999284900936138,7
20,3,5,0.922437986300902,8,0.922437986300902,5,0.922437986300902,5,0.922437986300902,5,0.007861812532275293,0.922437986300902,5,0.007997523579697088,0.922437986300902,5,0.007714579664319012,8
20,3,10,0.9208002241238396,12,0.9234591619406355,10,0.922437986300902,8,0.9234591619406355,10,0.006872271035736925,0.9234591619406355,10,0.006904111082400939,0.9208002241238396,10,0.007665224298725055,8
20,3,5,0.6712111878176357,7,0.6453080782366034,5,0.645173461886701,4,0.6481938811843054,5,0.00800720961164661,0.6463556404402433,5,0.00810302002690619,0.6516178833425668,5,0.008736133418476436,8
20,3,10,0.6402465540449885,14,0.6428511359335124,10,0.6712111878176357,7,0.639377360855043,10,0.007713537324481773,0.6401833276039974,10,0.007831575536945532,0.6640901529876245,10,0.0080478537435555,8
20,3,5,0.7059345085326417,7,0.7120719072827909,5,0.688290973855145,3,0.6973666373068966,5,0.008109521865121106,0.6935195988730583,5,0.008083148890395242,0.6993077070279888,5,0.009049273008990426,8
20,3,10,0.7325809662772031,13,0.7254951299286599,10,0.7059345085326417,7,0.7197359597757442,10,0.0077409353539423,0.7046215742074483,10,0.007781514133572488,0.6774785002873122,10,0.008920916022487629,8
20,3,5,0.7880010827630182,7,0.761203592471943,5,0.7677220258347922,4,0.7863155429459124,5,0.007988686104067841,0.7871503421996501,5,0.007913999515219653,0.779101290923074,5,0.008063819221117376,8
20,3,10,0.7576669910993279,12,0.7396130104109874,10,0.7880010827630182,7,0.7419185414208325,10,0.0077566256910344385,0.7546678890332821,10,0.007725445583042452,0.746237426006977,10,0.0076172612791807785,8
20,3,5,0.7677187694580359,7,0.7898084414552957,5,0.7557133701501743,5,0.7928687870815417,5,0.008287306437312791,0.7901169106995518,5,0.008211412590285063,0.800323805235663,5,0.008927503843323028,8
20,3,10,0.7928289924435308,13,0.7861833892239232,10,0.7677187694580359,7,0.7881521059451473,10,0.00770801146537828,0.7846528595426406,10,0.007748117923433726,0.7950722659443819,10,0.008405639731053667,8
20,3,5,0.7510050975783321,5,0.7510050975783321,5,0.6881039913084683,3,0.7510050975783321,5,0.009139538528048118,0.7476545165565253,5,0.009010136673557469,0.7510050975783321,5,0.00910638060434186,8
20,3,10,0.7609359223499769,12,0.760464925394474,10,0.7510050975783321,5,0.7647917519314054,10,0.008527089713289762,0.772713337545172,10,0.008382108148518084,0.7694371377818991,10,0.008488795625267267,8
20,3,5,0.7071266399055559,6,0.7183970623912317,5,0.654062204586856,3,0.6946871820517585,5,0.009606364429874378,0.6946871820517585,5,0.009752232358537111,0.5870711128910105,5,0.014535391612990056,8
20,3,10,0.7241845876947844,13,0.7226960042056723,10,0.7071266399055559,6,0.7166663569077445,10,0.008853523080944161,0.7292586609780032,10,0.009010002604384351,0.710785489248094,10,0.009441569725357528,8
20,3,5,0.7187945957585653,6,0.7237362018138496,5,0.7130559536251354,4,0.6979596773839677,5,0.006200089691136598,0.6957017260855286,5,0.006284526667357373,0.6504966586281012,5,0.009020329020134379,8
20,3,10,0.7186961807987239,12,0.7276640197476191,10,0.7187945957585653,6,0.7255798324593244,10,0.006260306351962459,0.7305497213295076,10,0.006373311094719029,0.7255798324593244,10,0.006275376409197366,8
20,3,5,0.782507452122159,7,0.7727132610943374,5,0.7308311625376271,3,0.7648484625043027,5,0.006950818884024303,0.7604546183723756,5,0.006966007057321896,0.7324698515022092,5,0.00946426564503285,9
20,3,10,0.8079443472092998,15,0.7913201758444419,10,0.782507452122159,7,0.8031478917416013,10,0.0060608570765255014,0.8043843141101025,10,0.006015368086172481,0.7830235154762488,10,0.006009448373834657,9
20,3,5,0.7027873960573597,7,0.6845038277361833,5,0.7036773709443627,4,0.7093391438786056,5,0.006945290846730359,0.7094556550597233,5,0.006970428408417879,0.7557535862657094,5,0.006774211477920574,9
20,3,10,0.7390656161743644,13,0.7657420221964928,10,0.7027873960573597,7,0.7530264196025807,10,0.005629276923056323,0.7529654294130959,10,0.005600585540675612,0.7440602732236432,10,0.006129179747063661,9
20,3,5,0.7302461645199764,7,0.7342504045790315,5,0.7070992030096235,3,0.7311244926721593,5,0.0112785074190296,0.7276257897507806,5,0.011289544295772612,0.7394039825696849,5,0.010893948804354394,9
20,3,10,0.7910616943661686,14,0.7870450527444645,10,0.7302461645199764,7,0.787459466425647,10,0.009266352771335343,0.787459466425647,10,0.009199320880916753,0.7896730448041616,10,0.008238627177192447,9
20,3,5,0.7675217022889999,7,0.7679189549275213,5,0.7716909011254811,3,0.7578836803642393,5,0.014315543178077175,0.7548831989428003,5,0.014525676374783743,0.7740676363571007,5,0.01550827650062117,9
20,3,10,0.8275958994677383,14,0.8357355444952482,10,0.7675217022889999,7,0.8259108939884261,10,0.008855097022136266,0.7891779607451374,10,0.010640104090234307,0.8158704664001567,10,0.009803971026452226,9
20,3,5,0.7345932508642057,7,0.7231918393563387,5,0.7026192475382196,4,0.7264990407533026,5,0.008236846303225196,0.7242682967576387,5,0.00819363324908085,0.7264990407533026,5,0.008198251172543523,9
20,3,10,0.7869709801409126,16,0.7801594455753267,10,0.7345932508642057,7,0.7655248099944488,10,0.00607685716125389,0.7710078350298873,10,0.006017894421718799,0.7953718183431193,10,0.006076357711677793,9
20,3,5,0.7458536316995309,6,0.7500961386792822,5,0.7259492601241527,3,0.7268232234651717,5,0.006880664691926031,0.7225288501197196,5,0.006890442180806463,0.7406800118310498,5,0.007718777084585602,9
20,3,10,0.7683121840018163,12,0.7559968611655351,10,0.7458536316995309,6,0.7475477461769964,10,0.005602661245181603,0.7518952266045372,10,0.0056266457678113765,0.7838787765696604,10,0.005464607171925899,9
20,3,5,0.7629426835874518,7,0.7561776622238169,5,0.713415138501928,3,0.767530806040103,5,0.005147009639789292,0.767530806040103,5,0.005130892522711741,0.6845083291635996,5,0.006945793766331796,9
20,3,10,0.8055433048466984,13,0.7894018214784968,10,0.7629426835874518,7,0.7883985166412597,10,0.004956910321688022,0.7994157925813876,10,0.005051028628587031,0.7803618663065998,10,0.004970109397373087,9
20,3,5,0.732908010387554,7,0.709683612427189,5,0.7032537765788955,4,0.7116013865799834,5,0.010872330861421529,0.7049078179165285,5,0.010905511828578737,0.7121395327748452,5,0.012249387718322008,9
20,3,10,0.7921732150767696,13,0.7998756371284881,10,0.732908010387554,7,0.7512441868187085,10,0.008161535581590659,0.750951949698072,10,0.008317873618791233,0.7884882549691142,10,0.007702929310204398,9
20,3,5,0.8807657266580604,5,0.8807657266580604,5,0.8839810193187039,3,0.8792859665228392,5,0.007142438357729829,0.8759821728288834,5,0.0070502934724109255,0.8808549887975526,5,0.00946350112802475,10
20,3,10,0.898579870889283,10,0.898579870889283,10,0.8807657266580604,5,0.9010043273304357,10,0.007112049592870566,0.898579870889283,10,0.006967367903506877,0.898579870889283,10,0.007033554273084789,10
20,3,5,0.8110584100141711,6,0.7928502349471405,5,0.7719535288809257,4,0.802561332908128,5,0.010564177286711048,0.7995734389832778,5,0.010494846078001384,0.802561332908128,5,0.01050655176766642,10
20,3,10,0.822572887590789,12,0.8045849676046823,10,0.8110584100141711,6,0.8170688572324277,10,0.008200548716672959,0.8091888863425659,10,0.008100270823555043,0.8017381457828504,10,0.00822274574239802,10
20,3,5,0.7825952678220087,6,0.7574505403240817,5,0.7495034466472359,4,0.7604259580069181,5,0.008987549399837856,0.7670756379341395,5,0.008891316629960615,0.7604259580069181,5,0.008961792586099544,10
20,3,10,0.7927294404314432,11,0.7949556248722782,10,0.7825952678220087,6,0.7947675266498935,10,0.008133192834141377,0.7911888708055581,10,0.008090761879731508,0.7894378701372403,10,0.008134291981568573,10
20,3,5,0.8436297983880521,6,0.8446411985613747,5,0.8022320077657491,4,0.843133867442779,5,0.0061294108851971865,0.8348695575277613,5,0.006127552348359973,0.8112027112922792,5,0.00966826900733738,10
20,3,10,0.8399470169671975,11,0.8396920181830303,10,0.8436297983880521,6,0.8375358082410329,10,0.0057535413381893585,0.8337415657772994,10,0.005831552456011624,0.837831907459222,10,0.0056797771813243145,10
20,3,5,0.7426231376511543,6,0.746036468652063,5,0.730647209907545,3,0.7288678290161004,5,0.007450127168495341,0.7312217849608892,5,0.0074191079378106775,0.746036468652063,5,0.006882105079545675,10
20,3,10,0.7771208133638585,10,0.7771208133638585,10,0.7426231376511543,6,0.7742534723120293,10,0.0063014083281092825,0.7717349908226292,10,0.006277259165170001,0.7709990285219341,10,0.006375117213499934,10
20,3,5,0.9586353948592572,5,0.9586353948592572,5,0.9604852027731432,3,0.9586353948592572,5,0.0048869911507081745,0.9586353948592572,5,0.004855104307064219,0.9604852027731432,5,0.005670973794596258,10
20,3,10,0.9586353948592572,12,0.9586353948592572,10,0.9586353948592572,5,0.9586353948592572,10,0.005062575790130348,0.9586353948592572,10,0.005025155128701817,0.9604852027731432,10,0.0057593871595509145,10
20,3,5,0.772007657202148,5,0.772007657202148,5,0.7784332713525658,3,0.7659729514133193,5,0.005212699575009758,0.7659729514133193,5,0.0052709231941509265,0.7779515785598431,5,0.005253816177699874,10
20,3,10,0.7815552953708839,12,0.7750028049741294,10,0.772007657202148,5,0.7784025692910284,10,0.004699002108512496,0.7632678590636517,10,0.00458201697368623,0.7539233772203539,10,0.004985965391276645,10
20,3,5,0.8335521021554877,6,0.8326483668784248,5,0.816338927247271,3,0.8294185917789241,5,0.008484778092865271,0.827873219480188,5,0.008436125304930946,0.8180492508440286,5,0.01068002488001091,10
20,3,10,0.8325076240370469,12,0.8386647530390987,10,0.8335521021554877,6,0.8416382642301464,10,0.007779621229014599,0.8416382642301464,10,0.007745497514775252,0.8411930036337759,10,0.00763823382134949,10
20,3,5,0.8131152004048968,7,0.812678345471521,5,0.8096363136108585,4,0.8109783427992648,5,0.015323442012509673,0.8109783427992648,5,0.015034599704042272,0.7527248318901397,5,0.019613281390817756,11
20,3,10,0.8519704767134306,12,0.8679604170839057,10,0.8131152004048968,7,0.8532668928762881,10,0.011902080919031392,0.8545508117328928,10,0.011401820571879957,0.8509452033345252,10,0.012662661256445336,11
20,3,5,0.7593797615107584,7,0.7535196776330936,5,0.7208832269511776,3,0.7534019529007293,5,0.011088745080524504,0.7701553491666728,5,0.011134907698871464,0.7734694082198228,5,0.011224510415415969,11
20,3,10,0.7736820088108776,14,0.7571833471396892,10,0.7593797615107584,7,0.7881829070835241,10,0.010240551274582873,0.7881829070835241,10,0.010110992074736863,0.7848111448309043,10,0.010198641421081268,11
20,3,5,0.7947798078656996,7,0.7935008679648217,5,0.7746733195328351,4,0.7944836483909333,5,0.010012410219810287,0.7973661523733199,5,0.009881879866373525,0.7610548541584014,5,0.011572708591433601,11
20,3,10,0.8061487572830706,13,0.8176641769146501,10,0.7947798078656996,7,0.7995758932301801,10,0.009102050171952343,0.7943909046684957,10,0.008518541464377858,0.8106659685676626,10,0.009360499280228092,11
20,3,5,0.896031008613125,8,0.8933858171195314,5,0.9078752459411176,5,0.9008053387398012,5,0.009744217649506764,0.9006369204867236,5,0.00959930589164439,0.8804804079804898,5,0.013308077597666477,11
20,3,10,0.9051562570872965,12,0.8965989249850731,10,0.896031008613125,8,0.914160830194859,10,0.007801809164804991,0.901781998116364,10,0.0077380106234088775,0.8960384411128302,10,0.008850974932450809,11
20,3,5,0.7553632116913788,6,0.7727758447650075,5,0.7968185083024177,4,0.7699301299455565,5,0.009925089412420027,0.7538830213669948,5,0.009844136271345342,0.7419657045026425,5,0.012958280159622337,11
20,3,10,0.801889757947512,10,0.801889757947512,10,0.7553632116913788,6,0.8020024279352237,10,0.009126257586672673,0.7996213634581819,10,0.009149040452035365,0.7965633295318646,10,0.009203787674132281,11
20,3,5,0.7377865883333764,8,0.7418825413933572,5,0.7036671484307433,4,0.7662625832523389,5,0.013797188129968949,0.7578253873366513,5,0.01381147166287638,0.7209467097125353,5,0.015289018010039583,11
20,3,10,0.7924455093391101,14,0.763889789485115,10,0.7377865883333764,8,0.8091104541644846,10,0.00903703122522835,0.8224771945697587,10,0.009155681318673755,0.8045088361700835,10,0.009223343617174883,11
20,3,5,0.7999401186142825,7,0.8137591263219979,5,0.7648912900868592,4,0.8175275215164927,5,0.01204755376908151,0.8175646402860429,5,0.011948064134635311,0.7219269629324503,5,0.027833941097351027,11
20,3,10,0.8383509996660611,14,0.823997839763085,10,0.7999401186142825,7,0.827832385100249,10,0.010641255124032354,0.8206139534860957,10,0.010644776753872888,0.7779239921638298,10,0.01571704262046132,11
20,3,5,0.7724216223718849,8,0.7702648264856105,5,0.7372709511394685,4,0.7509053098247327,5,0.012284184664615424,0.7536831984900222,5,0.012155635600487867,0.7426500538793923,5,0.013166807507307393,11
20,3,10,0.7668920122155999,14,0.7580672699694179,10,0.7724216223718849,8,0.7615847838733919,10,0.009916409696772075,0.7587340075950777,10,0.009728356744824472,0.7621676329395184,10,0.010388629145028229,11
20,3,5,0.83358165378088,6,0.846985646453634,5,0.8492897991320252,3,0.8336840988975305,5,0.006999905890513274,0.829286229338649,5,0.0069711299063787485,0.8431895876543691,5,0.008282978957027464,12
20,3,10,0.8758188124520047,11,0.8735053197800152,10,0.83358165378088,6,0.8777903005828264,10,0.006345301030310311,0.8642575023679835,10,0.006287799740197628,0.8706268600576869,10,0.006291955688364828,12
20,3,5,0.8574784226756382,7,0.8526841658063697,5,0.8151274199601214,5,0.8519395320770747,5,0.00789189909036497,0.8592173360658026,5,0.007760509820742683,0.7860902878148346,5,0.013802228928978604,12
20,3,10,0.8348466167612834,14,0.8353782839371162,10,0.8574784226756382,7,0.8407563043286753,10,0.007786714359998052,0.8400308655619069,10,0.007606608719097897,0.8611948388930069,10,0.00789038512574897,12
20,3,5,0.7219103486702475,8,0.7426348602391464,5,0.6957360167057345,4,0.7328097088698325,5,0.007911688137419737,0.7301168366654623,5,0.007905885317819541,0.7079414975450108,5,0.007855859016028885,12
20,3,10,0.7315359378773174,13,0.7360184483211988,10,0.7219103486702475,8,0.7352615612894675,10,0.007567371184536921,0.7352615612894675,10,0.0075593941707363015,0.7319011135674661,10,0.007872560114891023,12
20,3,5,0.8247097498486304,5,0.8247097498486304,5,0.8066247655096289,3,0.8186567161154944,5,0.00871503851369463,0.8186567161154944,5,0.008710200111387349,0.815613752047549,5,0.009530551244673694,12
20,3,10,0.8330369197673217,12,0.8305779389929027,10,0.8247097498486304,5,0.8293960310863747,10,0.007984767506529806,0.8267055950919141,10,0.008073375664224697,0.8278755590706932,10,0.007798987710219799,12
20,3,5,0.8001166504436587,6,0.8104668150115626,5,0.7660865706938195,4,0.8226643217967566,5,0.011524035733078924,0.8156808159088055,5,0.011721529875852111,0.7268317832349789,5,0.016297799691493052,12
20,3,10,0.8304258920334927,12,0.8077075625965627,10,0.8001166504436587,6,0.8290236371189773,10,0.010896321542634839,0.8268763343051504,10,0.011133957055354247,0.8067164565692938,10,0.011068964965845585,12
20,3,5,0.7336283199618451,9,0.7161237950580058,5,0.7015768143085945,6,0.7403618900951401,5,0.008263646962700039,0.7442214467231586,5,0.008164807741393002,0.651617143844869,5,0.011758508530442085,12
20,3,10,0.7514576745299327,14,0.7404999151062754,10,0.7336283199618451,9,0.7585591347945161,10,0.0069848878226288335,0.7626148801834975,10,0.0069252290424913895,0.7626148801834975,10,0.006994938021223474,12
20,3,5,0.7828455943885144,7,0.7986786911541683,5,0.7668771587384247,4,0.8010396956468304,5,0.012286215953082057,0.8010396956468304,5,0.01212170629787474,0.7461393459951031,5,0.014242426022782188,12
20,3,10,0.7887804918842658,12,0.7802611941588004,10,0.7828455943885144,7,0.7993132539921511,10,0.011171800699603187,0.7973672915894442,10,0.010991250300495048,0.7759327663004975,10,0.011886240858418873,12
20,3,5,0.787704084773825,6,0.7773161142927588,5,0.7574073518695347,3,0.7685603070286071,5,0.010057551571972414,0.7843146198318123,5,0.011546706354890463,0.7685603070286071,5,0.010006651307974483,12
20,3,10,0.8030745329659092,12,0.7945510814978293,10,0.787704084773825,6,0.7961799416003221,10,0.010178539397073045,0.7991242004666065,10,0.010520820307343783,0.7882814641815205,10,0.010039755016058579,12
20,3,5,0.7904882629077057,6,0.7919004530923728,5,0.752039032693138,3,0.8135954657985468,5,0.007756072609637007,0.7880063679335906,5,0.0083619212691479,0.7912946310332786,5,0.008289112029183233,13
20,3,10,0.8224698190619687,12,0.7933769663750571,10,0.7904882629077057,6,0.8163054829993633,10,0.006382349960256941,0.8201642766813044,10,0.0064867123964803715,0.8251183888363565,10,0.006682070269013749,13
20,3,5,0.7907089815050704,5,0.7907089815050704,5,0.7717946831720836,3,0.783125599606477,5,0.009473278169671733,0.7900233997453076,5,0.009223887973231064,0.7123202591306911,5,0.01620606215484739,13
20,3,10,0.7781742984059936,12,0.7912897409488133,10,0.7907089815050704,5,0.7900221213542459,10,0.009408224749478599,0.7736319712903583,10,0.00933965041682871,0.7771508703840574,10,0.011009070640849732,13
20,3,5,0.9610536343484164,6,0.9610536343484164,5,0.9586804873775283,4,0.9474231238978835,5,0.006087043795486255,0.9214730386365738,5,0.007101105728709879,0.9301491862559564,5,0.006887192821623131,13
20,3,10,0.9536158142509085,12,0.9536158142509085,10,0.9610536343484164,6,0.9455710030826228,10,0.006138754853500982,0.9110955009815099,10,0.007434338630893048,0.9253567443667872,10,0.006797019018456533,13
20,3,5,0.8503938588322442,6,0.8317068158068622,5,0.8230730257071126,4,0.8414724868471465,5,0.008100482988088503,0.8384304488711637,5,0.007697356135131088,0.8343627496826119,5,0.008516045914653792,13
20,3,10,0.8617836899424481,13,0.8649407075727289,10,0.8503938588322442,6,0.8647131757981444,10,0.007069555153248053,0.8589791349025018,10,0.007074577177725689,0.856823717868033,10,0.00710084862102085,13
20,3,5,0.7840065834816269,5,0.7840065834816269,5,0.754537509141474,3,0.7796273262377474,5,0.009506872507121048,0.7763603603812476,5,0.009513809806683472,0.7557077029701007,5,0.011646052129145504,13
20,3,10,0.796886221902015,10,0.796886221902015,10,0.7840065834816269,5,0.796886221902015,10,0.008847107097376034,0.8010811533944936,10,0.008865959229567868,0.7983151300484115,10,0.008740727586673871,13
20,3,5,0.7947031805240257,7,0.793752090392553,5,0.7408562038460091,4,0.785378777345678,5,0.008630835998954516,0.785378777345678,5,0.008541877038014043,0.7495623960979826,5,0.008873686180419832,13
20,3,10,0.7971635531967578,10,0.7971635531967578,10,0.7947031805240257,7,0.8030092178736474,10,0.0065602725963342864,0.8030092178736474,10,0.00641533178526417,0.7919480371203956,10,0.007077458160311269,13
20,3,5,0.7878967286157453,5,0.7878967286157453,5,0.7512663674854759,3,0.7912321384510419,5,0.007214480518792793,0.7951791133559445,5,0.007093351495076945,0.7912321384510419,5,0.007192568435669114,13
20,3,10,0.8022959332970748,11,0.8079535138265559,10,0.7878967286157453,5,0.7994720892380878,10,0.006577892061620852,0.7995794005927799,10,0.006599024894135552,0.8029913331640807,10,0.0070954530891220455,13
20,3,5,0.8371301602229266,6,0.8248053756038066,5,0.8061652778202691,3,0.8276983584323597,5,0.00737094322808216,0.8276983584323597,5,0.007322845263417854,0.8276983584323597,5,0.00722181508319006,13
20,3,10,0.8367179799675364,12,0.8397822147194084,10,0.8371301602229266,6,0.83424254822869,10,0.006784376115851634,0.83424254822869,10,0.006759555748123772,0.8384263912881813,10,0.007043870475439284,13
20,3,5,0.8012813913356225,5,0.8012813913356225,5,0.7302210186640071,3,0.7945450088401567,5,0.009555255780249388,0.7923248297961057,5,0.009667927929487239,0.787271568116288,5,0.009995868088273845,14
20,3,10,0.7936664090506973,10,0.7936664090506973,10,0.8012813913356225,5,0.7723548023530545,10,0.00810438961350787,0.7753413989138143,10,0.008311586915672832,0.7948150320684417,10,0.00877265659172292,14
20,3,5,0.830640784062129,7,0.8428778046575026,5,0.7888538629286522,4,0.8371706861303696,5,0.006644085226072809,0.8397814568480774,5,0.006540867142685146,0.8126602208337307,5,0.008193424529405047,14
20,3,10,0.8369907292142222,13,0.8412362932265833,10,0.830640784062129,7,0.8513666672352501,10,0.0058384070274216686,0.8513666672352501,10,0.005789864171432182,0.8513666672352501,10,0.005752606249207596,14
20,3,5,0.8576016977731563,8,0.8604027918586086,5,0.8567929122687795,5,0.8609082342132903,5,0.006261486949275902,0.8609082342132903,5,0.006402614344665606,0.8609082342132903,5,0.00631974467580266,14
20,3,10,0.8837433507047062,15,0.8813063228973448,10,0.8576016977731563,8,0.8608311933724632,10,0.005242403583787456,0.8659850388089103,10,0.005723890760167941,0.8550667109930401,10,0.005329645564890854,14
20,3,5,0.74296120711688,6,0.7442339135369053,5,0.7251538277812811,4,0.7367725022087794,5,0.009569549762737986,0.7254822926730123,5,0.010101689476949465,0.7333418778996791,5,0.010398041559786414,14
20,3,10,0.7718814811692772,11,0.7800252006359296,10,0.74296120711688,6,0.7764823272093984,10,0.00786125943587682,0.7807012340701014,10,0.007811164551463392,0.7491121387212092,10,0.009504793535207676,14
20,3,5,0.7428742488782107,5,0.7428742488782107,5,0.7363769531952987,4,0.7343584669273665,5,0.009354549912888657,0.7368439905116635,5,0.009486738828829893,0.7321272152547058,5,0.010536224069801248,14
20,3,10,0.7499870986635359,12,0.7519436889163882,10,0.7428742488782107,5,0.7563371259508883,10,0.008231338435449294,0.7449639806947698,10,0.00826146685036977,0.7398249516925186,10,0.008496477153861101,14
20,3,5,0.8362989306679163,6,0.8384263557422262,5,0.7864171391962114,4,0.8303786204567863,5,0.0071465225157445545,0.8318422826636488,5,0.007139333500881548,0.7933139297520617,5,0.014779512627723998,14
20,3,10,0.824350061510551,11,0.8350088563156157,10,0.8362989306679163,6,0.8374626905207497,10,0.00658850180272586,0.8344244728227151,10,0.006509668175430198,0.8297059378837589,10,0.007084341492065789,14
20,3,5,0.8260242190596404,7,0.7957850754182331,5,0.832811652278104,4,0.8190690206448281,5,0.007386231287063,0.8115522963797699,5,0.007333059891356732,0.8190690206448281,5,0.0073171200157110435,14
20,3,10,0.8327873459479154,12,0.8344382910026356,10,0.8260242190596404,7,0.8395566697685115,10,0.006448156722003073,0.8389783986982255,10,0.006496256436623497,0.8384247071772822,10,0.006343590745814051,14
20,3,5,0.7795764552594796,6,0.7705288096602639,5,0.7759690342262369,3,0.7620777542233182,5,0.008500767659555397,0.7574279927646393,5,0.008449856578923364,0.7631942304182071,5,0.009119744439889102,14
20,3,10,0.7911564330147317,11,0.7996044233548074,10,0.7795764552594796,6,0.796358549919069,10,0.007272139890722172,0.7984080980962048,10,0.007257889120803339,0.7869421009219161,10,0.007533379242182449,14
20,3,5,0.9251835811996888,8,0.9251835811996888,5,0.9251835811996888,4,0.9251835811996888,5,0.006829533208558015,0.9251835811996888,5,0.006744185670287707,0.9251835811996888,5,0.007767598365952132,15
20,3,10,0.9251835811996888,14,0.9251835811996888,10,0.9251835811996888,8,0.9251835811996888,10,0.005518322222392995,0.9251835811996888,10,0.005605257819034845,0.9251835811996888,10,0.0067090727995995384,15
20,3,5,0.7865056872907518,9,0.7975004063307377,5,0.7964698555575327,5,0.7856473620857627,5,0.011740772191574309,0.7856473620857627,5,0.01167428446680718,0.7563259224044442,5,0.01373512392515175,15
20,3,10,0.8010905253593444,13,0.7992417766148472,10,0.7865056872907518,9,0.7947170933697468,10,0.009509683285611824,0.7961063306387856,10,0.009437796396198532,0.7474271458779351,10,0.011388887539337176,15
20,3,5,0.912394056095409,6,0.9103004846368802,5,0.9081381398885906,4,0.9115587274812709,5,0.007476798966927938,0.9179442643366804,5,0.007474283853056454,0.9086013022257176,5,0.008901690315365342,15
20,3,10,0.9111016381139339,11,0.9132595489536084,10,0.912394056095409,6,0.90950007975843,10,0.00585538129239458,0.9152989797323005,10,0.005864072811083244,0.9041165202428034,10,0.005960037178382959,15
20,3,5,0.6299390937104358,8,0.6233332095245075,5,0.6413609027634192,5,0.6897261602042639,5,0.01115587896714171,0.6832473646867817,5,0.011181273857035672,0.6871750781849159,5,0.010640625382244799,15
20,3,10,0.6380324616522941,16,0.6474279847695682,10,0.6299390937104358,8,0.6549316811116007,10,0.010965115260013604,0.6644872596344141,10,0.011030599349826187,0.6481935219785121,10,0.011048797985711937,15
20,3,5,0.7112168667532076,10,0.7361388234490894,5,0.7093062590816471,6,0.7328348675421036,5,0.01026654256724497,0.733000538326731,5,0.01024080097543343,0.7194814905997478,5,0.01257202129386506,15
20,3,10,0.7369880929649525,16,0.7391892227950995,10,0.7112168667532076,10,0.7480284285744361,10,0.008886608170261162,0.7308980407593603,10,0.008858871705469598,0.748404180928606,10,0.009391386812910171,15
20,3,5,0.8905724625124952,8,0.8878575292208475,5,0.8897533883734015,5,0.8851952690828213,5,0.008889735608607665,0.8821894812242034,5,0.009594064433308794,0.8839609868282826,5,0.00950965191692261,15
20,3,10,0.9002968303618786,16,0.9002968303618786,10,0.8905724625124952,8,0.897719801462521,10,0.007836216213590501,0.8972910425032607,10,0.007758118886977141,0.8915453564236856,10,0.007811710822872908,15
20,3,5,0.6468645966838414,8,0.6433410858718709,5,0.6178286697259794,5,0.6457027688686722,5,0.008738499341628759,0.6457027688686722,5,0.008758091157168427,0.6463022972546654,5,0.008728095415734488,15
20,3,10,0.6303512681622065,13,0.6369139723611079,10,0.6468645966838414,8,0.6595962032233534,10,0.008365389020479572,0.6631217686750921,10,0.008395526062201654,0.6661803163967662,10,0.008626705679712429,15
20,3,5,0.7878134566738713,6,0.7973874432414177,5,0.7897608761549366,3,0.8039551326665034,5,0.013250609520368817,0.7701447917763224,5,0.01773041462651924,0.8107467402478521,5,0.0283351272971808,15
20,3,10,0.7984812466984489,13,0.8031384124819175,10,0.7878134566738713,6,0.8007343299469055,10,0.012583042643547648,0.8180012343374673,10,0.01281177627054891,0.8114450027122829,10,0.013035511720507808,15
20,3,5,0.7021772525461457,8,0.6900419107775783,5,0.6876346160036882,5,0.6907286357669525,5,0.008188760456617601,0.6891297554596452,5,0.008222755356319377,0.6944907272330695,5,0.0081582431850043,16
20,3,10,0.6744539257910762,13,0.6608586358480895,10,0.7021772525461457,8,0.6660245026882035,10,0.008362238366475387,0.6660245026882035,10,0.008419542267307092,0.6937688926011093,10,0.008153551310111622,16
20,3,5,0.6615864839275754,7,0.6522405509754426,5,0.6485315703790515,5,0.6470790345001273,5,0.00704746372543168,0.6470790345001273,5,0.007070674991218697,0.6587200571186408,5,0.0074111598092948825,16
20,3,10,0.6502713338303112,13,0.6398682681588092,10,0.6615864839275754,7,0.6474645610040108,10,0.007131655586761857,0.642105326804952,10,0.007165117772034076,0.6538624647319456,10,0.007247704703550009,16
20,3,5,0.7756291923873876,7,0.743848508672148,5,0.7547896142613427,3,0.7842541123390384,5,0.007746061160594723,0.7811254119389199,5,0.007645315941072097,0.758347257155651,5,0.00813795038448076,16
20,3,10,0.788378722216346,12,0.7884189861387634,10,0.7756291923873876,7,0.7889343677606602,10,0.007528697467272652,0.7918162277352384,10,0.007431317804158363,0.747643365736229,10,0.007765217651000606,16
20,3,5,0.7767025039173518,6,0.762146196789902,5,0.7644474909835373,4,0.7734180370797993,5,0.00976030970697358,0.770032789502871,5,0.009721528721747861,0.7625079480105081,5,0.009160273686988216,16
20,3,10,0.8045875119313801,13,0.8018600036942437,10,0.7767025039173518,6,0.8099020809717862,10,0.0087006289076872,0.8097346589770175,10,0.008645589646457667,0.7829269282293233,10,0.008780652135440745,16
20,3,5,0.6941434738455579,7,0.6869285842590122,5,0.6576464813694421,5,0.6871232474404377,5,0.008869311936358043,0.6919212744455696,5,0.008902681743666974,0.6628930330498344,5,0.009420953883343776,16
20,3,10,0.6875675245117501,11,0.6819841612755142,10,0.6941434738455579,7,0.6770200552821312,10,0.00912696883017675,0.6782710489127961,10,0.009188830765186727,0.6778748800654212,10,0.008750791145368903,16
20,3,5,0.7482133556489614,7,0.7441746005701728,5,0.7323002197257633,5,0.7443021936784973,5,0.00774837692858897,0.7455576424590039,5,0.007854132177104385,0.7311237367988098,5,0.01297497181806455,16
20,3,10,0.7230286825090904,12,0.7254920690751647,10,0.7482133556489614,7,0.7303831097440536,10,0.008115677968982953,0.7309654875412712,10,0.008329463384207116,0.7365368758694301,10,0.007874153746421336,16
20,3,5,0.7065414738780265,6,0.7084994024903793,5,0.7180743839204072,3,0.7082497396612244,5,0.008730837783259084,0.7082497396612244,5,0.008741830157947519,0.7073096239858727,5,0.008495414521632416,16
20,3,10,0.7473501683351577,13,0.7532271456558984,10,0.7065414738780265,6,0.7400117446053468,10,0.007882443148955318,0.7400117446053468,10,0.007880195902437125,0.7315749917078429,10,0.008084916878591048,16
20,3,5,0.7227870071908731,6,0.7153435966165371,5,0.7025049845352291,4,0.7181869237139114,5,0.009269944802860926,0.7158100791378348,5,0.009289525783484059,0.7078661939610962,5,0.009367513302061299,16
20,3,10,0.7190204342848183,14,0.727779866616259,10,0.7227870071908731,6,0.723024196577369,10,0.008648982892785229,0.7130794250840684,10,0.00879258621414602,0.7373509647316119,10,0.008840647487115168,16
20,3,5,0.8302589613865108,6,0.8306785864785007,5,0.7695177407981943,4,0.8339780494585356,5,0.007895425355481468,0.8339780494585356,5,0.00806745327664914,0.681809993607022,5,0.01576973676027381,17
20,3,10,0.8039087496866361,14,0.8072869967941071,10,0.8302589613865108,6,0.822228386207137,10,0.007070419207510539,0.8192169418504163,10,0.007254625075372406,0.784663121880171,10,0.008657319115080173,17
20,3,5,0.7067667189284984,9,0.6871119473739464,5,0.6865973618206319,5,0.6984927983290588,5,0.007364309789808212,0.6986902042889546,5,0.0075021157720269365,0.692872459711416,5,0.008901367896065392,17
20,3,10,0.7354682349662061,15,0.7185434662083294,10,0.7067667189284984,9,0.733317184101168,10,0.006911708112962309,0.7172157713367435,10,0.007057567855310329,0.7274376119749097,10,0.007204588591407451,17
20,3,5,0.6775150712412161,8,0.6680765993668132,5,0.6724817765140167,5,0.6867015968217053,5,0.008228982037430237,0.6867015968217053,5,0.008215591492159563,0.7221606596368287,5,0.009756325083241823,17
20,3,10,0.7346024488811439,14,0.7366069043525966,10,0.6775150712412161,8,0.7495097269593727,10,0.006047880747596997,0.7595615367786335,10,0.006065840277923447,0.7102960197984441,10,0.007697496233048335,17
20,3,5,0.7584333553665171,8,0.771748289493153,5,0.7764564184034919,5,0.7714496475370239,5,0.009320657591764864,0.7681675868064568,5,0.009267224233193417,0.7655090264515443,5,0.010119672574848757,17
20,3,10,0.8019154423977687,15,0.7710886662966507,10,0.7584333553665171,8,0.761582084242222,10,0.008971732058735674,0.7623480348307101,10,0.008924251298084261,0.7874425258030319,10,0.008665192147161029,17
20,3,5,0.7263983199556413,7,0.7187892230387499,5,0.6977874901765649,5,0.7533762576876515,5,0.008432564972134697,0.7511924431801855,5,0.008398711617858809,0.6988568871130071,5,0.010844263358507552,17
20,3,10,0.7867297828617972,12,0.7933848691967552,10,0.7263983199556413,7,0.7817478565919861,10,0.00636787792079626,0.7817478565919861,10,0.0063484758269860995,0.7611785589786496,10,0.007228827613781615,17
20,3,5,0.7729169257586483,7,0.7763738329844245,5,0.7500670419543941,5,0.7625430815770694,5,0.009495263006470054,0.7633442109285202,5,0.009862205236758423,0.7621192430317898,5,0.010730703787986387,17
20,3,10,0.807767326419692,12,0.8119765983178837,10,0.7729169257586483,7,0.8199997062045983,10,0.006897358635352309,0.7983228613545063,10,0.007259816819641925,0.7844554789110074,10,0.008481856593286919,17
20,3,5,0.729001885307199,8,0.7226213978831494,5,0.7112329400807996,4,0.7349284294111691,5,0.008367887029511084,0.7294484997647419,5,0.008473933934623219,0.705025392769393,5,0.013268765741423376,17
20,3,10,0.7567723216838773,13,0.743410808426462,10,0.729001885307199,8,0.7491336279567833,10,0.007173352078741712,0.743410808426462,10,0.007273528949645022,0.7577015740242069,10,0.008693831250346487,17
20,3,5,0.7160239326024738,7,0.7140804789417323,5,0.7218919547701518,5,0.7305703251372446,5,0.011043692337012967,0.7305703251372446,5,0.010991810685880074,0.6940184137595792,5,0.012821959179470906,17
20,3,10,0.7638544069197227,11,0.7659719627027213,10,0.7160239326024738,7,0.7706675825345259,10,0.007462108476588681,0.7756965298593049,10,0.007483526142261859,0.7136131681952289,10,0.009314187696763215,17
20,3,5,0.8948798162234453,7,0.8945131009169802,5,0.8914065177885989,3,0.8872214736068694,5,0.0067982030937626305,0.8832667002055876,5,0.006745751146193218,0.8864857981294605,5,0.009587938961807065,18
20,3,10,0.8858019150823052,13,0.8858019150823052,10,0.8948798162234453,7,0.9003651190621901,10,0.006035071816431835,0.9027286775211462,10,0.0059626230898020115,0.9013567901564096,10,0.006453090368469141,18
20,3,5,0.9776339883556162,8,0.9776339883556162,5,0.9776339883556162,4,0.9776339883556162,5,0.00648416634455665,0.9776339883556162,5,0.006166074338039997,0.9776339883556162,5,0.007519186956649524,18
20,3,10,0.9776339883556162,14,0.9753963540630762,10,0.9776339883556162,8,0.9749871942372716,10,0.005872143971493335,0.9704691778034646,10,0.006103021752756458,0.9753963540630762,10,0.005626434673155068,18
20,3,5,0.9561326216839997,7,0.9561326216839997,5,0.9561326216839997,3,0.954504275165374,5,0.006941459721824681,0.954504275165374,5,0.006886703237206131,0.9561326216839997,5,0.010491875553673818,18
20,3,10,0.954504275165374,12,0.954504275165374,10,0.9561326216839997,7,0.954504275165374,10,0.005874028218946647,0.956582252691146,10,0.00574839498990227,0.954504275165374,10,0.007031478543950655,18
20,3,5,0.9534726261057037,7,0.9506759550197771,5,0.9544877282040105,6,0.9468320530312532,5,0.006101980634444087,0.9453939304770101,5,0.006128448542293839,0.942825619072572,5,0.00612592471730794,18
20,3,10,0.9448804882165346,13,0.9480533281026391,10,0.9534726261057037,7,0.9561876211231265,10,0.004492437823794669,0.9561876211231265,10,0.004519966794778822,0.9561876211231265,10,0.0045682354672646,18
20,3,5,0.9622588012906529,7,0.9622588012906529,5,0.9622588012906529,4,0.9622588012906529,5,0.006625081408084613,0.9600264411659397,5,0.0067497991983001245,0.9622588012906529,5,0.008993565338468066,18
20,3,10,0.9622588012906529,14,0.9598756819573075,10,0.9622588012906529,7,0.9591511234400634,10,0.0059276940092955616,0.9494296050403364,10,0.0058865057870969425,0.9622588012906529,10,0.0068550864632471505,18
20,3,5,0.8923744510386915,8,0.8945279295499078,5,0.8908501773905033,5,0.8908488173818003,5,0.007370891111824409,0.892012036164936,5,0.007497801019155094,0.8908501773905033,5,0.012059194327191144,18
20,3,10,0.9089862717354831,13,0.9061035292105724,10,0.8923744510386915,8,0.9013710717670067,10,0.00620939205770644,0.9100841691712556,10,0.0062658727253947525,0.888831906584284,10,0.006720941351419859,18
20,3,5,0.9336755197125532,6,0.9398165232450348,5,0.9228312034876779,4,0.9178147885101433,5,0.011251478559665884,0.9267676321449089,5,0.010783891560864511,0.9277645991360032,5,0.010166001003111711,18
20,3,10,0.9336755197125532,13,0.935128282704467,10,0.9336755197125532,6,0.9314894938342415,10,0.009528039299493864,0.935128282704467,10,0.008836601220718582,0.935128282704467,10,0.008774390596870312,18
20,3,5,0.8956753215414899,7,0.8937690966602867,5,0.89841559000678,4,0.8936910609083027,5,0.005988790040668996,0.8863425686660185,5,0.006504488581753391,0.9037874317309426,5,0.009593157995521889,18
20,3,10,0.8920097170491034,11,0.8964861667379005,10,0.8956753215414899,7,0.9016217637231823,10,0.005020945408787526,0.8967736673186626,10,0.005373862420758905,0.8951234074343395,10,0.007189165607486953,18
20,3,5,0.758558530631222,9,0.7560337827187569,5,0.718507089796582,5,0.7462871805518864,5,0.0037226661681802877,0.7511958534381475,5,0.003717636330971987,0.6980036428237846,5,0.004643327865972364,19
20,3,10,0.7561177583364612,14,0.7583957350430155,10,0.758558530631222,9,0.7427072237956255,10,0.003501832817916724,0.7427072237956255,10,0.003498403488126265,0.7472837340460454,10,0.003642231598422027,19
20,3,5,0.8361810399388098,7,0.8213854357416892,5,0.8108081881703122,3,0.8361168605392567,5,0.012575121413647283,0.8397165085389796,5,0.012059358429473466,0.7138336820529141,5,0.02280281600063513,19
20,3,10,0.8360460350843898,13,0.8527684787268407,10,0.8361810399388098,7,0.8501929843004333,10,0.01054244986118823,0.8446673877780246,10,0.00999983702306935,0.8064435724749477,10,0.013497800247761557,19
20,3,5,0.7392819749245014,7,0.7361428808442713,5,0.68742691537675,6,0.7361979801841124,5,0.0056381578767982134,0.7361428808442713,5,0.00570465695821474,0.672352488566207,5,0.007163467505976464,19
20,3,10,0.7620028378128427,14,0.7293954528977343,10,0.7392819749245014,7,0.7350437120878197,10,0.004714686909314571,0.7350437120878197,10,0.004763112411312544,0.7350437120878197,10,0.004733434484443666,19
20,3,5,0.7937367742318621,8,0.7733278609716955,5,0.7670440536106111,5,0.7746802214829136,5,0.0037286767606908335,0.7732863047572951,5,0.003713068968426625,0.7766931992713149,5,0.0037975067374713786,19
20,3,10,0.7999674808104972,12,0.7977909373212981,10,0.7937367742318621,8,0.7889728018073198,10,0.0035804805439683344,0.7889728018073198,10,0.003554984811633977,0.7889728018073198,10,0.0035517598227283805,19
20,3,5,0.9097769250304437,9,0.9130027010820569,5,0.9034907013404635,5,0.8796586643635759,5,0.005699388535225338,0.880714734863547,5,0.0059572982186888975,0.9108034923616373,5,0.008142187506326518,19
20,3,10,0.9116867338209056,13,0.9054120921364239,10,0.9097769250304437,9,0.9004618687334005,10,0.005076872585972435,0.8942581307468094,10,0.005325095154967148,0.8991571530636435,10,0.005307506320862725,19
20,3,5,0.8299819110044693,6,0.8303933707693344,5,0.8271544869205938,4,0.826501595584083,5,0.007080223399880357,0.8303933707693344,5,0.007036972461905449,0.826501595584083,5,0.007058253359581122,19
20,3,10,0.8490180740040689,11,0.8471573716454223,10,0.8299819110044693,6,0.8589551927512749,10,0.005408454290002306,0.8566928993521228,10,0.005375284356478818,0.8316394529252401,10,0.006105273802771238,19
20,3,5,0.9539221308234404,7,0.9539221308234404,5,0.9539221308234404,4,0.9539221308234404,5,0.005744797953824433,0.9507466006286419,5,0.00602132350395345,0.9539221308234404,5,0.007770007578781268,19
20,3,10,0.9539221308234404,12,0.9539221308234404,10,0.9539221308234404,7,0.9539221308234404,10,0.0053828705157707496,0.9510499385056739,10,0.005622743125490619,0.9539221308234404,10,0.006954917677942362,19
20,3,5,0.9635398227101543,7,0.9635398227101543,5,0.9635398227101543,4,0.9635398227101543,5,0.005316506741967783,0.9635398227101543,5,0.0054791102394400075,0.9635398227101543,5,0.005228249561065879,19
20,3,10,0.9635398227101543,14,0.9635398227101543,10,0.9635398227101543,7,0.9635398227101543,10,0.005260305010737966,0.9635398227101543,10,0.0052943264019381115,0.9635398227101543,10,0.005115936291145352,19
20,4,5,0.7291246353640772,7,0.7579661707448996,5,0.6874254795692049,5,0.7213501602318005,5,0.013467246384096809,0.7247477010311145,5,0.013540613615875231,0.6727723359723154,5,0.01563994498060093,0
20,4,10,0.7595164418207504,13,0.7603297471470686,10,0.7291246353640772,7,0.7594304062979235,10,0.010426703798031844,0.7617156797495969,10,0.01042016337933659,0.7282211798685518,10,0.011334907492685408,0
20,4,5,0.7889815303849458,7,0.793733223840105,5,0.7428745059890016,5,0.7975464535430723,5,0.010017711777411231,0.7879238614835533,5,0.01020103560322856,0.5981473530561167,5,0.023122152497514623,0
20,4,10,0.8344545044294213,12,0.8214731831844905,10,0.7889815303849458,7,0.8060034473011453,10,0.009011265148789823,0.8043169942866744,10,0.00915951633313139,0.7847449260020576,10,0.009118553714407946,0
20,4,5,0.7296336179508688,7,0.7149064787113969,5,0.6731180645586213,4,0.7315183872546414,5,0.008623756272875477,0.7223568534661152,5,0.008663308156388631,0.6823427789946345,5,0.008959741348346529,0
20,4,10,0.7869053418204079,14,0.7915003399713854,10,0.7296336179508688,7,0.7571379728303589,10,0.0057019218829505985,0.75701488646431,10,0.0057455436869075505,0.7486085399870677,10,0.005944610719346825,0
20,4,5,0.7396147922092,6,0.7406274645968239,5,0.6987441551750286,5,0.7439624401866669,5,0.01089250378768532,0.7459924403221548,5,0.010858640883328795,0.7439624401866669,5,0.01086014701614983,0
20,4,10,0.7890305601108473,14,0.792324159790563,10,0.7396147922092,6,0.7637777369809294,10,0.00876952990788868,0.7598340427047138,10,0.008746137336657137,0.7558162527036804,10,0.010033079456327792,0
20,4,5,0.76424090443801,8,0.7653987064510531,5,0.7476952073095806,5,0.7604676876400424,5,0.012334273684921758,0.7604676876400424,5,0.01233229715902591,0.7604676876400424,5,0.012241434653505703,0
20,4,10,0.796482483475745,13,0.7912725962031321,10,0.76424090443801,8,0.7929714485173219,10,0.008341020284096777,0.7901709692471417,10,0.008284106169370144,0.7929714485173219,10,0.008197498730994979,0
20,4,5,0.7640061692138144,5,0.7640061692138144,5,0.7397805267549697,3,0.7588840789500512,5,0.008626796900520425,0.7588840789500512,5,0.008583095414696575,0.7588840789500512,5,0.008537560951142543,0
20,4,10,0.7957614244232433,15,0.7808789281879298,10,0.7640061692138144,5,0.7955224719190882,10,0.007039243621365001,0.803794852271179,10,0.007094666031953338,0.8049802296601436,10,0.00707834666799522,0
20,4,5,0.8783717850199235,9,0.8673522051720225,5,0.8768004103736974,5,0.8653624895280431,5,0.0065505110205810535,0.8842068454567306,5,0.0068772525323682835,0.8806454887528405,5,0.00697358424030021,0
20,4,10,0.887474918724358,14,0.8830060366763466,10,0.8783717850199235,9,0.889831481360245,10,0.005247473835950026,0.8937689228397047,10,0.0051081101868532455,0.8755696069272678,10,0.006321620735335322,0
20,4,5,0.7442342790589183,7,0.7763679464232849,5,0.7308516808427543,6,0.7564759605748778,5,0.010923538861758095,0.7551989895723662,5,0.011092199720890674,0.7564759605748778,5,0.010832157423735275,0
20,4,10,0.7798472036727294,13,0.7728268457044922,10,0.7442342790589183,7,0.7789419225747173,10,0.00909831518539591,0.7856677059218524,10,0.008835272352402267,0.7593797238609056,10,0.009520474069571811,0
20,4,5,0.765338594284462,6,0.7499923146044938,5,0.7605493346446344,4,0.7799127861709089,5,0.011022754612698847,0.7799127861709089,5,0.011013957773444603,0.7771909602112974,5,0.01047813085347402,1
20,4,10,0.788388025056933,13,0.7647687080759255,10,0.765338594284462,6,0.7768134545648611,10,0.009499309597695078,0.7768134545648611,10,0.009454194457587021,0.780378444184126,10,0.010151419271344693,1
20,4,5,0.9879946144149923,8,0.9879946144149923,5,0.9903096958979691,4,0.9928980080565878,5,0.005043210175623055,0.9903096958979691,5,0.005213984481695767,0.9928980080565878,5,0.008009264291474595,1
20,4,10,0.9926284953074652,14,0.9928980080565878,10,0.9879946144149923,8,0.9928980080565878,10,0.004779533769442887,0.9875624179286056,10,0.004926391501128524,0.9928980080565878,10,0.006020153142713901,1
20,4,5,0.7281666519763472,7,0.7102381594341783,5,0.7346429907715822,5,0.7084074661638912,5,0.010324594307241523,0.7084074661638912,5,0.010258840724646879,0.7035562620540017,5,0.01030799175570421,1
20,4,10,0.7681737280209519,14,0.7390801812099953,10,0.7281666519763472,7,0.7706022173785824,10,0.008543963320218386,0.7706022173785824,10,0.008435343368465612,0.7706022173785824,10,0.008510217019101752,1
20,4,5,0.767091606235551,8,0.7391942861063308,5,0.7290975557280304,5,0.7262912565195185,5,0.012511620532763935,0.7253622136514647,5,0.012542841573703759,0.711000195304256,5,0.01276906613194864,1
20,4,10,0.8148788657362314,14,0.8170385956261544,10,0.767091606235551,8,0.7883104401377272,10,0.008137445331717657,0.7963384324952042,10,0.008229634102274555,0.7844358486949718,10,0.008394599706246033,1
20,4,5,0.7744695918496056,7,0.7682250697113605,5,0.744651679294751,5,0.784862325208104,5,0.009539862868021637,0.7776757525975587,5,0.009659982411537569,0.7513664812566598,5,0.015378471921217626,1
20,4,10,0.7774574765560668,15,0.7904538266664249,10,0.7744695918496056,7,0.7989868925958474,10,0.00867242100674962,0.7958643523264857,10,0.00886232682185143,0.752225956858876,10,0.0119908464132839,1
20,4,5,0.8593800291597659,8,0.8566875661900601,5,0.8496366325287608,4,0.8585386415466193,5,0.013232597009867909,0.8573102697108936,5,0.012743016185311873,0.8291854819017433,5,0.012717347851922235,1
20,4,10,0.8550406072145652,14,0.8510984205143196,10,0.8593800291597659,8,0.865843101613694,10,0.010659372497532252,0.8610117644576736,10,0.010322967960704728,0.8404243354049327,10,0.011546497239389959,1
20,4,5,0.8566839713427444,8,0.845425233263484,5,0.8443910926219164,4,0.8407282897580484,5,0.012735828064642057,0.8394126954818764,5,0.012354823813469586,0.8220016729434713,5,0.013982597457931721,1
20,4,10,0.8664823607515681,14,0.8480151091578866,10,0.8566839713427444,8,0.8432200308061234,10,0.010837248899201415,0.8378668137326355,10,0.011306803601593248,0.8432661921236155,10,0.010564179219696952,1
20,4,5,0.8176592007719576,6,0.8261489425545704,5,0.8253942376573666,4,0.8193469229048389,5,0.011355046038791474,0.8129307177576071,5,0.010818182471238759,0.8067333689572737,5,0.013161396697071297,1
20,4,10,0.8617911328295903,12,0.8565964008689945,10,0.8176592007719576,6,0.8531921206482113,10,0.008768037125115464,0.8550181585836126,10,0.008348896352929555,0.8512044203451686,10,0.008284043618437329,1
20,4,5,0.8036488900232636,8,0.8135654148791917,5,0.8274305245475059,4,0.8277665608649044,5,0.011921067631853804,0.8235226898323749,5,0.011690654165941033,0.8266925462571314,5,0.011652447001993648,2
20,4,10,0.8065972758408951,14,0.8160348490310921,10,0.8036488900232636,8,0.8107315103401316,10,0.011665222383256518,0.8067781235784859,10,0.011527406120478173,0.8180786689693749,10,0.011303342361449923,2
20,4,5,0.8009465447655619,8,0.783493238725663,5,0.7676659472519238,4,0.778540573729425,5,0.02101880229160939,0.7896003747498469,5,0.020100003906169235,0.7569339774721046,5,0.023940663464725186,2
20,4,10,0.7731147175050539,12,0.7690983523210729,10,0.8009465447655619,8,0.775606128360823,10,0.019952481688324968,0.7856094777769319,10,0.019129803682586995,0.7829812942961459,10,0.021659860399141383,2
20,4,5,0.7523693082903431,9,0.7316695635047451,5,0.7165861192863691,6,0.7236196759093393,5,0.011725375632139727,0.7655940677200987,5,0.011439967822812262,0.7387177401316054,5,0.011950809652078929,2
20,4,10,0.7488627831964404,15,0.7265087148527729,10,0.7523693082903431,9,0.7565237264956259,10,0.010521425056919857,0.753322070485013,10,0.01061518251118532,0.7333848661452802,10,0.01193383490068885,2
20,4,5,0.798672361607349,7,0.7770237581943285,5,0.7594903093633423,5,0.7616410797340828,5,0.01463606162449581,0.7656478390871523,5,0.014642997875539895,0.7616410797340828,5,0.014554307507989792,2
20,4,10,0.8039829166262948,15,0.7960844659840204,10,0.798672361607349,7,0.7928076964709049,10,0.013029593276856296,0.8000031971184193,10,0.013037236327826506,0.7970979454811373,10,0.013167275070872222,2
20,4,5,0.7375655415953802,6,0.7362084468275026,5,0.7316598921297263,4,0.7515306468450917,5,0.012945017970062426,0.7318803965791789,5,0.012646134682689436,0.7426388922969261,5,0.01376269697319357,2
20,4,10,0.7309808771098645,12,0.7229296431253538,10,0.7375655415953802,6,0.7138150077309013,10,0.012817010557462295,0.7154574316742199,10,0.012941534103315042,0.7425975286960442,10,0.012438705594542802,2
20,4,5,0.7652965033908018,9,0.74235143125551,5,0.7531002242494034,6,0.7433292080558527,5,0.015658374525975037,0.7452863321404737,5,0.015404251889511054,0.7433292080558527,5,0.015428273596176103,2
20,4,10,0.761312392746264,13,0.7399750918415879,10,0.7652965033908018,9,0.7513199178590418,10,0.014304236316716184,0.7478259588587884,10,0.01421031777716168,0.7755371428373052,10,0.013523024746002896,2
20,4,5,0.747261035427242,8,0.7295858113893293,5,0.7290544394948105,5,0.7173726398652879,5,0.016624645105720138,0.7355910721843161,5,0.019735582452694033,0.705563581733737,5,0.017277978301807502,2
20,4,10,0.747549840713207,14,0.7457346488558992,10,0.747261035427242,8,0.7426981971635522,10,0.01637186063345067,0.7302962684963368,10,0.0188062449139417,0.7547399267888446,10,0.015524825282102396,2
20,4,5,0.8609567398345743,6,0.8450496229087281,5,0.8623421501231464,4,0.8450496229087281,5,0.015954998970156373,0.8453723788511516,5,0.014865836089288032,0.8450496229087281,5,0.01487778679926051,2
20,4,10,0.8735291165915222,12,0.8661370845680748,10,0.8609567398345743,6,0.8667439299221467,10,0.014065470460473845,0.8640329298008046,10,0.01303696683263331,0.8609579815592155,10,0.013563361163624173,2
20,4,5,0.8655857539086667,6,0.8631431401140799,5,0.8498173717687124,3,0.8595924024711115,5,0.011174315792788297,0.8614567303055147,5,0.010528958045328997,0.8394780107330732,5,0.011629736295838824,3
20,4,10,0.8759107251094901,12,0.8676016080074739,10,0.8655857539086667,6,0.8813581389496209,10,0.010194955089384321,0.8759517024723754,10,0.009687105225150525,0.8626910291504116,10,0.010568029254192644,3
20,4,5,0.8209621970174947,7,0.7958474901355789,5,0.714751294649093,5,0.814920591847395,5,0.011237882097378296,0.822603644783193,5,0.011433303280395853,0.8113601241145757,5,0.011518428779139727,3
20,4,10,0.8168573773748362,13,0.822594666316501,10,0.8209621970174947,7,0.8416099226695234,10,0.009734804783012451,0.8266561023499607,10,0.01012131493457706,0.8228158869248758,10,0.010184658318583187,3
20,4,5,0.8290885914320654,8,0.806723453973165,5,0.7922225873694814,4,0.7705409163627347,5,0.011766037798392377,0.7630983606015492,5,0.011895627298494195,0.7950163364269128,5,0.013143584532024731,3
20,4,10,0.7910735368701,13,0.8063636708232763,10,0.8290885914320654,8,0.8072548866743042,10,0.009148648842288823,0.7931900250239895,10,0.009484649341816968,0.7987421652512343,10,0.0106934332540388,3
20,4,5,0.854621818167959,7,0.8489978423750345,5,0.8279648608709909,3,0.8341949066989555,5,0.009450180933100742,0.8388875546459508,5,0.009169883291420801,0.8251386126464364,5,0.010393966649779735,3
20,4,10,0.8308753652762891,13,0.8474995100730448,10,0.854621818167959,7,0.8431146703011223,10,0.008481080821417552,0.8405403621442494,10,0.008190842533101145,0.8284346869471045,10,0.009275464175946293,3
20,4,5,0.7935820511675415,7,0.7847574993101782,5,0.754854532636033,4,0.8015540755268261,5,0.012402153995522441,0.8124614264037795,5,0.012278939809592779,0.7932314300674856,5,0.01120645421386735,3
20,4,10,0.8357663326595453,12,0.8260254034626233,10,0.7935820511675415,7,0.8038246261753498,10,0.010338211913052588,0.8149966555087924,10,0.010225482510410932,0.8331200550109551,10,0.010091808954599442,3
20,4,5,0.7663195449619663,7,0.7492456836550963,5,0.7025043891959946,4,0.709042529936754,5,0.020398545803784876,0.7092600095177086,5,0.020321807122775818,0.7489600081755886,5,0.018225234805169976,3
20,4,10,0.8290042602943892,12,0.8326152528045522,10,0.7663195449619663,7,0.8291502570563908,10,0.012131977525390723,0.8259190858050949,10,0.011684320990515282,0.8205720829792368,10,0.011874874840471644,3
20,4,5,0.826751524311708,7,0.8161968393304283,5,0.8240036571181271,5,0.8346260726600393,5,0.013414262281522173,0.8311753239165998,5,0.01318951492429185,0.7877943144317979,5,0.020480928381654117,3
20,4,10,0.8727958943764343,11,0.8725085378927181,10,0.826751524311708,7,0.8653836946766468,10,0.010395198434990545,0.8657198688553961,10,0.010374044926981778,0.8758875871500477,10,0.010348145929240844,3
20,4,5,0.8050833056798272,7,0.7914120161881886,5,0.7966521487704236,5,0.7871087769422326,5,0.02059117329541004,0.7909296874471465,5,0.02149521550132372,0.817013934064893,5,0.021537773931783796,3
20,4,10,0.8186074142480403,12,0.8177188473782994,10,0.8050833056798272,7,0.8273044982627263,10,0.011340977559753817,0.8253434959637135,10,0.011660411909888384,0.8147458451330191,10,0.012294378753868983,3
20,4,5,0.7942756981336658,8,0.79547100574659,5,0.7558281150447579,5,0.771004476066923,5,0.011234296649338919,0.7615045126882835,5,0.011547557506856824,0.7810660467593395,5,0.01286378090826462,4
20,4,10,0.7864292575426682,14,0.7916521471471639,10,0.7942756981336658,8,0.7809129557364459,10,0.010559269779556534,0.7878093233079765,10,0.011037237515483161,0.7713142153021405,10,0.010752385435272759,4
20,4,5,0.7829576881559288,9,0.7550917249710785,5,0.7553090748341318,5,0.797443714609499,5,0.014197321205690012,0.7821129112660952,5,0.015420977940686005,0.7218078715256598,5,0.01691113008795467,4
20,4,10,0.7967541954011884,14,0.7898422795716629,10,0.7829576881559288,9,0.7888484814722024,10,0.012777818246315383,0.7952971760151718,10,0.01399875374751421,0.7975625755762551,10,0.013643355949714858,4
20,4,5,0.7571314528240275,9,0.7312236701835363,5,0.714912354588083,6,0.7307987815145947,5,0.011168922676080785,0.739464108974701,5,0.01136445875469196,0.6772094199865224,5,0.014206382306422622,4
20,4,10,0.7604228723173342,15,0.7645788196295121,10,0.7571314528240275,9,0.7348260653740216,10,0.010612859053106254,0.7311940898796737,10,0.01080814199242634,0.7401711164770554,10,0.010614290074323398,4
20,4,5,0.7437383429762194,8,0.7413099020781072,5,0.7382622688245758,5,0.742028301291993,5,0.010976469934149167,0.744351265154253,5,0.011479591651817566,0.7276254595561654,5,0.012618450196751983,4
20,4,10,0.7281100069006455,14,0.7343237822006644,10,0.7437383429762194,8,0.7329124814737882,10,0.00976613807027214,0.7382578293512453,10,0.010300669936833207,0.7475794890445407,10,0.010603192616236075,4
20,4,5,0.8646178442258892,6,0.8699000619881114,5,0.8773358361790896,3,0.8696806227846045,5,0.0074579877507827625,0.8650305462909323,5,0.007501395375687101,0.8852050248747655,5,0.014569771527367053,4
20,4,10,0.8648252183005198,13,0.8610498104152126,10,0.8646178442258892,6,0.8658152287607712,10,0.0064908887222487185,0.8617631274856139,10,0.006515706535932424,0.8757895250768509,10,0.010432795242661762,4
20,4,5,0.7257878533887759,7,0.7231305765103317,5,0.7135019099608751,5,0.7296643119022509,5,0.007799563786777803,0.7296643119022509,5,0.007850901483667844,0.7123017757037265,5,0.008195343071457821,4
20,4,10,0.7274394477803264,15,0.7290665615992489,10,0.7257878533887759,7,0.7310886333436372,10,0.007302143427276459,0.734935335158114,10,0.007360935626328472,0.7345303935497542,10,0.007322258407200872,4
20,4,5,0.8101236816424396,7,0.8189853869532869,5,0.7824905506898951,3,0.8170307819107122,5,0.01003162295035393,0.8131166214577493,5,0.009937202761825574,0.8111910398230882,5,0.011061499278726208,4
20,4,10,0.8151556955102321,11,0.8222595768027791,10,0.8101236816424396,7,0.8111894524884148,10,0.009028599931653634,0.8114687100868064,10,0.008995755238176615,0.8169857928898097,10,0.00894438042634215,4
20,4,5,0.7315992464101567,5,0.7315992464101567,5,0.7122996937597685,4,0.7317057836672537,5,0.015417774124909826,0.7272139032581191,5,0.01566340776682661,0.7341225998894257,5,0.015284617236364238,4
20,4,10,0.7773545656429807,12,0.7662587548838226,10,0.7315992464101567,5,0.787681750700298,10,0.010719663913857367,0.7800761819249185,10,0.010269769857615317,0.7554355668891467,10,0.011163922272515671,4
20,4,5,0.7138196102759887,9,0.7018888607283623,5,0.6774659995245108,5,0.7142140320163658,5,0.008380544937973295,0.7142140320163658,5,0.008355355661570741,0.6695282986216937,5,0.009654642059378282,5
20,4,10,0.774810912559781,15,0.7280202510182341,10,0.7138196102759887,9,0.7347946039399429,10,0.0063634808379618105,0.7347946039399429,10,0.006342958821137541,0.7468172731691132,10,0.007316652322337146,5
20,4,5,0.8383894911441837,6,0.8489116821135979,5,0.8233175073676459,5,0.8489116821135979,5,0.0038094010294616523,0.8535970593776846,5,0.0037954705589484496,0.8001640286677122,5,0.005210057845707549,5
20,4,10,0.8591591701193066,13,0.86515915873465,10,0.8383894911441837,6,0.8504126634555819,10,0.0035971721923721543,0.8502103514844399,10,0.0035937930376309553,0.8518701384477843,10,0.0035552291637230213,5
20,4,5,0.7955924087941392,8,0.732063781387387,5,0.721355158341511,5,0.7354876566580957,5,0.0060234338566361725,0.7354876566580957,5,0.0060145316879689735,0.7354876566580957,5,0.0060592655486392775,5
20,4,10,0.8007394095308284,14,0.8086867925145874,10,0.7955924087941392,8,0.8056512251715242,10,0.004773766793856954,0.8097077139558776,10,0.004770393080326131,0.771370327985436,10,0.0053983061327725285,5
20,4,5,0.738655140079104,8,0.734862365822887,5,0.6706027724591006,5,0.7023092878514833,5,0.008584826405591895,0.7000723292506724,5,0.008591103047677363,0.7023092878514833,5,0.008572799567333025,5
20,4,10,0.7752466133770628,13,0.772908198631382,10,0.738655140079104,8,0.7707248731576787,10,0.0058454750779071,0.7628571827176642,10,0.005804359516438531,0.7644871541464237,10,0.006004093020595436,5
20,4,5,0.8399411548721649,8,0.8242967558790034,5,0.7987502025947177,5,0.8247197425398272,5,0.006314727749614835,0.8307098346395307,5,0.00633880536018525,0.7882202904459087,5,0.012137955107224933,5
20,4,10,0.8439459152737709,13,0.8560777086522611,10,0.8399411548721649,8,0.8372017846891021,10,0.00490997176648438,0.8447718188820775,10,0.004913429246038909,0.8296515260238376,10,0.006910294181041583,5
20,4,5,0.7688492839537102,7,0.7730823567533469,5,0.7396325312683766,5,0.7759546947853015,5,0.006046791863224856,0.7733378859793982,5,0.006036219133380153,0.7630997373861244,5,0.006269058976135372,5
20,4,10,0.8076520551282537,14,0.7998770761767943,10,0.7688492839537102,7,0.8014649293025441,10,0.005147467218342684,0.8165995563605041,10,0.005178041314541161,0.8017435683153074,10,0.005277380972059309,5
20,4,5,0.802123406491687,7,0.819883826752128,5,0.7909135923775398,6,0.8148743079641414,5,0.005688463905311881,0.8217087145075626,5,0.005847540355536364,0.7895856446062347,5,0.0061232416233210326,5
20,4,10,0.804927421558799,12,0.8105194509318991,10,0.802123406491687,7,0.808044494285901,10,0.005259715002113911,0.8035686858285118,10,0.0054429104163488,0.8032756257946214,10,0.005414883067004005,5
20,4,5,0.9485364756402558,8,0.9463312814622822,5,0.948467666925027,4,0.9455891762946343,5,0.008304873689428081,0.9307964859685306,5,0.009287740672776044,0.9562230082076819,5,0.010689166795923716,5
20,4,10,0.9539141381949789,16,0.9535323017435055,10,0.9485364756402558,8,0.953610559090187,10,0.007017455039466582,0.9302274869950221,10,0.008503397071045582,0.9485503447478428,10,0.01012515165549446,5
20,4,5,0.8005406090151526,7,0.7854745581018377,5,0.756071327298537,5,0.789553875337086,5,0.010733418132062796,0.789553875337086,5,0.010869568104768534,0.7163591716968698,5,0.01467511154113938,6
20,4,10,0.8332831295111512,13,0.8383979142705311,10,0.8005406090151526,7,0.7747172283623205,10,0.00914936132970099,0.8285263871298356,10,0.007701204503244186,0.7825925342414004,10,0.010095975667435657,6
20,4,5,0.702697864231189,9,0.6800925630122143,5,0.6882329170513396,6,0.702955065299582,5,0.009517766857995418,0.7008439450647203,5,0.009487890676166877,0.6683821147633722,5,0.009906550095755837,6
20,4,10,0.7138379200634003,13,0.7258988865436141,10,0.702697864231189,9,0.7087007914829617,10,0.008103620992495102,0.714657969712343,10,0.008077141672921128,0.719747682150316,10,0.007643803266072698,6
20,4,5,0.7339115721918563,8,0.7070858250605934,5,0.7483741643692059,5,0.7425125272780558,5,0.008603321333170015,0.7490856754325832,5,0.008561754459564842,0.7546607705612143,5,0.01004191398013989,6
20,4,10,0.7628281372453359,16,0.7453978497512864,10,0.7339115721918563,8,0.7562897372285102,10,0.008362629532002714,0.7562897372285102,10,0.008317609162275101,0.7368376312948635,10,0.0088046631343546,6
20,4,5,0.9434268366001544,7,0.9434268366001544,5,0.942330043987268,5,0.9407891991893578,5,0.006456181526628877,0.9333081777359213,5,0.007033440521829388,0.942330043987268,5,0.008118030923626882,6
20,4,10,0.9327222086547908,13,0.9350688116231849,10,0.9434268366001544,7,0.9353541968302173,10,0.00594935919833541,0.9406228231942845,10,0.0064459112192268,0.9427481752312774,10,0.007152686365254379,6
20,4,5,0.7454026819617328,9,0.7498978440561643,5,0.7472795472734696,5,0.7432716147607299,5,0.00733785548868648,0.7375888238244429,5,0.007427078640943212,0.7555760918220233,5,0.008781150737414705,6
20,4,10,0.7590903343230934,14,0.7663485277307296,10,0.7454026819617328,9,0.7514281203613988,10,0.006521721133619503,0.7586393920575559,10,0.006560976139968653,0.761736045573383,10,0.007604376330253215,6
20,4,5,0.9164677327280877,7,0.9063441383327024,5,0.9121035274414259,6,0.9131082684861881,5,0.008139261189733906,0.9036181563434189,5,0.007986476756141822,0.9151641530937301,5,0.008751204059968253,6
20,4,10,0.9147681247852937,15,0.9139936666568502,10,0.9164677327280877,7,0.9180916386476146,10,0.006493912946500594,0.9201666354051964,10,0.006557117497314096,0.9155126177525668,10,0.007116729052441267,6
20,4,5,0.9568771763247134,7,0.9542092792114552,5,0.9568771763247134,6,0.9584843143683428,5,0.007207391399202256,0.9584843143683428,5,0.0073274966308145015,0.9568771763247134,5,0.009055051840249117,6
20,4,10,0.9568771763247134,12,0.9568771763247134,10,0.9568771763247134,7,0.9535588558979372,10,0.005637087582860358,0.9478887407605064,10,0.006338348615684808,0.9542092792114552,10,0.006870830877236017,6
20,4,5,0.6808346952580442,7,0.6944875259104636,5,0.6637217813586663,4,0.6844078436104538,5,0.00808726409118288,0.6880807458001588,5,0.008200315914180413,0.6619159170253925,5,0.009973133641794175,6
20,4,10,0.718123771117422,14,0.7245696681199675,10,0.6808346952580442,7,0.714697405374708,10,0.006338112023982024,0.714697405374708,10,0.006386684590497192,0.6609840579425084,10,0.008415298387748394,6
20,4,5,0.7766290595925225,6,0.7794817299960255,5,0.768950240740601,4,0.7931988745143005,5,0.00886347269821187,0.7931988745143005,5,0.008937512678283223,0.7732425059895047,5,0.010637662764156956,7
20,4,10,0.7878913711078875,13,0.7904736953372339,10,0.7766290595925225,6,0.7820352988457326,10,0.008535570430946583,0.7891146130625503,10,0.00816385695330754,0.8044389612783238,10,0.007890302019118469,7
20,4,5,0.7590398858652105,9,0.7499393383161196,5,0.7238987427715984,5,0.7689122749178995,5,0.006911262174834896,0.7693569622668817,5,0.006941374542608322,0.6723165724307332,5,0.010902489902905078,7
20,4,10,0.7931141434045067,15,0.7865348108978714,10,0.7590398858652105,9,0.7779959251067076,10,0.0071268308352008215,0.7750454634702031,10,0.007134557208323464,0.7755983166021946,10,0.007670491676193957,7
20,4,5,0.8097006505042407,6,0.7916924977650721,5,0.8008134535403766,5,0.7847530813701541,5,0.010903194530550109,0.7837078552474365,5,0.010870264391097671,0.7847530813701541,5,0.010769563286607428,7
20,4,10,0.8076462522415679,13,0.785526362935922,10,0.8097006505042407,6,0.7668178346819501,10,0.01068736721373787,0.766835346470064,10,0.010880340802961443,0.7696602070719543,10,0.010623298509629921,7
20,4,5,0.6783460360180028,8,0.6681728711786588,5,0.683072743960501,6,0.7040724855329483,5,0.010252979347784179,0.7063387233673609,5,0.0102867920266126,0.6941615058247844,5,0.009580328344801445,7
20,4,10,0.7029157137750827,15,0.6999512292753632,10,0.6783460360180028,8,0.7021165293595125,10,0.009433284815271491,0.7041675553780151,10,0.00944400348624693,0.708792188151042,10,0.009327545350708578,7
20,4,5,0.6224642408908582,9,0.625298230275565,5,0.6432082011325805,6,0.6178942942999955,5,0.006650600945712994,0.6287364551780044,5,0.006675294271345396,0.6218778513254853,5,0.0067479587995695756,7
20,4,10,0.6343069748948594,16,0.6193024453446653,10,0.6224642408908582,9,0.6244373666761394,10,0.006301022154321186,0.6253507786211215,10,0.006303726662915142,0.6244373666761394,10,0.00629497392422775,7
20,4,5,0.8036148411371723,7,0.7896291190151327,5,0.7763188043012967,5,0.7772702368033441,5,0.012668768463222763,0.770127676889732,5,0.012832408251707164,0.7374901338744568,5,0.016624879405854907,7
20,4,10,0.8274530953164497,15,0.812564215948997,10,0.8036148411371723,7,0.8201953415754597,10,0.00923385026614004,0.8239000806200287,10,0.009573280902366851,0.8008120373263553,10,0.01227567881434099,7
20,4,5,0.6080044884949799,9,0.5895655717763293,5,0.5853270620141775,6,0.606217955724427,5,0.007076403486089372,0.606217955724427,5,0.0071059833358611876,0.5972725118359602,5,0.007153360125246691,7
20,4,10,0.6100706438785312,16,0.6345893759885273,10,0.6080044884949799,9,0.6153132705473426,10,0.006966966978738013,0.6151468993412437,10,0.00699189990563367,0.5902171975025301,10,0.007082029877365082,7
20,4,5,0.66517001624632,8,0.6562134701963073,5,0.6507795472330009,6,0.6738161253008926,5,0.0071850987984600516,0.6647805494251916,5,0.00717538395505698,0.676720368421452,5,0.007187055479898493,7
20,4,10,0.6577611918349916,14,0.6553163368002998,10,0.66517001624632,8,0.6747152841707874,10,0.0069641207171201374,0.6775685944159825,10,0.006956005103378854,0.6772759260588983,10,0.006962428357127018,7
20,4,5,0.7466072536154796,7,0.7591427205546687,5,0.7202035857701866,4,0.7648370278594344,5,0.0070430771423562084,0.7681814600872358,5,0.007099802388098319,0.698592064223291,5,0.010915111292764049,8
20,4,10,0.7834497444888123,13,0.7839139299443393,10,0.7466072536154796,7,0.8183934209640681,10,0.005810334629727853,0.8149963621476425,10,0.005870592717404255,0.7528367718287908,10,0.007698991135331983,8
20,4,5,0.7700768562325712,7,0.7745961516452313,5,0.7686526603648174,4,0.778491022391465,5,0.010087829413840852,0.7808523022331175,5,0.010298266560175571,0.7328906543047087,5,0.011830717039904553,8
20,4,10,0.7914332067357704,14,0.7752357732622638,10,0.7700768562325712,7,0.8095688080132437,10,0.008684785636200523,0.8123199215837662,10,0.008794785563149008,0.7871420451467946,10,0.009111424725318106,8
20,4,5,0.8767870952558182,8,0.8672218597235752,5,0.8814733232766309,5,0.8697621946793493,5,0.0065911147038173815,0.864598791471349,5,0.006894618341458643,0.8863335210990712,5,0.009572152536668115,8
20,4,10,0.8757201183062181,13,0.8851252889688636,10,0.8767870952558182,8,0.8745919511210731,10,0.005956258279253622,0.8708833058314516,10,0.006092327676102283,0.8809437224928621,10,0.007190275204150837,8
20,4,5,0.7256097672731632,9,0.6933429251609808,5,0.7080696104964377,6,0.6912064756627425,5,0.01070248500022614,0.6876941713639468,5,0.010762951690381136,0.6585115544887138,5,0.011959592019923271,8
20,4,10,0.7293650781090528,14,0.7302633444103663,10,0.7256097672731632,9,0.7265938749143568,10,0.009089728098618915,0.7240392224935089,10,0.009111034108517648,0.7199174515825167,10,0.009569362077442892,8
20,4,5,0.7433589956955906,8,0.7509876092058785,5,0.7403523664463947,5,0.7351749250487897,5,0.008911385269438,0.73840718953106,5,0.009089627879901776,0.7496092372159925,5,0.009783938738629306,8
20,4,10,0.7651839644061235,13,0.7653213148878637,10,0.7433589956955906,8,0.7480959816456687,10,0.007679489918917745,0.7505435219138836,10,0.007768524176391041,0.7322028806596793,10,0.008019777824901793,8
20,4,5,0.9267603287011438,7,0.9213705716762054,5,0.9233198246967156,5,0.9213705716762054,5,0.010022431718793638,0.9213705716762054,5,0.009818791716638063,0.9113547864619419,5,0.010308936183223687,8
20,4,10,0.9156959592664534,15,0.919222458826116,10,0.9267603287011438,7,0.9084365359541293,10,0.008625233406202444,0.9201093315182427,10,0.008417938452078801,0.9115847029850601,10,0.008854242908354373,8
20,4,5,0.8255503165597119,8,0.839223381119355,5,0.8289458269615021,5,0.818599878485984,5,0.007650532816528481,0.818599878485984,5,0.007615970948301139,0.8288033551179339,5,0.010257231755808281,8
20,4,10,0.8538049860932412,11,0.853662221275059,10,0.8255503165597119,8,0.842888122930197,10,0.006296869209063643,0.8409960248100873,10,0.006279904684480315,0.8220092808102174,10,0.007210565992008772,8
20,4,5,0.9463863496707875,8,0.9423307289685053,5,0.9463863496707875,5,0.9446568948283667,5,0.008888078942927572,0.9446568948283667,5,0.009035253651345485,0.9448439911925693,5,0.009928441735680419,8
20,4,10,0.9463863496707875,13,0.9463863496707875,10,0.9463863496707875,8,0.9463863496707875,10,0.00774236404211412,0.9430320064266282,10,0.007838685020263463,0.9427082764560925,10,0.009217526921469434,8
20,4,5,0.8071029296197868,6,0.803735429202431,5,0.789054846893091,4,0.8004567195515603,5,0.020963167829788912,0.8061930517950848,5,0.020834317228977887,0.803735429202431,5,0.020441807737768995,9
20,4,10,0.8148467382358672,11,0.8197314213237022,10,0.8071029296197868,6,0.8260935774243277,10,0.013482179253256612,0.8302587600481838,10,0.012901366983703684,0.8435802153069066,10,0.012708233397347444,9
20,4,5,0.778204512992739,7,0.776547146367053,5,0.7423567058824777,4,0.7755305910184889,5,0.014261440272234546,0.7705960403787748,5,0.014181398381949884,0.7725801501429034,5,0.014231878051134695,9
20,4,10,0.8068817969821469,11,0.8054360248548164,10,0.778204512992739,7,0.8015937336571469,10,0.012915834744576223,0.8217301990141422,10,0.01322821670851642,0.7991886172520093,10,0.013289394428650588,9
20,4,5,0.7837151433690787,7,0.7958699700633096,5,0.7383822451521526,4,0.79358648591645,5,0.011327492149071285,0.7969564698998041,5,0.011386915318671396,0.7710486169221235,5,0.012108904758671954,9
20,4,10,0.7930047947084498,13,0.7861369967374892,10,0.7837151433690787,7,0.8000280993850973,10,0.010297149988403411,0.7928901638574548,10,0.010390688410196107,0.8048849380760584,10,0.010111425840794046,9
20,4,5,0.7771950693922779,7,0.7815815709737625,5,0.7359337490338907,4,0.7850898611441035,5,0.00952984037658272,0.7850898611441035,5,0.009465856996403876,0.7485739775350371,5,0.010177944049106836,9
20,4,10,0.7920910716566203,11,0.7846912134332615,10,0.7771950693922779,7,0.794529104181204,10,0.008069186714415083,0.794529104181204,10,0.008015120746453218,0.7654720151587115,10,0.008696395010975409,9
20,4,5,0.7533980161523366,6,0.7578181820125872,5,0.7373309380822911,3,0.7844004677125564,5,0.010258914581079777,0.7844004677125564,5,0.010118454607849917,0.7730267940827622,5,0.011001458083782131,9
20,4,10,0.8197756139138039,14,0.7962827429177329,10,0.7533980161523366,6,0.7861117165206695,10,0.008533835956288463,0.7861117165206695,10,0.008366756550369774,0.7937077446546685,10,0.008606460337226783,9
20,4,5,0.7597613230491738,7,0.7520035833145343,5,0.748533791072491,3,0.7635569318269851,5,0.011476042564112277,0.7635569318269851,5,0.011318027813304947,0.7306265311432373,5,0.014166123204844639,9
20,4,10,0.7875091853891951,14,0.8176026640492675,10,0.7597613230491738,7,0.8152258282595617,10,0.00933888662536429,0.8239182382986245,10,0.008452293800700162,0.8243406286692406,10,0.008859119136573567,9
20,4,5,0.7887059800737213,7,0.7715433217062007,5,0.7942880018995736,4,0.7838740482142821,5,0.010838692072574235,0.7811365922516464,5,0.010926502913739268,0.7873219445881429,5,0.010756004211543458,9
20,4,10,0.7717895118094482,12,0.7818380807867035,10,0.7887059800737213,7,0.7815776784830846,10,0.00929727930136465,0.7849121545715977,10,0.00934281906447112,0.7750099942860288,10,0.009191114369129436,9
20,4,5,0.7697931076623409,6,0.7617687654499283,5,0.7193919514573675,4,0.7565770925097705,5,0.012509287230019834,0.7565770925097705,5,0.012516630847242229,0.7524827979245886,5,0.012104844928211251,9
20,4,10,0.7643593441603941,12,0.7729878875420173,10,0.7697931076623409,6,0.7658971832523778,10,0.01112144924231089,0.7688762093367337,10,0.011066053642907865,0.7422190283107493,10,0.011940719384492293,9
20,4,5,0.8614559721944525,6,0.8671829432960527,5,0.8496910499328134,3,0.8669149438115238,5,0.013576693695061712,0.8620997011960079,5,0.013809137292369988,0.8559179277785449,5,0.018909038894365363,10
20,4,10,0.876051527765818,11,0.8693791870305847,10,0.8614559721944525,6,0.8693791870305847,10,0.010243024314596672,0.8747061811540398,10,0.01015344643620178,0.8663023636195583,10,0.009808413652467604,10
20,4,5,0.9023239580985394,8,0.89570650752059,5,0.8942428804403328,4,0.9030219330355058,5,0.00889065285952335,0.8980373561749598,5,0.008804993648278898,0.8923885606942359,5,0.012739448552931255,10
20,4,10,0.9183072096178354,15,0.9079122898736304,10,0.9023239580985394,8,0.9130344743232177,10,0.0081405758268183,0.9130344743232177,10,0.00796104042060685,0.9080668637766076,10,0.008988550456181969,10
20,4,5,0.8117322924176842,5,0.8117322924176842,5,0.8127221772820292,5,0.8248924463343992,5,0.012919692916651182,0.8250452814805077,5,0.012665312873856376,0.7831624874205162,5,0.01536219235246154,10
20,4,10,0.8310186437079048,12,0.8267610322854287,10,0.8117322924176842,5,0.8320723668025277,10,0.009797919348099201,0.8320723668025277,10,0.009565737625137478,0.815176798448979,10,0.009987020449706811,10
20,4,5,0.874044334580842,6,0.8758098764003255,5,0.8654929345080667,4,0.8758098764003255,5,0.008115417673867682,0.8758098764003255,5,0.008133793523889949,0.854696181572974,5,0.0094389567793968,10
20,4,10,0.8847639771782214,13,0.8879219543314876,10,0.874044334580842,6,0.8741142132437624,10,0.007659988393276104,0.8830370686148273,10,0.007736339792651149,0.8788852244260154,10,0.007778502237134153,10
20,4,5,0.8461676559618664,8,0.8178800900919855,5,0.8444227579416165,5,0.8236113052330682,5,0.011283267719418254,0.8230739912665788,5,0.012274961629008367,0.8120506831077835,5,0.012504818301043118,10
20,4,10,0.8441639681997137,14,0.8208631682587401,10,0.8461676559618664,8,0.8282949513524441,10,0.009277250864023976,0.8287324973348883,10,0.009381247511008528,0.8228318013834324,10,0.011722588793822599,10
20,4,5,0.8859263219077488,6,0.8798266307278236,5,0.9028259928385397,4,0.8973498628776255,5,0.009774832629373344,0.8909368509433699,5,0.009901944128021112,0.907639818087033,5,0.010122615630854507,10
20,4,10,0.8943956498855148,11,0.8917572301390284,10,0.8859263219077488,6,0.896039497068103,10,0.00917315520948391,0.8808169057669913,10,0.009263796561538282,0.8914248337469601,10,0.00898513235500774,10
20,4,5,0.6885965262760089,9,0.7137664165627713,5,0.6952526279401052,5,0.6525486590843623,5,0.008977182560781541,0.6525486590843623,5,0.009052380500434363,0.7284447451419063,5,0.00968330694877259,10
20,4,10,0.6451593201052936,13,0.6614106511482897,10,0.6885965262760089,9,0.6648678671586015,10,0.008720306849763179,0.659554559154235,10,0.009087584063894406,0.6668811459152131,10,0.008793592085936703,10
20,4,5,0.8251665604734665,8,0.8244146617698521,5,0.8025476591806898,5,0.8196262516109175,5,0.008622677345442333,0.8236496957959185,5,0.00856449918763556,0.8268203681650669,5,0.009438616922080034,10
20,4,10,0.819789521683566,12,0.8215892195720353,10,0.8251665604734665,8,0.8260076944068361,10,0.008650460284988696,0.8245268507851079,10,0.008558829726607212,0.8241879007566457,10,0.008605902766916789,10
20,4,5,0.8563818068914943,9,0.8466813898193044,5,0.8406168170784146,6,0.846277112807184,5,0.014301100932933809,0.8466904378633977,5,0.0141909497122367,0.8238936627566849,5,0.021867036030157994,11
20,4,10,0.8817763757720507,14,0.8715133312275786,10,0.8563818068914943,9,0.8859440353418295,10,0.011290843533657759,0.8850966737586252,10,0.011110448369298519,0.872789494187383,10,0.012848962428443439,11
20,4,5,0.9433531984815628,8,0.9417413602549719,5,0.9433531984815628,6,0.9456424503352152,5,0.008445074817569313,0.9359654758055075,5,0.008135613806889541,0.9433531984815628,5,0.011973437373324859,11
20,4,10,0.9440306121086243,14,0.9456424503352152,10,0.9433531984815628,8,0.9425817855362869,10,0.00788866920306273,0.9288004564714173,10,0.007808478124194237,0.9433531984815628,10,0.011018044226230485,11
20,4,5,0.852199018692849,9,0.8562802675309632,5,0.8539660033321961,5,0.8688656610749951,5,0.013962849954881814,0.8688656610749951,5,0.014237499817978613,0.8705801836374394,5,0.014268416303184683,11
20,4,10,0.8491558549740159,14,0.8551201238004644,10,0.852199018692849,9,0.8540919838558064,10,0.013960755555340968,0.8561815554418182,10,0.01420802079060676,0.8631228757159025,10,0.014275750666806636,11
20,4,5,0.8108964096063404,7,0.806656548218056,5,0.8151398913333291,4,0.8195375251160322,5,0.013721580144433088,0.8098683023874139,5,0.01375357453879668,0.8139558335900497,5,0.016904060912098087,11
20,4,10,0.8139403581139314,12,0.8128370124265084,10,0.8108964096063404,7,0.8118864322834187,10,0.01384004134590573,0.8118864322834187,10,0.013965009266406703,0.815829112411519,10,0.013775131035668216,11
20,4,5,0.8997242553143604,8,0.8997242553143604,5,0.8967078591792375,5,0.8997242553143604,5,0.010251592265988634,0.8997242553143604,5,0.010438022691633143,0.8967078591792375,5,0.011791417860648018,11
20,4,10,0.8997242553143604,14,0.9018464879701774,10,0.8997242553143604,8,0.8997242553143604,10,0.009801949055578104,0.8997242553143604,10,0.010103754047614575,0.9018464879701774,10,0.010096410583408755,11
20,4,5,0.8765382296218189,7,0.8765382296218189,5,0.8765382296218189,5,0.8765382296218189,5,0.010059670322446004,0.8765382296218189,5,0.010129586639807626,0.8765382296218189,5,0.009456690181986178,11
20,4,10,0.8765382296218189,13,0.8765382296218189,10,0.8765382296218189,7,0.8765382296218189,10,0.0096649677336393,0.8743654873767172,10,0.009872425069427019,0.8765382296218189,10,0.00949549591492686,11
20,4,5,0.8984379304122342,10,0.8984379304122342,5,0.8984379304122342,6,0.8984379304122342,5,0.015108352595025265,0.8984379304122342,5,0.015239685777747982,0.8984379304122342,5,0.016296290283051067,11
20,4,10,0.8984379304122342,13,0.8984379304122342,10,0.8984379304122342,10,0.9007158940864625,10,0.014380873433248885,0.8984379304122342,10,0.014243098767175047,0.8984379304122342,10,0.014749530574180143,11
20,4,5,0.815152253800568,5,0.815152253800568,5,0.8018170646375253,3,0.8116229134162604,5,0.01226312694247462,0.8061995722784062,5,0.012154954394373458,0.8116229134162604,5,0.012044653475916189,11
20,4,10,0.834584373159675,11,0.8201790508391407,10,0.815152253800568,5,0.8289659542867078,10,0.009382811593664688,0.8282320351960739,10,0.008686217795803015,0.8213203523100979,10,0.008341786264956848,11
20,4,5,0.8406243784296337,8,0.8507691436654561,5,0.8184741327114926,5,0.8346904999247694,5,0.009735296903354819,0.8304801235827304,5,0.009672373618847627,0.832350570170194,5,0.011935029171405688,12
20,4,10,0.8534359101709479,12,0.8703601837070446,10,0.8406243784296337,8,0.8319199013019561,10,0.008667925325823736,0.8630448201051393,10,0.008459463244206543,0.8693924042105013,10,0.00848473974930784,12
20,4,5,0.7994325247925776,7,0.7973797299391843,5,0.8119252589054722,4,0.793640623143696,5,0.008679614055173278,0.7855751391068817,5,0.008060076803023517,0.8114508004292055,5,0.009802211915731102,12
20,4,10,0.8140870139285588,12,0.7983280854297583,10,0.7994325247925776,7,0.7903767305782224,10,0.007649087613904969,0.7929401343172768,10,0.007605286566849035,0.7978812668311536,10,0.008031691764738037,12
20,4,5,0.9505692534203181,8,0.9505692534203181,5,0.9505692534203181,4,0.9505692534203181,5,0.00668740490701095,0.9505692534203181,5,0.006357628059228715,0.9505692534203181,5,0.010955564983981774,12
20,4,10,0.9505692534203181,13,0.9505692534203181,10,0.9505692534203181,8,0.9505692534203181,10,0.005762756814691885,0.954720417999157,10,0.005397945241005635,0.9505692534203181,10,0.006522179593345011,12
20,4,5,0.5348978733981584,8,0.5626947887680495,5,0.5733756553017655,4,0.537619894269421,5,0.010330683438518815,0.5356094178858464,5,0.010385776534521756,0.5223924273079912,5,0.010342523979649021,12
20,4,10,0.6037773026673552,13,0.5542698420240606,10,0.5348978733981584,8,0.534398761492498,10,0.010003760120149363,0.5359622940521908,10,0.010061003771133836,0.5513474752027471,10,0.009907640928863023,12
20,4,5,0.7900034884082874,7,0.771979825760667,5,0.7673639030241409,4,0.7837751790373589,5,0.012247667453399952,0.7792803804450542,5,0.012210100245252518,0.7902303413047419,5,0.01446729424794701,12
20,4,10,0.7827991032376751,14,0.7888741142968588,10,0.7900034884082874,7,0.8039350551649704,10,0.01086872967406821,0.80924973336976,10,0.010940856835602693,0.7961413079952151,10,0.011643340399792765,12
20,4,5,0.9091080402393954,9,0.9065522789330089,5,0.9080483750060465,5,0.9091080402393954,5,0.00732821417446331,0.9091080402393954,5,0.007589929005889595,0.9080483750060465,5,0.008354106401575178,12
20,4,10,0.9049227635092919,16,0.9100088335032734,10,0.9091080402393954,9,0.9067256740901275,10,0.006821716252920336,0.9045225090782103,10,0.006994771132279522,0.9060978438577069,10,0.006838793755375504,12
20,4,5,0.8231455228339023,6,0.8049514817386736,5,0.7886624164611021,4,0.8049514817386736,5,0.013959078561158491,0.8275011573187584,5,0.0121839956169581,0.8049514817386736,5,0.013675096194475118,12
20,4,10,0.8448054984570181,12,0.8500771459067485,10,0.8231455228339023,6,0.8368075599532109,10,0.00915369600116593,0.8284586737422317,10,0.008918561650153284,0.8320779376527031,10,0.010366416731354414,12
20,4,5,0.8985027041048398,6,0.8987023617011207,5,0.8890154191233267,4,0.9038840793193507,5,0.014934935746865904,0.8787076605396063,5,0.014392253045132322,0.8622873232463326,5,0.01601745902250089,12
20,4,10,0.8975080722581092,12,0.8924281835993674,10,0.8985027041048398,6,0.8876015680231343,10,0.013976628745539375,0.88968259375979,10,0.013211602443714332,0.9086786685936025,10,0.013056649767593364,12
20,4,5,0.7770664603324713,8,0.7934941962894173,5,0.791070217449478,5,0.7937926588107309,5,0.01317433603258745,0.7955296270075713,5,0.012837792913130058,0.779993412415657,5,0.015947112367236768,13
20,4,10,0.8033315281569295,13,0.8041443683958137,10,0.7770664603324713,8,0.8211056940400557,10,0.01097532030538386,0.8094877128301411,10,0.010792556694736024,0.7887071241163187,10,0.013771692639026773,13
20,4,5,0.77030076786938,6,0.7842901619804928,5,0.7623199012820537,4,0.7783820981355315,5,0.014255622265336656,0.7854018414817154,5,0.014404284552370946,0.7646976778010621,5,0.015195779367511273,13
20,4,10,0.7873023729392626,12,0.8041052261600977,10,0.77030076786938,6,0.7966765952219734,10,0.01454979248811471,0.7873320611154719,10,0.015010868423395584,0.7834417194342843,10,0.013345841569637721,13
20,4,5,0.8234243376218218,7,0.8430925200587424,5,0.8286153180101313,4,0.8531991539837994,5,0.011932430473389918,0.8453935231486553,5,0.011994172673994169,0.8422210857521752,5,0.011952773030527372,13
20,4,10,0.8675560689535065,13,0.8578848224073035,10,0.8234243376218218,7,0.8546474271201309,10,0.009803478690131462,0.856873787272677,10,0.009744937108352544,0.8633769045294883,10,0.009617754680274761,13
20,4,5,0.7844060934278829,7,0.7758997329581232,5,0.7457764361012325,5,0.764294229352708,5,0.014464330369152333,0.7635783573339322,5,0.013908107307634053,0.764294229352708,5,0.014349219074728843,13
20,4,10,0.7818822931489484,15,0.7576949664642625,10,0.7844060934278829,7,0.7969644766539248,10,0.01224306394012149,0.7925129067245129,10,0.012031924405095486,0.7876348598981608,10,0.012589172068398621,13
20,4,5,0.7986872450752552,8,0.8188094274105362,5,0.7835256452415288,4,0.7944312725192485,5,0.015028627709600485,0.7724569591129363,5,0.01728819308606397,0.742815103075471,5,0.025434811970228934,13
20,4,10,0.8190416582827809,13,0.8108312035509797,10,0.7986872450752552,8,0.8160811630130912,10,0.012869724681635488,0.8014687577323764,10,0.013527324747526272,0.8077177033444614,10,0.012916611139544915,13
20,4,5,0.7773205889182628,7,0.7648790762745445,5,0.7525802972213119,4,0.7828254350896772,5,0.013159923993891027,0.7871806406211532,5,0.013148492676064898,0.7517277812340721,5,0.013231775005087341,13
20,4,10,0.8093634655879625,12,0.8004603278379716,10,0.7773205889182628,7,0.7746166628114975,10,0.012040083666885675,0.7727479666794658,10,0.012047490847039335,0.7744732525529051,10,0.011774447137209286,13
20,4,5,0.763050356601173,6,0.7638384105242764,5,0.8146910666257319,4,0.7645098987468552,5,0.01607907343309877,0.7691758699862682,5,0.016538344334594317,0.7645098987468552,5,0.015831427484254024,13
20,4,10,0.7434053080322693,14,0.7445138246348307,10,0.763050356601173,6,0.7707168782485132,10,0.015403151055237804,0.77092652810231,10,0.015515536983256466,0.7711184591316675,10,0.015107773557010134,13
20,4,5,0.754092894719662,7,0.7562366094670618,5,0.7591813162908803,5,0.7525072477406431,5,0.011363369821276715,0.750203334085641,5,0.011581011422056012,0.7201818742025516,5,0.011917738263721209,13
20,4,10,0.7992173852907353,13,0.7933728475860488,10,0.754092894719662,7,0.7778179033320678,10,0.008469355087270277,0.7738471836931152,10,0.008867617442836975,0.7814322582353265,10,0.00877580647883443,13
20,4,5,0.7704912810411991,7,0.7779406764518164,5,0.750142909137129,4,0.7867023003705496,5,0.006664374408874751,0.7892598135494863,5,0.006665102636000241,0.766776076539136,5,0.00731281264530859,14
20,4,10,0.7766446152784894,13,0.7622500943277803,10,0.7704912810411991,7,0.7979599785027492,10,0.0064494198518052735,0.7982554195468254,10,0.006450625835436466,0.7782541318379946,10,0.006613427099552845,14
20,4,5,0.7824977695468641,7,0.7817048808640049,5,0.7807105022524913,4,0.7914142878851409,5,0.01207870186571515,0.7959330804021355,5,0.011957135977284405,0.7879992489928896,5,0.013259117522576342,14
20,4,10,0.7935880556303966,13,0.800756675468271,10,0.7824977695468641,7,0.81025054741902,10,0.009908026018111396,0.8122747806108725,10,0.009835317465840756,0.7911579208950652,10,0.011321836537276293,14
20,4,5,0.8343325401273068,7,0.7952429184471,5,0.8295950133472866,4,0.811214376398072,5,0.019484709083228073,0.8029314071645154,5,0.019984701544456366,0.811214376398072,5,0.01933693629844667,14
20,4,10,0.8175836909867481,13,0.82499098720311,10,0.8343325401273068,7,0.8326866722360411,10,0.015566419832222813,0.8230097975155004,10,0.015500755729909898,0.8301520486637428,10,0.015537262545994473,14
20,4,5,0.679095822999226,7,0.6790183466035442,5,0.6600590311400145,5,0.6743217735821216,5,0.007630900091009759,0.6777429219153163,5,0.007637376583000305,0.6584475527741028,5,0.007562003463263526,14
20,4,10,0.6314062610326397,13,0.6416453790595011,10,0.679095822999226,7,0.6524926418002257,10,0.007289211454320321,0.6490677446499715,10,0.007318013886573799,0.6448134904462969,10,0.007592306656737485,14
20,4,5,0.5871016472526648,7,0.5936013251925027,5,0.5128200856757265,4,0.6505643014711854,5,0.007630271424346267,0.6503266836590372,5,0.007650714024417682,0.6512000645019266,5,0.007619191704246662,14
20,4,10,0.6630794828583577,13,0.6589324682369803,10,0.5871016472526648,7,0.6604448343096472,10,0.007691907273791078,0.6632561334202393,10,0.0077312976824813855,0.623780519874538,10,0.007974502415510948,14
20,4,5,0.7330814982598931,6,0.7331081051789191,5,0.6683094411600096,3,0.7505681947809452,5,0.00750945180916489,0.7492029409379506,5,0.00749252530508448,0.7222574418997858,5,0.008061620246416748,14
20,4,10,0.7603532759898882,13,0.750874390705087,10,0.7330814982598931,6,0.750961376881949,10,0.007409874736755776,0.7479368598439806,10,0.007410498044616261,0.7469681579280087,10,0.007399459257653835,14
20,4,5,0.8489021931925806,7,0.8106100471468063,5,0.8353626510336765,4,0.8348937337282969,5,0.01340132047973311,0.8406100661942345,5,0.013515855974369563,0.8428021172226361,5,0.013204634235974,14
20,4,10,0.8536441977433105,15,0.8668812682508305,10,0.8489021931925806,7,0.8596766493470976,10,0.010973640984007353,0.8612612311888439,10,0.01073343536680937,0.8683150065353097,10,0.010934571155437762,14
20,4,5,0.8337345932644714,8,0.8155072961771479,5,0.8179547600994425,4,0.8079773712148982,5,0.01450053207751231,0.8112770238653508,5,0.014181768273902001,0.8326875837858334,5,0.015560343790899971,14
20,4,10,0.8289879948227588,13,0.8228692217382504,10,0.8337345932644714,8,0.8014437315837354,10,0.013314467332069509,0.8014437315837354,10,0.013055701873923345,0.7858628661247797,10,0.014658818476795408,14
20,4,5,0.7738769382377371,7,0.7857485810508177,5,0.7678255791065987,4,0.7945016590813908,5,0.012272679457119302,0.7945016590813908,5,0.012220844880364259,0.7829269011082942,5,0.013290625491223075,15
20,4,10,0.7781618521587418,14,0.7741424146588618,10,0.7738769382377371,7,0.7757144489528189,10,0.012744170323685024,0.7798444278997287,10,0.013192526692601576,0.7809004554623,10,0.012905032909764233,15
20,4,5,0.7199030760856788,7,0.7105738495162458,5,0.6921726348904793,3,0.7252908926079888,5,0.0131822934098225,0.695649391521383,5,0.015406732153553732,0.7143948501533561,5,0.013828386702125526,15
20,4,10,0.7539111175472406,13,0.7499985012970398,10,0.7199030760856788,7,0.7472208721480732,10,0.01137794867362068,0.726815829727783,10,0.013809909176117319,0.7479537381926227,10,0.012169607215022103,15
20,4,5,0.7553341958280155,6,0.7465518187292993,5,0.7233737283181748,4,0.7614164429525908,5,0.01569759797929698,0.7613333983249322,5,0.01592007455011258,0.7343461230653385,5,0.01996432641381804,15
20,4,10,0.7801725567100166,13,0.7656909194042512,10,0.7553341958280155,6,0.7849512050045495,10,0.011882515321885759,0.7916194665045327,10,0.012942115384879885,0.7955902413145468,10,0.012650036314841177,15
20,4,5,0.754302030190206,6,0.7767343466366058,5,0.791092204812911,5,0.7605220882998627,5,0.01337295808149178,0.7635840892933458,5,0.013427233798582223,0.7668526904504923,5,0.0124632658524791,15
20,4,10,0.7813438880226088,14,0.7666520896284685,10,0.754302030190206,6,0.7865436557205548,10,0.011251284365762504,0.7863183073334733,10,0.011204239555706461,0.7840290694545029,10,0.011854351964654586,15
20,4,5,0.9450979442389444,7,0.9435343788067112,5,0.9400268823969712,5,0.9423973780910678,5,0.011315805092821983,0.9423973780910678,5,0.010316922817932023,0.9400268823969712,5,0.014383050277967694,15
20,4,10,0.9450979442389444,14,0.9434115860803575,10,0.9450979442389444,7,0.9452418210745621,10,0.011640762082461209,0.9572539374135416,10,0.009877321633070445,0.9503162257232332,10,0.010140968288616667,15
20,4,5,0.8894879821050676,9,0.8856295289854994,5,0.8737093960690524,6,0.8850838902005465,5,0.007397796921592761,0.8819893569356934,5,0.007437738202229651,0.8953690104536289,5,0.009850836078682071,15
20,4,10,0.8914198616013763,14,0.8923422863060885,10,0.8894879821050676,9,0.8819986745055218,10,0.007383367075832329,0.8766282611427454,10,0.007412380218348857,0.8848674422304544,10,0.008150960451434236,15
20,4,5,0.6524040191859034,7,0.6658513389165504,5,0.6751643843529468,4,0.6835076038616071,5,0.011387367680768432,0.6765297100871833,5,0.011370797427848479,0.6747755422784558,5,0.011298079514230371,15
20,4,10,0.702683243539206,15,0.6863583854375804,10,0.6524040191859034,7,0.7489541032334126,10,0.009225136975198975,0.7489541032334126,10,0.009212366164281968,0.7455511621764389,10,0.009220002319404223,15
20,4,5,0.9336265308255152,8,0.9358158493352802,5,0.9358158493352802,4,0.9331209102354333,5,0.008000274166476607,0.9331209102354333,5,0.00821254910795922,0.9358158493352802,5,0.011778252916914159,15
20,4,10,0.9336265308255152,13,0.9322248198552268,10,0.9336265308255152,8,0.9296606433750499,10,0.008349080061593066,0.9283674152454914,10,0.008480515551925421,0.9387300782257259,10,0.009364783134916593,15
20,4,5,0.7805183368478501,7,0.7752682940124977,5,0.7640128341401,4,0.779179944878568,5,0.010751086961397998,0.7731833601670935,5,0.010745843294696689,0.7811276110857487,5,0.010698052349869307,16
20,4,10,0.8032119173132178,15,0.7821677734886217,10,0.7805183368478501,7,0.7907077483666258,10,0.010139569360309445,0.7751072101418277,10,0.010166209566834242,0.7809859596177163,10,0.010099829983747801,16
20,4,5,0.7451086106003901,7,0.7365953281537476,5,0.6438747578967852,4,0.7386408403319921,5,0.008774275796925558,0.7355541656191861,5,0.008629189431438594,0.7102545570392046,5,0.009390743360930197,16
20,4,10,0.7552940937921836,12,0.7507690292998911,10,0.7451086106003901,7,0.7454439399910521,10,0.008501519465305632,0.7415760082738159,10,0.00845221703144121,0.7401212693203207,10,0.00916560882164127,16
20,4,5,0.7252936866750365,8,0.7195464449919283,5,0.7194940918542733,5,0.662777360451017,5,0.011680985412931933,0.662777360451017,5,0.011708261185489783,0.7142793837265581,5,0.01163090941052065,16
20,4,10,0.7352644800457466,12,0.7234343935265138,10,0.7252936866750365,8,0.7408293966186771,10,0.009578527425455525,0.745344686814914,10,0.009620402735351953,0.743729882258266,10,0.010424264875269889,16
20,4,5,0.8001872898219275,7,0.7842431088406051,5,0.7532941610375058,3,0.7862330076613081,5,0.012708283643081183,0.784535789996876,5,0.01276753693809277,0.7946889917611201,5,0.014045206834806336,16
20,4,10,0.806013406091125,13,0.8024003011533865,10,0.8001872898219275,7,0.8175191162878492,10,0.012304734219647066,0.8096680767037092,10,0.01235383657995629,0.7787411079421235,10,0.013830458754616741,16
20,4,5,0.7391116874165486,8,0.7486281831223484,5,0.7320593433471647,5,0.7541993073622187,5,0.01061127404394812,0.7539859285208101,5,0.010413892683895903,0.7541993073622187,5,0.01059444786169062,16
20,4,10,0.7494286480579303,13,0.7418100830157026,10,0.7391116874165486,8,0.7577518857737859,10,0.01013024853992757,0.7547908225868011,10,0.009941063099671707,0.7616159303727544,10,0.010015338159428537,16
20,4,5,0.7799999770003221,6,0.7680436432916904,5,0.7289833152717946,3,0.7674260230613206,5,0.007589115234787461,0.7674260230613206,5,0.007758391750385373,0.7525931831171669,5,0.007974833677294442,16
20,4,10,0.8052917094070079,13,0.7953791205687645,10,0.7799999770003221,6,0.7945558371271325,10,0.007009535245295371,0.7807552970670082,10,0.006948036124197564,0.7805173467803016,10,0.007435688935899882,16
20,4,5,0.8041776338018554,6,0.8375642488515411,5,0.8058890765185928,5,0.8401770966369226,5,0.011534876998085081,0.8380483083332695,5,0.011343474830143124,0.8570310874550692,5,0.011803271987232042,16
20,4,10,0.8039144366555321,14,0.8202678336513511,10,0.8041776338018554,6,0.8281844035085221,10,0.011637227142395231,0.8346062278214204,10,0.011502215394340539,0.8352692942095711,10,0.01160371345899251,16
20,4,5,0.6547592504332976,6,0.673251987926053,5,0.6925575808139943,3,0.667527288967504,5,0.009281425411705443,0.6639582080231025,5,0.009357001575082834,0.6639582080231025,5,0.009220727138847305,16
20,4,10,0.7356718998003926,13,0.7369610069461319,10,0.6547592504332976,6,0.7211449442660651,10,0.008162029785588677,0.7242839345273802,10,0.00818279170894409,0.6834712892199432,10,0.008543339696789684,16
20,4,5,0.7926701743727215,7,0.7849713727189718,5,0.757833008268784,5,0.774186703091403,5,0.01694050420717579,0.7740908581143132,5,0.017057269476975265,0.7311152504194273,5,0.019620119147620615,17
20,4,10,0.8129810152216751,12,0.818684762521178,10,0.7926701743727215,7,0.8048893474010188,10,0.012401864207670749,0.8046493346954741,10,0.012123846028342978,0.7381338164105342,10,0.019027121677377176,17
20,4,5,0.7832039999328465,8,0.7472817209832139,5,0.7133033337975617,4,0.783320192441907,5,0.00866662898362523,0.7868935239497896,5,0.008578445499245885,0.7868696473497162,5,0.008663667423698746,17
20,4,10,0.8350021489219951,14,0.8172728634079492,10,0.7832039999328465,8,0.8146288775043234,10,0.007088922338955198,0.8067296405904392,10,0.006978517773250274,0.8146288775043234,10,0.007016057985726545,17
20,4,5,0.7717540186147408,6,0.7798725439353557,5,0.7274274357876159,3,0.7815800281560251,5,0.0076202856994621645,0.7789049789362368,5,0.007629255391445918,0.7789049789362368,5,0.007509864765587241,17
20,4,10,0.8283621476225568,12,0.8272952777275554,10,0.7717540186147408,6,0.8267163433745923,10,0.005403307512097073,0.8332750441734375,10,0.0054123652399320306,0.826432351767146,10,0.005281527326249746,17
20,4,5,0.8152407799881697,7,0.8024143574124208,5,0.8253931976937242,4,0.8313296807014344,5,0.01252061978676536,0.8252076968822843,5,0.01232314891225911,0.8313296807014344,5,0.012164867619047991,17
20,4,10,0.8228416590213,14,0.8316700945503103,10,0.8152407799881697,7,0.8197468476746977,10,0.010842417265721301,0.8177294431548365,10,0.010736483783294663,0.8303880557184701,10,0.010911350057036794,17
20,4,5,0.8739559366160785,8,0.8739559366160785,5,0.8680056301011272,5,0.8669233760205904,5,0.007017154833612473,0.8669233760205904,5,0.0070003677780115835,0.8730927183752232,5,0.00824279478990336,17
20,4,10,0.8729180623348296,15,0.8771443893414897,10,0.8739559366160785,8,0.8682195960828982,10,0.007151375545834454,0.870209497416179,10,0.006951137377777452,0.8746185346072533,10,0.0066070176155552255,17
20,4,5,0.8136796998550017,7,0.8185325470824206,5,0.8125769318873899,4,0.8259044793832734,5,0.006796749825298034,0.82204923860941,5,0.00680320240055991,0.8443948504140402,5,0.010222310070685851,17
20,4,10,0.8452641154858201,12,0.8393120716527127,10,0.8136796998550017,7,0.8259242279393136,10,0.005952658555763667,0.8161218964040019,10,0.006071427484474712,0.8245042979627606,10,0.006599091188996695,17
20,4,5,0.7808585761896497,7,0.7587242679220901,5,0.7616093922556739,4,0.794093342181418,5,0.01453247513114202,0.794093342181418,5,0.014373392711694338,0.7555057562105774,5,0.015934586909378025,17
20,4,10,0.7827315111608271,15,0.7899646227553476,10,0.7808585761896497,7,0.8082316106469097,10,0.01262592602817681,0.7852845686435501,10,0.012422124098304033,0.7967197536228133,10,0.012848391504852646,17
20,4,5,0.887832090747263,8,0.8925298029154082,5,0.8879452068143056,5,0.8946903895721836,5,0.006841988529438531,0.8946903895721836,5,0.006845744916093778,0.8852352085171764,5,0.008723330650273203,17
20,4,10,0.8823413126754946,14,0.8897517003112297,10,0.887832090747263,8,0.8962881285292124,10,0.006666984725353589,0.8946000274115065,10,0.006650278209968488,0.8972425565763775,10,0.006627197425598613,17
20,4,5,0.6078618719774062,9,0.5991170215385357,5,0.6298595872833981,6,0.5667598105797038,5,0.018551717365853513,0.564084654131758,5,0.018715245898736483,0.6292687083310684,5,0.01831098556202825,18
20,4,10,0.6142925771819446,13,0.5927064266423507,10,0.6078618719774062,9,0.6210674744021483,10,0.01745010447810349,0.6235374728896346,10,0.01755641246857057,0.6066219814548673,10,0.017554243877283163,18
20,4,5,0.7738148888843334,6,0.7703561833301832,5,0.7157839867305599,4,0.7515354866731032,5,0.010858050137961687,0.7484456096105369,5,0.010878328578192644,0.7482726374142468,5,0.012345907106805453,18
20,4,10,0.8131795262157016,14,0.8220036149973602,10,0.7738148888843334,6,0.8147235443073918,10,0.008084744685505608,0.8158710269037052,10,0.007975521246952444,0.7958586863326514,10,0.00923224395887267,18
20,4,5,0.8457684963584428,7,0.8136756069692346,5,0.7954548876298418,4,0.8178582028224618,5,0.01009840927612517,0.8142641423986754,5,0.009927499775274308,0.8126418735672701,5,0.012280949561421175,18
20,4,10,0.8607441934770185,14,0.8827243550008164,10,0.8457684963584428,7,0.8345139529202873,10,0.008641895591477959,0.8345139529202873,10,0.008396702930642683,0.8468180098928647,10,0.00870736172491305,18
20,4,5,0.7456712692352525,7,0.7515942889111613,5,0.6635219244009036,3,0.752450918640376,5,0.008683877739158359,0.7564792396757447,5,0.008731397186170218,0.752450918640376,5,0.008592825229576792,18
20,4,10,0.7927065364881528,14,0.7851991043183558,10,0.7456712692352525,7,0.8039244877077392,10,0.005829118807225627,0.8005759327323826,10,0.005804948632210611,0.8000037177567512,10,0.00575210532074976,18
20,4,5,0.7830441222599075,9,0.7850286480537795,5,0.7851718810648606,5,0.7867281843548339,5,0.010898828051475426,0.7902391687731244,5,0.011018174758079256,0.7698613348409546,5,0.01296750629927257,18
20,4,10,0.7752259033906691,14,0.7690433632254966,10,0.7830441222599075,9,0.7718336732202201,10,0.011097171575549368,0.7749146819909095,10,0.011323019624669745,0.7861135221457859,10,0.012238000367033625,18
20,4,5,0.8523244437294102,6,0.8625828881530726,5,0.8396393396712947,3,0.8656176941718384,5,0.014095196872802836,0.8613733763444599,5,0.013473784371678704,0.8581270464335536,5,0.013109969748951076,18
20,4,10,0.8678655721649072,15,0.8641587063114967,10,0.8523244437294102,6,0.8336313315844668,10,0.014385358859030663,0.8346158932384761,10,0.01377849307910247,0.853624483346337,10,0.013519797969025379,18
20,4,5,0.8975425706755544,8,0.895092638991,5,0.889071870668684,6,0.895092638991,5,0.012376804335046667,0.895092638991,5,0.01257311991156105,0.895092638991,5,0.012197462171054947,18
20,4,10,0.895092638991,15,0.8929630360274996,10,0.8975425706755544,8,0.895092638991,10,0.011686297040456994,0.895092638991,10,0.0119410100703806,0.8968093535917174,10,0.01178717882532751,18
20,4,5,0.7846828474050398,8,0.7627067104650664,5,0.7631429677568796,5,0.7646247308927815,5,0.012796568291420668,0.7656177771631544,5,0.012927001273685755,0.766721810008842,5,0.012767244658471967,18
20,4,10,0.792633877914147,14,0.7850751620691474,10,0.7846828474050398,8,0.7785669637863667,10,0.011954955976768385,0.78160082895019,10,0.01198573669311169,0.7773823791655007,10,0.011782337837736452,18
20,4,5,0.8027520260907952,7,0.816113469349034,5,0.7799332907536011,4,0.8157860021210548,5,0.007984743346057704,0.8126587453276961,5,0.007947445158773856,0.7595132683480345,5,0.012325626701754614,19
20,4,10,0.851321804491243,12,0.8483967946508213,10,0.8027520260907952,7,0.8457250216646184,10,0.006634062516030909,0.8468659665611562,10,0.006561052468785604,0.8116971124616725,10,0.008349739737131254,19
20,4,5,0.8994835575838461,8,0.902127983836094,5,0.903684447620858,5,0.9079868520710149,5,0.007086460512576308,0.9079868520710149,5,0.007159219069728329,0.8857628596398195,5,0.013761684918563765,19
20,4,10,0.9140460875235552,13,0.9143702193064261,10,0.8994835575838461,8,0.9098464563480031,10,0.005885145832150132,0.9109846794577094,10,0.005798672364273554,0.8910995897486337,10,0.0095171440017315,19
20,4,5,0.7741589569462495,6,0.7550752585923625,5,0.7486967568586336,5,0.7719239173345799,5,0.014995720153085685,0.7719239173345799,5,0.015075718370732906,0.7373281808951565,5,0.01866967376870717,19
20,4,10,0.8059453155184011,13,0.7960809604472356,10,0.7741589569462495,6,0.7861008104527638,10,0.012454854600197986,0.7954715162310049,10,0.012413036000082945,0.7843308935645309,10,0.012690396098263048,19
20,4,5,0.8677907519968384,6,0.8725133450271765,5,0.8605868032395562,4,0.8629615370381957,5,0.009208650898813822,0.8540944524945414,5,0.009434413121736946,0.8034575958189226,5,0.013630491743032803,19
20,4,10,0.8636767043438183,14,0.8514743216476499,10,0.8677907519968384,6,0.8625728183827575,10,0.007782336003569617,0.8505638687050372,10,0.007887468497572072,0.8463253821806953,10,0.008297915346633324,19
20,4,5,0.8342683281322385,7,0.8288754140406782,5,0.8128050213985164,5,0.8613615036598928,5,0.009074365287447456,0.8307696607137133,5,0.010075528372947276,0.8017969493436665,5,0.018699045386995433,19
20,4,10,0.8806882816862251,13,0.8642462001391542,10,0.8342683281322385,7,0.8777625773774306,10,0.007217035921363039,0.8777625773774306,10,0.007309662663236097,0.8322768793286921,10,0.009738130243654346,19
20,4,5,0.8533591383814005,6,0.850918172664466,5,0.8569333802921622,4,0.8511779965934257,5,0.017292534942195955,0.8448269049088832,5,0.01596482699509395,0.8256528512754197,5,0.020156454184110665,19
20,4,10,0.83730518910503,13,0.8396871438870825,10,0.8533591383814005,6,0.846534111300383,10,0.017916072925745933,0.8343664235974664,10,0.017037934836875105,0.8391711470703086,10,0.016251033542610822,19
20,4,5,0.7633319481795252,6,0.7450396029530282,5,0.7166684234294723,3,0.7717195681340544,5,0.014146113596004024,0.7717195681340544,5,0.014244837285878297,0.7684255252427322,5,0.013721722449820646,19
20,4,10,0.8213098105823605,11,0.8097494495337035,10,0.7633319481795252,6,0.8174517386448107,10,0.009949420764350729,0.8174517386448107,10,0.010075288146654822,0.7886902777453371,10,0.01089249587290809,19
20,4,5,0.7717457257872339,7,0.7616472537444793,5,0.6821471406652475,5,0.7580240901680275,5,0.00925510284991953,0.7586488485432742,5,0.009190307933164882,0.7126274145373337,5,0.010580564183105481,19
20,4,10,0.7990372648916741,14,0.7683718532193374,10,0.7717457257872339,7,0.7665384432792355,10,0.008055629249866386,0.8041632700925675,10,0.0072697095038893045,0.7458639886291514,10,0.008211885752202835,19
20,5,5,0.7257240961027319,8,0.7475708710045523,5,0.7129075984786327,5,0.7545528446009099,5,0.010952456227575055,0.7624725054879498,5,0.010986566242229342,0.6898377948873847,5,0.017726110251765938,0
20,5,10,0.7971496002725391,13,0.7830397990612182,10,0.7257240961027319,8,0.7906486680501021,10,0.009919995595985916,0.7990024129678361,10,0.009869705940207798,0.7427990339113365,10,0.011576153570052034,0
20,5,5,0.8030230849678581,7,0.8150951589691284,5,0.8378654057851272,5,0.81878489721452,5,0.01116485990675084,0.81878489721452,5,0.010655047967409929,0.8148355797457321,5,0.01070641083918167,0
20,5,10,0.837719686321533,14,0.8235592927792524,10,0.8030230849678581,7,0.8072848305863971,10,0.009492546107886888,0.8133258687331711,10,0.00900853689305556,0.829372095182018,10,0.009228637450400767,0
20,5,5,0.7915100507173112,6,0.7881422928426015,5,0.7780123850673406,4,0.779548677721168,5,0.010374257300873378,0.7752331616635301,5,0.010248205840799532,0.7892195205206493,5,0.010232166973866157,0
20,5,10,0.7987237722003973,14,0.788174844367,10,0.7915100507173112,6,0.7912644040129706,10,0.009946208412470221,0.7970845973108518,10,0.009598723044314117,0.7977126421495007,10,0.009506431921684396,0
20,5,5,0.7464788015072367,8,0.7378820894978383,5,0.7251805617366299,5,0.7371845749617473,5,0.010907248275541872,0.7342109517557707,5,0.010935134292358744,0.7251478443877086,5,0.01297244315220269,0
20,5,10,0.7833050357792455,13,0.8018009297108005,10,0.7464788015072367,8,0.7935913499237682,10,0.008610557554518687,0.7976971899816435,10,0.008545167278784635,0.7978078145011154,10,0.00820816655834104,0
20,5,5,0.8173248275394798,8,0.8089740394659201,5,0.8053656564585627,5,0.8267796572088174,5,0.00895132602785622,0.8222669370354213,5,0.00887885752090692,0.8123218222718186,5,0.008818048568201928,0
20,5,10,0.8298161682469917,15,0.83975217066054,10,0.8173248275394798,8,0.8453363059441393,10,0.006331081489481664,0.8453118059786748,10,0.006384439976113334,0.8369702508043366,10,0.007299209026824852,0
20,5,5,0.6686723033669062,9,0.6679421884567719,5,0.6290786894984273,6,0.6405206244535894,5,0.009358810415906676,0.6467821148841469,5,0.009409649633036482,0.6405206244535894,5,0.009353185810931072,0
20,5,10,0.6677480815512705,14,0.6546686361403706,10,0.6686723033669062,9,0.6853044099188843,10,0.008145424813024254,0.6686827913062774,10,0.008429938171837138,0.671968799729039,10,0.00764200529083521,0
20,5,5,0.7679606006105089,8,0.747763622737517,5,0.7169131441299261,5,0.7440582867008988,5,0.010761374365608353,0.7359833509614158,5,0.010885809641758806,0.7376241744903265,5,0.011205655133810003,0
20,5,10,0.7923350005723044,15,0.7887427886822639,10,0.7679606006105089,8,0.7905441654653959,10,0.008837048293308055,0.7669132768596943,10,0.01010118555654797,0.7734977084013336,10,0.009754949624893153,0
20,5,5,0.8137671245150784,9,0.7769195239277535,5,0.7576503969904902,5,0.6931591066153598,5,0.014534031470677087,0.6931591066153598,5,0.014645925712202766,0.6931591066153598,5,0.014509798609861922,0
20,5,10,0.8111519463254938,13,0.8010764414815619,10,0.8137671245150784,9,0.7736055307311334,10,0.010231889447871276,0.7701315080440485,10,0.010282896996662993,0.780907625575567,10,0.01081866324480326,0
20,5,5,0.7176417885540907,8,0.7356275248745734,5,0.6469821552784393,5,0.7200085553492723,5,0.014235224283431193,0.722022037662509,5,0.014520714178709935,0.6539780219812977,5,0.016668160786381152,1
20,5,10,0.7436762446741818,15,0.7891267700935639,10,0.7176417885540907,8,0.7297598124157064,10,0.012785545537114123,0.7225923450543554,10,0.013013555218566512,0.7432531782322248,10,0.012247568163945023,1
20,5,5,0.778988679412702,7,0.771015177738437,5,0.7794000195388074,4,0.7905033653903348,5,0.011582663006029857,0.7796169978983535,5,0.011441556053548303,0.7928951893067604,5,0.013343901607612282,1
20,5,10,0.7867891370809782,14,0.7722990680246986,10,0.778988679412702,7,0.7845886178329392,10,0.010716015643189098,0.7788914318558091,10,0.01067458152030591,0.7606519579455563,10,0.011729914989986427,1
20,5,5,0.7877425464920895,6,0.781994446494897,5,0.7780413898426369,5,0.7957755006901425,5,0.012943126185717871,0.7950835514601567,5,0.012873881080611587,0.7918589754334546,5,0.012850402279915496,1
20,5,10,0.8337868959750994,14,0.831935500468912,10,0.7877425464920895,6,0.8224649706924906,10,0.010832390439701765,0.8206054495515729,10,0.01028232818427729,0.8034469977364769,10,0.010321783087292768,1
20,5,5,0.7912611448983945,7,0.7658912122551254,5,0.7461178408900605,5,0.7567713646070273,5,0.020920475394797997,0.752156423923627,5,0.02058485691191975,0.7541279037154008,5,0.021901345624173063,1
20,5,10,0.7842949496021911,14,0.7682479463859846,10,0.7912611448983945,7,0.8009622535342997,10,0.01676065628648139,0.7577039594190448,10,0.01688138219396793,0.8009622535342997,10,0.0163872181051393,1
20,5,5,0.748252872483112,7,0.7398562014041778,5,0.6869090397771618,4,0.7386938812464814,5,0.013511633107617547,0.7772664611200296,5,0.012522565763472885,0.6954806727605672,5,0.016898193605699413,1
20,5,10,0.7833472242378564,13,0.7964410087933672,10,0.748252872483112,7,0.7930571453697487,10,0.010597373532758943,0.794937317885415,10,0.010614151445059268,0.7985858737856922,10,0.010801665754649139,1
20,5,5,0.6648359041812878,7,0.6707851525860441,5,0.6561276090047775,5,0.6963156391079431,5,0.010516887938020797,0.6963156391079431,5,0.010515164657796745,0.600558238037094,5,0.012045834398108975,1
20,5,10,0.6718594039385055,14,0.6616715913815594,10,0.6648359041812878,7,0.6815691436909934,10,0.01048321608730488,0.6765895591541395,10,0.010511412011984876,0.695852294371889,10,0.0108974080189703,1
20,5,5,0.7062094189845287,7,0.7118202008805367,5,0.6678919480879338,5,0.6869773468852001,5,0.011847846208829137,0.6869773468852001,5,0.011801467393573177,0.7099006586739557,5,0.01144772326200299,1
20,5,10,0.7132418495189855,15,0.7285379841641303,10,0.7062094189845287,7,0.7217898634692491,10,0.010413796851259047,0.723234378540894,10,0.010326184232860976,0.6910627872291029,10,0.011341825291486007,1
20,5,5,0.7435602790920456,9,0.7630081090316578,5,0.7536755125725139,5,0.7843700315475349,5,0.01900838270473141,0.7847579854411675,5,0.018837314346086154,0.7616193293413303,5,0.01967782220691914,1
20,5,10,0.8000410740127228,15,0.7797006901568304,10,0.7435602790920456,9,0.8034841878594254,10,0.012848433696126565,0.7984356256447812,10,0.0127219219864106,0.7972179704693857,10,0.012663385699800104,1
20,5,5,0.8092017025284294,6,0.7907576266958726,5,0.7833882994931414,4,0.7790608528765078,5,0.014523284496807343,0.779519182603614,5,0.014543829222212592,0.7790608528765078,5,0.0144896782952962,2
20,5,10,0.8059643000681224,14,0.7990528604353154,10,0.8092017025284294,6,0.8093365056948436,10,0.011125556093333657,0.8113691035483606,10,0.01115458262021817,0.8060280015476005,10,0.010478175063439942,2
20,5,5,0.7872145853272432,10,0.778611416444121,5,0.7799348137253206,6,0.782549839494738,5,0.010016349805536033,0.782549839494738,5,0.010026609049673504,0.7602161436301398,5,0.011730328264233267,2
20,5,10,0.8179376291375916,16,0.8120154164270549,10,0.7872145853272432,10,0.8002922163993109,10,0.008586322258925062,0.7992257267835522,10,0.00858412294395753,0.8292669258540165,10,0.008027489661358989,2
20,5,5,0.7722133444318755,6,0.7683465017122214,5,0.7554951105480187,4,0.7893188104610609,5,0.01243827817666054,0.7868104507415037,5,0.012493120520006123,0.7464050899322696,5,0.0205859064700301,2
20,5,10,0.7915586091948889,14,0.8013189745766504,10,0.7722133444318755,6,0.7957996176994758,10,0.012847385035895179,0.7923461972922374,10,0.013049556705745568,0.7922058312529877,10,0.011921221761114627,2
20,5,5,0.8495983470400534,7,0.8541046717181344,5,0.8421673966318466,5,0.8487793623305909,5,0.0066145732948887665,0.8515135988593249,5,0.006639976448301274,0.847357672826956,5,0.007453490551633437,2
20,5,10,0.8509612842164243,13,0.8555925066956038,10,0.8495983470400534,7,0.8503959790830975,10,0.0066024634937374,0.8489519032661516,10,0.006655382374033128,0.8389924832019552,10,0.007265625995952252,2
20,5,5,0.7874703396100677,9,0.769705166919687,5,0.7605430332845303,6,0.7636436009387187,5,0.01592377811712846,0.7592835413734729,5,0.016207084348718852,0.754977060119823,5,0.018578999373666343,2
20,5,10,0.8155916045479075,15,0.8118664440751125,10,0.7874703396100677,9,0.8051407448175928,10,0.00917994752009123,0.809805455431529,10,0.009238572523819396,0.7858472062674303,10,0.012097090562527613,2
20,5,5,0.8033554308169765,8,0.7878568813951683,5,0.8083162690279869,5,0.8091737568457268,5,0.010360627197005897,0.8091737568457268,5,0.010279418577711728,0.7534889348104438,5,0.016428161000344662,2
20,5,10,0.7836165649063306,16,0.8233731199838765,10,0.8033554308169765,8,0.8118459074845579,10,0.009759806997682509,0.8089087522866192,10,0.00977247833692832,0.8119901277399727,10,0.010346011723621507,2
20,5,5,0.7839299045244498,7,0.7718329939687156,5,0.7998698379192373,5,0.7784447427320951,5,0.010427598113954935,0.777507091565735,5,0.010578800434778384,0.7551255212067083,5,0.012357815278546928,2
20,5,10,0.794961046819445,14,0.7899164287841335,10,0.7839299045244498,7,0.7985317926279478,10,0.010122209201993661,0.7883455081154006,10,0.01055124313179482,0.7677875067888827,10,0.011692140282596004,2
20,5,5,0.8576098880828373,8,0.8563872000694892,5,0.8599804704962767,5,0.8523073918630348,5,0.015698579923153676,0.8402776470045652,5,0.015394314874461903,0.8523073918630348,5,0.015190437446831592,2
20,5,10,0.8493239367209364,15,0.8574334985657895,10,0.8576098880828373,8,0.8450398667628434,10,0.013429507258964786,0.8438829779950018,10,0.012861634776510348,0.8420463512919493,10,0.01240769501595188,2
20,5,5,0.7852440586987,6,0.7678510797307778,5,0.7537218293905057,5,0.7566669401285366,5,0.015004368448726792,0.7473759211795121,5,0.01567639492774482,0.7503857729965927,5,0.015519592752190815,3
20,5,10,0.7781665975101104,13,0.8030882025475253,10,0.7852440586987,6,0.7692663079545824,10,0.012456097507275755,0.7691524925630454,10,0.012490473529128715,0.7726303721567017,10,0.012683259071344573,3
20,5,5,0.693088381930576,9,0.6818440864048061,5,0.6872442730879454,6,0.6804509004171586,5,0.008782492884961404,0.6830581794591382,5,0.008945279722203478,0.7050610416490684,5,0.009715589122157175,3
20,5,10,0.7265773273134716,13,0.7060412736053936,10,0.693088381930576,9,0.7296260144076244,10,0.00839399360889968,0.713177093500118,10,0.008563649411542976,0.6862931417160908,10,0.008293454339156106,3
20,5,5,0.7890819109591001,7,0.8308870485800761,5,0.765619858289913,5,0.7950305159934083,5,0.010845791340340995,0.7949834992474796,5,0.010857816765291772,0.7905333753999481,5,0.013051473156656867,3
20,5,10,0.8346048456946711,12,0.8391379187666619,10,0.7890819109591001,7,0.8346569305025877,10,0.008558272434467839,0.8313411390305694,10,0.008556718305051163,0.8313411390305694,10,0.008415320666334035,3
20,5,5,0.8034263715196545,7,0.8057947008837348,5,0.7975049260275702,4,0.804128927817528,5,0.011875075791073518,0.8075761634916174,5,0.01184602292333666,0.815680534614967,5,0.013224515914073864,3
20,5,10,0.8082025007587534,14,0.8033534065027759,10,0.8034263715196545,7,0.8102058702695619,10,0.010581695307369927,0.8094237297397185,10,0.010530347490964336,0.8067599134942827,10,0.010461237306073604,3
20,5,5,0.6736342305410441,8,0.6865735887677558,5,0.6111692479545056,5,0.7108557995779952,5,0.01225921317998858,0.714900846171634,5,0.012299574019393038,0.6843118819696118,5,0.013119563424094519,3
20,5,10,0.7572057898720472,13,0.7484379952264961,10,0.6736342305410441,8,0.7517946275442134,10,0.010071663929487124,0.7517946275442134,10,0.010088008109266765,0.7282953680695189,10,0.011750864212268492,3
20,5,5,0.7808447197940113,7,0.7661283132583547,5,0.7259890981005979,4,0.8088204930992247,5,0.01314461119430161,0.8183403633535629,5,0.013026635194561193,0.8046410423258724,5,0.012929639650095555,3
20,5,10,0.8002118209345842,11,0.8052324545484338,10,0.7808447197940113,7,0.8266249975363723,10,0.011418064836929481,0.8545557760671773,10,0.011206788978725568,0.8493968288026122,10,0.011038149214262185,3
20,5,5,0.754171685382569,6,0.765453251318926,5,0.7517715941349964,4,0.7799869737683905,5,0.009535408401947401,0.7804054826109067,5,0.010134428569030032,0.7605938950064087,5,0.010543665170136721,3
20,5,10,0.7821239849512372,13,0.79936818407566,10,0.754171685382569,6,0.7941916058885877,10,0.007906187181645768,0.7935888687371229,10,0.008259861006893061,0.7936054896230971,10,0.007913223634350762,3
20,5,5,0.7426640551000856,9,0.7419062851181186,5,0.717578310085098,5,0.7310068543922477,5,0.007500006934035752,0.732891008156336,5,0.007537381922283389,0.7269677794415262,5,0.0076325170223988615,3
20,5,10,0.7737547363714483,15,0.7436206116872845,10,0.7426640551000856,9,0.7658906983471386,10,0.007339728199920553,0.7687273137155537,10,0.007385087315101135,0.7635523984566563,10,0.006663382755488921,3
20,5,5,0.7792522729045822,8,0.7764201838330617,5,0.7452726352478396,4,0.7509915761951266,5,0.014369022092345222,0.7436408242869176,5,0.014367115747473878,0.7509915761951266,5,0.014229312153478323,4
20,5,10,0.7985368934976155,13,0.7961418415272545,10,0.7792522729045822,8,0.811603703111628,10,0.010779530836101765,0.811603703111628,10,0.01080226572912396,0.8054723750270248,10,0.010603425797735279,4
20,5,5,0.8285668547420265,7,0.8452962270087317,5,0.8036725216918051,4,0.8334476019169593,5,0.014235995982418155,0.8514099159960106,5,0.011819088476237244,0.8354156579917477,5,0.014062741720403477,4
20,5,10,0.8309309655935929,15,0.8522024329247779,10,0.8285668547420265,7,0.8508223344871744,10,0.01169997012861641,0.8528046564928272,10,0.011662078150832752,0.8503805095358913,10,0.011679828407518895,4
20,5,5,0.7658873498108443,9,0.748663310972904,5,0.7273625875683769,5,0.756556724746968,5,0.013408237255610486,0.7571308847117343,5,0.013288742837090202,0.7171382182336682,5,0.018277740256769204,4
20,5,10,0.7502703763580505,15,0.7507019812889875,10,0.7658873498108443,9,0.7582736308838838,10,0.012321795994282082,0.7604891825020936,10,0.01225067864109838,0.7114023463574697,10,0.016513267893272173,4
20,5,5,0.8307194658666047,8,0.8228152146455158,5,0.8221634785517612,5,0.7860700864324542,5,0.012295123126847616,0.7773600482297451,5,0.013091073958846268,0.828102049858227,5,0.01298997718351552,4
20,5,10,0.810360845673911,15,0.8036632054300712,10,0.8307194658666047,8,0.8231086051724512,10,0.010727235503459345,0.7932968565439865,10,0.01116090305230254,0.7960874904107405,10,0.011340145312743109,4
20,5,5,0.7678399414256211,8,0.7763917809067292,5,0.7499693435430036,6,0.7667767531111875,5,0.008587880166070158,0.7769299415907039,5,0.008604532951531263,0.7017188843895124,5,0.00996321296067954,4
20,5,10,0.8088181635538705,13,0.7976651582422022,10,0.7678399414256211,8,0.7554143109114715,10,0.008180257920547766,0.760485167168609,10,0.00821499017643752,0.7765562506633138,10,0.00788939234232571,4
20,5,5,0.8344429902269439,7,0.8398003182826771,5,0.8624938484812186,4,0.8713725838402575,5,0.01682805058850244,0.8515081152717316,5,0.015537983529719494,0.8189620700896497,5,0.019486461649719837,4
20,5,10,0.8306860300312355,14,0.8202464308555796,10,0.8344429902269439,7,0.8526637455441912,10,0.01719134175982638,0.8410477661418613,10,0.01600204694653623,0.8503258941648121,10,0.016128608721145327,4
20,5,5,0.8234578805236719,7,0.8121387823428999,5,0.7909103783211922,5,0.8207106926448124,5,0.014039969179552435,0.8207106926448124,5,0.013896420178643572,0.8113386532928039,5,0.013228939033564537,4
20,5,10,0.8056680592960064,14,0.8047163712682808,10,0.8234578805236719,7,0.8273058808671803,10,0.01157231610516392,0.8192347633290408,10,0.011520650217214337,0.8273058808671803,10,0.011465926121431831,4
20,5,5,0.8110722944874281,7,0.7887492153078457,5,0.7860471894597099,4,0.7887492153078457,5,0.01250779678376024,0.7965995761675869,5,0.012454218371477812,0.7914356003144173,5,0.014006513967455836,4
20,5,10,0.8130500538061751,13,0.8167779853023508,10,0.8110722944874281,7,0.8152467849673882,10,0.01194582382996771,0.8151473975984325,10,0.012242474518045847,0.8151473975984325,10,0.012216288530427685,4
20,5,5,0.8510016406696145,9,0.8384935486560305,5,0.8293845493147198,5,0.7947112116685013,5,0.02897648213282935,0.833280576624827,5,0.02272491923618801,0.8159913037787828,5,0.028765588805508318,5
20,5,10,0.8309505612998381,12,0.8316791424306555,10,0.8510016406696145,9,0.8235432641029296,10,0.02034809675934786,0.8281170280856265,10,0.01916774255721145,0.8278937891821042,10,0.020020198525757846,5
20,5,5,0.8552485728413822,7,0.8522413811414593,5,0.8627747174153849,4,0.8571116746905179,5,0.020508740275561148,0.8384837527795896,5,0.018972321733914364,0.8739132290996093,5,0.02194017670669464,5
20,5,10,0.8605626647357342,12,0.8571818304036185,10,0.8552485728413822,7,0.8548195444824821,10,0.015831649230756025,0.8414790494692841,10,0.01449217443072485,0.8522937498405957,10,0.016433055159799228,5
20,5,5,0.8171259358530254,8,0.7816481482334281,5,0.7815655726441022,5,0.7720410001649665,5,0.019676882465508826,0.7599518384535221,5,0.01927806346742008,0.7568435000806119,5,0.01934920202531597,5
20,5,10,0.7784022183771053,15,0.7842611332627556,10,0.8171259358530254,8,0.8045361427857108,10,0.013940841426329223,0.7979215737346796,10,0.013650469603448432,0.7985370154190888,10,0.014323309745772037,5
20,5,5,0.8136775052277629,7,0.802096178607013,5,0.8003844278661197,4,0.801638645179546,5,0.012372181243877617,0.8002913625069764,5,0.012527578151148426,0.8146512335613946,5,0.012014029626375416,5
20,5,10,0.8160822003127004,14,0.8344453191083271,10,0.8136775052277629,7,0.8370261987943989,10,0.00926827927432985,0.823145579859454,10,0.009024766318729543,0.8210827534595785,10,0.010693604168809634,5
20,5,5,0.7939835826684803,7,0.8027879071968326,5,0.8118753306867635,5,0.8209906358180448,5,0.017832991968856765,0.8209906358180448,5,0.017664330465898884,0.7670914848940756,5,0.0195898497313444,5
20,5,10,0.8421712697465423,14,0.8514099387432517,10,0.7939835826684803,7,0.8433869768385519,10,0.014027713155895856,0.8548181144532176,10,0.01392809404613954,0.8456714077733021,10,0.01374279914306047,5
20,5,5,0.8131477352771024,8,0.8252737736061634,5,0.8405429220898302,6,0.8357853881111169,5,0.01163284540446728,0.838701749034381,5,0.011957085669184879,0.8029265957730833,5,0.018795199151647346,5
20,5,10,0.8344959148623996,14,0.84632029371098,10,0.8131477352771024,8,0.8586981670145771,10,0.010153307004780347,0.8521613860108586,10,0.010502195204568904,0.8098162895168084,10,0.015553826063687505,5
20,5,5,0.7759226608608206,8,0.7849295841459761,5,0.7137271912518623,5,0.7968162548356784,5,0.014383940789195613,0.7710061427721951,5,0.015962236250355435,0.7185536243848993,5,0.01982462290164706,5
20,5,10,0.8162734357277815,14,0.82724073998419,10,0.7759226608608206,8,0.8312576358810622,10,0.01193079208329019,0.8138760090385425,10,0.01160022317087399,0.7938045575918832,10,0.01340431472411839,5
20,5,5,0.7059157466786479,7,0.73233621768044,5,0.7050494611581999,5,0.7288100173640251,5,0.010115936978787767,0.729434847513616,5,0.01013937980312427,0.7325384250830755,5,0.010080398716433875,5
20,5,10,0.6880416856579723,13,0.7019037091769211,10,0.7059157466786479,7,0.6980596054666145,10,0.010413546273124083,0.7074663013975757,10,0.010472945490897152,0.6980596054666145,10,0.010392288102043967,5
20,5,5,0.6452154648251259,8,0.652879798024901,5,0.6521499794918737,4,0.6454020961493621,5,0.011129897201725239,0.6416693805296936,5,0.011155124295317117,0.6409681777329591,5,0.011133797186750364,6
20,5,10,0.6949180099457771,13,0.7109812546319004,10,0.6452154648251259,8,0.7041401515436495,10,0.009117679149006215,0.6996951803958462,10,0.009114477671188217,0.697522505063551,10,0.009435650393983315,6
20,5,5,0.7981085867668543,7,0.794703483987361,5,0.7749584119321198,5,0.7958683363130962,5,0.01731986327768706,0.7958703918285724,5,0.017179727936722147,0.7680877005559376,5,0.023179158362016908,6
20,5,10,0.7804309466521264,12,0.8017579260547639,10,0.7981085867668543,7,0.7887168039240859,10,0.014701733345282011,0.7888872838874162,10,0.014724962220630081,0.8153986494314427,10,0.015223839187633403,6
20,5,5,0.8039541181406353,7,0.8086176752472332,5,0.7804526442803023,5,0.8190634028970876,5,0.009490363572654913,0.8190634028970876,5,0.009126330979792353,0.8053329916844163,5,0.010975018067383269,6
20,5,10,0.8244769174562395,13,0.8172375179734324,10,0.8039541181406353,7,0.8418215392189283,10,0.008054082636363343,0.8282273552117142,10,0.008181183283655679,0.8409140351857531,10,0.009016871419798692,6
20,5,5,0.6878499220683627,8,0.7051530585836231,5,0.6793023747260568,5,0.7239668097488509,5,0.009020648766708734,0.7239668097488509,5,0.00914719545782446,0.6682937705568068,5,0.010658935603123348,6
20,5,10,0.6992798236905172,13,0.7124018153255814,10,0.6878499220683627,8,0.6966216135006882,10,0.008211265274496206,0.6973929251770178,10,0.008332728967779836,0.7037916965933974,10,0.008230529772842322,6
20,5,5,0.8586287731513685,6,0.8798045552178682,5,0.8394550054033723,3,0.8761863202154905,5,0.01078135500439124,0.8777789447285558,5,0.010590125512027714,0.8500363474166502,5,0.0162355085746397,6
20,5,10,0.8894229648955196,13,0.8846217119767242,10,0.8586287731513685,6,0.8978037714309127,10,0.009046861753899196,0.8870919345535339,10,0.008545219687721331,0.8582203000845673,10,0.011941768636304051,6
20,5,5,0.7855549178712441,8,0.7621139300008132,5,0.7473318450666561,4,0.7746205270815104,5,0.010932621355193734,0.7483797498317899,5,0.011531750622376574,0.7487831890308351,5,0.012864031232705516,6
20,5,10,0.785496967077615,16,0.7840727605971743,10,0.7855549178712441,8,0.7862887604366752,10,0.011267517355171773,0.7754455203402025,10,0.011298652579736137,0.772856201390721,10,0.011814930396878037,6
20,5,5,0.773683869217313,7,0.7679233302428727,5,0.7470183719697543,4,0.7712328184181695,5,0.013126408227281469,0.7753195459665057,5,0.013185228865781926,0.7749907207399187,5,0.012052083774648507,6
20,5,10,0.7924984120399146,14,0.7923410633875816,10,0.773683869217313,7,0.8047075514367235,10,0.011962033450739028,0.8079930623915742,10,0.011896053829047121,0.791449476082427,10,0.011545641792280062,6
20,5,5,0.795904581068125,9,0.8018025453393525,5,0.8003165927445609,6,0.8053477363861193,5,0.011888263263661054,0.8053477363861193,5,0.011840428990104384,0.8053477363861193,5,0.011901801913937957,6
20,5,10,0.8013371154590543,16,0.7932617366138229,10,0.795904581068125,9,0.7860616170304405,10,0.011982186670199922,0.793577099702503,10,0.011198505176954431,0.7860616170304405,10,0.012048164426314885,6
20,5,5,0.7933632234419803,8,0.7862481261128385,5,0.7660531788629947,5,0.7806789356347488,5,0.009264587021310822,0.7776239787878275,5,0.00928284877082618,0.77158895398296,5,0.009385932767364423,7
20,5,10,0.7978931398005744,13,0.781542456294241,10,0.7933632234419803,8,0.7814277567351894,10,0.008992586818450717,0.7732982908630286,10,0.009017758735230908,0.7814277567351894,10,0.008968148068168749,7
20,5,5,0.7577375717831012,8,0.7391206948892635,5,0.7191509394991661,6,0.7175287179695671,5,0.009380707478335042,0.7175287179695671,5,0.00948121763187954,0.7175287179695671,5,0.009353334445586834,7
20,5,10,0.7922181979256364,14,0.7780212676803765,10,0.7577375717831012,8,0.7664063135270855,10,0.007469696166713667,0.7664063135270855,10,0.007496472283127453,0.7447937385099551,10,0.00797165119605206,7
20,5,5,0.7158975275362098,10,0.6973133990984223,5,0.7197079463631925,6,0.6526936124875846,5,0.012167918313124809,0.7094797864615678,5,0.011364054623879299,0.692197460613295,5,0.011034845883579636,7
20,5,10,0.7702898660221683,14,0.7432149241483759,10,0.7158975275362098,10,0.7576644128837559,10,0.007741283941428132,0.7545150584641217,10,0.0076916392921049,0.7538171608178106,10,0.008371897000330277,7
20,5,5,0.7496646296307078,7,0.7661577146818184,5,0.7348256522757992,5,0.7706012775877881,5,0.011712200446622441,0.7715975046929572,5,0.011568406280545203,0.7327912958220519,5,0.013729768431088855,7
20,5,10,0.7810573914159351,15,0.7766806958001142,10,0.7496646296307078,7,0.7895676307211057,10,0.010316802983291407,0.7859155266887596,10,0.00981417108261623,0.7809487838688798,10,0.010285389766300843,7
20,5,5,0.7584206130142158,9,0.7311415267484819,5,0.7423833776928951,6,0.72786116348282,5,0.012289975988210265,0.7316985495911108,5,0.012429850548170201,0.6641246915960479,5,0.018286769742998983,7
20,5,10,0.7673331488711254,15,0.7806092979086212,10,0.7584206130142158,9,0.7712019849100646,10,0.01040123676220456,0.7724635364465563,10,0.010436775815796339,0.7441572516248625,10,0.011257754419825974,7
20,5,5,0.7536648577817919,8,0.7366686747013288,5,0.6949091747817151,6,0.7086398332785314,5,0.010810657565925976,0.7086398332785314,5,0.010821165001932894,0.6992483000996865,5,0.012458255529246147,7
20,5,10,0.7925985487892431,16,0.7931984721043763,10,0.7536648577817919,8,0.7804477654535222,10,0.007951007060475532,0.7745842883713906,10,0.008007673502162064,0.7350808388142475,10,0.00959269623093268,7
20,5,5,0.7717244793135325,7,0.7213870205066116,5,0.7512955880975225,6,0.7108867552978291,5,0.0124178479975927,0.7050336635481759,5,0.012379690657573146,0.737649762141876,5,0.010783085452808767,7
20,5,10,0.8211234924759211,12,0.8251527586570898,10,0.7717244793135325,7,0.8307477605201719,10,0.008502491701740689,0.8298594415437267,10,0.008594034780177439,0.8081727755490752,10,0.008847339365785944,7
20,5,5,0.7212643744413149,7,0.7062199366268326,5,0.6598858480698365,4,0.7274999645291894,5,0.013842388155498776,0.7335936869604118,5,0.014077531053793498,0.6940968688636237,5,0.018296718736210995,7
20,5,10,0.8001749502397157,15,0.7773052059017496,10,0.7212643744413149,7,0.7971976855861203,10,0.011568341267377606,0.769883975669256,10,0.012297427422792913,0.7468042622637822,10,0.013877997440290885,7
20,5,5,0.7932668198946983,9,0.7901759006317192,5,0.7650323964621976,5,0.7812502282994008,5,0.016218206470936625,0.7842218230792937,5,0.015895213230885,0.7770884226505044,5,0.015637644197583213,8
20,5,10,0.831547394554546,15,0.8441707328602497,10,0.7932668198946983,9,0.8217657626943758,10,0.012736229978209227,0.8378357634600281,10,0.012406515650665707,0.8324356971106635,10,0.013224196979847194,8
20,5,5,0.7670180881664391,8,0.7392730600674008,5,0.7370792527158306,5,0.7398613524444089,5,0.01317875688913443,0.7398613524444089,5,0.01317794344111135,0.7398613524444089,5,0.013049371327420694,8
20,5,10,0.7728776580001834,14,0.7636397952411924,10,0.7670180881664391,8,0.7680816221473352,10,0.010400276825047518,0.767172602033209,10,0.010462259505632822,0.771042395215996,10,0.010277356916122856,8
20,5,5,0.7832780804494622,8,0.7771628333014706,5,0.7413462709404044,4,0.769641137857468,5,0.012449835829776679,0.7723747034902309,5,0.012554375627216893,0.778372497193222,5,0.012318369681859866,8
20,5,10,0.7787968075229007,15,0.7957927638225349,10,0.7832780804494622,8,0.7795256865431809,10,0.011082390820619351,0.7741513324992553,10,0.010685881247715757,0.7759518304832275,10,0.010727940968267288,8
20,5,5,0.8140747314699757,8,0.8053838010663916,5,0.796007312698354,6,0.8037721250465597,5,0.011283452946746826,0.8057729754171529,5,0.011421057229218646,0.799973790324275,5,0.01676613126443528,8
20,5,10,0.7948066276983894,14,0.8098601874465602,10,0.8140747314699757,8,0.7972540758958953,10,0.010778950964718991,0.7972540758958953,10,0.011029788641774367,0.8089932484247895,10,0.011585623270820846,8
20,5,5,0.7458909271873917,6,0.7312177198193969,5,0.7302324770515142,5,0.760925276668285,5,0.011701542601814703,0.760925276668285,5,0.011814604143522074,0.7010506116883133,5,0.013682757510136166,8
20,5,10,0.7740611205661787,12,0.7329518834232194,10,0.7458909271873917,6,0.797550347605066,10,0.010132029085829834,0.7960762074583784,10,0.010248161715437347,0.8001780815488851,10,0.010279145350696423,8
20,5,5,0.7748508005023558,7,0.767722461993421,5,0.770265798615491,5,0.7825497508493855,5,0.019445306798023528,0.7825497508493855,5,0.01938344602732309,0.767865885631782,5,0.019018107159678846,8
20,5,10,0.8121495707927253,14,0.8329598819899637,10,0.7748508005023558,7,0.8211763956006535,10,0.01368177933800072,0.8026694982690323,10,0.01321025781214833,0.8137334178907004,10,0.013303649768716742,8
20,5,5,0.7228961839685794,8,0.7182856921361678,5,0.7128450720345336,5,0.7066486906474265,5,0.01172590669775272,0.7197357261842612,5,0.011515330443458874,0.7201931806414791,5,0.014108282116365778,8
20,5,10,0.7593709525847782,13,0.7368708759719551,10,0.7228961839685794,8,0.753970063675807,10,0.009682728226585056,0.7529720659869815,10,0.009535143625051739,0.7244208714712578,10,0.011316583575339654,8
20,5,5,0.779341300093386,6,0.7766369740387279,5,0.7734894541690228,4,0.7872562071833937,5,0.011192817122844333,0.7874994712074448,5,0.011303664121541542,0.7624257102755707,5,0.013607365879565786,8
20,5,10,0.8117223361682893,12,0.814250173892328,10,0.779341300093386,6,0.8026176156033582,10,0.00957718362147143,0.806210735280722,10,0.009710144573402066,0.8012528419040577,10,0.009626819702951338,8
20,5,5,0.667946580053337,9,0.6030597076084033,5,0.6538612772239114,5,0.6115188678002658,5,0.007983690053888116,0.6143127120220412,5,0.008005540652287096,0.6115188678002658,5,0.007967289186376734,9
20,5,10,0.6519737762827381,15,0.6488729651570128,10,0.667946580053337,9,0.660799340002508,10,0.006990494173484234,0.6692115724732571,10,0.007008244288237642,0.6750457529904909,10,0.006835538911387537,9
20,5,5,0.7817532330728054,8,0.7596433852310105,5,0.7782137282381085,6,0.7086591473344971,5,0.023365814899375146,0.6959677381189022,5,0.023782147323474757,0.7551419088925924,5,0.017967959196232945,9
20,5,10,0.8079709273265129,14,0.8151192250691683,10,0.7817532330728054,8,0.8050999612742162,10,0.014273684582560318,0.8011464637995463,10,0.01421405143771272,0.7765867831858116,10,0.015338722351570024,9
20,5,5,0.7552329719054116,8,0.755586439191783,5,0.7385130492537199,4,0.8029741910318702,5,0.016110409499451535,0.8072378989529053,5,0.016672249583503163,0.7595627597767881,5,0.019066754293692065,9
20,5,10,0.7834922317499369,13,0.8047762821161893,10,0.7552329719054116,8,0.7999854102237054,10,0.01494970198690359,0.794611582283837,10,0.015418695279613212,0.8156618121046589,10,0.014555967002103038,9
20,5,5,0.7568142904317617,10,0.7637668300518832,5,0.7347514182576482,6,0.7846728869372118,5,0.013676241038030985,0.7846728869372118,5,0.013337976429551224,0.7489516321201996,5,0.016858265879104068,9
20,5,10,0.7845155608106985,14,0.77089860769874,10,0.7568142904317617,10,0.80491075509753,10,0.01164426333314583,0.8088332046672889,10,0.011151882201587235,0.8090954803280349,10,0.012456578134221562,9
20,5,5,0.7782659045067905,8,0.7619954265651938,5,0.7474605915636265,5,0.7599105467173818,5,0.00862447410233789,0.7701559693354236,5,0.008671386932838119,0.7816262621954888,5,0.01043947238217171,9
20,5,10,0.7719938208551915,14,0.7665845151260965,10,0.7782659045067905,8,0.7793821700214029,10,0.007254032622558602,0.7813092130344633,10,0.007381298412928686,0.8061684292329999,10,0.007562825486982315,9
20,5,5,0.718757659947783,7,0.7264283396888568,5,0.7043128138121046,4,0.7517745060878119,5,0.007492776878115461,0.7567749329027232,5,0.007439190596673381,0.7397804559986901,5,0.00815218044024271,9
20,5,10,0.7072174596896179,16,0.7486140124915603,10,0.718757659947783,7,0.7241416155921342,10,0.007111592289853223,0.7275735204356156,10,0.0070785954588681215,0.7361329054623494,10,0.007643106231417419,9
20,5,5,0.7118236778540592,7,0.6859780654191571,5,0.6976551933304687,5,0.7063253719611342,5,0.00987725402227544,0.7136602484818478,5,0.009896081577869411,0.6571161881655966,5,0.012021497774184037,9
20,5,10,0.743327999761161,15,0.7166661547570303,10,0.7118236778540592,7,0.7367987883970487,10,0.009121986280221,0.7401142760600171,10,0.00925000559485919,0.7005784480148933,10,0.009281556258341987,9
20,5,5,0.7244672931515055,8,0.7321901205519548,5,0.6622391655976649,5,0.7493390587869311,5,0.010122400464646719,0.7414358586482072,5,0.010004025743596637,0.7493390587869311,5,0.010126753822302699,9
20,5,10,0.7605181320724599,14,0.747329921521683,10,0.7244672931515055,8,0.7474680487515108,10,0.009028105158123944,0.756623612256864,10,0.009096382718724401,0.7441186455037124,10,0.009380674162306195,9
20,5,5,0.7752246135479014,8,0.7725204275300515,5,0.7475468614688637,6,0.7357086561744882,5,0.011278218532269438,0.7357086561744882,5,0.011242159356760394,0.7499640800374622,5,0.012972420097926764,10
20,5,10,0.7674756651039912,13,0.7820360259882017,10,0.7752246135479014,8,0.8096600757520033,10,0.009216200483029936,0.8073387905407523,10,0.009300716054186666,0.7599397792237197,10,0.009217439846094981,10
20,5,5,0.7677719465787126,8,0.7667033713735061,5,0.7612310887943018,5,0.7735830705508314,5,0.01605222872504515,0.771385472039827,5,0.01604585352045951,0.7258643506289211,5,0.016777456705133982,10
20,5,10,0.756735386073997,16,0.7615577945964895,10,0.7677719465787126,8,0.7907029621553219,10,0.014763570411899627,0.7876118786406159,10,0.014650548097153517,0.7491290626112794,10,0.016233719983203523,10
20,5,5,0.7923925406116552,9,0.769551278989011,5,0.7084505147457945,6,0.7341548701896811,5,0.011087801615794594,0.737938317660879,5,0.011037553633976037,0.7341548701896811,5,0.011009508321895395,10
20,5,10,0.8143792620859527,15,0.8264916331016416,10,0.7923925406116552,9,0.8002622547659158,10,0.008859056004506965,0.7894574294570328,10,0.009290087057043272,0.7771116889094085,10,0.010570296215485239,10
20,5,5,0.7695328095596258,6,0.7710611058898466,5,0.7694278637414769,3,0.7668775864434184,5,0.014524709585125134,0.7631075520914818,5,0.014623675713930438,0.7668775864434184,5,0.014352187636431483,10
20,5,10,0.8180637015221852,12,0.8213732710534388,10,0.7695328095596258,6,0.8180842822849925,10,0.011644506347653369,0.8173977542754169,10,0.011245665081897671,0.8252897592132845,10,0.011158190455676216,10
20,5,5,0.8362618627317467,7,0.8377718792320187,5,0.8296445577353552,4,0.8464601987101447,5,0.013646161174627566,0.8464601987101447,5,0.013419892990918296,0.7973544451299958,5,0.020091100848286424,10
20,5,10,0.8637204239433434,12,0.8763112169165503,10,0.8362618627317467,7,0.8668535204788996,10,0.011844248771698526,0.8544652646885984,10,0.011548691337002658,0.849930503994905,10,0.012898603183578997,10
20,5,5,0.7802015299597352,8,0.7928760784374946,5,0.7675163628616805,4,0.7452213258551126,5,0.014737480665390065,0.7499711270921756,5,0.015200157003454284,0.7627694718962006,5,0.014289042446050264,10
20,5,10,0.7675761870494405,12,0.7701299012654835,10,0.7802015299597352,8,0.8039785226584719,10,0.011788149961133537,0.8036018158614181,10,0.012005566589638302,0.7927981012943539,10,0.011764401213886843,10
20,5,5,0.8280978018292768,7,0.8413208187830076,5,0.8234158774162217,4,0.8284777828777,5,0.010871031217863706,0.8247975020913423,5,0.010615981353100715,0.8284777828777,5,0.010647561476849586,10
20,5,10,0.8529235310742574,13,0.8430300879708911,10,0.8280978018292768,7,0.8524507350610717,10,0.009275996090211371,0.8557065332261454,10,0.008996324531018847,0.8304067184698478,10,0.00887179532834766,10
20,5,5,0.7518989442982239,7,0.7477045428078288,5,0.7335575641949387,5,0.7522247405079554,5,0.010266037595988028,0.7522247405079554,5,0.010293091153124724,0.7589270963374073,5,0.010328579375552035,10
20,5,10,0.7886792172133829,14,0.7744191492441176,10,0.7518989442982239,7,0.776606490631721,10,0.009605796526987289,0.7719820305893468,10,0.0096550372349326,0.77418581818225,10,0.008694631943425441,10
20,5,5,0.9108357923239859,8,0.9202706067676236,5,0.9137602393096318,5,0.9292045247868591,5,0.008619717965144293,0.9195038714571276,5,0.00853055479964207,0.9248887290038021,5,0.009846028658504936,11
20,5,10,0.9226555841311181,16,0.924848126181472,10,0.9108357923239859,8,0.9352858016009975,10,0.007733955374065613,0.9335108358378154,10,0.007589486575899548,0.9137022598112535,10,0.008715092776962918,11
20,5,5,0.7041856816293721,8,0.7421439945196671,5,0.7365744102362657,5,0.7676078210309313,5,0.010698931358396493,0.7574699050762808,5,0.011259354660847319,0.713571804051249,5,0.012369191663989981,11
20,5,10,0.7638977375145546,14,0.7628686925400098,10,0.7041856816293721,8,0.7583243393881675,10,0.009717109110481134,0.7528097505450465,10,0.009752431622472536,0.727119411091846,10,0.010544695460164706,11
20,5,5,0.7407925354988466,9,0.720078853204806,5,0.6830550900152932,5,0.6916468970141518,5,0.011295964426120735,0.698485529810963,5,0.011286941799474757,0.7085644931643716,5,0.01149682314791257,11
20,5,10,0.706128448317112,14,0.7152886203882264,10,0.7407925354988466,9,0.7479699651793901,10,0.009035387352685635,0.7295859879431805,10,0.008841337057273765,0.7611194389824629,10,0.009235211691565414,11
20,5,5,0.9381314888027686,8,0.9389862201081239,5,0.947198136278008,4,0.9444154718039681,5,0.0069557142139128674,0.9412145221124497,5,0.006842171030138325,0.9444154718039681,5,0.008072260620238114,11
20,5,10,0.934478673323583,15,0.9322782852558134,10,0.9381314888027686,8,0.9409340264543901,10,0.006593483159482418,0.9294524217130259,10,0.006556279615210696,0.9416755287045668,10,0.007544620267209427,11
20,5,5,0.9498202046026596,7,0.9474334539245062,5,0.9417801825843917,5,0.9481268489297346,5,0.0068150930736130015,0.9457400982515812,5,0.006756044683827519,0.9498202046026596,5,0.007486106555667838,11
20,5,10,0.9414114339973059,14,0.946613787450442,10,0.9498202046026596,7,0.9498202046026596,10,0.005814679710986158,0.9498202046026596,10,0.005822792225838146,0.9498202046026596,10,0.006043067072994516,11
20,5,5,0.7995370699762157,7,0.8014745637026202,5,0.7745884133826008,5,0.8343561875360956,5,0.013414629381808919,0.8355155992141121,5,0.013726684982847962,0.819231124129044,5,0.01589681953724892,11
20,5,10,0.8320659657389908,14,0.8276821851776887,10,0.7995370699762157,7,0.8576346010077325,10,0.012806032035132088,0.8470776749371465,10,0.013165247933250978,0.8472850422455406,10,0.012662899728685959,11
20,5,5,0.7040400389139599,9,0.6833777202466362,5,0.6822688500306429,5,0.7420876320623,5,0.008752459466527062,0.7420876320623,5,0.008717447995867577,0.7357502935299742,5,0.009220128423733097,11
20,5,10,0.7461846718530025,14,0.7360682910111372,10,0.7040400389139599,9,0.7674152109532498,10,0.008558941212971705,0.769843884899521,10,0.00851924671866787,0.7714760651466062,10,0.008489683877491652,11
20,5,5,0.7862797243114666,7,0.7922668141579271,5,0.8065091077518693,5,0.7750818972655976,5,0.014343698989302343,0.7760883866372388,5,0.014175599853100197,0.7791409379331556,5,0.017533199041942338,11
20,5,10,0.8238109017510803,15,0.8088666323714686,10,0.7862797243114666,7,0.8033019749560544,10,0.01313555685969232,0.8183936739456072,10,0.012867901189593835,0.7912105427233349,10,0.016081315862937855,11
20,5,5,0.8122763329493204,9,0.7929110196644586,5,0.820660681731456,5,0.8170877500649929,5,0.012498621693576928,0.8180602007381647,5,0.012410750836922401,0.8170877500649929,5,0.012316504189117089,12
20,5,10,0.8209009608887622,13,0.8287148083033208,10,0.8122763329493204,9,0.8265811026422576,10,0.010225126305403282,0.8109934940847617,10,0.01024318124640843,0.8446182215226652,10,0.009744898508101348,12
20,5,5,0.6778633722837621,7,0.637373478223722,5,0.6720672239191902,5,0.6870178075158534,5,0.013061300126093578,0.6830745901314145,5,0.013282309495577932,0.7178214614457925,5,0.01467271657327666,12
20,5,10,0.7575511734574454,12,0.7272801660276871,10,0.6778633722837621,7,0.7463710050326696,10,0.009628929736020137,0.7428617728070752,10,0.009756465100243803,0.7310325133284765,10,0.010298950312262677,12
20,5,5,0.7887965991749727,9,0.7323710324966156,5,0.7656063033961304,5,0.790429146467134,5,0.012125112251940663,0.7868351989731229,5,0.011929391777767206,0.7624142477268798,5,0.014566994758061566,12
20,5,10,0.7955886852350296,12,0.8012251898883932,10,0.7887965991749727,9,0.796657676605464,10,0.010275091966936037,0.7915297750691028,10,0.010130556497494052,0.8099393334814439,10,0.010020428838362691,12
20,5,5,0.8133959121696216,6,0.8002641026398278,5,0.7961987192920215,4,0.7998340097350323,5,0.012754012249503541,0.8160445498866242,5,0.011090382222246035,0.7184468733034731,5,0.017904102187904475,12
20,5,10,0.8015405981677806,12,0.8037185434323828,10,0.8133959121696216,6,0.8132759950016334,10,0.009940065820073231,0.8054053491842784,10,0.009743106866497778,0.8058694921457693,10,0.0101556851368244,12
20,5,5,0.7828355779827546,8,0.774972936958982,5,0.7811922204218044,5,0.7686295927624882,5,0.012461713302302006,0.7567352763599339,5,0.012339640592976299,0.7724917231281054,5,0.01220889316600456,12
20,5,10,0.807519972218067,15,0.7984576545878166,10,0.7828355779827546,8,0.7751712438468896,10,0.009869021184113426,0.7903709755058046,10,0.00996690410259417,0.7869068570499022,10,0.009720674755500654,12
20,5,5,0.6752019509677372,8,0.7236724119946646,5,0.677227060100337,6,0.7040824520885179,5,0.011662279580234405,0.7031353126754629,5,0.011620149424426698,0.7040824520885179,5,0.011655620685116878,12
20,5,10,0.7289871597827541,14,0.7195691851070636,10,0.6752019509677372,8,0.7283795375733714,10,0.010434115704572176,0.7267166027903157,10,0.010470395033373285,0.7283795375733714,10,0.010414614144553398,12
20,5,5,0.7878913872492747,7,0.7866833553240107,5,0.7550393533858347,4,0.8382693234885615,5,0.010709239618075515,0.8358490890311336,5,0.010583080055497539,0.8382693234885615,5,0.010569028615907491,12
20,5,10,0.8340898116135047,15,0.8290580214887351,10,0.7878913872492747,7,0.828350816302772,10,0.00889396914689196,0.8300983465404432,10,0.008818428922831184,0.8524369460029008,10,0.009539741970964705,12
20,5,5,0.7879656879710729,7,0.8123450366789059,5,0.7695537105622602,5,0.7960237985392168,5,0.01272697538143507,0.7973832584510904,5,0.012745791880755095,0.7369696731368892,5,0.01825876696434543,12
20,5,10,0.8223000151456336,14,0.8058171074238585,10,0.7879656879710729,7,0.8021215149878586,10,0.009295695415783931,0.8131648357816602,10,0.009448014918242794,0.8291095380096304,10,0.010374956084168552,12
20,5,5,0.8138715433296486,9,0.8115341855599993,5,0.8011325289079566,5,0.8278696528849283,5,0.01143889974890667,0.8259590781009827,5,0.011263178710775128,0.8058349914738906,5,0.012265561786551336,13
20,5,10,0.7984605680560692,14,0.8079400605468146,10,0.8138715433296486,9,0.822751113082205,10,0.011083638462823247,0.8235439462603441,10,0.010456783202835131,0.8323663104194063,10,0.010503998407818531,13
20,5,5,0.7703619941361588,8,0.7861005180860168,5,0.7410686844698493,5,0.7513113860744536,5,0.009982007173150361,0.7513113860744536,5,0.009974144180037284,0.7524563168462496,5,0.009916292861908508,13
20,5,10,0.7716732414380941,15,0.7695138828594976,10,0.7703619941361588,8,0.7713971791929625,10,0.009060589611055025,0.7694750944528138,10,0.009057459065695626,0.7713971791929625,10,0.008983896986460474,13
20,5,5,0.7465683432510231,10,0.720249339159518,5,0.7021601059101388,6,0.7243588163125921,5,0.009842837053088032,0.730487857469789,5,0.009842397899095502,0.7387089434523696,5,0.009999371429562332,13
20,5,10,0.7699127554527667,14,0.7654319356091704,10,0.7465683432510231,10,0.7772008412712157,10,0.008092219485307191,0.7736454013197128,10,0.008061247297565534,0.7867434024359893,10,0.008199732388573515,13
20,5,5,0.7164972631421953,9,0.7322743080437124,5,0.7394573082240635,5,0.7683964288843563,5,0.014627267328780013,0.7760491218498843,5,0.014566758436129553,0.7724482431267199,5,0.014395786391517298,13
20,5,10,0.7999296660562801,12,0.8084067761862186,10,0.7164972631421953,9,0.8146417641047585,10,0.01052322690494041,0.819312796797253,10,0.010324875402253705,0.8146417641047585,10,0.010371744352760892,13
20,5,5,0.8046649421931118,9,0.770820034908436,5,0.7846250708815489,5,0.788807157546963,5,0.009633434641616399,0.7856221741297043,5,0.009535566319295866,0.7715437203106824,5,0.011660099149052944,13
20,5,10,0.8330656092563007,17,0.8191729038249531,10,0.8046649421931118,9,0.8319358576716636,10,0.007074761419306953,0.8310289959058674,10,0.0069546124702769725,0.7953889696086159,10,0.008301480280342622,13
20,5,5,0.7290988328421805,8,0.7154910015443581,5,0.7525747794878772,5,0.7022873626509076,5,0.006530668019557002,0.697063416730581,5,0.006578850134788133,0.7302079883811675,5,0.006953771866999026,13
20,5,10,0.701605897773883,14,0.720078117469611,10,0.7290988328421805,8,0.7380124728523364,10,0.005723747721249414,0.7274933787133417,10,0.005791639186519768,0.7129532895461964,10,0.00576250734952796,13
20,5,5,0.7218708316414231,9,0.7129238757220093,5,0.6969737978501543,5,0.7253274901511475,5,0.018295791271296265,0.7295265949156858,5,0.018872926032942824,0.7098003661866301,5,0.018820746863239333,13
20,5,10,0.7604048549617666,15,0.7337118892254951,10,0.7218708316414231,9,0.752096203022556,10,0.0151791910598898,0.740851655659238,10,0.017147302001039047,0.7135015948174579,10,0.01706461902188521,13
20,5,5,0.705860172675324,7,0.6776253454655644,5,0.6864963340835376,5,0.6858024786065166,5,0.01155593191509024,0.6858024786065166,5,0.011583896929298855,0.6858024786065166,5,0.011531315807168827,13
20,5,10,0.7560596545813536,14,0.7347856466208759,10,0.705860172675324,7,0.7463122263511173,10,0.008779658448806085,0.7463122263511173,10,0.008689728492286414,0.7480590559409009,10,0.00904834638635454,13
20,5,5,0.8076135510538881,9,0.8011500169863374,5,0.8244858930017975,5,0.847974090631344,5,0.013773054868081488,0.8484200839058494,5,0.0131972473994366,0.8174437306401336,5,0.014359405615987548,14
20,5,10,0.8043205518184889,14,0.8020657009640912,10,0.8076135510538881,9,0.8097759519948308,10,0.012637285336263068,0.8223693591876515,10,0.011133429337431295,0.8342724864458253,10,0.010766025258777628,14
20,5,5,0.7750926240711679,6,0.7045036568431347,5,0.7780046212968346,4,0.7645939600797041,5,0.013413167858909263,0.773274481044302,5,0.013372351994367775,0.7809769736906682,5,0.013574141888750196,14
20,5,10,0.7668266389001307,13,0.7775228564923555,10,0.7750926240711679,6,0.7579754728164815,10,0.012903095956211813,0.7563864411953765,10,0.012973836494991137,0.7644806591655997,10,0.01266685564696122,14
20,5,5,0.9200505502199273,8,0.9098318193391496,5,0.9389250996648525,5,0.9105356439776775,5,0.017006584902373636,0.9076903054877112,5,0.014325200497382404,0.9555858077770161,5,0.016144367175048847,14
20,5,10,0.923747392359423,16,0.9204889441765726,10,0.9200505502199273,8,0.9305622170107684,10,0.016670624007799846,0.9198018460307074,10,0.013830779222079936,0.9141894357401663,10,0.014006056930169732,14
20,5,5,0.7833101693379804,8,0.7672629943044642,5,0.7817095629498291,5,0.7957427463054909,5,0.01638327750097409,0.795952922532994,5,0.01614956181760847,0.7725701311906261,5,0.01790087274383592,14
20,5,10,0.8045985240773371,15,0.7786042450319239,10,0.7833101693379804,8,0.7944255282143019,10,0.014361690579714731,0.7979471097361935,10,0.014219929613481562,0.7829817966884255,10,0.014648431127191856,14
20,5,5,0.7819604387349847,9,0.7105429659755648,5,0.734947187587104,6,0.7159157408175709,5,0.012976859073703202,0.7261069484610835,5,0.012929379068933917,0.7426293622277332,5,0.011031670706494925,14
20,5,10,0.7861091842967122,14,0.7839386661480888,10,0.7819604387349847,9,0.7832875776409784,10,0.008804155027698516,0.7785377707482584,10,0.008780542166903322,0.7965771285019766,10,0.008638717087364294,14
20,5,5,0.8391363913886187,9,0.8546576102835428,5,0.8508537689424506,5,0.8460700919409592,5,0.012643028003305289,0.8466408032271503,5,0.012369406790419389,0.8223255908850069,5,0.025616564628000937,14
20,5,10,0.8673983794678388,16,0.8753361985822347,10,0.8391363913886187,9,0.8417000648907622,10,0.011924195969560071,0.8498155268343678,10,0.01176329401843648,0.8145987594920163,10,0.017917274389885742,14
20,5,5,0.8307819609521581,5,0.8307819609521581,5,0.8083678331378963,4,0.8408701961071658,5,0.01926765250055216,0.8406573615669681,5,0.018575119691024017,0.7861009393200307,5,0.02159439440560363,14
20,5,10,0.8257495116717599,13,0.8383401358849293,10,0.8307819609521581,5,0.8384198613285049,10,0.015994561987540165,0.8321113850993852,10,0.015406834575088355,0.8207611635246663,10,0.016532660113246698,14
20,5,5,0.7921561361429604,8,0.7852914618730792,5,0.7777173886310802,6,0.7786805235318595,5,0.0164517263786775,0.7590452835554583,5,0.015082619668178848,0.7786805235318595,5,0.016192374012350495,14
20,5,10,0.803060531258839,14,0.800795033045265,10,0.7921561361429604,8,0.8130836681464336,10,0.01097811995145012,0.8094815826284817,10,0.01084646320073827,0.8130836681464336,10,0.010822983587277716,14
20,5,5,0.7278923211666227,7,0.6975240242381727,5,0.6821476814250215,5,0.7486409406452125,5,0.015584719305591093,0.7448991961871915,5,0.015575760704530164,0.7356894221735488,5,0.016529854383339534,15
20,5,10,0.7889284741067324,13,0.7550400271335025,10,0.7278923211666227,7,0.8099542417842513,10,0.009596944306904834,0.802413561560363,10,0.010650235724581068,0.8056820133366079,10,0.009496585123594458,15
20,5,5,0.9657423237768222,9,0.9657423237768222,5,0.9657423237768222,5,0.9657423237768222,5,0.0068587073141541405,0.9657423237768222,5,0.006926198780803875,0.9657423237768222,5,0.007157339275931464,15
20,5,10,0.9657423237768222,14,0.9657423237768222,10,0.9657423237768222,9,0.9657423237768222,10,0.006811884532232356,0.9657423237768222,10,0.0068331409250212555,0.9657423237768222,10,0.006735258973842503,15
20,5,5,0.8981457219731138,9,0.9005662247494665,5,0.8981457219731138,6,0.9005662247494665,5,0.00947047659805004,0.9005662247494665,5,0.009773714108148038,0.9005662247494665,5,0.010446502836722068,15
20,5,10,0.9033496001868584,14,0.9055841462555556,10,0.8981457219731138,9,0.9026400453285391,10,0.009258643462797707,0.8975418478490069,10,0.009409009850302318,0.8943116375065364,10,0.010115573535061645,15
20,5,5,0.7864320775257865,7,0.8087944769055055,5,0.7925807472686278,5,0.7555233495609799,5,0.015800943389673545,0.7499829845324203,5,0.015939211784360762,0.7478565071868915,5,0.017570132254800745,15
20,5,10,0.8112118275391479,14,0.8093398088049818,10,0.7864320775257865,7,0.7903119646227282,10,0.011021044873087006,0.7927943015785529,10,0.010980620936925346,0.8042350762874377,10,0.01094696334482528,15
20,5,5,0.8628443859254109,8,0.8817301592554515,5,0.8424191670079251,4,0.886764094624195,5,0.007320665495700301,0.8939934448895108,5,0.00733102995047062,0.8370387930437488,5,0.015802818414661426,15
20,5,10,0.8904407952938526,14,0.8819543827920822,10,0.8628443859254109,8,0.9091009419957563,10,0.0060995722355044685,0.8993530609463394,10,0.006121715121881292,0.8890678026557658,10,0.007272339164508467,15
20,5,5,0.6711725506446065,6,0.6767627987177227,5,0.7254057109942668,5,0.6741435948464976,5,0.006592091921583764,0.6741435948464976,5,0.006604031216167247,0.682281035933906,5,0.00649480076707171,15
20,5,10,0.7163619538034846,11,0.7183773850171651,10,0.6711725506446065,6,0.7169754187904288,10,0.0062920143027920625,0.7111650571680275,10,0.0062936433847604525,0.6953310853199708,10,0.005954494647103239,15
20,5,5,0.8530246873054695,7,0.8508088116535132,5,0.8624039882871848,6,0.8491478435901172,5,0.010984000685890092,0.8543521258214022,5,0.01094180805801579,0.8400471740774036,5,0.0133867560431386,15
20,5,10,0.864217795569234,13,0.864070785403703,10,0.8530246873054695,7,0.8762313939280268,10,0.009276679460938625,0.8729640369111313,10,0.009089057654150412,0.855051531332139,10,0.009937580385256602,15
20,5,5,0.7974205998739063,7,0.7920441210065008,5,0.7980373621363784,5,0.7953565059349502,5,0.0086153887636595,0.7925682376027235,5,0.008904143879198126,0.8019171481486816,5,0.009466555446622813,15
20,5,10,0.7766243487302404,13,0.7863649992724223,10,0.7974205998739063,7,0.8050342804464937,10,0.0076556915578085746,0.8091295423886731,10,0.007911994989217883,0.7843541859319942,10,0.008723331264824644,15
20,5,5,0.8034917517272679,8,0.7950351549645707,5,0.7849822325004951,5,0.7944102604980726,5,0.011178843890633842,0.7979240060149235,5,0.010925959550291875,0.7276624927519972,5,0.016622681098978933,16
20,5,10,0.7824832799922362,14,0.8061435314907289,10,0.8034917517272679,8,0.8316576364088992,10,0.008751492050054316,0.8434369609826426,10,0.00827471975589131,0.8091811894510027,10,0.010387011529919648,16
20,5,5,0.8557246277544792,7,0.8472982029380473,5,0.844892531860613,5,0.8557608679896833,5,0.010184711615712447,0.8540205696440062,5,0.010317185313677155,0.8523015511727206,5,0.010836835938118445,16
20,5,10,0.8591663641270115,13,0.8616121952427653,10,0.8557246277544792,7,0.8600661512976355,10,0.008448954123581973,0.8516954094766012,10,0.00875994994707408,0.8510524614711439,10,0.008467506370289141,16
20,5,5,0.6915377014200896,7,0.6980903076548581,5,0.6760350805354636,5,0.6980903076548581,5,0.007628236069941277,0.6936301891515657,5,0.007669898487699679,0.7208190431834951,5,0.008392935412564114,16
20,5,10,0.7338126958694193,14,0.7395452177912426,10,0.6915377014200896,7,0.7347074461412637,10,0.006292477169972847,0.7347074461412637,10,0.006314040892681616,0.7279340294574443,10,0.006712839386672357,16
20,5,5,0.7547794803299618,8,0.7726427510465982,5,0.7225221469456649,5,0.8021586940046059,5,0.009212861630447365,0.8021586940046059,5,0.009041981054340373,0.7836082366919874,5,0.010451701419649153,16
20,5,10,0.7865189894557189,14,0.7785901723726154,10,0.7547794803299618,8,0.7938201338776856,10,0.00895479206228482,0.7984461069338319,10,0.008806918344482204,0.8052744160321543,10,0.008660930384723712,16
20,5,5,0.7596230648962635,9,0.7152313386232555,5,0.7378808126732154,6,0.744057090504304,5,0.011894389491171302,0.7405141299182313,5,0.011872757124874983,0.7236476613953622,5,0.012321833537245107,16
20,5,10,0.7539695420393177,13,0.76303699241113,10,0.7596230648962635,9,0.7651420907317629,10,0.008916925179596693,0.7535529537497103,10,0.009116316101124573,0.7651420907317629,10,0.00901449787721288,16
20,5,5,0.7022673581121297,8,0.6539881793238865,5,0.6469226072925178,5,0.6800668070267544,5,0.009581388644819264,0.6739245206698012,5,0.009502822451905792,0.6800668070267544,5,0.009577338475577095,16
20,5,10,0.6899601282037846,12,0.7194752907801636,10,0.7022673581121297,8,0.704319046165811,10,0.008727779664428817,0.7084840608123145,10,0.008632842955838832,0.6968891629084635,10,0.009073419086562323,16
20,5,5,0.7224386175253122,9,0.7093857151783444,5,0.6920655057908688,6,0.7295143688486726,5,0.011965691322791459,0.7273369307925666,5,0.011855710523239513,0.7206842281633115,5,0.013256211861878801,16
20,5,10,0.7341859218083764,16,0.7332572371513565,10,0.7224386175253122,9,0.7492727795778638,10,0.011261958535202362,0.7457397368937339,10,0.011149273733572966,0.7607451424380359,10,0.01135453317369011,16
20,5,5,0.6804273069871359,9,0.692871438414378,5,0.655151648420113,6,0.6922300696755959,5,0.012760414110859064,0.6954989268381734,5,0.01275911362336653,0.6922300696755959,5,0.01275766754479645,16
20,5,10,0.6955965710998314,16,0.676342809029968,10,0.6804273069871359,9,0.698100417664081,10,0.012562913812865372,0.6981920070796401,10,0.01203223145571947,0.7015313636414577,10,0.011374580836417928,16
20,5,5,0.7340937570224547,10,0.7282148124041531,5,0.745730776565313,6,0.740002931602734,5,0.00932037478765876,0.7428519274291967,5,0.009285817057069155,0.7298716270758934,5,0.010410181152408982,17
20,5,10,0.7319063246074822,12,0.7290559203703247,10,0.7340937570224547,10,0.7490319999409261,10,0.008054462501598079,0.7529351895048179,10,0.008423043037678525,0.7289045611576732,10,0.00890476577097395,17
20,5,5,0.7438390952047067,7,0.7462996990448204,5,0.7123581265802602,5,0.754894300537328,5,0.005483258911753361,0.7523008982002102,5,0.005463859428644791,0.754894300537328,5,0.005497047815797603,17
20,5,10,0.7591441008029316,13,0.7507822654904761,10,0.7438390952047067,7,0.7556925506271294,10,0.0053718348423141,0.7556925506271294,10,0.005367276872922508,0.7321849601916467,10,0.005388067376114862,17
20,5,5,0.7304792820931796,7,0.7305064973601753,5,0.7295584387601421,4,0.7438799702103474,5,0.014265216594406578,0.7381358471273366,5,0.01430508356850126,0.74277564398037,5,0.014697309595577747,17
20,5,10,0.7548146520355759,14,0.7568741269253528,10,0.7304792820931796,7,0.7565685520471177,10,0.014149082027987023,0.7514140459862532,10,0.014329993951155744,0.7323852415787092,10,0.013742863697565076,17
20,5,5,0.693008686295482,9,0.7265144651586511,5,0.6843223762280989,6,0.7248113095745128,5,0.014883771258009144,0.7280976112683182,5,0.014846737309254964,0.7243448688953754,5,0.013092911958728094,17
20,5,10,0.7934450516859486,15,0.7780471713590524,10,0.693008686295482,9,0.8010247213579399,10,0.010044049410475675,0.8104862460860085,10,0.009896360524516019,0.7795459226539666,10,0.009931024513864717,17
20,5,5,0.789938219118762,7,0.792593790075878,5,0.7878544016825729,5,0.7847636086151788,5,0.012529160279747828,0.7843301618385169,5,0.012993482475054568,0.7788967060887144,5,0.01476494843433354,17
20,5,10,0.7988925729514869,13,0.7979222625430747,10,0.789938219118762,7,0.7911113582751192,10,0.0127040080333084,0.7820658805488777,10,0.013119658160508188,0.7746752668327149,10,0.014350110709618839,17
20,5,5,0.753911987944189,8,0.7458919810520792,5,0.7371593746718577,5,0.7299317107209536,5,0.014124916763596264,0.7331226517173016,5,0.014339056788667929,0.6891551504495516,5,0.014923919945439519,17
20,5,10,0.7391314189829501,14,0.7413145489289276,10,0.753911987944189,8,0.7312455790079966,10,0.012544228173649932,0.7281524109131944,10,0.01296413949254678,0.7243220001731157,10,0.012975706331009024,17
20,5,5,0.8452584138717705,7,0.8180197036067316,5,0.8158460445568283,5,0.8095570815421838,5,0.014481838155151649,0.8062354540595998,5,0.0145198383268164,0.8294784376981597,5,0.014909413611562115,17
20,5,10,0.8536917028500908,12,0.8412725493384591,10,0.8452584138717705,7,0.8597732239876654,10,0.011951372540234232,0.8597732239876654,10,0.011820398315686105,0.8465758179735936,10,0.01236006605164519,17
20,5,5,0.839553370206043,8,0.8670084933509065,5,0.8036399657221516,5,0.8247364039849661,5,0.01563881831512471,0.8247364039849661,5,0.014777640754658511,0.7923747094745103,5,0.018976529588171163,17
20,5,10,0.8542842547308072,12,0.8513723545939458,10,0.839553370206043,8,0.8481579808595917,10,0.013733766531431558,0.8493429352733635,10,0.013220522440129386,0.8507453190336467,10,0.013151507737895316,17
20,5,5,0.7346856525326674,6,0.7326127546852936,5,0.7254191353805368,4,0.7326127546852936,5,0.02474280938333565,0.7326127546852936,5,0.024681416804853938,0.7348929552895294,5,0.028680490949694774,18
20,5,10,0.789526309896487,15,0.7691353932778244,10,0.7346856525326674,6,0.8088233842806823,10,0.016054955830807165,0.8088233842806823,10,0.01581322554103494,0.7707854331117434,10,0.021460685825147843,18
20,5,5,0.6298521141502528,7,0.6112960482591638,5,0.6348463566808881,5,0.6157205959258691,5,0.01370291804135462,0.6243994077660897,5,0.01383849924727193,0.60479455047961,5,0.014131055659727672,18
20,5,10,0.6473073138274547,14,0.6460519431042666,10,0.6298521141502528,7,0.6472397863010924,10,0.011749601585500914,0.6577993498327542,10,0.011877025790711326,0.6562111375278534,10,0.012496099169428442,18
20,5,5,0.8106634579323031,7,0.7852814507211822,5,0.7984027792389854,5,0.7784746475534952,5,0.009037664939138068,0.7784746475534952,5,0.008855844383403148,0.729411001263954,5,0.011486970304427769,18
20,5,10,0.8003179241127414,14,0.7956797633835025,10,0.8106634579323031,7,0.7953599428440485,10,0.00805980362031796,0.7981828823948786,10,0.007927706449267139,0.7876009601823727,10,0.008464858263508191,18
20,5,5,0.7336021772273171,7,0.76277692501618,5,0.6851776544294396,4,0.7412840705605516,5,0.019118407548152142,0.7452266001859049,5,0.018844507729704713,0.7021459749686241,5,0.020672926177940736,18
20,5,10,0.7581322033803886,12,0.7668423385249575,10,0.7336021772273171,7,0.7786458318506061,10,0.01322333423520518,0.7786458318506061,10,0.013041480674487174,0.7615709087415173,10,0.013873843937698834,18
20,5,5,0.7407310840732643,7,0.7394340167282447,5,0.7565592906357621,5,0.7314155108443119,5,0.010368702241316429,0.7341754236830342,5,0.010438361585173889,0.7246840164483941,5,0.010385345165670945,18
20,5,10,0.7702683871427325,14,0.7722029253218831,10,0.7407310840732643,7,0.7523725600716478,10,0.008462529410566,0.7550811153806619,10,0.008528783664887461,0.7444728120230735,10,0.009155519070301404,18
20,5,5,0.683127295997395,9,0.7161132982910353,5,0.6686452883794168,6,0.6664587924467441,5,0.011947083227291865,0.6706643563036556,5,0.012073543326476381,0.701710134510141,5,0.012171555728084031,18
20,5,10,0.685828961757203,13,0.6816064303287953,10,0.683127295997395,9,0.7004877107448408,10,0.01171819240712436,0.7029559333529473,10,0.011916458936742733,0.7102843337605316,10,0.011497793280337362,18
20,5,5,0.7954356701091355,7,0.8110475475011645,5,0.8099567507091096,5,0.8071232244758777,5,0.0143322994615343,0.8056412442578906,5,0.014586679972034583,0.7525748179190196,5,0.022661641936211292,18
20,5,10,0.82220915792856,14,0.8091603965597427,10,0.7954356701091355,7,0.8046070653466788,10,0.013257693318912184,0.8175505830213614,10,0.012901025241478134,0.8149080088818228,10,0.013864751482149832,18
20,5,5,0.7729459188522441,7,0.7725608934793389,5,0.7641280637659262,4,0.7742481824589427,5,0.011529351570291344,0.7053186087821733,5,0.015492276397499711,0.7369117251968799,5,0.014682180722009289,18
20,5,10,0.7611327813386721,14,0.7783701195401338,10,0.7729459188522441,7,0.7852794980588521,10,0.011340988312996752,0.7548179331810532,10,0.012149895859633431,0.7696294307976503,10,0.0119318456610077,18
20,5,5,0.7324285577041122,7,0.7183926156779844,5,0.7004017359048662,4,0.7371432733898748,5,0.01440575436483032,0.7355979967765716,5,0.014353667406162453,0.7375567618012073,5,0.013611874518850847,19
20,5,10,0.7259422941970161,13,0.7167905909440745,10,0.7324285577041122,7,0.7322340902127721,10,0.013385716079928044,0.7397596675307511,10,0.013424205493524688,0.7401324055748912,10,0.012742322438657456,19
20,5,5,0.7957874776225133,8,0.7690196706214111,5,0.7403382146639883,5,0.7437477069500005,5,0.015155409780875293,0.7364686349028452,5,0.014996581214712963,0.7391386718073318,5,0.01453246062323808,19
20,5,10,0.818233951576843,15,0.8334098994588683,10,0.7957874776225133,8,0.7915998128195771,10,0.01171042388799306,0.7970411464648791,10,0.011518836814841095,0.7907575008425309,10,0.011430679961879096,19
20,5,5,0.8057985476470972,6,0.8009218148025915,5,0.7729666545096068,4,0.7900105491970801,5,0.014938179260633544,0.7874410281785515,5,0.014766644662979188,0.8343163155597844,5,0.01412903621189451,19
20,5,10,0.8196308856847635,16,0.8032687659927823,10,0.8057985476470972,6,0.8137372745669584,10,0.013332898115020688,0.8201697679002148,10,0.013436476439736025,0.8061400654085902,10,0.01351347070482023,19
20,5,5,0.7648333704734971,7,0.7466241652736927,5,0.7312139420258578,4,0.734703853160978,5,0.0169879026501424,0.7542948797738882,5,0.018918885328195793,0.6132122342808534,5,0.031772852098724456,19
20,5,10,0.7991684599835779,13,0.7969531765166635,10,0.7648333704734971,7,0.789329779822817,10,0.014230609694533646,0.7920097807668325,10,0.014361429636755288,0.771671851887594,10,0.018057758368260103,19
20,5,5,0.7766507318763879,6,0.7839571647986697,5,0.7539010246384598,4,0.773300221624359,5,0.008137971405760183,0.7708190134791313,5,0.008104028641711128,0.7804972171334225,5,0.008851352129047817,19
20,5,10,0.7705464522550046,14,0.7714608626524511,10,0.7766507318763879,6,0.7860593646483921,10,0.007793138516724032,0.7744682235276065,10,0.007692142851621196,0.7685605296946982,10,0.007640508923717067,19
20,5,5,0.7686030004439423,8,0.6961924167009984,5,0.7498295201983015,5,0.7617723656439164,5,0.019338653377748382,0.7645630540851915,5,0.019310849676249145,0.7325015044553572,5,0.021089886776341295,19
20,5,10,0.7987069154528392,13,0.8061372011814983,10,0.7686030004439423,8,0.7782369727445188,10,0.015214223891793504,0.7962071597965371,10,0.014142749395711878,0.7714979326160193,10,0.018126975897936073,19
20,5,5,0.7393541620134716,8,0.751807819246602,5,0.7670552191583029,6,0.7514044498508088,5,0.012412015869154788,0.7481180695662967,5,0.012348822181379842,0.7541566366884492,5,0.012349544535913238,19
20,5,10,0.6950683459334595,15,0.7019377961573491,10,0.7393541620134716,8,0.7476896036002585,10,0.012330345763599534,0.7496368977389499,10,0.012385107079339822,0.7510470987203919,10,0.012232461044248119,19
20,5,5,0.7362797206902857,8,0.7299695272984639,5,0.7117897769247419,5,0.6879553812359503,5,0.017576709618341325,0.6807962531833996,5,0.017768806147228484,0.6705805558754685,5,0.018085074432827336,19
20,5,10,0.784468459541908,11,0.7944645274188175,10,0.7362797206902857,8,0.7724980440490148,10,0.01274809162283943,0.7811655789273151,10,0.012708926002433856,0.7487230952426605,10,0.013332849389217164,19
