n_features,n_classes,frac_extreme,standard_fidelity,standard_extreme,standard_moderate,pairkernel_fidelity,pairkernel_extreme,pairkernel_moderate,standard_direction_variance,pairkernel_direction_variance,seed
8,3,0.0566608002223304,0.7427176186190391,0.8527151959338672,0.7361107154450327,0.7468656809430169,0.8317645154406933,0.741766310640463,0.09539122441015807,0.09730987284973808,0
8,3,0.19498427164150534,0.8730698922703968,1.0,0.8423259282294693,0.8772094177960861,1.0,0.8474680954938656,0.020796832549056607,0.029859355673324997,0
8,3,0.08673290328775134,0.7234231889526404,0.8697823977067576,0.7095234665780563,0.7354042333309586,0.9264791071864326,0.717257867810415,0.07376340939438644,0.06497548018993392,0
8,3,0.07333442073801502,0.8568341728024279,1.0,0.8455043217299683,0.8725713555284342,1.0,0.8624869129453882,0.005718393439227577,0.004700655702798878,0
8,3,0.057353498982603314,0.8182172460829357,1.0,0.8071570268166631,0.8165081308423453,1.0,0.8053439237724722,0.03530600395144187,0.031131208162361066,0
8,3,0.12269396212057238,0.7240946319919983,0.8957635309600213,0.7000862056529134,0.7436491947519744,0.9033262043338491,0.7213178712237336,0.07419249452154361,0.07070940603769314,0
8,3,0.06337197090773915,0.8250973290376321,0.9603374027997441,0.8159470262986469,0.8509914917901503,0.9603374027997441,0.8435931803194845,0.02616264680323519,0.027831183882795013,0
8,3,0.033072329694077994,0.7526350316501136,1.0,0.7441742790630619,0.7799289654355039,1.0,0.7724017614524684,0.050152913785106765,0.039284813834865935,0
8,3,0.21245056646501226,0.7995138369288055,0.9835400796509745,0.749870629980812,0.8197874025325471,0.9580740017975465,0.7824829933140697,0.022654289297628236,0.0173534176690296,1
8,3,0.13656850019953187,0.8831725070111487,0.9913269020281876,0.8660657839869389,0.8811890801862565,0.9913269020281876,0.8637686395981247,0.008069264410103007,0.005904575977046342,1
8,3,0.17189978452388577,0.8289693552059976,1.0,0.7934662476863762,0.8369491448858463,1.0,0.803102508528623,0.015334292112701358,0.008460656531040325,1
8,3,0.20663423214065105,0.7848954638215347,1.0,0.728870913149104,0.8012422132756192,1.0,0.7494752171363949,0.021292729812334314,0.0131435397211223,1
8,3,0.1410678070077212,0.8561470378923144,1.0,0.8325211660695333,0.8570616295782959,1.0,0.8335859668692276,0.006217733996789412,0.004304600473218831,1
8,3,0.1598692526431612,0.800249492409965,1.0,0.7622387845957596,0.8112945434623478,1.0,0.7753856085718274,0.008196499886494433,0.006635503333611806,1
8,3,0.21734991818932553,0.8566089367432432,0.9883752526329056,0.8200160855517257,0.8548101906079144,0.9883752526329056,0.817717809250307,0.012677875594245576,0.011564665602392585,1
8,3,0.10647136786502429,0.8489862493539634,1.0,0.8309917050053471,0.8905217252177903,1.0,0.8774764782627895,0.009983146521604471,0.007688053352424937,1
8,3,0.1522378019845953,0.8436213941151742,0.9805231940669656,0.8190371071993562,0.8414437506092853,0.9805231940669656,0.8164684110355183,0.008468810181953099,0.009537998014514529,2
8,3,0.2559595872554285,0.8868462285803224,1.0,0.847919858274522,0.8941512942960983,1.0,0.8577379616875197,0.023441031110795596,0.014910482209796152,2
8,3,0.1380793656820424,0.7849248811995387,0.9530649722316846,0.7579889010279871,0.7977531817896416,0.9791999036353508,0.7686854843010358,0.02225860314577997,0.018828237893236073,2
8,3,0.2622640254904068,0.8459650128358129,0.9906942285494243,0.7945139950860641,0.8465160147639806,0.9906942285494243,0.795260877368081,0.016276054624685198,0.014761584958895561,2
8,3,0.1439291152503673,0.8069742198545341,1.0,0.774521265021274,0.8113223814709811,1.0,0.7796004724723236,0.00609734185353182,0.005876677657640495,2
8,3,0.10953802634574714,0.8552963292130972,1.0,0.8374959570782433,0.8534845909150989,1.0,0.8354613521747197,0.017277638137325035,0.01860709455068038,2
8,3,0.13272075715176876,0.8204467617441167,0.992752511359669,0.7940786113021938,0.8117241403087381,0.9540163688314333,0.7899489941120832,0.011293269157691056,0.00896398984402026,2
8,3,0.31804845791576064,0.8433860552046291,0.9856373853889533,0.7770429011686181,0.8520561744007575,0.9729828998104406,0.7956583863412043,0.024166376688713465,0.00965023440778688,2
8,3,0.3113851276407703,0.7726509325283957,0.881751709817807,0.7233165936611861,0.7787446025821188,0.8807954645115573,0.7325981687142602,0.049072133463399066,0.025851469407092015,3
8,3,0.10657784183784286,0.7294352660397393,0.952277360069595,0.7028520553645267,0.7298042337762384,0.952277360069595,0.7032650378869864,0.08224856715883724,0.13469123016650425,3
8,3,0.23258498607122186,0.8001883402835978,0.9073728334883131,0.7677033049290731,0.8237945819810937,0.9073728334883131,0.798464029268624,0.08342961313309587,0.05516489552969768,3
8,3,0.15474470399007492,0.7701584323219461,0.8845674765057707,0.7492130519622051,0.7908406638030413,0.9231251572952829,0.7666227442176035,0.09865592608263875,0.16340708769464057,3
8,3,0.2634103098606557,0.7783288200847621,0.8933931482466935,0.7371809045752351,0.789769487421603,0.9216580208733902,0.742605102787017,0.01746921993052572,0.020046451228628512,3
8,3,0.17957988599782862,0.7980883475849834,0.8368445722908281,0.7896050860271573,0.8002496640387003,0.8563243257106278,0.787975609345808,0.08927784961394104,0.08891568164294719,3
8,3,0.10541034432337446,0.7213053063223417,0.919437099072322,0.6979592499906414,0.7310442271291883,0.9541868109875795,0.7047511256513604,0.10547773021854476,0.11985323067447384,3
8,3,0.19293241774270706,0.7403773464443756,0.9715475071210119,0.6851152853855348,0.7504215400847497,0.9826652173723639,0.694902851006402,0.11474608202770473,0.08805587683132932,3
8,3,0.14120165525167283,0.820477231517808,0.9224665914663844,0.8037083747415203,0.8291977083827208,0.9224665914663844,0.8138626524229341,0.027292563854265713,0.02480100173560805,4
8,3,0.0796363873201862,0.7595453783897205,1.0,0.7387395391369828,0.7775016143665173,1.0,0.7582494760026025,0.052813107098521855,0.052120501347134855,4
8,3,0.15413583355905203,0.7620916214256609,0.9250494208817613,0.7323969762915618,0.7669326923724343,0.9332266545448819,0.736630121945393,0.030297612273180445,0.027516681356569678,4
8,3,0.27364047317273565,0.8557409415027769,0.9839804722833302,0.8074294310369888,0.8545077868534584,0.9839804722833302,0.8057317116517901,0.059246404182124006,0.05285681086990049,4
8,3,0.12113830221214536,0.7937630383089608,0.9901579474247574,0.7666928566031481,0.8186801381931232,0.9901579474247574,0.7950444162932339,0.014181246148512575,0.011620633755341994,4
8,3,0.12644906097843733,0.8323122510354473,1.0,0.8080389574620864,0.826893125027325,1.0,0.8018353970673234,0.019468634912081857,0.020512879933458725,4
8,3,0.15035479711047642,0.8427720830690972,0.9962421185212854,0.815613739840092,0.847634425835846,0.9962421185212854,0.8213365318363425,0.019197334553080432,0.011246029148834876,4
8,3,0.14202124675967143,0.8231164279594432,0.9855930759360781,0.7962216639249887,0.8231164279594432,0.9855930759360781,0.7962216639249887,0.02129569434949179,0.02394344420733914,4
8,3,0.03189180337932405,0.7165843722897931,1.0,0.7072479825090722,0.7182865366264582,1.0,0.7090062202170129,0.05694779723286221,0.060067730774756065,5
8,3,0.023424652012253952,0.6696767687337473,0.8805719914726072,0.6646181245503938,0.6685720728725494,0.8805719914726072,0.6634869308708953,0.14429930374821892,0.11481694912648452,5
8,3,0.0312443584719313,0.726043112931654,1.0,0.7172074408400663,0.7695796251778958,1.0,0.7621480949946778,0.09805560634155555,0.05586679299276168,5
8,3,0.18113088192475185,0.8411234387054017,1.0,0.8059805190015742,0.857889917677184,1.0,0.8264556823722381,0.03703407099227297,0.029218934175672846,5
8,3,0.01206813242071945,0.6926041559471474,0.8741475268605104,0.6903865035844856,0.680332515044407,0.8741475268605104,0.6779649578226208,0.16113839961913856,0.1486411869219614,5
8,3,0.03125768252850663,0.6900673207653959,0.9043990458426894,0.683151639580187,0.6974486079650821,0.9043990458426894,0.6907710932435226,0.1713412396434994,0.18134236183141458,5
8,3,0.043022485089690705,0.7059339509029876,1.0,0.6927137320205762,0.7256843427720221,1.0,0.7133520349705527,0.10402125879995885,0.09952083470045087,5
8,3,0.04945958584993823,0.7069479375358699,1.0,0.69169952365869,0.7269256599230232,1.0,0.7127167493229105,0.02504299333631839,0.028429127138248775,5
8,3,0.1406192716199959,0.9561192164733521,1.0,0.9489390649830296,0.9561192164733521,1.0,0.9489390649830296,0.06574589310725948,0.06526612815997616,6
8,3,0.2914035631434574,0.8655657777948025,1.0,0.8102809791119309,0.8629922451303381,1.0,0.806649105550894,0.015969801953786215,0.017811199923901296,6
8,3,0.23631268936106878,0.815811948515982,0.8752069167509046,0.7974329804716304,0.8007240356924219,0.8616564054056172,0.7818693395943276,0.0255432636279452,0.017612002869362132,6
8,3,0.26237959210109235,0.8146506565216636,0.9758071564685592,0.7573255387948489,0.8317819114379393,0.9758071564685592,0.780550567187262,0.028841051471779525,0.04573820592426267,6
8,3,0.11948265540911299,0.8828159608351033,0.8835805423258575,0.8827122102078692,0.8896790647198041,0.906359868427281,0.8874155468759238,0.08161722356479255,0.0629444502193962,6
8,3,0.1388700712458264,0.9461277670838374,0.9831904269563826,0.9401508592500721,0.9465474152457309,0.9862123031470467,0.9401508592500721,0.08957592744678898,0.11211526422534152,6
8,3,0.35068741395834596,0.8273018604839515,1.0,0.7340292746073925,0.824219523835483,0.9857803168514115,0.7369621105067028,0.04046541947722124,0.022777874011901456,6
8,3,0.22836893190187893,0.870456403688884,0.9929642229251634,0.834199465645197,0.8625536268402705,0.9929642229251634,0.8239578136753094,0.04168125795438428,0.014315391904210842,6
8,3,0.2141364054383975,0.8024044147709638,0.9761960130800171,0.7550487306359135,0.8162459404498762,0.9761960130800171,0.772661870848413,0.027672791092166898,0.021314725538359273,7
8,3,0.11139135249866897,0.7936626489863144,1.0,0.7677972731934545,0.8087085007215437,1.0,0.7847291945488638,0.016211303296434054,0.012077367132670061,7
8,3,0.14515017230863667,0.8151504016025461,0.953048095793711,0.7917359100457464,0.8087438786498172,0.953048095793711,0.7842415844400074,0.0157299430535053,0.015505761769782871,7
8,3,0.08441473192762033,0.7674570505948234,1.0,0.7460171569877274,0.7534667248073799,1.0,0.7307369572342977,0.022261902396878877,0.018858569483343815,7
8,3,0.17733533869277845,0.9137740100732176,1.0,0.895186952859056,0.9046208753380092,1.0,0.8840607489928733,0.016142142276688372,0.01351649007699617,7
8,3,0.07986330477761178,0.8376542146282129,0.9603904321367828,0.8270013192518698,0.8375310892572901,0.9603904321367828,0.826867507208983,0.028659534956392466,0.029070584239737334,7
8,3,0.04534739947098711,0.7242265371931151,0.9211564314321521,0.7148720782235504,0.726418536911194,0.9211564314321521,0.717168201144982,0.038721491889082756,0.038294347256180916,7
8,3,0.0987494696736442,0.7505963381710952,1.0,0.7232693314048956,0.7535525887999174,1.0,0.7265494966079624,0.018685411916909152,0.013580418213735207,7
8,3,0.12969791305268744,0.8296938799731739,0.8353494947459117,0.8288510445438956,0.8459825243036432,0.8503552703573225,0.8453308700723396,0.1237636504140952,0.1082946343873965,8
8,3,0.11825965093520899,0.88384701124481,0.8544741307023751,0.887786523147145,0.8645989888652706,0.7403634090504426,0.8812615543452532,0.13878266657195562,0.10180660380737674,8
8,3,0.21614991071776113,0.8949261636122201,0.9773395415239959,0.8722003330980063,0.9055063478587949,0.9773395415239959,0.885698046999223,0.02812543073158904,0.02773279948840455,8
8,3,0.21045265044663372,0.8391575839686226,1.0,0.7962852815320537,0.845333592111064,0.9851649260309667,0.8080617617951513,0.03542580329579499,0.032880365170155426,8
8,3,0.2046997185059902,0.8154856097015232,0.8974019402460013,0.7944014353416218,0.8260533569992063,0.8699371746595257,0.8147582457927063,0.04421115374050431,0.04421082798406971,8
8,3,0.09653060328031497,0.8475092682805547,0.8801544091982998,0.8440213193158169,0.8475092682805547,0.8801544091982998,0.8440213193158169,0.05079338003874054,0.05254387733557387,8
8,3,0.2557383398278246,0.8458919888960765,0.9921959329058834,0.795619981410597,0.8710260823097001,0.9921959329058834,0.8293904881538963,0.04386747147985447,0.03982669458951375,8
8,3,0.3772648781085876,0.8435978873908654,0.9773310783472179,0.7625797559066767,0.8579908781287324,0.9773310783472179,0.7856922964265556,0.016549588923790885,0.015418440509826317,8
8,3,0.2829505763360616,0.8561169485961055,0.9511537282789044,0.8186150544491626,0.8643953840281642,0.9511537282789044,0.8301601936806509,0.0137809953310014,0.013907896033388177,9
8,3,0.2803260405223894,0.9142048787910808,1.0,0.8807861253293153,0.9156902395483919,1.0,0.8828500610015038,0.031504277673108386,0.015318556900556123,9
8,3,0.34870954699072454,0.7941656569454872,0.9586224064705023,0.706113331962891,0.8222019292082887,0.967215011054799,0.7445600017936008,0.02692477411924244,0.01542082552443466,9
8,3,0.1779440311312997,0.8344552147597609,0.9830163759587331,0.8022973412153693,0.8317659410564135,0.9830163759587331,0.7990259414504016,0.011907588643890575,0.012919912837561724,9
8,3,0.26810054469152467,0.8395525246298493,1.0,0.7807793485752402,0.8465827084949399,1.0,0.7903847442537049,0.01452356891035277,0.012128298159738758,9
8,3,0.14763972800950023,0.8254138459787074,0.9688094068858263,0.8005758962222542,0.8315908877698457,0.9688094068858263,0.8078228808531935,0.014668055519719798,0.01626042985218054,9
8,3,0.16930927732308826,0.8214579180262177,0.9775040685349701,0.789652987201244,0.8323785514890581,0.9775040685349701,0.8027994364930435,0.013898568116011981,0.0109200740418933,9
8,3,0.17733634257190237,0.7866884783711596,0.9919695455628378,0.7424373517699933,0.7954850843529581,0.9919695455628378,0.7531301858369549,0.01783792789467358,0.015078178701166473,9
8,3,0.23819769261547644,0.8148102659143579,0.9740449340515691,0.7650213243910684,0.7981978271699319,0.9740449340515691,0.7432145661502579,0.010797540834011092,0.007937630689261035,10
8,3,0.1388177623008901,0.7734362301646287,0.9516298021135278,0.7447124225528519,0.7762842382685171,0.9516298021135278,0.7480195136413742,0.031006223822329152,0.024869062392789746,10
8,3,0.14244586279887714,0.8211896112063767,0.9849389889911567,0.7939896708300624,0.8171783282127025,0.9718638165075764,0.7914839645722398,0.010507616372145742,0.006831825238670293,10
8,3,0.2418604717075267,0.7906009418180483,0.9432572260620026,0.7419007757687751,0.7955195697885763,0.9432572260620026,0.7483885366452012,0.0061347052459738574,0.004164915895840841,10
8,3,0.1306451813598597,0.7821897847932152,0.9476661478771805,0.7573222750005038,0.7854180111077406,0.9476661478771805,0.7610356337411558,0.012808097692583183,0.009518098163384617,10
8,3,0.28623996477510866,0.8812383133028332,0.9946133936160086,0.8357713812897605,0.8770287223885914,0.983652134225757,0.8342694193423565,0.028643941171696174,0.013756179256619467,10
8,3,0.1942954105928157,0.768267144292696,0.9700421297745172,0.7196091694381713,0.7744795126788351,0.9700421297745172,0.7273196485241968,0.007355291391051731,0.005815276515166319,10
8,3,0.20878961500456955,0.8001645402042306,0.9160745926093888,0.7695774603632953,0.8108411938084495,0.9160745926093888,0.7830715370421304,0.008918506289877406,0.004572546482704305,10
8,3,0.32088745596246643,0.8095282336756694,0.9910382791190439,0.723762925369515,0.8115916000117757,0.9910382791190439,0.7268012528959642,0.03592778430672414,0.03155424027255245,11
8,3,0.11549602838733532,0.8425771806975768,1.0,0.8220213539398776,0.8449593793396872,1.0,0.824714613346918,0.023468581724391882,0.023405172984712133,11
8,3,0.12440946643160905,0.8813958261661784,1.0,0.8645437915477902,0.8845412458154441,1.0,0.8681361324065324,0.03858362753793457,0.03339430353113406,11
8,3,0.1441865997613455,0.8810496622961241,1.0,0.8610090264177859,0.8803483643859262,1.0,0.860189574525583,0.017035719634764888,0.013268342798084296,11
8,3,0.19574511637374462,0.8498630436520805,0.9625263067229349,0.8224422794269189,0.8511170506985895,0.9625263067229349,0.8240014953820087,0.012184846206109743,0.010492179385976694,11
8,3,0.06278453874958695,0.8049882463480801,0.9259788935507652,0.7968830215713786,0.8127328339040542,0.8637229852209617,0.809316977824458,0.02675435278131894,0.014830133522266201,11
8,3,0.08507638598548106,0.8205338631334526,1.0,0.8038457701631698,0.8161005148703121,0.9729513625701561,0.8015153592828316,0.05769454617637469,0.026045707763645624,11
8,3,0.3718377840147784,0.9890489329252506,1.0,0.9825664982769244,0.9865802181709881,1.0,0.9786364389842134,0.14072305486561207,0.034404524953015075,11
8,3,0.25469440876027144,0.7899917398383222,0.9247216968575912,0.7439502675232673,0.8256715309414734,0.9368361269876941,0.7876830851309821,0.02592525501857125,0.01487068063825166,12
8,3,0.22316331677772475,0.7945223433461994,0.9384781283193254,0.753167897633507,0.8249606386560667,0.9447281674049798,0.7905547982328085,0.04155564358448751,0.033540246206736665,12
8,3,0.22548920579809129,0.8094520000919251,0.9963579838565086,0.7550366424836227,0.8399362055020204,0.9963579838565086,0.794395945979848,0.026550441071542533,0.022161808973060207,12
8,3,0.26023649502609725,0.7806595361505768,0.977304226418341,0.7114832053141691,0.7865074785234479,0.9642962243107424,0.7239643552851593,0.04330472928089406,0.04196952783810798,12
8,3,0.1863112478913138,0.7973574019121977,1.0,0.7509580935429534,0.8017385602147439,1.0,0.7563424106927141,0.022347032968942075,0.02132539467289234,12
8,3,0.15638209847588608,0.8405355468646191,1.0,0.8109754986857367,0.836784892494741,1.0,0.8065295826340477,0.03200044304880608,0.03282255056160209,12
8,3,0.4289310375093883,0.8592725023690102,0.9195640182852672,0.8139874244299355,0.863249629131425,0.8969424472444257,0.8379428862000717,0.04572040414943768,0.03324481549427472,12
8,3,0.24998761050340682,0.854615063072535,1.0,0.8061566195925814,0.8712575576120409,1.0,0.8283462457541927,0.023003063295997002,0.012793455807609684,12
8,3,0.15280274257677287,0.7712637323804215,0.8579417314963371,0.7556302587473,0.7575784175090897,0.8579417314963371,0.7394766242171837,0.027290622404193783,0.024614212374219294,13
8,3,0.22613714230582974,0.807144712253958,0.9776130634208244,0.7573306846091574,0.8169047677698249,0.9729942453894094,0.7712925148209281,0.016384108636954872,0.017167642287803393,13
8,3,0.10651715271514571,0.7977125370558994,1.0,0.773596702433831,0.8086253953527951,1.0,0.7858105444007564,0.036965723858485434,0.028360524587305702,13
8,3,0.1062463930614738,0.871977127622028,0.9879359191187222,0.8581923403555543,0.8800637526177791,0.9879359191187222,0.8672402758636985,0.014011273219636071,0.016044078873763926,13
8,3,0.29054903376258956,0.771026856984934,0.8538473576693315,0.737108492510492,0.7820336137253394,0.8533275026645355,0.7528358657057407,0.0623311006823037,0.036252572586968825,13
8,3,0.13877782448985973,0.8183090012447696,1.0,0.7890312117803902,0.8719831859548219,1.0,0.8513544847247483,0.024862765377724555,0.016472221782703484,13
8,3,0.009887684232305452,0.708461634951374,0.6221162868867816,0.7093239164551943,0.7276830081239628,0.6221162868867816,0.7287372424652696,0.020219223844463157,0.014897743785161281,13
8,3,0.0897153305131534,0.7886754938868086,0.9618033400555164,0.7716124558496944,0.8030499729768548,0.9618033400555164,0.7874036468604685,0.026787151275763674,0.018264865566981862,13
8,3,0.09548783537191413,0.7645720186546394,0.9917174971618586,0.7405926506534471,0.7694155132839897,0.9917174971618586,0.7459474649044436,0.016483548621642564,0.015140916872709353,14
8,3,0.06728084561584494,0.7662393580759017,1.0,0.7493772473468254,0.7775366503742477,1.0,0.7614894595226386,0.02371708771576841,0.032275291047259076,14
8,3,0.035552089157451755,0.6258347017071654,0.5412665437138576,0.6289521066588055,0.6129213226859958,0.5412665437138576,0.6155627064890353,0.3060569476056727,0.26170430825403024,14
8,3,0.16926360546958805,0.7740154404550756,0.8844971193138309,0.7515046567394583,0.7782987684862491,0.8844971193138309,0.7566607183486223,0.0347524608113953,0.03155459198938517,14
8,3,0.13936317039953577,0.7458100027279374,0.7117024092451485,0.7513330551920838,0.7353693471902853,0.7368365124288044,0.7351317686994426,0.06954899047328553,0.06982135749222083,14
8,3,0.19388544341912836,0.7287145020394099,0.8860648453205036,0.6908688375117702,0.7312107910133463,0.8860648453205036,0.6939655301016228,0.04075221151232032,0.03022004395691271,14
8,3,0.19807349979776653,0.7356426672570612,0.802630153716563,0.7190969540497498,0.7595522878374692,0.8237241447166542,0.7437020269003684,0.07197975112646662,0.07057906406354994,14
8,3,0.06525766885991001,0.5739548774634132,0.6524098832169475,0.5684776559711309,0.5880450067457453,0.6179456981143765,0.5859575337053016,0.19159751074987585,0.17302237843392165,14
8,3,0.08916874158328116,0.8502922012402243,1.0,0.8356360770709493,0.8637010875939746,1.0,0.8503576692756994,0.02365746679277147,0.024076639020839764,15
8,3,0.15014383933691702,0.7922917259337855,1.0,0.7555959659053898,0.7976349149543086,1.0,0.7618831345673835,0.013401113909540515,0.014344792492707734,15
8,3,0.14105350571486755,0.8048884314545879,0.9910204754705997,0.7743224095789377,0.7967152664576802,0.9617084669313404,0.769620599326761,0.016597931971535806,0.010956747146235166,15
8,3,0.09583631587609666,0.8753949743902476,1.0,0.862187535511903,0.893983454427633,1.0,0.8827462909272977,0.020433803517809747,0.02123256663947141,15
8,3,0.12906273453768388,0.852970930539721,0.9863909862784652,0.8331996359601143,0.8599073622988181,0.9863909862784652,0.8411639659229792,0.009239212255705306,0.007819289114644593,15
8,3,0.13948982352350428,0.9318611309918038,1.0,0.9208157313290561,0.9318611309918038,1.0,0.9208157313290561,0.023902494235556376,0.022300512602196593,15
8,3,0.08105911775871229,0.882188260599885,1.0,0.8717961713567762,0.901842705639271,1.0,0.8931843209311526,0.01445696474426987,0.014569642925508754,15
8,3,0.023166716871903907,0.842121743444195,1.0,0.8383774802899483,0.8346928694865428,1.0,0.8307724221024724,0.029457437882481532,0.02566703310242225,15
8,3,0.2624126465033001,0.8631228211535644,0.9762520323035768,0.8228746586085184,0.8642912150616503,0.9762520323035768,0.8244587339082737,0.010793761303885293,0.013132287568698166,16
8,3,0.3410454766723108,0.8614414570533588,0.9779497250674446,0.8011419729547123,0.8642350340693002,0.9779497250674446,0.8053813808607904,0.009437469614365005,0.008115059040720272,16
8,3,0.25915701158123516,0.8165697934780155,0.9633356461929957,0.7652290905404503,0.8192816939142009,0.9573719720863855,0.7709758256277134,0.01882520382144165,0.013530369596283722,16
8,3,0.37205999051173977,0.8287405867909301,0.9780358804786646,0.7402818093383294,0.859979966386389,0.9664805474778414,0.7968774333551322,0.011420991393058553,0.008748021004725819,16
8,3,0.29738005582176197,0.8617714640760048,0.9819707261870253,0.8108977825466314,0.8637378759162904,0.9819707261870253,0.8136964674638173,0.013245607195124586,0.013816050187938415,16
8,3,0.2747975014508635,0.7945284984173266,0.9283832706822897,0.7438075521309097,0.8051575980929064,0.9068988457385282,0.7666052755299746,0.011662556643178806,0.01352659526654188,16
8,3,0.2772965808073688,0.8748429250481234,0.9857226532199715,0.8322990976821858,0.8748528344124744,0.9857226532199715,0.8323128092049045,0.012124963561047692,0.007555759473460652,16
8,3,0.33504511265321113,0.8249869655792316,0.9347070586266191,0.7697032438788587,0.826578363038493,0.9280610914602695,0.7754451315615477,0.023211133489305067,0.012920454745066378,16
8,3,0.12365446627068932,0.8630308598580931,1.0,0.8437041841714751,0.881442373384935,1.0,0.8647136066175406,0.015368726577072039,0.012231579747652753,17
8,3,0.16511033590090365,0.8710565649928856,0.9895303344889225,0.8476268296421136,0.8680181186718436,0.9895303344889225,0.8439874908747319,0.010537211831357526,0.011057802954714414,17
8,3,0.038618193389952475,0.7472439829546955,0.8274775281264161,0.7440210443235511,0.7444843060806117,0.8274775281264161,0.7411505127042616,0.04528793142055201,0.04248925284825601,17
8,3,0.04444700947624543,0.7346319526235111,1.0,0.722288507274687,0.7624426046890028,1.0,0.7513927561664707,0.1586964784801168,0.14442123581741934,17
8,3,0.03385592314256594,0.8034336525675106,1.0,0.7965455130958744,0.8271269023651108,1.0,0.821069029168826,0.12950159224501273,0.10769843487003251,17
8,3,0.029687740377584426,0.830207468284524,1.0,0.8250124843506063,0.8370808985384606,1.0,0.8320962145475341,0.03724847646132634,0.04626107530259253,17
8,3,0.07015019477100526,0.7377395606235657,0.8631426169605582,0.7282788404325743,0.7493071805481983,0.8979212829325496,0.7380953609948104,0.13922079581449653,0.13939411978377708,17
8,3,0.1744625017040099,0.8438419340844661,1.0,0.8108407355960653,0.8346067981155616,1.0,0.7996539197482488,0.017662811209063635,0.01693976558323666,17
8,3,0.08105409225336054,0.7579521450094198,0.9151839454426626,0.7440837760988619,0.7780561263816251,0.9151839454426626,0.7659609956421782,0.04587056912854014,0.037747311980082625,18
8,3,0.06350506922042108,0.8199992313328927,1.0,0.807793120121572,0.8341243881348082,1.0,0.8228761241375757,0.020571390187933226,0.017228869716053148,18
8,3,0.06742870877787062,0.7165434686436127,0.8897098903115311,0.7040228299249895,0.7049922498375099,0.8897098903115311,0.691636410876034,0.038144958925941684,0.045927603035474676,18
8,3,0.08105270054107501,0.7169809392188174,0.8047489029905078,0.7092396568962347,0.7142054645684037,0.7832463818387816,0.7081159393084765,0.14808918900028678,0.1650359726393057,18
8,3,0.04712746029690834,0.6490664846991192,0.788934904164066,0.6421488298077529,0.6398760334516762,0.788934904164066,0.6325038344232636,0.10735461237218819,0.11611262691293305,18
8,3,0.11555836097352165,0.7852167468580976,0.9479003047303629,0.7639610251965155,0.7775465556303341,0.9479003047303629,0.755288670923139,0.039323856190572076,0.03858986916456646,18
8,3,0.07031467164422757,0.7019935746877807,0.8190611400524975,0.6931394310676295,0.7045881841918756,0.7725989084594104,0.699444345089224,0.12507734069878684,0.1342837608673506,18
8,3,0.06114296702066373,0.7529950299103635,0.8755554004948615,0.7450132984715437,0.7496292247140817,0.8755554004948615,0.7414282955605032,0.036640953358180725,0.04133746997509983,18
8,3,0.1406647586574614,0.8117927325469751,0.9628208976095289,0.7870709018027673,0.8202760686815873,0.9628208976095289,0.7969428769371266,0.01840722923544126,0.0178979266757535,19
8,3,0.26994289921086567,0.8241199906493827,1.0,0.7590873245935079,0.8548916543082788,1.0,0.801236991551934,0.01167025603649619,0.016379166550596756,19
8,3,0.18939966404888028,0.8405068159617064,1.0,0.8032406637838956,0.8513734865927903,1.0,0.8166463708248796,0.015195835158889724,0.01605447205205055,19
8,3,0.278460724845019,0.8824047156899124,1.0,0.8370216447540864,0.8882528650341784,1.0,0.8451267466461627,0.010686946225214787,0.014163843975816442,19
8,3,0.22357940319639627,0.8362825335017432,1.0,0.7891381717947017,0.8602589464892229,0.9785405717870768,0.8261983673365508,0.038000636395564266,0.023413150293165232,19
8,3,0.16448377716344698,0.8559814712166194,1.0,0.8276292849294513,0.848778904223466,1.0,0.8190087856545227,0.014524952201508796,0.017148054405309934,19
8,3,0.2973271533069526,0.9057249720744022,1.0,0.8658336829588911,0.907072921343024,1.0,0.8677519999608438,0.029173031884735644,0.026765681831330004,19
8,3,0.13086682009062614,0.8621620794154491,1.0,0.8414075957853506,0.8865419548191369,1.0,0.8694583893429386,0.007850497257546952,0.009780588519973503,19
8,4,0.2909063479216192,0.9403130478249011,0.9705705013608131,0.9278998986171191,0.9471827865281972,0.9816887935822817,0.933026664182384,0.05462178640768367,0.055925221419848445,0
8,4,0.30331038119922626,0.8040487431127544,0.876396254793525,0.772551573132696,0.8017991074212203,0.8576971151396681,0.7774633837763874,0.030824179953773685,0.017727404244791602,0
8,4,0.14309422338010996,0.754919729862677,0.8440262908329376,0.7400398743546334,0.7718877285108278,0.8868629587682142,0.7526880781752603,0.03719443533233588,0.03847631254235666,0
8,4,0.3410705078882403,0.853388099969469,0.9560232258836341,0.8002628188251544,0.8517905613272027,0.9659306727787357,0.7927101494633614,0.012761482364287625,0.00990018864246796,0
8,4,0.21633517268041286,0.8117814203583328,0.9399615620489797,0.7763965566766338,0.8242609220914681,0.9399615620489797,0.7923210964774305,0.034217065962667215,0.024958159912099733,0
8,4,0.19047165514364478,0.7663321396309898,0.8377544745756965,0.7495273786395067,0.7835542736135045,0.8595719746223778,0.7656682818216496,0.033033910269697125,0.03485439563922663,0
8,4,0.37250488803762244,0.8524207447317084,0.9872821786317999,0.7723618847057855,0.8533814558875604,0.9872821786317999,0.7738929104262053,0.012397183515278994,0.014880248777355165,0
8,4,0.3490939060647175,0.8594262144862778,0.9940917109265238,0.7872024258284565,0.8680654627314721,0.9940917109265238,0.8004750750257664,0.014171524401987134,0.008504179898252627,0
8,4,0.19295717639943127,0.8129576002468479,0.9382326880311399,0.7830053765170056,0.8051926549691572,0.9405599705036202,0.7728274641534235,0.020830435153991904,0.018510363267594674,1
8,4,0.3141769340230334,0.7818034310833458,0.8548961716984343,0.7483194987325482,0.7871561663025971,0.8548961716984343,0.7561243327849377,0.015167738668154844,0.01418076380175521,1
8,4,0.2829991174410213,0.8047460505226913,0.9361820861425493,0.7528684545738373,0.8075925102200655,0.9361820861425493,0.7568384074241258,0.017408956593112646,0.015218439865178814,1
8,4,0.31989188964634313,0.8915890799647819,0.9864578366123236,0.8469671362320416,0.9094750818055454,1.0,0.8668962819052671,0.01477727839497623,0.010975098875028223,1
8,4,0.3557743358680304,0.7343980248713048,0.8427664037116792,0.6745514677444974,0.7323322996515357,0.8242982369290741,0.6815440090274995,0.04095855751966889,0.04505315070622982,1
8,4,0.2800745384931086,0.8073543576634192,1.0,0.732408905314517,0.8467695144599144,1.0,0.7871578465646215,0.014030960657459996,0.01214983700005722,1
8,4,0.34442948060013556,0.8676290364906875,0.9741218994301243,0.8116788673106741,0.8903838504488194,0.9807256905588962,0.8429192495481267,0.012589172283190668,0.009883876662550353,1
8,4,0.23057756736818213,0.7153166175401919,0.9321177183374009,0.6503464941015303,0.7375467662951598,0.9540418111676734,0.6726683605236755,0.030994660642328864,0.022298674094567157,1
8,4,0.2226841358528388,0.8214757531390317,0.9586329248644788,0.7821831982453901,0.8173248143497109,0.9586329248644788,0.7768431055227555,0.009572586399451237,0.00791043032214949,2
8,4,0.10771077943794302,0.792997539429988,1.0,0.7680096813905022,0.7961557449653319,1.0,0.7715491229331833,0.017154106483728327,0.01391601837810043,2
8,4,0.16076286051682037,0.7880573357116292,0.989491114722418,0.7494710184539946,0.794091059112862,0.989491114722418,0.7566605518020406,0.02470519044157668,0.02115609097280363,2
8,4,0.30562677354125406,0.8509437426451517,0.984974373974751,0.7919504695060463,0.8704491330841092,0.9920940233518578,0.8169074152965203,0.014492037580129648,0.011893406080560623,2
8,4,0.19581486311355678,0.8298061319488651,1.0,0.7883648176959935,0.8665658111430284,0.9848867682014707,0.8377552786584728,0.022086395462998946,0.019018044163259445,2
8,4,0.27920286459185967,0.8349147682428226,0.9582955388364773,0.787122868285016,0.864755277783746,0.9521323452221014,0.8309095168476802,0.021145405365230564,0.015190400930821633,2
8,4,0.19263228290432508,0.8078900596521694,0.9512092368993056,0.7736951076959546,0.8068030720057854,0.9229526123671962,0.7790906051281244,0.01774779585459999,0.02275466777961814,2
8,4,0.2624331636262666,0.8587104984004139,0.9626612990640481,0.8217238334172583,0.8552476556539772,0.9626612990640481,0.8170288789051198,0.011162306575778887,0.0067750507138174595,2
8,4,0.21191199706154026,0.8758423506438694,1.0,0.8424571254819291,0.8849889800302555,1.0,0.854063227024247,0.007032912686003791,0.004789612114235947,3
8,4,0.33907895727505116,0.8243589369911788,0.9481875132495917,0.7608299194470506,0.8292973838866368,0.9710026556580511,0.7565969057863724,0.03499190390484185,0.01929369098538472,3
8,4,0.3941434082092841,0.8181123781550643,0.9104311735242223,0.7580538673760895,0.7967109332971352,0.9103956984038529,0.7227526709166011,0.023167140038600313,0.014436810750420602,3
8,4,0.24117255874559523,0.8283298691306358,0.9465465292627799,0.7907579353016518,0.8199820569336325,0.9465465292627799,0.7797569991952772,0.015889129080172475,0.01118175784275178,3
8,4,0.24854857400146105,0.8628289704400697,0.9747375894328931,0.8258142989565753,0.8604512063344529,0.9747375894328931,0.8226500703406576,0.00836227520698238,0.005088213423806435,3
8,4,0.1516009705841002,0.762379497186643,0.9464683408828787,0.7294845427955851,0.7658595870993253,0.9464683408828787,0.7335864922227058,0.018301692363377912,0.01749256127059772,3
8,4,0.25035514161139927,0.8584603778548531,0.9772524446545652,0.8187879858239374,0.8529687961485521,0.9772524446545652,0.8114624080588804,0.010894943384137915,0.00713519786882874,3
8,4,0.16519781726484034,0.774233482306702,0.8989178985204406,0.7495598604218571,0.7777250003879099,0.8989178985204406,0.75374231005294,0.0659934437017362,0.060885677443053746,3
8,4,0.16191979580538526,0.8115512483733034,0.9731056093917521,0.7803384252847122,0.8124772280555633,0.9840617314596412,0.7793265491402249,0.017325538612941664,0.019106832410147052,4
8,4,0.16786933020896436,0.8484426792607884,1.0,0.8178683634178866,0.8484850783766725,1.0,0.8179193158913661,0.006943223422948196,0.0054299924579991185,4
8,4,0.1526138300986286,0.7757230302359985,0.9886254367540773,0.7373794121194541,0.7877945181782483,0.9886254367540773,0.7516249690697815,0.009073831640788711,0.008708691631781904,4
8,4,0.27246067009211655,0.7868739555385463,0.9902980542596848,0.7106924159680825,0.8062045372022205,0.9807471831348309,0.7408389901925883,0.04869646062691224,0.020383710546946675,4
8,4,0.16055577666134246,0.7966344144110221,1.0,0.757737822317548,0.8229335011344355,1.0,0.789066987486874,0.023499811611319657,0.012935623561077067,4
8,4,0.23713181456048138,0.8052589684648076,0.936823150953035,0.7643632358598028,0.8213162659852755,0.936823150953035,0.7854118230560517,0.017273136112671054,0.015583659741912385,4
8,4,0.46078358696985705,0.801735710642239,0.9606596586999813,0.6659283704503074,0.8063842362514073,0.9552826906476095,0.6791441110382409,0.025892038255381358,0.014603713215472006,4
8,4,0.2607676065190041,0.7707733653123104,0.9054620620480875,0.7232613117515038,0.8036332482456149,0.9152126033700227,0.7642731205925054,0.027746797465743475,0.01729603056264779,4
8,4,0.05547651706877752,0.6375807250037131,0.6819778338318633,0.6349730640929802,0.663235711276027,0.7542788252271626,0.6578883006966413,0.05825336942824618,0.059259449800720884,5
8,4,0.06071331471785133,0.6869432131500959,0.9827943685507566,0.6678200800439508,0.6802122149273025,0.9827943685507566,0.6606540056938481,0.04062919076195336,0.039978293377415826,5
8,4,0.15764481638828015,0.8524177260777142,0.9467818401360728,0.8347577012760744,0.8528642142616439,0.9467818401360728,0.8352877486867348,0.012152435928933066,0.008686593318997274,5
8,4,0.2620691780236555,0.8553837290635943,0.9166290992866508,0.8336330129339659,0.8611712684567084,0.9166290992866508,0.8414759424075089,0.01116481010597982,0.009075451978113196,5
8,4,0.45451892674884325,0.8314153660680641,0.9051996624220954,0.7699350309395311,0.8400816086579366,0.8945093230989339,0.7947300326524306,0.010616147631870973,0.005817006047576149,5
8,4,0.41884360771502765,0.7523644119707448,0.9114560546253735,0.637705916510025,0.7590676263446442,0.9026045743565525,0.6556195116137088,0.020129931714730945,0.01642310250035992,5
8,4,0.13876742569501874,0.7988556116101572,0.9283084180565321,0.7779973286846001,0.8115349404907694,0.9283084180565321,0.7927196339699578,0.016943184559346486,0.015361624038603677,5
8,4,0.16691523471952363,0.7562706277731538,0.9228784703340657,0.7228894061902511,0.7611369835823522,0.908171354697791,0.7316774644681016,0.07067623922205951,0.06444940316815335,5
8,4,0.08091620662824313,0.7994412486359226,0.9773319632706454,0.7837797366753838,0.7975003206585728,0.9773319632706454,0.7816679292522226,0.006765573787985866,0.00670464806714053,6
8,4,0.22831975224980472,0.876265282461331,1.0,0.839655455871246,0.8749146795511746,0.9903452644133074,0.8407618259377647,0.010191953609239728,0.00658990859736534,6
8,4,0.12591888166231788,0.7227439577051596,1.0,0.6828028469232664,0.7206628584333097,1.0,0.680421947452737,0.02647394316322136,0.025691659074495287,6
8,4,0.2799953431918934,0.7841946225350132,1.0,0.7002722476522779,0.8020784258621158,1.0,0.7251107027344773,0.024521832062629596,0.011327707308402919,6
8,4,0.12401646267733905,0.7880333637825175,1.0,0.7580244066397263,0.8020584370487314,1.0,0.7740350651380352,0.024359965428517386,0.027082325641196846,6
8,4,0.4122487211611366,0.8862730023113071,0.9930621223704003,0.8113711181924742,0.892196770800865,0.9930621223704003,0.821449817640412,0.0059532860238581215,0.004463118193218172,6
8,4,0.22627172210712662,0.7651791599206882,0.8996816538030641,0.7258447943713888,0.7834077399507787,0.8996816538030641,0.7494042021776189,0.013270932602415443,0.009111000156381235,6
8,4,0.31159166809085576,0.7563310360145296,0.9357921977390273,0.6751022069209283,0.7677666058403712,0.9532509482085484,0.6838115271983778,0.013305894804066501,0.01545488312520437,6
8,4,0.2090879524513037,0.8447359775598946,1.0,0.8036899008918614,0.848726784038954,1.0,0.8087357293015164,0.011732023014368834,0.012747652060240977,7
8,4,0.2504407282623316,0.7287823483702476,0.84827434080929,0.68885800517778,0.7256449326521078,0.8468046037995544,0.6851633891340779,0.04554632568347955,0.052827514068996356,7
8,4,0.285440991930408,0.8548352813665077,0.9436449866771572,0.8193589524830431,0.868106126688174,0.9489636942901472,0.8358063949085144,0.02608649067128376,0.014737583613960829,7
8,4,0.3153810133475788,0.8666109967513832,0.8992770762991865,0.8515628291271494,0.8625606995850073,0.8992770762991865,0.8456466958539827,0.05651449706127551,0.045873512950912576,7
8,4,0.1319469821093633,0.8618684362108409,1.0,0.840871973321609,0.8596621493059156,1.0,0.838330323376901,0.02235002027307723,0.018689893782908033,7
8,4,0.11337386302802296,0.7643673925878346,0.8939155820905778,0.7478019225664195,0.7524201916446626,0.8939155820905778,0.7343270198481506,0.0774039776073068,0.07692183319789248,7
8,4,0.16714857481245718,0.7376663824751014,0.887581788306658,0.7075792076569357,0.7473454791431295,0.887581788306658,0.7192008443322269,0.06649959829927421,0.07947573243318537,7
8,4,0.18348561910351788,0.7745997576978124,0.9782862783665467,0.7288276951079163,0.7739565738599572,0.9782862783665467,0.7280399761737452,0.03108327086214018,0.03646142388085513,7
8,4,0.4411314465451824,0.8856803236863453,0.9578209152235581,0.8287376252598383,0.8837215063295262,0.9719734116380585,0.8140616723516447,0.009267040224912003,0.01001981666309665,8
8,4,0.4554682022333676,0.8525898466936536,0.9375534806272933,0.7815228607771513,0.8491712853806274,0.9375534806272933,0.775244877880565,0.010263325688098911,0.009715734118152634,8
8,4,0.12167061366336972,0.859027369731189,0.9779842673166619,0.8425488606958919,0.8824631619375226,1.0,0.8661813667049162,0.016195360095118367,0.013511630531463849,8
8,4,0.03076251750617743,0.8119583708126724,1.0,0.8059901390694245,0.8080276490714299,1.0,0.8019346606007949,0.0318477139702341,0.027268880841111665,8
8,4,0.1534103586172056,0.7874874216095817,0.9440566455113976,0.7591155403425696,0.8115679668772431,0.8849873914022122,0.798263645993459,0.024532698621574853,0.01690606766973913,8
8,4,0.15285658299762378,0.8030305208826402,0.9822365435098385,0.7706950039895051,0.7938405773897084,0.9822365435098385,0.7598468485196198,0.017332396807658697,0.012981262572631578,8
8,4,0.4334606269324583,0.8146124500170651,0.9495601857563776,0.7113636152185976,0.8171733164331632,0.9495601857563776,0.7158838066436564,0.010117380281353365,0.007422697962575539,8
8,4,0.13337183160742414,0.8075520707515313,1.0,0.7779348326452147,0.8208682504818161,1.0,0.7933003379633531,0.011847696380116743,0.012147924997577032,8
8,4,0.2797720101701686,0.832972162757381,0.9851596579304264,0.7738550469988204,0.8307889429677908,0.9952767371065626,0.766893785511422,0.01333382968203028,0.011278982781839631,9
8,4,0.24364230092592226,0.7172007274955983,0.8874655895133857,0.6623540289036062,0.7300635004941456,0.8676624325985999,0.6857393395000555,0.06874034073460021,0.05611089520506115,9
8,4,0.1410341747057567,0.8062507923006993,0.9276828627489033,0.7863127792457477,0.794397870334673,0.9341108360111914,0.7714583048366723,0.020284586898200625,0.014750243094185735,9
8,4,0.36866381608216325,0.7691550372207887,0.9527475435358741,0.6619476321862997,0.7836538638835896,0.9515469576954483,0.6856140077257873,0.024431260624173223,0.012646950743489314,9
8,4,0.5336791885913957,0.7130465225127783,0.7820941622960779,0.6340251975532668,0.7405775708421124,0.777356105049475,0.6984865086094905,0.04955926593768728,0.035259214231071076,9
8,4,0.23716679329980372,0.831892202927676,0.9886651631168663,0.7831510889887268,0.8271219614562441,0.9886651631168663,0.7768977672539974,0.027043382436833813,0.034424615049499056,9
8,4,0.33773587607839406,0.8782097700311015,0.9916873798197096,0.8203394150278847,0.8851211462509617,0.9916873798197096,0.8307753966403786,0.04407160359516022,0.037647007750255916,9
8,4,0.29218754872346936,0.7530435604513339,0.8942181337397042,0.6947661842384433,0.7578580417110504,0.8942181337397042,0.7015681008351824,0.04365758469811913,0.03819522561239138,9
8,4,0.22631644311864585,0.793806003210655,0.9496770539746934,0.7482108997858414,0.8156175661515437,0.947803712430828,0.7769507259564684,0.015636451036367946,0.016962395796110506,10
8,4,0.4386942857554185,0.8882943727727688,0.9888429797749684,0.809709569138805,0.8892151915608157,0.9888429797749684,0.8113500633733701,0.012854950962594654,0.010446902135303648,10
8,4,0.2580136827517116,0.8084321300895678,0.9326934560896536,0.7652222735199827,0.7955778101980223,0.918283083542814,0.7529090456496983,0.02298521838955897,0.02001833482266125,10
8,4,0.17677366188067753,0.813669180966359,0.8930750368114624,0.7966181425550084,0.8220367556977477,0.8930750368114624,0.8067825096845934,0.013877950756664594,0.009704726465260292,10
8,4,0.2398907660177929,0.7934611591298795,0.9149636032174984,0.7551149411363017,0.8031846176134865,0.9478546781094198,0.7575266909884005,0.02365132556663107,0.02089441609585609,10
8,4,0.13161946867565416,0.7809774736799888,1.0,0.7477804736294753,0.7935146640246045,1.0,0.7622179119325836,0.023073464964429878,0.020409599394447548,10
8,4,0.2114133354123643,0.78232101079491,0.9818395693600043,0.7288317928850804,0.7571333734855918,0.9710884127250144,0.6997738586660728,0.024574004909667067,0.02012142564483819,10
8,4,0.1824036100405805,0.8225353578035921,1.0,0.7829434616202058,0.8241532073741915,1.0,0.7849222491863785,0.0214835608724931,0.026029139186913807,10
8,4,0.38543940723102316,0.7679091270455187,0.855494298537031,0.7129775597124883,0.7669123650062136,0.855494298537031,0.711355649601373,0.031060985423549806,0.018233673467162613,11
8,4,0.40394449406949723,0.7500445476808996,0.7922921339403441,0.7214135230742438,0.7472029697282653,0.7922921339403441,0.7166462188142182,0.018184226741907734,0.011322466197408353,11
8,4,0.368459311013717,0.8747343606290227,0.9615139184704286,0.824104628214404,0.8798371244195226,0.9789020642708909,0.8220397407832587,0.014426536430532193,0.009863267103542652,11
8,4,0.2680807760026383,0.6783900457434278,0.7161475508965096,0.664560567094021,0.668568887238587,0.715479229080272,0.6513869900685881,0.1372246717345968,0.07934253064338859,11
8,4,0.2601075743646767,0.7471296179560973,0.9400190917421661,0.679319742616595,0.7609647494166145,0.951827049748339,0.6938675224997167,0.01785863831727634,0.01667257925704915,11
8,4,0.26592403359728056,0.7555510657086032,0.883965232981051,0.7090321563653822,0.7368498732184098,0.8564981647576758,0.6935064622427535,0.02967627432894765,0.03940637124533869,11
8,4,0.3181246506971104,0.7839825050847156,0.8980815618540452,0.7307503085890928,0.8008649557952685,0.9319101677737744,0.7397266372905577,0.017792507711324543,0.014932033238303943,11
8,4,0.6338846306499335,0.8663233117037162,0.9432026149372302,0.7332160651510491,0.8734252888508183,0.9499021876077548,0.7410147571436925,0.016060451873951012,0.01004043390627677,11
8,4,0.27215415983876917,0.8251333746434886,0.9650878482479657,0.7728019741218257,0.8322339059408235,0.9670161613578906,0.7818364873389934,0.011403573688545998,0.011260995258929494,12
8,4,0.35476930652708494,0.8451186480024275,0.9296148645796946,0.7986598163589238,0.8332346749722436,0.9078052781120439,0.7922332758899726,0.009741994622348867,0.010763058935033532,12
8,4,0.460388436742476,0.8753708523285176,0.9862384632502325,0.7807802809747639,0.8906736049044214,0.9940194132912638,0.8025005218817375,0.013172126862659693,0.0076152744403323175,12
8,4,0.49113195315812086,0.8464581526203193,0.857733013913444,0.8355762654929088,0.8479311207021698,0.8574107538630581,0.8387818908017582,0.013555070404470355,0.009632906563530847,12
8,4,0.51773850133649,0.8823325328277396,0.8973880924446632,0.8661694285897896,0.8959288484767387,0.9059176790750654,0.8852052012471471,0.015357601075462954,0.011477896687698585,12
8,4,0.5540822514301266,0.8234077190625192,0.9067676634594798,0.7198274829793156,0.8266365829977003,0.9032352277602413,0.7314577082329189,0.019930150180529512,0.007724735928595289,12
8,4,0.1335671977013833,0.7952300323457415,0.9584237547253912,0.7700724804584168,0.7991643684017832,0.9584237547253912,0.7746133243018217,0.013446876618594356,0.013183907808557271,12
8,4,0.38100026524505454,0.8850895931897185,0.9929976808748289,0.8186711317239961,0.8910030491704813,1.0,0.8239143820107302,0.004742616593226216,0.0028592838072446242,12
8,4,0.3767160511943782,0.7738799111728057,0.900891899745482,0.6971132065574654,0.8107136099137845,0.9329725809936146,0.7368196537216855,0.02299407609137877,0.01874943502019523,13
8,4,0.34302439646024735,0.8046892184333427,0.9212929516060127,0.7438073150855471,0.8156218297561424,0.9499270024228846,0.7454975351137294,0.02454065163082056,0.01799616158059399,13
8,4,0.38131636954325,0.7806491699384583,0.8243563353178612,0.7537109145765112,0.7599973382834534,0.8230402432223869,0.721141790062423,0.027095738724984275,0.020985645038459837,13
8,4,0.12167427157014186,0.8262565503613131,0.9243107549555577,0.8126731227874422,0.8382493742216397,0.9475375224245142,0.823109710890126,0.05057981433925149,0.06186080159759444,13
8,4,0.22216875444090745,0.8595786278409263,0.9072969426581295,0.8459490409254032,0.8545511263886298,0.8703801157136988,0.8500299569672585,0.06409436833921046,0.06975798167980791,13
8,4,0.22011483766451717,0.8993605863871903,0.9821612720214021,0.87599091562399,0.8992304725025861,0.9821612720214021,0.8758240783883455,0.04828644695893425,0.056863533599730065,13
8,4,0.1507674723087703,0.8650302016746756,0.9775132344073153,0.8450606621554699,0.8830899290984562,1.0,0.8623344406986126,0.06059358093268842,0.05334392488352405,13
8,4,0.17043099137184653,0.7335748042869996,0.8647711038144454,0.7066211510523439,0.7308976728038116,0.8503471752847677,0.7063573429277368,0.05113259134357878,0.055713928631369425,13
8,4,0.1739045047867436,0.7112318454775243,0.8452354498631579,0.6830222370298876,0.7282549285147979,0.8504497974152071,0.7025312218891844,0.04309551163518681,0.03277974534325352,14
8,4,0.179538025081538,0.852518551580337,0.9890517184458761,0.8226416092155151,0.8576211741023568,0.979286362158143,0.8309977250547876,0.010678184832753162,0.009022675988930702,14
8,4,0.3143455200639062,0.757761137654684,0.8831327219577287,0.7002832139741596,0.8152581965858929,0.8765424673978418,0.7871617769695363,0.03224906427352154,0.02804786074445121,14
8,4,0.1086744548508861,0.7666196556312332,0.9355332483635154,0.746024943960522,0.7744983190665925,0.9355332483635154,0.7548642097913261,0.027026434986573405,0.03242013704962697,14
8,4,0.1997246643820543,0.759286860864462,0.9184631883726704,0.7195612349777206,0.7667437872717455,0.8952987329487775,0.7346603376922672,0.041926714943983256,0.048406702926373155,14
8,4,0.4412813623972854,0.8482991784710475,0.8900971373306434,0.8152867479029027,0.8587759870711157,0.9094204487080864,0.8187765033865734,0.05269235059515251,0.054240459556843944,14
8,4,0.20003315806448033,0.7258600917348612,0.9441387248208392,0.671279124093073,0.7371088490351784,0.9246826780647724,0.6902056732732246,0.026073960834497544,0.02337729599998809,14
8,4,0.12994808001620003,0.7803882712582105,0.9195030903327621,0.7596105415327529,0.7761204909814546,0.8971775439154241,0.758039809541798,0.021880748131662603,0.010866654962194466,14
8,4,0.19493526168076608,0.8126310517123633,0.9327410828839628,0.7835480733598368,0.8198186908529056,0.9327410828839628,0.7924760996394976,0.02149462773080733,0.023862869710603224,15
8,4,0.2044780232780587,0.8587509436758519,0.9840539263321564,0.8265435289794236,0.8597815328283378,0.9690075492741308,0.8317064819976819,0.030941378285840704,0.018080172105255185,15
8,4,0.17173942856915847,0.8185844611744244,0.924400086090397,0.7966436425678309,0.8263780481647905,0.9054194090664318,0.809988860241567,0.006696054414207049,0.005961771275546684,15
8,4,0.33482511107119656,0.8799253541866743,0.973574884492151,0.8327855494402975,0.8857032459626861,0.973574884492151,0.8414718240910385,0.06471088117284271,0.028177878847312755,15
8,4,0.48457842561486764,0.8244286495064654,0.9501173619312846,0.7062612280960674,0.8477193170960015,0.946871785295886,0.7545001944904999,0.028250090627773464,0.014255949408711565,15
8,4,0.17754971342689713,0.7970817765878642,0.9004749285428236,0.7747613703583321,0.803926889596561,0.9004749285428236,0.7830841992520008,0.008208925941990793,0.005217598648959487,15
8,4,0.30687270720189846,0.8723573375693376,0.9771574430446774,0.825958512394768,0.8941488750207146,0.9952439817799328,0.8493903877725395,0.016088676030263767,0.01402709821206614,15
8,4,0.20968814683590375,0.8188014936680841,0.847628935410298,0.8111529017701592,0.8321805766360001,0.8839934468400087,0.8184334150670188,0.012581107255207835,0.011167157727235963,15
8,4,0.1964185236383533,0.8417036746043774,0.9798942225602028,0.8079259131592612,0.8494094874702683,0.9798942225602028,0.8175152492658875,0.018522516329810584,0.010219306528335022,16
8,4,0.5031055311274959,0.8642384898662488,0.9540337835992295,0.7733207763952373,0.9207130622369508,0.972963276327351,0.8678097329422529,0.016457521431469595,0.006812698385090026,16
8,4,0.2586139357487871,0.759214561980638,0.8334382390152159,0.7333234936570835,0.7956668318357153,0.8594153230937692,0.7734297693695582,0.039610765304694054,0.03402591806197297,16
8,4,0.16591159891631463,0.8720698301287662,1.0,0.8466227683959862,0.8840160167225305,1.0,0.8609452150074527,0.011592194375446691,0.013122148849981956,16
8,4,0.4998458480437805,0.8423856372027091,0.9431359870070921,0.7416973917053741,0.8922768795466709,0.9624565280128943,0.822140491063617,0.018136868647110557,0.009788964435917175,16
8,4,0.4073676786833579,0.9112638776335152,0.9806325704741194,0.8635807487198,0.9292582661870386,0.9879951982184408,0.8888832700993209,0.006940492293695538,0.006588423816904419,16
8,4,0.18505447340739883,0.7466735807751258,0.8302775713009676,0.7276891309724447,0.756672288535236,0.8302775713009676,0.7399583041059129,0.038009741248767576,0.03413609170330982,16
8,4,0.3582447332044138,0.8528256076607144,1.0,0.7706689762373792,0.8641889488680329,1.0,0.7883756345154763,0.009623268038607809,0.007037520844883207,16
8,4,0.06626215444852837,0.7512834214327947,0.9647859020248686,0.7361323440597014,0.7649578839226797,0.9647859020248686,0.7507772066997165,0.017648158531297857,0.01910744217207945,17
8,4,0.1808531855474556,0.7763710218618456,0.9714208174946161,0.7333074632198674,0.8132524896395104,0.9714208174946161,0.778331709334178,0.03256756838752856,0.03398854808477863,17
8,4,0.3974846393642232,0.7733161744191296,0.9005802158487781,0.6893589761191234,0.7931288600751906,0.8949522602826891,0.7259550747170727,0.026605405679738944,0.018171200292146174,17
8,4,0.46411978089162237,0.8410066224972036,0.9816611750724205,0.7191873095335051,0.8604301725066961,0.9721809820584583,0.7636440636073569,0.03701387800652828,0.013952702146269218,17
8,4,0.2737503411140867,0.8127762188289693,0.9817153413063314,0.7490968189974614,0.8301931905300631,0.9817153413063314,0.7730788911237488,0.00999630780298437,0.010198840221437903,17
8,4,0.4246324536661242,0.828990596759685,0.9310645546502108,0.7536580280900664,0.8178381961399183,0.9358501541639233,0.7307430730017112,0.041919194896320205,0.018958504637888417,17
8,4,0.3860266510630245,0.8557131171595156,0.9510867393373855,0.7957483645642811,0.8475833535120347,0.9569959646240017,0.7787917945221521,0.022874674104102523,0.015900165651013588,17
8,4,0.35881891165522084,0.7777339345796559,0.9056179704280305,0.7061672408712534,0.7723686042411028,0.8905904674575309,0.70620907292573,0.037163714673344034,0.02341469727410505,17
8,4,0.40018356744046607,0.7465718261928196,0.8505711290256948,0.677185911169809,0.7714286666404057,0.8707314540935487,0.7051761574015283,0.05538841827122163,0.05508938831528667,18
8,4,0.21079902186697014,0.8151512164900626,0.9356931731573945,0.7829539343484265,0.813625456613016,0.9356931731573945,0.7810206373565045,0.025645923715724064,0.031183709132145583,18
8,4,0.22980310909150573,0.8443146207731772,0.956457159744269,0.8108547296451124,0.8597602657150585,0.957563902642047,0.8305786627878285,0.020257675630652387,0.019684857863869483,18
8,4,0.40772911651350374,0.7374495745010247,0.8809549719073593,0.6386580746471606,0.7401464203808685,0.8787199249496008,0.6447501174976501,0.01975919425224664,0.01257823852629773,18
8,4,0.2625673198996979,0.7220980974321132,0.8339414206438016,0.6822756127269679,0.725556056925593,0.841660818237793,0.6842162616764973,0.04276127082109327,0.04004644616197746,18
8,4,0.45345401857114237,0.7660540437009817,0.8217824573476821,0.7198177269493224,0.7868656404119362,0.8137596532138155,0.7645524250651992,0.0680589667737259,0.03553665634850858,18
8,4,0.33073899827376824,0.8384376088036586,0.9309750912950455,0.7927069384328524,0.8384294214114896,0.9309750912950455,0.7926947049512248,0.010345017350312465,0.00887916244495946,18
8,4,0.25400772815283434,0.7494592337022916,0.7853840655953319,0.7372269555972806,0.7801860955503559,0.8091807350040762,0.770313523441782,0.0459026411890559,0.03041517856716099,18
8,4,0.3513661465198709,0.8407570377128964,0.9735733043387917,0.768810222804744,0.8301062027905793,0.960136319633504,0.7596686503231972,0.0099741641340285,0.0057571441911903765,19
8,4,0.34266198775749335,0.7613747738692191,0.9145711361244129,0.6815154487885099,0.7692553276725634,0.9145711361244129,0.6935040355681789,0.01471775400431618,0.01417182767956599,19
8,4,0.4749360714822541,0.799556719440624,0.8829400380187103,0.724134006887459,0.8105825690323956,0.9008382517214306,0.7289435970194278,0.01797882175022851,0.013915049546613076,19
8,4,0.4423169346947011,0.8597135409262406,0.9584570136173899,0.7813968179001454,0.8682915728601605,0.9634048922214056,0.7928540448343221,0.013538345884050859,0.011654989439339585,19
8,4,0.40636814963062484,0.8296773458800355,0.95291598450433,0.7453148617754672,0.8502164110830555,0.9698531780138077,0.7683195728740048,0.009547529416635225,0.008386471101408156,19
8,4,0.4133099498105791,0.8292137962933777,0.946296898622546,0.7467313830809643,0.8422084130849706,0.9586542493344055,0.7601749394980812,0.01616529515296282,0.009129382924143236,19
8,4,0.35973083599909944,0.8258767817518814,0.9691045793097353,0.7454052265830554,0.8423843832319623,0.9691045793097353,0.771187510672654,0.010207526064614194,0.01334979707124201,19
8,4,0.23084063933156218,0.803142623539717,0.8757257960384394,0.7813589116054863,0.8110429318147598,0.8904932881669779,0.7871982359125639,0.03591351140821722,0.030267499014820738,19
8,5,0.2319802625462958,0.8157305726393397,1.0,0.7600720158942949,0.8298819422023475,1.0,0.7784978048068627,0.007467465576634131,0.007614188229881921,0
8,5,0.3950779785313409,0.8055360761934774,0.9180281011510075,0.7320669012521898,0.8145380973091303,0.9459028120389292,0.728743062405637,0.020549544490120888,0.015478356513484191,0
8,5,0.3607291512223175,0.7269262636005405,0.7746100800323094,0.7000191354851856,0.7438013479187812,0.8123716322086318,0.7051083580878729,0.05810737130331669,0.02876582729894799,0
8,5,0.44493221613092376,0.798872955318321,0.9479370615927291,0.6793858853105044,0.8140925148604725,0.940986597106271,0.7123765319331695,0.013690428402805235,0.011556960061503353,0
8,5,0.39200467047453397,0.8035901087504845,0.9050572526223555,0.7381692208490442,0.8195523365474754,0.9126802785366946,0.7595081446949679,0.025620234838095512,0.026161290647674404,0
8,5,0.06087838660603926,0.7593603666290473,1.0,0.7437609464643377,0.7741133757507025,1.0,0.7594703167005716,0.020183934039137447,0.023686313507270018,0
8,5,0.24910658174704128,0.7570004382520614,0.9243309773928728,0.701489046603114,0.7724469810510696,0.9243309773928728,0.7220599324619169,0.026186503066155782,0.028532120721057538,0
8,5,0.4480538296876958,0.8635575261844419,0.8967078164701241,0.8366470857888608,0.8787736261305832,0.9285064267659735,0.838401986676734,0.013151070606723152,0.01182162801475204,0
8,5,0.408332110342408,0.8069081223741355,0.9128307480581526,0.7338069620194745,0.8195756866281716,0.9198912732315405,0.7503441533744479,0.023331420334302036,0.01787635894822162,1
8,5,0.5844375009975901,0.8437234100755642,0.9257778254431149,0.7283239753855936,0.8552758444864247,0.9257778254431149,0.756123486743315,0.014430652023111942,0.011693235744878034,1
8,5,0.3670171028831102,0.8777769543940281,0.9591959709247316,0.8305684568140809,0.8789993872773246,0.9591959709247316,0.8324996825847364,0.019298516358838797,0.01601863744421312,1
8,5,0.5344352956305053,0.8624454725612855,0.9289303785720212,0.7861255108774761,0.870736145283584,0.9346603428156449,0.7973556955086026,0.02583142206892338,0.017291091922267007,1
8,5,0.4798474711607312,0.8562962244630963,0.9397412003513625,0.7793171492091417,0.8687356018593396,0.9464504581362452,0.7970426364530021,0.019211391896605395,0.01472428812940112,1
8,5,0.4062508916217596,0.8269422520576587,0.9725695949007879,0.7273021228520397,0.8319386115837727,0.9769932964760194,0.7326903024244619,0.027889928339182007,0.026549708213670253,1
8,5,0.24186112186139416,0.8020654619936035,0.9348108422935997,0.7597170908348765,0.8109222116855942,0.9487319601489779,0.7669582080869065,0.016360816441123093,0.020265791335803904,1
8,5,0.5268233423732249,0.8945586915853676,0.9676211092096911,0.8132127789451142,0.8964066930716756,0.9676211092096911,0.8171183001844267,0.007267777973379673,0.004242364457210912,1
8,5,0.1913169832523218,0.6792894682864461,0.9388529152325006,0.6178823475681094,0.6730173049646514,0.9388529152325006,0.6101263255027274,0.03568501641099357,0.036383228769527334,2
8,5,0.5325107825253221,0.8296901501480785,0.9047370996496686,0.7442051628769125,0.8424541993830976,0.9272574986450305,0.7458558831809766,0.014070701853961868,0.015708740789187277,2
8,5,0.4711868093146868,0.8708473097632164,0.9400718898071586,0.80916634270038,0.876505577003795,0.9421899213209276,0.817979055415693,0.016464850055258575,0.006942251894428413,2
8,5,0.276244313061399,0.7223270477314371,0.9289525822559754,0.6434618590002599,0.7111518366300714,0.9289525822559754,0.6280212741412512,0.03735077137911387,0.0391364199859937,2
8,5,0.49545021339993506,0.8703345742650733,0.9759906206498041,0.7665840384040761,0.8981380015337804,0.9748753559424087,0.8227846080189438,0.026766484535544813,0.01983412757292735,2
8,5,0.42254590989782936,0.8429125453802466,0.9420601245761013,0.7703623551857899,0.8362008165677446,0.9374413884247501,0.7621191011774768,0.019393467401936194,0.011419435343731231,2
8,5,0.3770398359640307,0.8574840615445041,0.9383701350840438,0.8085286488877138,0.8760858873217093,0.9423319364799227,0.8359911895386972,0.023046386563085136,0.01390245787208404,2
8,5,0.250361892623253,0.7684412921438322,0.8539148479767664,0.7398950896535977,0.7852575894968117,0.8694307589393849,0.7571456861632351,0.01685634182924583,0.01800600369969709,2
8,5,0.4799283011906577,0.7127565872923485,0.777716544287584,0.6528107723642984,0.7414006967685292,0.7761866758236883,0.7092997847761683,0.0470332175851904,0.026557620875015592,3
8,5,0.20879672240678437,0.7828323634246807,0.9531097332235301,0.7378965577715512,0.7987841513996007,0.9531097332235301,0.7580579858478405,0.026259352615546155,0.027679210642458738,3
8,5,0.47044383202333817,0.8271414611055051,0.9123746192276215,0.7514225554498035,0.8246482680202115,0.8997990199488474,0.7578863079965471,0.01184973365558722,0.008159310590565134,3
8,5,0.5938961887315024,0.8200585198407978,0.8716277235679223,0.7446424496153241,0.8366388632688622,0.8695960638630371,0.7884414435918543,0.021139025975450122,0.010937750490601325,3
8,5,0.20511861075710025,0.7997989884765102,0.9304368894263406,0.7660879655268151,0.8103373620613407,0.9162930684299597,0.7829955629121381,0.024598660518252345,0.023142772407538672,3
8,5,0.4140977900678811,0.7844324975418073,0.900629372870207,0.7023080944065843,0.7776182235065048,0.8931095023277461,0.6959925144354803,0.03396144230005625,0.02490071651084579,3
8,5,0.41003621526482625,0.7411434215925189,0.7766512655565666,0.716464784822013,0.7457130600250417,0.7766512655565666,0.7242104101481067,0.0545602805203689,0.05311425581043138,3
8,5,0.3985379113710256,0.8007534200610915,0.9612824699628326,0.6943844344313408,0.7978591982856019,0.9717080817053687,0.6826642887440311,0.012331962670580083,0.010094936301922531,3
8,5,0.2773578933802801,0.8605907404975552,0.9642348878858398,0.8208109904421973,0.8589817411279784,0.9572034497574926,0.8212831819931872,0.017834195513532013,0.014527189824449845,4
8,5,0.48816313875803546,0.8804038277435103,0.971204703323617,0.7938027175428748,0.889571241251314,0.9757286689569075,0.807398807960703,0.007742162853419559,0.0049222143482293085,4
8,5,0.48018719368460194,0.8098852578855577,0.9085220044976169,0.7187676440553867,0.8036570337521614,0.906207067998808,0.7089244443298093,0.025583617960875042,0.02074679521301414,4
8,5,0.7000426155900727,0.8154334717240304,0.8384668887191691,0.7616779240452387,0.830894124987231,0.8450553286148277,0.7978446101474219,0.01869223677748679,0.014346834259937713,4
8,5,0.3375426756094071,0.8417002194071274,0.9156912257430654,0.8039994931412654,0.8480383404530563,0.9211367493826091,0.8107924204150074,0.019606484050510332,0.015159273628395906,4
8,5,0.2689591750437236,0.8219318996103897,0.9405109886432402,0.778305151452215,0.8447280700975098,0.9567189004378862,0.8035252257247474,0.011180719811179036,0.010848859759566804,4
8,5,0.3189570503959109,0.8325914959399058,0.9411052385818921,0.78177058471745,0.8612818402916541,0.9411052385818921,0.8238976552178154,0.009971484646621037,0.008503542595950802,4
8,5,0.31425055742691355,0.8113135776609465,0.9490798247036276,0.7481810145992386,0.8242907239448405,0.9490798247036276,0.7671050493533915,0.011841869309586073,0.011305584588152595,4
8,5,0.5287703319885743,0.8182807834169737,0.9149369259792295,0.7098222035337144,0.8482408228121785,0.9423557750235528,0.7426337316120322,0.015522029829948276,0.00850293736001544,5
8,5,0.22443969016551968,0.806869838915032,0.9275121286690504,0.771957121245107,0.8033006052416741,0.9092008149706238,0.7726541036625751,0.018965866472326114,0.020101840796262503,5
8,5,0.3616929709274531,0.7827526641890071,0.8239665014546729,0.7593990826600702,0.7791227977066946,0.813930734176683,0.7593990826600702,0.017652813799863776,0.017541961439044046,5
8,5,0.4916059937130614,0.8013350454085396,0.8601730314676546,0.7444399871525987,0.8176655320034398,0.8923339923845869,0.7454627479210869,0.025437960904937856,0.02368793028625271,5
8,5,0.42548423604797775,0.7958912313657187,0.9545124844766026,0.6784169218070107,0.7984667738204252,0.9545124844766026,0.6828999014157682,0.010623825307852323,0.005900221552821715,5
8,5,0.1831933508653561,0.7586884458004489,0.8880637385248625,0.7296721621812091,0.7784274386173917,0.9113772118586205,0.7486094707021536,0.023365483032297817,0.01953549249305074,5
8,5,0.20775290726261492,0.7330235927809129,0.8026208586245531,0.7147729302677995,0.7344284437197456,0.7888970470083676,0.7201450076661704,0.026814587293279575,0.02332304321488582,5
8,5,0.6308737369396631,0.8352831872375528,0.8741829313104938,0.7687996303488324,0.8568502984722666,0.9045166476205639,0.7753837358816186,0.03353774049083132,0.011225631426319481,5
8,5,0.5151377853578201,0.8418944405576343,0.8910785816976889,0.7896391631272985,0.8820599689152623,0.9338987475149749,0.8269842942244273,0.02025453523287868,0.013837961406541586,6
8,5,0.5486642323830071,0.8065682093830082,0.8692733176041494,0.7303410354315715,0.8096975922334806,0.8719524299837123,0.7340177874914257,0.018984515894725443,0.011710504725851764,6
8,5,0.5320092528860906,0.8330034943064322,0.8967564879125414,0.7605294492386508,0.8399707386499643,0.9106679751110504,0.7596025173064361,0.03886547990629856,0.02877012149071566,6
8,5,0.5933945412180861,0.8168098921677124,0.8746630621979584,0.7323797534505567,0.8174937168904102,0.8726134719149057,0.7370526872918458,0.023588175404940206,0.010418265273163717,6
8,5,0.586468967623579,0.6762689922134426,0.6992561179107764,0.6436686918227394,0.7009309084642233,0.7311919786750167,0.6580147130248584,0.0895202850414098,0.050987381872245996,6
8,5,0.41644712089617436,0.6821066313831696,0.7003590551519994,0.6690809577894086,0.6823943926308218,0.6641809220731985,0.6953922676252832,0.06076390524900127,0.07607601363963894,6
8,5,0.24636145221478817,0.8207817149905099,0.9430485362150443,0.7808131760628182,0.8252638903662226,0.9430485362150443,0.7867605567917964,0.012872897566822162,0.015450267176083459,6
8,5,0.5946028245910372,0.8652079927900908,0.9403612490593204,0.7549794535561438,0.8875976024079708,0.939965000908251,0.8107894622591415,0.022457431744498796,0.006994017615841895,6
8,5,0.3388611561103603,0.8063212250425986,0.9151463575625334,0.7505438182839603,0.8216172527415643,0.9215762788430006,0.7703840942886139,0.02493359148183235,0.013473828832417498,7
8,5,0.1668137261339241,0.8282041975848213,0.9843841969563984,0.796935118316535,0.8408060356178462,1.0,0.808933524980583,0.015081523358641104,0.016411514207101706,7
8,5,0.08640211063691938,0.7636955130522965,0.9673196827108057,0.744438071414104,0.7726022608181105,0.9673196827108057,0.7541871611060946,0.024311210053869332,0.01887315805502065,7
8,5,0.05221792695803759,0.7858642929266877,1.0,0.7740665146935823,0.7879062702289419,1.0,0.7762209944630722,0.0259102114453397,0.02346849260704311,7
8,5,0.15433173609675607,0.7449686092354545,0.8355232743827249,0.7284426743264937,0.7507705732105611,0.8355232743827249,0.7353034780514996,0.044795026997150475,0.04341184620735561,7
8,5,0.1884275977391794,0.8669778445393167,0.9700307735025882,0.8430514323172622,0.8735991064905645,0.9700307735025882,0.8512099920869174,0.012125261125834992,0.010341074947858683,7
8,5,0.3936041799000284,0.8240012894564099,0.9099316454948254,0.7682249364607021,0.8332552799822491,0.9099316454948254,0.7834855801180305,0.016907188187113904,0.012009928128623396,7
8,5,0.18289573555666988,0.7585854811376314,0.9472592947641744,0.7163538622058446,0.743774357026265,0.9637028064226948,0.6945468872007327,0.02405770576438007,0.021055062660792934,7
8,5,0.24722768541070447,0.7170608302372735,0.8483995108571786,0.6739261965834437,0.7293648360696309,0.877448990212737,0.6807306050209285,0.025009886341261642,0.02149186814448588,8
8,5,0.6119822081954692,0.8732333739845141,0.9309560427621746,0.7821930994208057,0.8924830689404541,0.9364169352205056,0.8231905131130781,0.011464728452362991,0.010410035694884983,8
8,5,0.1500965384057212,0.8478361343812187,0.9288502361151079,0.8335287020882668,0.8535251597560485,0.9288502361151079,0.8402224333552957,0.007752735302108004,0.008437666129817296,8
8,5,0.3781072370099505,0.7118631783623914,0.7902203386972513,0.6642224737950776,0.7237770201375499,0.7799334158762186,0.689634253254242,0.04097594650234265,0.036252777270436354,8
8,5,0.5705480412644681,0.8577856822953397,0.9406725806169528,0.7476663627255196,0.849490686895328,0.9252829959910595,0.7487968779188715,0.016904288117992355,0.013007457296974315,8
8,5,0.23598090259983093,0.6890399820555624,0.807035284886993,0.6525950317140694,0.7163171509933861,0.8226625247625021,0.6834704886851424,0.07292819828514413,0.045015370493558256,8
8,5,0.4110657550639355,0.7928816080327147,0.9188726215474162,0.704942094331463,0.8079632476094327,0.929469012761853,0.7231543584567509,0.014788134767945944,0.015152517901157547,8
8,5,0.5343385700201759,0.6533686200434051,0.7897588913981242,0.4968631036567422,0.6635217500434205,0.8004952924232832,0.5063469400768211,0.11313786981117252,0.1460786087199979,8
8,5,0.17454758244769594,0.8143387731003701,1.0,0.7750794316525631,0.8182423759387876,1.0,0.7798084781189758,0.022605079675661294,0.022915109509954415,9
8,5,0.06202636042539522,0.8148526220189826,0.9384036779634548,0.8066824325769579,0.8329828128927727,0.9384036779634548,0.8260115374780431,0.01515032218393106,0.013569021823666861,9
8,5,0.278487211811872,0.8262985297399407,0.9186649275565302,0.790647241205411,0.8097447576870489,0.9273129582508728,0.7643661574615723,0.018069104844467145,0.01738517271263873,9
8,5,0.4351201682174066,0.8401982647260368,0.9518547313497947,0.7541906259215602,0.8398885097818917,0.9518547313497947,0.7536422704542254,0.013917335861126302,0.00988140388686791,9
8,5,0.5106729097737663,0.8512005629144368,0.9314056974547857,0.767496655543235,0.8655515376064382,0.9368614018218988,0.7911309371903751,0.014678524330825924,0.015761181729274088,9
8,5,0.5981408672904928,0.8609870959884685,0.9351936428767569,0.7505355354749021,0.8530587499141034,0.934050723873925,0.7325075278446629,0.02060774261908857,0.011614579570032008,9
8,5,0.5491623744189568,0.8288566031499172,0.9289913293934173,0.7068831455113693,0.8343106084839573,0.922476411217947,0.7269164185923074,0.018243834704940672,0.018028143849437406,9
8,5,0.5080494245001663,0.7924574057644926,0.9159217637220541,0.6649527353148433,0.8337035512629283,0.9377095172979465,0.7262940393724547,0.016641059487633784,0.01749424431331665,9
8,5,0.24084882362817067,0.7277250232634863,0.9020888934408912,0.6724062220515999,0.7376447836800711,0.92159953367272,0.6792831733506378,0.10552057957327515,0.09450669142753555,10
8,5,0.5036938240194352,0.8181126974804718,0.9100494685678426,0.7248074233611129,0.8288192793704908,0.9100494685678426,0.7463799574301597,0.031796092858128504,0.013996070997907603,10
8,5,0.4594079235504895,0.8319691369827467,0.9079065216846145,0.7674357526703738,0.8656174195404656,0.9432292505427744,0.7996610511861609,0.008984612092223159,0.009466852564780331,10
8,5,0.6275040402532378,0.825242517697261,0.9117601460821778,0.6794955372425683,0.8568394762232215,0.9385343083607878,0.7192169439708341,0.011095342696992617,0.006464837989335204,10
8,5,0.8058424302993187,0.7937895943655293,0.8524359869074949,0.550380328545184,0.8146219364422842,0.8674196431382167,0.595487383286968,0.02010435704246037,0.00836761768020953,10
8,5,0.1735608095992634,0.8332554047018033,0.966868634475409,0.8051952393538426,0.8478220379646464,0.966868634475409,0.8228210168242694,0.014617559353331023,0.011540880152612443,10
8,5,0.7082862196264406,0.7715845761948149,0.7831933829230681,0.743398188080414,0.7641483711974074,0.7853460127398861,0.7126801225123708,0.07117780235744411,0.03400995024619888,10
8,5,0.6307026295954052,0.8302665979979058,0.8772363056623869,0.7500496224400774,0.8398680443120956,0.8819530614551049,0.7679933625357717,0.024939411819869042,0.012190614843900213,10
8,5,0.5694723019824133,0.8475944572810292,0.9347910028406763,0.7322568895625912,0.8854895213517996,0.9433261531367271,0.8089872196575504,0.022692883265269317,0.01521279115093914,11
8,5,0.44506240928751534,0.8247171237939379,0.9372049101168288,0.7345014202010214,0.8415663835280706,0.9328633316271104,0.7683458261868618,0.009487190607424343,0.008497970912899186,11
8,5,0.42125740285563984,0.7794149007358452,0.9028598498871573,0.6895613130930525,0.8020182317564617,0.9117330175086658,0.7221586086202234,0.02228260172864613,0.020096018364350245,11
8,5,0.2853867473624743,0.8047578793102844,0.9164791571190521,0.7601410575995963,0.8004345465983784,0.9164791571190521,0.7540911660030587,0.021311134889648663,0.01807835922994737,11
8,5,0.37618190123746786,0.8639759652987117,0.9945752302050522,0.785220507786113,0.8791486975678587,0.995572858679982,0.8089412727367822,0.01803049354183826,0.01477304778161306,11
8,5,0.2157214399964322,0.7639428816694954,0.8569784520945436,0.7383527811025621,0.7697842025889319,0.8707741702141929,0.7420061880513225,0.027147464099783386,0.027457274634183952,11
8,5,0.21722267315898955,0.6725935220508884,0.7418166710526698,0.6533839244360304,0.6707229555811292,0.7431426109493848,0.6506263194255696,0.08277468148652295,0.08660240476620756,11
8,5,0.09018924874273072,0.7808825849905496,0.9445870084434888,0.764654617859276,0.7785798253895017,0.9445870084434888,0.7621235864355808,0.02177792249168015,0.015044652357628105,11
8,5,0.2854956865935878,0.8126295754459824,0.9716374953490154,0.7490945142647448,0.8338127695125852,0.9716374953490154,0.7787419127046665,0.022611821633201384,0.014740194351044397,12
8,5,0.21838851271005996,0.8699146673426309,0.9811280706563205,0.8388407512883607,0.8959022125105881,0.9917308197257274,0.8691269317667576,0.01653753525802875,0.009857731877448903,12
8,5,0.5219154720049465,0.8522215217875763,0.923869898363262,0.7740043988957138,0.8651135424656592,0.9345197702691966,0.7893441292698804,0.028915186443188953,0.015685289831899606,12
8,5,0.7017379166105726,0.8815282889526441,0.9322451990711249,0.762203772611088,0.8932689021764239,0.9445891292732871,0.7725249281731533,0.028462579648286707,0.013694188651507703,12
8,5,0.24829177204920705,0.8548107408410219,0.9538827113684029,0.8220869336403105,0.8494153978268059,0.9469189493602258,0.8172096447285322,0.011542152980645768,0.008419890670471306,12
8,5,0.2667197458990493,0.8106950310410092,0.9089282879847232,0.7749641502702086,0.8237232586129565,0.9181375594586431,0.7893814661127986,0.027810511558694552,0.0157966117086792,12
8,5,0.5109012552173559,0.7870463372887411,0.9414007320946358,0.6258113006098138,0.8069160996608574,0.9414189208604757,0.6664175583863365,0.018641859806062464,0.01179397359360597,12
8,5,0.2586622356717386,0.7894421535385091,0.8904518324206823,0.7541985835743891,0.8005750991496885,0.8904518324206823,0.7692159564196362,0.016465920649446034,0.010436588787038462,12
8,5,0.6294788406787599,0.868070140922588,0.9304618163663353,0.7620728488967237,0.8854376587319388,0.9417272504582221,0.7898072040311827,0.011522419361793736,0.011578597233483515,13
8,5,0.17515432762563526,0.9017765668678928,0.9867645548094348,0.8837295377293315,0.9083077827565254,0.9867645548094348,0.891647644239889,0.014118242438294846,0.01001999641584981,13
8,5,0.24954050609087322,0.9010648635669813,0.9905304805968663,0.8713160289762193,0.9148400746571206,0.9905304805968663,0.8896717313185061,0.018474444670844054,0.012967548890604736,13
8,5,0.5818501696285808,0.8315374808278276,0.8855615191966172,0.7563637186838131,0.8293761409943706,0.8752895687470672,0.7654881903466163,0.017339052497332152,0.013967012753332314,13
8,5,0.44075708231814037,0.8793397425608049,0.9572527724378029,0.817934012354156,0.9092310493383245,0.9761190140565958,0.8565145226925727,0.028453027457201394,0.02411620200548048,13
8,5,0.5198982846819988,0.799112809463156,0.8588321725122039,0.7344431917115581,0.7957151513332181,0.8630699931377511,0.7227771350713733,0.02405792775944785,0.02408078369334831,13
8,5,0.43451699047164405,0.7632986872472628,0.8017053498971586,0.733787018129898,0.7840592254035309,0.8017053498971586,0.7704999481498179,0.08429377633582258,0.07883178727923469,13
8,5,0.6700477452101392,0.8175142399385108,0.8848460209332368,0.6807807962915436,0.8716754946136591,0.9191635719391262,0.7752394840261302,0.014483550591942652,0.011388893111968924,13
8,5,0.37382553747913627,0.8082573022184144,0.9395824081813163,0.7298563432852633,0.8355808642480292,0.9355517389507824,0.7758983505000804,0.027206475384723015,0.018526415352860617,14
8,5,0.07541966485122573,0.8088773320833482,0.9394035590514854,0.7982300752490915,0.803566254512787,0.8786321381481974,0.7974429966731823,0.04919151764903454,0.0512079589591739,14
8,5,0.3029349810812731,0.8445880849030561,0.9554115413259283,0.7964257173137304,0.8577506708719271,0.965612554910956,0.8108753623799896,0.017322084307267536,0.016702650519294933,14
8,5,0.5982984570477253,0.85090149885569,0.8684356220471402,0.8247859933636547,0.866287408969211,0.8941517340181486,0.8247859933636547,0.01437958580661718,0.006644620327127169,14
8,5,0.31842905508625297,0.8685905204451848,0.9693568076346384,0.8215126427073826,0.8766485018775685,0.9628544980799055,0.8363731730679557,0.03727526248510478,0.023863141460089252,14
8,5,0.2986369005947303,0.8478421605722888,0.9536082537763867,0.8028074869641837,0.8581737123995274,0.9536082537763867,0.8175381618970387,0.01054095592957522,0.01164858292895424,14
8,5,0.035472902782922505,0.7617117808354651,1.0,0.752948134010894,0.7606287224981935,1.0,0.751825243487241,0.031802425314671146,0.03702985331037104,14
8,5,0.19193169114746275,0.8301217074711392,1.0,0.7897723612375184,0.8252455565341701,1.0,0.7837380311152377,0.012256844042617232,0.010681818165391169,14
8,5,0.08620212117728833,0.8082624643247235,1.0,0.7901751140828859,0.8123649697348684,1.0,0.7946646248436576,0.020044090689194563,0.016011494699255998,15
8,5,0.4146233806516626,0.7864423660009069,0.9141945088819966,0.6959552785155568,0.798041730870714,0.929798477761273,0.7047181746954698,0.02248145618026918,0.014119146679189561,15
8,5,0.3758162990009853,0.8306107443464466,0.9787043520149525,0.741444700038331,0.8374905238744874,0.9730279310715095,0.7558844731758733,0.01277883747083634,0.011513452724720343,15
8,5,0.528619768794031,0.8435958343558931,0.9268401021523104,0.7502432440629353,0.8308114943040232,0.9301427737033828,0.7194184521822347,0.018289105529199497,0.008229439972678465,15
8,5,0.1674942778970124,0.8181076356023177,0.9820078401502615,0.785132070775468,0.8247165384019731,0.9820078401502615,0.7930706381921107,0.014517916716763052,0.008996400804615516,15
8,5,0.38490840601070225,0.7939382672515604,0.9539711775694867,0.6937938123091334,0.8033903565488592,0.9556491353004795,0.7081107520100884,0.013800470696372658,0.012173874316101426,15
8,5,0.5846732062883361,0.7464505381921493,0.8713809902417252,0.5705806230583172,0.7584983708927712,0.8815431117932145,0.5852830516106637,0.040552262315978,0.025214878523482885,15
8,5,0.2046363936918888,0.8472457423670879,0.9733202577716072,0.8148084596397727,0.8558673967170607,0.959054180748898,0.8293188204514791,0.008706380381340209,0.008622128670043437,15
8,5,0.5172879708549788,0.8874992275367379,0.9436837634293884,0.8272902772505489,0.8980768079564928,0.9536812255762578,0.8384895289486609,0.02064679389088373,0.0209209066215248,16
8,5,0.3277933093635259,0.8055834259872728,0.9554323100747499,0.7325114641879086,0.8283169538014407,0.9554323100747499,0.7663307167047836,0.037611568985095795,0.029519250502532977,16
8,5,0.5938677696247938,0.8250476212388861,0.8901693535518799,0.7298232213258532,0.841737215138258,0.8967617703190321,0.7612774352542195,0.027236377289220015,0.014248426771109244,16
8,5,0.2061589304716436,0.8085709995313145,0.904171531414867,0.7837437335177997,0.8273906311816375,0.8967392084973478,0.8093809450140633,0.04212958368648313,0.03845008279733531,16
8,5,0.24726419369159788,0.6952578190261793,0.8064530691739679,0.6587315854662689,0.6997815318173448,0.8410686521320008,0.6533704994327663,0.05114416864489192,0.03608292340626645,16
8,5,0.507225811273266,0.8396368245728114,0.8939150256182925,0.7837668029897308,0.8381175362517685,0.8946972809379694,0.7798784734992193,0.026446953658916313,0.022102194035366417,16
8,5,0.29209812740968316,0.8046901262964148,0.8671291178062827,0.7789262270844451,0.80466605943585,0.8516317268628693,0.7852868431360259,0.05645859743568048,0.05408135169474867,16
8,5,0.685919766876776,0.7940090003300103,0.8367034265992384,0.7007686501738857,0.7905194357363647,0.8285388749849549,0.70748878892725,0.02885104496572633,0.019184835675545856,16
8,5,0.646338398952601,0.7755972939454426,0.8270214343256451,0.681616504223238,0.7822537083065939,0.816281232699453,0.7200663077766357,0.06542116861043476,0.0571195545349199,17
8,5,0.6559878256380172,0.8115284726560252,0.8443686777624659,0.7489063437117968,0.8487379866039264,0.8651613332328649,0.8174207360885991,0.025695748153073236,0.015075401141168572,17
8,5,0.5658617464834228,0.7968920168497589,0.8732602031150851,0.6973526767758745,0.7893931657644092,0.852740012877807,0.7068260175081758,0.018217885256261467,0.009675934565444749,17
8,5,0.1769380754217867,0.7481856641709909,0.8145122377218942,0.7339270817691472,0.7507327837318752,0.8233032138613273,0.7351319256965375,0.02143800004506254,0.01731056009883688,17
8,5,0.655338759274906,0.8629980850419362,0.9255591479548091,0.744044502498135,0.8819536030909129,0.9321136674161172,0.7865792748059176,0.015804467199154116,0.00743416511031895,17
8,5,0.5087256320575243,0.8462333462034822,0.9204984330930848,0.7693301822424763,0.8603531915094506,0.9240847055167541,0.7943577786383588,0.018482646690789518,0.013455449601875814,17
8,5,0.3231925508424892,0.8654104395986814,0.9766387741185085,0.8122961170477506,0.8760841033949073,0.983821316136903,0.8246368791510115,0.01360487170202089,0.009640842400184499,17
8,5,0.5315017787008959,0.8401521120228999,0.9263360235101749,0.7423782034606248,0.8478059662773213,0.9267357381944978,0.7582617326832043,0.017811346355721076,0.014152367343503856,17
8,5,0.12144326839605418,0.7848233949289392,0.9688002163458057,0.7593922011331886,0.7814527833596526,0.9688002163458057,0.7555556685018432,0.015243574555295257,0.014520131099407502,18
8,5,0.382686462275796,0.7472856571405333,0.7899220668646395,0.720854393602054,0.7645754759531806,0.8170629254176217,0.7320373326565398,0.047002137949088287,0.0562822107007572,18
8,5,0.5312662701779155,0.8372369713677136,0.8909103317374728,0.7764031884385855,0.8291708947158982,0.8904647418403919,0.7596999958346818,0.009937415497308413,0.010033719692722494,18
8,5,0.6887277455548795,0.8660429379531355,0.9273502024946618,0.7303931539108941,0.8608464585125042,0.9204874582098236,0.7288834882265799,0.022286249450228123,0.010284660746198958,18
8,5,0.4227200395846419,0.8166813789076606,0.9212695346227994,0.7400954719723539,0.8172129672386409,0.9302383669908404,0.7344487891387411,0.014325465737229462,0.013929646861488957,18
8,5,0.4479324114257717,0.820508825055195,0.8788718756118191,0.773154655900818,0.8441415099462263,0.8946623902488556,0.8031502613932116,0.012941857022790864,0.01033938371658058,18
8,5,0.4725784076611615,0.8392159386858709,0.9513481756313837,0.7387436130304006,0.8694992489988405,0.9554805310253248,0.7924586083823739,0.01074595743313277,0.007072346581183704,18
8,5,0.5165638180209939,0.8256712107945556,0.8937118163590874,0.7529680985719766,0.8398870211217307,0.8981606526818474,0.777620168265546,0.014690327969120624,0.008835008109557391,18
8,5,0.05821670632018065,0.8044116794849963,1.0,0.7923213101914521,0.8259166671083061,1.0,0.8151556371195543,0.0173931419443837,0.01474148166804836,19
8,5,0.1465976938775735,0.8109717552154182,1.0,0.7785004288968204,0.828553218316559,1.0,0.7991020407919478,0.013755281430562101,0.011966925217639627,19
8,5,0.5381003635281278,0.9003796691379099,0.9624721434171111,0.8280436455869721,0.9144516741014543,0.9702693664528951,0.8494255987942042,0.014716178225803053,0.010571625972515656,19
8,5,0.3367523666681883,0.7910935378194838,0.8414703276002333,0.765515605338078,0.7976049698716265,0.8372204383298714,0.7774909097686653,0.06762597387520597,0.043527974951199366,19
8,5,0.04127623606532022,0.7990024874500453,0.9819427603988526,0.7911263022795654,0.800621853490987,0.9819427603988526,0.7928153873965293,0.015516523134828953,0.019811914531263866,19
8,5,0.06019203678970432,0.6920840603891284,0.9117902328662342,0.6780125026514253,0.6944250126471107,0.9117902328662342,0.6805033862676757,0.03231927415683439,0.030265116785393058,19
8,5,0.7031059657053375,0.7649132350241407,0.8218722155485451,0.630022686945779,0.810485975889594,0.8532193340966974,0.7092846191111778,0.0322322907429434,0.014556651784228124,19
8,5,0.26839243428186793,0.7425400956688586,0.8393151191399443,0.7070378874575556,0.7578538067439154,0.8514121106819204,0.7235316617609611,0.011910755341240028,0.017760353974926778,19
14,3,0.055847049940486705,0.8000178613142815,1.0,0.7881888324628833,0.795612600420265,1.0,0.7835229985069139,0.01854643961856957,0.017555473670758104,0
14,3,0.22358762005005026,0.8183761283956367,0.9626751181973925,0.7768215775685611,0.8251243243555779,0.9626751181973925,0.7855130875627426,0.048582713576263405,0.047465102296921295,0
14,3,0.056757067234821046,0.8517017857738614,1.0,0.8427783457741979,0.8483623145243427,1.0,0.8392379309632131,0.009694611526187003,0.010053765879001413,0
14,3,0.05752949513229739,0.7696968917539845,1.0,0.7556389223253794,0.7745424466310693,1.0,0.76078025550457,0.0364655962086828,0.03392921743998766,0
14,3,0.05096213731417349,0.7781528588391324,1.0,0.7662399469152593,0.7806943247330759,1.0,0.7689178863251275,0.04632743419975171,0.046300548974322814,0
14,3,0.042744629254046124,0.8068862276424229,1.0,0.7982630567984272,0.8029016195232397,1.0,0.7941005227025588,0.02880555905862118,0.02816422746249294,0
14,3,0.11600546854534799,0.8212758120206191,0.879020014674283,0.8136981143694885,0.8283460637139004,0.9117909990925734,0.8173956918712031,0.033883610329284566,0.032971098769392436,0
14,3,0.08677152129865076,0.7548595308646929,0.8135219809117525,0.7492856463961227,0.757918208459561,0.8135219809117525,0.7526349479851596,0.025269830895650602,0.02561062170933381,0
14,3,0.08753313586102798,0.9035860916311383,1.0,0.8943370853692968,0.9113504915777613,1.0,0.9028463258160166,0.12548271907415484,0.1209905140815938,1
14,3,0.03204231084628482,0.865599673037984,1.0,0.8611506179784346,0.865599673037984,1.0,0.8611506179784346,0.028546744174606904,0.030024110332195802,1
14,3,0.037905430660175585,0.89845119844091,1.0,0.8944502912756574,0.89845119844091,1.0,0.8944502912756574,0.1215080250370419,0.12317849181224391,1
14,3,0.016602605380770144,0.9395142813757728,1.0,0.9384931066980837,0.9395142813757728,1.0,0.9384931066980837,0.2934021141888594,0.21878529339747177,1
14,3,0.008470882750674924,0.8491621082664147,1.0,0.8478734622014572,0.8569895887679342,1.0,0.8557678148385579,0.10464294005193467,0.10056944291135725,1
14,3,0.04863315983939367,0.9379477657707921,1.0,0.9347757020638513,0.9379477657707921,1.0,0.9347757020638513,0.20119300835247841,0.17668537831675113,1
14,3,0.07854271347136389,0.8555899187622642,1.0,0.8432807647744961,0.8614926967972482,1.0,0.849686680839495,0.031581406610314194,0.023267362497881274,1
14,3,0.023631828391771782,0.8619787388539516,1.0,0.8586380986603588,0.8589837384112945,1.0,0.8555706078000985,0.20991465814439397,0.16957433651941214,1
14,3,0.03258287691565096,0.756273260087569,1.0,0.7480644759156484,0.7659861825213463,1.0,0.7581045322698406,0.03356923942536225,0.030204036299360446,2
14,3,0.10204733597708211,0.7283492782497115,0.9230312879831013,0.7062247484699884,0.7282110072721351,0.9230312879831013,0.7060707637633145,0.06454098895277223,0.06309780075319209,2
14,3,0.037235970062803714,0.7995043021217928,0.9014807316977481,0.7955602502453951,0.8033652888026523,0.9014807316977481,0.7995705648820058,0.0586996199183562,0.05728161214387844,2
14,3,0.10398675992721075,0.8979709193882192,0.9553844480425225,0.8913077959501502,0.8917795828824671,0.9553844480425225,0.8843979242776634,0.07010072103104704,0.06832730738397735,2
14,3,0.029738557553000537,0.8255464151946864,1.0,0.8201994048476856,0.8232759132317262,1.0,0.8178593118957963,0.02436784200159564,0.025085512245049763,2
14,3,0.10150321407301803,0.885035191240688,0.9448330283058242,0.878279827446633,0.8886621424476179,0.9448330283058242,0.8823165154612572,0.05313999110632412,0.04591073748055787,2
14,3,0.02166131913320415,0.8850064181763937,1.0,0.8824603544022982,0.8927601686175094,1.0,0.8903857800169186,0.06396396192792358,0.06795791284436047,2
14,3,0.010368992771458557,0.7600263314017547,1.0,0.7575119748215138,0.7597979086348434,1.0,0.7572811587241574,0.06116787968783936,0.06663137584730898,2
14,3,0.06711044276044863,0.9354714159424131,1.0,0.9308293424909493,0.9417240316160815,1.0,0.93753176039792,0.06944708989218869,0.057111529046208934,3
14,3,0.19744210497220574,0.7899344841445473,0.8831354094790234,0.7670055627578117,0.8206028525630421,0.8972267822124009,0.8017521377984861,0.049145548225070904,0.04729831073131547,3
14,3,0.2093855759908807,0.8511324006881346,0.8604636545621105,0.848661120241198,0.8555383724293718,0.8771317199715799,0.8498196106974908,0.08225509971921219,0.0685742693135047,3
14,3,0.2920393417006105,0.8056214120351313,0.9317689239143975,0.7535845708709836,0.8086144932164552,0.9317689239143975,0.757812321588818,0.02810121193691879,0.026403153628455023,3
14,3,0.12014082130702006,0.8364819045306701,1.0,0.8141542426002374,0.842583408145221,1.0,0.8210888791447065,0.05956805910661255,0.06301745454744592,3
14,3,0.10529417114015932,0.8821827187519138,1.0,0.8683172977667692,0.8964181754635306,1.0,0.8842280655883643,0.05393054092005702,0.047708241663743635,3
14,3,0.060583648402452145,0.8542417742818684,1.0,0.8448417195737986,0.8578505371088648,1.0,0.8486832141580256,0.06981930013015054,0.058246100226060644,3
14,3,0.18800791263977124,0.8220020677432697,0.9863922291077961,0.7839393186379962,0.8335538514828452,0.9863922291077961,0.7981657919243682,0.0596204262999315,0.05498906958502042,3
14,3,0.01910413176198265,0.7303324548524183,1.0,0.7250803537056535,0.7372490097373438,1.0,0.7321316168507922,0.09836634322081272,0.10813999958672652,4
14,3,0.041536837574869305,0.7727644490200637,1.0,0.7629167610312968,0.77638646235095,1.0,0.7666957412497142,0.047059173696958716,0.04532554375637335,4
14,3,0.037922951187772,0.7962699991978394,1.0,0.7882394127854063,0.80041097628725,1.0,0.7925436180406124,0.032834812895717165,0.032722894027353476,4
14,3,0.047923320690353766,0.7795953632221052,1.0,0.7685011705803877,0.7805734888450202,1.0,0.7695285307123723,0.04458785596470122,0.04783307056211097,4
14,3,0.023651188521402227,0.7488886143037865,1.0,0.7428056625419284,0.7476221780382525,1.0,0.7415085479752439,0.03634806904445966,0.03718772337327579,4
14,3,0.011598661841663116,0.7541821450154839,1.0,0.7512975291569899,0.7565097847660062,1.0,0.753652483223381,0.05605017483112702,0.05700432426740292,4
14,3,0.08330815942258457,0.8495408631813742,1.0,0.8358672673208776,0.8471014618337847,1.0,0.8332061752945178,0.027473587169022096,0.027286234606637337,4
14,3,0.07972302541601554,0.8525831404889659,1.0,0.8398125090789381,0.8677042329747738,1.0,0.8562435324593107,0.01838041574539289,0.02048657195808234,4
14,3,0.08129955903678503,0.9650441668136257,1.0,0.9619507821834453,0.9650441668136257,1.0,0.9619507821834453,0.2476490463636313,0.23811022542780708,5
14,3,0.06834540680423794,0.9380897187304319,1.0,0.9335480319404605,0.9402450364490298,1.0,0.9358614619759469,0.09015722159592683,0.07873295615460293,5
14,3,0.07787329634329349,0.7744522356260003,1.0,0.7554048012278717,0.7736091882593394,1.0,0.7544905587888253,0.06688309531195348,0.058619795299224904,5
14,3,0.04617416816015416,0.8422283388992204,1.0,0.8345907021657697,0.8395518377917888,1.0,0.8317846331560125,0.05780707680500564,0.0545635062611037,5
14,3,0.04545868933570204,0.762286100190872,1.0,0.7509653095645541,0.7696465759555267,1.0,0.7586763176502415,0.051847359415678224,0.04941786522075592,5
14,3,0.10774392406358735,0.8157378341120364,1.0,0.793487350932766,0.8231477474208555,1.0,0.8017920445164354,0.03487620199305182,0.032717050255467645,5
14,3,0.06355868432350024,0.7779357896060006,1.0,0.7628637196196573,0.7826097372971982,1.0,0.7678549001805246,0.059648563606026175,0.05572558333403063,5
14,3,0.04155228081735941,0.8493742027556042,1.0,0.8428440130538901,0.857676615858481,1.0,0.8515063667083566,0.08005507476171055,0.06621208005038096,5
14,3,0.01683910882978768,0.7339383449293024,0.5224274480989489,0.7375610022607723,0.72815049522525,0.5224274480989489,0.7316740210392517,0.12906197900582717,0.12616908550747166,6
14,3,0.06802989751351794,0.8245613223688348,0.9813582736654098,0.8131158044292799,0.8269491919356459,0.9813582736654098,0.8156779784308279,0.027379459721190314,0.028512289713054875,6
14,3,0.009305638350422658,0.7037787931400127,1.0,0.7009963735265862,0.7060440001332626,1.0,0.7032828577147856,0.06760710636923985,0.06505547349134379,6
14,3,0.1327528713946638,0.8107059845900559,0.9761818752614583,0.7853759501527612,0.8113942694534167,0.9761818752614583,0.786169593441575,0.04412543134210128,0.04667408095495603,6
14,3,0.01056153965828898,0.6393876809502381,1.0,0.6355384053645728,0.6372362165032741,1.0,0.6333639755913246,0.21197374118003887,0.20905995489404508,6
14,3,0.0,0.7768843189643702,,0.7768843189643702,0.7819851585943774,,0.7819851585943774,0.05490552274829685,0.05253936186411533,6
14,3,0.05370963822250519,0.771182425832996,0.8988075568554152,0.7639386665259286,0.7761366899649597,0.8988075568554152,0.7691741252519981,0.11428746085418803,0.07003509178588864,6
14,3,0.013652205083303545,0.7106651867795221,1.0,0.7066604551542449,0.7090414567861935,1.0,0.7050142508420371,0.09629266792228593,0.09712612891342293,6
14,3,0.042893464776691495,0.8590076790791603,1.0,0.8526889998844865,0.8619190695404576,1.0,0.8557308665462975,0.020401053853615368,0.016813177852461312,7
14,3,0.0717126908081606,0.8238376509823307,1.0,0.8102286358185431,0.8258299303610301,1.0,0.8123748241365045,0.018277109911521497,0.018887228966339424,7
14,3,0.03931335873892788,0.8326693718427259,0.903418094594355,0.8297741822997501,0.8280667318720317,0.903418094594355,0.8249831924254114,0.01633281728595835,0.013832666592406532,7
14,3,0.05103486446159323,0.848955708896348,1.0,0.8408326234051209,0.848955708896348,1.0,0.8408326234051209,0.02101644944690165,0.020367173436895942,7
14,3,0.010913778580022016,0.846244034759865,0.6859474741003088,0.8480127796198084,0.8432362161353536,0.6859474741003088,0.8449717721127042,0.013476657948040061,0.012330653024649866,7
14,3,0.042344550619616256,0.8619243417457008,1.0,0.8558190648383655,0.864315874808206,1.0,0.8583163440676045,0.016074266471264302,0.015708898847484234,7
14,3,0.057988952152293445,0.8172711977981768,0.7242697858049854,0.8229962415144803,0.8302025127585493,0.7242697858049854,0.8367235910927233,0.021026059742280057,0.019385801257896226,7
14,3,0.016007872395224564,0.836320385821763,1.0,0.8336575978746249,0.8406780944523833,1.0,0.8380861989867372,0.014302411127520252,0.014483243471960706,7
14,3,0.03339848115969832,0.7184469367584154,1.0,0.7087185797314046,0.7389362973459946,1.0,0.7299158985729494,0.027693110677702512,0.024474550208654907,8
14,3,0.01551003107859686,0.73932596884973,0.4989581969516971,0.7431128145567676,0.7340798676206419,0.31819563344829893,0.7406318667275281,0.14521558792064787,0.15338377894119049,8
14,3,0.8069370529691648,0.985174771039094,0.9876179134907895,0.9749632716277628,0.985174771039094,0.9876179134907895,0.9749632716277628,0.043905629931810006,0.041632149285723896,8
14,3,0.017266682929744655,0.707011953148399,0.8946736878384092,0.7037147252894733,0.7177387955141533,0.8946736878384092,0.7146300389146728,0.13853551588180493,0.13848918250354014,8
14,3,0.010040293376560745,0.6675343908402716,0.6398820603506473,0.6678148441847903,0.669116887922674,0.6398820603506473,0.6694133911476764,0.14815900601444446,0.14931339385810372,8
14,3,0.0,0.7226249141208081,,0.7226249141208081,0.7216521821208348,,0.7216521821208348,0.08336518121878486,0.07574380118499496,8
14,3,0.08715470972002841,0.8497186352920074,1.0,0.8353703893658682,0.8527320034214778,1.0,0.8386714614769445,0.01258779677018449,0.012304511167620836,8
14,3,0.03253959207346298,0.7763569256244394,1.0,0.7688349078233879,0.7833619666730767,1.0,0.7760755566305577,0.051019750814994255,0.05082215072817319,8
14,3,0.02767908451843529,0.8298894968786018,1.0,0.8250469568093709,0.8315576059713252,1.0,0.8267625520065566,0.03817979648816453,0.042051911058432624,9
14,3,0.009467925306550223,0.7603325650835284,1.0,0.7580417221818446,0.7564909223493803,1.0,0.7541633593985526,0.07218529426596781,0.07717470389127305,9
14,3,0.01851430758511141,0.8097442632649485,1.0,0.8061553640512699,0.7939919778495959,1.0,0.7901059345617832,0.023647991750455736,0.02241394108380141,9
14,3,0.10014495150114594,0.8140765898022937,1.0,0.7933851563006006,0.8289383448827436,1.0,0.8099008774772972,0.021396691415425953,0.02208838692424048,9
14,3,0.15842834689316185,0.8488867892008791,1.0,0.8204392813835225,0.8444825490687723,1.0,0.8152059300511104,0.03284511371012769,0.03498831447318624,9
14,3,0.015329713541752537,0.7429310966364813,1.0,0.7389289522605911,0.7530317175399113,1.0,0.7491868233899828,0.06055569117530597,0.06177503712972238,9
14,3,0.031251998014831854,0.7825703257453545,1.0,0.775556002377206,0.7918347487432659,1.0,0.7851192974538685,0.04189167079105521,0.0402544329621539,9
14,3,0.01625709215172641,0.6954478951661569,1.0,0.6904149423552284,0.7036153511395018,1.0,0.6987173716873081,0.11597861718541486,0.11270351133155788,9
14,3,0.008413904995162013,0.8077461242438422,1.0,0.8061147925282073,0.808543629767884,1.0,0.8069190651254727,0.11332119952030288,0.1326900579329363,10
14,3,0.019007179014702967,0.7230897078746532,1.0,0.7177244458861365,0.7266269967355776,1.0,0.7213302713165117,0.11405008555773234,0.12222671845763639,10
14,3,0.013309809547326036,0.7298181521294795,1.0,0.7261735745578191,0.7274646605607875,1.0,0.7237883359170939,0.06992292671990154,0.07356563318952342,10
14,3,0.15294993508601687,0.8478135519725609,1.0,0.8203335855444469,0.8499195166134198,1.0,0.8228198195087552,0.01410506249267882,0.014247146729226966,10
14,3,0.0313707612964559,0.7473743325872478,1.0,0.7391926060884996,0.756712998173355,1.0,0.7488337207822975,0.04863568334376001,0.051275757119527844,10
14,3,0.007088222871144805,0.7888424838133276,1.0,0.7873350673739975,0.7971982842872848,1.0,0.7957505184406765,0.08855105871430857,0.09763173949250813,10
14,3,0.14886517267574026,0.8550146847155917,1.0,0.8296564649572581,0.8661235936161836,1.0,0.842708344100208,0.016214301270932895,0.013348498952238157,10
14,3,0.009214425000347835,0.8031329394006358,1.0,0.8013020520616346,0.8058714096277997,1.0,0.8040659903912423,0.06495891527059793,0.07268663872845646,10
14,3,0.04262402772263062,0.9023223442245971,1.0,0.8979735667033184,0.9023223442245971,1.0,0.8979735667033184,0.15632066378873216,0.12954829061113649,11
14,3,0.019115194530183167,0.6321883992731571,1.0,0.6250205950018043,0.6512159314263414,1.0,0.6444189301040293,0.44360596397623997,0.4476324191306608,11
14,3,0.02215183142235128,0.6775751901922048,0.85484684138459,0.6735593400230652,0.6759460181648518,0.85484684138459,0.6718932613007182,0.30877332811033237,0.28178876774618355,11
14,3,0.05861991667078688,0.8441012138694082,1.0,0.8343933668330308,0.8474219038912107,1.0,0.8379208368534915,0.04648294851499697,0.04878540538924849,11
14,3,0.020703940439542323,0.774741095466568,1.0,0.7699787491899681,0.7763698980326985,1.0,0.7716419873396871,0.06828056904518752,0.07003021345291627,11
14,3,0.014810049771122383,0.7214610616430049,0.8331790320197426,0.7197816406326465,0.7330218961536998,0.8331790320197426,0.7315162655219981,0.06161448479730049,0.060496491486530024,11
14,3,0.043778866821442865,0.8057728209707142,1.0,0.7968804784896787,0.8057728209707142,1.0,0.7968804784896787,0.09812765706449042,0.0856675605240525,11
14,3,0.05547267248519005,0.8815691355845724,0.9415395289798757,0.8780470373935348,0.8844588463094281,0.9415395289798757,0.8811064626114995,0.06427901368416453,0.05448012572996776,11
14,3,0.1007609983204581,0.8755598570658251,1.0,0.8616161635541236,0.8724095637925225,1.0,0.8581128754767396,0.028711605993528594,0.025730255956273807,12
14,3,0.016362975107291212,0.8450434948343336,1.0,0.8424657660862567,0.855341125169952,1.0,0.8529346993157084,0.04459393772945408,0.04198522891128797,12
14,3,0.10676601673538128,0.7975550058966772,1.0,0.7733572637222993,0.7929399026755801,1.0,0.7681905287933062,0.040327215158061244,0.04855762498774917,12
14,3,0.024761429301638344,0.7719061428777324,1.0,0.7661148113133679,0.7581450070498309,1.0,0.7520042785254294,0.04959933715683352,0.04684769515061615,12
14,3,0.12047843928480154,0.8407749680426065,1.0,0.818964037870866,0.8478370497331537,1.0,0.826993496164992,0.04732917515221713,0.051806005894980994,12
14,3,0.14112744882450193,0.851299835527214,1.0,0.8268658553946485,0.8562438566436259,1.0,0.8326222637344485,0.02722999337251158,0.028127534238034314,12
14,3,0.03429003786616971,0.8736168732837043,1.0,0.8691293124521157,0.8687239852647944,1.0,0.8640626897488575,0.03862536666417013,0.04229574320821395,12
14,3,0.1165369572751378,0.8493634785047709,0.964070326412724,0.83423258294112,0.8547656235859972,0.964070326412724,0.8403473209889785,0.024695489756498802,0.024369635846080127,12
14,3,0.1087990987921315,0.8183354556611453,1.0,0.7961575845663535,0.8170969594847067,1.0,0.7947678909801373,0.027856862350344683,0.026213564843991635,13
14,3,0.23678428664185613,0.8572709127056338,0.9926781284908288,0.8152614251719151,0.8707216439303598,1.0,0.8306136079132644,0.030010342094493193,0.028887498248567872,13
14,3,0.014351682039402337,0.6368138670192699,1.0,0.6315256401672785,0.6526430044140903,1.0,0.6475852601213534,0.27654051477579594,0.2571152983711942,13
14,3,0.04518974454322342,0.7361695272553839,1.0,0.7236828246902303,0.723359008149321,0.972205453980741,0.7115814772175535,0.09802849942872038,0.09989051690674218,13
14,3,0.18214983366631834,0.8563931045189143,1.0,0.8244092849857118,0.8670379305385364,1.0,0.8374249038090735,0.029755506162679152,0.02615500037678804,13
14,3,0.10350775313725681,0.748994202121419,1.0,0.7200134203536385,0.7500116026118453,1.0,0.7211482884955401,0.08598799531252516,0.09730163870563094,13
14,3,0.06947116171401375,0.7499212373889779,1.0,0.7312509270839345,0.7546222566615574,1.0,0.7363029137383608,0.09115556885939224,0.06864082838720464,13
14,3,0.19631747521401752,0.8336102506162674,1.0,0.7929658238767332,0.840971187850911,1.0,0.8021248350629027,0.03240086207621004,0.03001996692787809,13
14,3,0.053041394494514296,0.7458280203321815,0.9416680787515671,0.7348585547863181,0.7538437958731165,0.9416680787515671,0.7433233129017544,0.09814689933199602,0.1085167289276414,14
14,3,0.05144483185598089,0.7967748313174905,1.0,0.7857529266535461,0.7994790289702027,1.0,0.7886037863014919,0.1045018737228934,0.1065902921169297,14
14,3,0.04752773293454484,0.8405906685611965,1.0,0.8326362488957922,0.8439236988660315,1.0,0.8361355951970804,0.05413035733762708,0.05429841033974717,14
14,3,0.14524917698115664,0.8766257489588574,1.0,0.8556605647884556,0.8770477094340595,1.0,0.856154229683345,0.07730984682796335,0.061248436075792,14
14,3,0.038603980064671875,0.9350108428140577,1.0,0.932401262499179,0.9350108428140577,1.0,0.932401262499179,0.15764759837755363,0.16930688630439011,14
14,3,0.062065083352635955,0.8091905755477614,1.0,0.7965643233175662,0.8185773412993324,1.0,0.80657223067336,0.08448008864737082,0.08077721276749697,14
14,3,0.06249220007854123,0.9122893298054138,1.0,0.9064427301810882,0.9136150325142777,1.0,0.9078568013055898,0.20561110586004577,0.18299004189124154,14
14,3,0.16173723195215622,0.947033744916413,1.0,0.9368142578884475,0.947033744916413,1.0,0.9368142578884475,0.25799276917397046,0.28400964213796864,14
14,3,0.191616099267768,0.9000053069123921,0.9689761674733478,0.8836567289015481,0.8888450142568509,0.9689761674733478,0.8698510449369957,0.035060821454661356,0.03762085204579838,15
14,3,0.10211291339842492,0.8321056251013237,1.0,0.8130117055874565,0.8294679634747945,1.0,0.8100740738229631,0.017851919155457228,0.01603966919367479,15
14,3,0.0663296761535752,0.8613130697183398,1.0,0.8514604922749238,0.8678141707268017,1.0,0.8584234435891301,0.015893896358909677,0.015062833419538157,15
14,3,0.1683628428658121,0.8154393489772206,0.9811061626361388,0.7819005208033423,0.8129732102959213,0.9811061626361388,0.7789351185721605,0.06680345324139246,0.07093484344741159,15
14,3,0.2158771906123396,0.8831423323698201,0.9453171305525963,0.8660249617259681,0.8804912212470007,0.9352478599731081,0.8654161472993395,0.025690568744602748,0.028317879646222423,15
14,3,0.036454823666975285,0.767079431003852,1.0,0.7582671007885936,0.7575277863142137,1.0,0.7483540786239358,0.09275992632272412,0.09227121299401325,15
14,3,0.08520063882340415,0.8496880475115262,1.0,0.8356886123147858,0.857007471952668,1.0,0.843689737754716,0.03330425597071171,0.028390656525257168,15
14,3,0.2200563028334254,0.9220666537701038,1.0,0.9000782408871091,0.9220666537701038,1.0,0.9000782408871091,0.04269450602366637,0.046867074120185225,15
14,3,0.08621808684163781,0.9003054784549757,1.0,0.8908989988645715,0.8977236009110257,1.0,0.8880735133665867,0.019767988296890616,0.024216531766276275,16
14,3,0.12001127388224578,0.9327770410655665,1.0,0.9236092952792693,0.931739891301284,1.0,0.922430700902432,0.030233616220132906,0.029708343764485202,16
14,3,0.013753301701962099,0.7990083803868508,1.0,0.7962055336053345,0.791923536501643,1.0,0.789021890914886,0.04059278405166861,0.040012791296722916,16
14,3,0.13250351323293938,0.9165221355964166,1.0,0.9037715245226132,0.9165221355964166,1.0,0.9037715245226132,0.030568772849538836,0.029135538664087184,16
14,3,0.18191867899740938,0.9263605789060387,1.0,0.9099852066005941,0.9276059746030135,1.0,0.9115075438854113,0.02982812242525588,0.02999405862663595,16
14,3,0.18544405607411488,0.9432813279741668,1.0,0.9303685984384711,0.9472131587543087,1.0,0.9351955606741058,0.04960425161983036,0.05462355993435363,16
14,3,0.15542322871427153,0.8392210363751129,1.0,0.8096336898064012,0.8392210363751129,1.0,0.8096336898064012,0.02038161360621475,0.023469340724569857,16
14,3,0.12641764629506902,0.8336252878057423,1.0,0.8095489091684951,0.8336252878057423,1.0,0.8095489091684951,0.04360485061300989,0.05265949232440816,16
14,3,0.07858407030816227,0.8521623843260789,1.0,0.8395538747378024,0.8500748505429396,1.0,0.8372883031149658,0.02251684509736069,0.019279787830258466,17
14,3,0.30067305702224284,0.8339491996561832,0.9577979421308906,0.7807008865715048,0.8306189832427884,0.9780047908720105,0.7672509952272322,0.01414469510012585,0.011185100398458837,17
14,3,0.07756282688213731,0.8564013609228764,1.0,0.8443269164969186,0.8498880524817902,1.0,0.8372659386537652,0.012875655586829458,0.011629022926610895,17
14,3,0.1479873151448662,0.8077253644209731,1.0,0.7743289049602367,0.809123071427992,1.0,0.7759693817182283,0.014725461455941037,0.013551666464207905,17
14,3,0.0933065900020098,0.841421667728503,1.0,0.8251025864720374,0.854111709882472,1.0,0.8390985436655469,0.014705835409891196,0.013507996819919826,17
14,3,0.18278871500994637,0.8620249611682796,1.0,0.8311635664289687,0.8843276997794243,1.0,0.858454842284779,0.024331392858621934,0.01929288191901978,17
14,3,0.09193947329144612,0.8294358907213666,1.0,0.8121665855283048,0.8144283661639199,1.0,0.7956395764622413,0.013910275468509979,0.013117392146656798,17
14,3,0.2484721979774429,0.8402632307946949,0.9685344580785552,0.7978538432847324,0.8461064681303999,0.9685344580785552,0.805628987890134,0.019466258763117153,0.014686877067722677,17
14,3,0.14435228065874123,0.8537971038208474,1.0,0.8291319045509634,0.8602442210482011,1.0,0.8366666844394872,0.048855165643307455,0.055577420262696534,18
14,3,0.18492062960955172,0.8362212165097366,0.9341154969232571,0.8140115119989105,0.8531463003756892,0.9341154969232571,0.8347764638315706,0.05694689780565979,0.05481923510501443,18
14,3,0.2240454109874942,0.8806782125920714,1.0,0.8462258112813281,0.8928652722031618,1.0,0.8619317041050306,0.03954852712085993,0.04023968018764009,18
14,3,0.041611154506353,0.8234918062832342,1.0,0.815828205277316,0.8231582209711694,1.0,0.8154801364181746,0.023400577778743138,0.025764364761360087,18
14,3,0.02767569281245625,0.7433770404245384,1.0,0.7360726686780609,0.7585902228000303,1.0,0.75171887052968,0.04100332015880189,0.03973432294388102,18
14,3,0.09563818275397586,0.8815438529587285,1.0,0.869016863845495,0.8898185157782971,1.0,0.8781665898310157,0.05268356043285972,0.04930218550205189,18
14,3,0.05118618926565132,0.837254996129529,1.0,0.8284753003916415,0.8468097502184526,1.0,0.8385455101428345,0.05037641782888329,0.04783535957263931,18
14,3,0.27882302879109705,0.8070254266369443,1.0,0.7324171721130057,0.8390300176182707,1.0,0.776795448540326,0.008270692446848341,0.00797558209581027,18
14,3,0.16984863689149876,0.8506678376697511,1.0,0.8201145369790458,0.8509462390111874,1.0,0.8204498991235998,0.022594805654782564,0.023746557565471137,19
14,3,0.0229267584847911,0.7826399502656297,1.0,0.7775396556789371,0.7743658210524145,1.0,0.7690713762689063,0.04600599554148679,0.047848413016657695,19
14,3,0.02037502681588726,0.7791413595691279,1.0,0.7745477642193964,0.7910888435517073,1.0,0.786743741567489,0.049039492648021314,0.047487303824161324,19
14,3,0.039640227577647465,0.8733571748444444,1.0,0.8681298105228632,0.8867052593143323,1.0,0.8820288563317267,0.05052055693536453,0.05138819829195119,19
14,3,0.0895929014419584,0.8617965189302357,1.0,0.8481959539983163,0.8677880756735143,1.0,0.8547771381221752,0.05108568629209918,0.049760703793345934,19
14,3,0.09603782847768368,0.8789638440568643,1.0,0.866104844034231,0.8789638440568643,1.0,0.866104844034231,0.039514447994947084,0.036067045293384385,19
14,3,0.031694829399742684,0.7664743794119951,1.0,0.758830554996168,0.7599256498934003,1.0,0.7520674706737585,0.0417207633204865,0.04523068085251911,19
14,3,0.22977697756271315,0.8680560666602753,1.0,0.8286938594457972,0.8684752075871499,1.0,0.8292380406954672,0.012286031061311584,0.01317413407895435,19
14,4,0.11450405353309662,0.8207004423553628,1.0,0.797515100594152,0.823974484441544,1.0,0.8012125111799875,0.029971286636673766,0.027720868942692375,0
14,4,0.1353135385866552,0.8437822330325903,0.9183526724190629,0.8321128124071623,0.8500346281166566,0.8936351238598937,0.8432116493533411,0.018082345948107845,0.01842841831131722,0
14,4,0.20055145961950496,0.8584352964095132,0.9181078362842076,0.843465708791807,0.8605466085575609,0.9181078362842076,0.8461066694558205,0.020912985157932655,0.02328070462684192,0
14,4,0.12588261577732227,0.8388376394174599,0.9766859182557655,0.8189859556118588,0.8619353946752014,0.9766859182557655,0.8454100442693353,0.027024608417420805,0.025904925501545276,0
14,4,0.15667055438202748,0.8505574571687092,1.0,0.8227945868511889,0.8488767619438053,1.0,0.8208016584248936,0.02371523380764347,0.02264867723623348,0
14,4,0.16142116475560583,0.8372026980026078,0.9848018030977345,0.8087907962707964,0.838510857003218,0.9848018030977345,0.8103507676719695,0.02131385846960368,0.019979881627017054,0
14,4,0.2742452729944444,0.8635361388871523,0.9933648318534418,0.8144769953222777,0.8755317359612973,0.9933648318534418,0.831005440302083,0.01519391107496587,0.012086255698034455,0
14,4,0.13963240097461707,0.8226789795858303,1.0,0.7939008621256338,0.8256721019335796,1.0,0.7973797499302652,0.016339280810611482,0.01665814534017208,0
14,4,0.19462489063671234,0.7607246228009538,0.940713381786612,0.7172289993006006,0.7636824429764563,0.9524524690001958,0.7180647609259084,0.028921967265010017,0.03142395038865446,1
14,4,0.2240350737902168,0.834692659314635,0.9079244183547074,0.813549329266887,0.8402582067650092,0.9079244183547074,0.8207217506771678,0.027334088429756216,0.029736006447352963,1
14,4,0.0691663879584401,0.795168918464274,1.0,0.779948769698509,0.8012237696142798,1.0,0.7864535317437106,0.017273616376004643,0.016931244445737285,1
14,4,0.17944950449838593,0.8510673941025397,1.0,0.8184967205383069,0.8539356597146873,1.0,0.8219922587506069,0.023469260718595005,0.025348935445899706,1
14,4,0.06427890153111078,0.8173667481730258,1.0,0.804820846590063,0.8647248329027761,1.0,0.855432171703114,0.025464937822529864,0.023735130926999706,1
14,4,0.18976372137213518,0.819185171790735,0.9629874414174303,0.7855055470369117,0.8227199815294467,0.9629874414174303,0.7898682370718454,0.014152078125015463,0.013167790061608177,1
14,4,0.14431470908026933,0.7768175252813538,0.9784853289107003,0.7428054524778769,0.7768175252813538,0.9784853289107003,0.7428054524778769,0.023450205923004033,0.024392949709974528,1
14,4,0.11570062721088908,0.7300579034177817,0.8954165715725255,0.7084225814793327,0.7300579034177817,0.8954165715725255,0.7084225814793327,0.035932403562188166,0.033952662693780965,1
14,4,0.07677682066189591,0.7087473869440917,0.8506555995043517,0.69694605696232,0.7223426502180688,0.8506555995043517,0.7116719256127628,0.08946542885630744,0.09126450547663287,2
14,4,0.3022881286736782,0.867341952760509,0.9415068108354201,0.8352095538689783,0.86293505930602,0.9333756708432634,0.8324162140357726,0.04946278569387054,0.04504261350291753,2
14,4,0.30355483266141925,0.7683459908941426,0.8477007827883712,0.7337581558368804,0.7588080209574903,0.8253340761040536,0.7298117603978682,0.02544670218736699,0.027346384314041735,2
14,4,0.17115361406638713,0.8064972945037643,0.9542334021329378,0.7759903523514471,0.8018099400943659,0.9542334021329378,0.7703350771533553,0.03194630048276896,0.029668727281843627,2
14,4,0.13060544120859058,0.879098932687417,0.9783505227829551,0.8641887890892073,0.8722464851357241,0.9399290881405616,0.8620788159937854,0.04710407847998254,0.04437313376712955,2
14,4,0.14254731468914228,0.836022001496792,0.9695146404411916,0.813829503253705,0.8443729455521352,0.9695146404411916,0.82356875090947,0.04807438045297174,0.04636981239512981,2
14,4,0.1451641247925434,0.8118271644577298,1.0,0.7798725568266502,0.8258700283832728,1.0,0.7963001124929763,0.04798942138957006,0.04518402329469837,2
14,4,0.14681092479644092,0.8182893116840341,0.9724979573994211,0.7917541455091964,0.8222757783323158,0.9724979573994211,0.7964265759986874,0.048526622471292497,0.046836124760202026,2
14,4,0.08656811464995344,0.8310475660283777,0.9747314193660468,0.817430305137254,0.830964116712228,0.9747314193660468,0.8173389471307205,0.09592390935114851,0.09504302094809894,3
14,4,0.16140521330945368,0.8762883123554054,1.0,0.8524773947941967,0.8647710041663581,1.0,0.8387433382846163,0.02975967438465066,0.028241697042503525,3
14,4,0.16504266151610247,0.8155035833520083,0.9937179023584537,0.7802766751335467,0.820038984344439,0.9937179023584537,0.7857085706129805,0.0211186268965501,0.019659929327045005,3
14,4,0.022773838071094163,0.6888925192274665,1.0,0.6816422923446386,0.7220974880469299,1.0,0.7156210887717845,0.13750621349356762,0.12695286330641958,3
14,4,0.049063272430523254,0.79924605063445,0.9326742405279396,0.7923618663970947,0.8010597842777806,0.9326742405279396,0.7942691790402466,0.1786512227329893,0.18705067621880406,3
14,4,0.030225432344291252,0.7404219215044648,0.9467325583106633,0.733991738240567,0.7433319350187865,0.9467325583106633,0.7369924495516051,0.13898660769480584,0.14497674889354675,3
14,4,0.014892589196276592,0.739372366163634,1.0,0.7354322676105679,0.7473702962051749,1.0,0.7435511082099048,0.07666634934838623,0.07741530711876943,3
14,4,0.009701115447744851,0.6813901089225148,1.0,0.6782689589501671,0.6916913756632654,1.0,0.6886711384350082,0.09260568304167878,0.09709636981988184,3
14,4,0.17275705419724102,0.7490577390679513,0.9848643433788103,0.6998131313892881,0.750454941841781,0.9848643433788103,0.7015021186220215,0.02881007926722853,0.026286513359714304,4
14,4,0.13250937388624115,0.8146223699675919,1.0,0.7863058983554958,0.8178659462116711,1.0,0.7900449315466787,0.011362509567460478,0.010327235218756966,4
14,4,0.14154299805810758,0.8320950165041056,1.0,0.8044107239895755,0.8381946944243646,1.0,0.8115161211224091,0.012998446759750945,0.012965402769938862,4
14,4,0.12042028046373895,0.793198994778016,1.0,0.7648865695413996,0.7991622624124973,1.0,0.7716662479514761,0.02101597905794393,0.019057841974349805,4
14,4,0.24007758344429095,0.7920291750509127,0.9775338859936761,0.7334238204115217,0.8211991915391855,0.9775338859936761,0.771809339581339,0.023199138066651734,0.02399394849073593,4
14,4,0.14395528252552,0.8547482082032871,1.0,0.8303221913158491,0.8563209612217633,1.0,0.8321594236313714,0.0142454895364712,0.013775791677140865,4
14,4,0.014381249225569125,0.7072409872230133,1.0,0.7029693149131376,0.7274786228536433,1.0,0.7235022396517639,0.083966467958745,0.08808092453974711,4
14,4,0.028450032039577713,0.735323861339525,1.0,0.7275733133766549,0.7287345525767929,1.0,0.7207910489743773,0.06457210498775062,0.07075757157140539,4
14,4,0.2912081085998909,0.7783324799879839,0.9163911398664413,0.7216108925843459,0.7957851202780735,0.9163911398664413,0.7462339737762236,0.048037126178790523,0.044897378151953674,5
14,4,0.046171991352504466,0.7670658536368542,0.8512487233479394,0.7629908100261713,0.791588026259539,0.8775583784039865,0.7874264559137344,0.0629692900538048,0.06221707428069869,5
14,4,0.05761024988449871,0.8745762845412706,0.9556012452145918,0.8696230597946093,0.8674732870639577,0.9556012452145918,0.8620858412749445,0.05074030913573727,0.046130693822900144,5
14,4,0.3274240037916378,0.792062048695581,0.8919341700608842,0.7434422198153642,0.8000837069203343,0.9011919797277895,0.7508620937707352,0.047969981672401726,0.02838311190469097,5
14,4,0.08625720678328312,0.9335908350893426,1.0,0.9273218181268797,0.9382388836033689,1.0,0.9324086418463464,0.06376019838420899,0.061896345139666,5
14,4,0.31600359664389094,0.8398969816139182,0.9870936390934094,0.7718927158761916,0.8534124084649445,0.9870936390934094,0.79165221575764,0.01887705214660651,0.012555185887606105,5
14,4,0.2595669482727938,0.8125315195839796,0.9282942629809393,0.7719496169296586,0.8304258884696254,0.9279475469309505,0.7962385987230922,0.05866099928183961,0.03450148925878843,5
14,4,0.1278717357656864,0.8328606056444992,0.9815010992846511,0.811066887098384,0.8311724059936263,0.9815010992846511,0.8091311630539912,0.034296901690104374,0.035983801515547066,5
14,4,0.2530799083912921,0.8482943159566728,0.9922942508173762,0.7995026302966886,0.8736311390379923,1.0,0.8308134131325404,0.020071499389629575,0.013195055345770071,6
14,4,0.05066788041700361,0.7461072688794746,1.0,0.7325564721943145,0.7466333977289763,1.0,0.7331106816628963,0.06424917467893848,0.0657261588407303,6
14,4,0.019760251126193132,0.7492585445889257,0.8990131246494555,0.7462397034200243,0.7616217275374059,0.8990131246494555,0.7588521107037365,0.053254527814864415,0.04720542460880786,6
14,4,0.02345783497537161,0.666086410859377,0.7262160784169792,0.6646420166803969,0.6875786240671218,0.7262160784169792,0.6866505012881278,0.13516138317394644,0.12851554722312722,6
14,4,0.01102609928360564,0.8103672913635039,1.0,0.8082530706835339,0.8109652427921467,1.0,0.8088576886903486,0.04619334187939065,0.04403119280467714,6
14,4,0.13209951329551137,0.8369300884200102,0.9425276134614048,0.8208575295530991,0.8454973797078631,0.9599210410378912,0.8280814314479635,0.03279078267060026,0.0326298037020734,6
14,4,0.31579046969854146,0.860180807208969,0.9947203573108296,0.7980853439946849,0.8523911936096009,0.9947203573108296,0.7867005075456281,0.020364923042915543,0.013486748293529983,6
14,4,0.23957784925950606,0.8740141924241919,0.98270150628992,0.8397712750231309,0.8867210410589843,0.98270150628992,0.856481530796741,0.018916596136128727,0.01664617027950978,6
14,4,0.15616563978418055,0.7255467063727685,0.872929697591296,0.6982710226579444,0.7184521793859036,0.872929697591296,0.6898635349786675,0.09923221754414978,0.06167257328532802,7
14,4,0.06528568404922375,0.6928102982398495,0.9248093092603679,0.6766061876632276,0.7087778193712229,1.0,0.6884372308639025,0.07277070850287064,0.06074767697296865,7
14,4,0.06069978462419597,0.7305466266290136,0.8998810294969263,0.7196038400573775,0.7258936390399715,0.8998810294969263,0.7146501654889326,0.051821672058618706,0.05502756314702485,7
14,4,0.11043910913235709,0.7440122639369829,0.897875175261295,0.7249101619565393,0.7489750334116073,0.9168295272839361,0.728135874499122,0.05688601819032825,0.05946884098394148,7
14,4,0.09486890688500357,0.7550140837603622,1.0,0.7293365368805065,0.7608473130654081,1.0,0.7357811605923834,0.029514415764440166,0.03001376518803602,7
14,4,0.02498239815108495,0.721126199823688,0.9011270498221339,0.7165141262635106,0.734076969785077,0.9011270498221339,0.7297967274563821,0.09540544583363558,0.09414433079744285,7
14,4,0.028413357698935385,0.7543633782974558,1.0,0.7471799106657242,0.7644563915541637,1.0,0.7575680868893124,0.02472806090768938,0.02415849128114073,7
14,4,0.15982658682152037,0.7464820539731595,0.6009959314408075,0.7741579480558776,0.7406046162907144,0.6504150395947812,0.7577614222358778,0.13127056197973083,0.0730839125881542,7
14,4,0.11538316008724694,0.834865171589157,1.0,0.8133261532449126,0.8457914059259373,1.0,0.8256775282626637,0.022896842523301427,0.020795433758772117,8
14,4,0.07436737576490177,0.8587312868802256,1.0,0.8473814454881463,0.8674976260238402,1.0,0.8568520917403337,0.025944350206171116,0.022986332643393784,8
14,4,0.03669587340812167,0.8442969379990963,1.0,0.8383656233761051,0.8548936232495676,1.0,0.8493659761805324,0.04583528298108762,0.04474307759381915,8
14,4,0.3313798982264117,0.8532159857571268,0.9795684571833552,0.7905934755890764,0.8549791440416916,0.9687171709386493,0.798608574748892,0.03788137007286142,0.03127906063640486,8
14,4,0.021061885659057554,0.783340298526235,1.0,0.7786788579381974,0.7765511341680693,1.0,0.7717436244860435,0.03328430435327227,0.033327500449118384,8
14,4,0.1309313388654867,0.8389167727327634,1.0,0.8146484455474982,0.8531052668398091,1.0,0.8309745366166703,0.011251737519722988,0.010612948278518912,8
14,4,0.19301207879957255,0.8138814342193743,1.0,0.7693663549464695,0.8138032711861432,1.0,0.7692694971978247,0.033874185014054974,0.030063684676506414,8
14,4,0.1575884812059898,0.8046333096537511,0.9249799569727057,0.7821202682884367,0.8060545548810897,0.9249799569727057,0.7838073834282833,0.03267224109060277,0.023386725584947216,8
14,4,0.037951941493781366,0.8204876054403136,1.0,0.813406000903513,0.8233482345242636,0.8911038460127773,0.8206753358261673,0.07548913948796325,0.08667502094662403,9
14,4,0.006279672570931193,0.6700169017576251,1.0,0.6679316210667645,0.6986853438101447,1.0,0.6967812292122373,0.05866121902126554,0.06326525367699729,9
14,4,0.030542348597005924,0.7217543125565669,1.0,0.7129883012004108,0.7455024078888629,1.0,0.7374845701172922,0.0507832763148158,0.04963630863165278,9
14,4,0.09624428168722092,0.777401451462567,1.0,0.7536961105452235,0.7796127558690085,0.9755856945885073,0.758742874401034,0.019606618439432927,0.021288196836102943,9
14,4,0.32549837782462154,0.8728394207030902,0.9729487383626388,0.8245290543051276,0.8786890515925225,0.9729487383626388,0.8332015773904928,0.01881261775689558,0.02223096065768606,9
14,4,0.10893831421572095,0.9209010928251103,1.0,0.911230716754172,0.9187000721325217,1.0,0.908760606404122,0.10844068398944187,0.11533001575366417,9
14,4,0.21398713412221881,0.9716355605982413,1.0,0.9639135176622299,0.9716355605982413,1.0,0.9639135176622299,0.05071059655884127,0.06032528870712911,9
14,4,0.12598494285477022,0.9161132145242802,0.9822904837649913,0.9065740888359793,0.9199390071642245,0.9822904837649913,0.9109513505417907,0.15019760427508083,0.14324203966321716,9
14,4,0.402500542721467,0.9364220081805703,0.9822254126722118,0.9055669254825082,0.9364220081805703,0.9822254126722118,0.9055669254825082,0.2874623988413328,0.30575827979184744,10
14,4,0.05726828502372986,0.8699797750380701,1.0,0.8620814141537575,0.8749157133516287,1.0,0.867317196757807,0.017220663862717235,0.016123952260466673,10
14,4,0.42941280162744805,0.8877286771569691,0.9529681142897316,0.8386307486445845,0.8869782350082549,0.9529681142897316,0.8373155383649732,0.04133101113963324,0.039313489102286665,10
14,4,0.2041345408554568,0.9320106050860816,0.9551602070954764,0.9260728761359476,0.9320106050860816,0.9551602070954764,0.9260728761359476,0.5327661223553585,0.5766949051638424,10
14,4,0.30963384656666426,0.8487738616412069,0.9772475709858773,0.7911525419846094,0.8609380697842115,0.9772475709858773,0.8087724790028268,0.13965381341445357,0.14632193454500161,10
14,4,0.36467696166942476,0.9202217674115711,0.9768830531417043,0.8876980522655821,0.9244682424189969,0.9768830531417043,0.8943820142049823,0.18106078790439611,0.20599225235558277,10
14,4,0.22256294616758526,0.8418151999107054,1.0,0.7965304080767507,0.8418151999107054,1.0,0.7965304080767507,0.017319550909351396,0.015749425370442827,10
14,4,0.4275570755807886,0.9488338074555123,0.9796698246108307,0.9258024155820541,0.9488338074555123,0.9796698246108307,0.9258024155820541,0.22587942601795064,0.2457891977764061,10
14,4,0.2934353009956049,0.8419177062690402,0.9827098950137051,0.7834469132329113,0.848783198526173,0.9827098950137051,0.7931636345279416,0.02721915281186627,0.021367505053488126,11
14,4,0.017842725960321694,0.7515368362741259,1.0,0.7470230376608336,0.7446151300928453,1.0,0.7399755857259603,0.058763678994795204,0.05488637034891106,11
14,4,0.4620735901925814,0.8359027268181022,0.9873642576126783,0.7057987348327124,0.8438902463181516,0.9751740178489593,0.7311187546433322,0.023616647046290854,0.02423452068071725,11
14,4,0.06864498266960006,0.7305439733498059,0.761269390955777,0.7282793742229082,0.7345230636846296,0.761269390955777,0.7325517411085554,0.049388452947127535,0.0454769059633631,11
14,4,0.0057360450787805346,0.7832426163692775,1.0,0.7819921133036576,0.7863582708049294,1.0,0.785125742376934,0.08311481070631103,0.08262099258285747,11
14,4,0.2997869415170296,0.8318776654924026,0.9885549973692357,0.7647983421930548,0.8339784217464047,0.9911765652081534,0.7666761198689553,0.03630298237926315,0.03647659625310401,11
14,4,0.010858885481931126,0.8097388303603404,1.0,0.8076501250962972,0.808686535599546,1.0,0.8065862781432696,0.03621870881969988,0.03630496475815677,11
14,4,0.0905251372248428,0.821782329276817,1.0,0.8040433243208368,0.8146081018043468,1.0,0.7961550057250055,0.028274120338073742,0.029409577539730065,11
14,4,0.15534103854327985,0.7893336826459973,0.9647519963122219,0.7570725402585102,0.7982948987184633,0.9504774099330066,0.7703070475040265,0.05977623574862812,0.05202837317642734,12
14,4,0.06990298188032587,0.796809530623014,0.94506637855708,0.7856670416644741,0.7946446700591776,0.94506637855708,0.7833394774193884,0.04044028993798441,0.04042778323339863,12
14,4,0.18940408179821305,0.838609424788741,1.0,0.8008988552899632,0.8452589288578278,1.0,0.8091020844449262,0.031810224050772065,0.031712901798272214,12
14,4,0.13627844766227631,0.8138979015791985,1.0,0.7845346131318561,0.8138979015791985,1.0,0.7845346131318561,0.024977820856954543,0.017976402031148857,12
14,4,0.11321114978184678,0.7951171964918688,0.941045100406682,0.7764874338562799,0.7910324950668012,0.941045100406682,0.7718812624727959,0.046133557737771114,0.04532833634652345,12
14,4,0.39019066289010407,0.8488787048975108,0.9090803679916447,0.8103582602268621,0.8533700127372266,0.9205909146727185,0.8103582602268621,0.02874005915013143,0.028594179601054162,12
14,4,0.15541945356918818,0.7862619036687943,0.9812781684419961,0.7503750703333096,0.7888644869511999,0.9657660170824167,0.7563111215383497,0.041627074379822805,0.04085907707088948,12
14,4,0.0607940442241342,0.8009147888191043,1.0,0.7880281636242035,0.803149064675429,1.0,0.790407062355184,0.04131322246980817,0.044175592543935216,12
14,4,0.038051098798368835,0.7448838018021918,1.0,0.7347923596782259,0.7434547006020117,0.9326014991979497,0.7359727610605469,0.03851653014981289,0.0372514111837353,13
14,4,0.5236083942635426,0.8256122195278368,0.9375793674188815,0.7025476276846062,0.8382024867684779,0.9375793674188815,0.7289760262731533,0.031707893829222226,0.02788257499125842,13
14,4,0.18886720098237805,0.8363681456701199,0.9843343960362021,0.8019151293695268,0.8408088914741667,0.9843343960362021,0.8073898750701385,0.02279031111352938,0.020911301545391007,13
14,4,0.15890759198634835,0.7927113606693903,0.9720190920401351,0.7588347502694094,0.7963488955977772,0.9720190920401351,0.7631595246862626,0.03628994392254202,0.033616729971359234,13
14,4,0.17880220148927906,0.7874654458021422,0.9475440877948951,0.7526109763288603,0.7744866657597355,0.9483946874722123,0.7366210782055206,0.03488429443967335,0.03496705567633114,13
14,4,0.14948120735043632,0.8070166132439257,0.9769445115347377,0.7771512797338894,0.8265669242535055,0.9769445115347377,0.8001376160483126,0.04002431868628355,0.04070548297530303,13
14,4,0.11861991090877817,0.7956031122266568,1.0,0.7680945028108204,0.7941346649540736,0.965779934207749,0.7710339087663798,0.022416719718751466,0.022937965145029163,13
14,4,0.06726899392725583,0.7904732763701061,1.0,0.7753621116209011,0.7916573091375436,0.9784764915979223,0.7781838228176926,0.040027340164309526,0.04103268125861643,13
14,4,0.09242272323981587,0.8628305889292711,1.0,0.8488620037288854,0.8663860798149752,1.0,0.8527795664276742,0.036732133235672905,0.035355270165988814,14
14,4,0.06940447264905174,0.8246451129469472,1.0,0.8115670214403226,0.8194472202751762,1.0,0.8059814662565711,0.023037276912859495,0.022534069608237086,14
14,4,0.10880089180667532,0.8686374889056888,1.0,0.8526002664425745,0.8697624196794421,1.0,0.8538625329365724,0.031661719008289416,0.03262367445318269,14
14,4,0.35499198983085856,0.7937455873701715,0.9093337069055372,0.7301295455416263,0.8000673170616499,0.9093337069055372,0.7399305551288107,0.024506654118922652,0.019942532294438764,14
14,4,0.0963687491885544,0.8505845721814811,1.0,0.834649999450167,0.8578721922068261,1.0,0.8427148157331372,0.022827185944122176,0.021872337731957295,14
14,4,0.05579151970724104,0.7606370642532717,0.9568309020427939,0.7490443359565723,0.7615886317752231,0.9016363107630286,0.7533134753820302,0.040268364346178004,0.04030837129001727,14
14,4,0.20651827142008833,0.8726673043139465,1.0,0.8395266190767365,0.8721875497052912,1.0,0.8389219994725601,0.01695196975854362,0.01438203010589592,14
14,4,0.08536944301688915,0.7049683828043851,0.8169645088754302,0.6945149305008985,0.7317253852219208,0.8169645088754302,0.7237693679491652,0.1201612345337475,0.09040868608210208,14
14,4,0.15891024347721336,0.8143581809938609,0.9978226929087156,0.7796955423970634,0.8126884006720319,0.9978226929087156,0.7777102842139985,0.027349562954314476,0.029946925341243488,15
14,4,0.1192218602826442,0.8683439234350512,0.9777888835607662,0.8535294870221142,0.8723557505947743,0.9777888835607662,0.8580843538822417,0.007276847694673384,0.007087345570626853,15
14,4,0.11399548116954977,0.8758048209284766,1.0,0.8598255692471362,0.8832002170722054,1.0,0.8681724749192322,0.007092933281308448,0.006754574990848623,15
14,4,0.2716504880845036,0.8659334784298336,1.0,0.8159310614246406,0.8732210833989577,1.0,0.8259367041139015,0.004178138714246856,0.0033507456901630075,15
14,4,0.10017257448867327,0.8414763937095701,1.0,0.8238288789649315,0.837800779991232,1.0,0.8197440804645418,0.003746098848911232,0.0035971391692967087,15
14,4,0.249305533733129,0.8584446362870374,1.0,0.8114341185743603,0.86654312453452,1.0,0.8222221137060622,0.00245243828867874,0.002474698346190589,15
14,4,0.3420304614924216,0.9168075951000801,1.0,0.8735619203761029,0.9280125583602697,1.0,0.890591528290179,0.005687009935197853,0.003102517305721729,15
14,4,0.08437566104101968,0.8626340167165849,1.0,0.8499756096047061,0.8626340167165849,1.0,0.8499756096047061,0.004698449782638765,0.005072970769140469,15
14,4,0.28829580728592075,0.9471198550991066,0.9920260741769973,0.9289293276106448,0.9520561093848612,1.0,0.9326350875743685,0.07521685416410372,0.08303584455900058,16
14,4,0.0741180227296691,0.7685962381372237,1.0,0.7500720744721732,0.7732530862579667,1.0,0.7551017091719135,0.024412281975051953,0.02520472165274375,16
14,4,0.07223324400718224,0.8167845339348258,1.0,0.802519906127578,0.8199804166781316,1.0,0.8059646110845753,0.019141095929108776,0.01947737185756076,16
14,4,0.27191619702150066,0.9834541086150538,1.0,0.9772747432132687,0.9834541086150538,1.0,0.9772747432132687,0.11047341005410868,0.09279669063880562,16
14,4,0.08752736996342679,0.8281736774297624,1.0,0.8116915325302959,0.8277299289644984,1.0,0.8112052182555912,0.016267050307316122,0.016647406699169507,16
14,4,0.10682507234293405,0.8709438723784411,1.0,0.8555085643076741,0.872944452708165,1.0,0.8577484170708631,0.0137232747634258,0.008180827889217342,16
14,4,0.33779710325199136,0.8794527942916562,0.9411781330225667,0.8479660087113692,0.8880467596431473,0.9290967667381814,0.867106691948981,0.03390366915392033,0.03720615680219498,16
14,4,0.3125259289537411,0.8655647168227782,1.0,0.804450394801616,0.8632226836484473,1.0,0.8010436726095097,0.05159477267450499,0.043452167532653824,16
14,4,0.11120738724622023,0.8554973576934293,0.9666802351416203,0.841585948968709,0.8503641606995369,0.9666802351416203,0.8358104768054243,0.04116705781793999,0.03973974666651672,17
14,4,0.0981954087725602,0.7009643253982525,0.6726800386495837,0.7040441357320474,0.6977018414373782,0.6726800386495837,0.7004264074651798,0.06343206975079167,0.06431082533003311,17
14,4,0.4142837993094652,0.8049935413900283,0.935992775092702,0.7123362780584197,0.8011272141075533,0.9359102709494789,0.7057936091890188,0.0329704860715398,0.03312940191550419,17
14,4,0.12307973289551363,0.8615937530453456,1.0,0.8421678091536648,0.8689240282662253,1.0,0.8505269217159547,0.0421727918512919,0.04716648252789637,17
14,4,0.09346057968296294,0.8795181307788825,0.9809105418192589,0.8690649797091002,0.8830586601613136,0.9809105418192589,0.872970523475959,0.031112903434102373,0.02829401736615149,17
14,4,0.21728560004481298,0.8207298403136012,0.8662782289623094,0.8080853700455497,0.8349851553520362,0.8821338311597848,0.8218964370215802,0.1250146304668998,0.08889328828152465,17
14,4,0.051252877726841554,0.7638721004742531,0.9457161200996709,0.7540485878812574,0.7670510794506247,0.9457161200996709,0.7573993005229515,0.10079457887996472,0.09987725495904533,17
14,4,0.11535323480673261,0.8804288575784507,1.0,0.8648374163269259,0.8970913686693913,1.0,0.8836726302750607,0.03756730925504542,0.03270831749508951,17
14,4,0.10006982762691585,0.8603274609347139,1.0,0.8447962482500451,0.8581502852173513,1.0,0.8423769764174078,0.012929507972652491,0.012494746857225297,18
14,4,0.23724152615763228,0.8385409721293824,0.985911695821357,0.7927041094806903,0.8344289849002668,0.9653086656183711,0.7937213477367323,0.019437864168185937,0.0158556620289506,18
14,4,0.41168396939441426,0.8476684548306218,0.9830232694874932,0.7529516623658186,0.8543663951817083,0.9969816675937031,0.7545689761271913,0.011344940611028947,0.010944688506771468,18
14,4,0.1077332863882704,0.7651091283088582,1.0,0.7367481403174314,0.7652327155840326,1.0,0.7368866496591887,0.03571749228574254,0.03723484047032892,18
14,4,0.15055220456386312,0.7509161871923226,0.9492712872795414,0.7157606452448817,0.7559703679942597,0.9492712872795414,0.7217106057122488,0.06117144461037581,0.06112313010521946,18
14,4,0.26534358160244903,0.7832223331467641,0.947016128250285,0.7240632063105413,0.7805411986296574,0.947016128250285,0.7204136982548507,0.027269661484425754,0.027530651470922457,18
14,4,0.12570596035284168,0.8017032807216519,1.0,0.7731921867403152,0.8106870345583461,1.0,0.7834676243268734,0.017842913748850737,0.01827980910108718,18
14,4,0.2023003756764141,0.851193787873297,0.9650276870279864,0.8223249757772254,0.8545374023707148,0.9650276870279864,0.8265165466335525,0.03752721781343068,0.03791193359302193,18
14,4,0.1915708572318929,0.9279385636761284,1.0,0.9108623965767373,0.9279385636761284,1.0,0.9108623965767373,0.1736591689212401,0.13644006243500562,19
14,4,0.20511957326133345,0.8561898741487879,0.9805770111344518,0.8240916671739587,0.862471940860187,0.9941445940177893,0.8284937002124845,0.044261956508922014,0.03791176812533036,19
14,4,0.11862852517582229,0.7774318421751275,0.9219696813041749,0.7579777173506324,0.7855976400780513,0.9219696813041749,0.7672425938938093,0.06330398192401089,0.05521202099128426,19
14,4,0.25755907747602036,0.9259595299048871,0.9920666394443014,0.9030264107420922,0.9259595299048871,0.9920666394443014,0.9030264107420922,0.05881957176872113,0.044700323483715276,19
14,4,0.4925482989196146,0.8283741133296662,0.9565483119534075,0.7039642761705867,0.8405088074015514,0.9604769865342079,0.7240639862876043,0.01983170798071658,0.0194462482068664,19
14,4,0.1888699982753394,0.8321747448867595,0.9712420670508549,0.7997931971182864,0.8431511725643475,0.9712420670508549,0.8133254640227892,0.015834509978897515,0.010153943796565541,19
14,4,0.5754029905988308,0.8205521453904162,0.9454869751605157,0.6512436644355968,0.8547857923325642,0.9638183500249502,0.7070276631424398,0.03216338386156934,0.023640945617133802,19
14,4,0.10920832762385799,0.7807678813492207,0.9678176691650648,0.7578361509085029,0.777152405567066,0.9678176691650648,0.7537774288814878,0.0393591517375343,0.03807121835207283,19
14,5,0.40338194398162497,0.8945391410349393,0.9905191086668597,0.8296457213066815,0.9062131228740135,0.9905191086668597,0.8492126481224445,0.032820200958363195,0.028595631373018533,0
14,5,0.4044104002156269,0.824686098114432,0.9086853597169804,0.7676498855700855,0.8234482795642278,0.9086853597169804,0.7655715777039772,0.030386867707988475,0.02809238302702349,0
14,5,0.4062740391742131,0.779104213232305,0.9014731298677169,0.6953697678634441,0.7960305801990762,0.9186190593712175,0.7121458928591143,0.032090931650155405,0.02976796563401051,0
14,5,0.17009502859157172,0.8139976328666438,0.9613906830329972,0.783788360786134,0.8239142318575898,0.9751590297340129,0.7929155162149334,0.04249464196880684,0.03921745353390383,0
14,5,0.2986900759292122,0.8217169273932595,0.9488633136804059,0.7675648863757999,0.8192099412958966,0.9488633136804059,0.7639901671093007,0.02966094311194107,0.02658373249488903,0
14,5,0.3524652954138905,0.8167944114277512,0.9052235093733582,0.7686607933995033,0.8189401327215713,0.9052235093733582,0.7719744710736468,0.02698408228468923,0.0254920677165308,0
14,5,0.12027955954794672,0.7262537969271631,0.8882482467111938,0.7041051458633969,0.7351450842472294,0.8882482467111938,0.7142120922422914,0.05650653108304098,0.051018950497516216,0
14,5,0.30484665627022756,0.8064738265945647,0.9018506706623743,0.7646480736697809,0.8335148796532275,0.914383409593057,0.7980514798551692,0.021535495059744687,0.017927276109619163,0
14,5,0.6665593246674576,0.8325582136853338,0.8882728133092045,0.7211828217588151,0.8361480677624011,0.8936584615841848,0.7211828217588151,0.016913255413478243,0.010894258694684628,1
14,5,0.11833563035633035,0.793312141852649,0.978877816235326,0.7684058035603955,0.800624280801008,0.978877816235326,0.7766993665080673,0.09154156771431432,0.10066511123582723,1
14,5,0.645414239216885,0.8733043412142095,0.9149759964595513,0.7974539189984924,0.8962868349349423,0.9406885888838011,0.8154671083291507,0.023491122927551962,0.01572731115508637,1
14,5,0.2794994974530727,0.8490953845320942,0.9753621188789816,0.8001134772742332,0.8374590280103892,0.9859428367880548,0.7798585825053943,0.02074725368874383,0.02127678391461796,1
14,5,0.18711408596827409,0.8347213746406621,0.9130699757021107,0.8166867075103199,0.8398055618288222,0.9329403949018199,0.8183673269406951,0.04124829306504845,0.043181066320335686,1
14,5,0.12003279608515668,0.7835854263473547,0.8793690719644917,0.770519963507938,0.7887488789151684,0.8793690719644917,0.776387741926091,0.037025933462862745,0.030865972464814682,1
14,5,0.28591600056126365,0.8617362669308463,0.9833160658029914,0.8130562658807052,0.8794485267953883,0.9833160658029914,0.8378604344077464,0.01939455997419828,0.018114563573094305,1
14,5,0.30197938999949875,0.8599569959962599,0.9727791864157284,0.8111475829887358,0.8453735088221116,0.9727791864157284,0.790254951789583,0.017423311289175396,0.01871439348831299,1
14,5,0.1959198227115104,0.8245528723631428,0.9837864673786522,0.7857544806276854,0.8255075964054928,0.9837864673786522,0.786941829936021,0.03042797810334759,0.028839460536299082,2
14,5,0.46428938870475855,0.8457148486246024,0.9525090733767911,0.7531584865105322,0.856655270293343,0.9621069834874115,0.7652624353850185,0.022317578226192566,0.021195963789817786,2
14,5,0.17704953705407853,0.8075484561809554,0.8233062257096477,0.8041583301336684,0.8038024509502892,0.8233062257096477,0.7996064094539517,0.05765883289675349,0.03910609574658327,2
14,5,0.43093791441390566,0.7857634909883965,0.9437021597155882,0.6661600905325289,0.7954869364994762,0.9510706649062098,0.6776668793658444,0.036897472180911606,0.03323374469253052,2
14,5,0.31808699870183055,0.80537692374946,0.9549683156264805,0.7355981150404219,0.8023361958284595,0.9549683156264805,0.7311390008789209,0.03309228709872552,0.0320321926253658,2
14,5,0.09279469671965253,0.8375647073681303,1.0,0.8209497981939449,0.8238810526692613,1.0,0.8058664927399418,0.019297107801855735,0.01887299937233079,2
14,5,0.2787825885487906,0.7614913023657232,0.9271703433510435,0.6974489883827177,0.7488864992762801,0.9165179143845971,0.6840895059092461,0.042136913515064434,0.040325729771194085,2
14,5,0.3844904779411983,0.797018236375247,0.9324405632084604,0.7124239396146566,0.7958283621292435,0.9102025621617266,0.7243822036887722,0.03208349069452099,0.03114310904185253,2
14,5,0.23388760135258968,0.8049811658923515,0.9441100758133211,0.7625062926522536,0.808294842307304,0.9692761058005429,0.7591486313236184,0.03913184313348775,0.03695475377423101,3
14,5,0.2982303886005448,0.817843983521627,0.8919109156298718,0.786367827264244,0.8221337067685368,0.8862870687247709,0.7948705113330924,0.037453216580610925,0.031215214086140516,3
14,5,0.19410649129603375,0.8027611926163593,0.9763977843998555,0.7609393027169126,0.7938488623309761,0.9763977843998555,0.7498803598303817,0.03239101433605214,0.033358489852926276,3
14,5,0.3193847013895953,0.8326926099542639,0.9273060615693096,0.7882944175345434,0.8222402689772489,0.9188954834889725,0.7768839614014408,0.03597562569872891,0.02980083684811251,3
14,5,0.16548550941381235,0.8426116533553797,0.9596869931909217,0.8193954330607854,0.8318002624357632,0.9596869931909217,0.8064401266621847,0.028226269639926523,0.027632271894361477,3
14,5,0.3011687223673786,0.8018266907549927,0.9258877648849011,0.7483612601323077,0.8011091359864937,0.9088166815134981,0.7546914312930483,0.024461618164235793,0.02713930245143924,3
14,5,0.4504996667998897,0.8205859098448173,0.8666830379202154,0.7827938657209129,0.8210618285419766,0.873544602064676,0.7780346080723941,0.032175004368456675,0.02809735142241449,3
14,5,0.3985236836521465,0.8544443394217018,0.966525453827884,0.7801820993850435,0.8441823707526305,0.9439063502654294,0.778107669914522,0.018372747355855833,0.01953155903941311,3
14,5,0.4816812751368306,0.8305923922941936,0.9086716723429663,0.7580321598125545,0.835758264779651,0.9130875379670381,0.7638950247932161,0.026570876684330946,0.024696192731714438,4
14,5,0.5671926153620093,0.7471234466027764,0.7419014936185473,0.7539667983466467,0.7537170037796193,0.7475067030172238,0.7618555819477205,0.07670343287542734,0.05609061377719152,4
14,5,0.20533527093884058,0.7544938076387041,0.7742794498592527,0.7493813494440954,0.754029993544383,0.7742794498592527,0.7487976893452395,0.061416921049318916,0.05171752568165254,4
14,5,0.488826934507339,0.808389215297946,0.9124957828889753,0.708833707128601,0.8077441403896687,0.9207850827012405,0.6996448271937942,0.023607380092378887,0.02240278722773994,4
14,5,0.289774332412731,0.76094858460063,0.8651466828958896,0.7184354289232833,0.7709029218548693,0.8834238773480092,0.7249940139562954,0.04925695323766002,0.051232709529924134,4
14,5,0.32152516941622533,0.7761033077623134,0.7614097880035673,0.7830664790058017,0.789079724034104,0.771324085497801,0.7974940150750347,0.08496804258373487,0.06603608690858967,4
14,5,0.4021045475018597,0.7581718041562564,0.7795661149312079,0.7437834196697516,0.7613101217112579,0.7821094865912247,0.7473218580968743,0.06469429569440664,0.06201742019869676,4
14,5,0.39071375674404024,0.80681897527544,0.8585714719431317,0.7736319263017731,0.8279261077068794,0.8605302851156633,0.8070181998360898,0.07232716327602277,0.05815727234974252,4
14,5,0.3248543451019698,0.7951813779737916,0.951679244551625,0.7198805720096684,0.7876654207851648,0.9450341915325235,0.7119455689431847,0.040261757092117365,0.0362051759722266,5
14,5,0.6378594283035424,0.8104104944784507,0.9035295579388961,0.6463944266161977,0.8113941968313823,0.8985782819691176,0.6578317543726122,0.04181929609477379,0.02842503821298543,5
14,5,0.412760954790621,0.7894322659532425,0.9279501973781992,0.6920702221705419,0.7985842205673201,0.9371362733449603,0.7011981934302645,0.03106760538700645,0.0340362735020535,5
14,5,0.40628493566745366,0.8398356021185907,0.9736890061506134,0.7482384288059057,0.850123857675613,0.9799272453842124,0.7612981495324435,0.025393144494315043,0.025718251220902797,5
14,5,0.4269067689532702,0.7804441993663229,0.8768578114532248,0.7086240811214135,0.7861627495073069,0.8768578114532248,0.718602475266009,0.025724615123576183,0.025368929712526692,5
14,5,0.24620002323187143,0.8483695474878571,0.9869225648739932,0.8031164867945358,0.8605170416898128,0.9869225648739932,0.8192314968453949,0.031039498037007937,0.031655594536918255,5
14,5,0.08301888541503728,0.7935862058551653,0.8863265798204513,0.785189956077375,0.8106524678776182,0.8863265798204513,0.8038013121358665,0.05381146935500975,0.051696599460330714,5
14,5,0.2786695811538605,0.8612378928220317,0.9277288393918005,0.8355506297494988,0.8604871508030788,0.9277288393918005,0.8345098556474532,0.0261220355031487,0.024500353729197587,5
14,5,0.3618047350183612,0.7712621948611618,0.9346954048193206,0.6786088762505746,0.7595551868289294,0.9346954048193206,0.660264948185597,0.06331009908751728,0.055849925390975594,6
14,5,0.21495358641452306,0.7650411599775753,0.8867816767948484,0.7317073847396083,0.7634618371824354,0.864712113342674,0.7357384954672589,0.09301609647661231,0.0927508990944914,6
14,5,0.16099234741585322,0.7585515758954832,0.9164866843102696,0.7282463173382334,0.7420917781731389,0.9164866843102696,0.7086281438071005,0.06003886133769551,0.057462229532910164,6
14,5,0.07484787504368712,0.8756725157957274,1.0,0.8656140100092795,0.8836896794930292,1.0,0.8742797888374703,0.0270437945387606,0.02499763273028318,6
14,5,0.052916133590338345,0.7672554280864287,1.0,0.7542513602349787,0.7795111385464204,1.0,0.7671918303397569,0.04222452013795008,0.0434399359308029,6
14,5,0.12862603496971722,0.8135235372164218,1.0,0.7859972064036846,0.8136367664108662,1.0,0.786127149687497,0.014664937355288593,0.015207619177515827,6
14,5,0.25288370112917596,0.693333692547824,0.716396108918976,0.6855275327602064,0.7263481941631963,0.7471443058252608,0.7193091325149001,0.07679652819377818,0.07142449999054717,6
14,5,0.30231104465629816,0.8496643527266028,0.947802073032748,0.8071409380749792,0.853115397545479,0.947802073032748,0.8120873325856622,0.02326336520078858,0.01746828435936001,6
14,5,0.4076056128288844,0.8404955349212179,0.9577231416661093,0.7598353674339916,0.8317866170871266,0.9577231416661093,0.7451341514490138,0.022509537564111587,0.01801675833327939,7
14,5,0.2558327890857925,0.8470985345449682,0.9493865754550478,0.8119335414999251,0.8546224093881264,0.9619578386907228,0.8177222049132886,0.012905512639205684,0.011464989980140975,7
14,5,0.261564201259811,0.8510924662351352,0.9463292425909796,0.8173582792136306,0.8456397495378365,0.9378775481588505,0.8129678420227497,0.020714390967010568,0.019683665863227097,7
14,5,0.3957209730548111,0.8449035947035237,0.9530496849516021,0.7740825432409435,0.8579112047249701,0.9530496849516021,0.795608377237208,0.024294271784988636,0.02122734150952573,7
14,5,0.33619944559919585,0.8118350161472345,0.92922900586265,0.7523777077775136,0.8145441347941168,0.92922900586265,0.7564589316163932,0.027352825909604143,0.02847834153809066,7
14,5,0.23670322650177847,0.8543734818478379,0.9830476448618248,0.8144707983696432,0.8618649019728084,0.9661273550361325,0.8295324463671425,0.02329074448229093,0.02144322375745317,7
14,5,0.18108132250501524,0.8928829689281748,1.0,0.8691969862019893,0.8962304971827824,1.0,0.8732847281800419,0.02590340277641024,0.02700760816233316,7
14,5,0.1891615657046213,0.8263090165598914,0.9765701929425531,0.7912543889214484,0.840145688410285,0.9765701929425531,0.8083190361620762,0.02457123227104009,0.02481485647112459,7
14,5,0.1290033947870411,0.8194257507809679,1.0,0.7926808805702731,0.8225462075803498,1.0,0.7962635085400102,0.1378673578714902,0.15994114963925332,8
14,5,0.13134154339972878,0.79814829811576,0.9460681986748449,0.7757827436318938,0.802942630675662,0.9460681986748449,0.7813019813984446,0.025007161866278948,0.02510071546070482,8
14,5,0.2607982018449963,0.8232613105503331,0.9509379285920596,0.7782156511836464,0.8190155935542668,0.9434349593507657,0.7751191271828235,0.024237615546065017,0.024025509571415457,8
14,5,0.14976165769226918,0.8389074716773033,0.9326134149614582,0.8224020323157205,0.8393892296343374,0.955504771066663,0.8189365458356497,0.02536024782354712,0.0255554849656876,8
14,5,0.12511849648049045,0.7881895980639014,0.9510120156903927,0.7649040491012231,0.7883395293537186,0.9510120156903927,0.7650754223548742,0.06918940913484806,0.07136345272706673,8
14,5,0.08945531094843372,0.7942203101107969,1.0,0.7740037448315189,0.7974255368448279,1.0,0.7775238650107598,0.05516875073069483,0.057722960181137,8
14,5,0.06587592543784299,0.8601267407947081,1.0,0.8502626545934453,0.8597210508525926,1.0,0.8498283547470296,0.023076765109267493,0.024532767596751142,8
14,5,0.040799449780471245,0.7729530007429202,1.0,0.7632955910991541,0.7705195397697128,1.0,0.7607586232328925,0.13041692119355228,0.13651668327104458,8
14,5,0.14099738666716338,0.7600459339925738,0.790326373926978,0.7550756779868117,0.7546547380579145,0.8112895984867318,0.7453586460661333,0.05341995276507012,0.05419845064763656,9
14,5,0.5781364520730383,0.8408815016461458,0.9117932123819923,0.7437016313854671,0.8522886193979695,0.9179703638470994,0.7622760765072945,0.06570491962373742,0.05186150133510546,9
14,5,0.31925510455102857,0.8276154197438639,0.8973850911670523,0.7948949044765251,0.8194848132711011,0.8973850911670523,0.7829512137825239,0.024172586387148108,0.02500604677132137,9
14,5,0.5546633150052173,0.8704685376722405,0.9004899797438285,0.8330770692805016,0.8672775611347353,0.8947369824729073,0.8330770692805016,0.055004823532434154,0.057847403544938815,9
14,5,0.5458908383803805,0.7779329146743105,0.8614668909118768,0.6775155785454071,0.8020039217872609,0.8792526285466392,0.7091421941218766,0.05972896538096328,0.052604158212330505,9
14,5,0.2208873200472582,0.7976047202063911,0.9160798160552198,0.7640156809213712,0.7918895665166952,0.9126859577271554,0.7576424135535609,0.040115111716050145,0.04350932668858376,9
14,5,0.43734348928754585,0.8012387964469225,0.9015769219328582,0.723247650742369,0.8033554571267296,0.8852743940806381,0.7396812384088411,0.02664080953654441,0.026135540186135595,9
14,5,0.19064609772724248,0.7570504019218706,0.917340356568541,0.7192935513371604,0.7695546230134984,0.9286236860252985,0.7320853576560694,0.04063374931376009,0.03784554705175045,9
14,5,0.5012981962327101,0.920931789662151,0.9923843003787316,0.8491072755578576,0.9289375343082666,1.0,0.8575050959212227,0.07824370224749305,0.06355451904900905,10
14,5,0.20763104903396223,0.7753060158011646,0.9707607050426338,0.7240893923881242,0.7719235637006874,0.9707607050426338,0.71982060813509,0.028983197780740037,0.027980698009645734,10
14,5,0.19910183478202992,0.8379812177581236,0.8785125172670651,0.8279052100348021,0.8404765160357477,0.8785125172670651,0.8310208349494191,0.020369659772428658,0.01838758262964136,10
14,5,0.4402181421506331,0.8500818058830962,0.8890753761530572,0.8194168659259292,0.8606655940040601,0.9006193575312328,0.8292455483108492,0.02568891123495209,0.027396395659131326,10
14,5,0.1433289343302623,0.8431113606856979,1.0,0.8168624509435859,0.8497101602439223,1.0,0.8245652902510691,0.01928181532250371,0.020343029974480054,10
14,5,0.3781226426846843,0.8054875671073622,0.9039541620530152,0.7456165191281473,0.8049098615900413,0.9092731831489349,0.7414534027191781,0.029730935374288198,0.03304339354826665,10
14,5,0.24414631763695904,0.8639472916663927,1.0,0.820001262799616,0.8589338292147108,0.9908829606489344,0.8163132859710149,0.03858598847634031,0.038788188445247014,10
14,5,0.2042290193260307,0.8916240073012538,0.9572484329972311,0.8747819604948065,0.8884157500627562,0.9572484329972311,0.8707503266247446,0.016083998196655597,0.01732555404588892,10
14,5,0.36946760302148834,0.8117459996006116,0.9500737094324018,0.7306913105348165,0.8278073264894976,0.9500737094324018,0.7561639539165863,0.02520503828367854,0.026611465679005568,11
14,5,0.04058407495349006,0.7143621331305448,1.0,0.7022794187457245,0.7195926573484743,1.0,0.7077311983976788,0.027154151117068884,0.025638653574429553,11
14,5,0.219775202780945,0.7795965783399017,0.9642287095014748,0.7275890489579301,0.7868621751520446,0.9642287095014748,0.7369012328798453,0.04251473576984463,0.03917892282666669,11
14,5,0.20056861087360786,0.8180118429453209,0.9623387232533512,0.7818018037989516,0.8038841067558778,0.9825499319017168,0.7590588011105146,0.0658442488420094,0.07691442621616151,11
14,5,0.378221811157288,0.8419923467022075,0.9781431493893371,0.7591730968364468,0.8585502741547004,0.9856172041077076,0.781256658445096,0.014049523627270162,0.01323202518582113,11
14,5,0.1657739261440764,0.8118179414258052,0.9704002421034426,0.7803051280240597,0.8118179414258052,0.9704002421034426,0.7803051280240597,0.026334533842135844,0.025210215331436716,11
14,5,0.4475576641174274,0.7064562229514352,0.7706398394350873,0.6544582720302043,0.7201973806494097,0.8236401189861057,0.6363939004799922,0.06382716322302565,0.06705134908028869,11
14,5,0.3862608777331218,0.7761271269327908,0.9031591233365891,0.6961786787225994,0.7916390586858375,0.9031591233365891,0.7214531498948988,0.035226594924735476,0.02468416266279644,11
14,5,0.16626902516777778,0.7703495180717981,0.9311061668983369,0.7382901942653314,0.7676208969562448,0.9311061668983369,0.7350174106001902,0.05959508266888181,0.06621886628465858,12
14,5,0.016905536328061195,0.794132373315807,1.0,0.7905922225263475,0.7946933333144832,1.0,0.7911628289323496,0.060816462181957506,0.056677013842281396,12
14,5,0.04552756163401253,0.8294605817573589,0.962426861605583,0.8231181979883747,0.8294605817573589,0.962426861605583,0.8231181979883747,0.020380108963109135,0.01957458547644455,12
14,5,0.6612722775068791,0.8277478549712217,0.8988168277800237,0.6890053240574571,0.8203540134103313,0.8915118115245446,0.6814380756328554,0.03078934549077532,0.027304063162038816,12
14,5,0.2754670843778443,0.8002502182980488,0.9312434058308731,0.7504466680866114,0.8099543646634815,0.9312434058308731,0.7638403264783764,0.03254851509730829,0.0346405736109189,12
14,5,0.1673600754515153,0.8134782525297495,0.9448509982427291,0.7870724173222682,0.809698275409744,0.9448509982427291,0.7825326672952019,0.020168018437058528,0.019949892731366707,12
14,5,0.12414501184080845,0.7502515972242213,0.6910151507279374,0.7586478608193452,0.7581427868634909,0.6910151507279374,0.7676575596233159,0.04639542667146114,0.04778975511096665,12
14,5,0.37781846544041015,0.8402102012675587,0.9784757352287059,0.7562487383137007,0.8406584145474045,0.9784757352287059,0.7569691281918141,0.022359596558714757,0.022207113420180735,12
14,5,0.09521616427953786,0.9036603673803408,1.0,0.8935219343933734,0.9035672687574707,1.0,0.8934190384096092,0.037475725733406066,0.0381821281639103,13
14,5,0.217125747658145,0.7705076678432933,0.9181890140378471,0.7295490814397491,0.7812259345521048,0.9181890140378471,0.7432399988211158,0.029021318584681596,0.026385116188272068,13
14,5,0.22065418066800402,0.8213839956592669,0.9463076693490438,0.7860146766993197,0.8213839956592669,0.9463076693490438,0.7860146766993197,0.05920936373394453,0.05106366228511459,13
14,5,0.1099329484084764,0.8173611340660235,0.9409633634125513,0.8020949162258866,0.8329289974098057,0.9409633634125513,0.8195855797842617,0.02449522501835249,0.025223400005171877,13
14,5,0.3011977304073903,0.7471781946291388,0.8962537201941422,0.6829236666842817,0.7482656758230007,0.8962537201941422,0.6844798739852338,0.04309313842673295,0.03143059852827581,13
14,5,0.3632464591777086,0.8321786247968536,0.9335985557710367,0.7743219684069343,0.8358306775426182,0.9335985557710367,0.7800573943003632,0.04340986357689755,0.04367903973491177,13
14,5,0.11528776245370823,0.7451675134087774,0.9750511387207846,0.7152111415375437,0.764836515664354,0.9750511387207846,0.7374432317255665,0.06202906917344986,0.05777822443176145,13
14,5,0.2530762853065903,0.8055980034104998,0.977664805556029,0.7472975019604305,0.8226394472544531,0.977664805556029,0.7701130097676078,0.030389550927041403,0.031549632747981865,13
14,5,0.047708907706570915,0.797539495683939,0.9361849866009126,0.7905934841296778,0.7889549978821692,0.9361849866009126,0.7815789108849619,0.0695985235893759,0.06837579707344935,14
14,5,0.12683252959423472,0.8014508311061936,0.8874847020855676,0.788953923173942,0.7996758093657641,0.8874847020855676,0.786921069453905,0.049517120637067445,0.052745000052265394,14
14,5,0.2987788656638891,0.8029770419768012,0.9619446302392383,0.7352435505392637,0.8177076921000036,0.9672709126075872,0.753981248072327,0.02683578681321446,0.023354959068864322,14
14,5,0.21409210779283644,0.8326299486327853,0.9418990310246051,0.8028635492902942,0.8358710964688046,0.9418990310246051,0.8069876303284893,0.020837311701255582,0.019311350411717592,14
14,5,0.13319556507571484,0.8058999785372247,0.9757407129632721,0.7798017818929867,0.812034802648097,0.9757407129632721,0.7868793000316752,0.03363617452022533,0.034292404293463155,14
14,5,0.09310827515597513,0.7813898255616639,0.9461846492054045,0.7644707586391593,0.7899561842291326,0.9461846492054045,0.7739166036422571,0.03219361147030551,0.03301085593330722,14
14,5,0.10825261342880298,0.7558652266089166,1.0,0.7262287761450124,0.7677349733104541,1.0,0.7395394366305756,0.06411543333043809,0.060696002710199544,14
14,5,0.2524964433840703,0.8033164987921989,0.9251225007442806,0.7621721028846137,0.8128924617531611,0.9224017205035504,0.7759017369500867,0.024609731624289068,0.027501620298987006,14
14,5,0.6588213544643252,0.7692958054621025,0.8444107678674868,0.6242476263922971,0.7781561938220081,0.8522017722942975,0.6351730120211193,0.027466453863227703,0.024658619869118718,15
14,5,0.3273144365604508,0.7686759138215117,0.8947505056752267,0.7073307085131241,0.7730380756310591,0.8947505056752267,0.7138154051479723,0.06414735029859685,0.06398564211543031,15
14,5,0.1807672721848148,0.7789577630842576,0.91479651765578,0.7489843498072234,0.7862528986778763,0.91479651765578,0.7578891888669054,0.09697555056552992,0.09629699807134703,15
14,5,0.023879465744086115,0.687754522825005,0.86239186277229,0.6834822570232325,0.6899859717897455,0.86239186277229,0.6857682953621774,0.20698404289880104,0.2029992967328758,15
14,5,0.18563965339435093,0.923867442690395,0.9810713600101788,0.9108273733546197,0.9209519498949555,0.9810713600101788,0.9072472717354882,0.08429822345131849,0.06671135742725688,15
14,5,0.036227268899077895,0.6651061195299638,0.9192024438026781,0.6555548886550459,0.6700228562912409,0.9192024438026781,0.6606564407145866,0.14887766833106994,0.15261650167512059,15
14,5,0.05961410109445448,0.7295238160716668,0.8425379805898766,0.7223594829648702,0.7170927872074667,0.8425379805898766,0.7091404110087002,0.08175974968865715,0.08370612528106698,15
14,5,0.36799847323316054,0.8989296929879986,0.9914187016848154,0.8450756870247604,0.9084879763274497,0.9914187016848154,0.8601995165324975,0.056963097675608636,0.05413854512917756,15
14,5,0.265179288652135,0.7971301171980262,0.9496393401753696,0.7420931719439392,0.7913768809902684,0.9496393401753696,0.7342637298515888,0.04536517879188739,0.0383021243786611,16
14,5,0.10139294956248683,0.7846152315452958,0.9693144709155955,0.7637749758934124,0.7929308430016512,0.9526007916335077,0.7749147290167984,0.10572288975841407,0.1065216225861856,16
14,5,0.17578044646705362,0.7767796269453945,0.9018713182704071,0.7501014521117871,0.7722394232233206,0.9018713182704071,0.7445929638666192,0.03222109546648138,0.03376605426616417,16
14,5,0.30137476064458285,0.8224749054802504,0.8983614912565249,0.789738754055832,0.8230651888620438,0.9023770927433947,0.7888514148641822,0.074099235350242,0.069786934235813,16
14,5,0.16384229144137463,0.7874540362711339,0.8988906489803895,0.7656184067124198,0.7996716884863824,0.8988906489803895,0.7802300667978234,0.0470262850551078,0.04323278300519029,16
14,5,0.16196980473170114,0.7829343169801407,0.8754335001791884,0.7650565904672019,0.7806779321182423,0.8754335001791884,0.7623641041169027,0.068662328773155,0.06359296814610228,16
14,5,0.20016293024560014,0.7108189409380392,0.907793786750668,0.6615250737075075,0.7065325695117242,0.9179800500655771,0.6536168584235836,0.03459709244419469,0.033712374966240806,16
14,5,0.18557217634133047,0.7988141069405933,0.9415534566056921,0.7662901054300554,0.7997396520914519,0.9415534566056921,0.7674265414947036,0.04319462897553898,0.042337784968981856,16
14,5,0.06168728032969693,0.843282537295364,1.0,0.8329794966866674,0.8466936621198242,1.0,0.8366148783168545,0.04274565678946016,0.04046023560945275,17
14,5,0.08979835634593136,0.79698572115043,1.0,0.7769568092246519,0.8097759742074107,1.0,0.791008918607396,0.020688750862406992,0.023115399972692456,17
14,5,0.12360012818626218,0.7694640996125133,0.9855772096525177,0.7389853090937566,0.7681532646824532,0.9639697462224224,0.7405369413605041,0.034616608628268625,0.034984099978693214,17
14,5,0.3686781713826997,0.8648475512323646,0.9254084183712593,0.8294813263656918,0.855769650247148,0.9254084183712593,0.8151021293005456,0.01908083944016113,0.016116843720616912,17
14,5,0.16280454810865383,0.8329151170532861,1.0,0.8004230880981918,0.8294594138723065,1.0,0.7962953743448826,0.017135133279161358,0.018299247193704366,17
14,5,0.2866223688176392,0.8304422539703396,0.969378871221644,0.7746200069423854,0.8225071644769079,0.9632183328241759,0.7659719345679652,0.023335362508926916,0.017200780573528262,17
14,5,0.4868997089964469,0.8427366651741134,0.9582161401759556,0.73315395052882,0.8630210533112804,0.9580698318874926,0.7728257767919287,0.02015085212226502,0.015243504082297136,17
14,5,0.3539579702723952,0.8025621093819442,0.8834425182403358,0.7582487922338501,0.8082986391726861,0.8834425182403358,0.7671282915957736,0.020636817716226972,0.020161960074107702,17
14,5,0.23049440028591128,0.8368319752534795,0.9490541973195048,0.8032174131457163,0.8232458490550616,0.927208721738068,0.7921052569658376,0.026493432183949304,0.027946973382166635,18
14,5,0.15861910909694438,0.811892948629413,0.8664030132138529,0.8016165827472252,0.8106637831293608,0.8391755060867678,0.8052886859014351,0.03156583233454003,0.028294778730304358,18
14,5,0.48310670561860886,0.8406188379969493,0.8791628203246191,0.804594272528311,0.83511683343547,0.8654218476661273,0.8067926981684036,0.020669184197942277,0.020839592788218637,18
14,5,0.1723268896931905,0.8154054396306772,1.0,0.776971659377824,0.8435651969906551,1.0,0.8109944601784197,0.030984377703810326,0.0266622809361764,18
14,5,0.06890836596181839,0.8486899051495593,0.9691855202789407,0.8397722480247513,0.8437666324302339,0.9691855202789407,0.8344846130172567,0.03441183689594127,0.03125472767795144,18
14,5,0.8828489463266632,0.9175683318067316,0.9225232986328544,0.880227760771632,0.9273938293961681,0.9336526063477453,0.880227760771632,0.06637122120857894,0.03486020819620617,18
14,5,0.1534985222791999,0.8202795496329761,0.8788666619708229,0.8096557818013136,0.8276178055539931,0.8929256326883769,0.8157753513796843,0.015030556305432584,0.014417988945300478,18
14,5,0.23102089273620824,0.8129297192809527,0.9702440118375204,0.7656685024763767,0.817677147692544,0.9702440118375204,0.7718421791949599,0.021876249392392078,0.02074334104352455,18
14,5,0.020154248168223324,0.7458597853247414,1.0,0.7406324268894822,0.7550297218516104,1.0,0.7499909779774737,0.0384389008042165,0.035304070077476546,19
14,5,0.2589768010582809,0.7637480842688514,0.9063420222289462,0.7139135825205293,0.7625906858744059,0.8935475869413348,0.7168231588074342,0.04786401244725447,0.032994137075220094,19
14,5,0.2540029220962167,0.8258885279660491,0.9622331384464508,0.7794648481690631,0.838740501382565,0.9693848622890419,0.7942576871617861,0.01809122766391907,0.019190808020218896,19
14,5,0.20538615781660896,0.8107070640395667,0.9179105749549624,0.7829978598418847,0.8152038174174868,0.9111791565461936,0.7903967915360501,0.036626625144393306,0.034712397186442895,19
14,5,0.15756431431634602,0.8008793500694354,0.9697785779611461,0.7692894121269073,0.8117442590549875,0.9697785779611461,0.7821864310568862,0.03543718992872516,0.03502548660920316,19
14,5,0.13178162342111902,0.7979147383453067,0.9007470965876878,0.7823064357857585,0.8117421771144369,0.9349364624177842,0.7930432606304865,0.02113832023662461,0.019686900068402843,19
14,5,0.13774430978774524,0.8242626407777617,0.8871292105346702,0.8142197818460255,0.8384738258276926,0.902026864418151,0.828321304325165,0.02825385412279666,0.027123159887787303,19
14,5,0.17638067359153853,0.807566874764495,0.9005922974932392,0.7876451874073236,0.799399626161953,0.9005922974932392,0.777728896785348,0.02166158470447689,0.022114105812196447,19
20,3,0.0,0.6581917016316203,,0.6581917016316203,0.6623725972185034,,0.6623725972185034,0.07096548191621901,0.07784750402716772,0
20,3,0.03191030210513763,0.8547497288829992,1.0,0.8499619700190472,0.8505804451403732,1.0,0.8456552577880504,0.037020959393773346,0.034438491528146015,0
20,3,0.003860236807682291,0.7155765837556001,1.0,0.7144743872758261,0.7129220737183651,1.0,0.7118095904919612,0.05434820012656884,0.05498468221398702,0
20,3,0.08786461678226763,0.8817786786428282,1.0,0.8703905982244395,0.8817786786428282,1.0,0.8703905982244395,0.02045407329882689,0.018605798603938142,0
20,3,0.005597016684124568,0.7594993651388445,1.0,0.7581457026011761,0.7594993651388445,1.0,0.7581457026011761,0.10866151618052367,0.11027810693564788,0
20,3,0.06240252659353055,0.8284360008030681,1.0,0.8170174258537545,0.8232011360567364,1.0,0.8114341506265799,0.04415973146486758,0.044778563609393335,0
20,3,0.16251211842980115,0.7790402722890977,0.9841690576817105,0.7392356205458579,0.7851873095157146,0.9841690576817105,0.7465754726940368,0.05838602109101979,0.06454494218889348,0
20,3,0.006530660107156261,0.8623135746093192,1.0,0.8614084805017419,0.8617477369296604,1.0,0.8608389232371768,0.08316290917928026,0.08367251335396748,0
20,3,0.06159588667127844,0.8651621872250652,1.0,0.8563115710387971,0.8716279241806064,1.0,0.8632017123581971,0.056603434685074304,0.061802258544183405,1
20,3,0.06633444207586553,0.8077253098292698,1.0,0.7940647070689595,0.814594572888527,1.0,0.8014220129061053,0.055722370788153563,0.061337784927620646,1
20,3,0.09128377277851314,0.802873131870156,1.0,0.7830710377731627,0.8137967330025997,1.0,0.7950919534399203,0.02903616032172575,0.029936233292306363,1
20,3,0.06061224393404474,0.8303095375452616,1.0,0.8193605767597163,0.8422767132751625,1.0,0.8320999121966801,0.025450803404736187,0.025574227741758316,1
20,3,0.12277535596198147,0.8138771914878528,1.0,0.7878276564878622,0.8156085241498741,1.0,0.7898013044853144,0.030592003838151405,0.03256863138036517,1
20,3,0.028508922310083867,0.8511620327954504,1.0,0.8467943034963661,0.8564813646288053,1.0,0.8522697339511712,0.05138963793238423,0.050568184103588716,1
20,3,0.19187908093299855,0.8445220866261113,1.0,0.8076056321455056,0.8509449502389819,1.0,0.8155535313538148,0.04384264485252551,0.03599828409240036,1
20,3,0.02912127053637892,0.8126760526150291,1.0,0.8070573165317347,0.8144349420991345,1.0,0.8088689634766391,0.06635315795640667,0.06811732621134432,1
20,3,0.00647753073556646,0.8782018179557006,1.0,0.8774077227116222,0.8831715344681923,1.0,0.8824098405964557,0.10650830658882413,0.10484170567904996,2
20,3,0.006724780085259237,0.7688858990523214,1.0,0.7673211851922404,0.7683920551991706,1.0,0.7668239978636436,0.13302127695268828,0.1349266804018082,2
20,3,0.0,0.855872636293671,,0.855872636293671,0.8656585436431203,,0.8656585436431203,0.12264258184021926,0.12023154863297986,2
20,3,0.018742122050820837,0.8241619513754337,1.0,0.8208034273395426,0.8272145811989985,1.0,0.8239143626931978,0.03872448952139379,0.041711654880094234,2
20,3,0.003491397378242451,0.846247341085622,1.0,0.8457086486660894,0.8470322596482136,1.0,0.8464963172928593,0.1028012984559509,0.09601006729982196,2
20,3,0.015105259961088868,0.7959578597225077,1.0,0.7928284800572382,0.8051309347584167,1.0,0.8021422418867984,0.10779725208303942,0.11065397146768258,2
20,3,0.002120838033946841,0.8256337649185017,1.0,0.8252631764171163,0.8286865370964708,1.0,0.8283224367908415,0.06764281689074882,0.06994008497423408,2
20,3,0.009205507717935955,0.9347019736242224,1.0,0.9340952872826542,0.939591759035891,1.0,0.9390305038686954,0.13443486151674489,0.11369850670977111,2
20,3,0.01968091047142698,0.8133620640805042,1.0,0.8096151162278719,0.8134740513296499,1.0,0.8097293517358223,0.07111011300210518,0.06755514302601752,3
20,3,0.01476144244147116,0.7641551125310165,1.0,0.7606215411895583,0.7644409062351862,1.0,0.760911616828577,0.05539002764155242,0.055128764503918175,3
20,3,0.03452104913998072,0.7490009910186292,1.0,0.7400264306562161,0.7520292991836676,0.9143964665648818,0.746223802379316,0.08400687878229714,0.0817314563637117,3
20,3,0.06127985235235525,0.7973046007862599,0.8653987982198215,0.7928593969891139,0.8032610883572259,0.8653987982198215,0.7992047253448464,0.08431027759276238,0.08208229099141187,3
20,3,0.07777165926799454,0.7960530918248642,0.9632440500767222,0.7819538523376758,0.7834860405258811,0.9632440500767222,0.7683270196500052,0.166401391337243,0.16672148484975868,3
20,3,0.054195887875630996,0.7826632068751801,1.0,0.7702095070863458,0.7661797953298115,1.0,0.7527815731896056,0.05915740774770319,0.05659424824759411,3
20,3,0.043995816275265665,0.7849855801581047,1.0,0.7750905032610138,0.7946801347466804,1.0,0.7852312063600363,0.08220166482769727,0.08148019859929614,3
20,3,0.025071228448551596,0.830394035460672,1.0,0.8260324554075618,0.8377891157374278,1.0,0.8336177072665129,0.04632468956973067,0.04531942912312409,3
20,3,0.02769476668412342,0.7525636516864881,1.0,0.7455157703207319,0.7570181800383224,1.0,0.7500971797374466,0.027297365346514307,0.025915633919162084,4
20,3,0.03513218086886312,0.914959123674998,1.0,0.9118626669489492,0.9176041808583102,1.0,0.9146040343475366,0.11302984922703908,0.1117178855632196,4
20,3,0.06068584526033205,0.9085658383982317,1.0,0.902658592824986,0.9135423465876084,1.0,0.9079566160308173,0.049199099778892585,0.05021817499709176,4
20,3,0.034878879428416346,0.8235336250086127,1.0,0.8171562395330476,0.8284270403056856,1.0,0.8222264998276051,0.024564065470627172,0.022719628967213624,4
20,3,0.02797486199108202,0.9209557378357073,0.901779856045082,0.921507619289873,0.9209557378357073,0.901779856045082,0.921507619289873,0.12896889323695027,0.1250012371719641,4
20,3,0.020680686043125375,0.7922448957831725,1.0,0.7878576463713283,0.7876061416756451,1.0,0.7831209337981994,0.0314741462172047,0.030670920205458474,4
20,3,0.048533823713920454,0.8824238264764994,1.0,0.876426323442791,0.8835806863293079,1.0,0.8776421941501703,0.04147424782971184,0.03916410894060586,4
20,3,0.022064787349105237,0.7523447619568986,1.0,0.7467570092176342,0.7590047863569098,1.0,0.7535673012634212,0.022763565404154078,0.021963281494781196,4
20,3,0.0,0.690418550443731,,0.690418550443731,0.6899266734191574,,0.6899266734191574,0.37768361337762935,0.3732945304860023,5
20,3,0.0025709128355644937,0.8118791048015456,1.0,0.8113942157700066,0.8265408337602907,1.0,0.8260937359137662,0.23246125157396966,0.23057457840909346,5
20,3,0.0026451955573948117,0.75777235526596,1.0,0.7571299163997965,0.7703387635909249,1.0,0.7697296534933458,0.16623603162864667,0.1682458779659499,5
20,3,0.0031770794267318085,0.8117865558842701,1.0,0.8111866809728959,0.801707579012977,1.0,0.8010755803317745,0.2535236226097404,0.236539226423966,5
20,3,0.01918298395665052,0.7966310998487441,1.0,0.7926535767378371,0.796309204371939,1.0,0.7923253855752249,0.1875289179769702,0.18505336864345848,5
20,3,0.0011241405635747641,0.8115000042779574,1.0,0.8112878653125164,0.8115000042779574,1.0,0.8112878653125164,0.1828887397067316,0.18066333964348244,5
20,3,0.0,0.6686892968940676,,0.6686892968940676,0.6702468549263934,,0.6702468549263934,0.47138713390641224,0.4750934416967988,5
20,3,0.003863600994276232,0.7778507854710528,1.0,0.7769891605700971,0.7724871984794711,1.0,0.7716047704434685,0.21972175475450623,0.2141332856549144,5
20,3,0.25249417736902185,0.8907529741001983,1.0,0.8538512709970772,0.9029982869534345,1.0,0.870232832829113,0.04133351547324711,0.03856877328719907,6
20,3,0.002350644919818347,0.7392621908888212,1.0,0.7386478447728528,0.7416766868740072,1.0,0.7410680297535689,0.08809533896231134,0.09050143713562821,6
20,3,0.004472786760397079,0.7553609448299659,1.0,0.7542618103085901,0.7528487405156506,1.0,0.7517383189555612,0.06761174470617604,0.06714965612239893,6
20,3,0.002898132490751105,0.7759129109060331,1.0,0.7752615892158198,0.7759129109060331,1.0,0.7752615892158198,0.12479164150065052,0.12323987667675142,6
20,3,0.002305826916072924,0.8179041912922346,1.0,0.8174833394637385,0.8179041912922346,1.0,0.8174833394637385,0.06607665664675748,0.06262299817615878,6
20,3,0.09887217790971152,0.8506064796696713,1.0,0.8342149507893453,0.8499781286232085,1.0,0.8335176567639481,0.041073783099462746,0.042942952041468245,6
20,3,0.011387073632129282,0.9303988361684037,1.0,0.9295971537745227,0.9305469934183588,1.0,0.9297470175341432,0.07394889753661289,0.06851067419893339,6
20,3,0.010895186680195644,0.7980510870015821,0.7384246713486057,0.7987078838555272,0.7980510870015821,0.7384246713486057,0.7987078838555272,0.08240712299422343,0.08430424377315836,6
20,3,0.2196289172483896,0.8620592068763102,1.0,0.8232369238525514,0.8644621967331897,1.0,0.8263162151153779,0.028081195428741438,0.026004555518940636,7
20,3,0.09656309971173128,0.9133282956446531,0.9763222761177474,0.9065952365724356,0.9150437191340014,1.0,0.9059632378986396,0.04672436427397641,0.03227980958143278,7
20,3,0.11708046700462346,0.8888013414416329,0.9689960275770271,0.878167041312189,0.8901127739092308,0.9689960275770271,0.8796523776521259,0.03537484011406177,0.03291422285858201,7
20,3,0.0734266350746251,0.8476223496922332,1.0,0.8355471287262405,0.8492318326100186,1.0,0.83728415568893,0.033145506206547534,0.03181455042515578,7
20,3,0.09143011701680694,0.9449375472335568,1.0,0.9393965683898178,0.9480423001022901,1.0,0.9428137550332262,0.04699029635740612,0.042534977458263915,7
20,3,0.07037302516589164,0.9170230878500581,1.0,0.9107417121101191,0.9170230878500581,1.0,0.9107417121101191,0.053554208305525784,0.048336557550743564,7
20,3,0.15401870697400621,0.8821405573187184,0.98332133481683,0.8637196623777175,0.8816729514888485,1.0,0.860130419565299,0.028710489194893853,0.028987993138029234,7
20,3,0.08887666284442582,0.9293122936674718,0.9645196496582662,0.9258779481947653,0.9274522107174029,0.9645196496582662,0.9238364211322756,0.04278331219600061,0.04021607437302484,7
20,3,0.04846716339623655,0.8440376139029615,1.0,0.8360935323538559,0.841865605430048,1.0,0.8338108907156904,0.030818779719126013,0.03287058541156537,8
20,3,0.12290571040272753,0.8927815999479537,1.0,0.8777572704283859,0.8982612653379668,1.0,0.8840047918807594,0.057086256450797554,0.05372904487882027,8
20,3,0.05731255551100205,0.9805160187994189,1.0,0.9793314514641249,0.9805160187994189,1.0,0.9793314514641249,0.19853177489804696,0.19861838652488362,8
20,3,0.04680051155858496,0.8288643108443786,1.0,0.8204618327739066,0.8415903961603551,1.0,0.8338127477400753,0.059819966133363954,0.056128588857153466,8
20,3,0.009305802185979532,0.804393019178911,1.0,0.8025556410316138,0.8104857708954107,1.0,0.8087056232662362,0.060868717048032574,0.06598143925353232,8
20,3,0.14941731666823843,0.9837145016420175,1.0,0.9808537151330289,0.9837145016420175,1.0,0.9808537151330289,0.15908570540028955,0.15165377996179463,8
20,3,0.04044860225039486,0.7960636779245908,1.0,0.7874670157808198,0.8006036216782345,1.0,0.792198334774561,0.030092754181980097,0.028268172672946026,8
20,3,0.11073747234156629,0.9303670964195794,1.0,0.921695898101346,0.9299587152561176,1.0,0.9212366623292765,0.07667599397278899,0.07564548714265788,8
20,3,0.019055489190444648,0.842660145377176,1.0,0.8396037157158113,0.8324211237028938,1.0,0.829165794343651,0.057837299024821376,0.05483243136760293,9
20,3,0.006559800584806394,0.846161423920692,0.34334198083236955,0.8494815988831754,0.846161423920692,0.34334198083236955,0.8494815988831754,0.12017447482959424,0.11793263633050705,9
20,3,0.014872375092250808,0.8068521488918917,1.0,0.8039362147354308,0.8062529555025812,1.0,0.8033279753823148,0.060675141332477964,0.0606483848141363,9
20,3,0.025115012148172237,0.848659859558382,1.0,0.8447610309652033,0.8528690144130332,1.0,0.8490786221755533,0.0435589115975458,0.04160650412044377,9
20,3,0.11446073692408422,0.9085312424484822,1.0,0.8967084110603954,0.9060735656112886,1.0,0.8939330662059429,0.26024767437152885,0.2367069653465518,9
20,3,0.01949266419549012,0.8221243371312713,0.8579708904149641,0.8214117011313056,0.8150912802557617,0.8579708904149641,0.8142388258057589,0.09091734061007287,0.08922307709256491,9
20,3,0.06414864447324903,0.869995753426,1.0,0.8610845132549643,0.8775326261339124,1.0,0.8691380066472673,0.04531902390454594,0.044261581482938475,9
20,3,0.05706558297490181,0.9012253181784501,0.9002170920537317,0.9012863351596302,0.9203662388980826,0.9002170920537317,0.9215856480005177,0.12624025706464917,0.12698672234966613,9
20,3,0.29176815403256307,0.9902566645090011,1.0,0.9862427317460011,0.9902566645090011,1.0,0.9862427317460011,0.03863855060591444,0.037259155852493765,10
20,3,0.0,0.8403177939804111,,0.8403177939804111,0.843529452685699,,0.843529452685699,0.1331918881814534,0.13265429606689913,10
20,3,0.02646492076692629,0.8794757785773576,1.0,0.8761994056571765,0.882755906390528,1.0,0.8795687016210717,0.08073041124851904,0.08414158692435991,10
20,3,0.0,0.7488941374324247,,0.7488941374324247,0.75124920187841,,0.75124920187841,0.07352912611814534,0.07585638554335662,10
20,3,0.18704933017402686,1.0,1.0,1.0,1.0,1.0,1.0,0.08968753361321823,0.0832087317186275,10
20,3,0.06566721564009761,0.9871693096316327,1.0,0.9862675370241265,0.9871693096316327,1.0,0.9862675370241265,0.09244313007768809,0.07985896529503587,10
20,3,0.10662880056461053,0.9402285572525503,1.0,0.9330945045181385,0.9402285572525503,1.0,0.9330945045181385,0.0622678495334338,0.06206953093338747,10
20,3,0.0708522301508695,1.0,1.0,1.0,1.0,1.0,1.0,0.10305274570730437,0.09494197594038964,10
20,3,0.015807864255811842,0.8390356104443705,1.0,0.8364502380077264,0.8336687191616297,1.0,0.8309971449704785,0.12320145628989147,0.11548683089498823,11
20,3,0.0,0.8046348885939595,,0.8046348885939595,0.8039903313160851,,0.8039903313160851,0.09665578955523184,0.09475970890189192,11
20,3,0.005212215227963737,0.8038249195811273,1.0,0.802797055390233,0.8038249195811273,1.0,0.802797055390233,0.1963102414297653,0.18893239723309194,11
20,3,0.0,0.7856712021952262,,0.7856712021952262,0.7921089755495373,,0.7921089755495373,0.1735164930471212,0.16441459636382139,11
20,3,0.03721526260027412,0.8561013630621711,1.0,0.8505391378279759,0.8505660818517818,1.0,0.8447898971146895,0.03342581435110499,0.03151516607987942,11
20,3,0.0,0.8330001750074049,,0.8330001750074049,0.8271451008797774,,0.8271451008797774,0.08147271681384981,0.07690769197370168,11
20,3,0.0,0.7849678030066631,,0.7849678030066631,0.7857365036031608,,0.7857365036031608,0.08078060089882629,0.08158589347222736,11
20,3,0.0454578040428921,0.8119904571695227,1.0,0.8030369494122128,0.8174430874301812,1.0,0.8087492482333154,0.02891677328084732,0.02536371287883809,11
20,3,0.07147596597471947,0.8618301589202391,1.0,0.851194114512281,0.8689042886128373,1.0,0.8588127968870718,0.08999683537797186,0.09218172371539542,12
20,3,0.1629922337818067,0.8241059648981868,1.0,0.7898537597846367,0.8596689046107965,1.0,0.8323419434645704,0.07215814651902609,0.07122562502788446,12
20,3,0.06073870073900383,0.844416632788941,1.0,0.8343556076105011,0.8511169963801006,1.0,0.8414892599779854,0.06349892189406069,0.05911942756593321,12
20,3,0.013565209421957325,0.7888785442231374,1.0,0.7859752537183454,0.7930172024316747,1.0,0.7901708257400015,0.03260894242899929,0.03037613810248105,12
20,3,0.06560212514847237,0.8204507400433191,1.0,0.8078449611358429,0.8413963469749715,1.0,0.8302611154266268,0.09109116126466323,0.09080229129476873,12
20,3,0.10600324136786918,0.8383340274069717,1.0,0.8191649231028679,0.8306824850640454,1.0,0.8106061198756239,0.0939063917647671,0.09747519419585253,12
20,3,0.03711328375787136,0.7934718871823372,1.0,0.7855115151825101,0.8141545396003637,1.0,0.8069913549904001,0.06582076061322685,0.06885384045870135,12
20,3,0.08433481763961327,0.8600354351782544,1.0,0.8471443847401215,0.862652752763367,1.0,0.8500027631469163,0.05746102784896751,0.06039171124578019,12
20,3,0.013829808269142577,0.8116647149451183,1.0,0.8090235472192394,0.8116647149451183,1.0,0.8090235472192394,0.021944554146552164,0.02204547819987107,13
20,3,0.008929566023461094,0.8360371001480362,1.0,0.834559790877744,0.8320754695144784,1.0,0.8305624658665818,0.019659787738598142,0.018846627601479884,13
20,3,0.3479332298763205,0.8489553573384652,1.0,0.7683601594467302,0.8491873905520672,1.0,0.7687160021674962,0.02151413364300289,0.02267025386044199,13
20,3,0.0133528015406661,0.8049073947025612,1.0,0.8022671066191853,0.8009023434821286,1.0,0.7982078529906478,0.019742940027574696,0.018972463080935146,13
20,3,0.0,0.839415313058863,,0.839415313058863,0.8412618624028798,,0.8412618624028798,0.014561371102600116,0.01458027493759408,13
20,3,0.014479901663309279,0.8559957783285442,1.0,0.8538799747316177,0.8649306173177541,1.0,0.8629460901810029,0.026660407504266296,0.025099551718133918,13
20,3,0.0,0.8007996072911284,,0.8007996072911284,0.7988310939108328,,0.7988310939108328,0.016173773786547142,0.016264789352826776,13
20,3,0.006540969243300695,0.807793622624171,1.0,0.806528129066954,0.807793622624171,1.0,0.806528129066954,0.021267797629910313,0.02057819145912913,13
20,3,0.0065088942004955675,0.7975523139753333,1.0,0.7962259703757002,0.7915691221088884,1.0,0.7902035794035839,0.06567423950000222,0.06347808611960191,14
20,3,0.02149418696371648,0.7596747574158682,1.0,0.7543956925116188,0.7638469127110403,1.0,0.7586594947697024,0.03907547934137774,0.036305450716483945,14
20,3,0.0011501836427189268,0.7904215466580299,1.0,0.7901802153738343,0.7937227376836162,1.0,0.7934852077475881,0.09000658600025667,0.06927453598663548,14
20,3,0.01266497017077111,0.8401497643669877,1.0,0.838099296790209,0.8405176399678272,1.0,0.8384718912892649,0.06426661864915317,0.062336120392009364,14
20,3,0.014487246615328471,0.7329241711444782,1.0,0.7289980997828092,0.7290100516716426,1.0,0.7250264419230881,0.07378992280588674,0.07332620031013712,14
20,3,0.006849086758992346,0.7374675749792678,1.0,0.7356570672990727,0.7390572693779813,1.0,0.7372577247394669,0.05585291877793134,0.05800523196635766,14
20,3,0.040896454523028855,0.9777584541004037,1.0,0.976810068105279,0.9777584541004037,1.0,0.976810068105279,0.21681523268559805,0.21024451113862613,14
20,3,0.02939342051368322,0.7912315514262154,1.0,0.7849093000335181,0.7858438341259504,1.0,0.779358423484632,0.04142640317972921,0.03975587612817931,14
20,3,0.028179422278082046,0.8746227583305447,1.0,0.8709872536725278,0.8781980473182426,1.0,0.8746662136263075,0.027483054228510728,0.02896053675299837,15
20,3,0.014067442707100477,0.8291560280835333,1.0,0.8267183990905448,0.8280376994494675,1.0,0.8255841139654686,0.04022349731970531,0.03939176593452122,15
20,3,0.02482035236680805,0.9860159887053151,1.0,0.9856600665030031,0.9860159887053151,1.0,0.9856600665030031,0.15675090564369099,0.16876559198505628,15
20,3,0.0210184758825013,0.9594284973298364,1.0,0.9585574378364937,0.9627886574459181,1.0,0.9619897397066549,0.10026007428891251,0.1113598569052563,15
20,3,0.002745722980478267,0.966765414664457,1.0,0.9666739104545425,0.966765414664457,1.0,0.9666739104545425,0.25500623709721965,0.2926556505673189,15
20,3,0.007082074910577164,0.937850678820581,1.0,0.9374073932910197,0.9403141031308961,1.0,0.939888388193084,0.13633205278965804,0.14355874050241157,15
20,3,0.022494869619076967,0.8225393577225418,1.0,0.8184555387363505,0.8244794416960852,1.0,0.8204402689574466,0.057842442588478094,0.05926198296696785,15
20,3,0.035340193948662474,0.9597240549503682,1.0,0.9582485506320677,0.9597240549503682,1.0,0.9582485506320677,0.12959783380424697,0.14111334360350483,15
20,3,0.05821887211805703,0.7657701931013072,0.9621535725532312,0.753630197388995,0.7753162471495215,0.9073508721277723,0.76715415224319,0.05638231118848943,0.05742175125714792,16
20,3,0.043882224017805664,0.8377203131676049,1.0,0.8302722834896678,0.8324077654718384,1.0,0.8247159097570395,0.07051848730512572,0.06653383502061459,16
20,3,0.012614457676625968,0.8454141416380356,1.0,0.8434392122065963,0.8571430996031896,1.0,0.8553180148246246,0.05800067548588201,0.05508817596370853,16
20,3,0.057983022287386145,0.8218119350411128,1.0,0.8108441045387952,0.8354496130966297,1.0,0.8253212088566301,0.05858211977134113,0.05578519208613251,16
20,3,0.09118571451475244,0.7854056376505806,1.0,0.7638743516945927,0.7964389950987858,1.0,0.7760147390371115,0.0511411302117502,0.05199696993538149,16
20,3,0.023322088993306147,0.7390081576894888,1.0,0.7327759342468404,0.745410167381454,1.0,0.7393308175096005,0.07209789884958624,0.06966361059495059,16
20,3,0.07280979931296368,0.7518856547612759,0.9544996513115764,0.7359749123743379,0.7493539162439719,0.9544996513115764,0.7332443631133253,0.06285358639687992,0.06307497881497584,16
20,3,0.01657309267022521,0.8114348885939023,0.8163720450000846,0.8113516857142199,0.8166610634794509,0.8163720450000846,0.8166659341312568,0.06795692970265889,0.06877991146620452,16
20,3,0.014067340057749497,0.729105636147067,1.0,0.7252405008382619,0.7363689167930078,1.0,0.7326074143619159,0.1268544926292947,0.12906107387210952,17
20,3,0.0,0.7310563948282375,,0.7310563948282375,0.730368363123923,,0.730368363123923,0.08826437959574807,0.08829935338480417,17
20,3,0.09698659421056784,0.799608850098793,1.0,0.7780861849708409,0.804195003866105,1.0,0.7831649066574837,0.04539379199069524,0.03920437018879103,17
20,3,0.007934137858867547,0.7120316206945252,1.0,0.7097285671296407,0.7175604770595242,1.0,0.7153016410312727,0.12326994711725174,0.12664073613420604,17
20,3,0.0,0.6831889418829092,,0.6831889418829092,0.6770081852706918,,0.6770081852706918,0.11707098333819997,0.11721864019711382,17
20,3,0.002035176993311277,0.6655747746088146,1.0,0.6648927720882765,0.6661972373318968,1.0,0.6655165042166361,0.4560170041338205,0.46310318748826096,17
20,3,0.08672592670276053,0.8689153912975821,1.0,0.8564673929380735,0.8778128318986251,1.0,0.8662097483395798,0.04022634262703763,0.04201022131338158,17
20,3,0.03517156798588006,0.839929351178272,1.0,0.8340941834730411,0.8411394406153027,1.0,0.8353483851496069,0.052231723149085266,0.05167881755850419,17
20,3,0.0,0.8344908667897961,,0.8344908667897961,0.8344908667897961,,0.8344908667897961,0.12262091429657138,0.11731664542742695,18
20,3,0.012281169845807537,0.8159925613843516,1.0,0.8137046363822757,0.8268127507827499,1.0,0.8246593626343907,0.12088863073572363,0.11437684771480008,18
20,3,0.07991497176475809,0.8718593117277172,1.0,0.8607295148383608,0.8757314799228391,1.0,0.8649380043543229,0.04258048400645265,0.04211126572639418,18
20,3,0.015033416896634266,0.8479397702890646,1.0,0.8456188947732274,0.8495588652338807,1.0,0.8472627017536782,0.1658800759899849,0.16994930461971638,18
20,3,0.0,0.8821967224967252,,0.8821967224967252,0.8779538268295782,,0.8779538268295782,0.16479200669820926,0.16548365408401775,18
20,3,0.008135572624581148,0.9167929940792647,1.0,0.916110505000255,0.9167929940792647,1.0,0.916110505000255,0.2379887555820266,0.22984578031726885,18
20,3,0.008652022643820204,0.9259679013131209,1.0,0.9253217836946469,0.9259679013131209,1.0,0.9253217836946469,0.12340455194395517,0.11888427672624495,18
20,3,0.0040403014967739905,0.775954980153793,1.0,0.7750460985691368,0.775954980153793,1.0,0.7750460985691368,0.25757946786583524,0.2615438949446065,18
20,3,0.017294274594850993,0.8000814210270922,1.0,0.7965631278982469,0.8000814210270922,1.0,0.7965631278982469,0.1307200453333273,0.13076890977887984,19
20,3,0.01658567836484879,0.6974882664083689,1.0,0.6923862842584638,0.6957092349943489,1.0,0.690577248763575,0.13710075632439592,0.13416305153499086,19
20,3,0.05105289958437797,0.8181898238293585,1.0,0.8084085234139903,0.8189938457586513,1.0,0.8092558013380607,0.06902706692132408,0.06415943125814566,19
20,3,0.0,0.6560054959956799,,0.6560054959956799,0.6652623747366294,,0.6652623747366294,0.21003675262412863,0.20867075726707235,19
20,3,0.02443413681208706,0.7803301626453104,1.0,0.7748282861837111,0.7823855072475087,1.0,0.7769351091874208,0.04170949862256632,0.04350011619955455,19
20,3,0.00899340805329559,0.7371576793300932,0.717247961813339,0.7373383604832855,0.7377168447904047,0.717247961813339,0.7379026003832573,0.10656218777688173,0.11217652919798118,19
20,3,0.0028075467419408713,0.7407511499758989,1.0,0.7400212474762768,0.7416116962979922,1.0,0.740884216624591,0.13376030071934666,0.13325918453950883,19
20,3,0.03591033070151733,0.8348244796346875,1.0,0.8286720357811719,0.8362184856418676,1.0,0.8301179656065526,0.060747384837412724,0.0577995797342865,19
20,4,0.08333154763127229,0.8286333377836935,0.9427410783156736,0.818260149319897,0.8357062347219162,0.9427410783156736,0.8259760218580494,0.020426616371847676,0.019818280944571373,0
20,4,0.49806171999989673,0.807579201445449,0.9227719919412606,0.6932760656776018,0.8283177826638408,0.9224388281395601,0.7349236510231627,0.0442931325278315,0.04895308866096929,0
20,4,0.399312253889025,0.8120813556714771,0.9357836720546726,0.7298491958079374,0.8236831843724624,0.947558880017662,0.7413357691797827,0.061667679929839916,0.06195408803875351,0
20,4,0.40955628326266535,0.9249659510580196,1.0,0.8729192185216191,0.9210684414699716,1.0,0.8663182344183671,0.09081004856619163,0.08903888484611186,0
20,4,0.09230093663899086,0.8268728924753371,0.9721082840052763,0.8121043825005589,0.8268728924753371,0.9721082840052763,0.8121043825005589,0.03245335905712512,0.032554959653613526,0
20,4,0.48816336464251875,0.8797900115912772,0.9402783328049676,0.8220993728885023,0.8817377044482528,0.9402783328049676,0.8259046746633845,0.05297530913070341,0.04781299950629395,0
20,4,0.3041531623425749,0.8680938834421738,0.9867082526774136,0.8162477967032854,0.8640942241743523,0.9735581041239149,0.8162477967032854,0.0970748878297391,0.09566739096044313,0
20,4,0.5688257979029809,0.8728427917217133,0.9195526083165977,0.8112209494007562,0.8728427917217133,0.9195526083165977,0.8112209494007562,0.04218798400334195,0.03888450959144333,0
20,4,0.1309124909991025,0.9286708557976475,0.9435855234668542,0.9264242278381176,0.9234709796183312,0.9435855234668542,0.920441083303807,0.05519607018860854,0.04901637859360069,1
20,4,0.14351631765460277,0.8870444539793745,0.9476567764554643,0.8768879763890005,0.8906525214983039,0.9289431106924495,0.8842363754873017,0.057747908655210095,0.05129877829039411,1
20,4,0.03395805920183312,0.7793877174527003,1.0,0.7716328109263821,0.7747985337104331,1.0,0.7668823093710609,0.10441023890475276,0.10007751042699577,1
20,4,0.2913199944025402,0.8049041453227793,0.9634105952453512,0.7397462493196586,0.8101839265664477,0.9760224615088068,0.7420120003239347,0.032854245753725184,0.03166427887264265,1
20,4,0.10116744542983351,0.8390471583465152,1.0,0.8209312281413143,0.842818621417851,1.0,0.8251271854997339,0.023268203447117712,0.018984395492352063,1
20,4,0.19720427672580437,0.9430313486300634,0.9755159247863305,0.9350516133625237,0.9457921859955537,0.9755159247863305,0.9384906418543925,0.07202171380666252,0.06707379292263155,1
20,4,0.02705897585384233,0.7139197836021539,0.9106214261629998,0.708449210500217,0.713234567229959,0.9106214261629998,0.7077449372141805,0.11258603996993535,0.11347890728084734,1
20,4,0.08707340847244184,0.8418316584698203,1.0,0.8267458271036624,0.8395787259958543,1.0,0.8242780137056582,0.03579914471660031,0.03290122274713912,1
20,4,0.10858478969863793,0.8366703314465901,0.9703776612945868,0.8203832161663797,0.8336031005535735,0.9703776612945868,0.8169423607069135,0.03921814789977859,0.04206725102893757,2
20,4,0.3051117127592984,0.830233015010127,0.9691198616326875,0.7692505456969428,0.8397934366679257,0.9691198616326875,0.783008759547059,0.05810860716161057,0.06317023936619082,2
20,4,0.147242379184883,0.8222046870939308,1.0,0.791505454110018,0.8217699650619767,1.0,0.7909956702964903,0.07008436280462488,0.07070956553441503,2
20,4,0.2606211734379166,0.8585496257669603,0.9884302187518544,0.812768449278681,0.8517632279590029,0.9884302187518544,0.8035899367704014,0.04178126369935704,0.042999220069553125,2
20,4,0.01659880285563394,0.7798874533280696,1.0,0.7761721794613423,0.79641682987309,1.0,0.7929805549168726,0.07283011103682703,0.0684184062120996,2
20,4,0.2697605167977107,0.8217596792493218,0.9887555808915801,0.7600690944940794,0.8419358335319832,0.9887555808915801,0.7876985978923121,0.06822790159107364,0.05197842676378833,2
20,4,0.21553303055028636,0.8341232204085038,0.9866635775119549,0.7922126152101835,0.8371763467403583,0.9866635775119549,0.7961045908455585,0.06674051275994407,0.06249350355289055,2
20,4,0.10090228686609388,0.842695076348516,1.0,0.825041348283292,0.8356080665019172,1.0,0.8171589905116363,0.04075597352491809,0.04001694823090495,2
20,4,0.0950537099284413,0.7900826981684315,0.9745615736249111,0.770705413894269,0.7960551219801129,0.9745615736249111,0.77730516890427,0.016650948300870903,0.016548792568221775,3
20,4,0.05036893892745829,0.8588586885669224,1.0,0.8513724779877476,0.8495760786885708,1.0,0.8415975135211605,0.012501485534676234,0.011657932831535633,3
20,4,0.08545921438923186,0.8501625367118208,0.9531650057126717,0.8405374765510701,0.8509931991942289,0.9531650057126717,0.8414457602443483,0.029631015183057188,0.02942123053376507,3
20,4,0.20221716644343407,0.8519294974942124,0.956447116453031,0.8254370037223866,0.8478716425438679,0.956447116453031,0.8203505882473199,0.03110185960552156,0.031807272105885666,3
20,4,0.14596037610636362,0.7767173626125207,1.0,0.738557051522369,0.777727117158189,1.0,0.7397393790367117,0.020894080540872335,0.02270789406830969,3
20,4,0.1099839744634285,0.8075217789491952,0.9668343711929229,0.7878346816674656,0.8074333668218868,0.9668343711929229,0.7877353439872761,0.014175058102652063,0.01425756177809168,3
20,4,0.05646004098585094,0.8277455551992753,1.0,0.8174381030129306,0.8279408424943357,1.0,0.8176450760120014,0.01984440617669801,0.019268516230506353,3
20,4,0.07384161653230516,0.9536562542023299,1.0,0.94996131695731,0.9567496667053801,1.0,0.9533013639279674,0.03397841867121364,0.032192791535173654,3
20,4,0.10559272371238532,0.7818620528990873,0.9772659658232663,0.7587928852651168,0.7897683111604589,0.9772659658232663,0.7676325475431205,0.03528291952878324,0.042018762439030924,4
20,4,0.05485719072985115,0.9605916493015175,1.0,0.9583043426750357,0.9639492064926662,1.0,0.9618567764006242,0.1504128337211388,0.13370596446651897,4
20,4,0.07431270413514285,0.7253451686542464,0.9268872416180818,0.7091656915177993,0.7257893765479211,0.9268872416180818,0.7096455597148235,0.03910177150470365,0.039734834186137366,4
20,4,0.01438380294033386,0.7557251006464544,1.0,0.7521602221206618,0.763892987850775,1.0,0.7604473091517875,0.11226964268715765,0.10611916079233312,4
20,4,0.1554647082843369,0.9010182087431678,1.0,0.8827973298122902,0.893691709547174,1.0,0.8741221456395719,0.06751217202120711,0.07111791556187233,4
20,4,0.20593865964841407,0.824585778087583,0.9761527787813936,0.7852770957684144,0.820915862701139,0.9761527787813936,0.780655393136702,0.016928271745381297,0.01784948957237435,4
20,4,0.20784952688303202,0.870914521533861,0.9850306500294905,0.8409719990933833,0.8740326601789548,0.9850306500294905,0.84490829497518,0.08877680828436774,0.09371503532218514,4
20,4,0.024009640746338236,0.8407284580294667,1.0,0.8368103327451636,0.8311238499578257,1.0,0.8269694485800929,0.05610249688785541,0.05130858225531491,4
20,4,0.14093952748391192,0.7716791994359309,1.0,0.7342203396981543,0.7709964231409527,1.0,0.7334255454818887,0.06979818651684451,0.06818461354627674,5
20,4,0.2254768537609788,0.8333876460923831,0.980867237637778,0.7904538300313871,0.8255120700430985,0.980867237637778,0.7802855399195584,0.0655300956709722,0.0638657612424012,5
20,4,0.16971875654339047,0.7959916316131223,0.9320265011737355,0.7681845853979731,0.8029758932193756,0.9320265011737355,0.7765965080582713,0.08163366467300129,0.07656333861361288,5
20,4,0.21849016794226733,0.8207274762563305,1.0,0.7706074621330853,0.8262763628206667,1.0,0.7777076755107291,0.04213364470425776,0.036855852391074334,5
20,4,0.22189031477069612,0.7795862217241192,0.757634585872101,0.7858460787614989,0.7837229942620478,0.7610713028573115,0.7901824832406543,0.06900011211857802,0.07783078060191793,5
20,4,0.20030909725170842,0.8576755991679096,0.9509807407785716,0.8343042332804856,0.8577559751335375,0.9509807407785716,0.8344047420712595,0.058616459480809575,0.05812101472505614,5
20,4,0.3788881893434354,0.7582731642511878,0.8100360569951242,0.7266969675496686,0.7530548660382144,0.8100360569951242,0.7182954235386839,0.17156321069570407,0.1479496082221785,5
20,4,0.19823409438576658,0.8124528163458327,0.9670402239150302,0.7742315668160877,0.8143794492845716,0.9670402239150302,0.7766345536795202,0.04670979649830005,0.04103229171950938,5
20,4,0.12336005421039486,0.8039947643366802,0.93849220475755,0.7850683948264094,0.809328292207006,0.93849220475755,0.7911524523644468,0.07211263731637169,0.05211875088408127,6
20,4,0.012768174106442563,0.8009401358952165,1.0,0.7983656331939953,0.8058506531614447,1.0,0.8033396596966189,0.06644598447746408,0.066047595050056,6
20,4,0.28652888425141476,0.8053084415828979,0.9153012245526748,0.7611355119654586,0.8227944313592185,0.9381901346617703,0.7764516973860345,0.06045812914412787,0.05757538879461989,6
20,4,0.1935622709786927,0.8483495085783721,1.0,0.8119501531684651,0.8494095199562743,1.0,0.8132645899064245,0.058909558774237473,0.06209974596419635,6
20,4,0.4104719323197799,0.8493570066573594,0.9311511125683056,0.7924060546225418,0.8445260832225072,0.919381919465259,0.7924060546225418,0.05000332233113328,0.04892039441711025,6
20,4,0.1268892639140078,0.8337230610733882,1.0,0.8095580181822032,0.8334623809393568,1.0,0.809259453380217,0.06256479678079839,0.06264300621266919,6
20,4,0.03283335164463709,0.8196763737320873,0.9277979790253522,0.8160058639052514,0.8271927767747979,0.9277979790253522,0.8237774336295506,0.06562053463386606,0.06373148595866088,6
20,4,0.1407019929227973,0.9983547531225536,1.0,0.9980853593702115,0.9983547531225536,1.0,0.9980853593702115,0.0759296863092176,0.08375665658953792,6
20,4,0.029601546782874286,0.7603987356525069,1.0,0.7530898121764806,0.7644926506365978,1.0,0.7573086101048145,0.04218558515763094,0.04131131447960795,7
20,4,0.002938903079368231,0.7980920003227518,1.0,0.7974968632305182,0.7980920003227518,1.0,0.7974968632305182,0.14066432901431344,0.14018575922031995,7
20,4,0.037955977660513604,0.8057822467144642,1.0,0.7981196818694017,0.8057822467144642,1.0,0.7981196818694017,0.048604617487532295,0.04708402294113049,7
20,4,0.05166434669512948,0.7871080458877504,0.9645456982471899,0.7774414258926875,0.7826547469501387,0.9645456982471899,0.7727455158295233,0.04610790501262402,0.04419042864569106,7
20,4,0.0910485078376987,0.8043353692619831,1.0,0.7847358935815695,0.8100362000396626,1.0,0.7910077692832285,0.03992798349619718,0.03766242869882275,7
20,4,0.029788859091350386,0.79426419425153,1.0,0.7879473888995047,0.7917484974865507,1.0,0.7853544514873211,0.046255827133278284,0.047573831533234016,7
20,4,0.0036905596710934954,0.7888833255105963,1.0,0.7881013007166638,0.7810776784971181,1.0,0.7802667397885837,0.07579693037759586,0.07435731063405858,7
20,4,0.024954988088211845,0.7576378505916149,1.0,0.7514349117758355,0.7529758555519322,1.0,0.7466535991361843,0.09739104768180985,0.0973852320643019,7
20,4,0.009985413530726298,0.8627425819897595,1.0,0.8613581861457752,0.8612802744798749,1.0,0.8598811296156288,0.025045144680789864,0.02525126291468662,8
20,4,0.027638301454625862,0.6909292719881919,1.0,0.6821442797734945,0.6876813947431383,1.0,0.678804085224581,0.19394983458720197,0.19069390703559708,8
20,4,0.14348943262275626,0.8177814545262853,1.0,0.787254760870384,0.807326069632769,1.0,0.7750478071073593,0.018569253781413695,0.017315289476641266,8
20,4,0.14450025728411175,0.84035746333097,1.0,0.8133926537929451,0.8411533219841554,1.0,0.8143229388806518,0.021860592214018055,0.021975567644598428,8
20,4,0.10375143446615852,0.6901619852336489,0.8599897167247919,0.6705024048092778,0.6938010790511551,0.8599897167247919,0.6745627670318256,0.11743967440083387,0.11600280478505635,8
20,4,0.00901142806579103,0.7820672423198564,0.741925867527265,0.7824322627869436,0.7767598419284474,0.741925867527265,0.7770766002276367,0.05258789803991422,0.053170192256590726,8
20,4,0.05350736572350124,0.8645154052671644,1.0,0.8568561552130828,0.8632154531787283,1.0,0.8554827138978951,0.03010293901180114,0.028983824017926714,8
20,4,0.0355260093844966,0.7234054356780111,0.8297234941354514,0.7194892529926801,0.7252047681765565,0.8297234941354514,0.7213548631761099,0.09286254365922732,0.09425473502375235,8
20,4,0.011338009705369712,0.7251798362790386,0.7408487675077864,0.7250001444368437,0.7251798362790386,0.7408487675077864,0.7250001444368437,0.18208341070005715,0.1795278395094056,9
20,4,0.14677253973856022,0.8210836571907749,0.9692913000741511,0.7955889173145014,0.828943288212264,0.9692913000741511,0.804800565307032,0.06555298999922735,0.06171317626139265,9
20,4,0.1343420993083884,0.8360512601071312,0.9232557733318558,0.8225179262504012,0.8353477156375257,0.9232557733318558,0.8217051981865283,0.03582594807069822,0.03494208322030837,9
20,4,0.06026552828916664,0.71599263729072,0.9722735519143482,0.6995572449802673,0.7283260368360749,0.9722735519143482,0.712681590118848,0.0569598691557161,0.057864815391495156,9
20,4,0.04396783967554685,0.6583197779839882,0.8450334613729635,0.6497328311874584,0.6546790179321114,0.8450334613729635,0.6459246328830821,0.11408055068391186,0.11516459884473157,9
20,4,0.12722595092570305,0.8284519138085708,0.9768290768817892,0.8068226895120068,0.822205005966716,0.9768290768817892,0.7996651579051945,0.03229772708107246,0.03172155902032374,9
20,4,0.021737167175333583,0.7742649723466971,1.0,0.7692491014899252,0.7813223361889682,1.0,0.7764632811617558,0.08315872823035933,0.08229720014790201,9
20,4,0.04605026737520582,0.83776477765467,1.0,0.8299331539210778,0.8462889995530448,1.0,0.8388688678343469,0.04854998292280972,0.04659272752693071,9
20,4,0.1593758869629609,0.8419554409754747,0.9925295189900278,0.8134077502002254,0.8440453480598954,0.9925295189900278,0.8158938876450225,0.06540200114456014,0.07827630061531944,10
20,4,0.07783881507525305,0.8237341036909017,1.0,0.8088556543144002,0.8267997865874497,1.0,0.8121801088096283,0.06411328394825913,0.06383553867845208,10
20,4,0.16967285579299982,0.8613415198904613,0.9710395535700362,0.8389253207102377,0.8722618874228487,0.9481204985243915,0.8567605910098764,0.044072417986684126,0.04031322683092233,10
20,4,0.27401550165933464,0.8590916699024782,1.0,0.8059072467530828,0.8559419303523375,1.0,0.801568669886304,0.11100427055611564,0.10986647878886314,10
20,4,0.1596046187930321,0.8018343807157915,0.9810034631027168,0.767807286167993,0.8115948291911597,0.9810034631027168,0.7794214010163519,0.08679902339597403,0.07122152466147987,10
20,4,0.01504638103467049,0.8303020885248665,1.0,0.8277097436797104,0.8371087832969613,1.0,0.8346204191074986,0.058791675709654566,0.05838902833493255,10
20,4,0.10384818587943159,0.8626947975131578,1.0,0.8467835468016258,0.8615822112959146,1.0,0.8455420314693884,0.08954226378291659,0.07920710417717039,10
20,4,0.15978485732948475,0.7864672819687155,0.986012740781269,0.7485194504576452,0.7951084662852599,1.0,0.756143964433301,0.08118190140864469,0.07853327834719374,10
20,4,0.23232259767561922,0.8656571047968105,1.0,0.8250008469750119,0.8744742401287134,1.0,0.8364863163990258,0.01818569525882089,0.018265170009946492,11
20,4,0.22257710916305887,0.8221253331771072,0.9877330871511687,0.7747116339292612,0.851400208833005,1.0,0.808855909803455,0.026630735638690714,0.027445733207683003,11
20,4,0.5010200590685938,0.8439444711834714,0.9437591339685331,0.7437217084184283,0.877936309488439,0.9617898420132421,0.7937399353009996,0.023444131080031943,0.021797359817125238,11
20,4,0.2848989880559249,0.8671179276869163,0.9910084206745434,0.8177594797300771,0.8681651102493952,0.9910084206745434,0.8192238638450319,0.035692977597028545,0.03489282603878433,11
20,4,0.14899981741476997,0.7490540274011892,0.9599107014336655,0.7121355794684497,0.7510521762663921,0.9599107014336655,0.7144835799813671,0.03572014857873834,0.038209966215864685,11
20,4,0.4956912288521902,0.8641677562269173,0.9656475396366055,0.7644220420536076,0.8845023637900878,0.971272495855529,0.7992149449468824,0.023136351997440265,0.02192806362750384,11
20,4,0.32467965635117185,0.8220221180513214,0.9900955551323609,0.7412159846267242,0.8462340074501015,1.0,0.7723065890195394,0.026163132241637386,0.025793783970806675,11
20,4,0.172468835193236,0.8969121728571485,1.0,0.8754272569699254,0.8955073198887563,1.0,0.8737296133908823,0.014229025759267,0.014730580281146106,11
20,4,0.04648496790275574,0.8405122749860066,1.0,0.8327370627149924,0.8507050048414777,1.0,0.8434267000173559,0.08695418648657131,0.09875563816939384,12
20,4,0.09479505509787306,0.8348953627275106,1.0,0.817605241550751,0.8403309373207559,1.0,0.8236100414845748,0.055460319695044606,0.057015454044662094,12
20,4,0.17034112882864275,0.838987244120761,1.0,0.8059289649348139,0.8387645412824954,1.0,0.8056605379390888,0.05347615863496272,0.047447560069822044,12
20,4,0.10640535935034216,0.7870691422506088,0.9267126938352138,0.7704409960964248,0.7981144714128813,0.9267126938352138,0.7828015549671029,0.057676340622074884,0.05575661244922607,12
20,4,0.12066979083392762,0.813595953642981,1.0,0.7880158734296205,0.8121457986299042,1.0,0.7863667147882359,0.06739843281908908,0.07294641705385782,12
20,4,0.1884020467977019,0.8017335997087506,1.0,0.7557085999182775,0.8143108251968415,1.0,0.7712054668564772,0.04599328734765244,0.04385459565325678,12
20,4,0.07480039961914735,0.8141594815840045,1.0,0.7991346750047282,0.8146571172642278,1.0,0.7996725434603768,0.04133504887102303,0.04334402008143887,12
20,4,0.10541813386435603,0.8089397056581594,1.0,0.7864250309843969,0.7996440916237916,1.0,0.7760340154873775,0.06788224468729084,0.06536379159233208,12
20,4,0.05836179737910535,0.8781120077347945,1.0,0.8705575114455313,0.8740678653626327,1.0,0.8662627171594608,0.10204677278398884,0.10447010469564275,13
20,4,0.1422602928152053,0.9081813964017537,1.0,0.8929528354241567,0.9081813964017537,1.0,0.8929528354241567,0.06963754481870656,0.0680309713820918,13
20,4,0.17405828001015286,0.8566480740062041,0.984025250513462,0.8298047123999212,0.8520807360166612,0.984025250513462,0.8242748573520383,0.04972479572953721,0.04640557370622982,13
20,4,0.029788414687720133,0.7679886331108733,0.9357906322994533,0.7628366068797611,0.7745423576991524,0.9357906322994533,0.7695915505307067,0.08867046862013327,0.09422752596892967,13
20,4,0.8297258199419909,0.9979170565706914,1.0,0.9877671210714453,0.9979170565706914,1.0,0.9877671210714453,0.24462264298261938,0.1106123836920155,13
20,4,0.6774748479804267,0.9007295005424028,0.9907203130533359,0.7117007948934878,0.9215027271869647,0.9962990833848405,0.7643904842274746,0.11714299257967865,0.09065303349697565,13
20,4,0.03301491759402762,0.8369804695417383,1.0,0.8314146376977711,0.8396925944215415,1.0,0.8342193602619032,0.03758469623944572,0.03841480814632802,13
20,4,0.11208422613125563,0.8406295688985611,0.9323865022482088,0.8290468206589826,0.8392041400472928,0.9323865022482088,0.8274414557209798,0.05377628216461275,0.05757677747778246,13
20,4,0.14067329953979538,0.8084815195099729,0.9788214228555103,0.7805965762932967,0.8076825876043684,0.9788214228555103,0.7796668578228049,0.06354421379656065,0.06657221867084757,14
20,4,0.05039869102959837,0.8020540891889444,0.8932223763072136,0.7972154666104296,0.8191299904480642,0.8932223763072136,0.815197646181806,0.0604778867647038,0.061366851689361096,14
20,4,0.06861415792917028,0.8766987369296247,0.9571475812954905,0.8707721601413565,0.8797483464607923,0.9571475812954905,0.8740464310110821,0.09734901650613648,0.09563172032833116,14
20,4,0.1378591964458152,0.7703800422946318,0.9464292304504459,0.7422291886126747,0.7959108980314203,0.9464292304504459,0.7718425135261198,0.03840707588220719,0.03509613285362428,14
20,4,0.057385849249942576,0.7931347825998929,0.9531329880830861,0.7833941767615294,0.7861585222767633,0.9531329880830861,0.7759932054122467,0.07987929894398559,0.08247904373907722,14
20,4,0.13906748997607377,0.898494054553527,1.0,0.882097674016687,0.9024992468069853,1.0,0.8867498299137234,0.06488867986348561,0.06695231723581761,14
20,4,0.21657088382853745,0.8414942643807626,0.9346563819538617,0.8157405596413434,0.8475744488830477,0.9271285171843808,0.8255825487499862,0.02172573147047899,0.02139039350449265,14
20,4,0.12229015986184645,0.8501508744963059,0.9059729541859718,0.8423732574104641,0.852630136035842,0.9262465521789506,0.8423732574104641,0.07163028705596139,0.07726297633280131,14
20,4,0.08357407701334461,0.7362036740202851,0.9709660483907844,0.7147943617525422,0.7280488888048439,0.9709660483907844,0.7058958954271196,0.0957534892842951,0.09566953702488046,15
20,4,0.23614313882640195,0.752603742635902,0.917377964467895,0.7016644843548383,0.7582236009714527,0.9304929657017547,0.7049672507587414,0.07174221193721837,0.06899518338169029,15
20,4,0.13515603076668573,0.8172285066527297,0.8277044032474788,0.8155913551516055,0.8196787742625894,0.8277044032474788,0.8184245455270114,0.11786673881176524,0.11202892599455604,15
20,4,0.2899702087528,0.8395595728123751,0.982079616226579,0.7813555829943102,0.8433119680055484,0.982079616226579,0.7866404248973267,0.03613515420466098,0.03698420168003107,15
20,4,0.027699805261606467,0.7009554476509023,0.9284724076391554,0.6944737298445174,0.7076517482807042,0.9284724076391554,0.7013608010042671,0.09542458754642462,0.09205830123400618,15
20,4,0.047174182192573355,0.7479106279104047,1.0,0.7354297423744405,0.7503938110584004,1.0,0.7380358673361989,0.042546198884681495,0.04213297342193156,15
20,4,0.017549173667490658,0.8472304576713533,1.0,0.844501589052619,0.8472304576713533,1.0,0.844501589052619,0.06702721871235987,0.06659173560487035,15
20,4,0.0,0.8346691554631328,,0.8346691554631328,0.8323450716365556,,0.8323450716365556,0.1988398988315626,0.19605311968384506,15
20,4,0.03550237992097802,0.7788008820265807,1.0,0.7706587208008909,0.7809785806368119,0.9129317529559666,0.7761214907301834,0.07224966624743161,0.0679918615562642,16
20,4,0.09895097702493084,0.815079335862862,0.9654579409142119,0.798565129072707,0.8209444266079021,0.9654579409142119,0.8050743095895173,0.05222070527272657,0.04960397698461909,16
20,4,0.14064511372648417,0.7388514959456796,0.8569712362054124,0.7195195941114875,0.7401852832663806,0.8569712362054124,0.7210716738657376,0.275135348691922,0.2667625770839284,16
20,4,0.05509217247866422,0.8177581338250532,1.0,0.8071326526598893,0.8100569783545389,1.0,0.7989824868487797,0.05115579030269709,0.05401891793094939,16
20,4,0.03877896569144646,0.7409436351261391,1.0,0.7304924095213847,0.7785949976409693,1.0,0.7696627576213034,0.11827315938049505,0.1114586188798806,16
20,4,0.12973166025431854,0.8047275725702927,0.9219973310826592,0.7872460674130695,0.8045966124391489,0.9219973310826592,0.7870955849409826,0.07574542987487963,0.07358914988274878,16
20,4,0.025554375495734565,0.7731373598437785,1.0,0.7671879944336202,0.7729378167235941,1.0,0.7669832183895122,0.10910967650409822,0.10410656720529618,16
20,4,0.08504528006295424,0.8028971404643824,1.0,0.7845763782177336,0.7946547227939633,1.0,0.7755678256732033,0.1299496531948775,0.11635445231992288,16
20,4,0.0021196057226255047,0.7743233817849021,1.0,0.7738440202760735,0.7630423686067026,1.0,0.7625390450076008,0.0686805643480292,0.06944780072165954,17
20,4,0.032383147208633674,0.7846529589803827,0.8656532572739938,0.7819421291968602,0.7865942489683477,0.8656532572739938,0.7839483881643067,0.03571216704639319,0.03612388262569052,17
20,4,0.07789656126949362,0.8419070980792163,0.8570951894379668,0.8406240532065906,0.8406760397594383,0.8570951894379668,0.839288998734315,0.07086518772116865,0.06909171874498221,17
20,4,0.10591549489027537,0.8232308563840509,0.9133851308361842,0.8125509547187161,0.8075783819715856,0.9133851308361842,0.7950442488950374,0.07713678097070009,0.08220570629089304,17
20,4,0.08755060672123945,0.8079860280505997,1.0,0.7895620586042316,0.8134152450877407,1.0,0.7955122154865019,0.0820934215803801,0.07635135686733319,17
20,4,0.11716886479037752,0.77814500517393,0.9825463277571698,0.7510169735792543,0.7680031127555292,0.9825463277571698,0.7395290547532007,0.07619820937984341,0.07445117686804652,17
20,4,0.005454143683436163,0.7310021299103096,1.0,0.7295269309290969,0.7350183381436572,1.0,0.7335651642672982,0.07466703747200953,0.07345218637394098,17
20,4,0.13009095297362527,0.8087330913704348,0.9531658732307545,0.7871338238411811,0.8311939110648797,0.9531658732307545,0.8129535572618451,0.10316923808455294,0.09959134316759444,17
20,4,0.04443860691210215,0.8689443419050364,1.0,0.8628495677588471,0.863255077098286,1.0,0.856895722356653,0.028177036576733653,0.029305224372078897,18
20,4,0.031105413923760924,0.7623459524942935,0.8954630206778655,0.7580723590965472,0.7693901899327094,0.8954630206778655,0.7653427448945969,0.07158968372956938,0.06786472199972284,18
20,4,0.18438783437372536,0.8095726284647741,0.9762980531613369,0.7718805227183704,0.816756844799131,0.9762980531613369,0.7806888959098619,0.025501391396955595,0.024180032898686993,18
20,4,0.11757517205668819,0.8646257408010085,1.0,0.846588338278614,0.876374489853461,1.0,0.8599025024775473,0.02357426131147995,0.025733074556641148,18
20,4,0.11440809121026431,0.8575718669454898,1.0,0.8391718220990132,0.8613214339845255,1.0,0.8434057892364951,0.029670181099619768,0.03065170726799696,18
20,4,0.008516091431327418,0.7274101086428705,1.0,0.7250687691435695,0.7222222016034154,1.0,0.7198363019349545,0.04559003204518979,0.045719027311049085,18
20,4,0.18089123492000297,0.7762676292121825,0.9388605825983274,0.7403607492211746,0.7858376222744703,0.9388605825983274,0.7520441708499895,0.02501193228483142,0.023044235992920024,18
20,4,0.09956076965363747,0.7805797161509523,1.0,0.7563186093473012,0.7848960077927719,1.0,0.7611121495400793,0.042566133980847735,0.04021914474148679,18
20,4,0.09573210757067964,0.708818983797845,0.8629897002428636,0.6924973962080072,0.7056841426484101,0.824226171020564,0.6931344565357226,0.1366928378972595,0.1241556230528875,19
20,4,0.04086645826681699,0.7102966561986638,1.0,0.6979530678513928,0.7182217543311527,1.0,0.7062158360558787,0.07714225993917667,0.07554804998014128,19
20,4,0.10920149459255328,0.8120153936480128,0.9614750803175592,0.7936933813561491,0.823414102424189,0.9614750803175592,0.8064894387215152,0.07702843271766942,0.07204304479157017,19
20,4,0.2982183287607435,0.863353136081311,1.0,0.8052857896995399,0.8755540519854919,1.0,0.822671418883379,0.022562498486541797,0.0221647805641301,19
20,4,0.2127432932820726,0.821317791807307,1.0,0.7730318374325205,0.8251435626520772,0.9888621426864248,0.7809012848908904,0.028734004500058277,0.026770364100653983,19
20,4,0.043902169812638725,0.8340004448222716,1.0,0.8263780651555309,0.8281405284665335,1.0,0.8202490727337095,0.03114139997455237,0.028866044077949998,19
20,4,0.11458345105769946,0.8205962427504782,0.9694493845776481,0.8013328726319581,0.820442281616732,0.9694493845776481,0.8011589870930781,0.032093239545832805,0.03194928361054966,19
20,4,0.05065237400739417,0.7819610080357492,1.0,0.7703275533698454,0.7732549626314769,1.0,0.7611569975419215,0.027556898807199737,0.026087113152795327,19
20,5,0.01096931105516106,0.7998506032250446,1.0,0.7976307519956863,0.7998506032250446,1.0,0.7976307519956863,0.05902888111585909,0.05838960874305451,0
20,5,0.1102604633074826,0.8111328140086321,0.8594138038391154,0.8051496199522655,0.8154262575985112,0.8594138038391154,0.8099751260839131,0.05034051872275397,0.04802841443119501,0
20,5,0.007650403668549546,0.7505829144403373,1.0,0.7486600624601291,0.7406324800050568,1.0,0.73863291630915,0.061186348626365544,0.06078841566988831,0
20,5,0.24287845708301126,0.8431266748323467,0.9891534764851507,0.7962824599107163,0.8431869540651161,0.9891534764851507,0.7963620762330006,0.044412237830615105,0.0428885432551325,0
20,5,0.024812915259796925,0.8525032090756043,1.0,0.8487502621471963,0.8566361266993657,1.0,0.852988338808007,0.038780213970032076,0.039303202312964095,0
20,5,0.29701449248517386,0.7746038424437238,0.8733296540428372,0.7328917495003578,0.787764479009117,0.9116196824318669,0.73543510664936,0.037682285403372456,0.03634156345990766,0
20,5,0.0948169643741844,0.803906691589953,0.9211695081404268,0.7916235357400471,0.8124405478996567,0.9211695081404268,0.8010513044606614,0.05997929169899047,0.06066855651076564,0
20,5,0.5317655812314906,0.8853505496263163,0.9285903450479804,0.8362438756547482,0.8828736039432613,0.9285903450479804,0.8309539063919812,0.05474492695671757,0.05052735356364694,0
20,5,0.25278821719909467,0.8361142350451536,0.9868944987307968,0.7851039660381149,0.835850455224182,0.9868944987307968,0.7847509472192966,0.01946834520760574,0.018146629255889807,1
20,5,0.4040811000346798,0.7881879867380167,0.8751159833219173,0.7292437906645615,0.790386250622572,0.8601315869410618,0.7430932847114317,0.06270411865304659,0.04884968414962903,1
20,5,0.053055139071145556,0.8590066302858597,1.0,0.8511070965886646,0.8681192498455146,1.0,0.8607302752294107,0.04583346198002582,0.04483405903541006,1
20,5,0.2845788487268458,0.842996934342994,0.987993641620293,0.7853204231681064,0.8464136899880931,1.0,0.7853204231681064,0.045083274680745834,0.043745684926568114,1
20,5,0.32360732728405783,0.8302553095173341,0.9057177390310723,0.7941517322457955,0.8379825873918108,0.9057177390310723,0.8055759805946858,0.03388903084281288,0.03436674139081196,1
20,5,0.04488712372067221,0.8245697503304894,0.9350234200459975,0.8193787957731221,0.817559747111038,0.9350234200459975,0.812039345752556,0.025301144196261033,0.024166995073586026,1
20,5,0.15493183665344973,0.8215569387646242,1.0,0.7888418130334902,0.8238764175974678,1.0,0.7915865369900267,0.0521063856989619,0.052313540975909845,1
20,5,0.19019162448170251,0.7926966229247143,1.0,0.7440093442567739,0.7940955147292893,0.9883494548200829,0.7484730273054054,0.0323572783869836,0.028151448351804994,1
20,5,0.14798052701423375,0.848544618568924,0.9782096395160994,0.826024126087885,0.8466411935425884,0.9782096395160994,0.8237901102153775,0.08185425943331573,0.0807289028430044,2
20,5,0.15109098366030077,0.8204541691011322,0.9648004810685473,0.7947630457379589,0.8219012504308096,0.9648004810685473,0.7964676822794775,0.06481778873306394,0.06316239188187668,2
20,5,0.1276196074306738,0.8310948113286848,1.0,0.8063858494413688,0.8423015654564989,1.0,0.8192320278095095,0.07716812542261718,0.06795087954983234,2
20,5,0.4169063941308838,0.7848473031235564,0.8887339646666156,0.7105693260950547,0.8037567733933817,0.8816973333793479,0.748030012727128,0.06613551393064161,0.04659805993127414,2
20,5,0.19370273756095668,0.8603357023418837,0.9844221377576998,0.8305255028609676,0.8745582189868497,0.9844221377576998,0.8481647995664321,0.07152091490380842,0.07590165442488912,2
20,5,0.16611972098347688,0.8376323695067933,1.0,0.805286640565834,0.8376962301095254,1.0,0.805363223025378,0.06545985193553451,0.06119578612884872,2
20,5,0.1811936658221559,0.8497134839959889,0.9163194399005986,0.8349742510269831,0.8646034780322764,0.9283137839986583,0.8505050234810048,0.038732122518547435,0.041641818817806917,2
20,5,0.04636730519334594,0.8199312358125347,1.0,0.8111759745989271,0.8263291934957498,1.0,0.8178850122798469,0.08302741025143369,0.08130857009120682,2
20,5,0.4507153103957607,0.8483026088561005,0.9427901348474812,0.7707709109738661,0.8503498495262306,0.9427901348474812,0.7744980140751834,0.05830643787380936,0.05809435369565576,3
20,5,0.31388902495074394,0.7858825530517085,0.8065720026216882,0.7764173333008918,0.7853840485159741,0.8158781855144248,0.7714332806704798,0.05477562641411788,0.05065158336765865,3
20,5,0.11544227750243304,0.7394386853216883,0.955176914735623,0.7112830184675611,0.7379156836610101,0.955176914735623,0.7095612521860143,0.10359275468343762,0.10653795560108947,3
20,5,0.15751943491369053,0.8122411937599247,0.8844558260876116,0.7987391516379301,0.8142686749976855,0.8844558260876116,0.8011457130730335,0.048074257943091406,0.046691093661298005,3
20,5,0.044319296893383264,0.8384943638906993,1.0,0.8310046068898357,0.8359970531626281,1.0,0.8283914844107972,0.07493598936949561,0.07591401895142408,3
20,5,0.1976409095636123,0.7243386325310274,0.9218842731274572,0.6756782502244344,0.7232588375948551,0.9306136647322445,0.6721822097778138,0.060927056650029926,0.06192767290244418,3
20,5,0.018098052498515604,0.8167802584661294,1.0,0.81340322014832,0.835843822232564,1.0,0.8328181564512196,0.07252075100001328,0.07083867333186933,3
20,5,0.07049887453753048,0.9063277652617094,1.0,0.8992231077808708,0.9051658444750718,1.0,0.8979730600350334,0.0975405489340255,0.09416869475651517,3
20,5,0.057170632598098674,0.7211777301678495,0.8351330848034468,0.7142677844897567,0.7339144083190047,0.8351330848034468,0.7277767804878904,0.08640391959654227,0.08851180461886775,4
20,5,0.05698690829723841,0.7797137370729957,1.0,0.7664016916994842,0.7758228607484056,1.0,0.7622756871309108,0.0807716888628455,0.08807824792734778,4
20,5,0.2248589885629458,0.807017808639528,0.9269480975124215,0.772227489128469,0.8118988153255975,0.9269480975124215,0.7785244165443215,0.034199293359001376,0.03399026967235347,4
20,5,0.4679799080144862,0.7967988097958926,0.869984766021894,0.7324223744346339,0.8104317133750061,0.8646559095436257,0.7627345780272657,0.061595929793881884,0.04152322706719397,4
20,5,0.33755922081956646,0.8258147000834597,0.9628256655226752,0.7559981727938543,0.838112865420267,0.9628256655226752,0.774563100744127,0.030160819354469636,0.030788832175951585,4
20,5,0.24887644092100916,0.8578294173409159,0.9516686097847787,0.8267368441523356,0.8654445719077097,0.9516686097847787,0.8368751955257518,0.036478776187731335,0.033929470301480386,4
20,5,0.3373673125885922,0.8602640643354473,0.9463686379233479,0.816425495630941,0.861209367093352,0.9463686379233479,0.8178520819975111,0.04979549548179427,0.05024173884551855,4
20,5,0.09820458717764956,0.7964479653751816,0.959859902240237,0.7786525745675171,0.7914346270092856,0.9237665231590692,0.7770238204704135,0.030109006411866795,0.029339247064484854,4
20,5,0.30482034499518634,0.832633409142226,0.900206000127727,0.8030043767789639,0.836222796808942,0.900206000127727,0.8081676286677019,0.035724616651432464,0.033755974127827805,5
20,5,0.404840092999687,0.8165129684671611,0.9218970416464807,0.7448285396526727,0.8406485812385559,0.9261794407164088,0.7824687194937038,0.030702651141706217,0.027284685755569058,5
20,5,0.005748019655074307,0.7934206407937157,1.0,0.7922263537915027,0.8022145118973119,1.0,0.8010710644658989,0.07086124473212112,0.06990986589628585,5
20,5,0.17384592748233105,0.7796886484086001,0.9102288288959044,0.7522193427361514,0.7954499934078851,0.9102288288959044,0.7712973156271558,0.055222426471934004,0.05408339276931614,5
20,5,0.26345488381827864,0.7972935252100923,0.9288901471895095,0.7502227185578202,0.8062714458999777,0.9365602385202687,0.7596684368398594,0.0296512800421273,0.03049292059151064,5
20,5,0.03485160479479687,0.7761071157485246,1.0,0.7680223213717586,0.7905327782712611,1.0,0.7829688960067085,0.028235497204922803,0.028733741378574523,5
20,5,0.22179530149682122,0.8610167269683706,0.9676642878478829,0.8306212179658312,0.8586387149498885,0.9676642878478829,0.8275654512465398,0.02157888267503741,0.018204996875172647,5
20,5,0.04505653430200174,0.7856745814228231,0.9519923329121548,0.7778273090510147,0.7996045302072284,0.9519923329121548,0.7924145063928212,0.07607935411947839,0.08255100808750068,5
20,5,0.13397902095118022,0.8910860146401846,1.0,0.8742363199105876,0.8960049536012835,1.0,0.8799162503973774,0.06536429375014596,0.0661456963405206,6
20,5,0.3603311072673931,0.8518728641830894,0.971235942789111,0.7846345933063911,0.8518728641830894,0.971235942789111,0.7846345933063911,0.03251955408123795,0.030286263350532857,6
20,5,0.2123786216391048,0.868534956029221,0.9834715603194724,0.837542808957436,0.8729477652893705,0.9834715603194724,0.8431455127201666,0.04981518402254468,0.04143425889181895,6
20,5,0.33174752470264496,0.8163457430126474,0.9574721510216373,0.7462848928731474,0.8116484393876968,0.948401372415228,0.7437587589079907,0.042031499616334296,0.03913693476649648,6
20,5,0.28939464698261685,0.8548616487695948,0.9882601982162644,0.8005349736873041,0.8470940201063606,0.9882601982162644,0.7896039715069081,0.027782139138394186,0.02844142000709235,6
20,5,0.268430482688512,0.8155700144493089,0.9316688699426248,0.7729705470272877,0.8140433697327444,0.9316688699426248,0.7708837395805054,0.04294773909707803,0.04266289528022631,6
20,5,0.07988734330476156,0.81947472790508,0.9275662444806428,0.8100898509227124,0.8158320785760532,0.9275662444806428,0.8061309342590618,0.0397063570624979,0.0385660722570049,6
20,5,0.07701721138530807,0.7553649858620821,0.9219587735266364,0.7414637635226083,0.7593455746515366,0.8461798469560841,0.7520997911027377,0.07414402266149189,0.07305004143846418,6
20,5,0.012547658101631111,0.7592127896369183,1.0,0.7561530818792022,0.7718728546961237,1.0,0.7689740196825056,0.04977035056949907,0.04846544872683112,7
20,5,0.1363557055634526,0.8429078912787266,0.9552634625293923,0.8251687325873991,0.8350016605348339,0.9552634625293923,0.8160142336868411,0.046640494223638376,0.044953357051614136,7
20,5,0.018542874364421324,0.8238270861338921,1.0,0.820498614494219,0.8273866556157013,1.0,0.8241254356653467,0.03205524216393083,0.03250687169802572,7
20,5,0.4166016353606699,0.8192809019396547,0.9566235080609424,0.7212052853749809,0.8158355999636494,0.9566235080609424,0.7152997117826806,0.04668163099648762,0.04854219814003618,7
20,5,0.03379654543726952,0.843180563222692,1.0,0.8376952224329617,0.8322630657809529,1.0,0.8263958450707891,0.030303343161652133,0.02999416551547031,7
20,5,0.16380690963443995,0.8208104211357865,0.9657270160849434,0.7924218349983555,0.8405286733770565,0.9657270160849434,0.8160028146410476,0.03130863294074497,0.02991498896019014,7
20,5,0.15517885558967684,0.7901439237481994,1.0,0.751597036082379,0.8067097270157945,1.0,0.7712056874249752,0.02447720243371685,0.02277785501559488,7
20,5,0.24352560246687907,0.8061018174954714,0.8835306292974489,0.7811757947459103,0.8083904320606183,0.8688589882671591,0.7889242853826597,0.03694755735592901,0.034044170135370616,7
20,5,0.03354330276703924,0.796635923956157,1.0,0.7895776638248874,0.7954891121714782,1.0,0.7883910490619477,0.09819457734859857,0.10410091293495896,8
20,5,0.02138594414793428,0.7790044532248294,0.8611189913465341,0.7772099797901768,0.78677229449692,0.8611189913465341,0.7851475740088979,0.10916848128745966,0.11069521320357993,8
20,5,0.09995091592771004,0.7867338472877697,1.0,0.7630505308140492,0.7796764485257042,1.0,0.7552094042722229,0.06089997005277586,0.06011213519526862,8
20,5,0.21041380739885046,0.8728146354472619,0.9630266251346015,0.8487743870221891,0.879427281364226,0.9744679124909068,0.8541002667325805,0.05662379823189953,0.05236691231763192,8
20,5,0.02546167871232096,0.7657833551748396,0.8518333713298443,0.7635351338205127,0.768364231364632,0.8518333713298443,0.7661834403400372,0.07974214738736428,0.0781467442529042,8
20,5,0.4729136372310348,0.8425462096758983,0.9457117279652466,0.7499838063635864,0.8408904754720605,0.937157090214151,0.754517922248642,0.05573472055992427,0.05593903192876524,8
20,5,0.023779449138110947,0.7733310781963628,1.0,0.7678097212730105,0.7993860878129824,1.0,0.7944993966682028,0.17110445342291,0.18194707279722255,8
20,5,0.03996851520253303,0.7202538541616145,1.0,0.7086073214594604,0.7164383941272141,1.0,0.7046330142676442,0.0771529014918098,0.07849522064117816,8
20,5,0.20738416182390693,0.8258150773044997,0.9103486212503668,0.8036972778449802,0.8278882175152518,0.9103486212503668,0.8063128453253406,0.06674624300873658,0.0653880564780557,9
20,5,0.11822147491573003,0.8387217784349789,1.0,0.8170989460765015,0.8369487994427981,1.0,0.8150882609194645,0.05302136007245968,0.055718508230207436,9
20,5,0.2896972689337129,0.808935366480303,0.9102140362351572,0.7676288182354777,0.8234478928635448,0.9189114873863958,0.7845130255086783,0.05624427374719119,0.05465060873965438,9
20,5,0.22294820122137404,0.8136760667306719,0.9490857607809675,0.7748249273807576,0.814584051421245,0.9671447472489848,0.7708120239124769,0.07476153500602287,0.0742200779159081,9
20,5,0.4053956979285218,0.7996423465080577,0.9454731883898115,0.7002162311600884,0.8172342155112802,0.958205646278518,0.7211212015879522,0.06733196537575992,0.038617734655168386,9
20,5,0.13883910342581804,0.8363672508672891,1.0,0.809985857714087,0.8374369588110937,1.0,0.8112280273807082,0.051043082561611886,0.05041934516073728,9
20,5,0.27440035366695215,0.8465946789049036,0.929604961317748,0.8152026420327921,0.8590505591823127,0.929604961317748,0.8323689683125214,0.04499157196587507,0.042832577993068555,9
20,5,0.5951710961579806,0.8546545690577106,0.8624640324270048,0.8431732572496932,0.8546545690577106,0.8624640324270048,0.8431732572496932,0.07084278811716299,0.06964574314676038,9
20,5,0.11836948782915138,0.6581122026255968,0.9138139395416573,0.6237811725421994,0.658569894341153,0.9138139395416573,0.6243003148691014,0.2330167066383918,0.23257756964548223,10
20,5,0.3380440534445369,0.8820645554648153,0.9699535402461037,0.837181887935062,0.8979456991527606,0.9814908829689271,0.8552813002151195,0.1498606667804958,0.09900136748147029,10
20,5,0.19039078722037406,0.8040649879655255,0.9571257950689988,0.7680706253804394,0.8112678733562858,0.9571257950689988,0.7769673687438585,0.029870079086968804,0.030643768833233737,10
20,5,0.04369423808096003,0.779004870995195,1.0,0.7689074584667049,0.787749317040426,1.0,0.7780514439925094,0.05027531608446828,0.05173376235289436,10
20,5,0.26428191724914646,0.8414617002968082,0.9617087565568575,0.7982669993413154,0.8447832512280528,0.9689893115443633,0.8001664115391011,0.0219579912625318,0.02221761731726884,10
20,5,0.0,0.7771799095176447,,0.7771799095176447,0.7771799095176447,,0.7771799095176447,0.08288349940522871,0.0845154197464223,10
20,5,0.041185109875776074,0.6801475655332913,0.8083914294114667,0.6746389551861652,0.6748328397763493,0.741499522450246,0.6719692269150366,0.2840181407904039,0.29855019278884415,10
20,5,0.18271547166027663,0.763056638529404,0.9655721017631974,0.7177814533274632,0.7587128296955655,0.9655721017631974,0.7124665248255586,0.07229517339705027,0.07164839873236441,10
20,5,0.08347774066303537,0.7679800055468334,0.9640036558192276,0.7501259804268126,0.7610182208647285,0.9640036558192276,0.7425301096106023,0.047775280985220867,0.04281573361809567,11
20,5,0.07816336012031394,0.7956923930118563,0.979287750312581,0.7801251770776021,0.7911256746521004,0.979287750312581,0.7751712425492979,0.059630873821775184,0.05846178556609719,11
20,5,0.02660058324744379,0.5905347019396807,0.9272030080997884,0.5813343951070905,0.5945209195986719,0.9272030080997884,0.5854295461729192,0.2623110412366391,0.2533873634271147,11
20,5,0.03512741084441039,0.6703494437921528,0.7345405923982083,0.66801248358103,0.6838492048882849,0.7345405923982083,0.6820037206084458,0.10977826187313218,0.10568146835083018,11
20,5,0.3867175043503785,0.8311543366226861,0.9295502209745212,0.7691088500731572,0.8359485978625161,0.9295502209745212,0.7769262283186451,0.04028634553651062,0.037735291261075915,11
20,5,0.3238762734253405,0.8128946942837002,0.9340504601389809,0.7548587514423001,0.8081163758106903,0.9340504601389809,0.7477915264874568,0.034303507182121745,0.03338128387823696,11
20,5,0.20387721928757446,0.7934264104702354,0.9575400566411584,0.7513989309920939,0.8046511066061193,0.9575400566411584,0.7654981332857892,0.02635605952159888,0.024441753090485005,11
20,5,0.05806656130228859,0.8205773264479047,0.9731519692984968,0.8111716885458174,0.8156745560197683,0.9731519692984968,0.8059666812419947,0.06016748921659737,0.06013265822178074,11
20,5,0.14650366264367928,0.7959349385402238,0.9711692460240493,0.7658557609930433,0.797642523694406,0.9508046706798616,0.771352058780119,0.028236709597573812,0.03085117773299277,12
20,5,0.08558640380457501,0.7627893698192433,0.93590678642564,0.7465860924566513,0.7593475020681563,0.93590678642564,0.7428220760800274,0.04860541218525855,0.05031753277698321,12
20,5,0.07895297034581995,0.7595148015720232,1.0,0.7389001965314732,0.7673865501396447,1.0,0.7474467183856037,0.03987423879524689,0.03964008920213969,12
20,5,0.029172234839808044,0.753025437446125,0.9342205322614888,0.7475807375235773,0.756275473447072,0.9342205322614888,0.7509284332916424,0.06414760793267049,0.06451505621705343,12
20,5,0.28367444772992123,0.7727988459287072,0.9352704780034111,0.7084579183232189,0.782226206000873,0.9306465439627702,0.7234497777835598,0.036754742024448894,0.03307206997956662,12
20,5,0.05275919996892851,0.7918735828817027,0.9482687025817366,0.7831627235161137,0.7949240149717609,0.9482687025817366,0.7863830578703329,0.028815031428733526,0.028426652469450142,12
20,5,0.021943963013211616,0.8098324805029863,1.0,0.8055658241393969,0.8008263745222068,1.0,0.79635765442294,0.05488442016102973,0.055027145136454715,12
20,5,0.18041497213607646,0.8264930317088031,0.9908247901453054,0.7903187378754165,0.8227219868827073,1.0,0.783697838430101,0.06358826282306833,0.07458798374464072,12
20,5,0.10976412530111265,0.835977598941813,0.9639045899531943,0.820204482321999,0.8385510268432514,1.0,0.8186447235555891,0.05051311093710682,0.0493367912818712,13
20,5,0.28986887677770495,0.8402828777940891,0.950244791549693,0.7953974539810474,0.8421306505338482,0.9357579293975893,0.8039128717709111,0.04196951987522248,0.04390245800471299,13
20,5,0.24620057945590354,0.8159891306113797,0.8776502124665285,0.7958498287376031,0.8156039927360639,0.8776502124665285,0.7953388998819694,0.0393382904742468,0.038194158074502105,13
20,5,0.3833372580130839,0.824017830261022,0.8966259840576216,0.7788822825934258,0.8268674303326055,0.8966259840576216,0.7835032850921366,0.026254786887931782,0.021678789626613796,13
20,5,0.05645207502262761,0.7770381964967207,1.0,0.7636984856825092,0.7840344994674673,1.0,0.7711133745138469,0.04250225218404341,0.04037679350624915,13
20,5,0.09227414608789043,0.804597644357759,1.0,0.7847341740900102,0.7956542733724374,0.970574388214957,0.7778729089206851,0.05133054010665716,0.051550727086294594,13
20,5,0.312919436231068,0.8023296737254337,0.8884179177459289,0.7631222121764626,0.8014203520756065,0.8884179177459289,0.7617987550772843,0.04908161416068023,0.04962816096271138,13
20,5,0.06113369900039991,0.780429000334158,1.0,0.7661317703787351,0.7959250546437914,1.0,0.7826368406886771,0.0436198734147315,0.04356287780845619,13
20,5,0.21950786001966663,0.8222437053271914,0.9681961223419139,0.7811956267079667,0.8387565278091834,0.9852482808600405,0.7975567647679652,0.11350544937230414,0.11552801353986437,14
20,5,0.3261537666079485,0.8339149053052743,0.9232475631866536,0.7906762828936844,0.8360596864430023,0.9233556478947084,0.793806861946511,0.049811941256984654,0.040685989953351306,14
20,5,0.35707430603391743,0.8375796206213516,0.9694962915266949,0.7643144608059859,0.8344102650106014,0.9767939268837175,0.7553318462585383,0.0398533643491064,0.03141056713174236,14
20,5,0.18632539327486805,0.7900109079999408,0.8721043610618551,0.7712121218505036,0.7889382165606984,0.8721043610618551,0.7698937921024982,0.0606542623998537,0.05950562677773706,14
20,5,0.2675379724432041,0.8073187243234153,0.9283243374112443,0.7631203970903299,0.8063173612810141,0.9156909872966302,0.7663677160542378,0.05160011497684001,0.05248688400095727,14
20,5,0.24994126659546625,0.6961728562138492,0.729328869534484,0.6851243134857344,0.697295940143779,0.729328869534484,0.6866216414680808,0.12676597605331413,0.11286628083522778,14
20,5,0.19886746817404555,0.8054927954669113,0.9720348328176993,0.7641515791303192,0.805105090210782,0.9720348328176993,0.7636676326661235,0.0398132865930167,0.0418148603449282,14
20,5,0.005177680459673124,0.7447309810325394,1.0,0.7434024006564192,0.7447309810325394,1.0,0.7434024006564192,0.05770344278871107,0.05676710936801376,14
20,5,0.10350250095650633,0.8179521096220961,1.0,0.7969343020229979,0.8297618847270413,1.0,0.8101075402278399,0.030028416940855628,0.03171321095621176,15
20,5,0.29308373821327716,0.8484040520121603,0.9884280174821934,0.7903508575140181,0.8421237162401125,0.9884280174821934,0.7814667277923812,0.037563901551548935,0.03307975663778691,15
20,5,0.300802960507936,0.8293744784473269,0.9922149226017095,0.7593185644124942,0.8487364684220969,0.9922149226017095,0.787010314922244,0.02240980108022654,0.019473259723959635,15
20,5,0.052020813532448876,0.8536204252520507,1.0,0.8455877757259601,0.8597829651198537,1.0,0.8520884879312213,0.03483573888059915,0.03543423524500758,15
20,5,0.05972513762728937,0.8465306965988348,0.9573522050484649,0.8394914465783506,0.8627353319090036,0.9573522050484649,0.8567253809933125,0.026986710113275667,0.02489629012954797,15
20,5,0.2937137405371705,0.8752577708000929,0.9610278246397111,0.8395897353515925,0.8894307516388105,0.971030836417563,0.8554968249803108,0.04720782498885641,0.04071720526873079,15
20,5,0.16490545846890203,0.8374260799142337,1.0,0.805322736527895,0.8255078883153035,1.0,0.791051069062462,0.037942416202639336,0.03238958191685719,15
20,5,0.16370207962689629,0.8605930989102023,1.0,0.8333047378288314,0.8587826582819212,1.0,0.8311399104578949,0.03970243014553218,0.035533062537577806,15
20,5,0.2739078199360902,0.8044268477962941,0.9484916954498046,0.7500804584071055,0.8130129100072432,0.9484916954498046,0.7619054889565235,0.0416269760419293,0.03667138534377981,16
20,5,0.243946999859683,0.8549970121347087,0.9874225832603108,0.8122687632225289,0.8554053329743349,0.9874225832603108,0.8128088322911662,0.025545525767761788,0.029160385403925692,16
20,5,0.07756428438790806,0.8770673830341001,0.9709077726861652,0.8691766839351228,0.8695019072312813,0.9709077726861652,0.8609750546239694,0.0328684419066516,0.03518838358863985,16
20,5,0.26784955133624283,0.8139924446007383,1.0,0.7459435342302352,0.8178725825112301,1.0,0.7512431798393765,0.05576609414651333,0.045589037061606365,16
20,5,0.0744619597749491,0.793994379572181,0.9696847441166492,0.7798596295251973,0.793994379572181,0.9696847441166492,0.7798596295251973,0.05278063444682522,0.05233887065213958,16
20,5,0.223539817759709,0.8311457815471963,1.0,0.7825333193962182,0.8441648215607396,1.0,0.7993004895761234,0.03256161045814001,0.032984715583176054,16
20,5,0.1973260590526293,0.8670157295488099,0.8870074456273713,0.862101048323672,0.8725066911834156,0.8870074456273713,0.86894188537405,0.02173529439669436,0.022509872481512247,16
20,5,0.23672641599452451,0.7867589038105893,0.8896479190252377,0.7548482647849958,0.7974309218558446,0.8896479190252377,0.7688301688740261,0.03837793077945264,0.03694146437604421,16
20,5,0.0717699588301767,0.7851666884341473,1.0,0.7685559591509188,0.7867534520779504,1.0,0.7702654100126939,0.021199479044067326,0.020842864432231014,17
20,5,0.14009961224301276,0.825054243060698,0.9846127111119944,0.7990581162739832,0.8243245862141168,0.9846127111119944,0.7982095797958401,0.10940219774070509,0.1070904965625243,17
20,5,0.697190029540659,0.909030397629584,0.9306447954773068,0.8592653827884343,0.9039390972015701,0.9233421947339078,0.8592653827884343,0.037003696404714,0.03715894641308035,17
20,5,0.2280183762045313,0.8020153783094177,0.9459514763734385,0.759501315349715,0.8090617025493532,0.9459514763734385,0.7686288956220172,0.03689741275922398,0.033363255552233864,17
20,5,0.3847015897076887,0.7786172253918164,0.9086776429067147,0.6972998539520671,0.7786982452927883,0.9005223257606407,0.7025304596513537,0.05800307179833497,0.04132313415720858,17
20,5,0.34785996907988725,0.8429111176942815,0.9765359469276114,0.7716338969111498,0.8352669956877165,0.9765359469276114,0.7599123008671531,0.03787965775461779,0.036745303042844145,17
20,5,0.29524905526594747,0.8228001901008375,0.9547778848546356,0.7675093246065873,0.83161731632817,0.9547778848546356,0.7800203063842133,0.03444582661799957,0.03367571354009977,17
20,5,0.34683547836947953,0.7967387943219454,0.9577444421855951,0.7112435338666238,0.8076330740990892,0.9577444421855951,0.7279227615594385,0.022429045066124063,0.02418689498384217,17
20,5,0.3747124552980978,0.7824573101599785,0.8647467668606061,0.7331441827409146,0.7918888016176451,0.8770274609357274,0.7408682490028065,0.06446481193812637,0.06345357617971031,18
20,5,0.08619211223174418,0.8190549762852316,1.0,0.8019878946802693,0.8183029077830679,1.0,0.8011648896348649,0.07674441319707132,0.08207386810006317,18
20,5,0.17922608564387446,0.8467036258649127,0.9722873587826893,0.8192808721958273,0.8441638808826842,0.9722873587826893,0.8161865426395318,0.0251546819741333,0.025494864957826588,18
20,5,0.22060736957927102,0.897559977366147,0.97588968565008,0.8753887247394677,0.8973615087855206,0.97588968565008,0.8751340795543837,0.04562769377362504,0.04772445917536197,18
20,5,0.23437626229840458,0.8507898177632349,0.9616198527443163,0.8168620173697319,0.8535912034393437,0.9616198527443163,0.8205209761221324,0.03253122901134536,0.029267241979377655,18
20,5,0.09961452461342452,0.8513789306642514,1.0,0.8349361763394297,0.8621354446153763,1.0,0.8468827417218916,0.02771940471960615,0.026904686952206817,18
20,5,0.13043764121241055,0.8614146595289374,1.0,0.8406263345342031,0.8629269348814046,1.0,0.8423654569067213,0.04092011407258207,0.039019906429080015,18
20,5,0.4199854810295051,0.6721960580569082,0.7195006647392895,0.6379430396537223,0.677765211572181,0.7252526393064206,0.6433798134010826,0.08723896598162895,0.08857216859726909,18
20,5,0.4936248693172857,0.7935778172342783,0.8747629759908228,0.7144368583809642,0.8165329115267446,0.9156275335390338,0.7199334403502826,0.037442763904991586,0.03397927841515332,19
20,5,0.18003780255067697,0.8327322745900583,0.9635219745446547,0.804014987074443,0.8360180578871076,0.9635219745446547,0.8080222246120642,0.024394160151562785,0.025896328666658,19
20,5,0.2068779851803256,0.8261049097404422,0.9586110769742859,0.7915419945910783,0.8254096873807105,0.9586110769742859,0.7906654303969932,0.06489707945601716,0.06481522511834917,19
20,5,0.015201160400221278,0.8254853409105339,1.0,0.8227915670977144,0.8385491610448119,1.0,0.8360570377796123,0.03769281520620143,0.037247149266636526,19
20,5,0.08020745898392644,0.8142030639379657,0.9714175464612362,0.8004936962312712,0.8226414408697148,0.9714175464612362,0.8096679138460687,0.033821151788626366,0.034351424872118896,19
20,5,0.25279903896150624,0.8231590073171157,0.9762687338757826,0.7713576931487095,0.820773870715905,0.9762687338757826,0.7681655979486501,0.05205994950359701,0.04528264035943044,19
20,5,0.20838198268560132,0.8347738326740034,0.9409683871210366,0.8068196536102669,0.8336443021857148,0.9528173800808921,0.8022737147162791,0.03737154610240151,0.03514810501175698,19
20,5,0.07747546145397592,0.7660540539128591,0.969712444339124,0.7489504137190521,0.7791651858016891,0.969712444339124,0.76316264476658,0.0804460614397607,0.0838064226076899,19
