n_features,n_classes,K,pair_lasso_recall,pair_lasso_spearman,fisher_select_recall,fisher_select_spearman,ridge_select_recall,ridge_select_spearman,joint_lasso_recall,joint_lasso_spearman,joint_refit_recall,joint_refit_spearman,seed
8,3,2,1.0,0.7325886315065459,0.5,0.7637626158259734,0.5,0.7637626158259734,0.5,0.5143707412705535,0.5,0.5143707412705535,0
8,3,5,0.8,0.8783100656536799,0.8,0.9271050693011065,0.8,0.9271050693011065,0.8,0.9271050693011065,0.8,0.9271050693011065,0
8,3,2,0.5,0.6546536707079772,1.0,0.7637626158259734,1.0,0.7637626158259734,0.0,-0.04676097647914123,0.0,0.04676097647914123,0
8,3,5,1.0,0.95150257112482,1.0,0.9759000729485332,0.8,0.8783100656536799,0.8,0.7563225565351133,0.8,0.8783100656536799,0
8,3,2,1.0,0.7637626158259734,0.5,0.6546536707079772,0.5,0.6546536707079772,0.0,-0.04676097647914123,0.0,0.04676097647914123,0
8,3,5,1.0,0.95150257112482,0.8,0.95150257112482,0.8,0.95150257112482,0.8,0.8539125638299666,0.8,0.8783100656536799,0
8,3,2,1.0,0.7637626158259734,1.0,0.7637626158259734,1.0,0.7637626158259734,0.0,0.04676097647914123,0.0,0.04676097647914123,0
8,3,5,1.0,0.95150257112482,1.0,0.9759000729485332,1.0,0.9759000729485332,0.8,0.8539125638299666,0.8,0.8783100656536799,0
8,3,2,1.0,0.7325886315065459,1.0,0.7637626158259734,0.5,0.7637626158259734,1.0,0.7325886315065459,1.0,0.7637626158259734,0
8,3,5,0.8,0.8783100656536799,1.0,0.9759000729485332,1.0,0.9759000729485332,0.8,0.9271050693011065,0.8,0.9271050693011065,0
8,3,2,1.0,0.7637626158259734,1.0,0.7637626158259734,1.0,0.7637626158259734,0.0,-0.04676097647914123,0.0,0.04676097647914123,0
8,3,5,1.0,0.95150257112482,0.8,0.9759000729485332,1.0,0.9759000729485332,0.8,0.7563225565351133,0.8,0.8783100656536799,0
8,3,2,1.0,0.7637626158259734,1.0,0.7637626158259734,1.0,0.7637626158259734,0.0,0.3273268353539886,0.0,0.3273268353539886,0
8,3,5,1.0,0.95150257112482,1.0,0.9759000729485332,1.0,0.9759000729485332,0.8,0.8539125638299666,0.8,0.8783100656536799,0
8,3,2,0.5,0.6546536707079772,1.0,0.7637626158259734,1.0,0.7637626158259734,0.0,0.04676097647914123,0.0,0.04676097647914123,0
8,3,5,1.0,0.95150257112482,0.8,0.8783100656536799,0.8,0.8783100656536799,0.8,0.7563225565351133,0.8,0.8783100656536799,0
8,3,2,1.0,0.7325886315065459,1.0,0.7637626158259734,1.0,0.7637626158259734,0.5,0.21821789023599242,0.5,0.21821789023599242,1
8,3,5,1.0,0.95150257112482,1.0,0.9759000729485332,1.0,0.9759000729485332,0.8,0.6831300510639733,0.8,0.8783100656536799,1
8,3,2,0.5,0.7637626158259734,1.0,0.7637626158259734,1.0,0.7637626158259734,0.5,0.3273268353539886,0.5,0.3273268353539886,1
8,3,5,0.8,0.7563225565351133,1.0,0.9759000729485332,1.0,0.9759000729485332,0.8,0.6587325492402599,0.8,0.80511756018254,1
8,3,2,0.5,0.6546536707079772,1.0,0.7637626158259734,1.0,0.7637626158259734,0.5,0.21821789023599242,0.5,0.21821789023599242,1
8,3,5,1.0,0.95150257112482,1.0,0.9759000729485332,0.8,0.9759000729485332,0.8,0.7319250547113999,0.8,0.80511756018254,1
8,3,2,0.5,0.6546536707079772,1.0,0.7637626158259734,1.0,0.7637626158259734,0.5,0.6546536707079772,0.5,0.6546536707079772,1
8,3,5,1.0,0.95150257112482,0.8,0.9271050693011065,0.8,0.9271050693011065,0.8,0.7319250547113999,0.8,0.7563225565351133,1
8,3,2,0.5,0.6546536707079772,1.0,0.7325886315065459,1.0,0.7325886315065459,0.5,0.6546536707079772,0.5,0.6546536707079772,1
8,3,5,0.8,0.9027075674773933,0.8,0.9271050693011065,0.8,0.95150257112482,0.8,0.8295150620062534,0.8,0.9271050693011065,1
8,3,2,1.0,0.7637626158259734,1.0,0.7637626158259734,1.0,0.7637626158259734,0.5,0.21821789023599242,0.5,0.21821789023599242,1
8,3,5,0.8,0.80511756018254,1.0,0.95150257112482,1.0,0.95150257112482,0.8,0.7563225565351133,0.8,0.80511756018254,1
8,3,2,0.5,0.6546536707079772,1.0,0.7637626158259734,1.0,0.7637626158259734,0.5,0.6546536707079772,0.5,0.6546536707079772,1
8,3,5,1.0,0.95150257112482,0.8,0.9271050693011065,0.8,0.9271050693011065,0.8,0.9027075674773933,0.8,0.9271050693011065,1
8,3,2,0.5,0.7637626158259734,1.0,0.7637626158259734,1.0,0.7637626158259734,0.0,0.31173984319427483,0.0,0.43643578047198484,1
8,3,5,0.8,0.80511756018254,1.0,0.9759000729485332,1.0,0.9759000729485332,0.8,0.80511756018254,0.8,0.8783100656536799,1
8,3,2,1.0,0.7637626158259734,1.0,0.7637626158259734,1.0,0.7637626158259734,0.5,0.6546536707079772,0.5,0.6546536707079772,2
8,3,5,1.0,0.9759000729485332,1.0,0.9759000729485332,1.0,0.9759000729485332,0.8,0.9027075674773933,0.8,0.9271050693011065,2
8,3,2,0.5,0.7325886315065459,1.0,0.7637626158259734,1.0,0.7637626158259734,0.5,0.7637626158259734,0.5,0.7637626158259734,2
8,3,5,1.0,0.95150257112482,1.0,0.9759000729485332,1.0,0.9759000729485332,0.8,0.8783100656536799,0.8,0.8783100656536799,2
8,3,2,0.5,0.6546536707079772,0.5,0.6546536707079772,0.5,0.6546536707079772,0.5,0.7325886315065459,0.5,0.7637626158259734,2
8,3,5,1.0,0.95150257112482,1.0,0.9759000729485332,1.0,0.9759000729485332,0.8,0.8783100656536799,0.8,0.8783100656536799,2
8,3,2,1.0,0.7637626158259734,1.0,0.7637626158259734,1.0,0.7637626158259734,0.5,0.6546536707079772,0.5,0.6546536707079772,2
8,3,5,1.0,0.9759000729485332,1.0,0.9759000729485332,0.8,0.9271050693011065,0.8,0.9027075674773933,0.8,0.9271050693011065,2
8,3,2,0.5,0.7637626158259734,1.0,0.7637626158259734,1.0,0.7637626158259734,0.5,0.7637626158259734,0.5,0.7637626158259734,2
8,3,5,1.0,0.95150257112482,1.0,0.9759000729485332,1.0,0.9759000729485332,0.8,0.8783100656536799,0.8,0.8783100656536799,2
8,3,2,0.5,0.7325886315065459,1.0,0.7637626158259734,1.0,0.7637626158259734,0.5,0.7637626158259734,0.5,0.7637626158259734,2
8,3,5,1.0,0.9759000729485332,1.0,0.9759000729485332,1.0,0.9759000729485332,0.8,0.8783100656536799,0.8,0.8783100656536799,2
8,3,2,0.5,0.7325886315065459,1.0,0.7637626158259734,1.0,0.7637626158259734,0.5,0.7637626158259734,0.5,0.7637626158259734,2
8,3,5,1.0,0.95150257112482,1.0,0.9759000729485332,0.8,0.9271050693011065,0.8,0.8783100656536799,0.8,0.8783100656536799,2
8,3,2,0.5,0.6546536707079772,0.5,0.7637626158259734,0.5,0.7637626158259734,0.5,0.7325886315065459,0.5,0.7637626158259734,2
8,3,5,1.0,0.95150257112482,1.0,0.9759000729485332,1.0,0.9759000729485332,0.8,0.8783100656536799,0.8,0.8783100656536799,2
8,3,2,0.5,0.5923057020691221,0.5,0.4052617961525573,0.5,0.4052617961525573,0.0,0.23380488239570615,0.0,0.2649788667151336,3
8,3,5,0.8,0.8539125638299666,0.8,0.8783100656536799,0.8,0.8783100656536799,0.8,0.7319250547113999,0.8,0.9027075674773933,3
8,3,2,0.5,0.48319675695112596,0.5,0.545544725589981,0.5,0.545544725589981,0.0,0.23380488239570615,0.0,0.2649788667151336,3
8,3,5,0.8,0.8295150620062534,1.0,0.9759000729485332,1.0,0.9759000729485332,0.6,0.46355253465055324,0.6,0.5855400437691199,3
8,3,2,0.5,0.48319675695112596,0.5,0.6546536707079772,0.5,0.6546536707079772,0.0,0.23380488239570615,0.0,0.2649788667151336,3
8,3,5,0.8,0.8295150620062534,1.0,0.95150257112482,1.0,0.95150257112482,0.8,0.7563225565351133,0.8,0.9759000729485332,3
8,3,2,0.5,0.7637626158259734,0.5,0.7637626158259734,0.5,0.7637626158259734,0.5,0.7637626158259734,0.5,0.7637626158259734,3
8,3,5,0.8,0.9271050693011065,0.8,0.9271050693011065,0.8,0.9271050693011065,0.6,0.80511756018254,0.6,0.8295150620062534,3
8,3,2,0.5,0.48319675695112596,0.5,0.545544725589981,0.5,0.545544725589981,0.0,0.23380488239570615,0.0,0.2649788667151336,3
8,3,5,1.0,0.9027075674773933,0.8,0.9271050693011065,1.0,0.95150257112482,0.8,0.5855400437691199,0.8,0.9759000729485332,3
8,3,2,0.5,0.48319675695112596,0.5,0.545544725589981,0.0,0.2649788667151336,0.0,0.23380488239570615,0.0,0.2649788667151336,3
8,3,5,0.8,0.8539125638299666,0.8,0.8783100656536799,0.8,0.8783100656536799,0.8,0.6831300510639733,0.8,0.9271050693011065,3
8,3,2,0.5,0.5923057020691221,0.5,0.545544725589981,0.5,0.4052617961525573,0.0,0.23380488239570615,0.0,0.2649788667151336,3
8,3,5,0.8,0.9027075674773933,1.0,0.9759000729485332,1.0,0.9759000729485332,0.8,0.7075275528876865,0.8,0.9271050693011065,3
8,3,2,0.5,0.5923057020691221,0.5,0.6546536707079772,0.5,0.6546536707079772,0.0,0.23380488239570615,0.0,0.2649788667151336,3
8,3,5,0.8,0.9027075674773933,1.0,0.9759000729485332,1.0,0.9759000729485332,0.8,0.7319250547113999,0.8,0.9271050693011065,3
8,3,2,1.0,0.7637626158259734,0.5,0.7637626158259734,0.5,0.7637626158259734,0.5,0.6546536707079772,0.5,0.6546536707079772,4
8,3,5,0.8,0.9271050693011065,0.8,0.9271050693011065,1.0,0.9759000729485332,0.8,0.9027075674773933,0.8,0.9271050693011065,4
8,3,2,0.5,0.545544725589981,0.5,0.7637626158259734,0.5,0.7637626158259734,0.5,0.6546536707079772,0.5,0.6546536707079772,4
8,3,5,1.0,0.95150257112482,1.0,0.9759000729485332,1.0,0.9759000729485332,0.8,0.8539125638299666,0.8,0.9271050693011065,4
8,3,2,0.0,0.5143707412705535,0.5,0.3273268353539886,1.0,0.7637626158259734,0.5,0.545544725589981,0.5,0.545544725589981,4
8,3,5,0.8,0.8539125638299666,0.8,0.9271050693011065,0.8,0.8539125638299666,0.6,0.46355253465055324,0.6,0.51234753829798,4
8,3,2,1.0,0.7637626158259734,0.5,0.7637626158259734,0.5,0.7637626158259734,0.5,0.6546536707079772,0.5,0.6546536707079772,4
8,3,5,1.0,0.95150257112482,1.0,0.9759000729485332,1.0,0.9759000729485332,0.8,0.9027075674773933,0.8,0.9271050693011065,4
8,3,2,0.0,0.5143707412705535,1.0,0.7637626158259734,1.0,0.7637626158259734,0.5,0.545544725589981,0.5,0.545544725589981,4
8,3,5,0.8,0.8539125638299666,1.0,0.9759000729485332,1.0,0.9759000729485332,0.6,0.31716752370827334,0.6,0.51234753829798,4
8,3,2,0.5,0.6546536707079772,0.5,0.3273268353539886,0.5,0.3273268353539886,0.5,0.545544725589981,0.5,0.545544725589981,4
8,3,5,0.8,0.80511756018254,0.6,0.7319250547113999,0.6,0.7319250547113999,0.6,0.36596252735569995,0.6,0.51234753829798,4
8,3,2,1.0,0.7637626158259734,0.5,0.7637626158259734,0.5,0.7637626158259734,0.5,0.6546536707079772,0.5,0.6546536707079772,4
8,3,5,0.8,0.9271050693011065,0.8,0.9759000729485332,1.0,0.9759000729485332,0.8,0.9027075674773933,0.8,0.9271050693011065,4
8,3,2,0.5,0.6546536707079772,1.0,0.7637626158259734,1.0,0.7637626158259734,0.5,0.6546536707079772,0.5,0.6546536707079772,4
8,3,5,0.8,0.8539125638299666,0.8,0.9271050693011065,0.8,0.9271050693011065,0.6,0.3903600291794133,0.6,0.51234753829798,4
8,3,2,0.5,0.7637626158259734,0.5,0.7637626158259734,0.5,0.7637626158259734,1.0,0.7637626158259734,1.0,0.7637626158259734,5
8,3,5,1.0,0.95150257112482,1.0,0.9759000729485332,1.0,0.9759000729485332,1.0,0.95150257112482,1.0,0.9759000729485332,5
8,3,2,1.0,0.7637626158259734,1.0,0.7637626158259734,1.0,0.7637626158259734,1.0,0.7637626158259734,1.0,0.7637626158259734,5
8,3,5,1.0,0.95150257112482,1.0,0.9759000729485332,1.0,0.9759000729485332,1.0,0.95150257112482,1.0,0.9759000729485332,5
8,3,2,0.5,0.545544725589981,0.5,0.7637626158259734,0.5,0.7637626158259734,0.0,0.06234796863885497,0.0,0.18704390591656492,5
8,3,5,0.8,0.7807200583588266,1.0,0.9759000729485332,0.8,0.8783100656536799,0.8,0.6831300510639733,0.8,0.8783100656536799,5
8,3,2,0.5,0.545544725589981,0.5,0.7637626158259734,0.5,0.7637626158259734,0.0,0.06234796863885497,0.0,0.18704390591656492,5
8,3,5,0.8,0.7807200583588266,0.8,0.8539125638299666,0.8,0.8539125638299666,0.8,0.6831300510639733,0.8,0.8539125638299666,5
8,3,2,0.5,0.7637626158259734,1.0,0.7637626158259734,1.0,0.7637626158259734,1.0,0.7637626158259734,1.0,0.7637626158259734,5
8,3,5,1.0,0.95150257112482,1.0,0.9759000729485332,1.0,0.9759000729485332,1.0,0.95150257112482,1.0,0.9759000729485332,5
8,3,2,0.5,0.545544725589981,0.5,0.7637626158259734,0.5,0.7637626158259734,0.0,0.06234796863885497,0.0,0.18704390591656492,5
8,3,5,0.8,0.7807200583588266,1.0,0.9759000729485332,0.8,0.8539125638299666,0.8,0.6831300510639733,0.8,0.8539125638299666,5
8,3,2,0.5,0.545544725589981,0.5,0.7637626158259734,0.5,0.7637626158259734,0.0,0.06234796863885497,0.0,0.18704390591656492,5
8,3,5,0.8,0.7807200583588266,0.8,0.8783100656536799,0.8,0.8783100656536799,0.8,0.6831300510639733,0.8,0.8783100656536799,5
8,3,2,1.0,0.7637626158259734,1.0,0.7637626158259734,1.0,0.7637626158259734,1.0,0.7637626158259734,1.0,0.7637626158259734,5
8,3,5,1.0,0.95150257112482,1.0,0.9759000729485332,1.0,0.9759000729485332,1.0,0.95150257112482,1.0,0.9759000729485332,5
8,3,2,0.5,0.6546536707079772,0.5,0.6546536707079772,0.5,0.6546536707079772,0.0,0.43643578047198484,0.0,0.43643578047198484,6
8,3,5,0.8,0.9027075674773933,1.0,0.95150257112482,1.0,0.95150257112482,0.8,0.8539125638299666,0.8,0.8783100656536799,6
8,3,2,0.5,0.6546536707079772,0.5,0.6546536707079772,0.5,0.6546536707079772,0.0,0.43643578047198484,0.0,0.43643578047198484,6
8,3,5,0.8,0.9027075674773933,1.0,0.9759000729485332,1.0,0.9759000729485332,0.8,0.8539125638299666,0.8,0.8539125638299666,6
8,3,2,0.5,0.6546536707079772,0.5,0.6546536707079772,0.5,0.6546536707079772,0.0,0.43643578047198484,0.0,0.43643578047198484,6
8,3,5,0.8,0.9027075674773933,0.8,0.9271050693011065,0.8,0.9271050693011065,0.8,0.8539125638299666,0.8,0.8783100656536799,6
8,3,2,1.0,0.7637626158259734,1.0,0.7637626158259734,0.5,0.7637626158259734,1.0,0.7637626158259734,1.0,0.7637626158259734,6
8,3,5,0.8,0.9271050693011065,0.8,0.8783100656536799,0.8,0.8783100656536799,0.8,0.8295150620062534,0.8,0.8783100656536799,6
8,3,2,0.5,0.6546536707079772,0.5,0.6546536707079772,0.5,0.6546536707079772,0.0,0.43643578047198484,0.0,0.43643578047198484,6
8,3,5,0.8,0.9027075674773933,1.0,0.95150257112482,1.0,0.95150257112482,0.8,0.8539125638299666,0.8,0.8783100656536799,6
8,3,2,0.0,0.43643578047198484,0.5,0.6546536707079772,0.5,0.6546536707079772,0.0,0.43643578047198484,0.0,0.43643578047198484,6
8,3,5,0.8,0.9027075674773933,0.8,0.9271050693011065,0.8,0.9271050693011065,0.8,0.8539125638299666,0.8,0.8783100656536799,6
8,3,2,0.5,0.6546536707079772,0.5,0.6546536707079772,0.5,0.6546536707079772,0.0,0.43643578047198484,0.0,0.43643578047198484,6
8,3,5,0.8,0.9027075674773933,1.0,0.9759000729485332,1.0,0.9759000729485332,0.8,0.8539125638299666,0.8,0.8783100656536799,6
8,3,2,1.0,0.7325886315065459,1.0,0.7637626158259734,1.0,0.7637626158259734,1.0,0.7637626158259734,1.0,0.7637626158259734,6
8,3,5,0.8,0.9271050693011065,0.8,0.9271050693011065,0.8,0.9271050693011065,0.8,0.8295150620062534,0.8,0.8783100656536799,6
8,3,2,1.0,0.7637626158259734,1.0,0.7637626158259734,1.0,0.7637626158259734,0.5,0.43643578047198484,0.5,0.43643578047198484,7
8,3,5,1.0,0.9759000729485332,0.6,0.8783100656536799,0.6,0.8783100656536799,0.6,0.8783100656536799,0.6,0.8783100656536799,7
8,3,2,1.0,0.7637626158259734,1.0,0.7637626158259734,1.0,0.7637626158259734,0.0,0.015586992159713743,0.0,0.015586992159713743,7
8,3,5,0.8,0.8783100656536799,0.8,0.8783100656536799,0.8,0.8783100656536799,0.6,0.7319250547113999,0.6,0.7319250547113999,7
8,3,2,0.5,0.7637626158259734,1.0,0.7637626158259734,1.0,0.7637626158259734,0.5,0.43643578047198484,0.5,0.43643578047198484,7
8,3,5,1.0,0.9759000729485332,0.8,0.8539125638299666,0.8,0.8539125638299666,0.6,0.8783100656536799,0.6,0.8783100656536799,7
8,3,2,1.0,0.7637626158259734,1.0,0.7637626158259734,1.0,0.7637626158259734,0.0,0.015586992159713743,0.0,-0.015586992159713743,7
8,3,5,0.8,0.8783100656536799,0.8,0.8783100656536799,0.8,0.8783100656536799,0.6,0.7075275528876865,0.6,0.7319250547113999,7
8,3,2,1.0,0.7637626158259734,1.0,0.7637626158259734,1.0,0.7637626158259734,0.5,0.43643578047198484,0.5,0.43643578047198484,7
8,3,5,0.8,0.8783100656536799,0.6,0.8539125638299666,0.6,0.8539125638299666,0.6,0.7319250547113999,0.6,0.7319250547113999,7
8,3,2,0.5,0.7637626158259734,1.0,0.7637626158259734,1.0,0.7637626158259734,1.0,0.7637626158259734,1.0,0.7637626158259734,7
8,3,5,1.0,0.9759000729485332,0.8,0.8539125638299666,0.8,0.8539125638299666,0.6,0.8783100656536799,0.6,0.8783100656536799,7
8,3,2,1.0,0.7637626158259734,1.0,0.7637626158259734,0.5,0.7637626158259734,1.0,0.7637626158259734,1.0,0.7637626158259734,7
8,3,5,1.0,0.9759000729485332,0.8,0.8539125638299666,0.8,0.8539125638299666,0.6,0.8783100656536799,0.6,0.8783100656536799,7
8,3,2,1.0,0.7637626158259734,0.5,0.7637626158259734,0.5,0.7637626158259734,0.5,0.43643578047198484,0.5,0.43643578047198484,7
8,3,5,1.0,0.95150257112482,0.8,0.8539125638299666,0.8,0.8539125638299666,0.6,0.8783100656536799,0.6,0.8783100656536799,7
8,3,2,1.0,0.7637626158259734,1.0,0.7637626158259734,1.0,0.7637626158259734,1.0,0.7637626158259734,1.0,0.7637626158259734,8
8,3,5,1.0,0.9759000729485332,1.0,0.9759000729485332,1.0,0.9759000729485332,0.8,0.6099375455928333,0.8,0.80511756018254,8
8,3,2,1.0,0.7325886315065459,1.0,0.7637626158259734,1.0,0.7637626158259734,1.0,0.7325886315065459,1.0,0.7637626158259734,8
8,3,5,1.0,0.95150257112482,0.8,0.9759000729485332,0.8,0.9759000729485332,0.8,0.95150257112482,0.8,0.9759000729485332,8
8,3,2,1.0,0.7325886315065459,1.0,0.7637626158259734,1.0,0.7637626158259734,1.0,0.7325886315065459,1.0,0.7637626158259734,8
8,3,5,1.0,0.9271050693011065,0.8,0.9271050693011065,0.8,0.9271050693011065,0.6,0.7319250547113999,0.6,0.7563225565351133,8
8,3,2,1.0,0.7637626158259734,1.0,0.7637626158259734,1.0,0.7637626158259734,1.0,0.7637626158259734,1.0,0.7637626158259734,8
8,3,5,1.0,0.9759000729485332,1.0,0.9759000729485332,1.0,0.9759000729485332,0.8,0.6099375455928333,0.8,0.7075275528876865,8
8,3,2,1.0,0.7325886315065459,1.0,0.7637626158259734,1.0,0.7637626158259734,0.5,0.5143707412705535,0.5,0.5143707412705535,8
8,3,5,1.0,0.95150257112482,0.8,0.9271050693011065,0.8,0.9271050693011065,0.8,0.9271050693011065,0.8,0.9759000729485332,8
8,3,2,1.0,0.7325886315065459,1.0,0.7637626158259734,1.0,0.7637626158259734,1.0,0.7325886315065459,1.0,0.7637626158259734,8
8,3,5,1.0,0.9271050693011065,0.8,0.9271050693011065,0.8,0.9271050693011065,0.8,0.9271050693011065,0.8,0.9759000729485332,8
8,3,2,1.0,0.7637626158259734,1.0,0.7637626158259734,1.0,0.7637626158259734,1.0,0.7637626158259734,1.0,0.7637626158259734,8
8,3,5,1.0,0.9759000729485332,1.0,0.9759000729485332,1.0,0.9759000729485332,0.8,0.6099375455928333,0.8,0.7075275528876865,8
8,3,2,1.0,0.7325886315065459,1.0,0.7325886315065459,1.0,0.7325886315065459,1.0,0.7325886315065459,1.0,0.7325886315065459,8
8,3,5,0.8,0.95150257112482,0.8,0.9271050693011065,0.8,0.9271050693011065,0.8,0.95150257112482,0.8,0.9759000729485332,8
8,3,2,0.5,0.6546536707079772,0.5,0.7637626158259734,0.5,0.7637626158259734,0.5,0.6546536707079772,0.5,0.6546536707079772,9
8,3,5,0.8,0.9027075674773933,0.8,0.9759000729485332,0.8,0.9759000729485332,0.8,0.9027075674773933,0.8,0.9271050693011065,9
8,3,2,0.5,0.6546536707079772,0.5,0.7637626158259734,0.5,0.7637626158259734,0.5,0.6546536707079772,0.5,0.6546536707079772,9
8,3,5,0.8,0.9271050693011065,1.0,0.9759000729485332,0.8,0.9271050693011065,0.8,0.9027075674773933,0.8,0.9271050693011065,9
8,3,2,0.5,0.6546536707079772,0.5,0.7325886315065459,0.5,0.7325886315065459,0.0,0.43643578047198484,0.0,0.43643578047198484,9
8,3,5,0.8,0.9027075674773933,1.0,0.9759000729485332,1.0,0.9759000729485332,0.8,0.9027075674773933,0.8,0.9271050693011065,9
8,3,2,1.0,0.7637626158259734,0.5,0.7637626158259734,1.0,0.7637626158259734,0.5,0.6546536707079772,0.5,0.6546536707079772,9
8,3,5,0.8,0.9271050693011065,0.8,0.9759000729485332,0.8,0.9759000729485332,0.8,0.9271050693011065,0.8,0.9271050693011065,9
8,3,2,0.5,0.6546536707079772,0.5,0.7637626158259734,0.5,0.7637626158259734,0.5,0.6546536707079772,0.5,0.6546536707079772,9
8,3,5,0.8,0.9271050693011065,0.8,0.9759000729485332,0.8,0.9759000729485332,0.8,0.9027075674773933,0.8,0.9271050693011065,9
8,3,2,0.5,0.6546536707079772,0.5,0.7637626158259734,0.5,0.7637626158259734,0.5,0.6546536707079772,0.5,0.6546536707079772,9
8,3,5,0.8,0.9271050693011065,0.8,0.9759000729485332,0.8,0.9759000729485332,0.8,0.9027075674773933,0.8,0.9271050693011065,9
8,3,2,0.5,0.6546536707079772,0.5,0.7637626158259734,0.5,0.7637626158259734,0.5,0.6546536707079772,0.5,0.6546536707079772,9
8,3,5,0.8,0.9271050693011065,1.0,0.9759000729485332,0.8,0.9759000729485332,0.8,0.9271050693011065,0.8,0.9271050693011065,9
8,3,2,0.5,0.6546536707079772,1.0,0.7637626158259734,1.0,0.7637626158259734,0.5,0.545544725589981,0.5,0.545544725589981,9
8,3,5,0.8,0.8539125638299666,0.8,0.9271050693011065,0.8,0.9271050693011065,0.8,0.8539125638299666,0.8,0.8539125638299666,9
8,3,2,0.5,0.7637626158259734,1.0,0.7637626158259734,1.0,0.7637626158259734,0.5,0.6546536707079772,0.5,0.6546536707079772,10
8,3,5,0.8,0.95150257112482,0.8,0.9759000729485332,0.8,0.9759000729485332,0.8,0.95150257112482,0.8,0.9759000729485332,10
8,3,2,0.5,0.7637626158259734,0.5,0.4052617961525573,0.5,0.4052617961525573,0.5,0.4052617961525573,0.5,0.4052617961525573,10
8,3,5,0.8,0.9759000729485332,0.6,0.8539125638299666,0.8,0.9759000729485332,0.8,0.95150257112482,0.8,0.9759000729485332,10
8,3,2,1.0,0.7637626158259734,1.0,0.7637626158259734,1.0,0.7637626158259734,0.5,0.43643578047198484,0.5,0.43643578047198484,10
8,3,5,0.8,0.95150257112482,0.8,0.9271050693011065,0.8,0.9759000729485332,0.8,0.95150257112482,0.8,0.9759000729485332,10
8,3,2,0.5,0.7637626158259734,0.5,0.4052617961525573,1.0,0.7637626158259734,0.5,0.4052617961525573,0.5,0.4052617961525573,10
8,3,5,0.8,0.9759000729485332,0.8,0.9759000729485332,0.8,0.9759000729485332,0.8,0.9271050693011065,0.8,0.9759000729485332,10
8,3,2,0.5,0.7637626158259734,0.5,0.4052617961525573,0.5,0.4052617961525573,0.5,0.6546536707079772,0.5,0.6546536707079772,10
8,3,5,0.8,0.9759000729485332,0.6,0.8539125638299666,0.6,0.8539125638299666,0.8,0.95150257112482,0.8,0.9759000729485332,10
8,3,2,0.5,0.7637626158259734,0.5,0.4052617961525573,1.0,0.7637626158259734,0.5,0.4052617961525573,0.5,0.4052617961525573,10
8,3,5,0.8,0.9759000729485332,0.6,0.8783100656536799,0.6,0.8783100656536799,0.8,0.95150257112482,0.8,0.9759000729485332,10
8,3,2,0.5,0.7637626158259734,1.0,0.7637626158259734,1.0,0.7637626158259734,0.5,0.6546536707079772,0.5,0.6546536707079772,10
8,3,5,0.8,0.9759000729485332,0.8,0.9759000729485332,0.8,0.9759000729485332,0.8,0.95150257112482,0.8,0.9759000729485332,10
8,3,2,0.5,0.7637626158259734,0.5,0.4052617961525573,1.0,0.7637626158259734,0.5,0.4052617961525573,0.5,0.4052617961525573,10
8,3,5,0.8,0.95150257112482,0.8,0.9759000729485332,0.8,0.9759000729485332,0.8,0.9271050693011065,0.8,0.9759000729485332,10
8,3,2,1.0,0.7637626158259734,0.5,0.6546536707079772,0.5,0.6546536707079772,0.0,0.21821789023599242,0.0,0.21821789023599242,11
8,3,5,0.6,0.7319250547113999,0.4,0.6587325492402599,0.4,0.6587325492402599,0.4,0.5855400437691199,0.4,0.5855400437691199,11
8,3,2,1.0,0.7637626158259734,0.5,0.43643578047198484,0.5,0.43643578047198484,0.0,0.21821789023599242,0.0,0.21821789023599242,11
8,3,5,0.6,0.8783100656536799,0.4,0.5855400437691199,0.4,0.5855400437691199,0.4,0.5855400437691199,0.4,0.5855400437691199,11
8,3,2,1.0,0.7637626158259734,1.0,0.7637626158259734,1.0,0.7637626158259734,1.0,0.7325886315065459,1.0,0.7637626158259734,11
8,3,5,0.6,0.8783100656536799,0.6,0.8783100656536799,0.6,0.8783100656536799,0.6,0.7319250547113999,0.6,0.7319250547113999,11
8,3,2,1.0,0.7637626158259734,1.0,0.7637626158259734,1.0,0.7637626158259734,1.0,0.7325886315065459,1.0,0.7637626158259734,11
8,3,5,0.6,0.8783100656536799,0.8,0.9271050693011065,0.8,0.9271050693011065,0.6,0.8783100656536799,0.6,0.8783100656536799,11
8,3,2,0.5,0.7637626158259734,1.0,0.7637626158259734,1.0,0.7637626158259734,0.0,0.21821789023599242,0.0,0.21821789023599242,11
8,3,5,0.6,0.8783100656536799,1.0,0.9759000729485332,0.8,0.9759000729485332,0.6,0.7807200583588266,0.6,0.8783100656536799,11
8,3,2,0.5,0.43643578047198484,0.5,0.6546536707079772,0.5,0.43643578047198484,0.0,0.21821789023599242,0.0,0.21821789023599242,11
8,3,5,0.6,0.8539125638299666,0.6,0.80511756018254,0.6,0.80511756018254,0.4,0.5855400437691199,0.4,0.6099375455928333,11
8,3,2,1.0,0.7637626158259734,1.0,0.7637626158259734,1.0,0.7637626158259734,1.0,0.7325886315065459,1.0,0.7637626158259734,11
8,3,5,0.8,0.8295150620062534,0.6,0.8783100656536799,0.8,0.9271050693011065,0.6,0.7319250547113999,0.6,0.7319250547113999,11
8,3,2,1.0,0.7637626158259734,0.5,0.6546536707079772,0.5,0.6546536707079772,0.0,0.21821789023599242,0.0,0.21821789023599242,11
8,3,5,0.6,0.8783100656536799,0.6,0.8783100656536799,0.6,0.8783100656536799,0.4,0.5855400437691199,0.4,0.5855400437691199,11
8,3,2,0.5,0.7637626158259734,1.0,0.7637626158259734,1.0,0.7637626158259734,0.5,0.3273268353539886,0.5,0.3273268353539886,12
8,3,5,0.6,0.7075275528876865,0.8,0.8783100656536799,0.8,0.8783100656536799,0.8,0.80511756018254,0.8,0.8783100656536799,12
8,3,2,0.5,0.7637626158259734,0.5,0.7637626158259734,0.5,0.7637626158259734,0.5,0.7637626158259734,0.5,0.7637626158259734,12
8,3,5,0.8,0.9271050693011065,0.8,0.9759000729485332,0.8,0.9271050693011065,0.6,0.9027075674773933,0.6,0.9759000729485332,12
8,3,2,0.5,0.7637626158259734,1.0,0.7637626158259734,1.0,0.7637626158259734,0.5,0.3273268353539886,0.5,0.3273268353539886,12
8,3,5,0.8,0.80511756018254,0.8,0.8783100656536799,0.8,0.8783100656536799,0.8,0.80511756018254,0.8,0.8783100656536799,12
8,3,2,0.5,0.7637626158259734,0.5,0.7637626158259734,0.5,0.7637626158259734,0.5,0.7637626158259734,0.5,0.7637626158259734,12
8,3,5,1.0,0.9759000729485332,0.8,0.9759000729485332,0.8,0.9759000729485332,0.6,0.8539125638299666,0.6,0.8539125638299666,12
8,3,2,0.5,0.7637626158259734,1.0,0.7637626158259734,1.0,0.7637626158259734,0.5,0.3273268353539886,0.5,0.3273268353539886,12
8,3,5,0.8,0.8783100656536799,0.8,0.8783100656536799,0.8,0.8783100656536799,0.8,0.80511756018254,0.8,0.8783100656536799,12
8,3,2,0.5,0.7637626158259734,0.5,0.7637626158259734,0.5,0.7637626158259734,0.5,0.7637626158259734,0.5,0.7637626158259734,12
8,3,5,1.0,0.9759000729485332,1.0,0.9759000729485332,1.0,0.9759000729485332,0.6,0.8539125638299666,0.6,0.8539125638299666,12
8,3,2,0.5,0.7637626158259734,0.5,0.3273268353539886,0.5,0.3273268353539886,0.5,0.3273268353539886,0.5,0.3273268353539886,12
8,3,5,0.8,0.8783100656536799,0.8,0.8783100656536799,0.8,0.8783100656536799,0.8,0.80511756018254,0.8,0.8783100656536799,12
8,3,2,0.5,0.7637626158259734,0.5,0.7637626158259734,0.5,0.7637626158259734,0.5,0.7637626158259734,0.5,0.7637626158259734,12
8,3,5,1.0,0.95150257112482,0.8,0.9759000729485332,0.8,0.9759000729485332,0.6,0.9027075674773933,0.6,0.9759000729485332,12
8,3,2,1.0,0.7637626158259734,1.0,0.7637626158259734,1.0,0.7637626158259734,1.0,0.7637626158259734,1.0,0.7637626158259734,13
8,3,5,0.8,0.8539125638299666,1.0,0.9759000729485332,1.0,0.9759000729485332,0.6,0.8783100656536799,0.6,0.8783100656536799,13
8,3,2,1.0,0.7637626158259734,1.0,0.7637626158259734,1.0,0.7637626158259734,1.0,0.7637626158259734,1.0,0.7637626158259734,13
8,3,5,0.8,0.8539125638299666,0.8,0.8783100656536799,1.0,0.9759000729485332,0.6,0.8783100656536799,0.6,0.8783100656536799,13
8,3,2,1.0,0.7637626158259734,1.0,0.7637626158259734,1.0,0.7637626158259734,1.0,0.7637626158259734,1.0,0.7637626158259734,13
8,3,5,0.8,0.8539125638299666,1.0,0.9759000729485332,0.8,0.6831300510639733,0.6,0.8783100656536799,0.6,0.8783100656536799,13
8,3,2,1.0,0.7637626158259734,1.0,0.7637626158259734,1.0,0.7637626158259734,1.0,0.7637626158259734,1.0,0.7637626158259734,13
8,3,5,0.8,0.8539125638299666,1.0,0.9759000729485332,1.0,0.9759000729485332,0.6,0.8783100656536799,0.6,0.8783100656536799,13
8,3,2,1.0,0.7637626158259734,1.0,0.7637626158259734,1.0,0.7637626158259734,1.0,0.7637626158259734,1.0,0.7637626158259734,13
8,3,5,0.8,0.8539125638299666,1.0,0.95150257112482,0.8,0.9271050693011065,0.6,0.8783100656536799,0.6,0.8783100656536799,13
8,3,2,1.0,0.7637626158259734,1.0,0.7637626158259734,1.0,0.7637626158259734,1.0,0.7637626158259734,1.0,0.7637626158259734,13
8,3,5,0.8,0.9271050693011065,0.8,0.9271050693011065,0.8,0.9759000729485332,0.6,0.8783100656536799,0.6,0.8783100656536799,13
8,3,2,1.0,0.7637626158259734,1.0,0.7637626158259734,1.0,0.7637626158259734,1.0,0.7637626158259734,1.0,0.7637626158259734,13
8,3,5,0.8,0.8539125638299666,1.0,0.9759000729485332,1.0,0.9759000729485332,0.8,0.9271050693011065,0.8,0.9271050693011065,13
8,3,2,1.0,0.7637626158259734,1.0,0.7637626158259734,1.0,0.7637626158259734,1.0,0.7637626158259734,1.0,0.7637626158259734,13
8,3,5,0.8,0.8539125638299666,1.0,0.9759000729485332,1.0,0.9759000729485332,0.8,0.9271050693011065,0.8,0.9271050693011065,13
8,3,2,0.5,0.7637626158259734,0.5,0.7637626158259734,0.5,0.6546536707079772,0.5,0.7637626158259734,0.5,0.7637626158259734,14
8,3,5,1.0,0.95150257112482,1.0,0.9759000729485332,1.0,0.9759000729485332,0.8,0.8783100656536799,0.8,0.8783100656536799,14
8,3,2,0.5,0.7637626158259734,0.5,0.6546536707079772,0.5,0.6546536707079772,0.0,0.6546536707079772,0.0,0.6546536707079772,14
8,3,5,1.0,0.95150257112482,1.0,0.9759000729485332,1.0,0.9759000729485332,0.8,0.8539125638299666,0.8,0.8783100656536799,14
8,3,2,0.5,0.7637626158259734,1.0,0.7637626158259734,1.0,0.7637626158259734,0.5,0.7637626158259734,0.5,0.7637626158259734,14
8,3,5,1.0,0.95150257112482,1.0,0.9759000729485332,1.0,0.9759000729485332,0.8,0.8783100656536799,0.8,0.8783100656536799,14
8,3,2,0.5,0.7637626158259734,1.0,0.7637626158259734,1.0,0.7637626158259734,1.0,0.7637626158259734,1.0,0.7637626158259734,14
8,3,5,1.0,0.9759000729485332,1.0,0.9759000729485332,1.0,0.9759000729485332,0.8,0.8783100656536799,0.8,0.8783100656536799,14
8,3,2,0.5,0.7637626158259734,1.0,0.7637626158259734,0.5,0.43643578047198484,1.0,0.7637626158259734,1.0,0.7637626158259734,14
8,3,5,1.0,0.9759000729485332,0.8,0.8783100656536799,0.8,0.8783100656536799,0.8,0.8783100656536799,0.8,0.8783100656536799,14
8,3,2,1.0,0.7637626158259734,0.5,0.6546536707079772,0.5,0.6546536707079772,0.0,0.23380488239570615,0.0,0.2649788667151336,14
8,3,5,1.0,0.95150257112482,0.8,0.9759000729485332,0.8,0.9759000729485332,0.6,0.7563225565351133,0.6,0.8295150620062534,14
8,3,2,1.0,0.7637626158259734,0.5,0.6546536707079772,0.5,0.6546536707079772,0.0,0.23380488239570615,0.0,0.2649788667151336,14
8,3,5,1.0,0.95150257112482,0.8,0.9759000729485332,0.8,0.9759000729485332,0.6,0.7563225565351133,0.6,0.8295150620062534,14
8,3,2,1.0,0.7637626158259734,0.5,0.7637626158259734,0.5,0.7637626158259734,0.0,0.23380488239570615,0.0,0.2649788667151336,14
8,3,5,1.0,0.95150257112482,1.0,0.9759000729485332,1.0,0.9759000729485332,0.6,0.8295150620062534,0.6,0.9759000729485332,14
8,3,2,0.5,0.7637626158259734,1.0,0.7637626158259734,1.0,0.7637626158259734,0.5,0.545544725589981,0.5,0.545544725589981,15
8,3,5,0.8,0.95150257112482,1.0,0.9759000729485332,1.0,0.9759000729485332,0.6,0.7075275528876865,0.6,0.7075275528876865,15
8,3,2,0.5,0.7637626158259734,1.0,0.7637626158259734,1.0,0.7637626158259734,0.5,0.6546536707079772,0.5,0.6546536707079772,15
8,3,5,0.8,0.9759000729485332,1.0,0.9759000729485332,1.0,0.9759000729485332,0.6,0.8539125638299666,0.6,0.9271050693011065,15
8,3,2,0.5,0.7637626158259734,1.0,0.7637626158259734,1.0,0.7637626158259734,0.5,0.6546536707079772,0.5,0.6546536707079772,15
8,3,5,1.0,0.9759000729485332,1.0,0.9759000729485332,1.0,0.9759000729485332,0.6,0.7319250547113999,0.6,0.7319250547113999,15
8,3,2,0.0,0.43643578047198484,1.0,0.7637626158259734,0.5,0.545544725589981,0.0,0.3273268353539886,0.0,0.3273268353539886,15
8,3,5,1.0,0.8783100656536799,0.8,0.9271050693011065,0.6,0.8783100656536799,0.8,0.7807200583588266,0.8,0.8539125638299666,15
8,3,2,0.5,0.7637626158259734,1.0,0.7637626158259734,1.0,0.7637626158259734,0.5,0.6546536707079772,0.5,0.6546536707079772,15
8,3,5,0.8,0.9759000729485332,1.0,0.9759000729485332,1.0,0.9759000729485332,0.6,0.7319250547113999,0.6,0.7319250547113999,15
8,3,2,0.5,0.7637626158259734,1.0,0.7637626158259734,1.0,0.7637626158259734,0.0,0.43643578047198484,0.0,0.43643578047198484,15
8,3,5,0.8,0.95150257112482,1.0,0.9759000729485332,1.0,0.9759000729485332,0.6,0.7075275528876865,0.6,0.7075275528876865,15
8,3,2,0.5,0.7637626158259734,1.0,0.7637626158259734,1.0,0.7637626158259734,0.5,0.6546536707079772,0.5,0.6546536707079772,15
8,3,5,0.8,0.95150257112482,1.0,0.9759000729485332,1.0,0.9759000729485332,0.6,0.7319250547113999,0.6,0.7319250547113999,15
8,3,2,0.5,0.7637626158259734,1.0,0.7637626158259734,1.0,0.7637626158259734,0.5,0.6546536707079772,0.5,0.6546536707079772,15
8,3,5,0.8,0.9759000729485332,1.0,0.9759000729485332,1.0,0.9759000729485332,0.6,0.7319250547113999,0.6,0.7319250547113999,15
8,3,2,1.0,0.7637626158259734,0.5,0.6546536707079772,0.5,0.6546536707079772,1.0,0.7637626158259734,1.0,0.7637626158259734,16
8,3,5,1.0,0.95150257112482,1.0,0.9759000729485332,1.0,0.9759000729485332,1.0,0.95150257112482,1.0,0.9759000729485332,16
8,3,2,1.0,0.7637626158259734,1.0,0.7637626158259734,1.0,0.7637626158259734,1.0,0.7637626158259734,1.0,0.7637626158259734,16
8,3,5,0.8,0.9271050693011065,0.8,0.9759000729485332,0.8,0.9759000729485332,0.6,0.8539125638299666,0.6,0.8783100656536799,16
8,3,2,0.5,0.545544725589981,0.5,0.6546536707079772,0.5,0.6546536707079772,1.0,0.7637626158259734,1.0,0.7637626158259734,16
8,3,5,1.0,0.9027075674773933,1.0,0.95150257112482,1.0,0.95150257112482,1.0,0.95150257112482,1.0,0.95150257112482,16
8,3,2,0.5,0.6546536707079772,1.0,0.7637626158259734,1.0,0.7637626158259734,0.5,0.6546536707079772,0.5,0.6546536707079772,16
8,3,5,0.8,0.9271050693011065,0.8,0.9271050693011065,0.8,0.9271050693011065,0.8,0.9027075674773933,0.8,0.9271050693011065,16
8,3,2,0.5,0.545544725589981,0.5,0.6546536707079772,0.5,0.6546536707079772,1.0,0.7637626158259734,1.0,0.7637626158259734,16
8,3,5,1.0,0.95150257112482,0.8,0.9271050693011065,0.8,0.9271050693011065,1.0,0.95150257112482,1.0,0.9759000729485332,16
8,3,2,0.5,0.6546536707079772,0.5,0.6546536707079772,1.0,0.7637626158259734,0.5,0.6546536707079772,0.5,0.6546536707079772,16
8,3,5,0.8,0.9271050693011065,0.8,0.9271050693011065,0.8,0.9271050693011065,0.8,0.9027075674773933,0.8,0.9271050693011065,16
8,3,2,0.5,0.545544725589981,0.5,0.6546536707079772,1.0,0.7637626158259734,1.0,0.7637626158259734,1.0,0.7637626158259734,16
8,3,5,1.0,0.9759000729485332,0.8,0.9027075674773933,1.0,0.9759000729485332,1.0,0.95150257112482,1.0,0.9759000729485332,16
8,3,2,1.0,0.7637626158259734,1.0,0.7637626158259734,1.0,0.7637626158259734,0.5,0.545544725589981,0.5,0.545544725589981,16
8,3,5,0.8,0.9271050693011065,0.8,0.9271050693011065,0.6,0.8783100656536799,0.6,0.9271050693011065,0.6,0.8783100656536799,16
8,3,2,1.0,0.7637626158259734,1.0,0.7637626158259734,0.5,0.6546536707079772,0.5,0.6546536707079772,0.5,0.6546536707079772,17
8,3,5,1.0,0.95150257112482,0.6,0.6831300510639733,0.4,0.5855400437691199,0.8,0.8783100656536799,0.8,0.9271050693011065,17
8,3,2,0.5,0.6546536707079772,1.0,0.7637626158259734,1.0,0.7637626158259734,0.5,0.6546536707079772,0.5,0.6546536707079772,17
8,3,5,0.8,0.9271050693011065,0.8,0.9271050693011065,0.8,0.9271050693011065,0.8,0.9271050693011065,0.8,0.9271050693011065,17
8,3,2,1.0,0.7637626158259734,1.0,0.7637626158259734,0.5,0.6546536707079772,0.5,0.6546536707079772,0.5,0.6546536707079772,17
8,3,5,1.0,0.95150257112482,0.6,0.7319250547113999,0.6,0.8783100656536799,0.8,0.8783100656536799,0.8,0.9271050693011065,17
8,3,2,1.0,0.7637626158259734,1.0,0.7637626158259734,1.0,0.7637626158259734,0.5,0.545544725589981,0.5,0.545544725589981,17
8,3,5,1.0,0.95150257112482,1.0,0.9759000729485332,0.8,0.9271050693011065,0.8,0.8539125638299666,0.8,0.8539125638299666,17
8,3,2,1.0,0.7637626158259734,0.5,0.6546536707079772,0.5,0.6546536707079772,0.5,0.6546536707079772,0.5,0.6546536707079772,17
8,3,5,1.0,0.95150257112482,0.6,0.7075275528876865,0.6,0.7075275528876865,0.8,0.8783100656536799,0.8,0.9271050693011065,17
8,3,2,1.0,0.7637626158259734,1.0,0.7637626158259734,1.0,0.7637626158259734,1.0,0.7637626158259734,1.0,0.7637626158259734,17
8,3,5,1.0,0.9759000729485332,0.8,0.8539125638299666,0.8,0.8539125638299666,0.8,0.8539125638299666,0.8,0.8539125638299666,17
8,3,2,1.0,0.7637626158259734,1.0,0.7637626158259734,1.0,0.7637626158259734,1.0,0.7637626158259734,1.0,0.7637626158259734,17
8,3,5,1.0,0.95150257112482,1.0,0.9759000729485332,1.0,0.9759000729485332,0.8,0.8539125638299666,0.8,0.8539125638299666,17
8,3,2,1.0,0.7637626158259734,1.0,0.7637626158259734,1.0,0.7637626158259734,1.0,0.7637626158259734,1.0,0.7637626158259734,17
8,3,5,1.0,0.9759000729485332,1.0,0.9759000729485332,1.0,0.9759000729485332,0.8,0.8539125638299666,0.8,0.8539125638299666,17
8,3,2,1.0,0.7637626158259734,1.0,0.7637626158259734,1.0,0.7637626158259734,0.0,0.10910894511799621,0.0,0.10910894511799621,18
8,3,5,1.0,0.95150257112482,0.8,0.9759000729485332,0.8,0.9759000729485332,0.8,0.80511756018254,0.8,0.9759000729485332,18
8,3,2,1.0,0.7637626158259734,1.0,0.7637626158259734,1.0,0.7637626158259734,0.5,0.3273268353539886,0.5,0.545544725589981,18
8,3,5,1.0,0.95150257112482,1.0,0.9759000729485332,1.0,0.9759000729485332,0.8,0.9027075674773933,0.8,0.9759000729485332,18
8,3,2,1.0,0.7637626158259734,1.0,0.7637626158259734,1.0,0.7637626158259734,0.5,0.17145691375685118,0.5,0.3273268353539886,18
8,3,5,1.0,0.95150257112482,1.0,0.9759000729485332,1.0,0.9759000729485332,0.8,0.7075275528876865,0.8,0.9759000729485332,18
8,3,2,1.0,0.7325886315065459,0.5,0.7637626158259734,1.0,0.7637626158259734,0.5,0.545544725589981,0.5,0.545544725589981,18
8,3,5,0.6,0.8539125638299666,0.8,0.9759000729485332,0.6,0.8295150620062534,0.6,0.80511756018254,0.6,0.8295150620062534,18
8,3,2,1.0,0.7637626158259734,1.0,0.7637626158259734,1.0,0.7637626158259734,0.0,0.48319675695112596,0.0,0.5143707412705535,18
8,3,5,1.0,0.9759000729485332,0.8,0.9759000729485332,0.8,0.9759000729485332,0.8,0.9027075674773933,0.8,0.9759000729485332,18
8,3,2,1.0,0.7637626158259734,1.0,0.7637626158259734,1.0,0.7637626158259734,0.5,0.545544725589981,0.5,0.545544725589981,18
8,3,5,1.0,0.9759000729485332,0.8,0.9271050693011065,0.8,0.9271050693011065,0.8,0.9027075674773933,0.8,0.9759000729485332,18
8,3,2,1.0,0.7637626158259734,1.0,0.7637626158259734,1.0,0.7637626158259734,0.5,0.545544725589981,0.5,0.545544725589981,18
8,3,5,1.0,0.95150257112482,0.8,0.9759000729485332,0.8,0.9759000729485332,0.8,0.9027075674773933,0.8,0.9759000729485332,18
8,3,2,1.0,0.7637626158259734,1.0,0.7637626158259734,1.0,0.7637626158259734,0.0,0.48319675695112596,0.0,0.5143707412705535,18
8,3,5,1.0,0.9759000729485332,0.8,0.9759000729485332,1.0,0.9759000729485332,0.8,0.8783100656536799,0.8,0.9759000729485332,18
8,3,2,0.5,0.6546536707079772,1.0,0.7637626158259734,1.0,0.7637626158259734,0.0,0.43643578047198484,0.0,0.43643578047198484,19
8,3,5,0.8,0.7075275528876865,0.8,0.8539125638299666,1.0,0.9759000729485332,0.6,0.5855400437691199,0.6,0.5855400437691199,19
8,3,2,0.5,0.6546536707079772,1.0,0.7637626158259734,1.0,0.7637626158259734,0.0,0.43643578047198484,0.0,0.43643578047198484,19
8,3,5,0.8,0.7075275528876865,0.8,0.8539125638299666,1.0,0.9759000729485332,0.6,0.5367450401216933,0.6,0.5855400437691199,19
8,3,2,0.0,0.5143707412705535,1.0,0.7637626158259734,0.5,0.6546536707079772,0.0,0.43643578047198484,0.0,0.43643578047198484,19
8,3,5,0.8,0.6343350474165467,1.0,0.9759000729485332,0.8,0.8539125638299666,0.6,0.5367450401216933,0.6,0.5855400437691199,19
8,3,2,0.0,0.29615285103456107,1.0,0.7637626158259734,1.0,0.7637626158259734,0.0,0.20263089807627865,0.0,0.29615285103456107,19
8,3,5,0.8,0.6099375455928333,0.8,0.8539125638299666,1.0,0.95150257112482,0.6,0.51234753829798,0.6,0.5855400437691199,19
8,3,2,0.0,0.5143707412705535,1.0,0.7637626158259734,1.0,0.7637626158259734,0.0,0.29615285103456107,0.0,0.29615285103456107,19
8,3,5,0.8,0.6099375455928333,0.8,0.8539125638299666,0.8,0.8539125638299666,0.6,0.51234753829798,0.6,0.5855400437691199,19
8,3,2,0.0,0.29615285103456107,1.0,0.7637626158259734,1.0,0.7637626158259734,0.0,0.43643578047198484,0.0,0.43643578047198484,19
8,3,5,0.6,0.6099375455928333,0.8,0.8539125638299666,0.8,0.8539125638299666,0.6,0.51234753829798,0.6,0.5855400437691199,19
8,3,2,0.0,0.5143707412705535,1.0,0.7637626158259734,1.0,0.7637626158259734,0.0,0.29615285103456107,0.0,0.29615285103456107,19
8,3,5,0.8,0.6099375455928333,0.8,0.8539125638299666,0.8,0.8539125638299666,0.6,0.51234753829798,0.6,0.5855400437691199,19
8,3,2,0.0,0.43643578047198484,1.0,0.7637626158259734,1.0,0.7637626158259734,0.0,0.43643578047198484,0.0,0.43643578047198484,19
8,3,5,0.8,0.8539125638299666,1.0,0.9759000729485332,1.0,0.9759000729485332,1.0,0.8783100656536799,1.0,0.9759000729485332,19
8,4,2,0.5,0.34291382751370236,1.0,0.7637626158259734,1.0,0.7637626158259734,0.5,0.5143707412705535,0.5,0.5143707412705535,0
8,4,5,0.8,0.9271050693011065,1.0,0.9759000729485332,1.0,0.9759000729485332,1.0,0.8295150620062534,1.0,0.9759000729485332,0
8,4,2,1.0,0.7637626158259734,1.0,0.7637626158259734,1.0,0.7637626158259734,1.0,0.7637626158259734,1.0,0.7637626158259734,0
8,4,5,0.8,0.9271050693011065,0.8,0.80511756018254,0.8,0.80511756018254,0.8,0.8539125638299666,0.8,0.8539125638299666,0
8,4,2,0.5,0.545544725589981,1.0,0.7637626158259734,1.0,0.7637626158259734,0.5,0.545544725589981,0.5,0.545544725589981,0
8,4,5,0.8,0.8783100656536799,1.0,0.9759000729485332,1.0,0.9759000729485332,1.0,0.9271050693011065,1.0,0.9759000729485332,0
8,4,2,1.0,0.7637626158259734,1.0,0.7637626158259734,1.0,0.7637626158259734,0.5,0.6546536707079772,0.5,0.6546536707079772,0
8,4,5,0.8,0.9271050693011065,0.8,0.80511756018254,0.8,0.80511756018254,0.8,0.8539125638299666,0.8,0.8539125638299666,0
8,4,2,1.0,0.7637626158259734,1.0,0.7637626158259734,1.0,0.7637626158259734,1.0,0.7637626158259734,1.0,0.7637626158259734,0
8,4,5,1.0,0.95150257112482,0.8,0.9759000729485332,0.8,0.9759000729485332,0.8,0.9271050693011065,0.8,0.9271050693011065,0
8,4,2,0.5,0.7637626158259734,0.0,0.43643578047198484,0.0,0.43643578047198484,0.0,0.43643578047198484,0.0,0.43643578047198484,0
8,4,5,0.8,0.9271050693011065,1.0,0.9759000729485332,1.0,0.9759000729485332,0.8,0.9027075674773933,0.8,0.9271050693011065,0
8,4,2,1.0,0.7637626158259734,1.0,0.7637626158259734,0.5,0.6546536707079772,0.5,0.5143707412705535,0.5,0.5143707412705535,0
8,4,5,0.8,0.95150257112482,1.0,0.9759000729485332,1.0,0.9759000729485332,1.0,0.95150257112482,1.0,0.9759000729485332,0
8,4,2,0.5,0.4052617961525573,1.0,0.7637626158259734,1.0,0.7637626158259734,0.5,0.6546536707079772,0.5,0.6546536707079772,0
8,4,5,0.8,0.9271050693011065,1.0,0.95150257112482,1.0,0.95150257112482,1.0,0.9027075674773933,1.0,0.95150257112482,0
8,4,2,0.5,0.6546536707079772,0.5,0.7637626158259734,0.5,0.7637626158259734,0.0,0.43643578047198484,0.0,0.43643578047198484,1
8,4,5,0.8,0.95150257112482,0.6,0.8539125638299666,0.6,0.8539125638299666,0.6,0.8295150620062534,0.6,0.8539125638299666,1
8,4,2,1.0,0.7637626158259734,0.5,0.6546536707079772,0.5,0.6546536707079772,1.0,0.7637626158259734,1.0,0.7637626158259734,1
8,4,5,1.0,0.9759000729485332,0.8,0.9759000729485332,0.8,0.9271050693011065,1.0,0.9759000729485332,1.0,0.9759000729485332,1
8,4,2,0.5,0.6546536707079772,1.0,0.7325886315065459,1.0,0.7325886315065459,0.5,0.7637626158259734,0.5,0.7637626158259734,1
8,4,5,1.0,0.95150257112482,0.6,0.8539125638299666,0.6,0.8539125638299666,0.6,0.8295150620062534,0.6,0.8539125638299666,1
8,4,2,1.0,0.7325886315065459,1.0,0.7637626158259734,1.0,0.7637626158259734,0.5,0.43643578047198484,0.5,0.43643578047198484,1
8,4,5,0.8,0.9759000729485332,0.8,0.9271050693011065,0.6,0.8295150620062534,0.8,0.80511756018254,0.8,0.8783100656536799,1
8,4,2,0.5,0.6546536707079772,0.5,0.7637626158259734,0.5,0.545544725589981,0.0,0.43643578047198484,0.0,0.43643578047198484,1
8,4,5,0.8,0.9271050693011065,0.6,0.8783100656536799,0.6,0.8783100656536799,0.6,0.8295150620062534,0.6,0.8783100656536799,1
8,4,2,1.0,0.7637626158259734,1.0,0.7637626158259734,1.0,0.7637626158259734,1.0,0.7325886315065459,1.0,0.7637626158259734,1
8,4,5,1.0,0.9759000729485332,0.6,0.8295150620062534,0.8,0.9271050693011065,0.8,0.8783100656536799,0.8,0.8783100656536799,1
8,4,2,0.5,0.6546536707079772,0.5,0.7637626158259734,0.5,0.7637626158259734,0.0,0.43643578047198484,0.0,0.43643578047198484,1
8,4,5,0.8,0.95150257112482,0.6,0.8783100656536799,0.6,0.8783100656536799,0.6,0.8295150620062534,0.6,0.8783100656536799,1
8,4,2,0.5,0.6546536707079772,0.5,0.7637626158259734,1.0,0.7637626158259734,0.0,0.43643578047198484,0.0,0.43643578047198484,1
8,4,5,0.8,0.95150257112482,0.6,0.8783100656536799,0.6,0.8783100656536799,0.6,0.8295150620062534,0.6,0.8783100656536799,1
8,4,2,1.0,0.7637626158259734,1.0,0.7637626158259734,0.5,0.7637626158259734,0.5,0.7637626158259734,0.5,0.7637626158259734,2
8,4,5,1.0,0.95150257112482,0.6,0.8295150620062534,0.6,0.8783100656536799,0.8,0.8539125638299666,0.8,0.8539125638299666,2
8,4,2,0.5,0.7325886315065459,0.0,0.545544725589981,0.0,0.545544725589981,0.5,0.7325886315065459,0.5,0.7325886315065459,2
8,4,5,0.8,0.95150257112482,0.8,0.9271050693011065,0.8,0.9271050693011065,0.6,0.7319250547113999,0.6,0.7563225565351133,2
8,4,2,0.5,0.7325886315065459,0.5,0.7325886315065459,0.5,0.7325886315065459,0.5,0.7325886315065459,0.5,0.7325886315065459,2
8,4,5,0.8,0.9027075674773933,0.8,0.9271050693011065,0.8,0.9271050693011065,0.6,0.7319250547113999,0.6,0.80511756018254,2
8,4,2,1.0,0.7637626158259734,1.0,0.7637626158259734,0.5,0.6546536707079772,0.0,0.7325886315065459,0.0,0.7637626158259734,2
8,4,5,1.0,0.9759000729485332,0.8,0.9759000729485332,0.8,0.9759000729485332,0.8,0.95150257112482,0.8,0.9759000729485332,2
8,4,2,1.0,0.7637626158259734,1.0,0.7637626158259734,1.0,0.7637626158259734,0.0,0.7637626158259734,0.0,0.7637626158259734,2
8,4,5,1.0,0.9759000729485332,0.8,0.9759000729485332,0.8,0.9759000729485332,0.8,0.9759000729485332,0.8,0.9759000729485332,2
8,4,2,1.0,0.7637626158259734,0.5,0.7637626158259734,0.5,0.7637626158259734,0.5,0.7637626158259734,0.5,0.7637626158259734,2
8,4,5,1.0,0.95150257112482,0.8,0.9271050693011065,0.8,0.9271050693011065,1.0,0.9759000729485332,1.0,0.9759000729485332,2
8,4,2,0.5,0.7637626158259734,0.5,0.7637626158259734,0.5,0.7637626158259734,0.5,0.7325886315065459,0.5,0.7637626158259734,2
8,4,5,0.8,0.9759000729485332,0.8,0.9271050693011065,0.8,0.9271050693011065,0.6,0.7319250547113999,0.6,0.7563225565351133,2
8,4,2,0.5,0.6546536707079772,0.5,0.6546536707079772,0.5,0.545544725589981,0.0,0.7325886315065459,0.0,0.7637626158259734,2
8,4,5,1.0,0.9759000729485332,1.0,0.9759000729485332,1.0,0.9759000729485332,0.8,0.8295150620062534,0.8,0.8539125638299666,2
8,4,2,1.0,0.7637626158259734,0.5,0.6546536707079772,0.5,0.6546536707079772,0.0,0.015586992159713743,0.0,0.10910894511799621,3
8,4,5,1.0,0.9759000729485332,0.6,0.8295150620062534,0.6,0.8295150620062534,0.6,0.7319250547113999,0.6,0.8295150620062534,3
8,4,2,1.0,0.7637626158259734,1.0,0.7637626158259734,1.0,0.7637626158259734,0.0,0.3273268353539886,0.0,0.3273268353539886,3
8,4,5,0.8,0.9271050693011065,0.8,0.8783100656536799,0.8,0.8783100656536799,0.8,0.8539125638299666,0.8,0.8783100656536799,3
8,4,2,1.0,0.7637626158259734,0.5,0.6546536707079772,0.5,0.6546536707079772,0.5,0.6546536707079772,0.5,0.6546536707079772,3
8,4,5,0.8,0.8783100656536799,0.8,0.8783100656536799,0.8,0.8783100656536799,0.8,0.8783100656536799,0.8,0.8783100656536799,3
8,4,2,1.0,0.7637626158259734,0.5,0.7637626158259734,0.5,0.7637626158259734,0.5,0.7637626158259734,0.5,0.7637626158259734,3
8,4,5,0.8,0.8783100656536799,0.8,0.8783100656536799,0.8,0.8783100656536799,0.8,0.8783100656536799,0.8,0.8783100656536799,3
8,4,2,1.0,0.7637626158259734,0.5,0.6546536707079772,0.5,0.6546536707079772,0.5,0.6546536707079772,0.5,0.6546536707079772,3
8,4,5,1.0,0.9759000729485332,0.8,0.8783100656536799,0.8,0.8783100656536799,0.6,0.80511756018254,0.6,0.8295150620062534,3
8,4,2,1.0,0.7637626158259734,0.5,0.6546536707079772,0.5,0.6546536707079772,0.0,0.4052617961525573,0.0,0.4052617961525573,3
8,4,5,1.0,0.9759000729485332,0.6,0.8539125638299666,0.6,0.8539125638299666,0.6,0.6587325492402599,0.6,0.8539125638299666,3
8,4,2,1.0,0.7637626158259734,0.5,0.6546536707079772,0.5,0.6546536707079772,0.5,0.6546536707079772,0.5,0.6546536707079772,3
8,4,5,1.0,0.9759000729485332,0.6,0.5855400437691199,0.6,0.5855400437691199,0.8,0.8539125638299666,0.8,0.8783100656536799,3
8,4,2,1.0,0.7637626158259734,0.5,0.7637626158259734,0.5,0.7637626158259734,0.5,0.6546536707079772,0.5,0.6546536707079772,3
8,4,5,0.8,0.9759000729485332,1.0,0.9759000729485332,0.8,0.8783100656536799,0.8,0.7563225565351133,0.8,0.8783100656536799,3
8,4,2,1.0,0.7637626158259734,1.0,0.7637626158259734,1.0,0.7637626158259734,0.5,0.6546536707079772,0.5,0.6546536707079772,4
8,4,5,0.8,0.9271050693011065,0.8,0.9271050693011065,0.8,0.9271050693011065,0.6,0.7563225565351133,0.6,0.7563225565351133,4
8,4,2,1.0,0.7637626158259734,1.0,0.7637626158259734,1.0,0.7637626158259734,0.5,0.6546536707079772,0.5,0.6546536707079772,4
8,4,5,0.8,0.9271050693011065,0.8,0.9271050693011065,0.8,0.9759000729485332,0.6,0.7563225565351133,0.6,0.7563225565351133,4
8,4,2,0.5,0.5143707412705535,0.5,0.5923057020691221,0.0,0.545544725589981,0.5,0.48319675695112596,0.5,0.5143707412705535,4
8,4,5,0.8,0.9027075674773933,0.8,0.9271050693011065,0.8,0.9271050693011065,0.8,0.8783100656536799,0.8,0.95150257112482,4
8,4,2,1.0,0.7637626158259734,1.0,0.7637626158259734,1.0,0.7637626158259734,1.0,0.7637626158259734,1.0,0.7637626158259734,4
8,4,5,0.8,0.9271050693011065,0.8,0.9027075674773933,0.8,0.9271050693011065,0.6,0.7563225565351133,0.6,0.7563225565351133,4
8,4,2,1.0,0.7637626158259734,1.0,0.7637626158259734,1.0,0.7637626158259734,1.0,0.7637626158259734,1.0,0.7637626158259734,4
8,4,5,0.8,0.9271050693011065,0.8,0.95150257112482,0.8,0.95150257112482,0.6,0.7563225565351133,0.6,0.7563225565351133,4
8,4,2,1.0,0.7637626158259734,1.0,0.7637626158259734,1.0,0.7637626158259734,1.0,0.7637626158259734,1.0,0.7637626158259734,4
8,4,5,0.8,0.9759000729485332,0.8,0.9271050693011065,0.8,0.9271050693011065,0.8,0.9027075674773933,0.8,0.9271050693011065,4
8,4,2,1.0,0.7637626158259734,0.5,0.6546536707079772,0.5,0.6546536707079772,0.5,0.5923057020691221,0.5,0.6546536707079772,4
8,4,5,0.8,0.9759000729485332,0.8,0.8783100656536799,0.8,0.9271050693011065,0.6,0.8295150620062534,0.6,0.8783100656536799,4
8,4,2,0.5,0.5143707412705535,0.0,0.545544725589981,0.0,0.545544725589981,0.5,0.48319675695112596,0.5,0.48319675695112596,4
8,4,5,0.8,0.9027075674773933,1.0,0.9759000729485332,0.8,0.9271050693011065,0.8,0.8783100656536799,0.8,0.9759000729485332,4
8,4,2,0.5,0.7637626158259734,0.5,0.7637626158259734,0.5,0.7637626158259734,0.5,0.6546536707079772,0.5,0.6546536707079772,5
8,4,5,1.0,0.9759000729485332,0.6,0.8783100656536799,0.8,0.9271050693011065,0.8,0.8539125638299666,0.8,0.9271050693011065,5
8,4,2,0.5,0.5923057020691221,1.0,0.7637626158259734,0.5,0.29615285103456107,0.5,0.48319675695112596,0.5,0.5143707412705535,5
8,4,5,1.0,0.95150257112482,0.8,0.9759000729485332,0.8,0.9271050693011065,0.8,0.95150257112482,0.8,0.9759000729485332,5
8,4,2,0.5,0.5923057020691221,1.0,0.7637626158259734,1.0,0.7637626158259734,0.0,0.2649788667151336,0.0,0.2649788667151336,5
8,4,5,1.0,0.9027075674773933,0.8,0.9759000729485332,0.8,0.9759000729485332,0.8,0.9027075674773933,0.8,0.9759000729485332,5
8,4,2,0.0,0.2649788667151336,0.5,0.29615285103456107,0.5,0.43643578047198484,0.5,0.48319675695112596,0.5,0.5143707412705535,5
8,4,5,1.0,0.9027075674773933,0.8,0.9759000729485332,0.8,0.9271050693011065,0.8,0.7563225565351133,0.8,0.9759000729485332,5
8,4,2,0.5,0.5923057020691221,1.0,0.7637626158259734,0.5,0.29615285103456107,0.5,0.48319675695112596,0.5,0.5143707412705535,5
8,4,5,1.0,0.95150257112482,0.8,0.9759000729485332,0.8,0.9271050693011065,0.8,0.8783100656536799,0.8,0.9759000729485332,5
8,4,2,0.5,0.7637626158259734,0.5,0.7637626158259734,0.5,0.7637626158259734,0.5,0.6546536707079772,0.5,0.6546536707079772,5
8,4,5,1.0,0.9759000729485332,0.8,0.9271050693011065,0.8,0.9271050693011065,0.8,0.8783100656536799,0.8,0.9271050693011065,5
8,4,2,0.5,0.545544725589981,1.0,0.7637626158259734,1.0,0.7637626158259734,0.5,0.545544725589981,0.5,0.545544725589981,5
8,4,5,0.8,0.8539125638299666,0.6,0.7319250547113999,0.8,0.9271050693011065,0.6,0.7319250547113999,0.6,0.7319250547113999,5
8,4,2,0.5,0.545544725589981,1.0,0.7637626158259734,1.0,0.7637626158259734,0.5,0.545544725589981,0.5,0.545544725589981,5
8,4,5,0.8,0.8539125638299666,0.6,0.7075275528876865,0.8,0.9027075674773933,0.6,0.7319250547113999,0.6,0.7075275528876865,5
8,4,2,0.5,0.4052617961525573,0.5,0.6546536707079772,0.5,0.6546536707079772,0.5,0.43643578047198484,0.5,0.43643578047198484,6
8,4,5,0.8,0.9271050693011065,0.8,0.9271050693011065,0.8,0.95150257112482,0.6,0.5367450401216933,0.6,0.8783100656536799,6
8,4,2,1.0,0.7637626158259734,0.5,0.43643578047198484,0.5,0.43643578047198484,0.5,0.43643578047198484,0.5,0.43643578047198484,6
8,4,5,0.8,0.9271050693011065,0.6,0.8783100656536799,0.6,0.8783100656536799,0.4,0.6099375455928333,0.4,0.6831300510639733,6
8,4,2,1.0,0.7325886315065459,1.0,0.7325886315065459,1.0,0.7325886315065459,0.5,0.43643578047198484,0.5,0.43643578047198484,6
8,4,5,0.8,0.9271050693011065,0.8,0.9027075674773933,0.8,0.9759000729485332,0.6,0.5855400437691199,0.6,0.7807200583588266,6
8,4,2,1.0,0.7637626158259734,1.0,0.7637626158259734,1.0,0.7637626158259734,1.0,0.7637626158259734,1.0,0.7637626158259734,6
8,4,5,1.0,0.95150257112482,0.8,0.8295150620062534,0.8,0.7563225565351133,0.8,0.6587325492402599,0.8,0.7075275528876865,6
8,4,2,1.0,0.7637626158259734,0.5,0.545544725589981,0.5,0.545544725589981,0.0,0.21821789023599242,0.0,0.21821789023599242,6
8,4,5,0.8,0.9271050693011065,0.6,0.8783100656536799,0.6,0.8783100656536799,0.4,0.6099375455928333,0.4,0.6831300510639733,6
8,4,2,1.0,0.7637626158259734,0.5,0.43643578047198484,0.5,0.545544725589981,0.0,0.21821789023599242,0.0,0.21821789023599242,6
8,4,5,0.8,0.9271050693011065,0.6,0.8783100656536799,0.6,0.8783100656536799,0.4,0.5611425419454066,0.4,0.6831300510639733,6
8,4,2,1.0,0.7637626158259734,0.5,0.545544725589981,0.5,0.545544725589981,1.0,0.7637626158259734,1.0,0.7637626158259734,6
8,4,5,0.8,0.9759000729485332,0.6,0.8783100656536799,0.6,0.8783100656536799,0.6,0.8783100656536799,0.6,0.8783100656536799,6
8,4,2,0.5,0.7637626158259734,0.5,0.6546536707079772,0.5,0.6546536707079772,0.5,0.545544725589981,0.5,0.545544725589981,6
8,4,5,1.0,0.9759000729485332,0.8,0.9759000729485332,0.8,0.9271050693011065,0.8,0.95150257112482,0.8,0.9759000729485332,6
8,4,2,1.0,0.7637626158259734,1.0,0.7637626158259734,1.0,0.7637626158259734,1.0,0.7637626158259734,1.0,0.7637626158259734,7
8,4,5,1.0,0.8783100656536799,0.8,0.8783100656536799,0.6,0.8295150620062534,0.8,0.8783100656536799,0.8,0.8783100656536799,7
8,4,2,1.0,0.7637626158259734,0.5,0.6546536707079772,0.5,0.6546536707079772,1.0,0.7637626158259734,1.0,0.7637626158259734,7
8,4,5,1.0,0.9027075674773933,0.8,0.8783100656536799,0.8,0.8783100656536799,0.8,0.9759000729485332,0.8,0.9759000729485332,7
8,4,2,1.0,0.7637626158259734,0.5,0.6546536707079772,0.5,0.6546536707079772,1.0,0.7637626158259734,1.0,0.7637626158259734,7
8,4,5,1.0,0.8783100656536799,0.8,0.8783100656536799,0.8,0.8783100656536799,1.0,0.9759000729485332,1.0,0.95150257112482,7
8,4,2,0.5,0.6546536707079772,0.5,0.6546536707079772,0.5,0.43643578047198484,0.5,0.6546536707079772,0.5,0.6546536707079772,7
8,4,5,0.8,0.9027075674773933,0.8,0.9271050693011065,0.8,0.9271050693011065,0.8,0.9027075674773933,0.8,0.9271050693011065,7
8,4,2,0.5,0.6546536707079772,0.5,0.43643578047198484,0.5,0.43643578047198484,0.0,0.545544725589981,0.0,0.545544725589981,7
8,4,5,0.8,0.95150257112482,0.6,0.8783100656536799,0.6,0.7319250547113999,0.6,0.7319250547113999,0.6,0.7319250547113999,7
8,4,2,1.0,0.7637626158259734,1.0,0.7637626158259734,1.0,0.7637626158259734,1.0,0.7637626158259734,1.0,0.7637626158259734,7
8,4,5,1.0,0.8783100656536799,0.8,0.95150257112482,0.8,0.95150257112482,0.8,0.8783100656536799,0.8,0.8539125638299666,7
8,4,2,1.0,0.7637626158259734,1.0,0.7637626158259734,1.0,0.7637626158259734,1.0,0.7637626158259734,1.0,0.7637626158259734,7
8,4,5,1.0,0.8783100656536799,0.8,0.8783100656536799,0.8,0.8783100656536799,0.8,0.8295150620062534,0.8,0.9759000729485332,7
8,4,2,1.0,0.7637626158259734,0.5,0.6546536707079772,0.5,0.6546536707079772,1.0,0.7637626158259734,1.0,0.7637626158259734,7
8,4,5,1.0,0.9027075674773933,0.8,0.8783100656536799,0.8,0.8783100656536799,0.8,0.7563225565351133,0.8,0.8783100656536799,7
8,4,2,1.0,0.7325886315065459,0.0,0.6546536707079772,0.0,0.6546536707079772,0.5,0.43643578047198484,0.5,0.43643578047198484,8
8,4,5,0.8,0.9027075674773933,0.8,0.9759000729485332,0.8,0.9759000729485332,0.4,0.5611425419454066,0.4,0.6831300510639733,8
8,4,2,0.0,0.3273268353539886,0.5,0.6546536707079772,0.5,0.6546536707079772,0.0,0.4052617961525573,0.0,0.4052617961525573,8
8,4,5,0.8,0.7563225565351133,0.6,0.8783100656536799,0.6,0.8783100656536799,0.8,0.80511756018254,0.8,0.9271050693011065,8
8,4,2,0.5,0.6546536707079772,0.5,0.7637626158259734,1.0,0.7637626158259734,0.0,0.21821789023599242,0.0,0.21821789023599242,8
8,4,5,0.8,0.9027075674773933,0.8,0.9271050693011065,0.6,0.8783100656536799,0.6,0.7807200583588266,0.6,0.8783100656536799,8
8,4,2,0.5,0.6546536707079772,1.0,0.7637626158259734,1.0,0.7637626158259734,0.5,0.6546536707079772,0.5,0.6546536707079772,8
8,4,5,1.0,0.9271050693011065,1.0,0.9759000729485332,0.8,0.9271050693011065,0.8,0.80511756018254,0.8,0.80511756018254,8
8,4,2,1.0,0.7637626158259734,0.5,0.545544725589981,0.5,0.545544725589981,0.5,0.43643578047198484,0.5,0.43643578047198484,8
8,4,5,0.8,0.9759000729485332,0.8,0.9271050693011065,0.8,0.9271050693011065,0.8,0.8783100656536799,0.8,0.9759000729485332,8
8,4,2,0.5,0.6546536707079772,1.0,0.7637626158259734,1.0,0.7637626158259734,0.5,0.6546536707079772,0.5,0.6546536707079772,8
8,4,5,1.0,0.95150257112482,1.0,0.9759000729485332,1.0,0.9759000729485332,0.8,0.80511756018254,0.8,0.80511756018254,8
8,4,2,0.5,0.6546536707079772,0.5,0.43643578047198484,0.5,0.43643578047198484,0.5,0.43643578047198484,0.5,0.43643578047198484,8
8,4,5,0.8,0.9027075674773933,0.8,0.9759000729485332,0.8,0.9759000729485332,0.6,0.7319250547113999,0.6,0.8783100656536799,8
8,4,2,0.5,0.6546536707079772,0.5,0.545544725589981,0.5,0.545544725589981,0.5,0.43643578047198484,0.5,0.43643578047198484,8
8,4,5,0.8,0.9027075674773933,0.8,0.9759000729485332,0.8,0.9759000729485332,0.4,0.6343350474165467,0.4,0.6831300510639733,8
8,4,2,0.5,0.7637626158259734,0.5,0.7637626158259734,0.5,0.7637626158259734,0.5,0.7325886315065459,0.5,0.7637626158259734,9
8,4,5,0.6,0.8783100656536799,0.6,0.8783100656536799,0.8,0.9759000729485332,0.6,0.8783100656536799,0.6,0.8783100656536799,9
8,4,2,1.0,0.7637626158259734,0.5,0.6546536707079772,0.5,0.6546536707079772,0.5,0.6546536707079772,0.5,0.6546536707079772,9
8,4,5,1.0,0.95150257112482,0.8,0.8539125638299666,0.8,0.8539125638299666,0.6,0.7563225565351133,0.6,0.7563225565351133,9
8,4,2,0.5,0.7637626158259734,0.5,0.7637626158259734,0.5,0.7637626158259734,0.5,0.7325886315065459,0.5,0.7637626158259734,9
8,4,5,0.8,0.9271050693011065,0.6,0.8783100656536799,0.8,0.9759000729485332,0.6,0.8539125638299666,0.6,0.8783100656536799,9
8,4,2,1.0,0.7637626158259734,0.5,0.7637626158259734,0.5,0.7637626158259734,1.0,0.7637626158259734,1.0,0.7637626158259734,9
8,4,5,1.0,0.9759000729485332,0.8,0.9271050693011065,0.8,0.9271050693011065,0.6,0.7319250547113999,0.6,0.7319250547113999,9
8,4,2,1.0,0.7637626158259734,1.0,0.7637626158259734,1.0,0.7637626158259734,1.0,0.7637626158259734,1.0,0.7637626158259734,9
8,4,5,1.0,0.9759000729485332,0.8,0.9271050693011065,0.8,0.9271050693011065,0.6,0.7319250547113999,0.6,0.7319250547113999,9
8,4,2,1.0,0.7637626158259734,0.5,0.6546536707079772,0.5,0.6546536707079772,0.5,0.6546536707079772,0.5,0.6546536707079772,9
8,4,5,1.0,0.95150257112482,0.8,0.8295150620062534,0.8,0.8295150620062534,0.6,0.7563225565351133,0.6,0.7563225565351133,9
8,4,2,1.0,0.7637626158259734,0.5,0.7637626158259734,0.5,0.7637626158259734,1.0,0.7637626158259734,1.0,0.7637626158259734,9
8,4,5,1.0,0.9759000729485332,0.8,0.8539125638299666,0.8,0.8539125638299666,0.6,0.7319250547113999,0.6,0.7319250547113999,9
8,4,2,1.0,0.7637626158259734,0.5,0.6546536707079772,0.5,0.6546536707079772,0.5,0.6546536707079772,0.5,0.6546536707079772,9
8,4,5,1.0,0.95150257112482,0.8,0.8295150620062534,0.8,0.8295150620062534,0.6,0.7563225565351133,0.6,0.7563225565351133,9
8,4,2,0.5,0.43643578047198484,1.0,0.7637626158259734,1.0,0.7637626158259734,0.5,0.43643578047198484,0.5,0.43643578047198484,10
8,4,5,0.8,0.8783100656536799,0.8,0.9759000729485332,0.6,0.8783100656536799,0.6,0.8295150620062534,0.6,0.8783100656536799,10
8,4,2,1.0,0.7637626158259734,1.0,0.7637626158259734,1.0,0.7637626158259734,0.5,0.43643578047198484,0.5,0.43643578047198484,10
8,4,5,0.8,0.9027075674773933,0.8,0.9759000729485332,0.8,0.9759000729485332,0.6,0.8295150620062534,0.6,0.8783100656536799,10
8,4,2,0.5,0.43643578047198484,1.0,0.7637626158259734,1.0,0.7637626158259734,0.5,0.43643578047198484,0.5,0.43643578047198484,10
8,4,5,0.8,0.9027075674773933,0.8,0.9759000729485332,0.6,0.8783100656536799,0.6,0.7319250547113999,0.6,0.8783100656536799,10
8,4,2,1.0,0.7637626158259734,1.0,0.7637626158259734,1.0,0.7637626158259734,0.5,0.43643578047198484,0.5,0.43643578047198484,10
8,4,5,0.8,0.8783100656536799,0.6,0.8783100656536799,0.6,0.8783100656536799,0.6,0.8295150620062534,0.6,0.8783100656536799,10
8,4,2,0.5,0.43643578047198484,1.0,0.7637626158259734,1.0,0.7637626158259734,0.5,0.43643578047198484,0.5,0.43643578047198484,10
8,4,5,0.8,0.95150257112482,0.8,0.9271050693011065,0.8,0.9759000729485332,0.6,0.7319250547113999,0.6,0.8783100656536799,10
8,4,2,0.5,0.545544725589981,0.5,0.545544725589981,0.5,0.545544725589981,0.5,0.545544725589981,0.5,0.545544725589981,10
8,4,5,0.8,0.8783100656536799,0.8,0.9027075674773933,0.8,0.9027075674773933,0.8,0.80511756018254,0.8,0.8295150620062534,10
8,4,2,1.0,0.7637626158259734,1.0,0.7637626158259734,1.0,0.7637626158259734,0.5,0.43643578047198484,0.5,0.43643578047198484,10
8,4,5,0.8,0.8783100656536799,0.6,0.7319250547113999,0.6,0.7319250547113999,0.8,0.8295150620062534,0.8,0.9271050693011065,10
8,4,2,0.5,0.545544725589981,0.0,0.48319675695112596,0.5,0.545544725589981,0.5,0.545544725589981,0.5,0.545544725589981,10
8,4,5,0.8,0.8783100656536799,0.8,0.9027075674773933,0.8,0.9759000729485332,0.6,0.6831300510639733,0.6,0.7075275528876865,10
8,4,2,1.0,0.7637626158259734,0.5,0.6546536707079772,0.5,0.6546536707079772,0.5,0.7637626158259734,0.5,0.7637626158259734,11
8,4,5,1.0,0.9759000729485332,1.0,0.9759000729485332,1.0,0.9759000729485332,0.8,0.8783100656536799,0.8,0.8783100656536799,11
8,4,2,1.0,0.7637626158259734,1.0,0.7637626158259734,0.5,0.6546536707079772,1.0,0.7637626158259734,1.0,0.7637626158259734,11
8,4,5,1.0,0.9759000729485332,1.0,0.9759000729485332,1.0,0.9759000729485332,0.8,0.9271050693011065,0.8,0.9271050693011065,11
8,4,2,0.5,0.6546536707079772,0.5,0.7637626158259734,0.5,0.7637626158259734,1.0,0.7637626158259734,1.0,0.7637626158259734,11
8,4,5,1.0,0.9759000729485332,0.8,0.9271050693011065,0.8,0.9271050693011065,0.6,0.95150257112482,0.6,0.9759000729485332,11
8,4,2,1.0,0.7637626158259734,0.0,0.5143707412705535,0.0,0.5143707412705535,0.0,0.5143707412705535,0.0,0.5143707412705535,11
8,4,5,1.0,0.9759000729485332,1.0,0.9759000729485332,1.0,0.9759000729485332,0.8,0.8539125638299666,0.8,0.8783100656536799,11
8,4,2,0.5,0.5923057020691221,0.5,0.7637626158259734,0.5,0.7637626158259734,0.5,0.6546536707079772,0.5,0.6546536707079772,11
8,4,5,1.0,0.95150257112482,0.8,0.9271050693011065,0.6,0.8783100656536799,0.8,0.95150257112482,0.8,0.9759000729485332,11
8,4,2,1.0,0.7637626158259734,1.0,0.7637626158259734,1.0,0.7637626158259734,1.0,0.7637626158259734,1.0,0.7637626158259734,11
8,4,5,1.0,0.9759000729485332,0.8,0.9759000729485332,0.8,0.9759000729485332,1.0,0.95150257112482,1.0,0.9759000729485332,11
8,4,2,0.5,0.6546536707079772,0.5,0.7637626158259734,0.5,0.7637626158259734,0.5,0.4520227726316985,0.5,0.545544725589981,11
8,4,5,1.0,0.9759000729485332,0.8,0.8783100656536799,0.8,0.8783100656536799,0.6,0.95150257112482,0.6,0.9759000729485332,11
8,4,2,1.0,0.7637626158259734,0.0,0.5143707412705535,0.0,0.5143707412705535,0.0,0.48319675695112596,0.0,0.5143707412705535,11
8,4,5,1.0,0.9759000729485332,0.8,0.9271050693011065,0.8,0.9271050693011065,0.8,0.80511756018254,0.8,0.9271050693011065,11
8,4,2,1.0,0.7325886315065459,1.0,0.7637626158259734,1.0,0.7637626158259734,0.0,0.48319675695112596,0.0,0.5143707412705535,12
8,4,5,0.8,0.9271050693011065,0.8,0.9759000729485332,0.6,0.80511756018254,0.6,0.7563225565351133,0.6,0.7563225565351133,12
8,4,2,1.0,0.7637626158259734,1.0,0.7637626158259734,0.5,0.6546536707079772,0.5,0.6546536707079772,0.5,0.6546536707079772,12
8,4,5,1.0,0.9759000729485332,0.8,0.9271050693011065,0.8,0.9271050693011065,0.8,0.8783100656536799,0.8,0.9271050693011065,12
8,4,2,1.0,0.7637626158259734,0.5,0.545544725589981,0.5,0.21821789023599242,0.0,-0.29615285103456107,0.0,-0.20263089807627865,12
8,4,5,1.0,0.95150257112482,0.6,0.4879500364742666,0.6,0.6343350474165467,0.8,0.5367450401216933,0.8,0.5855400437691199,12
8,4,2,1.0,0.7637626158259734,0.0,0.3273268353539886,0.5,0.6546536707079772,0.0,0.43643578047198484,0.0,0.43643578047198484,12
8,4,5,1.0,0.95150257112482,0.6,0.6587325492402599,0.6,0.6587325492402599,0.8,0.7075275528876865,0.8,0.5855400437691199,12
8,4,2,1.0,0.7325886315065459,1.0,0.7637626158259734,1.0,0.7637626158259734,0.5,0.43643578047198484,0.5,0.43643578047198484,12
8,4,5,1.0,0.95150257112482,0.8,0.9759000729485332,0.8,0.9759000729485332,0.6,0.7319250547113999,0.6,0.7563225565351133,12
8,4,2,1.0,0.7325886315065459,1.0,0.7637626158259734,1.0,0.7637626158259734,0.5,0.545544725589981,0.5,0.545544725589981,12
8,4,5,1.0,0.95150257112482,0.8,0.9759000729485332,0.8,0.9759000729485332,0.6,0.7563225565351133,0.6,0.7563225565351133,12
8,4,2,1.0,0.7637626158259734,0.5,0.6546536707079772,0.5,0.6546536707079772,0.0,0.43643578047198484,0.0,0.43643578047198484,12
8,4,5,1.0,0.95150257112482,0.8,0.9271050693011065,0.8,0.9271050693011065,0.8,0.7075275528876865,0.8,0.6831300510639733,12
8,4,2,1.0,0.7325886315065459,1.0,0.7637626158259734,1.0,0.7637626158259734,0.5,0.545544725589981,0.5,0.545544725589981,12
8,4,5,1.0,0.9271050693011065,0.8,0.9759000729485332,0.8,0.9759000729485332,0.6,0.7319250547113999,0.6,0.7563225565351133,12
8,4,2,0.5,0.6546536707079772,0.5,0.6546536707079772,0.5,0.6546536707079772,0.0,0.43643578047198484,0.0,0.43643578047198484,13
8,4,5,0.6,0.9271050693011065,0.8,0.9759000729485332,0.6,0.8783100656536799,0.4,0.6831300510639733,0.4,0.6831300510639733,13
8,4,2,1.0,0.7637626158259734,1.0,0.7637626158259734,1.0,0.7637626158259734,0.0,0.34291382751370236,0.0,0.4052617961525573,13
8,4,5,1.0,0.95150257112482,0.8,0.9027075674773933,0.8,0.9027075674773933,0.8,0.7807200583588266,0.8,0.80511756018254,13
8,4,2,0.5,0.6546536707079772,1.0,0.7637626158259734,1.0,0.7637626158259734,0.0,0.43643578047198484,0.0,0.43643578047198484,13
8,4,5,1.0,0.9271050693011065,0.8,0.7563225565351133,0.8,0.8295150620062534,0.8,0.7075275528876865,0.8,0.8295150620062534,13
8,4,2,0.5,0.6546536707079772,0.5,0.6546536707079772,0.5,0.6546536707079772,0.5,0.6546536707079772,0.5,0.6546536707079772,13
8,4,5,1.0,0.9271050693011065,1.0,0.9759000729485332,1.0,0.9759000729485332,0.8,0.7075275528876865,0.8,0.8295150620062534,13
8,4,2,0.5,0.7637626158259734,0.5,0.7637626158259734,0.5,0.7637626158259734,0.5,0.7637626158259734,0.5,0.7637626158259734,13
8,4,5,0.8,0.9271050693011065,1.0,0.9759000729485332,1.0,0.9759000729485332,0.6,0.8295150620062534,0.6,0.8783100656536799,13
8,4,2,0.5,0.7637626158259734,0.5,0.7637626158259734,0.5,0.545544725589981,0.5,0.7637626158259734,0.5,0.7637626158259734,13
8,4,5,0.8,0.9271050693011065,0.8,0.9759000729485332,0.8,0.9759000729485332,0.6,0.8295150620062534,0.6,0.8783100656536799,13
8,4,2,1.0,0.7637626158259734,0.5,0.43643578047198484,0.0,0.2649788667151336,0.0,0.4052617961525573,0.0,0.4052617961525573,13
8,4,5,1.0,0.95150257112482,0.6,0.7319250547113999,0.6,0.7319250547113999,0.8,0.7807200583588266,0.8,0.80511756018254,13
8,4,2,1.0,0.7637626158259734,1.0,0.7637626158259734,1.0,0.7637626158259734,0.5,0.3273268353539886,0.5,0.3273268353539886,13
8,4,5,0.8,0.80511756018254,0.6,0.7319250547113999,0.6,0.7319250547113999,0.8,0.7807200583588266,0.8,0.80511756018254,13
8,4,2,0.5,0.7637626158259734,0.5,0.545544725589981,1.0,0.7637626158259734,0.5,0.545544725589981,0.5,0.545544725589981,14
8,4,5,1.0,0.95150257112482,0.6,0.8783100656536799,0.6,0.8783100656536799,0.6,0.7319250547113999,0.6,0.80511756018254,14
8,4,2,0.5,0.4520227726316985,0.5,0.6546536707079772,0.5,0.6546536707079772,0.5,0.545544725589981,0.5,0.545544725589981,14
8,4,5,1.0,0.9027075674773933,0.8,0.9759000729485332,0.8,0.9759000729485332,0.8,0.8539125638299666,0.8,0.8783100656536799,14
8,4,2,0.5,0.6546536707079772,0.5,0.3273268353539886,0.5,0.3273268353539886,0.5,0.3273268353539886,0.5,0.3273268353539886,14
8,4,5,0.8,0.6099375455928333,0.8,0.8539125638299666,0.8,0.8539125638299666,0.6,0.3903600291794133,0.6,0.51234753829798,14
8,4,2,0.5,0.7637626158259734,0.5,0.6546536707079772,0.5,0.6546536707079772,0.5,0.5923057020691221,0.5,0.6546536707079772,14
8,4,5,1.0,0.95150257112482,0.8,0.8783100656536799,0.8,0.8783100656536799,0.6,0.80511756018254,0.6,0.80511756018254,14
8,4,2,0.5,0.7637626158259734,0.5,0.6546536707079772,0.5,0.6546536707079772,0.5,0.5923057020691221,0.5,0.6546536707079772,14
8,4,5,1.0,0.95150257112482,0.8,0.9271050693011065,0.8,0.9271050693011065,0.6,0.80511756018254,0.6,0.80511756018254,14
8,4,2,0.5,0.545544725589981,0.5,0.6546536707079772,0.5,0.6546536707079772,0.5,0.6546536707079772,0.5,0.6546536707079772,14
8,4,5,1.0,0.95150257112482,0.8,0.9759000729485332,0.8,0.9759000729485332,0.6,0.4879500364742666,0.6,0.51234753829798,14
8,4,2,0.5,0.545544725589981,0.5,0.6546536707079772,0.5,0.6546536707079772,0.5,0.6546536707079772,0.5,0.6546536707079772,14
8,4,5,1.0,0.95150257112482,0.8,0.9759000729485332,0.8,0.9759000729485332,0.6,0.6587325492402599,0.6,0.6587325492402599,14
8,4,2,0.5,0.545544725589981,0.5,0.6546536707079772,0.5,0.6546536707079772,0.5,0.6546536707079772,0.5,0.6546536707079772,14
8,4,5,1.0,0.95150257112482,0.8,0.9759000729485332,0.8,0.9759000729485332,0.8,0.7563225565351133,0.8,0.9271050693011065,14
8,4,2,1.0,0.7637626158259734,0.5,0.545544725589981,0.5,0.545544725589981,0.0,0.23380488239570615,0.0,0.23380488239570615,15
8,4,5,1.0,0.9759000729485332,0.8,0.8783100656536799,0.8,0.8783100656536799,0.8,0.7075275528876865,0.8,0.8783100656536799,15
8,4,2,1.0,0.7637626158259734,1.0,0.7637626158259734,0.5,0.545544725589981,1.0,0.7637626158259734,1.0,0.7637626158259734,15
8,4,5,0.8,0.80511756018254,0.8,0.9271050693011065,0.8,0.9271050693011065,0.8,0.9027075674773933,0.8,0.9271050693011065,15
8,4,2,1.0,0.7637626158259734,1.0,0.7637626158259734,0.5,0.545544725589981,0.5,0.545544725589981,0.5,0.545544725589981,15
8,4,5,1.0,0.9759000729485332,0.8,0.8783100656536799,0.8,0.8783100656536799,1.0,0.95150257112482,1.0,0.9759000729485332,15
8,4,2,1.0,0.7637626158259734,1.0,0.7637626158259734,1.0,0.7637626158259734,0.0,0.23380488239570615,0.0,0.2649788667151336,15
8,4,5,1.0,0.9759000729485332,0.8,0.8783100656536799,0.8,0.8783100656536799,0.8,0.7807200583588266,0.8,0.8783100656536799,15
8,4,2,1.0,0.7637626158259734,1.0,0.7637626158259734,1.0,0.7637626158259734,0.5,0.4520227726316985,0.5,0.545544725589981,15
8,4,5,1.0,0.9759000729485332,0.8,0.8783100656536799,0.8,0.8783100656536799,0.8,0.7319250547113999,0.8,0.7563225565351133,15
8,4,2,1.0,0.7637626158259734,0.5,0.545544725589981,0.5,0.545544725589981,0.0,0.23380488239570615,0.0,0.2649788667151336,15
8,4,5,1.0,0.9759000729485332,0.8,0.8783100656536799,0.8,0.8783100656536799,0.8,0.80511756018254,0.8,0.8783100656536799,15
8,4,2,1.0,0.7637626158259734,0.5,0.545544725589981,0.5,0.545544725589981,1.0,0.7637626158259734,1.0,0.7637626158259734,15
8,4,5,0.8,0.80511756018254,0.8,0.9271050693011065,0.8,0.9271050693011065,0.8,0.9027075674773933,0.8,0.9271050693011065,15
8,4,2,0.5,0.6546536707079772,0.5,0.545544725589981,0.5,0.545544725589981,0.0,0.23380488239570615,0.0,0.2649788667151336,15
8,4,5,1.0,0.9759000729485332,0.8,0.8783100656536799,0.8,0.8783100656536799,0.8,0.80511756018254,0.8,0.8783100656536799,15
8,4,2,1.0,0.7325886315065459,1.0,0.7637626158259734,1.0,0.7637626158259734,0.5,0.6546536707079772,0.5,0.6546536707079772,16
8,4,5,0.8,0.9759000729485332,0.8,0.9271050693011065,0.6,0.7563225565351133,0.6,0.80511756018254,0.6,0.8295150620062534,16
8,4,2,1.0,0.7637626158259734,0.0,0.545544725589981,0.5,0.7637626158259734,0.0,0.21821789023599242,0.0,0.21821789023599242,16
8,4,5,0.8,0.7807200583588266,0.6,0.8783100656536799,0.6,0.8783100656536799,0.4,0.4879500364742666,0.4,0.51234753829798,16
8,4,2,1.0,0.7637626158259734,0.5,0.7637626158259734,0.5,0.7637626158259734,0.0,0.21821789023599242,0.0,0.21821789023599242,16
8,4,5,0.8,0.8783100656536799,0.6,0.8783100656536799,0.6,0.8783100656536799,0.6,0.6831300510639733,0.6,0.8783100656536799,16
8,4,2,0.5,0.7637626158259734,0.5,0.6546536707079772,1.0,0.7637626158259734,0.5,0.545544725589981,0.5,0.545544725589981,16
8,4,5,0.8,0.95150257112482,0.8,0.9271050693011065,0.8,0.9271050693011065,0.8,0.8539125638299666,0.8,0.9271050693011065,16
8,4,2,0.5,0.7637626158259734,0.5,0.6546536707079772,1.0,0.7637626158259734,0.5,0.7637626158259734,0.5,0.7637626158259734,16
8,4,5,0.8,0.9271050693011065,0.8,0.8295150620062534,0.8,0.80511756018254,0.8,0.9027075674773933,0.8,0.9271050693011065,16
8,4,2,0.5,0.545544725589981,0.5,0.6546536707079772,1.0,0.7637626158259734,0.0,0.5923057020691221,0.0,0.5923057020691221,16
8,4,5,0.8,0.8539125638299666,0.8,0.9271050693011065,1.0,0.9759000729485332,0.8,0.8539125638299666,0.8,0.9027075674773933,16
8,4,2,0.5,0.5923057020691221,1.0,0.7637626158259734,1.0,0.7637626158259734,0.0,0.7637626158259734,0.0,0.7325886315065459,16
8,4,5,0.8,0.95150257112482,0.8,0.8783100656536799,0.8,0.8783100656536799,0.8,0.95150257112482,0.8,0.9759000729485332,16
8,4,2,0.5,0.545544725589981,0.5,0.6546536707079772,0.5,0.6546536707079772,0.5,0.545544725589981,0.5,0.545544725589981,16
8,4,5,0.8,0.8783100656536799,0.8,0.9271050693011065,1.0,0.95150257112482,0.8,0.8539125638299666,0.8,0.9271050693011065,16
8,4,2,1.0,0.7637626158259734,0.5,0.7637626158259734,0.5,0.6546536707079772,1.0,0.7637626158259734,1.0,0.7637626158259734,17
8,4,5,0.8,0.9759000729485332,0.8,0.9759000729485332,0.8,0.9759000729485332,0.6,0.9759000729485332,0.6,0.9759000729485332,17
8,4,2,1.0,0.7637626158259734,0.5,0.3273268353539886,0.0,0.04676097647914123,0.5,0.7637626158259734,0.5,0.7637626158259734,17
8,4,5,1.0,0.95150257112482,0.8,0.8783100656536799,0.8,0.8783100656536799,0.8,0.80511756018254,0.8,0.80511756018254,17
8,4,2,0.0,0.7637626158259734,1.0,0.7325886315065459,0.5,0.5143707412705535,0.0,0.7637626158259734,0.0,0.7637626158259734,17
8,4,5,1.0,0.95150257112482,1.0,0.9759000729485332,1.0,0.9759000729485332,0.8,0.95150257112482,0.8,0.9759000729485332,17
8,4,2,0.5,0.7637626158259734,0.0,0.43643578047198484,0.5,0.3273268353539886,0.5,0.7325886315065459,0.5,0.7637626158259734,17
8,4,5,1.0,0.95150257112482,0.8,0.9271050693011065,0.8,0.8783100656536799,0.8,0.80511756018254,0.8,0.80511756018254,17
8,4,2,0.5,0.545544725589981,1.0,0.7637626158259734,1.0,0.7637626158259734,0.0,0.43643578047198484,0.0,0.43643578047198484,17
8,4,5,1.0,0.95150257112482,1.0,0.9759000729485332,1.0,0.9759000729485332,0.6,0.5855400437691199,0.6,0.6831300510639733,17
8,4,2,0.0,0.015586992159713743,1.0,0.7637626158259734,1.0,0.7637626158259734,0.0,0.015586992159713743,0.0,0.015586992159713743,17
8,4,5,0.8,0.43915503282683993,0.8,0.8539125638299666,0.8,0.8539125638299666,0.6,0.29277002188455997,0.6,0.4147575310031267,17
8,4,2,1.0,0.7637626158259734,0.5,0.6546536707079772,0.5,0.6546536707079772,0.0,0.43643578047198484,0.0,0.43643578047198484,17
8,4,5,1.0,0.95150257112482,0.8,0.80511756018254,0.8,0.80511756018254,0.6,0.4147575310031267,0.6,0.4147575310031267,17
8,4,2,1.0,0.7637626158259734,1.0,0.7637626158259734,1.0,0.7637626158259734,0.5,0.7325886315065459,0.5,0.7637626158259734,17
8,4,5,1.0,0.95150257112482,0.8,0.9271050693011065,0.8,0.9271050693011065,0.8,0.80511756018254,0.8,0.80511756018254,17
8,4,2,0.5,0.7637626158259734,0.5,0.7637626158259734,0.5,0.7637626158259734,0.5,0.7637626158259734,0.5,0.7637626158259734,18
8,4,5,1.0,0.95150257112482,0.8,0.8783100656536799,0.8,0.9271050693011065,0.8,0.7807200583588266,0.8,0.9271050693011065,18
8,4,2,1.0,0.7637626158259734,0.5,0.7637626158259734,0.5,0.7637626158259734,0.5,0.43643578047198484,0.5,0.43643578047198484,18
8,4,5,1.0,0.9759000729485332,0.8,0.9271050693011065,0.8,0.9271050693011065,0.8,0.80511756018254,0.8,0.9271050693011065,18
8,4,2,1.0,0.7325886315065459,1.0,0.7637626158259734,1.0,0.7637626158259734,1.0,0.7325886315065459,1.0,0.7637626158259734,18
8,4,5,1.0,0.9759000729485332,0.8,0.9759000729485332,0.8,0.9759000729485332,0.8,0.9027075674773933,0.8,0.9271050693011065,18
8,4,2,0.5,0.7637626158259734,0.5,0.7637626158259734,0.5,0.7637626158259734,0.5,0.43643578047198484,0.5,0.43643578047198484,18
8,4,5,1.0,0.9759000729485332,0.6,0.7075275528876865,0.6,0.7075275528876865,0.6,0.51234753829798,0.6,0.6343350474165467,18
8,4,2,0.5,0.7637626158259734,0.5,0.7637626158259734,0.5,0.7637626158259734,0.5,0.7637626158259734,0.5,0.7637626158259734,18
8,4,5,0.8,0.9271050693011065,0.8,0.9271050693011065,0.8,0.9271050693011065,0.8,0.8295150620062534,0.8,0.9271050693011065,18
8,4,2,0.5,0.7637626158259734,0.5,0.6546536707079772,0.5,0.6546536707079772,0.0,0.545544725589981,0.0,0.545544725589981,18
8,4,5,1.0,0.9759000729485332,0.8,0.9271050693011065,1.0,0.9759000729485332,0.8,0.80511756018254,0.8,0.80511756018254,18
8,4,2,0.5,0.7637626158259734,0.5,0.7637626158259734,0.5,0.7637626158259734,0.5,0.7637626158259734,0.5,0.7637626158259734,18
8,4,5,1.0,0.9759000729485332,0.8,0.9271050693011065,0.8,0.9271050693011065,0.8,0.8783100656536799,0.8,0.9271050693011065,18
8,4,2,1.0,0.7325886315065459,1.0,0.7637626158259734,1.0,0.7637626158259734,1.0,0.7325886315065459,1.0,0.7637626158259734,18
8,4,5,0.8,0.9759000729485332,0.8,0.9271050693011065,0.8,0.9271050693011065,0.8,0.95150257112482,0.8,0.9759000729485332,18
8,4,2,0.5,0.545544725589981,0.5,0.6546536707079772,0.5,0.6546536707079772,0.5,0.6546536707079772,0.5,0.6546536707079772,19
8,4,5,0.8,0.8783100656536799,0.8,0.9271050693011065,0.8,0.9271050693011065,0.8,0.8539125638299666,0.8,0.8783100656536799,19
8,4,2,1.0,0.7637626158259734,0.5,0.6546536707079772,0.5,0.6546536707079772,0.5,0.6546536707079772,0.5,0.6546536707079772,19
8,4,5,1.0,0.95150257112482,0.6,0.7319250547113999,0.6,0.7319250547113999,0.8,0.7319250547113999,0.8,0.80511756018254,19
8,4,2,1.0,0.7637626158259734,1.0,0.7637626158259734,1.0,0.7637626158259734,1.0,0.7637626158259734,1.0,0.7637626158259734,19
8,4,5,1.0,0.95150257112482,0.8,0.9271050693011065,1.0,0.9759000729485332,0.6,0.7563225565351133,0.6,0.7563225565351133,19
8,4,2,0.5,0.545544725589981,0.5,0.6546536707079772,0.5,0.6546536707079772,0.5,0.5923057020691221,0.5,0.6546536707079772,19
8,4,5,0.8,0.80511756018254,0.8,0.9271050693011065,0.8,0.9271050693011065,0.8,0.80511756018254,0.8,0.8783100656536799,19
8,4,2,1.0,0.7637626158259734,0.5,0.6546536707079772,0.5,0.6546536707079772,0.5,0.6546536707079772,0.5,0.6546536707079772,19
8,4,5,1.0,0.95150257112482,0.8,0.9271050693011065,0.8,0.9271050693011065,0.8,0.7319250547113999,0.8,0.80511756018254,19
8,4,2,1.0,0.7637626158259734,0.5,0.6546536707079772,0.5,0.6546536707079772,0.5,0.6546536707079772,0.5,0.6546536707079772,19
8,4,5,1.0,0.95150257112482,0.6,0.7319250547113999,0.6,0.7319250547113999,0.8,0.7319250547113999,0.8,0.80511756018254,19
8,4,2,1.0,0.7637626158259734,1.0,0.7637626158259734,1.0,0.7637626158259734,1.0,0.7637626158259734,1.0,0.7637626158259734,19
8,4,5,0.8,0.95150257112482,1.0,0.9759000729485332,0.8,0.9271050693011065,0.6,0.7563225565351133,0.6,0.7563225565351133,19
8,4,2,1.0,0.7637626158259734,0.5,0.6546536707079772,0.5,0.6546536707079772,0.5,0.6546536707079772,0.5,0.6546536707079772,19
8,4,5,1.0,0.95150257112482,0.6,0.7319250547113999,0.8,0.9271050693011065,0.8,0.7563225565351133,0.8,0.80511756018254,19
8,5,2,1.0,0.7637626158259734,1.0,0.7637626158259734,1.0,0.7637626158259734,0.5,0.6546536707079772,0.5,0.6546536707079772,0
8,5,5,1.0,0.9759000729485332,0.8,0.9759000729485332,0.8,0.9759000729485332,0.6,0.80511756018254,0.6,0.8295150620062534,0
8,5,2,0.5,0.545544725589981,0.5,0.7637626158259734,0.5,0.7637626158259734,0.0,0.43643578047198484,0.0,0.43643578047198484,0
8,5,5,1.0,0.95150257112482,0.8,0.8783100656536799,0.8,0.8783100656536799,0.8,0.7075275528876865,0.8,0.7563225565351133,0
8,5,2,1.0,0.7637626158259734,0.5,0.6546536707079772,0.5,0.6546536707079772,0.5,0.7637626158259734,0.5,0.7637626158259734,0
8,5,5,1.0,0.9759000729485332,0.6,0.8783100656536799,0.6,0.8783100656536799,0.8,0.95150257112482,0.8,0.9759000729485332,0
8,5,2,1.0,0.7325886315065459,0.5,0.7637626158259734,0.5,0.3273268353539886,0.5,0.545544725589981,0.5,0.545544725589981,0
8,5,5,1.0,0.9271050693011065,0.8,0.8783100656536799,0.8,0.9271050693011065,0.8,0.8295150620062534,0.8,0.8783100656536799,0
8,5,2,1.0,0.7637626158259734,0.5,0.6546536707079772,0.5,0.6546536707079772,0.5,0.6546536707079772,0.5,0.6546536707079772,0
8,5,5,1.0,0.95150257112482,0.6,0.8783100656536799,0.6,0.80511756018254,0.6,0.7319250547113999,0.6,0.7319250547113999,0
8,5,2,1.0,0.7637626158259734,1.0,0.7637626158259734,1.0,0.7637626158259734,1.0,0.7637626158259734,1.0,0.7637626158259734,0
8,5,5,0.8,0.9271050693011065,0.8,0.9271050693011065,0.8,0.9271050693011065,0.6,0.7075275528876865,0.6,0.7563225565351133,0
8,5,2,1.0,0.7637626158259734,0.5,0.6546536707079772,0.5,0.6546536707079772,0.5,0.7637626158259734,0.5,0.7637626158259734,0
8,5,5,1.0,0.9759000729485332,0.6,0.8783100656536799,0.6,0.8783100656536799,0.8,0.9759000729485332,0.8,0.9759000729485332,0
8,5,2,1.0,0.7637626158259734,0.5,0.3273268353539886,0.5,0.3273268353539886,0.5,0.3273268353539886,0.5,0.3273268353539886,0
8,5,5,0.8,0.9271050693011065,0.4,0.4879500364742666,0.4,0.6099375455928333,0.4,0.3903600291794133,0.4,0.4879500364742666,0
8,5,2,0.0,0.7325886315065459,0.5,0.7637626158259734,0.5,0.7637626158259734,0.0,0.7325886315065459,0.0,0.7637626158259734,1
8,5,5,1.0,0.9759000729485332,0.6,0.8539125638299666,0.6,0.8539125638299666,0.8,0.8783100656536799,0.8,0.9271050693011065,1
8,5,2,0.5,0.6546536707079772,0.5,0.7637626158259734,0.5,0.7637626158259734,0.0,0.7325886315065459,0.0,0.7637626158259734,1
8,5,5,0.8,0.9271050693011065,0.6,0.8783100656536799,0.8,0.9759000729485332,0.8,0.8783100656536799,0.8,0.9271050693011065,1
8,5,2,0.5,0.7637626158259734,0.5,0.7637626158259734,0.5,0.7637626158259734,0.0,0.7325886315065459,0.0,0.7637626158259734,1
8,5,5,1.0,0.9759000729485332,0.6,0.8539125638299666,0.6,0.8539125638299666,0.8,0.8783100656536799,0.8,0.9271050693011065,1
8,5,2,1.0,0.7637626158259734,0.0,0.015586992159713743,0.0,0.015586992159713743,0.5,0.43643578047198484,0.5,0.43643578047198484,1
8,5,5,0.8,0.8539125638299666,0.6,0.6343350474165467,0.6,0.6343350474165467,0.6,0.7319250547113999,0.6,0.7319250547113999,1
8,5,2,0.5,0.545544725589981,0.5,0.545544725589981,0.5,0.545544725589981,0.5,0.43643578047198484,0.5,0.43643578047198484,1
8,5,5,0.8,0.8295150620062534,0.8,0.8783100656536799,0.8,0.8783100656536799,0.6,0.6099375455928333,0.6,0.7563225565351133,1
8,5,2,1.0,0.7637626158259734,0.0,0.015586992159713743,0.0,0.015586992159713743,0.5,0.43643578047198484,0.5,0.43643578047198484,1
8,5,5,0.8,0.9271050693011065,0.6,0.6343350474165467,0.6,0.6343350474165467,0.6,0.7075275528876865,0.6,0.7319250547113999,1
8,5,2,1.0,0.7637626158259734,0.0,0.43643578047198484,0.0,0.43643578047198484,0.5,0.7637626158259734,0.5,0.7637626158259734,1
8,5,5,1.0,0.9759000729485332,0.8,0.8539125638299666,0.8,0.8539125638299666,1.0,0.9027075674773933,1.0,0.9759000729485332,1
8,5,2,1.0,0.7325886315065459,0.5,0.7637626158259734,0.5,0.7637626158259734,0.0,0.7325886315065459,0.0,0.7637626158259734,1
8,5,5,0.8,0.9271050693011065,0.6,0.8783100656536799,0.6,0.8783100656536799,0.8,0.9271050693011065,0.8,0.9271050693011065,1
8,5,2,0.5,0.545544725589981,0.5,0.7637626158259734,0.5,0.7637626158259734,0.0,0.43643578047198484,0.0,0.43643578047198484,2
8,5,5,0.8,0.80511756018254,0.8,0.8295150620062534,0.8,0.9759000729485332,0.6,0.5611425419454066,0.6,0.6343350474165467,2
8,5,2,0.5,0.7325886315065459,0.5,0.545544725589981,0.5,0.545544725589981,0.0,0.43643578047198484,0.0,0.43643578047198484,2
8,5,5,0.8,0.80511756018254,0.8,0.9027075674773933,0.8,0.9027075674773933,0.8,0.7807200583588266,0.8,0.8295150620062534,2
8,5,2,0.5,0.6546536707079772,0.5,0.545544725589981,0.5,0.545544725589981,0.5,0.6546536707079772,0.5,0.6546536707079772,2
8,5,5,0.8,0.95150257112482,0.8,0.8783100656536799,0.8,0.8783100656536799,0.6,0.8539125638299666,0.6,0.8539125638299666,2
8,5,2,0.5,0.7325886315065459,0.5,0.7637626158259734,0.5,0.7637626158259734,0.0,0.43643578047198484,0.0,0.43643578047198484,2
8,5,5,0.8,0.80511756018254,1.0,0.9759000729485332,1.0,0.9759000729485332,0.8,0.7807200583588266,0.8,0.8539125638299666,2
8,5,2,0.0,0.5923057020691221,0.5,0.6546536707079772,1.0,0.7637626158259734,0.0,0.21821789023599242,0.0,0.21821789023599242,2
8,5,5,0.8,0.9027075674773933,0.6,0.8539125638299666,0.8,0.9271050693011065,0.6,0.6099375455928333,0.6,0.80511756018254,2
8,5,2,0.5,0.31173984319427483,0.5,0.6546536707079772,0.5,0.6546536707079772,0.0,0.21821789023599242,0.0,0.21821789023599242,2
8,5,5,0.8,0.7563225565351133,0.6,0.7075275528876865,0.6,0.7075275528876865,0.6,0.51234753829798,0.6,0.7075275528876865,2
8,5,2,0.5,0.545544725589981,0.5,0.545544725589981,0.5,0.7637626158259734,0.0,0.43643578047198484,0.0,0.43643578047198484,2
8,5,5,0.8,0.80511756018254,0.8,0.9759000729485332,0.8,0.9759000729485332,0.6,0.6099375455928333,0.6,0.6343350474165467,2
8,5,2,1.0,0.7637626158259734,1.0,0.7325886315065459,1.0,0.7325886315065459,0.0,0.48319675695112596,0.0,0.5143707412705535,2
8,5,5,0.6,0.8783100656536799,0.6,0.7319250547113999,0.6,0.7319250547113999,0.4,0.6587325492402599,0.4,0.6343350474165467,2
8,5,2,0.5,0.6546536707079772,0.0,0.6546536707079772,0.0,0.6546536707079772,0.0,0.7325886315065459,0.0,0.7637626158259734,3
8,5,5,1.0,0.9271050693011065,0.8,0.9759000729485332,0.8,0.9759000729485332,0.6,0.95150257112482,0.6,0.9759000729485332,3
8,5,2,0.5,0.6546536707079772,0.5,0.7637626158259734,0.5,0.6546536707079772,0.5,0.17145691375685118,0.5,0.3273268353539886,3
8,5,5,1.0,0.9759000729485332,1.0,0.9759000729485332,1.0,0.9759000729485332,0.8,0.80511756018254,0.8,0.8295150620062534,3
8,5,2,0.5,0.7637626158259734,0.5,0.4052617961525573,0.5,0.4052617961525573,0.0,0.3273268353539886,0.0,0.3273268353539886,3
8,5,5,0.8,0.9271050693011065,0.8,0.95150257112482,0.8,0.9027075674773933,0.8,0.80511756018254,0.8,0.9271050693011065,3
8,5,2,0.5,0.6546536707079772,0.5,0.545544725589981,0.5,0.545544725589981,0.0,0.21821789023599242,0.0,0.4052617961525573,3
8,5,5,1.0,0.9271050693011065,0.8,0.95150257112482,0.8,0.95150257112482,0.6,0.7075275528876865,0.6,0.8295150620062534,3
8,5,2,0.5,0.7325886315065459,0.5,0.6546536707079772,0.5,0.6546536707079772,0.0,0.5143707412705535,0.0,0.48319675695112596,3
8,5,5,1.0,0.9759000729485332,1.0,0.9759000729485332,1.0,0.9759000729485332,0.8,0.8539125638299666,0.8,0.8783100656536799,3
8,5,2,0.5,0.7325886315065459,0.0,0.43643578047198484,0.0,0.43643578047198484,0.0,0.48319675695112596,0.0,0.5143707412705535,3
8,5,5,1.0,0.9759000729485332,0.8,0.9271050693011065,0.8,0.9271050693011065,0.8,0.6587325492402599,0.8,0.80511756018254,3
8,5,2,0.5,0.7637626158259734,0.5,0.7637626158259734,0.5,0.6546536707079772,0.5,0.545544725589981,0.5,0.3273268353539886,3
8,5,5,1.0,0.9759000729485332,0.8,0.8783100656536799,0.8,0.8783100656536799,0.8,0.8295150620062534,0.8,0.8295150620062534,3
8,5,2,0.5,0.7325886315065459,0.5,0.6546536707079772,0.5,0.6546536707079772,0.5,0.7325886315065459,0.5,0.7637626158259734,3
8,5,5,1.0,0.95150257112482,1.0,0.9759000729485332,1.0,0.9759000729485332,0.8,0.80511756018254,0.8,0.7807200583588266,3
8,5,2,1.0,0.7637626158259734,1.0,0.7637626158259734,1.0,0.7637626158259734,0.5,0.7325886315065459,0.5,0.7637626158259734,4
8,5,5,1.0,0.9759000729485332,0.8,0.9271050693011065,0.8,0.9271050693011065,0.8,0.9027075674773933,0.8,0.9271050693011065,4
8,5,2,0.5,0.6546536707079772,0.5,0.545544725589981,0.5,0.6546536707079772,0.0,0.5143707412705535,0.0,0.5143707412705535,4
8,5,5,1.0,0.9759000729485332,1.0,0.9759000729485332,1.0,0.9759000729485332,1.0,0.8783100656536799,1.0,0.9759000729485332,4
8,5,2,0.5,0.6546536707079772,1.0,0.7637626158259734,1.0,0.7637626158259734,0.0,0.4052617961525573,0.0,0.4052617961525573,4
8,5,5,1.0,0.9759000729485332,0.8,0.9271050693011065,0.8,0.9271050693011065,0.8,0.9027075674773933,0.8,0.9271050693011065,4
8,5,2,1.0,0.7637626158259734,1.0,0.7637626158259734,1.0,0.7637626158259734,1.0,0.7637626158259734,1.0,0.7637626158259734,4
8,5,5,0.8,0.95150257112482,0.6,0.80511756018254,0.6,0.80511756018254,0.6,0.7807200583588266,0.6,0.80511756018254,4
8,5,2,0.5,0.6546536707079772,1.0,0.7637626158259734,0.5,0.545544725589981,0.5,0.6546536707079772,0.5,0.6546536707079772,4
8,5,5,1.0,0.9759000729485332,0.8,0.9271050693011065,0.8,0.9271050693011065,0.8,0.9027075674773933,0.8,0.9271050693011065,4
8,5,2,1.0,0.7637626158259734,0.5,0.545544725589981,0.5,0.6546536707079772,0.5,0.6546536707079772,0.5,0.6546536707079772,4
8,5,5,0.8,0.9271050693011065,0.8,0.9759000729485332,0.8,0.9759000729485332,0.8,0.9759000729485332,0.8,0.9759000729485332,4
8,5,2,1.0,0.7637626158259734,0.5,0.7637626158259734,0.5,0.6546536707079772,0.5,0.7325886315065459,0.5,0.7637626158259734,4
8,5,5,0.8,0.9271050693011065,0.8,0.9271050693011065,0.8,0.9271050693011065,0.8,0.8783100656536799,0.8,0.9271050693011065,4
8,5,2,1.0,0.7637626158259734,0.5,0.5143707412705535,0.5,0.5143707412705535,0.5,0.7637626158259734,0.5,0.7637626158259734,4
8,5,5,1.0,0.9759000729485332,1.0,0.9759000729485332,1.0,0.9759000729485332,1.0,0.9759000729485332,1.0,0.9759000729485332,4
8,5,2,1.0,0.7637626158259734,0.5,0.29615285103456107,0.5,0.29615285103456107,0.0,0.3273268353539886,0.0,0.3273268353539886,5
8,5,5,1.0,0.9759000729485332,0.8,0.9271050693011065,0.8,0.9271050693011065,0.4,0.7075275528876865,0.4,0.8295150620062534,5
8,5,2,0.5,0.6546536707079772,1.0,0.7637626158259734,0.5,0.43643578047198484,0.5,0.6546536707079772,0.5,0.21821789023599242,5
8,5,5,0.8,0.9271050693011065,0.8,0.80511756018254,0.6,0.6831300510639733,0.6,0.6831300510639733,0.6,0.5367450401216933,5
8,5,2,1.0,0.7637626158259734,0.5,0.6546536707079772,0.5,0.6546536707079772,0.0,0.5143707412705535,0.0,0.5143707412705535,5
8,5,5,1.0,0.9759000729485332,0.8,0.9271050693011065,0.8,0.9271050693011065,0.8,0.8295150620062534,0.8,0.8539125638299666,5
8,5,2,1.0,0.7637626158259734,0.5,0.43643578047198484,0.5,0.43643578047198484,0.0,0.3273268353539886,0.0,0.3273268353539886,5
8,5,5,0.8,0.8783100656536799,0.8,0.9271050693011065,0.6,0.8783100656536799,0.8,0.6831300510639733,0.8,0.9271050693011065,5
8,5,2,0.5,0.7637626158259734,0.5,0.545544725589981,0.5,0.545544725589981,0.5,0.7637626158259734,0.5,0.7637626158259734,5
8,5,5,1.0,0.9759000729485332,0.8,0.9271050693011065,0.6,0.9759000729485332,0.6,0.7319250547113999,0.6,0.8539125638299666,5
8,5,2,0.5,0.48319675695112596,1.0,0.7637626158259734,1.0,0.7637626158259734,0.5,0.5143707412705535,0.5,0.5143707412705535,5
8,5,5,1.0,0.8783100656536799,1.0,0.9759000729485332,0.8,0.8783100656536799,0.8,0.6831300510639733,0.8,0.7075275528876865,5
8,5,2,1.0,0.7637626158259734,0.5,0.43643578047198484,0.5,0.43643578047198484,0.0,0.3273268353539886,0.0,0.3273268353539886,5
8,5,5,0.8,0.8783100656536799,0.8,0.9271050693011065,0.8,0.9271050693011065,0.8,0.6099375455928333,0.8,0.9271050693011065,5
8,5,2,0.5,0.6546536707079772,0.5,0.7637626158259734,0.5,0.7637626158259734,0.0,0.5143707412705535,0.0,0.5143707412705535,5
8,5,5,1.0,0.9271050693011065,1.0,0.9759000729485332,1.0,0.9759000729485332,1.0,0.8783100656536799,1.0,0.9759000729485332,5
8,5,2,0.5,0.7637626158259734,1.0,0.7637626158259734,1.0,0.7637626158259734,1.0,0.7325886315065459,1.0,0.7637626158259734,6
8,5,5,1.0,0.9759000729485332,1.0,0.9759000729485332,1.0,0.9759000729485332,1.0,0.95150257112482,1.0,0.9759000729485332,6
8,5,2,1.0,0.7637626158259734,0.5,0.7637626158259734,0.5,0.7637626158259734,0.5,0.545544725589981,0.5,0.545544725589981,6
8,5,5,0.8,0.9759000729485332,0.6,0.9759000729485332,0.6,0.9759000729485332,0.6,0.8783100656536799,0.6,0.9759000729485332,6
8,5,2,0.5,0.7637626158259734,0.5,0.5143707412705535,0.5,0.5143707412705535,0.5,0.6546536707079772,0.5,0.6546536707079772,6
8,5,5,1.0,0.9759000729485332,0.8,0.9271050693011065,0.8,0.9271050693011065,0.8,0.8539125638299666,0.8,0.9271050693011065,6
8,5,2,1.0,0.7637626158259734,1.0,0.7637626158259734,1.0,0.7637626158259734,0.5,0.4520227726316985,0.5,0.545544725589981,6
8,5,5,1.0,0.95150257112482,1.0,0.9759000729485332,0.8,0.9271050693011065,0.8,0.8295150620062534,0.8,0.9271050693011065,6
8,5,2,0.5,0.7637626158259734,1.0,0.7637626158259734,1.0,0.7637626158259734,0.5,0.6546536707079772,0.5,0.6546536707079772,6
8,5,5,1.0,0.9759000729485332,1.0,0.9759000729485332,1.0,0.9759000729485332,1.0,0.95150257112482,1.0,0.9759000729485332,6
8,5,2,1.0,0.7637626158259734,0.5,0.3273268353539886,0.5,0.3273268353539886,0.0,0.545544725589981,0.0,0.545544725589981,6
8,5,5,1.0,0.9759000729485332,0.8,0.8783100656536799,0.8,0.8783100656536799,0.8,0.9027075674773933,0.8,0.8783100656536799,6
8,5,2,1.0,0.7637626158259734,1.0,0.7637626158259734,1.0,0.7637626158259734,0.0,0.545544725589981,0.0,0.545544725589981,6
8,5,5,1.0,0.9759000729485332,1.0,0.9759000729485332,1.0,0.9759000729485332,0.8,0.9027075674773933,0.8,0.8783100656536799,6
8,5,2,1.0,0.7637626158259734,0.5,0.6546536707079772,0.0,0.43643578047198484,0.5,0.545544725589981,0.5,0.545544725589981,6
8,5,5,0.8,0.9759000729485332,0.6,0.95150257112482,0.6,0.95150257112482,0.6,0.8783100656536799,0.6,0.95150257112482,6
8,5,2,1.0,0.7637626158259734,0.0,0.2649788667151336,0.0,0.2649788667151336,0.0,-0.015586992159713743,0.0,0.015586992159713743,7
8,5,5,0.8,0.9271050693011065,0.8,0.8295150620062534,0.8,0.8295150620062534,0.4,0.4147575310031267,0.4,0.51234753829798,7
8,5,2,1.0,0.7637626158259734,0.5,0.545544725589981,0.5,0.545544725589981,1.0,0.7637626158259734,1.0,0.7637626158259734,7
8,5,5,1.0,0.9759000729485332,0.8,0.8539125638299666,0.6,0.7075275528876865,0.8,0.8539125638299666,0.8,0.8539125638299666,7
8,5,2,1.0,0.7325886315065459,0.0,0.2649788667151336,0.0,0.2649788667151336,0.0,0.10910894511799621,0.0,0.10910894511799621,7
8,5,5,0.8,0.9271050693011065,0.8,0.9271050693011065,0.8,0.9271050693011065,0.6,0.3903600291794133,0.6,0.51234753829798,7
8,5,2,1.0,0.7637626158259734,0.5,0.545544725589981,0.5,0.545544725589981,0.5,0.545544725589981,0.5,0.545544725589981,7
8,5,5,1.0,0.9759000729485332,0.8,0.8539125638299666,0.8,0.8539125638299666,0.8,0.8295150620062534,0.8,0.8539125638299666,7
8,5,2,0.5,0.5923057020691221,0.5,0.3273268353539886,0.5,0.3273268353539886,0.5,0.5923057020691221,0.5,0.6546536707079772,7
8,5,5,1.0,0.9271050693011065,0.8,0.9271050693011065,0.8,0.9271050693011065,0.6,0.7563225565351133,0.6,0.8783100656536799,7
8,5,2,1.0,0.7637626158259734,0.0,0.2649788667151336,0.0,0.2649788667151336,0.0,0.10910894511799621,0.0,0.10910894511799621,7
8,5,5,0.8,0.8783100656536799,0.6,0.6099375455928333,0.8,0.9271050693011065,0.4,0.4147575310031267,0.4,0.51234753829798,7
8,5,2,1.0,0.7637626158259734,0.0,0.2649788667151336,0.0,0.2649788667151336,0.0,0.10910894511799621,0.0,0.10910894511799621,7
8,5,5,1.0,0.9759000729485332,0.8,0.8295150620062534,0.8,0.9271050693011065,0.6,0.51234753829798,0.6,0.5855400437691199,7
8,5,2,1.0,0.7325886315065459,0.5,0.6546536707079772,1.0,0.7637626158259734,0.5,0.29615285103456107,0.5,0.29615285103456107,7
8,5,5,1.0,0.95150257112482,0.8,0.9759000729485332,0.8,0.9759000729485332,0.6,0.6587325492402599,0.6,0.6831300510639733,7
8,5,2,0.5,0.545544725589981,0.5,0.6546536707079772,0.5,0.6546536707079772,0.5,0.43643578047198484,0.5,0.43643578047198484,8
8,5,5,0.6,0.80511756018254,0.8,0.9759000729485332,0.8,0.9759000729485332,0.4,0.5611425419454066,0.4,0.6831300510639733,8
8,5,2,0.5,0.545544725589981,0.5,0.6546536707079772,0.5,0.6546536707079772,0.5,0.43643578047198484,0.5,0.43643578047198484,8
8,5,5,0.8,0.8783100656536799,0.8,0.9759000729485332,0.8,0.9759000729485332,0.6,0.7807200583588266,0.6,0.8539125638299666,8
8,5,2,0.5,0.6546536707079772,0.5,0.7637626158259734,0.5,0.7637626158259734,0.5,0.545544725589981,0.5,0.545544725589981,8
8,5,5,0.6,0.7075275528876865,1.0,0.9759000729485332,0.8,0.9271050693011065,0.8,0.8783100656536799,0.8,0.9271050693011065,8
8,5,2,0.5,0.6546536707079772,0.5,0.6546536707079772,0.5,0.6546536707079772,0.0,0.7325886315065459,0.0,0.7637626158259734,8
8,5,5,1.0,0.9759000729485332,0.8,0.9759000729485332,0.6,0.9759000729485332,0.8,0.8539125638299666,0.8,0.9271050693011065,8
8,5,2,0.5,0.545544725589981,0.5,0.6546536707079772,0.5,0.4052617961525573,0.0,0.5923057020691221,0.0,0.6546536707079772,8
8,5,5,0.8,0.95150257112482,0.8,0.9271050693011065,0.8,0.9271050693011065,0.6,0.8539125638299666,0.6,0.8783100656536799,8
8,5,2,0.5,0.545544725589981,0.5,0.6546536707079772,0.5,0.4052617961525573,0.5,0.43643578047198484,0.5,0.43643578047198484,8
8,5,5,0.8,0.8783100656536799,0.8,0.9759000729485332,0.8,0.9759000729485332,0.4,0.6343350474165467,0.4,0.6831300510639733,8
8,5,2,0.5,0.545544725589981,0.0,0.43643578047198484,0.5,0.4052617961525573,0.0,0.5923057020691221,0.0,0.6546536707079772,8
8,5,5,0.6,0.80511756018254,0.8,0.9271050693011065,0.8,0.9759000729485332,0.4,0.6343350474165467,0.4,0.6587325492402599,8
8,5,2,0.5,0.545544725589981,0.5,0.7637626158259734,0.5,0.7637626158259734,0.5,0.43643578047198484,0.5,0.43643578047198484,8
8,5,5,0.8,0.8783100656536799,0.8,0.9759000729485332,0.8,0.9759000729485332,0.6,0.7807200583588266,0.6,0.80511756018254,8
8,5,2,0.5,0.6546536707079772,0.5,0.6546536707079772,0.5,0.6546536707079772,0.0,0.48319675695112596,0.0,0.5143707412705535,9
8,5,5,1.0,0.95150257112482,0.8,0.9271050693011065,0.8,0.9271050693011065,0.8,0.7807200583588266,0.8,0.8783100656536799,9
8,5,2,1.0,0.7637626158259734,0.5,0.6546536707079772,0.5,0.6546536707079772,0.5,0.6546536707079772,0.5,0.6546536707079772,9
8,5,5,0.8,0.9271050693011065,0.4,0.6831300510639733,0.6,0.7319250547113999,0.4,0.6343350474165467,0.4,0.6831300510639733,9
8,5,2,0.5,0.6546536707079772,1.0,0.7637626158259734,1.0,0.7637626158259734,0.5,0.545544725589981,0.5,0.545544725589981,9
8,5,5,1.0,0.9027075674773933,0.6,0.8783100656536799,1.0,0.9759000729485332,0.8,0.8783100656536799,0.8,0.9759000729485332,9
8,5,2,1.0,0.7637626158259734,1.0,0.7637626158259734,0.5,0.7637626158259734,0.5,0.545544725589981,0.5,0.545544725589981,9
8,5,5,0.8,0.9759000729485332,0.6,0.8295150620062534,0.6,0.8295150620062534,0.8,0.95150257112482,0.8,0.9759000729485332,9
8,5,2,1.0,0.7325886315065459,0.5,0.6546536707079772,1.0,0.7637626158259734,0.5,0.3273268353539886,0.5,0.3273268353539886,9
8,5,5,1.0,0.95150257112482,0.8,0.9759000729485332,0.8,0.9759000729485332,0.8,0.80511756018254,0.8,0.8783100656536799,9
8,5,2,0.5,0.6546536707079772,0.5,0.7637626158259734,0.5,0.7637626158259734,0.5,0.545544725589981,0.5,0.545544725589981,9
8,5,5,1.0,0.9759000729485332,0.6,0.8295150620062534,0.8,0.9759000729485332,0.8,0.95150257112482,0.8,0.9759000729485332,9
8,5,2,0.5,0.6546536707079772,0.5,0.6546536707079772,0.5,0.6546536707079772,0.0,0.48319675695112596,0.0,0.5143707412705535,9
8,5,5,1.0,0.95150257112482,1.0,0.9759000729485332,0.8,0.9271050693011065,0.8,0.7563225565351133,0.8,0.9271050693011065,9
8,5,2,1.0,0.7637626158259734,0.5,0.545544725589981,0.5,0.545544725589981,0.5,0.5923057020691221,0.5,0.6546536707079772,9
8,5,5,1.0,0.9759000729485332,0.8,0.9271050693011065,0.8,0.9271050693011065,0.8,0.9271050693011065,0.8,0.9271050693011065,9
8,5,2,0.5,0.6546536707079772,0.5,0.545544725589981,0.5,0.545544725589981,0.5,0.545544725589981,0.5,0.545544725589981,10
8,5,5,0.8,0.95150257112482,1.0,0.9759000729485332,1.0,0.9759000729485332,0.8,0.80511756018254,0.8,0.8539125638299666,10
8,5,2,1.0,0.7637626158259734,1.0,0.7637626158259734,1.0,0.7637626158259734,1.0,0.7637626158259734,1.0,0.7637626158259734,10
8,5,5,1.0,0.9759000729485332,0.8,0.9271050693011065,0.6,0.8783100656536799,0.6,0.8295150620062534,0.6,0.8783100656536799,10
8,5,2,0.5,0.7637626158259734,0.5,0.545544725589981,0.5,0.545544725589981,0.5,0.545544725589981,0.5,0.545544725589981,10
8,5,5,1.0,0.9759000729485332,1.0,0.9759000729485332,1.0,0.9759000729485332,0.8,0.8295150620062534,0.8,0.8295150620062534,10
8,5,2,1.0,0.7637626158259734,1.0,0.7637626158259734,1.0,0.7637626158259734,1.0,0.7637626158259734,1.0,0.7637626158259734,10
8,5,5,1.0,0.9759000729485332,0.8,0.9759000729485332,0.8,0.9759000729485332,1.0,0.9759000729485332,1.0,0.9759000729485332,10
8,5,2,1.0,0.7637626158259734,0.5,0.7637626158259734,0.5,0.7637626158259734,0.5,0.545544725589981,0.5,0.545544725589981,10
8,5,5,1.0,0.9759000729485332,0.6,0.8783100656536799,0.6,0.8783100656536799,0.6,0.80511756018254,0.6,0.8783100656536799,10
8,5,2,0.5,0.7637626158259734,0.5,0.545544725589981,0.5,0.545544725589981,0.5,0.545544725589981,0.5,0.545544725589981,10
8,5,5,1.0,0.9759000729485332,0.8,0.9759000729485332,0.8,0.8295150620062534,0.8,0.8539125638299666,0.8,0.8295150620062534,10
8,5,2,0.5,0.545544725589981,0.5,0.6546536707079772,0.5,0.545544725589981,0.5,0.6546536707079772,0.5,0.6546536707079772,10
8,5,5,0.8,0.8295150620062534,0.8,0.9271050693011065,0.8,0.9271050693011065,0.8,0.8539125638299666,0.8,0.9271050693011065,10
8,5,2,1.0,0.7637626158259734,1.0,0.7637626158259734,1.0,0.7637626158259734,1.0,0.7637626158259734,1.0,0.7637626158259734,10
8,5,5,1.0,0.95150257112482,0.6,0.8783100656536799,0.6,0.8783100656536799,0.6,0.8783100656536799,0.6,0.8783100656536799,10
8,5,2,0.5,0.7325886315065459,1.0,0.7637626158259734,1.0,0.7637626158259734,0.0,0.43643578047198484,0.0,0.43643578047198484,11
8,5,5,1.0,0.95150257112482,1.0,0.9759000729485332,1.0,0.9759000729485332,0.8,0.7319250547113999,0.8,0.7563225565351133,11
8,5,2,0.5,0.5923057020691221,0.5,0.6546536707079772,0.5,0.6546536707079772,0.0,0.15586992159713742,0.0,0.15586992159713742,11
8,5,5,0.8,0.9027075674773933,0.8,0.9759000729485332,0.8,0.9759000729485332,0.6,0.6831300510639733,0.6,0.7563225565351133,11
8,5,2,1.0,0.7637626158259734,0.0,0.2649788667151336,0.0,0.21821789023599242,0.5,0.6546536707079772,0.5,0.6546536707079772,11
8,5,5,0.8,0.9759000729485332,0.6,0.80511756018254,0.6,0.80511756018254,0.6,0.7075275528876865,0.6,0.6831300510639733,11
8,5,2,0.5,0.7325886315065459,0.5,0.6546536707079772,1.0,0.7637626158259734,0.0,0.43643578047198484,0.0,0.43643578047198484,11
8,5,5,1.0,0.95150257112482,1.0,0.9759000729485332,0.8,0.9271050693011065,0.8,0.7319250547113999,0.8,0.7319250547113999,11
8,5,2,1.0,0.7637626158259734,0.5,0.545544725589981,0.5,0.545544725589981,0.5,0.6546536707079772,0.5,0.6546536707079772,11
8,5,5,0.8,0.9759000729485332,0.6,0.80511756018254,0.6,0.80511756018254,0.6,0.7807200583588266,0.6,0.8783100656536799,11
8,5,2,1.0,0.7637626158259734,0.0,0.5143707412705535,0.0,0.5143707412705535,0.5,0.43643578047198484,0.5,0.43643578047198484,11
8,5,5,0.8,0.9759000729485332,0.8,0.9759000729485332,0.8,0.9759000729485332,0.6,0.5367450401216933,0.6,0.7563225565351133,11
8,5,2,0.5,0.7637626158259734,0.5,0.545544725589981,0.5,0.545544725589981,0.5,0.7637626158259734,0.5,0.7637626158259734,11
8,5,5,0.8,0.8295150620062534,0.8,0.8295150620062534,0.8,0.8295150620062534,1.0,0.95150257112482,1.0,0.9759000729485332,11
8,5,2,0.5,0.6546536707079772,0.5,0.6546536707079772,0.0,0.3273268353539886,0.5,0.6546536707079772,0.5,0.6546536707079772,11
8,5,5,0.8,0.9759000729485332,0.8,0.9271050693011065,0.6,0.80511756018254,0.6,0.6831300510639733,0.6,0.6831300510639733,11
8,5,2,0.5,0.5923057020691221,0.0,0.29615285103456107,0.0,0.29615285103456107,0.0,0.15586992159713742,0.0,0.15586992159713742,12
8,5,5,1.0,0.9759000729485332,0.6,0.8539125638299666,0.6,0.8539125638299666,0.6,0.8783100656536799,0.6,0.9759000729485332,12
8,5,2,0.5,0.34291382751370236,1.0,0.7637626158259734,1.0,0.7637626158259734,1.0,0.7637626158259734,1.0,0.7637626158259734,12
8,5,5,1.0,0.9759000729485332,0.8,0.8783100656536799,0.8,0.8783100656536799,1.0,0.95150257112482,1.0,0.9759000729485332,12
8,5,2,1.0,0.7325886315065459,0.5,0.4052617961525573,0.5,0.4052617961525573,0.5,0.4052617961525573,0.5,0.4052617961525573,12
8,5,5,1.0,0.9759000729485332,0.8,0.9271050693011065,0.8,0.9271050693011065,0.6,0.5367450401216933,0.6,0.7563225565351133,12
8,5,2,0.5,0.7637626158259734,0.5,0.43643578047198484,0.5,0.43643578047198484,0.0,0.10910894511799621,0.0,0.10910894511799621,12
8,5,5,0.8,0.9271050693011065,0.6,0.8295150620062534,0.6,0.8295150620062534,0.4,0.46355253465055324,0.4,0.7563225565351133,12
8,5,2,0.5,0.5923057020691221,1.0,0.7637626158259734,0.5,0.43643578047198484,0.5,0.43643578047198484,0.5,0.43643578047198484,12
8,5,5,0.8,0.7563225565351133,0.8,0.80511756018254,0.8,0.80511756018254,0.8,0.8295150620062534,0.8,0.9271050693011065,12
8,5,2,1.0,0.7325886315065459,1.0,0.7637626158259734,1.0,0.7637626158259734,1.0,0.7325886315065459,1.0,0.7637626158259734,12
8,5,5,0.8,0.8783100656536799,0.8,0.9759000729485332,0.8,0.9759000729485332,0.6,0.80511756018254,0.6,0.8539125638299666,12
8,5,2,1.0,0.7637626158259734,1.0,0.7637626158259734,1.0,0.7637626158259734,1.0,0.7637626158259734,1.0,0.7637626158259734,12
8,5,5,0.8,0.9271050693011065,0.8,0.9271050693011065,0.8,0.9271050693011065,0.6,0.8295150620062534,0.6,0.8539125638299666,12
8,5,2,1.0,0.7637626158259734,0.5,0.545544725589981,0.5,0.7637626158259734,0.0,0.10910894511799621,0.0,0.10910894511799621,12
8,5,5,0.8,0.9271050693011065,0.6,0.8295150620062534,0.6,0.8295150620062534,0.4,0.4147575310031267,0.4,0.5855400437691199,12
8,5,2,1.0,0.7637626158259734,0.5,0.6546536707079772,0.5,0.6546536707079772,0.5,0.545544725589981,0.5,0.545544725589981,13
8,5,5,0.8,0.8539125638299666,0.6,0.9271050693011065,0.6,0.9271050693011065,0.6,0.8539125638299666,0.6,0.9271050693011065,13
8,5,2,0.5,0.6546536707079772,1.0,0.7637626158259734,1.0,0.7637626158259734,0.5,0.7325886315065459,0.5,0.7637626158259734,13
8,5,5,0.8,0.8783100656536799,0.8,0.8783100656536799,0.8,0.8783100656536799,0.8,0.80511756018254,0.8,0.8783100656536799,13
8,5,2,0.5,0.6546536707079772,1.0,0.7637626158259734,1.0,0.7637626158259734,0.5,0.7325886315065459,0.5,0.7637626158259734,13
8,5,5,0.8,0.8783100656536799,0.8,0.8783100656536799,0.8,0.8783100656536799,0.8,0.9271050693011065,0.8,0.8783100656536799,13
8,5,2,0.5,0.545544725589981,0.5,0.6546536707079772,0.5,0.6546536707079772,0.5,0.545544725589981,0.5,0.545544725589981,13
8,5,5,0.8,0.8539125638299666,0.6,0.9271050693011065,0.6,0.9271050693011065,0.6,0.8539125638299666,0.6,0.9271050693011065,13
8,5,2,1.0,0.7637626158259734,1.0,0.7637626158259734,1.0,0.7637626158259734,0.5,0.5923057020691221,0.5,0.6546536707079772,13
8,5,5,1.0,0.9759000729485332,0.8,0.9759000729485332,0.6,0.8539125638299666,0.8,0.9759000729485332,0.8,0.9759000729485332,13
8,5,2,0.5,0.545544725589981,1.0,0.7637626158259734,1.0,0.7637626158259734,0.5,0.545544725589981,0.5,0.545544725589981,13
8,5,5,1.0,0.8783100656536799,1.0,0.9759000729485332,1.0,0.9759000729485332,1.0,0.8539125638299666,1.0,0.9759000729485332,13
8,5,2,0.5,0.6546536707079772,1.0,0.7637626158259734,0.5,0.43643578047198484,0.5,0.6546536707079772,0.5,0.6546536707079772,13
8,5,5,1.0,0.95150257112482,0.8,0.8539125638299666,0.6,0.8539125638299666,0.6,0.7075275528876865,0.6,0.8539125638299666,13
8,5,2,0.5,0.545544725589981,0.5,0.6546536707079772,0.5,0.6546536707079772,0.5,0.545544725589981,0.5,0.545544725589981,13
8,5,5,0.8,0.8539125638299666,0.6,0.8783100656536799,0.6,0.9271050693011065,0.6,0.8783100656536799,0.6,0.9271050693011065,13
8,5,2,1.0,0.7637626158259734,0.5,0.7637626158259734,0.5,0.7637626158259734,0.5,0.7637626158259734,0.5,0.7637626158259734,14
8,5,5,0.8,0.9271050693011065,0.8,0.9271050693011065,0.8,0.9271050693011065,0.4,0.7319250547113999,0.4,0.7563225565351133,14
8,5,2,0.5,0.6546536707079772,1.0,0.7637626158259734,1.0,0.7637626158259734,1.0,0.7325886315065459,1.0,0.7637626158259734,14
8,5,5,0.8,0.8295150620062534,1.0,0.9759000729485332,1.0,0.9759000729485332,0.6,0.7563225565351133,0.6,0.7563225565351133,14
8,5,2,0.5,0.6546536707079772,1.0,0.7637626158259734,1.0,0.7637626158259734,0.5,0.545544725589981,0.5,0.545544725589981,14
8,5,5,0.6,0.7319250547113999,1.0,0.9759000729485332,1.0,0.9759000729485332,0.6,0.6587325492402599,0.6,0.7563225565351133,14
8,5,2,1.0,0.7637626158259734,0.5,0.7637626158259734,0.5,0.6546536707079772,0.5,0.4520227726316985,0.5,0.545544725589981,14
8,5,5,0.8,0.9759000729485332,1.0,0.9759000729485332,0.8,0.8783100656536799,0.8,0.9027075674773933,0.8,0.9759000729485332,14
8,5,2,1.0,0.7637626158259734,0.5,0.7637626158259734,0.5,0.7637626158259734,0.5,0.7325886315065459,0.5,0.7637626158259734,14
8,5,5,0.8,0.9759000729485332,1.0,0.9759000729485332,1.0,0.9759000729485332,0.8,0.80511756018254,0.8,0.8783100656536799,14
8,5,2,1.0,0.7637626158259734,0.5,0.7637626158259734,0.5,0.6546536707079772,0.0,0.18704390591656492,0.0,0.18704390591656492,14
8,5,5,1.0,0.9759000729485332,0.8,0.9027075674773933,0.8,0.8783100656536799,0.6,0.7319250547113999,0.6,0.80511756018254,14
8,5,2,0.5,0.7637626158259734,0.5,0.43643578047198484,0.5,0.43643578047198484,0.0,0.2649788667151336,0.0,0.2649788667151336,14
8,5,5,0.8,0.9759000729485332,0.6,0.5367450401216933,0.6,0.5367450401216933,0.6,0.7075275528876865,0.6,0.8783100656536799,14
8,5,2,1.0,0.7637626158259734,0.5,0.7637626158259734,1.0,0.7637626158259734,0.0,0.10910894511799621,0.0,0.10910894511799621,14
8,5,5,0.8,0.9271050693011065,0.6,0.8295150620062534,0.8,0.9027075674773933,0.4,0.6099375455928333,0.4,0.7563225565351133,14
8,5,2,1.0,0.7637626158259734,0.5,0.545544725589981,0.5,0.545544725589981,0.5,0.6546536707079772,0.5,0.6546536707079772,15
8,5,5,0.8,0.9271050693011065,0.6,0.80511756018254,0.6,0.80511756018254,0.8,0.7807200583588266,0.8,0.8783100656536799,15
8,5,2,1.0,0.7637626158259734,0.5,0.545544725589981,0.5,0.545544725589981,0.5,0.6546536707079772,0.5,0.6546536707079772,15
8,5,5,0.8,0.9759000729485332,0.6,0.80511756018254,0.6,0.7319250547113999,0.8,0.80511756018254,0.8,0.8783100656536799,15
8,5,2,0.5,0.6546536707079772,0.5,0.3273268353539886,0.5,0.3273268353539886,0.5,0.545544725589981,0.5,0.545544725589981,15
8,5,5,1.0,0.95150257112482,0.6,0.80511756018254,0.8,0.9027075674773933,0.6,0.6099375455928333,0.6,0.6343350474165467,15
8,5,2,1.0,0.7637626158259734,0.5,0.545544725589981,0.5,0.545544725589981,0.5,0.6546536707079772,0.5,0.6546536707079772,15
8,5,5,0.8,0.9271050693011065,0.6,0.80511756018254,0.6,0.80511756018254,0.8,0.7807200583588266,0.8,0.8783100656536799,15
8,5,2,0.5,0.6546536707079772,1.0,0.7637626158259734,1.0,0.7637626158259734,0.5,0.6546536707079772,0.5,0.6546536707079772,15
8,5,5,0.6,0.8539125638299666,0.8,0.9027075674773933,0.8,0.9027075674773933,0.6,0.7807200583588266,0.6,0.8539125638299666,15
8,5,2,1.0,0.7637626158259734,0.5,0.545544725589981,0.5,0.545544725589981,0.5,0.43643578047198484,0.5,0.43643578047198484,15
8,5,5,0.8,0.9271050693011065,0.6,0.80511756018254,0.6,0.80511756018254,0.8,0.7807200583588266,0.8,0.8783100656536799,15
8,5,2,1.0,0.7637626158259734,0.5,0.545544725589981,0.5,0.545544725589981,1.0,0.7637626158259734,1.0,0.7637626158259734,15
8,5,5,1.0,0.9759000729485332,0.6,0.80511756018254,0.8,0.9271050693011065,0.6,0.6099375455928333,0.6,0.6343350474165467,15
8,5,2,1.0,0.7637626158259734,0.5,0.545544725589981,0.5,0.545544725589981,0.5,0.6546536707079772,0.5,0.6546536707079772,15
8,5,5,0.8,0.9271050693011065,0.6,0.80511756018254,0.6,0.80511756018254,0.8,0.7807200583588266,0.8,0.8783100656536799,15
8,5,2,1.0,0.7325886315065459,0.5,0.43643578047198484,1.0,0.7325886315065459,0.5,0.545544725589981,0.5,0.545544725589981,16
8,5,5,0.8,0.9027075674773933,0.6,0.7807200583588266,0.6,0.7807200583588266,0.6,0.7807200583588266,0.6,0.7807200583588266,16
8,5,2,1.0,0.7325886315065459,0.0,0.6546536707079772,0.5,0.7637626158259734,0.5,0.6546536707079772,0.5,0.6546536707079772,16
8,5,5,1.0,0.9759000729485332,0.8,0.8783100656536799,0.8,0.8783100656536799,0.8,0.8539125638299666,0.8,0.8783100656536799,16
8,5,2,0.5,0.6546536707079772,0.5,0.6546536707079772,0.5,0.7637626158259734,0.5,0.7637626158259734,0.5,0.7637626158259734,16
8,5,5,1.0,0.95150257112482,1.0,0.9759000729485332,0.8,0.9271050693011065,0.8,0.9027075674773933,0.8,0.9271050693011065,16
8,5,2,1.0,0.7325886315065459,1.0,0.7325886315065459,1.0,0.7325886315065459,0.5,0.545544725589981,0.5,0.545544725589981,16
8,5,5,0.8,0.8783100656536799,0.6,0.7563225565351133,0.6,0.7563225565351133,0.6,0.7807200583588266,0.6,0.7807200583588266,16
8,5,2,1.0,0.7637626158259734,0.5,0.6546536707079772,0.5,0.7637626158259734,0.5,0.17145691375685118,0.5,0.545544725589981,16
8,5,5,1.0,0.9759000729485332,0.8,0.9271050693011065,0.8,0.9271050693011065,0.8,0.9027075674773933,0.8,0.9271050693011065,16
8,5,2,1.0,0.7325886315065459,0.0,0.6546536707079772,1.0,0.7637626158259734,0.5,0.6546536707079772,0.5,0.6546536707079772,16
8,5,5,1.0,0.9759000729485332,0.8,0.8783100656536799,0.8,0.8783100656536799,0.6,0.80511756018254,0.6,0.8539125638299666,16
8,5,2,1.0,0.7325886315065459,1.0,0.7637626158259734,1.0,0.7637626158259734,0.5,0.6546536707079772,0.5,0.6546536707079772,16
8,5,5,1.0,0.9759000729485332,0.8,0.8783100656536799,0.8,0.8783100656536799,0.8,0.8539125638299666,0.8,0.8783100656536799,16
8,5,2,0.5,0.4520227726316985,1.0,0.7637626158259734,0.5,0.545544725589981,0.5,0.34291382751370236,0.5,0.4052617961525573,16
8,5,5,1.0,0.95150257112482,0.8,0.8783100656536799,0.8,0.8783100656536799,0.6,0.6343350474165467,0.6,0.80511756018254,16
8,5,2,0.5,0.545544725589981,0.0,0.04676097647914123,0.0,0.04676097647914123,0.5,0.545544725589981,0.5,0.545544725589981,17
8,5,5,0.8,0.80511756018254,0.6,0.8783100656536799,0.8,0.8295150620062534,0.6,0.5855400437691199,0.6,0.6343350474165467,17
8,5,2,0.5,0.7325886315065459,1.0,0.7637626158259734,0.5,0.7637626158259734,0.0,0.545544725589981,0.0,0.545544725589981,17
8,5,5,1.0,0.9759000729485332,1.0,0.9759000729485332,0.8,0.9271050693011065,1.0,0.9027075674773933,1.0,0.9759000729485332,17
8,5,2,1.0,0.7325886315065459,0.5,0.545544725589981,0.5,0.4052617961525573,0.5,0.4052617961525573,0.5,0.4052617961525573,17
8,5,5,0.8,0.9271050693011065,0.6,0.8783100656536799,0.6,0.8783100656536799,0.6,0.4879500364742666,0.6,0.7075275528876865,17
8,5,2,1.0,0.7325886315065459,1.0,0.7637626158259734,1.0,0.7637626158259734,0.5,0.43643578047198484,0.5,0.43643578047198484,17
8,5,5,1.0,0.9759000729485332,0.8,0.9759000729485332,0.8,0.9759000729485332,0.6,0.7807200583588266,0.6,0.8783100656536799,17
8,5,2,0.5,0.545544725589981,0.5,0.6546536707079772,1.0,0.7637626158259734,1.0,0.7637626158259734,1.0,0.7637626158259734,17
8,5,5,0.8,0.8539125638299666,0.8,0.9271050693011065,0.8,0.9271050693011065,0.8,0.8295150620062534,0.8,0.9271050693011065,17
8,5,2,1.0,0.7325886315065459,1.0,0.7637626158259734,1.0,0.7637626158259734,0.5,0.43643578047198484,0.5,0.43643578047198484,17
8,5,5,1.0,0.9759000729485332,1.0,0.9759000729485332,0.8,0.9759000729485332,0.6,0.7807200583588266,0.6,0.8783100656536799,17
8,5,2,1.0,0.7325886315065459,0.5,0.545544725589981,0.5,0.545544725589981,0.5,0.43643578047198484,0.5,0.43643578047198484,17
8,5,5,0.8,0.9271050693011065,0.8,0.9271050693011065,0.8,0.9271050693011065,0.4,0.5855400437691199,0.4,0.5855400437691199,17
8,5,2,0.5,0.4520227726316985,0.5,0.545544725589981,0.5,0.545544725589981,0.0,0.015586992159713743,0.0,0.015586992159713743,17
8,5,5,0.8,0.7807200583588266,0.8,0.8783100656536799,0.6,0.7563225565351133,0.6,0.6831300510639733,0.6,0.80511756018254,17
8,5,2,0.5,0.7637626158259734,1.0,0.7637626158259734,1.0,0.7637626158259734,1.0,0.7637626158259734,1.0,0.7637626158259734,18
8,5,5,0.8,0.9271050693011065,0.8,0.95150257112482,0.6,0.7807200583588266,0.8,0.9271050693011065,0.8,0.9271050693011065,18
8,5,2,1.0,0.7637626158259734,0.5,0.43643578047198484,0.5,0.43643578047198484,0.5,0.4520227726316985,0.5,0.545544725589981,18
8,5,5,1.0,0.9759000729485332,0.6,0.8295150620062534,0.6,0.8783100656536799,0.8,0.8783100656536799,0.8,0.9271050693011065,18
8,5,2,1.0,0.7637626158259734,0.5,0.43643578047198484,0.5,0.43643578047198484,0.5,0.43643578047198484,0.5,0.43643578047198484,18
8,5,5,0.8,0.8783100656536799,0.8,0.8539125638299666,0.6,0.7075275528876865,0.4,0.5855400437691199,0.4,0.5855400437691199,18
8,5,2,1.0,0.7637626158259734,1.0,0.7637626158259734,1.0,0.7637626158259734,1.0,0.7637626158259734,1.0,0.7637626158259734,18
8,5,5,0.8,0.9271050693011065,0.8,0.8783100656536799,0.8,0.8783100656536799,0.6,0.8783100656536799,0.6,0.80511756018254,18
8,5,2,0.0,0.545544725589981,0.5,0.6546536707079772,0.5,0.6546536707079772,0.0,-0.10910894511799621,0.0,-0.10910894511799621,18
8,5,5,1.0,0.9759000729485332,0.6,0.8295150620062534,0.6,0.6099375455928333,0.6,0.5611425419454066,0.6,0.9271050693011065,18
8,5,2,0.5,0.7637626158259734,0.5,0.6546536707079772,0.5,0.6546536707079772,0.0,0.545544725589981,0.0,0.545544725589981,18
8,5,5,0.8,0.9271050693011065,1.0,0.9759000729485332,0.8,0.80511756018254,0.8,0.80511756018254,0.8,0.8295150620062534,18
8,5,2,1.0,0.7637626158259734,1.0,0.7637626158259734,1.0,0.7637626158259734,1.0,0.7637626158259734,1.0,0.7637626158259734,18
8,5,5,0.8,0.9271050693011065,0.8,0.9271050693011065,0.8,0.9271050693011065,0.8,0.9271050693011065,0.8,0.9271050693011065,18
8,5,2,1.0,0.7637626158259734,0.5,0.6546536707079772,0.5,0.6546536707079772,1.0,0.7637626158259734,1.0,0.7637626158259734,18
8,5,5,1.0,0.9759000729485332,0.6,0.8295150620062534,0.6,0.8783100656536799,0.8,0.9271050693011065,0.8,0.9271050693011065,18
8,5,2,1.0,0.7637626158259734,1.0,0.7637626158259734,1.0,0.7637626158259734,0.5,0.43643578047198484,0.5,0.43643578047198484,19
8,5,5,0.8,0.8783100656536799,0.8,0.8539125638299666,0.8,0.8539125638299666,0.8,0.8295150620062534,0.8,0.8539125638299666,19
8,5,2,1.0,0.7637626158259734,1.0,0.7637626158259734,1.0,0.7637626158259734,0.5,0.43643578047198484,0.5,0.43643578047198484,19
8,5,5,1.0,0.95150257112482,0.8,0.8539125638299666,0.8,0.8539125638299666,0.8,0.8539125638299666,0.8,0.8539125638299666,19
8,5,2,1.0,0.7637626158259734,1.0,0.7637626158259734,0.5,0.7637626158259734,0.5,0.7637626158259734,0.5,0.7637626158259734,19
8,5,5,1.0,0.9759000729485332,0.8,0.8783100656536799,0.8,0.8783100656536799,0.8,0.8783100656536799,0.8,0.8783100656536799,19
8,5,2,0.5,0.7637626158259734,0.5,0.545544725589981,0.0,0.21821789023599242,0.5,0.545544725589981,0.5,0.545544725589981,19
8,5,5,0.8,0.9759000729485332,0.6,0.80511756018254,0.6,0.80511756018254,0.6,0.7319250547113999,0.6,0.80511756018254,19
8,5,2,1.0,0.7637626158259734,0.5,0.6546536707079772,0.5,0.6546536707079772,0.5,0.43643578047198484,0.5,0.43643578047198484,19
8,5,5,1.0,0.95150257112482,0.8,0.8539125638299666,0.8,0.8539125638299666,0.8,0.8295150620062534,0.8,0.8539125638299666,19
8,5,2,1.0,0.7637626158259734,1.0,0.7637626158259734,1.0,0.7637626158259734,0.5,0.43643578047198484,0.5,0.43643578047198484,19
8,5,5,1.0,0.9759000729485332,0.8,0.8539125638299666,0.8,0.8539125638299666,0.8,0.8295150620062534,0.8,0.8539125638299666,19
8,5,2,1.0,0.7637626158259734,1.0,0.7637626158259734,1.0,0.7637626158259734,0.5,0.4520227726316985,0.5,0.545544725589981,19
8,5,5,1.0,0.95150257112482,0.8,0.9271050693011065,0.8,0.9271050693011065,0.8,0.8295150620062534,0.8,0.8539125638299666,19
8,5,2,1.0,0.7637626158259734,1.0,0.7637626158259734,1.0,0.7637626158259734,0.5,0.43643578047198484,0.5,0.43643578047198484,19
8,5,5,1.0,0.9759000729485332,0.8,0.8539125638299666,0.8,0.8539125638299666,0.8,0.8295150620062534,0.8,0.8539125638299666,19
14,3,4,0.5,0.6689621967001341,1.0,0.7983499466791725,1.0,0.7983499466791725,0.75,0.7019973669075481,0.75,0.7019973669075481,0
14,3,8,0.875,0.9356059272325806,0.875,0.9287432920695055,0.875,0.9287432920695055,0.875,0.9401810173412973,0.875,0.944756107450014,0
14,3,4,0.5,0.6607034041482805,1.0,0.7983499466791725,1.0,0.7983499466791725,0.75,0.7019973669075481,0.75,0.7019973669075481,0
14,3,8,0.875,0.9401810173412973,0.875,0.944756107450014,0.875,0.944756107450014,0.875,0.9356059272325806,0.875,0.944756107450014,0
14,3,4,0.5,0.6662092658495162,1.0,0.7983499466791725,1.0,0.7983499466791725,0.5,0.6607034041482805,0.5,0.6662092658495162,0
14,3,8,0.875,0.9470436525043724,0.875,0.944756107450014,0.875,0.944756107450014,0.875,0.944756107450014,0.875,0.944756107450014,0
14,3,4,0.5,0.6386799573433378,1.0,0.7983499466791725,1.0,0.7983499466791725,0.75,0.6579504732976628,0.75,0.7019973669075481,0
14,3,8,0.875,0.9401810173412973,1.0,0.9607689228305226,1.0,0.9607689228305226,0.875,0.9356059272325806,0.875,0.944756107450014,0
14,3,4,0.5,0.6469387498951913,1.0,0.7983499466791725,1.0,0.7983499466791725,0.75,0.6689621967001341,0.75,0.7019973669075481,0
14,3,8,0.875,0.956193832721806,0.875,0.9127304766889967,0.875,0.9127304766889967,0.875,0.9310308371238637,0.875,0.944756107450014,0
14,3,4,0.5,0.6662092658495162,1.0,0.7983499466791725,1.0,0.7983499466791725,0.75,0.6909856435050767,0.75,0.7019973669075481,0
14,3,8,0.875,0.956193832721806,0.875,0.944756107450014,0.875,0.944756107450014,0.875,0.9401810173412973,0.875,0.944756107450014,0
14,3,4,1.0,0.7928440849779366,1.0,0.7983499466791725,1.0,0.7983499466791725,0.75,0.6111506488371594,0.75,0.6111506488371594,0
14,3,8,0.875,0.9607689228305226,0.875,0.944756107450014,0.875,0.944756107450014,0.75,0.9104429316346382,0.75,0.9287432920695055,0
14,3,4,0.5,0.6221623722396309,1.0,0.7983499466791725,1.0,0.7983499466791725,0.75,0.6689621967001341,0.75,0.7019973669075481,0
14,3,8,1.0,0.956193832721806,0.875,0.9607689228305226,0.875,0.9607689228305226,0.875,0.9356059272325806,0.875,0.944756107450014,0
14,3,4,0.75,0.7983499466791725,0.75,0.7680677073223762,0.75,0.7680677073223762,0.75,0.7983499466791725,0.75,0.7983499466791725,1
14,3,8,0.875,0.9470436525043724,0.75,0.8990052063628464,0.75,0.8990052063628464,0.75,0.8944301162541296,0.75,0.8990052063628464,1
14,3,4,0.75,0.7680677073223762,1.0,0.7983499466791725,1.0,0.7983499466791725,0.75,0.7680677073223762,0.75,0.7680677073223762,1
14,3,8,0.75,0.8921425711997711,0.75,0.9241682019607886,0.875,0.9401810173412973,0.75,0.8601169404387538,0.75,0.8601169404387538,1
14,3,4,1.0,0.7928440849779366,0.75,0.7680677073223762,0.75,0.7680677073223762,0.75,0.7322796062643443,0.75,0.7322796062643443,1
14,3,8,0.75,0.8921425711997711,0.875,0.9607689228305226,0.875,0.9127304766889967,0.75,0.8212286745146611,0.75,0.825803764623378,1
14,3,4,1.0,0.7983499466791725,1.0,0.7983499466791725,1.0,0.7983499466791725,1.0,0.7983499466791725,1.0,0.7983499466791725,1
14,3,8,0.75,0.8624044854931121,0.875,0.9607689228305226,0.875,0.9607689228305226,0.75,0.825803764623378,0.75,0.8441041250582451,1
14,3,4,0.75,0.7983499466791725,1.0,0.7983499466791725,1.0,0.7983499466791725,0.75,0.7983499466791725,0.75,0.7983499466791725,1
14,3,8,0.75,0.8944301162541296,0.625,0.8166535844059444,0.625,0.8166535844059444,0.75,0.8944301162541296,0.75,0.8944301162541296,1
14,3,4,0.75,0.7983499466791725,1.0,0.7983499466791725,1.0,0.7983499466791725,0.75,0.73778546796558,0.75,0.73778546796558,1
14,3,8,0.875,0.9081553865802799,0.875,0.9401810173412973,0.75,0.8829923909823376,0.75,0.8212286745146611,0.75,0.825803764623378,1
14,3,4,1.0,0.7983499466791725,1.0,0.7983499466791725,1.0,0.7983499466791725,1.0,0.7983499466791725,1.0,0.7983499466791725,1
14,3,8,0.875,0.9081553865802799,1.0,0.956193832721806,0.875,0.9081553865802799,0.75,0.8212286745146611,0.75,0.825803764623378,1
14,3,4,0.75,0.7680677073223762,1.0,0.7983499466791725,1.0,0.7983499466791725,1.0,0.7983499466791725,1.0,0.7983499466791725,1
14,3,8,0.75,0.8921425711997711,0.875,0.956193832721806,0.875,0.956193832721806,0.75,0.8212286745146611,0.75,0.825803764623378,1
14,3,4,1.0,0.7818323615754653,1.0,0.7983499466791725,1.0,0.7983499466791725,1.0,0.7928440849779366,1.0,0.7983499466791725,2
14,3,8,0.875,0.9333183821782222,0.875,0.9607689228305226,0.75,0.8921425711997711,0.75,0.9058678415259215,0.75,0.9241682019607886,2
14,3,4,1.0,0.7818323615754653,0.75,0.7019973669075481,0.75,0.7515501222186691,1.0,0.7928440849779366,1.0,0.7983499466791725,2
14,3,8,0.875,0.9356059272325806,0.875,0.9516187426130892,0.875,0.9516187426130892,0.75,0.9195931118520718,0.75,0.9150180217433551,2
14,3,4,0.5,0.6662092658495162,0.75,0.7570559839199048,0.75,0.73778546796558,0.25,0.5836213403309811,0.25,0.5836213403309811,2
14,3,8,0.875,0.8715546657105457,0.875,0.9470436525043724,0.875,0.9310308371238637,0.875,0.8921425711997711,0.875,0.9470436525043724,2
14,3,4,0.5,0.6607034041482805,0.5,0.7322796062643443,0.75,0.7680677073223762,0.25,0.5671037552272742,0.25,0.5836213403309811,2
14,3,8,0.875,0.8944301162541296,0.875,0.9310308371238637,0.875,0.9310308371238637,0.875,0.9333183821782222,0.875,0.9470436525043724,2
14,3,4,0.25,0.5781154786297454,0.75,0.7983499466791725,0.75,0.7983499466791725,0.25,0.5671037552272742,0.25,0.5836213403309811,2
14,3,8,0.875,0.8715546657105457,0.875,0.956193832721806,0.875,0.9401810173412973,0.875,0.8921425711997711,0.875,0.956193832721806,2
14,3,4,0.25,0.5615978935260385,0.75,0.7983499466791725,0.75,0.7983499466791725,0.25,0.5615978935260385,0.25,0.5781154786297454,2
14,3,8,0.875,0.8624044854931121,0.875,0.9607689228305226,0.875,0.9607689228305226,0.75,0.8784173008736209,0.75,0.9607689228305226,2
14,3,4,1.0,0.7763264998742296,0.75,0.7625618456211405,0.75,0.6744680584013697,1.0,0.7763264998742296,1.0,0.7818323615754653,2
14,3,8,0.875,0.9218806569064302,0.875,0.9401810173412973,0.875,0.956193832721806,0.75,0.9058678415259215,0.75,0.9241682019607886,2
14,3,4,0.25,0.5781154786297454,0.75,0.7680677073223762,0.75,0.7680677073223762,0.25,0.5671037552272742,0.25,0.5836213403309811,2
14,3,8,0.875,0.885279936036696,0.875,0.9401810173412973,0.875,0.9401810173412973,0.875,0.8875674810910544,0.875,0.9607689228305226,2
14,3,4,0.75,0.73778546796558,1.0,0.7983499466791725,0.75,0.7075032286087838,0.5,0.4790099680075034,0.5,0.5395744467210958,3
14,3,8,0.875,0.9516187426130892,0.875,0.9607689228305226,0.875,0.9607689228305226,0.625,0.7457396877208343,0.625,0.773190228373135,3
14,3,4,1.0,0.7818323615754653,1.0,0.7983499466791725,1.0,0.7983499466791725,0.75,0.7212678828618728,0.75,0.7322796062643443,3
14,3,8,0.875,0.9401810173412973,1.0,0.9607689228305226,0.875,0.9241682019607886,0.625,0.7365895075034008,0.625,0.8235162195690195,3
14,3,4,0.75,0.7570559839199048,0.75,0.7983499466791725,0.75,0.7983499466791725,0.5,0.6304211647914844,0.5,0.6469387498951913,3
14,3,8,0.875,0.8990052063628464,1.0,0.9607689228305226,1.0,0.9607689228305226,0.75,0.8120784942972276,0.75,0.8349539448408115,3
14,3,4,0.75,0.73778546796558,0.75,0.7680677073223762,0.75,0.7680677073223762,0.5,0.5285627233186245,0.5,0.5395744467210958,3
14,3,8,0.875,0.9470436525043724,0.875,0.956193832721806,0.875,0.956193832721806,0.625,0.7457396877208343,0.625,0.773190228373135,3
14,3,4,0.75,0.7212678828618728,0.75,0.7075032286087838,0.75,0.7075032286087838,0.25,0.4569865212025607,0.25,0.4735041063062677,3
14,3,8,0.875,0.956193832721806,0.875,0.9607689228305226,0.875,0.9607689228305226,0.625,0.7045638767423834,0.625,0.773190228373135,3
14,3,4,0.75,0.7680677073223762,0.75,0.7680677073223762,0.75,0.7983499466791725,0.25,0.41844548929391107,0.25,0.41844548929391107,3
14,3,8,0.875,0.9310308371238637,1.0,0.9607689228305226,0.875,0.9127304766889967,0.625,0.661100520709574,0.625,0.7937781338623605,3
14,3,4,0.75,0.73778546796558,0.75,0.7075032286087838,0.75,0.7075032286087838,0.5,0.42119842014452885,0.5,0.45973945205317857,3
14,3,8,0.75,0.9035802964715631,0.875,0.9607689228305226,0.875,0.9607689228305226,0.625,0.7640400481557014,0.625,0.773190228373135,3
14,3,4,0.75,0.7405383988161978,0.75,0.7680677073223762,0.75,0.7680677073223762,0.25,0.39917497333958624,0.25,0.4156925584432932,3
14,3,8,0.875,0.9310308371238637,1.0,0.9607689228305226,1.0,0.9607689228305226,0.625,0.7663275932100598,0.625,0.7846279536449269,3
14,3,4,0.5,0.7267737445631086,0.75,0.7075032286087838,0.75,0.7075032286087838,0.25,0.3743985956840256,0.25,0.4129396275926753,4
14,3,8,0.875,0.9241682019607886,0.75,0.9081553865802799,0.75,0.9241682019607886,0.5,0.5787488987526721,0.5,0.6565254306008572,4
14,3,4,0.5,0.7047502977581659,0.75,0.7680677073223762,0.75,0.7680677073223762,0.5,0.6744680584013697,0.5,0.6909856435050767,4
14,3,8,0.875,0.9058678415259215,0.875,0.9195931118520718,0.875,0.9195931118520718,0.625,0.8075034041885109,0.625,0.8395290349495284,4
14,3,4,0.75,0.7928440849779366,1.0,0.7983499466791725,1.0,0.7983499466791725,0.5,0.45148065950132504,0.5,0.4955275531112104,4
14,3,8,0.875,0.9241682019607886,0.875,0.944756107450014,0.875,0.944756107450014,0.75,0.8372414898951699,0.75,0.9241682019607886,4
14,3,4,0.5,0.6772209892519876,1.0,0.7983499466791725,0.75,0.7322796062643443,0.25,0.41844548929391107,0.25,0.28079894676301925,4
14,3,8,1.0,0.956193832721806,0.875,0.944756107450014,0.875,0.9241682019607886,0.5,0.5856115339157472,0.5,0.6908386064162331,4
14,3,4,0.25,0.5230568616173887,1.0,0.7928440849779366,1.0,0.7928440849779366,0.5,0.6744680584013697,0.5,0.6909856435050767,4
14,3,8,0.75,0.8052158591341524,0.75,0.9127304766889967,0.75,0.9127304766889967,0.625,0.7182891470685338,0.625,0.7274393272859673,4
14,3,4,0.5,0.7075032286087838,0.75,0.7680677073223762,0.75,0.7680677073223762,0.5,0.7075032286087838,0.5,0.7075032286087838,4
14,3,8,0.875,0.9058678415259215,0.75,0.8784173008736209,0.75,0.8784173008736209,0.875,0.9058678415259215,0.875,0.9195931118520718,4
14,3,4,0.5,0.655197542447045,1.0,0.7983499466791725,1.0,0.7983499466791725,0.25,0.3743985956840256,0.25,0.4129396275926753,4
14,3,8,0.875,0.9081553865802799,0.75,0.9241682019607886,0.75,0.9241682019607886,0.5,0.5947617141331808,0.5,0.6222122547854814,4
14,3,4,0.75,0.7625618456211405,1.0,0.7928440849779366,1.0,0.7928440849779366,0.25,0.44597479780008936,0.25,0.41844548929391107,4
14,3,8,0.875,0.9195931118520718,1.0,0.9607689228305226,1.0,0.9607689228305226,0.5,0.5993368042418975,0.5,0.6222122547854814,4
14,3,4,0.75,0.7460442605174334,1.0,0.7928440849779366,1.0,0.7928440849779366,0.5,0.4569865212025607,0.5,0.4679982446050321,5
14,3,8,0.875,0.8990052063628464,0.875,0.8715546657105457,0.875,0.8715546657105457,0.75,0.7892030437536438,0.75,0.8624044854931121,5
14,3,4,0.75,0.7460442605174334,1.0,0.7928440849779366,0.75,0.7019973669075481,0.5,0.5698566860778919,0.5,0.5698566860778919,5
14,3,8,1.0,0.9424685623956557,1.0,0.956193832721806,1.0,0.956193832721806,0.75,0.802928314079794,0.75,0.8715546657105457,5
14,3,4,0.75,0.7460442605174334,1.0,0.7928440849779366,1.0,0.7928440849779366,0.5,0.5698566860778919,0.5,0.5753625477791277,5
14,3,8,0.875,0.9218806569064302,0.875,0.9287432920695055,0.875,0.9287432920695055,0.75,0.8075034041885109,0.75,0.8624044854931121,5
14,3,4,0.5,0.73778546796558,0.5,0.7322796062643443,1.0,0.7983499466791725,0.25,0.5643508243766563,0.25,0.5753625477791277,5
14,3,8,0.875,0.9470436525043724,0.875,0.944756107450014,1.0,0.9607689228305226,0.75,0.7846279536449269,0.75,0.8395290349495284,5
14,3,4,0.75,0.7515501222186691,0.75,0.7680677073223762,0.75,0.7680677073223762,0.5,0.5698566860778919,0.5,0.5753625477791277,5
14,3,8,1.0,0.9516187426130892,0.875,0.8875674810910544,0.875,0.8875674810910544,0.75,0.8441041250582451,0.75,0.866979575601829,5
14,3,4,0.75,0.7267737445631086,0.75,0.7680677073223762,0.75,0.73778546796558,0.75,0.7267737445631086,0.75,0.7322796062643443,5
14,3,8,1.0,0.9516187426130892,0.875,0.8990052063628464,0.875,0.8990052063628464,0.875,0.9195931118520718,0.875,0.9241682019607886,5
14,3,4,0.75,0.7460442605174334,0.75,0.7625618456211405,0.75,0.7212678828618728,0.5,0.5478332392729494,0.5,0.5753625477791277,5
14,3,8,1.0,0.9424685623956557,0.875,0.8875674810910544,1.0,0.956193832721806,0.75,0.7480272327751928,0.75,0.866979575601829,5
14,3,4,0.75,0.7818323615754653,0.5,0.73778546796558,0.75,0.7680677073223762,0.25,0.5753625477791277,0.25,0.5753625477791277,5
14,3,8,0.875,0.9058678415259215,0.875,0.944756107450014,0.875,0.9287432920695055,0.75,0.8075034041885109,0.75,0.8395290349495284,5
14,3,4,0.75,0.7019973669075481,0.75,0.7680677073223762,0.75,0.7680677073223762,0.5,0.6662092658495162,0.5,0.6662092658495162,6
14,3,8,0.875,0.956193832721806,0.875,0.944756107450014,0.875,0.944756107450014,0.75,0.9081553865802799,0.75,0.9127304766889967,6
14,3,4,0.5,0.6056447871359238,0.5,0.6469387498951913,0.5,0.6469387498951913,0.0,0.3193399786716689,0.0,0.3193399786716689,6
14,3,8,0.75,0.8326663997864531,0.875,0.8990052063628464,0.875,0.8990052063628464,0.625,0.754889867938268,0.625,0.7686151382644182,6
14,3,4,0.75,0.7019973669075481,0.5,0.7075032286087838,0.5,0.7075032286087838,0.75,0.7267737445631086,0.75,0.7322796062643443,6
14,3,8,0.875,0.956193832721806,0.5,0.7571774129926263,0.5,0.7571774129926263,0.75,0.9127304766889967,0.75,0.9127304766889967,6
14,3,4,0.5,0.550586170123567,0.5,0.7075032286087838,0.5,0.7075032286087838,0.25,0.520303930766771,0.25,0.5753625477791277,6
14,3,8,0.625,0.732014417394684,0.875,0.9401810173412973,0.875,0.9401810173412973,0.625,0.7091389668511001,0.625,0.7686151382644182,6
14,3,4,0.75,0.7019973669075481,0.75,0.7680677073223762,0.5,0.7075032286087838,0.75,0.7570559839199048,0.75,0.7680677073223762,6
14,3,8,0.875,0.956193832721806,0.625,0.7686151382644182,0.625,0.7686151382644182,0.75,0.8761297558192624,0.75,0.9127304766889967,6
14,3,4,0.75,0.7625618456211405,0.75,0.7983499466791725,0.75,0.7983499466791725,0.5,0.5698566860778919,0.5,0.5808684094803632,6
14,3,8,0.75,0.8418165800038867,0.875,0.9195931118520718,0.875,0.9195931118520718,0.75,0.8280913096777363,0.75,0.8463916701126035,6
14,3,4,0.5,0.5946330637334526,0.5,0.7075032286087838,0.5,0.7075032286087838,0.25,0.4267042818457645,0.25,0.4872687605593569,6
14,3,8,0.75,0.814366039351586,1.0,0.956193832721806,1.0,0.956193832721806,0.625,0.732014417394684,0.625,0.7686151382644182,6
14,3,4,0.75,0.7019973669075481,0.75,0.7680677073223762,0.75,0.7680677073223762,0.75,0.7680677073223762,0.75,0.7680677073223762,6
14,3,8,0.875,0.956193832721806,0.75,0.8761297558192624,0.75,0.8761297558192624,0.75,0.9127304766889967,0.75,0.9127304766889967,6
14,3,4,1.0,0.7983499466791725,0.75,0.6469387498951913,0.75,0.6469387498951913,0.75,0.6139035796877773,0.75,0.6469387498951913,7
14,3,8,0.75,0.8418165800038867,0.625,0.8235162195690195,0.625,0.8235162195690195,0.75,0.8463916701126035,0.75,0.8509667602213202,7
14,3,4,0.75,0.6496916807458092,0.75,0.6772209892519876,0.75,0.6772209892519876,0.75,0.6441858190445735,0.75,0.6772209892519876,7
14,3,8,0.75,0.7503147778295511,0.875,0.9218806569064302,0.875,0.9218806569064302,0.625,0.5878990789701056,0.625,0.6473752503834237,7
14,3,4,1.0,0.7983499466791725,0.75,0.7928440849779366,0.75,0.7322796062643443,0.75,0.73778546796558,0.75,0.7322796062643443,7
14,3,8,0.75,0.866979575601829,0.75,0.8921425711997711,0.75,0.8921425711997711,0.75,0.866979575601829,0.75,0.866979575601829,7
14,3,4,1.0,0.7983499466791725,0.75,0.6772209892519876,0.75,0.6772209892519876,0.75,0.73778546796558,0.75,0.73778546796558,7
14,3,8,0.875,0.9195931118520718,0.625,0.8509667602213202,0.625,0.8509667602213202,0.875,0.9195931118520718,0.875,0.9241682019607886,7
14,3,4,0.75,0.6496916807458092,0.75,0.6772209892519876,0.75,0.6772209892519876,0.75,0.6496916807458092,0.75,0.6772209892519876,7
14,3,8,0.75,0.7160016020141753,0.875,0.9195931118520718,0.75,0.8166535844059444,0.625,0.5878990789701056,0.625,0.6473752503834237,7
14,3,4,0.75,0.6496916807458092,0.75,0.7983499466791725,0.75,0.6772209892519876,0.75,0.6496916807458092,0.75,0.6772209892519876,7
14,3,8,0.75,0.7640400481557014,0.875,0.944756107450014,0.875,0.944756107450014,0.625,0.5878990789701056,0.625,0.6473752503834237,7
14,3,4,1.0,0.7983499466791725,0.75,0.6772209892519876,0.75,0.6772209892519876,0.5,0.6166565105383952,0.5,0.6166565105383952,7
14,3,8,0.75,0.8418165800038867,0.75,0.866979575601829,0.75,0.866979575601829,0.75,0.8463916701126035,0.75,0.8509667602213202,7
14,3,4,0.75,0.6496916807458092,0.75,0.7680677073223762,0.75,0.7680677073223762,0.75,0.6441858190445735,0.75,0.6772209892519876,7
14,3,8,0.75,0.7251517822316089,0.75,0.8715546657105457,0.75,0.8715546657105457,0.625,0.5718862635895969,0.625,0.6176371646767647,7
14,3,4,1.0,0.7983499466791725,0.5,0.5946330637334526,0.5,0.4624923829037964,1.0,0.7928440849779366,1.0,0.7983499466791725,8
14,3,8,1.0,0.9607689228305226,0.75,0.8463916701126035,0.75,0.8463916701126035,0.75,0.825803764623378,0.75,0.866979575601829,8
14,3,4,1.0,0.7928440849779366,1.0,0.7983499466791725,1.0,0.7983499466791725,0.5,0.4982804839618282,0.5,0.5092922073642996,8
14,3,8,0.75,0.8807048459279793,1.0,0.9607689228305226,1.0,0.9607689228305226,0.5,0.6999887866336667,0.5,0.773190228373135,8
14,3,4,0.5,0.6607034041482805,0.75,0.73778546796558,0.75,0.73778546796558,0.25,0.401927904190204,0.25,0.41844548929391107,8
14,3,8,0.875,0.9127304766889967,0.875,0.9241682019607886,0.75,0.8052158591341524,0.75,0.7411645976121176,0.75,0.8052158591341524,8
14,3,4,1.0,0.7928440849779366,1.0,0.7983499466791725,1.0,0.7983499466791725,0.5,0.5092922073642996,0.5,0.520303930766771,8
14,3,8,0.875,0.9195931118520718,0.875,0.944756107450014,0.875,0.944756107450014,0.5,0.7594649580469847,0.5,0.7686151382644182,8
14,3,4,1.0,0.7928440849779366,1.0,0.7983499466791725,0.75,0.7680677073223762,0.75,0.7075032286087838,0.75,0.7075032286087838,8
14,3,8,0.875,0.956193832721806,0.875,0.944756107450014,0.875,0.944756107450014,0.625,0.8166535844059444,0.625,0.8395290349495284,8
14,3,4,0.5,0.6414328881939557,0.75,0.73778546796558,0.75,0.73778546796558,0.5,0.6414328881939557,0.5,0.6414328881939557,8
14,3,8,0.875,0.8829923909823376,0.875,0.9287432920695055,0.875,0.9287432920695055,0.875,0.8738422107649041,0.875,0.9241682019607886,8
14,3,4,1.0,0.7928440849779366,0.75,0.7625618456211405,1.0,0.7983499466791725,0.75,0.6909856435050767,0.75,0.7075032286087838,8
14,3,8,0.875,0.9470436525043724,1.0,0.9607689228305226,1.0,0.9607689228305226,0.625,0.8212286745146611,0.625,0.8395290349495284,8
14,3,4,1.0,0.7928440849779366,1.0,0.7983499466791725,1.0,0.7983499466791725,0.75,0.7019973669075481,0.75,0.7075032286087838,8
14,3,8,0.875,0.9607689228305226,0.875,0.9287432920695055,0.875,0.9287432920695055,0.5,0.7686151382644182,0.5,0.773190228373135,8
14,3,4,1.0,0.7983499466791725,0.75,0.7680677073223762,0.75,0.7680677073223762,0.75,0.6111506488371594,0.75,0.6166565105383952,9
14,3,8,0.875,0.944756107450014,0.875,0.9127304766889967,0.875,0.9127304766889967,0.75,0.8395290349495284,0.75,0.8715546657105457,9
14,3,4,1.0,0.7928440849779366,1.0,0.7983499466791725,0.75,0.6111506488371594,0.75,0.5836213403309811,0.75,0.6111506488371594,9
14,3,8,0.875,0.956193832721806,0.75,0.9035802964715631,0.75,0.9035802964715631,0.75,0.9035802964715631,0.75,0.9035802964715631,9
14,3,4,1.0,0.7983499466791725,0.75,0.6772209892519876,0.75,0.6772209892519876,0.5,0.5533391009741849,0.5,0.5753625477791277,9
14,3,8,0.875,0.9607689228305226,0.75,0.9127304766889967,0.75,0.9127304766889967,0.75,0.885279936036696,0.75,0.9081553865802799,9
14,3,4,1.0,0.7928440849779366,1.0,0.7818323615754653,1.0,0.7818323615754653,0.75,0.5836213403309811,0.75,0.6001389254346882,9
14,3,8,0.875,0.956193832721806,0.875,0.9287432920695055,0.875,0.9287432920695055,0.75,0.8944301162541296,0.75,0.8761297558192624,9
14,3,4,0.75,0.7983499466791725,1.0,0.7983499466791725,1.0,0.7983499466791725,0.5,0.4624923829037964,0.5,0.4679982446050321,9
14,3,8,0.875,0.944756107450014,0.875,0.9607689228305226,0.875,0.9607689228305226,0.625,0.7480272327751928,0.625,0.7983532239710772,9
14,3,4,1.0,0.7983499466791725,0.75,0.7680677073223762,0.75,0.7680677073223762,0.75,0.6166565105383952,0.75,0.6166565105383952,9
14,3,8,0.875,0.9356059272325806,0.875,0.8921425711997711,0.875,0.8921425711997711,0.75,0.8624044854931121,0.75,0.8715546657105457,9
14,3,4,1.0,0.7928440849779366,0.75,0.7322796062643443,0.75,0.7322796062643443,0.75,0.5836213403309811,0.75,0.6111506488371594,9
14,3,8,0.875,0.9607689228305226,0.75,0.944756107450014,0.75,0.944756107450014,0.75,0.8761297558192624,0.75,0.8807048459279793,9
14,3,4,1.0,0.7983499466791725,0.75,0.6717151275507518,0.75,0.6717151275507518,0.75,0.5836213403309811,0.75,0.6111506488371594,9
14,3,8,0.875,0.9607689228305226,0.75,0.944756107450014,0.75,0.944756107450014,0.75,0.9035802964715631,0.75,0.9081553865802799,9
14,3,4,0.75,0.7625618456211405,1.0,0.7983499466791725,1.0,0.7983499466791725,0.75,0.6909856435050767,0.75,0.7075032286087838,10
14,3,8,0.875,0.9081553865802799,0.75,0.8761297558192624,0.625,0.8601169404387538,0.75,0.8303788547320947,0.75,0.8761297558192624,10
14,3,4,0.75,0.7625618456211405,1.0,0.7983499466791725,1.0,0.7983499466791725,1.0,0.7928440849779366,1.0,0.7983499466791725,10
14,3,8,0.875,0.8990052063628464,0.875,0.9310308371238637,0.875,0.9310308371238637,0.75,0.8624044854931121,0.75,0.866979575601829,10
14,3,4,0.5,0.7212678828618728,0.75,0.7983499466791725,0.5,0.73778546796558,0.25,0.6083977179865416,0.25,0.6469387498951913,10
14,3,8,0.75,0.9150180217433551,0.75,0.8646920305474706,0.75,0.8646920305474706,0.625,0.6999887866336667,0.625,0.7777653184818518,10
14,3,4,0.75,0.7405383988161978,0.75,0.7873382232767009,0.75,0.7873382232767009,0.25,0.20646981379633764,0.25,0.21197567549757335,10
14,3,8,0.75,0.9241682019607886,0.875,0.9127304766889967,0.875,0.9127304766889967,0.625,0.590186624024464,0.625,0.7686151382644182,10
14,3,4,0.75,0.7625618456211405,1.0,0.7983499466791725,1.0,0.7983499466791725,0.5,0.6414328881939557,0.5,0.6414328881939557,10
14,3,8,0.875,0.9081553865802799,0.75,0.8761297558192624,0.75,0.8761297558192624,0.625,0.825803764623378,0.625,0.8303788547320947,10
14,3,4,0.75,0.7598089147705227,0.5,0.7019973669075481,0.5,0.7019973669075481,0.5,0.5891272020322169,0.5,0.6111506488371594,10
14,3,8,0.75,0.9241682019607886,0.875,0.9127304766889967,0.875,0.9127304766889967,0.75,0.8189411294603027,0.75,0.8646920305474706,10
14,3,4,0.75,0.7625618456211405,0.75,0.6469387498951913,0.75,0.6166565105383952,0.75,0.7019973669075481,0.75,0.7075032286087838,10
14,3,8,0.875,0.9081553865802799,0.625,0.8601169404387538,0.625,0.8601169404387538,0.625,0.8280913096777363,0.625,0.8601169404387538,10
14,3,4,0.75,0.7102561594594016,0.75,0.7928440849779366,0.75,0.7928440849779366,0.25,0.4679982446050321,0.25,0.6111506488371594,10
14,3,8,0.875,0.9150180217433551,0.875,0.9081553865802799,0.875,0.9081553865802799,0.625,0.7503147778295511,0.625,0.7777653184818518,10
14,3,4,0.75,0.7212678828618728,1.0,0.7983499466791725,1.0,0.7983499466791725,0.75,0.7460442605174334,0.75,0.7625618456211405,11
14,3,8,0.875,0.926455747015147,1.0,0.9470436525043724,1.0,0.9470436525043724,0.875,0.9401810173412973,0.875,0.9401810173412973,11
14,3,4,0.75,0.7680677073223762,1.0,0.7983499466791725,0.75,0.73778546796558,0.75,0.7680677073223762,0.75,0.7680677073223762,11
14,3,8,0.875,0.9516187426130892,0.75,0.9287432920695055,0.75,0.9287432920695055,0.875,0.9378934722869389,0.875,0.9607689228305226,11
14,3,4,0.75,0.7212678828618728,0.75,0.73778546796558,0.75,0.6469387498951913,0.75,0.7212678828618728,0.75,0.73778546796558,11
14,3,8,0.875,0.9173055667977134,1.0,0.9607689228305226,0.875,0.8921425711997711,1.0,0.9424685623956557,1.0,0.9607689228305226,11
14,3,4,0.75,0.73778546796558,1.0,0.7983499466791725,1.0,0.7983499466791725,0.75,0.7350325371149622,0.75,0.7680677073223762,11
14,3,8,0.875,0.9310308371238637,1.0,0.956193832721806,1.0,0.956193832721806,1.0,0.956193832721806,1.0,0.956193832721806,11
14,3,4,0.75,0.7680677073223762,0.75,0.73778546796558,0.75,0.73778546796558,0.5,0.7019973669075481,0.5,0.7019973669075481,11
14,3,8,0.875,0.9516187426130892,1.0,0.9607689228305226,1.0,0.9607689228305226,0.75,0.8715546657105457,0.75,0.9081553865802799,11
14,3,4,0.75,0.7157620211606373,0.75,0.5808684094803632,0.75,0.5808684094803632,0.75,0.7047502977581659,0.75,0.7322796062643443,11
14,3,8,0.875,0.9218806569064302,0.875,0.8944301162541296,0.875,0.8944301162541296,1.0,0.9516187426130892,1.0,0.9378934722869389,11
14,3,4,0.75,0.7212678828618728,1.0,0.7928440849779366,1.0,0.7928440849779366,0.75,0.7350325371149622,0.75,0.7625618456211405,11
14,3,8,0.875,0.926455747015147,1.0,0.9424685623956557,1.0,0.9424685623956557,1.0,0.9516187426130892,1.0,0.9424685623956557,11
14,3,4,0.75,0.7212678828618728,1.0,0.7983499466791725,1.0,0.7983499466791725,0.75,0.7350325371149622,0.75,0.7680677073223762,11
14,3,8,0.875,0.9150180217433551,1.0,0.9470436525043724,1.0,0.9470436525043724,1.0,0.9516187426130892,1.0,0.9470436525043724,11
14,3,4,0.5,0.6964915052063125,0.75,0.7818323615754653,0.75,0.7818323615754653,0.25,0.48176289885812124,0.25,0.5092922073642996,12
14,3,8,0.875,0.9127304766889967,0.875,0.9081553865802799,0.875,0.9081553865802799,0.75,0.8280913096777363,0.75,0.8463916701126035,12
14,3,4,1.0,0.7928440849779366,1.0,0.7983499466791725,1.0,0.7983499466791725,0.75,0.6139035796877773,0.75,0.6469387498951913,12
14,3,8,1.0,0.9607689228305226,0.875,0.9127304766889967,0.75,0.944756107450014,0.75,0.8303788547320947,0.75,0.8441041250582451,12
14,3,4,1.0,0.7983499466791725,0.75,0.7680677073223762,0.75,0.7680677073223762,0.75,0.6469387498951913,0.75,0.6469387498951913,12
14,3,8,1.0,0.956193832721806,1.0,0.9607689228305226,1.0,0.9607689228305226,0.75,0.8829923909823376,0.75,0.8921425711997711,12
14,3,4,0.25,0.63592702649272,0.25,0.5092922073642996,0.25,0.5092922073642996,0.25,0.48176289885812124,0.25,0.5092922073642996,12
14,3,8,1.0,0.9378934722869389,0.75,0.9035802964715631,0.75,0.9035802964715631,0.75,0.8349539448408115,0.75,0.9035802964715631,12
14,3,4,1.0,0.7983499466791725,0.75,0.7680677073223762,1.0,0.7983499466791725,0.75,0.6469387498951913,0.75,0.6469387498951913,12
14,3,8,1.0,0.956193832721806,1.0,0.9607689228305226,0.875,0.9081553865802799,0.75,0.8418165800038867,0.75,0.8921425711997711,12
14,3,4,0.5,0.6964915052063125,0.75,0.7680677073223762,0.5,0.7267737445631086,0.25,0.48176289885812124,0.25,0.5092922073642996,12
14,3,8,1.0,0.9378934722869389,1.0,0.956193832721806,0.875,0.896717661308488,0.75,0.8715546657105457,0.75,0.9035802964715631,12
14,3,4,1.0,0.7983499466791725,0.75,0.7680677073223762,1.0,0.7983499466791725,0.5,0.586374271181599,0.5,0.5753625477791277,12
14,3,8,1.0,0.956193832721806,1.0,0.9607689228305226,1.0,0.9607689228305226,0.75,0.8303788547320947,0.75,0.8441041250582451,12
14,3,4,0.5,0.6964915052063125,0.5,0.655197542447045,0.5,0.6964915052063125,0.25,0.48176289885812124,0.25,0.5092922073642996,12
14,3,8,0.875,0.9081553865802799,0.875,0.8921425711997711,1.0,0.9607689228305226,0.75,0.8097909492428693,0.75,0.8372414898951699,12
14,3,4,0.5,0.6772209892519876,1.0,0.7983499466791725,0.75,0.73778546796558,0.25,0.3193399786716689,0.25,0.34136342547661164,13
14,3,8,0.75,0.8738422107649041,0.75,0.8646920305474706,0.75,0.8646920305474706,0.625,0.6679631558726492,0.625,0.7411645976121176,13
14,3,4,0.5,0.6056447871359238,0.75,0.7680677073223762,0.75,0.7680677073223762,0.25,0.3193399786716689,0.25,0.34136342547661164,13
14,3,8,0.75,0.8418165800038867,0.75,0.9241682019607886,0.75,0.896717661308488,0.625,0.6839759712531579,0.625,0.7754777734274934,13
14,3,4,1.0,0.7983499466791725,0.75,0.7680677073223762,1.0,0.7983499466791725,0.75,0.7680677073223762,0.75,0.7680677073223762,13
14,3,8,0.875,0.9607689228305226,0.75,0.9287432920695055,0.75,0.8921425711997711,0.75,0.9127304766889967,0.75,0.9127304766889967,13
14,3,4,0.5,0.6772209892519876,1.0,0.7983499466791725,0.75,0.7680677073223762,0.25,0.3248458403729046,0.25,0.34136342547661164,13
14,3,8,0.75,0.8418165800038867,0.75,0.9241682019607886,0.75,0.9241682019607886,0.625,0.6679631558726492,0.625,0.7411645976121176,13
14,3,4,0.5,0.6772209892519876,1.0,0.7983499466791725,1.0,0.7983499466791725,0.25,0.3193399786716689,0.25,0.34136342547661164,13
14,3,8,0.75,0.8418165800038867,0.75,0.9127304766889967,0.75,0.9012927514172048,0.625,0.6839759712531579,0.625,0.7754777734274934,13
14,3,4,0.5,0.6772209892519876,0.75,0.7680677073223762,0.75,0.7680677073223762,0.25,0.3193399786716689,0.25,0.34136342547661164,13
14,3,8,0.75,0.8738422107649041,0.75,0.9035802964715631,0.75,0.8990052063628464,0.625,0.8006407690254356,0.625,0.8555418503300369,13
14,3,4,0.5,0.6772209892519876,0.75,0.7983499466791725,0.75,0.7983499466791725,0.25,0.3193399786716689,0.25,0.34136342547661164,13
14,3,8,0.75,0.8280913096777363,0.75,0.9195931118520718,0.875,0.8990052063628464,0.625,0.6771133360900827,0.625,0.7411645976121176,13
14,3,4,1.0,0.7983499466791725,0.75,0.7983499466791725,0.75,0.7075032286087838,0.75,0.7680677073223762,0.75,0.7680677073223762,13
14,3,8,0.875,0.9607689228305226,0.75,0.896717661308488,0.75,0.896717661308488,0.75,0.9127304766889967,0.75,0.9127304766889967,13
14,3,4,0.25,0.3964220424889683,1.0,0.7873382232767009,0.75,0.685479781803841,0.25,0.3468692871778473,0.25,0.3964220424889683,14
14,3,8,0.875,0.6702507009270076,1.0,0.956193832721806,1.0,0.956193832721806,0.75,0.5581609932634466,0.75,0.649662795437782,14
14,3,4,0.25,0.4129396275926753,0.75,0.7983499466791725,0.5,0.655197542447045,0.25,0.3193399786716689,0.25,0.3964220424889683,14
14,3,8,1.0,0.8601169404387538,1.0,0.9287432920695055,0.875,0.926455747015147,0.75,0.6359375251116318,0.75,0.672538245981366,14
14,3,4,0.75,0.7322796062643443,0.75,0.7928440849779366,0.75,0.7928440849779366,0.5,0.5973859945840703,0.5,0.63592702649272,14
14,3,8,0.875,0.9378934722869389,0.875,0.944756107450014,0.875,0.944756107450014,0.625,0.8235162195690195,0.625,0.8601169404387538,14
14,3,4,0.25,0.3964220424889683,1.0,0.7983499466791725,0.75,0.7680677073223762,0.25,0.3193399786716689,0.25,0.3964220424889683,14
14,3,8,0.875,0.7800528635362102,1.0,0.9607689228305226,0.875,0.9081553865802799,0.75,0.6405126152203485,0.75,0.8052158591341524,14
14,3,4,0.75,0.7322796062643443,0.75,0.7680677073223762,0.75,0.7680677073223762,0.5,0.6304211647914844,0.5,0.63592702649272,14
14,3,8,0.875,0.9218806569064302,0.625,0.8898550261454127,0.75,0.9356059272325806,0.625,0.8097909492428693,0.625,0.8601169404387538,14
14,3,4,0.75,0.7322796062643443,0.75,0.7928440849779366,0.75,0.7625618456211405,0.5,0.6304211647914844,0.5,0.63592702649272,14
14,3,8,0.875,0.9218806569064302,0.875,0.9241682019607886,0.875,0.9241682019607886,0.625,0.8235162195690195,0.625,0.8601169404387538,14
14,3,4,0.75,0.7322796062643443,0.75,0.7928440849779366,0.75,0.7625618456211405,0.5,0.6304211647914844,0.5,0.63592702649272,14
14,3,8,0.875,0.926455747015147,0.875,0.9607689228305226,0.875,0.9081553865802799,0.625,0.8326663997864531,0.625,0.8601169404387538,14
14,3,4,0.75,0.7322796062643443,0.75,0.7928440849779366,0.75,0.7928440849779366,0.5,0.45973945205317857,0.5,0.63592702649272,14
14,3,8,0.875,0.926455747015147,0.875,0.9607689228305226,0.75,0.9607689228305226,0.5,0.7594649580469847,0.5,0.7777653184818518,14
14,3,4,0.75,0.7818323615754653,0.75,0.7928440849779366,1.0,0.7928440849779366,0.5,0.6001389254346882,0.5,0.6001389254346882,15
14,3,8,0.875,0.9516187426130892,1.0,0.9607689228305226,1.0,0.9607689228305226,0.75,0.885279936036696,0.75,0.9035802964715631,15
14,3,4,0.5,0.6662092658495162,1.0,0.7928440849779366,1.0,0.7928440849779366,0.75,0.6056447871359238,0.75,0.6111506488371594,15
14,3,8,0.875,0.9104429316346382,0.875,0.956193832721806,1.0,0.9607689228305226,0.625,0.6771133360900827,0.625,0.7686151382644182,15
14,3,4,0.5,0.5588449626754206,0.75,0.7075032286087838,0.75,0.7075032286087838,0.25,0.37715152653464346,0.25,0.37715152653464346,15
14,3,8,0.625,0.7640400481557014,0.875,0.9195931118520718,0.875,0.9195931118520718,0.5,0.7182891470685338,0.5,0.7457396877208343,15
14,3,4,0.5,0.7295266754137265,0.75,0.7928440849779366,1.0,0.7873382232767009,0.5,0.6304211647914844,0.5,0.6304211647914844,15
14,3,8,0.875,0.9333183821782222,0.875,0.944756107450014,0.875,0.9607689228305226,0.75,0.8624044854931121,0.75,0.9081553865802799,15
14,3,4,0.75,0.7267737445631086,0.75,0.7680677073223762,0.75,0.7680677073223762,0.75,0.6056447871359238,0.75,0.6056447871359238,15
14,3,8,0.875,0.956193832721806,1.0,0.9607689228305226,1.0,0.9607689228305226,0.75,0.885279936036696,0.75,0.9081553865802799,15
14,3,4,0.5,0.7322796062643443,0.75,0.7625618456211405,0.5,0.73778546796558,0.25,0.45148065950132504,0.25,0.4790099680075034,15
14,3,8,1.0,0.9195931118520718,1.0,0.9607689228305226,0.875,0.9607689228305226,0.75,0.7503147778295511,0.75,0.8509667602213202,15
14,3,4,0.5,0.7212678828618728,0.75,0.7983499466791725,0.75,0.7983499466791725,0.25,0.2587754999580765,0.25,0.2477637765556052,15
14,3,8,0.875,0.9104429316346382,1.0,0.956193832721806,0.875,0.956193832721806,0.625,0.6908386064162331,0.625,0.7640400481557014,15
14,3,4,0.75,0.7625618456211405,0.75,0.7680677073223762,0.75,0.7680677073223762,0.75,0.7680677073223762,0.75,0.7680677073223762,15
14,3,8,1.0,0.9516187426130892,1.0,0.9607689228305226,1.0,0.9607689228305226,1.0,0.956193832721806,1.0,0.9607689228305226,15
14,3,4,1.0,0.7928440849779366,1.0,0.7983499466791725,1.0,0.7983499466791725,0.75,0.7019973669075481,0.75,0.7075032286087838,16
14,3,8,1.0,0.9516187426130892,0.75,0.9081553865802799,0.75,0.8761297558192624,0.625,0.8097909492428693,0.625,0.8097909492428693,16
14,3,4,1.0,0.7928440849779366,0.75,0.6414328881939557,0.75,0.7019973669075481,1.0,0.7928440849779366,1.0,0.7928440849779366,16
14,3,8,1.0,0.9516187426130892,0.625,0.814366039351586,0.75,0.9035802964715631,0.75,0.825803764623378,0.75,0.8715546657105457,16
14,3,4,0.75,0.7680677073223762,0.75,0.73778546796558,0.75,0.73778546796558,0.5,0.517550999916153,0.5,0.5560920318248028,16
14,3,8,0.875,0.9356059272325806,1.0,0.956193832721806,1.0,0.956193832721806,0.625,0.6977012415793082,0.625,0.7526023228839096,16
14,3,4,1.0,0.7983499466791725,0.75,0.7680677073223762,0.75,0.7680677073223762,0.75,0.7019973669075481,0.75,0.7075032286087838,16
14,3,8,0.875,0.9241682019607886,0.875,0.9401810173412973,0.875,0.9401810173412973,0.875,0.9058678415259215,0.875,0.9241682019607886,16
14,3,4,0.75,0.7680677073223762,0.75,0.7019973669075481,0.75,0.7019973669075481,0.75,0.6111506488371594,0.75,0.6166565105383952,16
14,3,8,0.875,0.9424685623956557,0.625,0.7686151382644182,0.75,0.8326663997864531,0.5,0.672538245981366,0.5,0.6908386064162331,16
14,3,4,0.75,0.7322796062643443,1.0,0.7983499466791725,1.0,0.7983499466791725,0.75,0.5671037552272742,0.75,0.6166565105383952,16
14,3,8,0.75,0.814366039351586,0.875,0.9195931118520718,0.875,0.866979575601829,0.5,0.7503147778295511,0.5,0.6908386064162331,16
14,3,4,1.0,0.7983499466791725,0.75,0.6414328881939557,0.75,0.7075032286087838,0.75,0.7019973669075481,0.75,0.7075032286087838,16
14,3,8,1.0,0.956193832721806,0.5,0.7846279536449269,0.625,0.8189411294603027,0.75,0.8578293953843953,0.75,0.8715546657105457,16
14,3,4,1.0,0.7928440849779366,1.0,0.7983499466791725,1.0,0.7983499466791725,0.75,0.7019973669075481,0.75,0.7075032286087838,16
14,3,8,0.875,0.9241682019607886,0.875,0.944756107450014,0.875,0.9287432920695055,0.625,0.8097909492428693,0.625,0.8189411294603027,16
14,3,4,1.0,0.7818323615754653,0.5,0.5643508243766563,0.75,0.6772209892519876,0.5,0.5533391009741849,0.5,0.5643508243766563,17
14,3,8,1.0,0.956193832721806,0.75,0.8349539448408115,0.75,0.8349539448408115,0.75,0.8921425711997711,0.75,0.9150180217433551,17
14,3,4,1.0,0.7818323615754653,0.75,0.6166565105383952,0.75,0.6166565105383952,0.5,0.48176289885812124,0.5,0.520303930766771,17
14,3,8,1.0,0.9607689228305226,0.875,0.9127304766889967,0.875,0.9127304766889967,0.75,0.8120784942972276,0.75,0.8807048459279793,17
14,3,4,0.75,0.7570559839199048,1.0,0.7983499466791725,1.0,0.7983499466791725,0.5,0.5478332392729494,0.5,0.5643508243766563,17
14,3,8,1.0,0.956193832721806,0.75,0.8807048459279793,0.75,0.8807048459279793,0.75,0.9058678415259215,0.75,0.8646920305474706,17
14,3,4,0.5,0.73778546796558,0.75,0.7680677073223762,0.75,0.7680677073223762,0.5,0.5478332392729494,0.5,0.586374271181599,17
14,3,8,0.75,0.9012927514172048,0.875,0.9081553865802799,0.75,0.8921425711997711,0.5,0.6931261514705915,0.5,0.7480272327751928,17
14,3,4,0.5,0.6717151275507518,0.75,0.7680677073223762,0.75,0.7680677073223762,0.5,0.6469387498951913,0.5,0.6469387498951913,17
14,3,8,0.625,0.8761297558192624,0.875,0.9287432920695055,0.75,0.9127304766889967,0.5,0.7114265119054585,0.5,0.7434521426664759,17
14,3,4,0.75,0.7322796062643443,0.75,0.7983499466791725,0.75,0.7983499466791725,0.25,0.45148065950132504,0.25,0.5340685850198601,17
14,3,8,1.0,0.9607689228305226,0.875,0.9241682019607886,0.875,0.9241682019607886,0.75,0.7983532239710772,0.75,0.8761297558192624,17
14,3,4,0.75,0.7570559839199048,0.75,0.5946330637334526,0.75,0.5946330637334526,0.5,0.5643508243766563,0.5,0.5643508243766563,17
14,3,8,1.0,0.956193832721806,0.75,0.8921425711997711,0.75,0.8921425711997711,0.75,0.8921425711997711,0.75,0.9195931118520718,17
14,3,4,0.5,0.73778546796558,0.75,0.7680677073223762,0.75,0.7680677073223762,0.5,0.6194094413890131,0.5,0.6469387498951913,17
14,3,8,0.625,0.866979575601829,0.875,0.9081553865802799,0.875,0.9081553865802799,0.5,0.702276331688025,0.5,0.7480272327751928,17
14,3,4,0.5,0.7157620211606373,1.0,0.7818323615754653,1.0,0.7818323615754653,0.5,0.7983499466791725,0.5,0.7983499466791725,18
14,3,8,0.75,0.7709026833187765,0.875,0.956193832721806,0.875,0.956193832721806,0.625,0.7503147778295511,0.625,0.791490588808002,18
14,3,4,0.5,0.7157620211606373,0.75,0.7680677073223762,1.0,0.7983499466791725,0.5,0.73778546796558,0.5,0.73778546796558,18
14,3,8,0.875,0.8738422107649041,0.875,0.956193832721806,0.875,0.956193832721806,0.625,0.7869154986992853,0.625,0.7960656789167189,18
14,3,4,0.5,0.73778546796558,0.75,0.7680677073223762,0.75,0.7680677073223762,0.5,0.6772209892519876,0.5,0.6772209892519876,18
14,3,8,0.875,0.944756107450014,0.875,0.9195931118520718,0.875,0.9195931118520718,0.875,0.9218806569064302,0.875,0.944756107450014,18
14,3,4,0.25,0.5258097924680066,1.0,0.7928440849779366,1.0,0.7928440849779366,0.5,0.7928440849779366,0.5,0.7983499466791725,18
14,3,8,0.875,0.8235162195690195,0.875,0.956193832721806,1.0,0.9516187426130892,0.625,0.7457396877208343,0.625,0.7869154986992853,18
14,3,4,0.5,0.7322796062643443,1.0,0.7928440849779366,1.0,0.7928440849779366,0.5,0.7928440849779366,0.5,0.7983499466791725,18
14,3,8,0.75,0.8006407690254356,0.875,0.9424685623956557,0.875,0.9424685623956557,0.75,0.802928314079794,0.75,0.8120784942972276,18
14,3,4,0.5,0.7157620211606373,1.0,0.7928440849779366,1.0,0.7928440849779366,0.5,0.7983499466791725,0.5,0.7983499466791725,18
14,3,8,0.875,0.896717661308488,0.875,0.9516187426130892,1.0,0.9516187426130892,0.625,0.7869154986992853,0.625,0.791490588808002,18
14,3,4,0.5,0.7075032286087838,0.75,0.7983499466791725,0.75,0.7983499466791725,0.5,0.7570559839199048,0.5,0.7680677073223762,18
14,3,8,0.875,0.9127304766889967,0.875,0.9195931118520718,1.0,0.956193832721806,0.875,0.9035802964715631,0.875,0.9401810173412973,18
14,3,4,0.5,0.7157620211606373,1.0,0.7928440849779366,1.0,0.7928440849779366,0.5,0.7983499466791725,0.5,0.7983499466791725,18
14,3,8,0.875,0.8738422107649041,0.875,0.956193832721806,0.875,0.956193832721806,0.625,0.7869154986992853,0.625,0.7960656789167189,18
14,3,4,0.75,0.7460442605174334,1.0,0.7928440849779366,0.75,0.7680677073223762,0.75,0.7460442605174334,0.75,0.7680677073223762,19
14,3,8,0.875,0.9356059272325806,0.875,0.944756107450014,0.75,0.9241682019607886,0.875,0.8784173008736209,0.875,0.8921425711997711,19
14,3,4,0.5,0.73778546796558,0.5,0.4487277286507072,0.5,0.4487277286507072,0.5,0.7075032286087838,0.5,0.7075032286087838,19
14,3,8,0.875,0.9378934722869389,0.875,0.8761297558192624,0.875,0.8761297558192624,0.875,0.8120784942972276,0.875,0.8761297558192624,19
14,3,4,0.75,0.7625618456211405,0.75,0.7322796062643443,1.0,0.7928440849779366,0.75,0.7625618456211405,0.75,0.7680677073223762,19
14,3,8,0.75,0.9470436525043724,1.0,0.9607689228305226,1.0,0.9607689228305226,0.875,0.8875674810910544,0.875,0.8921425711997711,19
14,3,4,0.75,0.7625618456211405,0.75,0.73778546796558,0.75,0.73778546796558,0.75,0.7625618456211405,0.75,0.7625618456211405,19
14,3,8,0.875,0.9035802964715631,1.0,0.956193832721806,1.0,0.956193832721806,0.875,0.8601169404387538,0.875,0.896717661308488,19
14,3,4,0.75,0.7460442605174334,0.75,0.73778546796558,1.0,0.7928440849779366,0.75,0.7625618456211405,0.75,0.7625618456211405,19
14,3,8,0.875,0.9195931118520718,1.0,0.956193832721806,1.0,0.956193832721806,0.875,0.8601169404387538,0.875,0.8921425711997711,19
14,3,4,0.75,0.7460442605174334,1.0,0.7983499466791725,0.75,0.7680677073223762,0.75,0.7625618456211405,0.75,0.7680677073223762,19
14,3,8,0.875,0.9356059272325806,0.75,0.8875674810910544,0.75,0.8807048459279793,0.875,0.8784173008736209,0.875,0.896717661308488,19
14,3,4,0.75,0.7460442605174334,0.75,0.7322796062643443,0.75,0.7322796062643443,0.75,0.7625618456211405,0.75,0.7680677073223762,19
14,3,8,0.875,0.9195931118520718,0.875,0.9035802964715631,1.0,0.9516187426130892,0.875,0.8784173008736209,0.875,0.8921425711997711,19
14,3,4,0.75,0.7460442605174334,0.75,0.7322796062643443,0.75,0.7625618456211405,0.75,0.7460442605174334,0.75,0.7625618456211405,19
14,3,8,0.875,0.9195931118520718,1.0,0.9516187426130892,1.0,0.9516187426130892,0.875,0.8509667602213202,0.875,0.8921425711997711,19
14,4,4,0.75,0.7928440849779366,0.75,0.7680677073223762,0.75,0.6772209892519876,0.5,0.5808684094803632,0.5,0.6469387498951913,0
14,4,8,1.0,0.9516187426130892,0.875,0.9310308371238637,0.75,0.8807048459279793,0.875,0.8509667602213202,0.875,0.8829923909823376,0
14,4,4,0.75,0.7625618456211405,0.75,0.7680677073223762,0.75,0.7680677073223762,0.75,0.7680677073223762,0.75,0.7680677073223762,0
14,4,8,1.0,0.956193832721806,0.875,0.8784173008736209,0.875,0.9401810173412973,0.875,0.8898550261454127,0.875,0.9035802964715631,0
14,4,4,0.75,0.73778546796558,0.75,0.7983499466791725,0.75,0.7983499466791725,0.75,0.7102561594594016,0.75,0.73778546796558,0
14,4,8,0.875,0.9150180217433551,1.0,0.9607689228305226,1.0,0.9607689228305226,0.875,0.8601169404387538,0.875,0.8921425711997711,0
14,4,4,0.75,0.7570559839199048,1.0,0.7983499466791725,1.0,0.7983499466791725,0.5,0.7212678828618728,0.5,0.7267737445631086,0
14,4,8,0.875,0.9310308371238637,0.875,0.9218806569064302,0.875,0.9218806569064302,0.875,0.8898550261454127,0.875,0.9035802964715631,0
14,4,4,0.75,0.7680677073223762,1.0,0.7983499466791725,1.0,0.7983499466791725,0.5,0.6469387498951913,0.5,0.6469387498951913,0
14,4,8,1.0,0.956193832721806,0.875,0.944756107450014,0.75,0.8829923909823376,0.875,0.9035802964715631,0.875,0.9081553865802799,0
14,4,4,0.5,0.73778546796558,0.75,0.7680677073223762,0.75,0.7680677073223762,0.5,0.7075032286087838,0.5,0.7075032286087838,0
14,4,8,0.875,0.9356059272325806,1.0,0.956193832721806,0.875,0.944756107450014,0.875,0.8303788547320947,0.875,0.8807048459279793,0
14,4,4,0.5,0.73778546796558,1.0,0.7928440849779366,0.75,0.7680677073223762,0.5,0.7322796062643443,0.5,0.7267737445631086,0
14,4,8,1.0,0.9424685623956557,0.875,0.9218806569064302,0.875,0.9218806569064302,0.875,0.8624044854931121,0.875,0.8624044854931121,0
14,4,4,0.75,0.73778546796558,0.75,0.7983499466791725,0.75,0.7983499466791725,0.75,0.7322796062643443,0.75,0.73778546796558,0
14,4,8,1.0,0.956193832721806,1.0,0.9607689228305226,1.0,0.9607689228305226,0.75,0.8303788547320947,0.75,0.8395290349495284,0
14,4,4,0.5,0.7680677073223762,0.75,0.7019973669075481,0.75,0.7019973669075481,0.5,0.6717151275507518,0.5,0.6717151275507518,1
14,4,8,0.875,0.9333183821782222,0.75,0.9287432920695055,0.75,0.8990052063628464,0.75,0.8486792151669618,0.75,0.8715546657105457,1
14,4,4,1.0,0.7928440849779366,0.75,0.7322796062643443,0.75,0.6964915052063125,0.5,0.4156925584432932,0.5,0.4322101435470002,1
14,4,8,0.875,0.9310308371238637,0.75,0.8395290349495284,0.75,0.8395290349495284,0.625,0.6885510613618747,0.625,0.802928314079794,1
14,4,4,0.75,0.685479781803841,0.5,0.7625618456211405,0.5,0.7625618456211405,0.25,0.3193399786716689,0.25,0.34136342547661164,1
14,4,8,0.875,0.8921425711997711,0.875,0.896717661308488,0.875,0.8761297558192624,0.625,0.5810364438070305,0.625,0.590186624024464,1
14,4,4,0.5,0.7019973669075481,0.75,0.73778546796558,0.5,0.6717151275507518,0.5,0.6607034041482805,0.5,0.6662092658495162,1
14,4,8,0.875,0.9012927514172048,0.75,0.9127304766889967,0.75,0.9287432920695055,0.75,0.8006407690254356,0.75,0.8418165800038867,1
14,4,4,0.75,0.6744680584013697,0.5,0.5560920318248028,0.5,0.5560920318248028,0.0,0.14865826593336315,0.0,0.17068171273830582,1
14,4,8,0.875,0.9470436525043724,0.75,0.8463916701126035,0.75,0.8463916701126035,0.625,0.448358830654244,0.625,0.5169851822849956,1
14,4,4,1.0,0.7818323615754653,0.5,0.7983499466791725,0.25,0.5560920318248028,0.25,0.21748153719880903,0.25,0.3331046329247581,1
14,4,8,0.875,0.9310308371238637,0.75,0.8555418503300369,0.75,0.8349539448408115,0.75,0.6313624350029151,0.75,0.7274393272859673,1
14,4,4,1.0,0.7928440849779366,0.25,0.4377160052482359,0.5,0.5450803084223315,0.75,0.7322796062643443,0.75,0.7322796062643443,1
14,4,8,0.75,0.9241682019607886,0.625,0.7937781338623605,0.75,0.8715546657105457,0.625,0.7594649580469847,0.625,0.754889867938268,1
14,4,4,0.75,0.7928440849779366,0.25,0.6001389254346882,0.25,0.7075032286087838,0.25,0.4432218669494715,0.25,0.4487277286507072,1
14,4,8,0.875,0.9607689228305226,0.75,0.8829923909823376,0.75,0.9081553865802799,0.5,0.6839759712531579,0.5,0.702276331688025,1
14,4,4,0.5,0.5285627233186245,0.75,0.6717151275507518,0.75,0.6717151275507518,0.5,0.5615978935260385,0.5,0.6166565105383952,2
14,4,8,0.75,0.8601169404387538,0.75,0.8555418503300369,0.75,0.8715546657105457,0.75,0.8692671206561873,0.75,0.8875674810910544,2
14,4,4,0.25,0.5753625477791277,0.5,0.6662092658495162,0.5,0.6662092658495162,0.25,0.5340685850198601,0.25,0.5340685850198601,2
14,4,8,0.875,0.8829923909823376,0.875,0.8807048459279793,0.875,0.9058678415259215,0.75,0.814366039351586,0.75,0.8418165800038867,2
14,4,4,0.75,0.6744680584013697,1.0,0.7983499466791725,0.75,0.6717151275507518,0.5,0.5891272020322169,0.5,0.6166565105383952,2
14,4,8,0.75,0.8738422107649041,0.75,0.8509667602213202,0.75,0.8509667602213202,0.625,0.8166535844059444,0.625,0.8349539448408115,2
14,4,4,0.5,0.655197542447045,0.75,0.7680677073223762,0.75,0.7075032286087838,0.25,0.5560920318248028,0.25,0.6111506488371594,2
14,4,8,0.625,0.825803764623378,0.875,0.8990052063628464,0.875,0.8990052063628464,0.625,0.7983532239710772,0.625,0.8303788547320947,2
14,4,4,0.5,0.5285627233186245,1.0,0.7983499466791725,0.75,0.6717151275507518,0.75,0.6579504732976628,0.75,0.7075032286087838,2
14,4,8,0.75,0.8601169404387538,0.75,0.8555418503300369,0.75,0.8555418503300369,0.625,0.7777653184818518,0.625,0.8052158591341524,2
14,4,4,0.5,0.6717151275507518,0.75,0.7267737445631086,0.75,0.7267737445631086,0.5,0.5615978935260385,0.5,0.6166565105383952,2
14,4,8,0.75,0.8738422107649041,1.0,0.9607689228305226,1.0,0.9607689228305226,0.75,0.8532543052756786,0.75,0.8761297558192624,2
14,4,4,0.75,0.7019973669075481,0.75,0.7075032286087838,0.75,0.7075032286087838,0.5,0.5836213403309811,0.5,0.6166565105383952,2
14,4,8,0.75,0.8738422107649041,0.75,0.8555418503300369,0.75,0.8555418503300369,0.75,0.8624044854931121,0.75,0.8715546657105457,2
14,4,4,0.25,0.5340685850198601,0.75,0.7680677073223762,0.75,0.7075032286087838,0.25,0.5560920318248028,0.25,0.6111506488371594,2
14,4,8,0.625,0.8166535844059444,0.875,0.9401810173412973,0.875,0.9401810173412973,0.75,0.8212286745146611,0.75,0.8715546657105457,2
14,4,4,0.75,0.7983499466791725,0.75,0.7625618456211405,0.75,0.7625618456211405,0.25,0.4404689360988537,0.25,0.4845158297087391,3
14,4,8,0.75,0.8921425711997711,0.75,0.9127304766889967,0.875,0.944756107450014,0.625,0.8075034041885109,0.625,0.825803764623378,3
14,4,4,0.75,0.7928440849779366,0.5,0.73778546796558,0.75,0.7983499466791725,0.25,0.5588449626754206,0.25,0.5753625477791277,3
14,4,8,0.75,0.8875674810910544,0.75,0.9081553865802799,0.75,0.9081553865802799,0.625,0.8120784942972276,0.625,0.8120784942972276,3
14,4,4,1.0,0.7983499466791725,0.75,0.6166565105383952,0.5,0.5808684094803632,0.25,0.3881632499371148,0.25,0.39917497333958624,3
14,4,8,0.875,0.896717661308488,0.625,0.8532543052756786,0.625,0.8532543052756786,0.625,0.7365895075034008,0.625,0.773190228373135,3
14,4,4,1.0,0.7928440849779366,0.5,0.5698566860778919,0.75,0.6414328881939557,0.5,0.5285627233186245,0.5,0.5340685850198601,3
14,4,8,0.625,0.9516187426130892,0.625,0.8166535844059444,0.625,0.7869154986992853,0.625,0.8532543052756786,0.625,0.866979575601829,3
14,4,4,0.75,0.7983499466791725,1.0,0.7983499466791725,1.0,0.7983499466791725,0.75,0.7983499466791725,0.75,0.7983499466791725,3
14,4,8,0.875,0.956193832721806,0.875,0.956193832721806,0.875,0.956193832721806,0.875,0.9241682019607886,0.875,0.9241682019607886,3
14,4,4,1.0,0.7873382232767009,0.5,0.586374271181599,0.5,0.5340685850198601,0.75,0.6194094413890131,0.75,0.6414328881939557,3
14,4,8,0.625,0.9424685623956557,0.75,0.8715546657105457,0.625,0.7526023228839096,0.625,0.8532543052756786,0.625,0.8624044854931121,3
14,4,4,1.0,0.7873382232767009,0.5,0.5808684094803632,0.75,0.63592702649272,0.75,0.6139035796877773,0.75,0.63592702649272,3
14,4,8,0.625,0.9150180217433551,0.75,0.8875674810910544,0.75,0.8875674810910544,0.625,0.8395290349495284,0.625,0.8578293953843953,3
14,4,4,1.0,0.7983499466791725,0.75,0.6166565105383952,0.75,0.6166565105383952,0.25,0.401927904190204,0.25,0.4129396275926753,3
14,4,8,0.875,0.9195931118520718,0.75,0.8601169404387538,0.75,0.8601169404387538,0.625,0.7457396877208343,0.625,0.7823404085905686,3
14,4,4,0.5,0.6964915052063125,0.75,0.6772209892519876,0.75,0.6772209892519876,0.5,0.6964915052063125,0.5,0.7075032286087838,4
14,4,8,1.0,0.9516187426130892,0.625,0.7937781338623605,0.625,0.7937781338623605,0.875,0.8624044854931121,0.875,0.9401810173412973,4
14,4,4,0.5,0.7267737445631086,0.5,0.7019973669075481,0.5,0.7019973669075481,0.25,0.5891272020322169,0.25,0.6001389254346882,4
14,4,8,0.875,0.9516187426130892,0.875,0.9287432920695055,0.875,0.9287432920695055,0.75,0.8829923909823376,0.75,0.9287432920695055,4
14,4,4,0.5,0.7075032286087838,0.75,0.7983499466791725,0.5,0.5808684094803632,0.25,0.6304211647914844,0.25,0.6304211647914844,4
14,4,8,0.875,0.9516187426130892,0.875,0.9241682019607886,0.875,0.9241682019607886,0.75,0.8601169404387538,0.75,0.8921425711997711,4
14,4,4,0.5,0.6964915052063125,0.75,0.6469387498951913,0.5,0.4267042818457645,0.5,0.5698566860778919,0.5,0.5808684094803632,4
14,4,8,1.0,0.9333183821782222,0.625,0.7137140569598169,0.625,0.6977012415793082,0.625,0.6313624350029151,0.625,0.6679631558726492,4
14,4,4,0.5,0.6386799573433378,0.25,0.4267042818457645,0.25,0.3606339414309364,0.0,0.22298739890004468,0.0,0.2395049840037517,4
14,4,8,0.875,0.8075034041885109,0.75,0.661100520709574,0.625,0.5375730877742211,0.5,0.22646696038148037,0.5,0.2584925911424978,4
14,4,4,0.5,0.7267737445631086,0.75,0.7983499466791725,0.5,0.73778546796558,0.25,0.5891272020322169,0.25,0.5946330637334526,4
14,4,8,0.875,0.956193832721806,0.875,0.944756107450014,0.875,0.944756107450014,0.75,0.8829923909823376,0.75,0.9287432920695055,4
14,4,4,0.5,0.6662092658495162,0.5,0.6964915052063125,0.5,0.6964915052063125,0.25,0.5891272020322169,0.25,0.6001389254346882,4
14,4,8,0.875,0.944756107450014,0.875,0.944756107450014,0.875,0.9287432920695055,0.75,0.8097909492428693,0.75,0.8509667602213202,4
14,4,4,0.5,0.6386799573433378,0.25,0.63592702649272,0.25,0.63592702649272,0.0,0.22849326060128036,0.0,0.23399912230251604,4
14,4,8,0.875,0.7640400481557014,0.875,0.8280913096777363,0.875,0.8280913096777363,0.5,0.21731678016404682,0.5,0.24019223070763066,4
14,4,4,0.75,0.7680677073223762,0.75,0.7983499466791725,0.75,0.7983499466791725,0.25,0.4955275531112104,0.25,0.5285627233186245,5
14,4,8,1.0,0.9607689228305226,1.0,0.9607689228305226,1.0,0.9607689228305226,0.625,0.6244997998398398,0.625,0.6336499800572734,5
14,4,4,0.75,0.7983499466791725,0.75,0.73778546796558,0.5,0.6772209892519876,0.5,0.517550999916153,0.5,0.5560920318248028,5
14,4,8,0.875,0.9195931118520718,1.0,0.9607689228305226,1.0,0.9607689228305226,0.625,0.7388770525577592,0.625,0.7892030437536438,5
14,4,4,0.75,0.7075032286087838,0.5,0.6414328881939557,0.5,0.6414328881939557,0.75,0.685479781803841,0.75,0.7075032286087838,5
14,4,8,0.875,0.9424685623956557,0.75,0.8761297558192624,0.75,0.8761297558192624,0.75,0.814366039351586,0.75,0.8601169404387538,5
14,4,4,0.75,0.7625618456211405,0.75,0.7983499466791725,0.75,0.7983499466791725,0.5,0.6194094413890131,0.5,0.63592702649272,5
14,4,8,0.875,0.9127304766889967,0.75,0.8189411294603027,0.75,0.8189411294603027,0.875,0.866979575601829,0.875,0.8624044854931121,5
14,4,4,0.75,0.7515501222186691,0.75,0.7983499466791725,0.75,0.7983499466791725,0.5,0.685479781803841,0.5,0.7019973669075481,5
14,4,8,0.875,0.9127304766889967,0.75,0.7754777734274934,0.75,0.7274393272859673,0.875,0.8784173008736209,0.875,0.8829923909823376,5
14,4,4,0.5,0.7212678828618728,0.5,0.6717151275507518,0.75,0.7075032286087838,0.5,0.6579504732976628,0.5,0.7019973669075481,5
14,4,8,0.875,0.9310308371238637,0.75,0.8578293953843953,0.75,0.8578293953843953,0.75,0.8807048459279793,0.75,0.8441041250582451,5
14,4,4,0.75,0.7515501222186691,0.5,0.5258097924680066,0.5,0.5258097924680066,0.5,0.685479781803841,0.5,0.7075032286087838,5
14,4,8,0.875,0.9127304766889967,0.625,0.5856115339157472,0.625,0.5856115339157472,0.75,0.7892030437536438,0.75,0.7937781338623605,5
14,4,4,0.75,0.7680677073223762,0.75,0.7983499466791725,0.75,0.7983499466791725,0.25,0.4982804839618282,0.25,0.49277462226059254,5
14,4,8,1.0,0.9516187426130892,0.875,0.8646920305474706,0.75,0.791490588808002,0.75,0.6633880657639325,0.75,0.7045638767423834,5
14,4,4,0.75,0.7019973669075481,0.5,0.63592702649272,0.5,0.63592702649272,0.5,0.6001389254346882,0.5,0.6166565105383952,6
14,4,8,0.875,0.9195931118520718,0.75,0.8875674810910544,0.75,0.8532543052756786,0.75,0.8784173008736209,0.75,0.896717661308488,6
14,4,4,0.75,0.7019973669075481,0.75,0.73778546796558,0.5,0.63592702649272,0.25,0.4735041063062677,0.25,0.4790099680075034,6
14,4,8,0.75,0.8235162195690195,0.75,0.8761297558192624,0.75,0.8006407690254356,0.625,0.7709026833187765,0.625,0.7892030437536438,6
14,4,4,0.75,0.73778546796558,0.75,0.7322796062643443,0.75,0.7322796062643443,0.5,0.5781154786297454,0.5,0.6166565105383952,6
14,4,8,0.75,0.8326663997864531,0.75,0.8509667602213202,0.625,0.7091389668511001,0.625,0.7388770525577592,0.625,0.7526023228839096,6
14,4,4,0.75,0.7019973669075481,0.75,0.7322796062643443,0.5,0.6166565105383952,0.25,0.4735041063062677,0.25,0.4790099680075034,6
14,4,8,0.75,0.8189411294603027,0.75,0.866979575601829,0.75,0.8463916701126035,0.625,0.7388770525577592,0.625,0.7846279536449269,6
14,4,4,0.75,0.7019973669075481,0.5,0.6166565105383952,0.5,0.6166565105383952,0.5,0.5478332392729494,0.5,0.586374271181599,6
14,4,8,0.75,0.8692671206561873,0.75,0.8624044854931121,0.875,0.8921425711997711,0.625,0.7709026833187765,0.625,0.7480272327751928,6
14,4,4,0.75,0.7680677073223762,0.5,0.6469387498951913,0.5,0.6469387498951913,0.75,0.685479781803841,0.75,0.7075032286087838,6
14,4,8,0.875,0.9195931118520718,0.75,0.8875674810910544,0.75,0.8875674810910544,0.75,0.8646920305474706,0.75,0.8921425711997711,6
14,4,4,0.75,0.7625618456211405,0.75,0.7983499466791725,0.75,0.7983499466791725,0.75,0.7625618456211405,0.75,0.7680677073223762,6
14,4,8,0.75,0.8646920305474706,0.875,0.9241682019607886,0.875,0.9310308371238637,0.75,0.8646920305474706,0.75,0.8692671206561873,6
14,4,4,0.75,0.6909856435050767,0.75,0.7322796062643443,0.75,0.7322796062643443,0.5,0.5478332392729494,0.5,0.586374271181599,6
14,4,8,0.75,0.8372414898951699,0.875,0.8921425711997711,0.875,0.9127304766889967,0.625,0.7709026833187765,0.625,0.7892030437536438,6
14,4,4,0.75,0.7267737445631086,0.75,0.73778546796558,0.5,0.7075032286087838,0.5,0.63592702649272,0.5,0.6469387498951913,7
14,4,8,0.875,0.926455747015147,0.75,0.9035802964715631,0.75,0.9035802964715631,0.75,0.7137140569598169,0.75,0.8326663997864531,7
14,4,4,1.0,0.7983499466791725,1.0,0.7983499466791725,1.0,0.7983499466791725,0.5,0.40743376589143965,0.5,0.4624923829037964,7
14,4,8,0.625,0.7686151382644182,1.0,0.9607689228305226,1.0,0.9607689228305226,0.5,0.7503147778295511,0.5,0.754889867938268,7
14,4,4,1.0,0.7928440849779366,0.75,0.7019973669075481,0.5,0.5395744467210958,0.5,0.520303930766771,0.5,0.520303930766771,7
14,4,8,0.875,0.9310308371238637,0.625,0.8395290349495284,0.625,0.8395290349495284,0.625,0.7411645976121176,0.625,0.7640400481557014,7
14,4,4,0.75,0.7983499466791725,1.0,0.7983499466791725,1.0,0.7983499466791725,0.5,0.6469387498951913,0.5,0.6469387498951913,7
14,4,8,0.875,0.8990052063628464,0.875,0.9287432920695055,0.875,0.9287432920695055,0.625,0.814366039351586,0.625,0.8189411294603027,7
14,4,4,1.0,0.7983499466791725,0.75,0.7680677073223762,0.75,0.7680677073223762,0.75,0.6194094413890131,0.75,0.6414328881939557,7
14,4,8,0.625,0.773190228373135,0.875,0.8829923909823376,0.625,0.7869154986992853,0.625,0.7503147778295511,0.625,0.7777653184818518,7
14,4,4,1.0,0.7928440849779366,0.5,0.7928440849779366,0.5,0.6469387498951913,0.5,0.5230568616173887,0.5,0.5560920318248028,7
14,4,8,0.875,0.9310308371238637,0.75,0.8555418503300369,0.625,0.7571774129926263,0.625,0.7869154986992853,0.625,0.8189411294603027,7
14,4,4,1.0,0.7928440849779366,0.75,0.73778546796558,0.75,0.73778546796558,0.5,0.5258097924680066,0.5,0.5643508243766563,7
14,4,8,0.75,0.8829923909823376,0.75,0.9287432920695055,0.75,0.9081553865802799,0.625,0.7251517822316089,0.625,0.7480272327751928,7
14,4,4,1.0,0.7928440849779366,0.75,0.73778546796558,0.75,0.7019973669075481,0.5,0.5533391009741849,0.5,0.5643508243766563,7
14,4,8,0.75,0.8829923909823376,0.875,0.9356059272325806,0.875,0.9356059272325806,0.625,0.7686151382644182,0.625,0.814366039351586,7
14,4,4,0.75,0.73778546796558,0.75,0.6717151275507518,0.75,0.6717151275507518,0.5,0.6414328881939557,0.5,0.6469387498951913,8
14,4,8,1.0,0.9470436525043724,1.0,0.9607689228305226,1.0,0.9607689228305226,0.875,0.926455747015147,0.875,0.944756107450014,8
14,4,4,0.75,0.7570559839199048,0.5,0.7322796062643443,0.5,0.6662092658495162,0.0,0.19821102124448414,0.0,0.20371688294571982,8
14,4,8,1.0,0.956193832721806,0.75,0.8715546657105457,0.625,0.7960656789167189,0.625,0.519272727339354,0.625,0.702276331688025,8
14,4,4,0.75,0.7075032286087838,0.5,0.63592702649272,0.5,0.63592702649272,0.5,0.6194094413890131,0.5,0.6469387498951913,8
14,4,8,1.0,0.9378934722869389,0.75,0.8601169404387538,0.75,0.8601169404387538,0.875,0.9218806569064302,0.875,0.944756107450014,8
14,4,4,0.75,0.7570559839199048,0.75,0.7680677073223762,0.75,0.7680677073223762,0.25,0.4101866967420575,0.25,0.4542335903519429,8
14,4,8,0.75,0.8280913096777363,0.875,0.9241682019607886,0.875,0.9241682019607886,0.625,0.7411645976121176,0.625,0.7777653184818518,8
14,4,4,0.75,0.7019973669075481,0.75,0.73778546796558,0.75,0.7075032286087838,0.5,0.6386799573433378,0.5,0.6662092658495162,8
14,4,8,1.0,0.9378934722869389,0.875,0.944756107450014,0.875,0.944756107450014,0.625,0.8097909492428693,0.625,0.8463916701126035,8
14,4,4,0.75,0.7019973669075481,0.75,0.7075032286087838,0.75,0.7075032286087838,0.5,0.7130090903100194,0.5,0.7625618456211405,8
14,4,8,1.0,0.9424685623956557,0.875,0.8624044854931121,0.875,0.8624044854931121,0.875,0.9218806569064302,0.875,0.944756107450014,8
14,4,4,0.75,0.7075032286087838,0.75,0.73778546796558,0.75,0.73778546796558,0.75,0.6634563349988984,0.75,0.7075032286087838,8
14,4,8,1.0,0.9378934722869389,0.875,0.944756107450014,0.875,0.944756107450014,0.5,0.7114265119054585,0.5,0.7343019624490424,8
14,4,4,1.0,0.7983499466791725,0.75,0.7680677073223762,0.75,0.7680677073223762,0.5,0.5533391009741849,0.5,0.586374271181599,8
14,4,8,0.875,0.9607689228305226,0.625,0.7709026833187765,0.625,0.8235162195690195,0.625,0.7068514217967418,0.625,0.7937781338623605,8
14,4,4,1.0,0.7873382232767009,0.75,0.7680677073223762,0.75,0.7680677073223762,0.5,0.6772209892519876,0.5,0.6717151275507518,9
14,4,8,0.875,0.9310308371238637,0.875,0.9241682019607886,0.875,0.9241682019607886,0.75,0.8807048459279793,0.75,0.8944301162541296,9
14,4,4,0.75,0.7680677073223762,0.25,0.2752930850617835,0.25,0.2752930850617835,0.25,0.36613980313217215,0.25,0.36613980313217215,9
14,4,8,0.875,0.9035802964715631,0.5,0.7068514217967418,0.625,0.702276331688025,0.5,0.6336499800572734,0.5,0.7068514217967418,9
14,4,4,0.75,0.7322796062643443,0.25,0.36613980313217215,0.5,0.586374271181599,0.25,0.36613980313217215,0.25,0.36613980313217215,9
14,4,8,0.875,0.8807048459279793,0.625,0.672538245981366,0.625,0.672538245981366,0.5,0.5009723669044869,0.5,0.6107745295136896,9
14,4,4,0.5,0.7267737445631086,0.25,0.14865826593336315,0.25,0.14865826593336315,0.25,0.3551280797297008,0.25,0.36613980313217215,9
14,4,8,0.875,0.885279936036696,0.5,0.6153496196224063,0.5,0.6153496196224063,0.5,0.5055474570132037,0.5,0.6153496196224063,9
14,4,4,1.0,0.7928440849779366,0.25,0.5395744467210958,0.5,0.4955275531112104,0.5,0.6607034041482805,0.5,0.6717151275507518,9
14,4,8,0.875,0.9310308371238637,0.625,0.8189411294603027,0.75,0.8944301162541296,0.75,0.8395290349495284,0.75,0.8944301162541296,9
14,4,4,0.75,0.7322796062643443,1.0,0.7928440849779366,1.0,0.7928440849779366,0.75,0.7019973669075481,0.75,0.7019973669075481,9
14,4,8,1.0,0.9607689228305226,1.0,0.9607689228305226,0.875,0.9287432920695055,0.875,0.8875674810910544,0.875,0.896717661308488,9
14,4,4,0.75,0.7322796062643443,1.0,0.7983499466791725,1.0,0.7983499466791725,0.75,0.6909856435050767,0.75,0.7019973669075481,9
14,4,8,1.0,0.956193832721806,1.0,0.9607689228305226,1.0,0.9607689228305226,0.875,0.8875674810910544,0.875,0.896717661308488,9
14,4,4,0.5,0.7267737445631086,0.5,0.6469387498951913,0.5,0.6469387498951913,0.25,0.36613980313217215,0.25,0.36613980313217215,9
14,4,8,1.0,0.9378934722869389,0.5,0.6862635163075163,0.625,0.7571774129926263,0.5,0.5009723669044869,0.5,0.6107745295136896,9
14,4,4,0.5,0.6964915052063125,0.5,0.7075032286087838,0.75,0.7570559839199048,0.5,0.6909856435050767,0.5,0.7075032286087838,10
14,4,8,0.875,0.8646920305474706,0.875,0.9195931118520718,0.75,0.8944301162541296,0.875,0.8921425711997711,0.875,0.9241682019607886,10
14,4,4,0.5,0.6001389254346882,0.5,0.73778546796558,0.5,0.73778546796558,0.25,0.5698566860778919,0.25,0.5698566860778919,10
14,4,8,0.875,0.9058678415259215,0.875,0.9081553865802799,0.75,0.8463916701126035,0.75,0.7709026833187765,0.75,0.7754777734274934,10
14,4,4,0.5,0.6964915052063125,0.5,0.7075032286087838,0.5,0.7075032286087838,0.5,0.7075032286087838,0.5,0.7075032286087838,10
14,4,8,0.875,0.8784173008736209,0.625,0.8097909492428693,0.875,0.8990052063628464,0.875,0.8921425711997711,0.875,0.9241682019607886,10
14,4,4,0.5,0.6964915052063125,0.5,0.7075032286087838,0.5,0.7075032286087838,0.5,0.7075032286087838,0.5,0.7075032286087838,10
14,4,8,0.875,0.8738422107649041,0.875,0.9241682019607886,0.875,0.9241682019607886,0.75,0.8280913096777363,0.75,0.8326663997864531,10
14,4,4,0.5,0.7075032286087838,0.5,0.7075032286087838,0.5,0.7075032286087838,0.5,0.6662092658495162,0.5,0.6662092658495162,10
14,4,8,0.875,0.8601169404387538,0.75,0.8715546657105457,0.875,0.9241682019607886,0.75,0.8075034041885109,0.75,0.8212286745146611,10
14,4,4,0.5,0.6964915052063125,0.75,0.73778546796558,0.75,0.7680677073223762,0.5,0.6772209892519876,0.5,0.6772209892519876,10
14,4,8,0.875,0.8738422107649041,0.875,0.8944301162541296,0.875,0.8944301162541296,0.875,0.8784173008736209,0.875,0.9241682019607886,10
14,4,4,0.5,0.6964915052063125,0.5,0.7075032286087838,0.5,0.7075032286087838,0.5,0.6607034041482805,0.5,0.6772209892519876,10
14,4,8,0.875,0.8738422107649041,0.875,0.9195931118520718,0.875,0.9195931118520718,0.875,0.8784173008736209,0.875,0.9241682019607886,10
14,4,4,0.5,0.6964915052063125,0.5,0.7075032286087838,0.75,0.7680677073223762,0.5,0.6496916807458092,0.5,0.6662092658495162,10
14,4,8,0.875,0.8738422107649041,0.75,0.9035802964715631,0.875,0.9195931118520718,0.875,0.8921425711997711,0.875,0.9241682019607886,10
14,4,4,0.5,0.6964915052063125,0.75,0.7983499466791725,0.75,0.7983499466791725,0.5,0.7019973669075481,0.5,0.7019973669075481,11
14,4,8,1.0,0.956193832721806,0.75,0.9081553865802799,0.625,0.8715546657105457,0.75,0.8944301162541296,0.75,0.9081553865802799,11
14,4,4,0.75,0.7019973669075481,0.75,0.6469387498951913,0.5,0.6111506488371594,0.5,0.520303930766771,0.5,0.520303930766771,11
14,4,8,0.75,0.8784173008736209,0.75,0.8761297558192624,0.75,0.8761297558192624,0.5,0.7457396877208343,0.5,0.8189411294603027,11
14,4,4,0.75,0.7928440849779366,0.75,0.7983499466791725,0.75,0.7983499466791725,0.0,0.2395049840037517,0.0,0.05781154786297455,11
14,4,8,0.75,0.8738422107649041,0.875,0.9287432920695055,0.875,0.9287432920695055,0.625,0.7182891470685338,0.625,0.7686151382644182,11
14,4,4,0.75,0.7515501222186691,0.75,0.73778546796558,0.5,0.7019973669075481,0.25,0.3964220424889683,0.25,0.3964220424889683,11
14,4,8,1.0,0.9378934722869389,0.75,0.8509667602213202,0.75,0.8509667602213202,0.625,0.649662795437782,0.625,0.814366039351586,11
14,4,4,0.75,0.7570559839199048,0.5,0.5450803084223315,0.5,0.5450803084223315,0.25,0.3964220424889683,0.25,0.3964220424889683,11
14,4,8,0.875,0.9401810173412973,0.875,0.9127304766889967,0.75,0.9081553865802799,0.5,0.6359375251116318,0.5,0.6908386064162331,11
14,4,4,0.75,0.6992444360569302,0.75,0.7680677073223762,0.75,0.7680677073223762,0.5,0.5781154786297454,0.5,0.5836213403309811,11
14,4,8,0.75,0.8738422107649041,0.75,0.8418165800038867,0.75,0.8418165800038867,0.625,0.7892030437536438,0.625,0.8212286745146611,11
14,4,4,0.5,0.6304211647914844,0.75,0.7680677073223762,0.75,0.7680677073223762,0.25,0.3964220424889683,0.25,0.3964220424889683,11
14,4,8,0.875,0.9287432920695055,0.75,0.9035802964715631,0.75,0.9035802964715631,0.5,0.5695987185352385,0.5,0.5695987185352385,11
14,4,4,0.75,0.7019973669075481,0.5,0.7075032286087838,0.5,0.5560920318248028,0.5,0.520303930766771,0.5,0.520303930766771,11
14,4,8,0.625,0.7892030437536438,0.75,0.8761297558192624,0.75,0.8921425711997711,0.5,0.7503147778295511,0.5,0.8189411294603027,11
14,4,4,1.0,0.7928440849779366,0.75,0.6772209892519876,0.75,0.6772209892519876,0.75,0.6772209892519876,0.75,0.6772209892519876,12
14,4,8,0.75,0.9287432920695055,0.875,0.9241682019607886,0.875,0.9241682019607886,0.75,0.9150180217433551,0.75,0.9287432920695055,12
14,4,4,0.5,0.7212678828618728,0.75,0.7680677073223762,0.75,0.7680677073223762,0.5,0.7267737445631086,0.5,0.73778546796558,12
14,4,8,0.875,0.9401810173412973,1.0,0.9607689228305226,1.0,0.9607689228305226,1.0,0.9516187426130892,1.0,0.9607689228305226,12
14,4,4,1.0,0.7983499466791725,0.75,0.7267737445631086,0.75,0.7267737445631086,0.5,0.6111506488371594,0.5,0.6056447871359238,12
14,4,8,0.875,0.944756107450014,0.875,0.9081553865802799,0.75,0.8052158591341524,0.75,0.8326663997864531,0.75,0.8189411294603027,12
14,4,4,0.75,0.7928440849779366,0.5,0.6056447871359238,0.5,0.6056447871359238,0.5,0.6111506488371594,0.5,0.6056447871359238,12
14,4,8,0.875,0.9241682019607886,0.75,0.8829923909823376,0.75,0.8829923909823376,0.625,0.7617525031013431,0.625,0.7937781338623605,12
14,4,4,1.0,0.7928440849779366,1.0,0.7983499466791725,0.75,0.73778546796558,0.5,0.3551280797297008,0.5,0.3606339414309364,12
14,4,8,1.0,0.9607689228305226,0.625,0.8189411294603027,0.625,0.8189411294603027,0.625,0.7571774129926263,0.625,0.8395290349495284,12
14,4,4,0.75,0.7928440849779366,0.75,0.7625618456211405,0.75,0.7625618456211405,0.75,0.7928440849779366,0.75,0.7983499466791725,12
14,4,8,0.75,0.9081553865802799,0.875,0.944756107450014,0.875,0.9287432920695055,0.75,0.866979575601829,0.75,0.8715546657105457,12
14,4,4,0.75,0.7928440849779366,0.75,0.7983499466791725,0.75,0.7983499466791725,0.5,0.7267737445631086,0.5,0.73778546796558,12
14,4,8,0.875,0.9218806569064302,0.875,0.896717661308488,0.875,0.896717661308488,0.875,0.9218806569064302,0.875,0.944756107450014,12
14,4,4,1.0,0.7928440849779366,0.5,0.45973945205317857,0.5,0.45973945205317857,0.5,0.6111506488371594,0.5,0.6111506488371594,12
14,4,8,1.0,0.9607689228305226,0.75,0.8646920305474706,0.75,0.8646920305474706,0.625,0.7480272327751928,0.625,0.7937781338623605,12
14,4,4,0.75,0.7983499466791725,0.75,0.7680677073223762,0.75,0.7680677073223762,0.5,0.6469387498951913,0.5,0.6469387498951913,13
14,4,8,0.75,0.866979575601829,0.75,0.9081553865802799,0.75,0.9081553865802799,0.75,0.8715546657105457,0.75,0.8715546657105457,13
14,4,4,0.75,0.7873382232767009,0.75,0.6111506488371594,0.75,0.6111506488371594,0.5,0.5781154786297454,0.5,0.6111506488371594,13
14,4,8,1.0,0.956193832721806,0.75,0.7846279536449269,0.75,0.7846279536449269,0.75,0.8075034041885109,0.75,0.8715546657105457,13
14,4,4,0.75,0.7983499466791725,0.75,0.6772209892519876,0.5,0.6469387498951913,0.5,0.6469387498951913,0.5,0.6469387498951913,13
14,4,8,0.875,0.9081553865802799,0.75,0.9081553865802799,0.75,0.8875674810910544,0.625,0.8532543052756786,0.625,0.8944301162541296,13
14,4,4,0.5,0.7570559839199048,0.75,0.6772209892519876,0.75,0.6772209892519876,0.5,0.6469387498951913,0.5,0.6469387498951913,13
14,4,8,0.625,0.8166535844059444,0.875,0.9287432920695055,0.875,0.9287432920695055,0.75,0.8624044854931121,0.75,0.866979575601829,13
14,4,4,0.75,0.73778546796558,0.75,0.6772209892519876,0.75,0.6772209892519876,0.5,0.6469387498951913,0.5,0.6469387498951913,13
14,4,8,0.625,0.8166535844059444,0.75,0.944756107450014,0.75,0.8829923909823376,0.625,0.7709026833187765,0.625,0.8212286745146611,13
14,4,4,0.75,0.7983499466791725,1.0,0.7983499466791725,1.0,0.7983499466791725,0.5,0.6469387498951913,0.5,0.6469387498951913,13
14,4,8,0.75,0.8555418503300369,0.875,0.9287432920695055,0.875,0.9287432920695055,0.625,0.8189411294603027,0.625,0.8326663997864531,13
14,4,4,0.75,0.73778546796558,0.75,0.6772209892519876,0.75,0.6772209892519876,0.5,0.6469387498951913,0.5,0.6469387498951913,13
14,4,8,0.875,0.9081553865802799,0.875,0.9287432920695055,0.875,0.9287432920695055,0.75,0.8624044854931121,0.75,0.8715546657105457,13
14,4,4,0.5,0.7570559839199048,0.75,0.6772209892519876,0.75,0.6772209892519876,0.5,0.6469387498951913,0.5,0.6469387498951913,13
14,4,8,0.75,0.8463916701126035,0.875,0.9287432920695055,0.75,0.8875674810910544,0.625,0.8189411294603027,0.625,0.8326663997864531,13
14,4,4,0.25,0.4982804839618282,0.75,0.7625618456211405,0.75,0.7625618456211405,0.25,0.37715152653464346,0.25,0.4267042818457645,14
14,4,8,0.875,0.8212286745146611,0.75,0.8532543052756786,0.75,0.8235162195690195,0.625,0.6450877053290653,0.625,0.7686151382644182,14
14,4,4,1.0,0.7928440849779366,0.5,0.5450803084223315,0.25,0.3881632499371148,0.75,0.7680677073223762,0.75,0.7680677073223762,14
14,4,8,0.75,0.9127304766889967,0.75,0.791490588808002,0.625,0.7274393272859673,0.75,0.7777653184818518,0.75,0.8509667602213202,14
14,4,4,1.0,0.7928440849779366,0.5,0.4735041063062677,0.25,0.5092922073642996,0.75,0.7680677073223762,0.75,0.7680677073223762,14
14,4,8,0.75,0.9127304766889967,0.75,0.7594649580469847,0.625,0.6816884261987994,0.75,0.8097909492428693,0.75,0.8509667602213202,14
14,4,4,1.0,0.7928440849779366,0.25,0.2752930850617835,0.25,0.2395049840037517,0.75,0.7680677073223762,0.75,0.7680677073223762,14
14,4,8,0.75,0.9127304766889967,0.625,0.8006407690254356,0.625,0.7365895075034008,0.75,0.896717661308488,0.75,0.896717661308488,14
14,4,4,1.0,0.7928440849779366,0.75,0.7680677073223762,0.75,0.7680677073223762,0.75,0.7680677073223762,0.75,0.7680677073223762,14
14,4,8,0.875,0.9401810173412973,0.75,0.8052158591341524,0.75,0.8829923909823376,0.625,0.7251517822316089,0.625,0.7434521426664759,14
14,4,4,0.5,0.7322796062643443,0.75,0.6662092658495162,0.75,0.6662092658495162,0.0,0.2477637765556052,0.0,0.2587754999580765,14
14,4,8,0.875,0.9081553865802799,1.0,0.9470436525043724,0.875,0.8990052063628464,0.625,0.6450877053290653,0.625,0.6633880657639325,14
14,4,4,0.5,0.7075032286087838,0.75,0.7680677073223762,0.75,0.7680677073223762,0.0,0.2697872233605479,0.0,0.2752930850617835,14
14,4,8,0.75,0.7686151382644182,0.75,0.8578293953843953,0.75,0.8578293953843953,0.625,0.5878990789701056,0.625,0.6656756108182909,14
14,4,4,0.5,0.6166565105383952,0.75,0.7680677073223762,0.75,0.7680677073223762,0.25,0.37715152653464346,0.25,0.4322101435470002,14
14,4,8,0.75,0.814366039351586,0.75,0.8624044854931121,0.75,0.8624044854931121,0.625,0.7091389668511001,0.625,0.7686151382644182,14
14,4,4,0.5,0.7267737445631086,0.25,0.6001389254346882,0.5,0.7075032286087838,0.25,0.6001389254346882,0.25,0.6001389254346882,15
14,4,8,0.75,0.9287432920695055,0.625,0.8555418503300369,0.625,0.8555418503300369,0.5,0.7297268723403256,0.5,0.7983532239710772,15
14,4,4,0.5,0.7267737445631086,0.5,0.7983499466791725,0.5,0.7983499466791725,0.25,0.6414328881939557,0.25,0.63592702649272,15
14,4,8,0.75,0.9241682019607886,0.875,0.9607689228305226,0.875,0.9607689228305226,0.625,0.7937781338623605,0.625,0.8349539448408115,15
14,4,4,0.5,0.7322796062643443,0.0,0.4872687605593569,0.25,0.6304211647914844,0.25,0.6414328881939557,0.25,0.6414328881939557,15
14,4,8,0.75,0.9241682019607886,0.625,0.8212286745146611,0.625,0.8212286745146611,0.5,0.7754777734274934,0.5,0.7983532239710772,15
14,4,4,0.5,0.7267737445631086,0.0,0.3386104946259938,0.25,0.39091618078773266,0.25,0.6414328881939557,0.25,0.6414328881939557,15
14,4,8,0.75,0.9287432920695055,0.5,0.8052158591341524,0.5,0.8052158591341524,0.5,0.7297268723403256,0.5,0.7892030437536438,15
14,4,4,0.75,0.7928440849779366,0.75,0.7928440849779366,0.75,0.7625618456211405,0.5,0.6909856435050767,0.5,0.7019973669075481,15
14,4,8,0.75,0.8829923909823376,0.875,0.9607689228305226,0.875,0.944756107450014,0.625,0.8829923909823376,0.625,0.8921425711997711,15
14,4,4,1.0,0.7818323615754653,0.75,0.7983499466791725,0.75,0.7075032286087838,0.5,0.5808684094803632,0.5,0.5808684094803632,15
14,4,8,0.75,0.9081553865802799,0.75,0.9081553865802799,0.75,0.9081553865802799,0.625,0.8280913096777363,0.625,0.8921425711997711,15
14,4,4,0.5,0.7267737445631086,0.5,0.7983499466791725,0.5,0.7983499466791725,0.25,0.6056447871359238,0.25,0.6056447871359238,15
14,4,8,0.75,0.9150180217433551,0.875,0.9607689228305226,0.875,0.9607689228305226,0.5,0.7800528635362102,0.5,0.7983532239710772,15
14,4,4,0.75,0.7928440849779366,1.0,0.7983499466791725,0.75,0.6607034041482805,0.5,0.6909856435050767,0.5,0.7019973669075481,15
14,4,8,0.75,0.8829923909823376,0.875,0.944756107450014,0.875,0.944756107450014,0.625,0.8418165800038867,0.625,0.8555418503300369,15
14,4,4,0.75,0.7928440849779366,0.75,0.7625618456211405,0.75,0.7625618456211405,0.75,0.7322796062643443,0.75,0.73778546796558,16
14,4,8,1.0,0.956193832721806,0.75,0.9035802964715631,0.75,0.9035802964715631,0.75,0.8990052063628464,0.75,0.9035802964715631,16
14,4,4,1.0,0.7653147764717583,0.75,0.7680677073223762,0.75,0.7680677073223762,0.75,0.5092922073642996,0.75,0.5147980690655353,16
14,4,8,0.625,0.7754777734274934,0.75,0.8761297558192624,0.625,0.773190228373135,0.5,0.4620841009803943,0.5,0.5444357229372963,16
14,4,4,0.75,0.7928440849779366,0.75,0.7625618456211405,0.5,0.6414328881939557,0.75,0.7322796062643443,0.75,0.7322796062643443,16
14,4,8,1.0,0.9378934722869389,0.75,0.956193832721806,0.75,0.9035802964715631,0.875,0.9058678415259215,0.875,0.9241682019607886,16
14,4,4,0.75,0.7075032286087838,0.75,0.6772209892519876,0.75,0.6772209892519876,0.5,0.5671037552272742,0.5,0.6001389254346882,16
14,4,8,0.75,0.8532543052756786,0.625,0.8395290349495284,0.625,0.8807048459279793,0.625,0.7297268723403256,0.625,0.7160016020141753,16
14,4,4,0.75,0.7322796062643443,0.75,0.6111506488371594,0.5,0.550586170123567,0.25,0.4432218669494715,0.25,0.4542335903519429,16
14,4,8,0.875,0.8784173008736209,0.75,0.8601169404387538,0.75,0.8601169404387538,0.75,0.6702507009270076,0.75,0.7251517822316089,16
14,4,4,0.75,0.7075032286087838,0.75,0.7680677073223762,0.75,0.7680677073223762,0.5,0.5340685850198601,0.5,0.6001389254346882,16
14,4,8,0.75,0.8532543052756786,0.625,0.7640400481557014,0.625,0.7640400481557014,0.625,0.6977012415793082,0.625,0.7434521426664759,16
14,4,4,0.75,0.7680677073223762,0.5,0.4955275531112104,0.5,0.5643508243766563,0.75,0.6386799573433378,0.75,0.6717151275507518,16
14,4,8,0.875,0.9195931118520718,0.875,0.9287432920695055,0.875,0.9287432920695055,0.75,0.8829923909823376,0.75,0.8921425711997711,16
14,4,4,0.75,0.7322796062643443,0.75,0.73778546796558,0.75,0.73778546796558,0.75,0.7322796062643443,0.75,0.73778546796558,16
14,4,8,1.0,0.9424685623956557,0.75,0.9035802964715631,0.75,0.9081553865802799,0.75,0.885279936036696,0.75,0.9035802964715631,16
14,4,4,0.5,0.73778546796558,1.0,0.7983499466791725,0.75,0.6469387498951913,0.5,0.6414328881939557,0.5,0.6414328881939557,17
14,4,8,0.75,0.8418165800038867,0.75,0.8898550261454127,0.875,0.9081553865802799,0.75,0.802928314079794,0.75,0.7983532239710772,17
14,4,4,0.5,0.6496916807458092,0.75,0.7267737445631086,0.75,0.7267737445631086,0.25,0.07983499466791723,0.25,0.07432913296668157,17
14,4,8,0.75,0.6679631558726492,0.75,0.8578293953843953,0.75,0.8578293953843953,0.5,0.11437725271791939,0.5,0.17842851423995423,17
14,4,4,0.75,0.7019973669075481,0.5,0.6662092658495162,0.5,0.7075032286087838,0.25,0.4735041063062677,0.25,0.4845158297087391,17
14,4,8,0.75,0.8624044854931121,1.0,0.9516187426130892,1.0,0.9516187426130892,0.625,0.7160016020141753,0.625,0.7709026833187765,17
14,4,4,0.75,0.6909856435050767,0.5,0.6662092658495162,0.5,0.6662092658495162,0.25,0.44597479780008936,0.25,0.4624923829037964,17
14,4,8,0.75,0.8807048459279793,1.0,0.9607689228305226,1.0,0.9607689228305226,0.625,0.7160016020141753,0.625,0.7663275932100598,17
14,4,4,0.5,0.5808684094803632,0.25,0.1871992978420128,0.25,0.1871992978420128,0.0,-0.15691705848521664,0.0,-0.11837602657656693,17
14,4,8,0.625,0.44607128559988557,0.5,0.6107745295136896,0.625,0.5993368042418975,0.5,0.0754889867938268,0.5,0.19444132962046295,17
14,4,4,0.5,0.73778546796558,1.0,0.7983499466791725,0.75,0.6469387498951913,0.5,0.6414328881939557,0.5,0.6414328881939557,17
14,4,8,0.875,0.9104429316346382,0.875,0.9310308371238637,0.625,0.773190228373135,0.875,0.866979575601829,0.875,0.9081553865802799,17
14,4,4,0.5,0.6249153030902487,0.25,0.1871992978420128,0.5,0.4542335903519429,0.0,-0.15691705848521664,0.0,-0.11837602657656693,17
14,4,8,0.625,0.48953464163269494,0.625,0.7434521426664759,0.625,0.7434521426664759,0.5,0.112089707663561,0.5,0.19901641972917972,17
14,4,4,0.75,0.7680677073223762,1.0,0.7983499466791725,0.75,0.6469387498951913,0.5,0.7019973669075481,0.5,0.6909856435050767,17
14,4,8,0.75,0.8463916701126035,0.75,0.8715546657105457,0.625,0.7983532239710772,0.75,0.8075034041885109,0.75,0.7800528635362102,17
14,4,4,0.75,0.7047502977581659,0.75,0.7680677073223762,0.75,0.7680677073223762,0.5,0.6607034041482805,0.5,0.6662092658495162,18
14,4,8,0.875,0.9470436525043724,0.875,0.9607689228305226,0.875,0.9607689228305226,0.625,0.6313624350029151,0.625,0.8052158591341524,18
14,4,4,0.75,0.7680677073223762,0.75,0.7680677073223762,0.75,0.7680677073223762,0.5,0.5230568616173887,0.5,0.5395744467210958,18
14,4,8,0.875,0.8441041250582451,0.875,0.944756107450014,0.875,0.8532543052756786,0.75,0.8418165800038867,0.75,0.8509667602213202,18
14,4,4,0.75,0.7322796062643443,0.5,0.5147980690655353,0.75,0.6717151275507518,0.5,0.5533391009741849,0.5,0.5643508243766563,18
14,4,8,0.875,0.9401810173412973,0.75,0.8395290349495284,0.75,0.8601169404387538,0.75,0.7571774129926263,0.75,0.8715546657105457,18
14,4,4,0.75,0.6744680584013697,0.75,0.7680677073223762,1.0,0.7928440849779366,0.25,0.5395744467210958,0.25,0.5395744467210958,18
14,4,8,0.875,0.9470436525043724,1.0,0.956193832721806,1.0,0.956193832721806,0.625,0.7823404085905686,0.625,0.8052158591341524,18
14,4,4,0.75,0.73778546796558,0.5,0.7322796062643443,0.5,0.7322796062643443,0.5,0.4624923829037964,0.5,0.5395744467210958,18
14,4,8,0.875,0.8875674810910544,0.875,0.9607689228305226,0.875,0.9287432920695055,0.75,0.8372414898951699,0.75,0.8509667602213202,18
14,4,4,0.75,0.6744680584013697,0.5,0.7019973669075481,0.5,0.7019973669075481,0.25,0.4624923829037964,0.25,0.4624923829037964,18
14,4,8,0.875,0.9424685623956557,0.875,0.9081553865802799,0.875,0.9127304766889967,0.625,0.7823404085905686,0.625,0.8052158591341524,18
14,4,4,0.75,0.6744680584013697,0.75,0.6909856435050767,0.75,0.6909856435050767,0.25,0.5230568616173887,0.25,0.401927904190204,18
14,4,8,0.875,0.9470436525043724,1.0,0.956193832721806,0.875,0.9241682019607886,0.625,0.7640400481557014,0.625,0.8052158591341524,18
14,4,4,0.75,0.7212678828618728,0.5,0.6414328881939557,0.5,0.6414328881939557,0.25,0.35237514887908294,0.25,0.35237514887908294,18
14,4,8,0.75,0.8532543052756786,0.875,0.9607689228305226,0.875,0.9607689228305226,0.625,0.7434521426664759,0.625,0.7937781338623605,18
14,4,4,0.75,0.7625618456211405,0.5,0.6717151275507518,0.5,0.6717151275507518,0.5,0.5065392765136818,0.5,0.5340685850198601,19
14,4,8,0.875,0.956193832721806,0.75,0.8761297558192624,0.875,0.9287432920695055,0.625,0.7182891470685338,0.625,0.732014417394684,19
14,4,4,0.75,0.7983499466791725,0.75,0.7983499466791725,0.75,0.7983499466791725,0.5,0.4679982446050321,0.5,0.5340685850198601,19
14,4,8,0.875,0.9195931118520718,0.75,0.8509667602213202,0.75,0.8509667602213202,0.625,0.7686151382644182,0.625,0.8189411294603027,19
14,4,4,0.5,0.7019973669075481,0.75,0.73778546796558,0.75,0.73778546796558,0.25,0.4377160052482359,0.25,0.4487277286507072,19
14,4,8,0.875,0.9516187426130892,0.75,0.9081553865802799,0.75,0.9081553865802799,0.625,0.6748257910357243,0.625,0.7251517822316089,19
14,4,4,0.75,0.7983499466791725,0.75,0.6469387498951913,0.75,0.6469387498951913,0.25,0.4129396275926753,0.25,0.4239513509951467,19
14,4,8,0.875,0.9356059272325806,0.75,0.8875674810910544,0.75,0.8875674810910544,0.625,0.732014417394684,0.625,0.732014417394684,19
14,4,4,0.75,0.7680677073223762,0.75,0.73778546796558,0.75,0.6772209892519876,0.5,0.6304211647914844,0.5,0.6414328881939557,19
14,4,8,1.0,0.956193832721806,0.875,0.944756107450014,0.875,0.944756107450014,0.75,0.814366039351586,0.75,0.8463916701126035,19
14,4,4,0.75,0.7983499466791725,0.5,0.5037863456630639,0.25,0.2560225691074587,0.5,0.4679982446050321,0.5,0.4955275531112104,19
14,4,8,0.875,0.9241682019607886,0.5,0.6839759712531579,0.5,0.6588129756552156,0.625,0.732014417394684,0.625,0.7365895075034008,19
14,4,4,0.75,0.7350325371149622,0.5,0.6909856435050767,0.5,0.7019973669075481,0.5,0.4900216914099748,0.5,0.5340685850198601,19
14,4,8,0.875,0.9241682019607886,0.625,0.7091389668511001,0.625,0.7091389668511001,0.625,0.6039118943506144,0.625,0.7365895075034008,19
14,4,4,0.75,0.7212678828618728,0.5,0.6772209892519876,0.5,0.6772209892519876,0.25,0.48176289885812124,0.25,0.5037863456630639,19
14,4,8,0.875,0.9378934722869389,0.75,0.9287432920695055,0.75,0.8829923909823376,0.5,0.7091389668511001,0.5,0.7228642371772505,19
14,5,4,0.5,0.655197542447045,0.5,0.6469387498951913,0.5,0.6469387498951913,0.5,0.4845158297087391,0.5,0.5285627233186245,0
14,5,8,0.875,0.9356059272325806,0.75,0.8555418503300369,0.625,0.7960656789167189,0.75,0.7960656789167189,0.75,0.896717661308488,0
14,5,4,1.0,0.7928440849779366,0.5,0.6249153030902487,0.5,0.5808684094803632,0.5,0.3964220424889683,0.5,0.4900216914099748,0
14,5,8,0.75,0.8280913096777363,0.875,0.9287432920695055,0.875,0.9287432920695055,0.625,0.5009723669044869,0.625,0.6290748899485565,0
14,5,4,0.5,0.6607034041482805,0.75,0.6772209892519876,0.75,0.73778546796558,0.5,0.4845158297087391,0.5,0.5285627233186245,0
14,5,8,0.875,0.8944301162541296,0.75,0.8921425711997711,0.75,0.8921425711997711,0.5,0.6473752503834237,0.5,0.6428001602747069,0
14,5,4,0.75,0.6772209892519876,0.75,0.73778546796558,0.5,0.63592702649272,0.25,0.3055753244185797,0.25,0.31108118611981544,0
14,5,8,0.625,0.773190228373135,0.75,0.8555418503300369,0.75,0.8555418503300369,0.5,0.6153496196224063,0.5,0.6839759712531579,0
14,5,4,0.75,0.7075032286087838,0.5,0.6772209892519876,0.75,0.73778546796558,0.5,0.5698566860778919,0.5,0.586374271181599,0
14,5,8,0.75,0.8692671206561873,0.75,0.8555418503300369,0.75,0.7892030437536438,0.75,0.8052158591341524,0.75,0.8829923909823376,0
14,5,4,0.5,0.6304211647914844,0.75,0.7075032286087838,0.5,0.6607034041482805,0.25,0.3055753244185797,0.25,0.31108118611981544,0
14,5,8,0.625,0.7823404085905686,0.875,0.9241682019607886,0.625,0.814366039351586,0.5,0.6336499800572734,0.5,0.7251517822316089,0
14,5,4,0.75,0.6744680584013697,0.75,0.6717151275507518,0.75,0.7267737445631086,0.5,0.49277462226059254,0.5,0.49277462226059254,0
14,5,8,0.875,0.8807048459279793,0.875,0.956193832721806,0.875,0.956193832721806,0.625,0.6999887866336667,0.625,0.7274393272859673,0
14,5,4,0.75,0.6744680584013697,0.75,0.6717151275507518,0.75,0.6717151275507518,0.5,0.3964220424889683,0.5,0.3964220424889683,0
14,5,8,0.75,0.8326663997864531,0.875,0.9241682019607886,0.75,0.8509667602213202,0.625,0.7228642371772505,0.625,0.8189411294603027,0
14,5,4,0.75,0.7680677073223762,0.75,0.7983499466791725,1.0,0.7928440849779366,0.5,0.6607034041482805,0.5,0.4900216914099748,1
14,5,8,0.875,0.926455747015147,0.75,0.9401810173412973,0.75,0.9401810173412973,0.75,0.8738422107649041,0.75,0.8875674810910544,1
14,5,4,0.75,0.7680677073223762,0.5,0.6414328881939557,0.75,0.73778546796558,0.5,0.6607034041482805,0.5,0.6717151275507518,1
14,5,8,0.875,0.926455747015147,0.875,0.8990052063628464,0.875,0.8990052063628464,0.75,0.8601169404387538,0.75,0.8921425711997711,1
14,5,4,0.75,0.6964915052063125,1.0,0.7983499466791725,1.0,0.7983499466791725,0.25,0.44597479780008936,0.25,0.4569865212025607,1
14,5,8,0.875,0.9218806569064302,0.75,0.9081553865802799,0.75,0.944756107450014,0.75,0.8189411294603027,0.75,0.8921425711997711,1
14,5,4,0.75,0.7102561594594016,0.5,0.3633868722815543,0.5,0.3633868722815543,0.25,0.36613980313217215,0.25,0.37164566483340783,1
14,5,8,0.875,0.9241682019607886,0.625,0.7045638767423834,0.75,0.8944301162541296,0.875,0.7800528635362102,0.875,0.944756107450014,1
14,5,4,0.5,0.7019973669075481,1.0,0.7983499466791725,0.75,0.7625618456211405,0.0,-0.16517585103707014,0.0,-0.11011723402471342,1
14,5,8,0.75,0.8303788547320947,0.625,0.8235162195690195,0.625,0.8235162195690195,0.375,0.448358830654244,0.375,0.5627360833721634,1
14,5,4,0.75,0.6799739201026054,0.25,0.31658704782105107,0.5,0.5340685850198601,0.25,0.3193399786716689,0.25,0.3468692871778473,1
14,5,8,0.75,0.8944301162541296,0.5,0.7182891470685338,0.5,0.7182891470685338,0.5,0.619924709731123,0.5,0.7434521426664759,1
14,5,4,0.5,0.73778546796558,0.5,0.6056447871359238,0.5,0.5340685850198601,0.5,0.6772209892519876,0.5,0.6772209892519876,1
14,5,8,0.75,0.8441041250582451,0.75,0.8189411294603027,0.75,0.8784173008736209,0.625,0.7777653184818518,0.625,0.8006407690254356,1
14,5,4,0.75,0.7625618456211405,0.5,0.5643508243766563,0.5,0.5643508243766563,0.25,0.4156925584432932,0.25,0.42119842014452885,1
14,5,8,0.875,0.9241682019607886,0.75,0.896717661308488,0.75,0.8990052063628464,0.875,0.8349539448408115,0.875,0.944756107450014,1
14,5,4,0.75,0.7322796062643443,0.75,0.7570559839199048,1.0,0.7983499466791725,0.5,0.5808684094803632,0.5,0.5808684094803632,2
14,5,8,0.875,0.9104429316346382,0.875,0.9081553865802799,0.75,0.8601169404387538,0.75,0.8555418503300369,0.75,0.8921425711997711,2
14,5,4,0.75,0.7570559839199048,0.5,0.5533391009741849,0.5,0.6056447871359238,0.25,0.49277462226059254,0.25,0.5258097924680066,2
14,5,8,0.75,0.8578293953843953,0.75,0.8761297558192624,0.75,0.8829923909823376,0.625,0.6748257910357243,0.625,0.7480272327751928,2
14,5,4,0.75,0.7515501222186691,0.75,0.7322796062643443,0.75,0.7680677073223762,0.5,0.5753625477791277,0.5,0.5753625477791277,2
14,5,8,0.75,0.9241682019607886,1.0,0.9607689228305226,1.0,0.9607689228305226,0.75,0.8921425711997711,0.75,0.896717661308488,2
14,5,4,0.75,0.7570559839199048,0.5,0.5340685850198601,0.5,0.6166565105383952,0.25,0.5147980690655353,0.25,0.5808684094803632,2
14,5,8,1.0,0.9516187426130892,0.75,0.8875674810910544,0.625,0.8189411294603027,0.875,0.8418165800038867,0.875,0.896717661308488,2
14,5,4,0.5,0.6662092658495162,1.0,0.7928440849779366,1.0,0.7928440849779366,0.5,0.5588449626754206,0.5,0.5698566860778919,2
14,5,8,0.875,0.8738422107649041,0.875,0.9241682019607886,0.75,0.8715546657105457,0.625,0.5924741690788223,0.625,0.7343019624490424,2
14,5,4,0.75,0.7625618456211405,0.5,0.7322796062643443,0.5,0.7322796062643443,0.75,0.7928440849779366,0.75,0.7928440849779366,2
14,5,8,0.75,0.9150180217433551,0.625,0.7937781338623605,0.75,0.8189411294603027,0.625,0.8601169404387538,0.625,0.8601169404387538,2
14,5,4,0.5,0.6469387498951913,0.5,0.45973945205317857,0.5,0.4955275531112104,0.25,0.18995222869263068,0.25,0.18995222869263068,2
14,5,8,0.75,0.8829923909823376,0.625,0.8212286745146611,0.625,0.802928314079794,0.625,0.6977012415793082,0.625,0.7571774129926263,2
14,5,4,0.75,0.7515501222186691,0.5,0.5643508243766563,0.5,0.5643508243766563,0.25,0.49277462226059254,0.25,0.5258097924680066,2
14,5,8,0.75,0.8601169404387538,0.75,0.8807048459279793,0.75,0.8807048459279793,0.625,0.6336499800572734,0.625,0.7480272327751928,2
14,5,4,0.75,0.6964915052063125,0.5,0.4900216914099748,0.5,0.4900216914099748,0.5,0.5698566860778919,0.5,0.5643508243766563,3
14,5,8,0.875,0.8646920305474706,0.75,0.8807048459279793,0.75,0.8807048459279793,0.625,0.6977012415793082,0.625,0.7434521426664759,3
14,5,4,0.5,0.7267737445631086,0.75,0.7075032286087838,0.75,0.7075032286087838,0.25,0.6386799573433378,0.25,0.655197542447045,3
14,5,8,0.875,0.9218806569064302,0.875,0.9241682019607886,0.75,0.8303788547320947,0.875,0.9035802964715631,0.875,0.9401810173412973,3
14,5,4,0.75,0.7267737445631086,0.5,0.5395744467210958,0.75,0.7075032286087838,0.25,0.2395049840037517,0.25,0.2395049840037517,3
14,5,8,0.875,0.9127304766889967,0.625,0.8235162195690195,0.625,0.8235162195690195,0.625,0.7160016020141753,0.625,0.7983532239710772,3
14,5,4,0.75,0.6964915052063125,0.75,0.6414328881939557,0.5,0.5395744467210958,0.25,0.47625703715688555,0.25,0.4707511754556499,3
14,5,8,0.875,0.9058678415259215,0.75,0.9401810173412973,0.75,0.9401810173412973,0.625,0.7892030437536438,0.625,0.8624044854931121,3
14,5,4,0.5,0.6194094413890131,0.5,0.7267737445631086,0.5,0.7267737445631086,0.5,0.6414328881939557,0.5,0.6414328881939557,3
14,5,8,0.875,0.9333183821782222,0.75,0.8921425711997711,0.75,0.8921425711997711,0.75,0.8532543052756786,0.75,0.9035802964715631,3
14,5,4,0.75,0.7267737445631086,0.5,0.4900216914099748,0.5,0.5753625477791277,0.5,0.4900216914099748,0.5,0.5395744467210958,3
14,5,8,0.875,0.926455747015147,0.625,0.8692671206561873,0.625,0.8692671206561873,0.625,0.7434521426664759,0.625,0.7983532239710772,3
14,5,4,0.75,0.6964915052063125,0.5,0.4900216914099748,0.5,0.4900216914099748,0.5,0.5698566860778919,0.5,0.5698566860778919,3
14,5,8,0.875,0.9081553865802799,0.625,0.8441041250582451,0.625,0.8441041250582451,0.625,0.702276331688025,0.625,0.7434521426664759,3
14,5,4,1.0,0.7873382232767009,0.75,0.7983499466791725,0.5,0.7075032286087838,0.75,0.7157620211606373,0.75,0.73778546796558,3
14,5,8,0.875,0.926455747015147,0.875,0.9607689228305226,1.0,0.956193832721806,0.75,0.8784173008736209,0.75,0.8875674810910544,3
14,5,4,0.75,0.7928440849779366,0.25,0.4982804839618282,0.25,0.4982804839618282,0.25,0.5285627233186245,0.25,0.5285627233186245,4
14,5,8,0.875,0.9401810173412973,0.875,0.944756107450014,0.875,0.944756107450014,0.625,0.619924709731123,0.625,0.6977012415793082,4
14,5,4,0.75,0.7322796062643443,0.75,0.7625618456211405,0.75,0.73778546796558,0.5,0.6744680584013697,0.5,0.6909856435050767,4
14,5,8,0.875,0.9310308371238637,0.625,0.8532543052756786,0.625,0.8532543052756786,0.75,0.8166535844059444,0.75,0.8212286745146611,4
14,5,4,0.5,0.73778546796558,0.25,0.0,0.25,0.0935996489210064,0.25,0.4432218669494715,0.25,0.4432218669494715,4
14,5,8,0.875,0.8075034041885109,0.75,0.8761297558192624,0.625,0.7526023228839096,0.625,0.6290748899485565,0.625,0.6473752503834237,4
14,5,4,0.75,0.7625618456211405,0.5,0.7019973669075481,0.75,0.73778546796558,0.5,0.6662092658495162,0.5,0.6772209892519876,4
14,5,8,0.75,0.956193832721806,0.875,0.9241682019607886,0.875,0.9241682019607886,0.75,0.8875674810910544,0.75,0.9241682019607886,4
14,5,4,0.75,0.7570559839199048,0.5,0.6056447871359238,0.5,0.6056447871359238,0.5,0.6909856435050767,0.5,0.7075032286087838,4
14,5,8,0.875,0.8898550261454127,0.75,0.944756107450014,0.5,0.8120784942972276,0.75,0.8075034041885109,0.75,0.8624044854931121,4
14,5,4,0.75,0.7322796062643443,0.5,0.7075032286087838,0.5,0.7075032286087838,0.5,0.5092922073642996,0.5,0.520303930766771,4
14,5,8,1.0,0.9424685623956557,0.75,0.896717661308488,0.625,0.8441041250582451,0.75,0.7937781338623605,0.75,0.8303788547320947,4
14,5,4,0.75,0.7928440849779366,0.75,0.7075032286087838,0.75,0.7680677073223762,0.25,0.5285627233186245,0.25,0.5285627233186245,4
14,5,8,0.875,0.944756107450014,0.875,0.944756107450014,0.875,0.944756107450014,0.625,0.6839759712531579,0.625,0.6977012415793082,4
14,5,4,0.75,0.7928440849779366,0.5,0.5698566860778919,0.5,0.5698566860778919,0.25,0.5285627233186245,0.25,0.5285627233186245,4
14,5,8,0.875,0.9218806569064302,0.875,0.944756107450014,0.875,0.944756107450014,0.75,0.8212286745146611,0.75,0.7983532239710772,4
14,5,4,0.5,0.7322796062643443,0.5,0.550586170123567,0.5,0.6111506488371594,0.25,0.5147980690655353,0.25,0.5147980690655353,5
14,5,8,0.875,0.9401810173412973,0.5,0.672538245981366,0.5,0.672538245981366,0.625,0.7388770525577592,0.625,0.7480272327751928,5
14,5,4,0.25,0.5891272020322169,1.0,0.7983499466791725,1.0,0.7983499466791725,0.0,0.36613980313217215,0.0,0.37164566483340783,5
14,5,8,0.625,0.8075034041885109,1.0,0.9607689228305226,1.0,0.9607689228305226,0.625,0.7754777734274934,0.625,0.8349539448408115,5
14,5,4,0.25,0.5781154786297454,1.0,0.7983499466791725,1.0,0.7983499466791725,0.0,0.36613980313217215,0.0,0.37164566483340783,5
14,5,8,0.625,0.8441041250582451,1.0,0.9607689228305226,0.875,0.9607689228305226,0.625,0.7160016020141753,0.625,0.7846279536449269,5
14,5,4,0.25,0.4322101435470002,0.75,0.7983499466791725,0.75,0.7983499466791725,0.25,0.3193399786716689,0.25,0.3358575637753759,5
14,5,8,0.5,0.7960656789167189,1.0,0.9333183821782222,0.875,0.8944301162541296,0.625,0.6816884261987994,0.625,0.754889867938268,5
14,5,4,0.5,0.7432913296668157,0.5,0.6909856435050767,0.5,0.6111506488371594,0.25,0.5340685850198601,0.25,0.5395744467210958,5
14,5,8,0.625,0.8761297558192624,0.875,0.944756107450014,0.75,0.8166535844059444,0.5,0.661100520709574,0.5,0.661100520709574,5
14,5,4,0.25,0.5643508243766563,0.5,0.4735041063062677,0.75,0.685479781803841,0.25,0.5643508243766563,0.25,0.5643508243766563,5
14,5,8,0.75,0.8075034041885109,0.75,0.8784173008736209,0.625,0.7045638767423834,0.5,0.6450877053290653,0.5,0.6405126152203485,5
14,5,4,0.75,0.7487971913680512,0.75,0.7928440849779366,0.5,0.73778546796558,0.5,0.5230568616173887,0.5,0.5395744467210958,5
14,5,8,0.625,0.8120784942972276,0.875,0.9401810173412973,0.875,0.9401810173412973,0.625,0.7251517822316089,0.625,0.7846279536449269,5
14,5,4,0.5,0.6909856435050767,0.25,0.3248458403729046,0.25,0.36613980313217215,0.25,0.3275987712235225,0.25,0.3386104946259938,5
14,5,8,0.75,0.8097909492428693,0.625,0.814366039351586,0.75,0.8715546657105457,0.375,0.6885510613618747,0.375,0.6885510613618747,5
14,5,4,1.0,0.7983499466791725,0.75,0.6772209892519876,0.5,0.6166565105383952,0.75,0.6744680584013697,0.75,0.7075032286087838,6
14,5,8,0.75,0.9356059272325806,0.75,0.8509667602213202,0.75,0.8509667602213202,0.625,0.8509667602213202,0.625,0.8784173008736209,6
14,5,4,0.25,0.6304211647914844,0.75,0.6909856435050767,0.75,0.6909856435050767,0.25,0.6304211647914844,0.25,0.63592702649272,6
14,5,8,0.875,0.825803764623378,1.0,0.9516187426130892,1.0,0.9516187426130892,0.75,0.6954136965249498,0.75,0.6954136965249498,6
14,5,4,0.25,0.63592702649272,0.5,0.6249153030902487,0.75,0.6909856435050767,0.25,0.6304211647914844,0.25,0.63592702649272,6
14,5,8,0.875,0.8990052063628464,1.0,0.9607689228305226,1.0,0.9607689228305226,0.75,0.7045638767423834,0.75,0.7091389668511001,6
14,5,4,0.75,0.7983499466791725,0.75,0.6469387498951913,0.5,0.6001389254346882,0.5,0.6717151275507518,0.5,0.6717151275507518,6
14,5,8,0.875,0.956193832721806,0.625,0.8463916701126035,0.625,0.8463916701126035,0.75,0.8875674810910544,0.75,0.8921425711997711,6
14,5,4,1.0,0.7928440849779366,0.5,0.5753625477791277,0.75,0.7680677073223762,0.25,0.4845158297087391,0.25,0.4845158297087391,6
14,5,8,0.875,0.9424685623956557,0.75,0.8761297558192624,0.75,0.8761297558192624,0.625,0.7274393272859673,0.625,0.8235162195690195,6
14,5,4,1.0,0.7983499466791725,0.5,0.586374271181599,0.5,0.586374271181599,0.75,0.7019973669075481,0.75,0.7075032286087838,6
14,5,8,0.75,0.9035802964715631,0.75,0.8509667602213202,0.75,0.8509667602213202,0.75,0.802928314079794,0.75,0.8395290349495284,6
14,5,4,1.0,0.7983499466791725,0.75,0.73778546796558,0.75,0.73778546796558,0.75,0.7019973669075481,0.75,0.7075032286087838,6
14,5,8,0.75,0.9035802964715631,0.75,0.8509667602213202,0.75,0.8509667602213202,0.75,0.7892030437536438,0.75,0.8395290349495284,6
14,5,4,0.75,0.7322796062643443,0.75,0.73778546796558,0.75,0.73778546796558,0.5,0.4900216914099748,0.5,0.5450803084223315,6
14,5,8,0.875,0.956193832721806,0.75,0.8601169404387538,0.75,0.8601169404387538,0.5,0.649662795437782,0.5,0.6633880657639325,6
14,5,4,0.75,0.7928440849779366,0.5,0.6662092658495162,0.5,0.6662092658495162,0.25,0.20371688294571982,0.25,0.4679982446050321,7
14,5,8,0.875,0.9218806569064302,0.75,0.8166535844059444,0.75,0.8166535844059444,0.625,0.6290748899485565,0.625,0.6336499800572734,7
14,5,4,0.5,0.7019973669075481,0.25,0.5698566860778919,0.25,0.38265738823587914,0.25,0.5588449626754206,0.25,0.5698566860778919,7
14,5,8,1.0,0.9241682019607886,0.625,0.7228642371772505,0.625,0.7228642371772505,0.625,0.6153496196224063,0.625,0.6244997998398398,7
14,5,4,0.75,0.7680677073223762,0.5,0.5285627233186245,0.5,0.5285627233186245,0.5,0.6304211647914844,0.5,0.5147980690655353,7
14,5,8,1.0,0.9470436525043724,0.5,0.6450877053290653,0.625,0.7457396877208343,0.75,0.7274393272859673,0.75,0.8052158591341524,7
14,5,4,0.75,0.7322796062643443,1.0,0.7983499466791725,1.0,0.7983499466791725,0.5,0.6909856435050767,0.5,0.5258097924680066,7
14,5,8,0.875,0.9516187426130892,0.75,0.8921425711997711,0.75,0.8921425711997711,0.5,0.7182891470685338,0.5,0.7182891470685338,7
14,5,4,1.0,0.7818323615754653,0.5,0.6001389254346882,0.5,0.6111506488371594,0.5,0.5092922073642996,0.5,0.5092922073642996,7
14,5,8,0.875,0.9470436525043724,0.625,0.825803764623378,0.625,0.825803764623378,0.625,0.7800528635362102,0.625,0.8715546657105457,7
14,5,4,0.75,0.7157620211606373,0.25,0.6001389254346882,0.25,0.6001389254346882,0.25,0.4982804839618282,0.25,0.5092922073642996,7
14,5,8,0.875,0.9035802964715631,0.625,0.649662795437782,0.625,0.6336499800572734,0.625,0.6290748899485565,0.625,0.6336499800572734,7
14,5,4,0.75,0.7928440849779366,0.5,0.6717151275507518,0.5,0.6717151275507518,0.25,0.4322101435470002,0.25,0.4432218669494715,7
14,5,8,0.875,0.9218806569064302,0.875,0.8829923909823376,0.875,0.8829923909823376,0.75,0.732014417394684,0.75,0.791490588808002,7
14,5,4,0.75,0.7075032286087838,0.5,0.5340685850198601,0.5,0.5340685850198601,0.5,0.5478332392729494,0.5,0.5698566860778919,7
14,5,8,0.875,0.9333183821782222,0.625,0.791490588808002,0.625,0.791490588808002,0.625,0.7205766921228922,0.625,0.7617525031013431,7
14,5,4,0.75,0.73778546796558,0.75,0.7075032286087838,0.5,0.5092922073642996,0.75,0.7019973669075481,0.75,0.7075032286087838,8
14,5,8,0.75,0.8784173008736209,0.5,0.7983532239710772,0.625,0.8395290349495284,0.625,0.7686151382644182,0.625,0.8097909492428693,8
14,5,4,0.5,0.6249153030902487,0.75,0.7019973669075481,0.75,0.7019973669075481,0.5,0.4900216914099748,0.5,0.517550999916153,8
14,5,8,0.875,0.9127304766889967,1.0,0.9607689228305226,0.875,0.9241682019607886,0.75,0.7686151382644182,0.75,0.8189411294603027,8
14,5,4,0.75,0.73778546796558,0.75,0.7075032286087838,0.75,0.7075032286087838,0.75,0.7322796062643443,0.75,0.73778546796558,8
14,5,8,0.75,0.8784173008736209,0.5,0.7983532239710772,0.625,0.814366039351586,0.625,0.7411645976121176,0.625,0.773190228373135,8
14,5,4,0.5,0.6139035796877773,0.75,0.7019973669075481,0.75,0.7019973669075481,0.5,0.5065392765136818,0.5,0.5120451382149174,8
14,5,8,0.875,0.885279936036696,1.0,0.9607689228305226,1.0,0.9607689228305226,0.75,0.7960656789167189,0.75,0.8189411294603027,8
14,5,4,0.75,0.7983499466791725,0.5,0.6469387498951913,0.5,0.6469387498951913,0.25,0.44597479780008936,0.25,0.4735041063062677,8
14,5,8,0.875,0.896717661308488,0.625,0.8509667602213202,0.75,0.8326663997864531,0.625,0.7365895075034008,0.625,0.7777653184818518,8
14,5,4,0.5,0.7075032286087838,0.5,0.5671037552272742,0.5,0.6662092658495162,0.0,0.4377160052482359,0.0,0.4377160052482359,8
14,5,8,0.875,0.7937781338623605,0.75,0.7937781338623605,0.75,0.8326663997864531,0.75,0.6908386064162331,0.75,0.7594649580469847,8
14,5,4,0.5,0.6717151275507518,0.5,0.517550999916153,0.5,0.4982804839618282,0.0,0.4322101435470002,0.0,0.4377160052482359,8
14,5,8,0.75,0.7823404085905686,0.875,0.9150180217433551,0.75,0.8921425711997711,0.625,0.5124100921762789,0.625,0.5856115339157472,8
14,5,4,0.75,0.6469387498951913,0.5,0.6469387498951913,0.5,0.6469387498951913,0.25,0.401927904190204,0.25,0.4735041063062677,8
14,5,8,0.875,0.896717661308488,0.75,0.8875674810910544,0.75,0.8875674810910544,0.625,0.5993368042418975,0.625,0.672538245981366,8
14,5,4,0.75,0.73778546796558,0.25,0.6304211647914844,0.5,0.6717151275507518,0.25,0.3964220424889683,0.25,0.4129396275926753,9
14,5,8,1.0,0.9378934722869389,0.75,0.9195931118520718,0.75,0.9127304766889967,0.75,0.7869154986992853,0.75,0.8509667602213202,9
14,5,4,0.5,0.6909856435050767,0.5,0.6662092658495162,0.5,0.5643508243766563,0.25,0.5698566860778919,0.25,0.5698566860778919,9
14,5,8,1.0,0.9378934722869389,0.75,0.9035802964715631,0.75,0.9035802964715631,0.875,0.8189411294603027,0.875,0.8829923909823376,9
14,5,4,0.75,0.73778546796558,0.75,0.7680677073223762,0.5,0.5560920318248028,0.75,0.7322796062643443,0.75,0.73778546796558,9
14,5,8,0.875,0.866979575601829,0.625,0.8097909492428693,0.75,0.8921425711997711,0.75,0.8189411294603027,0.75,0.8555418503300369,9
14,5,4,0.75,0.7515501222186691,0.75,0.6249153030902487,0.5,0.550586170123567,0.75,0.7212678828618728,0.75,0.73778546796558,9
14,5,8,0.875,0.9356059272325806,1.0,0.9516187426130892,0.875,0.9081553865802799,0.75,0.8624044854931121,0.75,0.8761297558192624,9
14,5,4,0.5,0.6469387498951913,0.25,0.5340685850198601,0.25,0.5340685850198601,0.25,0.49277462226059254,0.25,0.5037863456630639,9
14,5,8,0.875,0.9081553865802799,0.75,0.8761297558192624,0.75,0.8761297558192624,0.75,0.7480272327751928,0.75,0.8349539448408115,9
14,5,4,0.75,0.73778546796558,0.5,0.7075032286087838,0.25,0.5340685850198601,0.25,0.5340685850198601,0.25,0.5340685850198601,9
14,5,8,0.75,0.8395290349495284,0.875,0.944756107450014,0.875,0.944756107450014,0.75,0.7343019624490424,0.75,0.8349539448408115,9
14,5,4,0.5,0.6386799573433378,0.5,0.6662092658495162,0.5,0.5698566860778919,0.0,0.4156925584432932,0.0,0.42119842014452885,9
14,5,8,0.875,0.896717661308488,0.75,0.8166535844059444,0.75,0.8166535844059444,0.625,0.7640400481557014,0.625,0.8509667602213202,9
14,5,4,1.0,0.7818323615754653,1.0,0.7983499466791725,0.75,0.7680677073223762,0.5,0.6056447871359238,0.5,0.6056447871359238,9
14,5,8,1.0,0.9424685623956557,0.875,0.944756107450014,0.75,0.8990052063628464,0.75,0.8555418503300369,0.75,0.8235162195690195,9
14,5,4,0.5,0.7019973669075481,0.75,0.7680677073223762,0.75,0.7680677073223762,0.5,0.5973859945840703,0.5,0.6414328881939557,10
14,5,8,0.75,0.7823404085905686,0.75,0.8624044854931121,0.625,0.7800528635362102,0.5,0.6679631558726492,0.5,0.6633880657639325,10
14,5,4,1.0,0.7983499466791725,0.75,0.6469387498951913,0.5,0.5037863456630639,0.75,0.6414328881939557,0.75,0.6469387498951913,10
14,5,8,0.875,0.956193832721806,0.75,0.791490588808002,0.625,0.8280913096777363,0.75,0.8441041250582451,0.75,0.8532543052756786,10
14,5,4,0.75,0.6689621967001341,0.75,0.7075032286087838,0.75,0.7075032286087838,0.75,0.6496916807458092,0.75,0.6717151275507518,10
14,5,8,0.875,0.8692671206561873,0.875,0.9195931118520718,0.875,0.9195931118520718,0.75,0.8280913096777363,0.75,0.8601169404387538,10
14,5,4,0.5,0.655197542447045,0.5,0.5120451382149174,0.5,0.5120451382149174,0.25,0.25051670740622306,0.25,0.31658704782105107,10
14,5,8,0.875,0.8898550261454127,0.625,0.8097909492428693,0.625,0.8097909492428693,0.625,0.5375730877742211,0.625,0.5741738086439554,10
14,5,4,0.75,0.7019973669075481,0.75,0.7680677073223762,0.75,0.7680677073223762,0.25,0.2450108457049874,0.25,0.31658704782105107,10
14,5,8,0.75,0.9012927514172048,0.75,0.9241682019607886,0.625,0.8715546657105457,0.5,0.4986848218501285,0.5,0.5993368042418975,10
14,5,4,0.75,0.7928440849779366,0.5,0.685479781803841,0.5,0.685479781803841,0.5,0.6689621967001341,0.5,0.685479781803841,10
14,5,8,1.0,0.9607689228305226,0.75,0.9035802964715631,0.75,0.9035802964715631,0.5,0.7663275932100598,0.5,0.6702507009270076,10
14,5,4,0.75,0.7625618456211405,0.5,0.6414328881939557,0.5,0.6414328881939557,0.5,0.6028918562853061,0.5,0.6414328881939557,10
14,5,8,0.875,0.9127304766889967,0.75,0.9081553865802799,0.75,0.8761297558192624,0.5,0.6450877053290653,0.5,0.6633880657639325,10
14,5,4,0.75,0.7102561594594016,1.0,0.7928440849779366,0.75,0.7075032286087838,0.75,0.6744680584013697,0.75,0.7075032286087838,10
14,5,8,1.0,0.9424685623956557,0.875,0.9195931118520718,0.875,0.9195931118520718,0.75,0.8097909492428693,0.75,0.8280913096777363,10
14,5,4,0.75,0.7680677073223762,0.75,0.7680677073223762,0.75,0.7680677073223762,0.25,0.4982804839618282,0.25,0.4982804839618282,11
14,5,8,0.75,0.9104429316346382,0.75,0.896717661308488,0.75,0.896717661308488,0.5,0.6267873448941982,0.5,0.7091389668511001,11
14,5,4,0.75,0.7680677073223762,0.75,0.6772209892519876,0.75,0.7680677073223762,0.25,0.4872687605593569,0.25,0.4872687605593569,11
14,5,8,0.75,0.9241682019607886,0.625,0.7777653184818518,0.5,0.7892030437536438,0.5,0.6954136965249498,0.5,0.7091389668511001,11
14,5,4,0.75,0.7680677073223762,0.5,0.5946330637334526,0.75,0.7075032286087838,0.25,0.49277462226059254,0.25,0.49277462226059254,11
14,5,8,0.75,0.9081553865802799,0.5,0.7526023228839096,0.5,0.773190228373135,0.5,0.7343019624490424,0.5,0.7846279536449269,11
14,5,4,0.5,0.6304211647914844,0.75,0.7680677073223762,0.75,0.7680677073223762,0.25,0.5340685850198601,0.25,0.5450803084223315,11
14,5,8,0.875,0.9218806569064302,0.875,0.9607689228305226,0.875,0.944756107450014,0.75,0.8395290349495284,0.75,0.8715546657105457,11
14,5,4,0.5,0.6607034041482805,0.75,0.7680677073223762,0.75,0.7680677073223762,0.25,0.40743376589143965,0.25,0.4239513509951467,11
14,5,8,1.0,0.9424685623956557,0.875,0.9607689228305226,0.875,0.9607689228305226,0.75,0.7869154986992853,0.75,0.8189411294603027,11
14,5,4,0.75,0.7267737445631086,0.5,0.6772209892519876,0.75,0.7680677073223762,0.5,0.5037863456630639,0.5,0.5147980690655353,11
14,5,8,0.875,0.866979575601829,0.875,0.9401810173412973,0.75,0.7457396877208343,0.625,0.7388770525577592,0.625,0.8441041250582451,11
14,5,4,0.75,0.7460442605174334,0.25,0.5450803084223315,0.25,0.5450803084223315,0.25,0.3964220424889683,0.25,0.41844548929391107,11
14,5,8,0.875,0.9081553865802799,0.5,0.8212286745146611,0.625,0.8624044854931121,0.5,0.542148177882938,0.5,0.6794008811444411,11
14,5,4,0.75,0.6331740956421021,0.75,0.7680677073223762,0.5,0.4487277286507072,0.5,0.3578810105803186,0.5,0.39091618078773266,11
14,5,8,0.875,0.8829923909823376,0.75,0.9401810173412973,0.75,0.9401810173412973,0.625,0.6450877053290653,0.625,0.6633880657639325,11
14,5,4,0.75,0.7570559839199048,0.5,0.5230568616173887,0.5,0.5643508243766563,0.75,0.7487971913680512,0.75,0.7983499466791725,12
14,5,8,0.875,0.9401810173412973,0.75,0.7892030437536438,0.75,0.866979575601829,0.75,0.9081553865802799,0.75,0.944756107450014,12
14,5,4,0.75,0.7625618456211405,0.75,0.7322796062643443,0.75,0.7322796062643443,0.25,0.4487277286507072,0.25,0.4487277286507072,12
14,5,8,0.75,0.9195931118520718,0.625,0.8509667602213202,0.5,0.7388770525577592,0.625,0.7640400481557014,0.625,0.8509667602213202,12
14,5,4,0.5,0.6909856435050767,0.5,0.7680677073223762,0.25,0.6414328881939557,0.25,0.4267042818457645,0.25,0.4432218669494715,12
14,5,8,0.875,0.9012927514172048,0.875,0.9081553865802799,0.875,0.9081553865802799,0.75,0.732014417394684,0.75,0.791490588808002,12
14,5,4,0.75,0.7680677073223762,1.0,0.7983499466791725,1.0,0.7983499466791725,0.5,0.6607034041482805,0.5,0.7322796062643443,12
14,5,8,0.875,0.956193832721806,0.875,0.9127304766889967,0.875,0.9127304766889967,0.75,0.9081553865802799,0.75,0.944756107450014,12
14,5,4,1.0,0.7928440849779366,0.75,0.7928440849779366,0.75,0.7928440849779366,0.5,0.4872687605593569,0.5,0.5092922073642996,12
14,5,8,1.0,0.9607689228305226,0.75,0.8921425711997711,0.75,0.8829923909823376,0.75,0.7068514217967418,0.75,0.7983532239710772,12
14,5,4,0.75,0.7625618456211405,0.75,0.7625618456211405,0.5,0.73778546796558,0.5,0.6909856435050767,0.5,0.7019973669075481,12
14,5,8,1.0,0.9470436525043724,0.875,0.944756107450014,0.875,0.8715546657105457,0.875,0.8738422107649041,0.875,0.9241682019607886,12
14,5,4,0.75,0.7625618456211405,0.75,0.7322796062643443,0.5,0.6056447871359238,0.25,0.4377160052482359,0.25,0.4377160052482359,12
14,5,8,0.875,0.9516187426130892,0.625,0.8509667602213202,0.5,0.7434521426664759,0.625,0.7777653184818518,0.625,0.8509667602213202,12
14,5,4,0.75,0.7680677073223762,1.0,0.7983499466791725,1.0,0.7983499466791725,0.5,0.6276682339408666,0.5,0.6386799573433378,12
14,5,8,0.875,0.9607689228305226,0.875,0.9127304766889967,0.75,0.9127304766889967,0.75,0.885279936036696,0.75,0.944756107450014,12
14,5,4,0.5,0.6744680584013697,1.0,0.7928440849779366,0.5,0.7019973669075481,0.25,0.6001389254346882,0.25,0.6001389254346882,13
14,5,8,0.875,0.9173055667977134,0.875,0.956193832721806,0.875,0.956193832721806,0.75,0.9104429316346382,0.75,0.9241682019607886,13
14,5,4,0.5,0.7019973669075481,1.0,0.7983499466791725,1.0,0.7983499466791725,0.25,0.5891272020322169,0.25,0.6001389254346882,13
14,5,8,0.875,0.926455747015147,0.875,0.956193832721806,0.875,0.956193832721806,0.75,0.9195931118520718,0.75,0.9241682019607886,13
14,5,4,0.5,0.73778546796558,0.25,0.4735041063062677,0.25,0.4735041063062677,0.25,0.5230568616173887,0.25,0.550586170123567,13
14,5,8,0.875,0.9401810173412973,0.5,0.7114265119054585,0.375,0.6359375251116318,0.5,0.6977012415793082,0.5,0.7114265119054585,13
14,5,4,0.75,0.7625618456211405,0.75,0.7983499466791725,0.5,0.6111506488371594,0.5,0.5891272020322169,0.5,0.6111506488371594,13
14,5,8,1.0,0.956193832721806,0.75,0.8875674810910544,0.75,0.8349539448408115,0.625,0.6679631558726492,0.625,0.7640400481557014,13
14,5,4,0.75,0.7322796062643443,0.5,0.7570559839199048,0.5,0.7570559839199048,0.5,0.73778546796558,0.5,0.73778546796558,13
14,5,8,0.875,0.896717661308488,0.875,0.9401810173412973,0.875,0.9401810173412973,0.875,0.8578293953843953,0.875,0.8166535844059444,13
14,5,4,1.0,0.7983499466791725,0.75,0.73778546796558,0.75,0.73778546796558,0.75,0.6414328881939557,0.75,0.6469387498951913,13
14,5,8,0.875,0.9607689228305226,0.75,0.8578293953843953,0.75,0.8578293953843953,0.75,0.8395290349495284,0.75,0.8761297558192624,13
14,5,4,0.5,0.73778546796558,0.25,0.4872687605593569,0.25,0.4735041063062677,0.25,0.4900216914099748,0.25,0.5450803084223315,13
14,5,8,0.875,0.9401810173412973,0.5,0.702276331688025,0.5,0.702276331688025,0.5,0.6428001602747069,0.5,0.7114265119054585,13
14,5,4,0.5,0.6744680584013697,0.75,0.7322796062643443,0.75,0.7680677073223762,0.25,0.5891272020322169,0.25,0.6001389254346882,13
14,5,8,0.875,0.926455747015147,0.875,0.9607689228305226,0.875,0.9607689228305226,0.75,0.9150180217433551,0.75,0.9195931118520718,13
14,5,4,1.0,0.7928440849779366,0.5,0.6166565105383952,0.75,0.7928440849779366,0.5,0.63592702649272,0.5,0.63592702649272,14
14,5,8,1.0,0.9470436525043724,0.75,0.9081553865802799,0.625,0.8303788547320947,0.875,0.8807048459279793,0.875,0.8990052063628464,14
14,5,4,0.5,0.655197542447045,0.5,0.73778546796558,0.5,0.6111506488371594,0.25,0.5423273775717137,0.25,0.5698566860778919,14
14,5,8,0.75,0.8944301162541296,0.875,0.9287432920695055,0.75,0.896717661308488,0.625,0.8166535844059444,0.625,0.8349539448408115,14
14,5,4,0.5,0.655197542447045,0.5,0.7075032286087838,0.5,0.7075032286087838,0.0,0.3468692871778473,0.0,0.3468692871778473,14
14,5,8,0.875,0.9424685623956557,0.5,0.7777653184818518,0.625,0.825803764623378,0.625,0.7091389668511001,0.625,0.8097909492428693,14
14,5,4,0.5,0.7212678828618728,0.75,0.7322796062643443,0.75,0.7983499466791725,0.25,0.3083282552691976,0.25,0.4845158297087391,14
14,5,8,0.875,0.9378934722869389,0.875,0.9607689228305226,0.75,0.9081553865802799,0.375,0.4140456548388681,0.375,0.5284229075567876,14
14,5,4,1.0,0.7983499466791725,0.75,0.7680677073223762,0.75,0.7680677073223762,0.75,0.7075032286087838,0.75,0.7075032286087838,14
14,5,8,0.875,0.9241682019607886,0.75,0.866979575601829,0.75,0.866979575601829,0.5,0.6977012415793082,0.5,0.7297268723403256,14
14,5,4,1.0,0.7983499466791725,0.75,0.7928440849779366,0.5,0.6772209892519876,0.5,0.6607034041482805,0.5,0.6662092658495162,14
14,5,8,0.875,0.9150180217433551,0.75,0.8921425711997711,0.625,0.8006407690254356,0.75,0.8463916701126035,0.75,0.8509667602213202,14
14,5,4,0.75,0.7267737445631086,0.5,0.7075032286087838,0.75,0.7983499466791725,0.0,0.3468692871778473,0.0,0.3468692871778473,14
14,5,8,0.875,0.926455747015147,0.75,0.8761297558192624,0.75,0.8761297558192624,0.625,0.5764613536983137,0.625,0.6542378855464988,14
14,5,4,0.5,0.7212678828618728,0.75,0.7983499466791725,0.75,0.7983499466791725,0.25,0.6001389254346882,0.25,0.6056447871359238,14
14,5,8,0.875,0.9241682019607886,0.875,0.9401810173412973,0.75,0.9287432920695055,0.5,0.6656756108182909,0.5,0.6977012415793082,14
14,5,4,0.25,0.520303930766771,0.5,0.6001389254346882,0.5,0.6001389254346882,0.25,0.5753625477791277,0.25,0.5753625477791277,15
14,5,8,0.75,0.7594649580469847,0.875,0.885279936036696,0.875,0.885279936036696,0.625,0.7045638767423834,0.625,0.7091389668511001,15
14,5,4,0.75,0.7680677073223762,0.75,0.7680677073223762,0.5,0.6909856435050767,0.75,0.6414328881939557,0.75,0.6469387498951913,15
14,5,8,0.875,0.8715546657105457,0.75,0.8555418503300369,0.75,0.8761297558192624,0.75,0.8212286745146611,0.75,0.8715546657105457,15
14,5,4,0.75,0.7818323615754653,1.0,0.7983499466791725,1.0,0.7983499466791725,0.5,0.34136342547661164,0.5,0.34136342547661164,15
14,5,8,0.875,0.8990052063628464,0.875,0.8829923909823376,0.75,0.8303788547320947,0.625,0.7457396877208343,0.625,0.7594649580469847,15
14,5,4,1.0,0.7818323615754653,0.5,0.7075032286087838,0.5,0.7075032286087838,0.25,0.5891272020322169,0.25,0.6111506488371594,15
14,5,8,0.875,0.8990052063628464,0.75,0.8006407690254356,0.875,0.8990052063628464,0.625,0.6999887866336667,0.625,0.7457396877208343,15
14,5,4,0.5,0.7075032286087838,0.5,0.6056447871359238,0.5,0.6056447871359238,0.25,0.520303930766771,0.25,0.5753625477791277,15
14,5,8,0.75,0.8280913096777363,0.75,0.8189411294603027,0.75,0.8052158591341524,0.5,0.7160016020141753,0.5,0.7343019624490424,15
14,5,4,0.75,0.7350325371149622,0.5,0.7075032286087838,0.5,0.7075032286087838,0.0,0.37715152653464346,0.0,0.37715152653464346,15
14,5,8,0.875,0.9173055667977134,1.0,0.9607689228305226,1.0,0.9607689228305226,0.75,0.7937781338623605,0.75,0.8303788547320947,15
14,5,4,0.5,0.6717151275507518,0.5,0.7075032286087838,0.5,0.7075032286087838,0.25,0.5891272020322169,0.25,0.6111506488371594,15
14,5,8,0.875,0.9310308371238637,0.875,0.944756107450014,0.875,0.944756107450014,0.625,0.6816884261987994,0.625,0.7365895075034008,15
14,5,4,0.5,0.6909856435050767,0.5,0.6056447871359238,0.5,0.6304211647914844,0.25,0.5753625477791277,0.25,0.5753625477791277,15
14,5,8,0.75,0.8280913096777363,0.875,0.9287432920695055,0.875,0.9127304766889967,0.625,0.6679631558726492,0.625,0.7228642371772505,15
14,5,4,0.75,0.7873382232767009,0.75,0.73778546796558,0.75,0.73778546796558,0.25,0.6111506488371594,0.25,0.6111506488371594,16
14,5,8,0.875,0.9607689228305226,0.875,0.9241682019607886,0.875,0.9241682019607886,0.875,0.9127304766889967,0.875,0.944756107450014,16
14,5,4,1.0,0.7983499466791725,0.5,0.6772209892519876,0.5,0.6772209892519876,0.25,0.4624923829037964,0.25,0.4624923829037964,16
14,5,8,0.875,0.8463916701126035,0.875,0.8944301162541296,0.875,0.9195931118520718,0.75,0.6702507009270076,0.75,0.7480272327751928,16
14,5,4,1.0,0.7983499466791725,0.75,0.6469387498951913,0.75,0.6469387498951913,0.5,0.40743376589143965,0.5,0.5395744467210958,16
14,5,8,1.0,0.9607689228305226,0.625,0.7823404085905686,0.625,0.7480272327751928,0.75,0.7388770525577592,0.75,0.9127304766889967,16
14,5,4,1.0,0.7983499466791725,0.5,0.6772209892519876,0.5,0.6772209892519876,0.5,0.6414328881939557,0.5,0.6414328881939557,16
14,5,8,0.875,0.8555418503300369,0.75,0.8052158591341524,0.75,0.8052158591341524,0.625,0.7160016020141753,0.625,0.7434521426664759,16
14,5,4,1.0,0.7928440849779366,0.5,0.6717151275507518,0.25,0.6056447871359238,0.5,0.6772209892519876,0.5,0.6772209892519876,16
14,5,8,0.875,0.9195931118520718,0.625,0.8921425711997711,0.625,0.8441041250582451,0.625,0.8601169404387538,0.625,0.8829923909823376,16
14,5,4,0.75,0.7680677073223762,0.5,0.6056447871359238,0.5,0.6056447871359238,0.25,0.12663481912842045,0.25,0.08258792551853507,16
14,5,8,1.0,0.956193832721806,0.5,0.5261353625024292,0.5,0.5261353625024292,0.5,0.6290748899485565,0.5,0.601624349296256,16
14,5,4,1.0,0.7983499466791725,0.5,0.6772209892519876,0.5,0.6772209892519876,0.5,0.6194094413890131,0.5,0.6414328881939557,16
14,5,8,0.875,0.8326663997864531,0.875,0.9150180217433551,0.75,0.8212286745146611,0.75,0.7571774129926263,0.75,0.8212286745146611,16
14,5,4,0.75,0.7680677073223762,0.5,0.6056447871359238,0.5,0.6056447871359238,0.25,-0.05505861701235671,0.25,0.08809378721977074,16
14,5,8,1.0,0.956193832721806,0.625,0.5810364438070305,0.625,0.5810364438070305,0.5,0.3682947537517004,0.5,0.5970492591875391,16
14,5,4,0.75,0.73778546796558,0.5,0.5560920318248028,0.5,0.5560920318248028,0.25,0.40743376589143965,0.25,0.4129396275926753,17
14,5,8,0.875,0.8898550261454127,0.5,0.7411645976121176,0.5,0.7411645976121176,0.375,0.5215602723937125,0.375,0.5673111734808801,17
14,5,4,1.0,0.7928440849779366,0.5,0.550586170123567,0.25,0.4735041063062677,0.25,0.4377160052482359,0.25,0.4487277286507072,17
14,5,8,1.0,0.9378934722869389,0.5,0.7594649580469847,0.5,0.8097909492428693,0.5,0.7182891470685338,0.5,0.7823404085905686,17
14,5,4,0.75,0.7543030530692869,0.75,0.7075032286087838,0.5,0.586374271181599,0.25,0.4267042818457645,0.25,0.4322101435470002,17
14,5,8,0.875,0.8990052063628464,0.875,0.9127304766889967,0.875,0.8921425711997711,0.875,0.8006407690254356,0.875,0.8875674810910544,17
14,5,4,0.75,0.6607034041482805,0.5,0.63592702649272,0.25,0.5285627233186245,0.5,0.4432218669494715,0.5,0.4652453137544142,17
14,5,8,0.75,0.8578293953843953,0.75,0.9081553865802799,0.75,0.9081553865802799,0.625,0.8006407690254356,0.625,0.8829923909823376,17
14,5,4,0.25,0.5368215158704779,1.0,0.7928440849779366,1.0,0.7928440849779366,0.5,0.5671037552272742,0.5,0.5946330637334526,17
14,5,8,0.875,0.9356059272325806,0.75,0.8761297558192624,0.875,0.9401810173412973,0.875,0.8372414898951699,0.875,0.9241682019607886,17
14,5,4,0.5,0.6964915052063125,0.75,0.6717151275507518,0.75,0.6717151275507518,0.5,0.6194094413890131,0.5,0.6304211647914844,17
14,5,8,1.0,0.9516187426130892,0.875,0.9287432920695055,0.75,0.9035802964715631,0.875,0.9195931118520718,0.875,0.9287432920695055,17
14,5,4,0.75,0.7075032286087838,0.5,0.6056447871359238,0.25,0.4679982446050321,0.25,0.5340685850198601,0.25,0.550586170123567,17
14,5,8,0.75,0.9081553865802799,0.75,0.8189411294603027,0.75,0.8189411294603027,0.5,0.6885510613618747,0.5,0.7251517822316089,17
14,5,4,0.75,0.6662092658495162,0.5,0.63592702649272,0.5,0.63592702649272,0.5,0.5450803084223315,0.5,0.5450803084223315,17
14,5,8,0.875,0.9287432920695055,0.75,0.8715546657105457,0.75,0.8715546657105457,0.625,0.6405126152203485,0.625,0.649662795437782,17
14,5,4,0.75,0.7928440849779366,0.75,0.7680677073223762,0.5,0.5808684094803632,0.25,0.4432218669494715,0.25,0.4872687605593569,18
14,5,8,0.875,0.9356059272325806,0.75,0.9081553865802799,0.75,0.9081553865802799,0.625,0.649662795437782,0.625,0.814366039351586,18
14,5,4,0.75,0.7460442605174334,0.5,0.5753625477791277,0.5,0.5753625477791277,0.25,0.3386104946259938,0.25,0.3441163563272295,18
14,5,8,1.0,0.956193832721806,0.75,0.7960656789167189,0.75,0.8875674810910544,0.625,0.6061994394049727,0.625,0.7297268723403256,18
14,5,4,0.75,0.7322796062643443,1.0,0.7983499466791725,1.0,0.7983499466791725,0.75,0.5753625477791277,0.75,0.6469387498951913,18
14,5,8,1.0,0.9424685623956557,0.625,0.8395290349495284,0.625,0.8235162195690195,0.75,0.7846279536449269,0.75,0.7892030437536438,18
14,5,4,0.75,0.7818323615754653,0.5,0.6056447871359238,0.5,0.6056447871359238,0.5,0.5147980690655353,0.5,0.586374271181599,18
14,5,8,0.75,0.8944301162541296,0.625,0.8601169404387538,0.625,0.8601169404387538,0.625,0.8235162195690195,0.625,0.8921425711997711,18
14,5,4,0.75,0.7625618456211405,0.75,0.6772209892519876,1.0,0.7983499466791725,0.5,0.5285627233186245,0.5,0.5395744467210958,18
14,5,8,1.0,0.956193832721806,0.625,0.8349539448408115,0.625,0.8189411294603027,0.75,0.773190228373135,0.75,0.8372414898951699,18
14,5,4,0.75,0.7680677073223762,1.0,0.7983499466791725,1.0,0.7983499466791725,0.75,0.6414328881939557,0.75,0.6469387498951913,18
14,5,8,1.0,0.9333183821782222,0.625,0.8395290349495284,0.75,0.8761297558192624,0.75,0.7777653184818518,0.75,0.8372414898951699,18
14,5,4,0.75,0.73778546796558,0.75,0.6469387498951913,0.75,0.6469387498951913,0.75,0.6469387498951913,0.75,0.6469387498951913,18
14,5,8,1.0,0.9378934722869389,0.75,0.8761297558192624,0.75,0.8761297558192624,0.75,0.7594649580469847,0.75,0.773190228373135,18
14,5,4,0.75,0.7928440849779366,0.5,0.6469387498951913,0.75,0.7680677073223762,0.25,0.4322101435470002,0.25,0.4542335903519429,18
14,5,8,0.875,0.9356059272325806,0.75,0.8601169404387538,0.75,0.8601169404387538,0.625,0.7137140569598169,0.625,0.7182891470685338,18
14,5,4,0.75,0.7570559839199048,0.75,0.7680677073223762,0.75,0.7680677073223762,0.25,0.5450803084223315,0.25,0.5450803084223315,19
14,5,8,0.875,0.9195931118520718,0.875,0.8692671206561873,0.75,0.8349539448408115,0.5,0.7503147778295511,0.5,0.6542378855464988,19
14,5,4,0.75,0.7515501222186691,0.75,0.73778546796558,0.75,0.5698566860778919,0.5,0.5258097924680066,0.5,0.5533391009741849,19
14,5,8,0.875,0.9127304766889967,0.75,0.866979575601829,0.75,0.8921425711997711,0.625,0.7640400481557014,0.625,0.814366039351586,19
14,5,4,0.25,0.5285627233186245,0.25,0.5340685850198601,0.25,0.5946330637334526,0.0,0.45148065950132504,0.0,0.4679982446050321,19
14,5,8,0.75,0.8235162195690195,0.875,0.7869154986992853,0.875,0.9401810173412973,0.625,0.7457396877208343,0.625,0.7640400481557014,19
14,5,4,0.75,0.7322796062643443,0.0,0.4900216914099748,0.25,0.7019973669075481,0.25,0.6441858190445735,0.25,0.6717151275507518,19
14,5,8,1.0,0.9333183821782222,0.625,0.866979575601829,0.625,0.866979575601829,0.625,0.6977012415793082,0.625,0.7114265119054585,19
14,5,4,0.75,0.7818323615754653,1.0,0.7983499466791725,1.0,0.7983499466791725,0.25,0.3386104946259938,0.25,0.37164566483340783,19
14,5,8,0.875,0.9127304766889967,0.875,0.944756107450014,0.75,0.9241682019607886,0.625,0.7686151382644182,0.625,0.8189411294603027,19
14,5,4,0.75,0.7322796062643443,0.75,0.7983499466791725,0.5,0.655197542447045,0.25,0.6662092658495162,0.25,0.6717151275507518,19
14,5,8,1.0,0.9470436525043724,1.0,0.9607689228305226,1.0,0.9607689228305226,0.625,0.7457396877208343,0.625,0.814366039351586,19
14,5,4,1.0,0.7983499466791725,0.75,0.7680677073223762,0.75,0.7680677073223762,0.5,0.6607034041482805,0.5,0.6772209892519876,19
14,5,8,1.0,0.956193832721806,1.0,0.9607689228305226,1.0,0.9607689228305226,0.625,0.7503147778295511,0.625,0.791490588808002,19
14,5,4,1.0,0.7928440849779366,0.25,0.5560920318248028,0.5,0.520303930766771,0.5,0.5037863456630639,0.5,0.5037863456630639,19
14,5,8,0.875,0.944756107450014,0.625,0.9287432920695055,0.75,0.8303788547320947,0.75,0.885279936036696,0.75,0.944756107450014,19
20,3,6,0.6666666666666666,0.7499264553987822,0.8333333333333334,0.7814437600756161,0.8333333333333334,0.7814437600756161,0.6666666666666666,0.6507396436216875,0.6666666666666666,0.6507396436216875,0
20,3,12,1.0,0.9616915565290286,1.0,0.9663524202924973,0.9166666666666666,0.9663524202924973,0.9166666666666666,0.9088684338763842,0.9166666666666666,0.919743782657811,0
20,3,6,0.8333333333333334,0.7916405351181213,0.8333333333333334,0.8111071056538126,1.0,0.8092531465551756,0.8333333333333334,0.7499264553987822,0.8333333333333334,0.7536343735960569,0
20,3,12,0.8333333333333334,0.9391640483389304,0.8333333333333334,0.9438249121023989,0.8333333333333334,0.9438249121023989,0.8333333333333334,0.9329495633209722,0.8333333333333334,0.9422712908479094,0
20,3,6,1.0,0.8055452283579009,0.8333333333333334,0.8092531465551756,0.8333333333333334,0.8092531465551756,0.8333333333333334,0.7517804144974195,0.8333333333333334,0.7517804144974195,0
20,3,12,0.8333333333333334,0.9360568058299513,0.8333333333333334,0.9422712908479094,0.8333333333333334,0.950816207747602,0.8333333333333334,0.9345031845754617,0.8333333333333334,0.9438249121023989,0
20,3,6,0.8333333333333334,0.7684660463851551,0.8333333333333334,0.7814437600756161,0.8333333333333334,0.7276789462151347,0.8333333333333334,0.7629041690892433,0.8333333333333334,0.7814437600756161,0
20,3,12,1.0,0.9570306927655601,0.9166666666666666,0.9523698290020914,0.9166666666666666,0.9523698290020914,0.9166666666666666,0.8979930850949573,0.9166666666666666,0.9181901614033214,0
20,3,6,0.8333333333333334,0.7666120872865179,0.8333333333333334,0.7934944942167584,0.6666666666666666,0.6423968276778197,0.8333333333333334,0.7666120872865179,0.8333333333333334,0.7814437600756161,0
20,3,12,1.0,0.9601379352745393,0.9166666666666666,0.9593611246472945,0.9166666666666666,0.9593611246472945,0.8333333333333334,0.8607061749872083,0.8333333333333334,0.8746887662776142,0
20,3,6,0.8333333333333334,0.7972024124140331,0.8333333333333334,0.7953484533153957,0.8333333333333334,0.7953484533153957,0.5,0.6331270321846333,0.5,0.6386889094805451,0
20,3,12,0.9166666666666666,0.9647987990380079,0.8333333333333334,0.9073148126218947,0.75,0.8917786000769992,0.8333333333333334,0.8801264406683276,0.8333333333333334,0.9143061082670977,0
20,3,6,0.8333333333333334,0.8111071056538126,0.8333333333333334,0.7972024124140331,0.8333333333333334,0.7953484533153957,0.5,0.6841109073971586,0.5,0.6507396436216875,0
20,3,12,0.9166666666666666,0.9601379352745393,1.0,0.9616915565290286,1.0,0.9616915565290286,0.75,0.8723583343958798,0.75,0.8770191981593486,0
20,3,6,0.8333333333333334,0.8111071056538126,0.8333333333333334,0.7953484533153957,1.0,0.8092531465551756,0.5,0.6368349503819077,0.5,0.6386889094805451,0
20,3,12,1.0,0.9616915565290286,1.0,0.9663524202924973,0.75,0.8816800619228172,0.8333333333333334,0.8591525537327188,0.8333333333333334,0.868474281259656,0
20,3,6,0.8333333333333334,0.7934944942167584,0.8333333333333334,0.7832977191742535,0.8333333333333334,0.7832977191742535,0.8333333333333334,0.7721739645824296,0.8333333333333334,0.7832977191742535,1
20,3,12,0.8333333333333334,0.9438249121023989,0.75,0.8871177363135305,0.75,0.8871177363135305,0.75,0.9096452445036289,0.75,0.9267350783030139,1
20,3,6,0.6666666666666666,0.7703200054837925,0.8333333333333334,0.7953484533153957,0.6666666666666666,0.7675390668358364,0.5,0.6664982959601043,0.5,0.696161641538301,1
20,3,12,0.8333333333333334,0.9461553439841334,0.75,0.929842320811993,0.75,0.929842320811993,0.75,0.8607061749872083,0.75,0.8777960087865933,1
20,3,6,0.6666666666666666,0.7703200054837925,0.6666666666666666,0.7239710280178603,0.6666666666666666,0.7239710280178603,0.5,0.6664982959601043,0.5,0.6924537233410264,1
20,3,12,0.8333333333333334,0.9244046464212797,0.75,0.929842320811993,0.75,0.929842320811993,0.75,0.8506076368330263,0.75,0.8894481681952648,1
20,3,6,0.8333333333333334,0.7953484533153957,0.3333333333333333,0.40972496079884024,0.3333333333333333,0.5200355271677588,0.5,0.5357941795061757,0.5,0.5042768748293418,1
20,3,12,0.9166666666666666,0.9593611246472945,0.6666666666666666,0.8296337498974173,0.6666666666666666,0.8296337498974173,0.6666666666666666,0.793123650416913,0.6666666666666666,0.8039989991983398,1
20,3,6,0.6666666666666666,0.7721739645824296,0.8333333333333334,0.7972024124140331,0.8333333333333334,0.7972024124140331,0.3333333333333333,0.5775082592255146,0.3333333333333333,0.6090255639023484,1
20,3,12,0.8333333333333334,0.9391640483389304,0.8333333333333334,0.9469321546113779,0.75,0.9368336164571961,0.75,0.834294613660886,0.75,0.8715815237686351,1
20,3,6,0.6666666666666666,0.7638311486385619,0.8333333333333334,0.7832977191742535,0.8333333333333334,0.7832977191742535,0.6666666666666666,0.7601232304412874,0.6666666666666666,0.7675390668358364,1
20,3,12,0.8333333333333334,0.9422712908479094,0.75,0.868474281259656,0.75,0.868474281259656,0.8333333333333334,0.9135292976398529,0.8333333333333334,0.9212974039123005,1
20,3,6,0.8333333333333334,0.7619771895399248,0.5,0.44865810187022326,0.5,0.44865810187022326,0.5,0.5357941795061757,0.5,0.44865810187022326,1
20,3,12,0.8333333333333334,0.9189669720305661,0.6666666666666666,0.8280801286429279,0.6666666666666666,0.8280801286429279,0.5833333333333334,0.776033816617528,0.5833333333333334,0.7822483016354863,1
20,3,6,0.8333333333333334,0.7972024124140331,0.5,0.537648138604813,0.6666666666666666,0.6423968276778197,0.5,0.5320862613089011,0.5,0.537648138604813,1
20,3,12,0.9166666666666666,0.9531466396293363,0.6666666666666666,0.8381786667971098,0.6666666666666666,0.8381786667971098,0.6666666666666666,0.7838019228899757,0.6666666666666666,0.8055526204528293,1
20,3,6,0.6666666666666666,0.68318392784784,0.8333333333333334,0.7397296803562773,0.8333333333333334,0.7536343735960569,0.3333333333333333,0.36244900378358946,0.3333333333333333,0.48666426339228763,2
20,3,12,0.8333333333333334,0.9049843807401602,0.6666666666666666,0.865367038750677,0.6666666666666666,0.8599293643599635,0.75,0.834294613660886,0.75,0.8700279025141455,2
20,3,6,0.6666666666666666,0.7304598848630908,1.0,0.8111071056538126,1.0,0.8111071056538126,0.5,0.5738003410282401,0.5,0.5812161774227893,2
20,3,12,0.8333333333333334,0.9011003276039364,0.75,0.8715815237686351,0.75,0.8715815237686351,0.6666666666666666,0.793123650416913,0.6666666666666666,0.793123650416913,2
20,3,6,0.5,0.6590824595655552,0.8333333333333334,0.7675390668358364,0.8333333333333334,0.7814437600756161,0.3333333333333333,0.5293053226609452,0.3333333333333333,0.5330132408582198,2
20,3,12,0.8333333333333334,0.9321727526937273,0.9166666666666666,0.9647987990380079,0.8333333333333334,0.919743782657811,0.75,0.8265265073884384,0.75,0.868474281259656,2
20,3,6,0.5,0.62849213443804,0.8333333333333334,0.7693930259344738,0.6666666666666666,0.7675390668358364,0.3333333333333333,0.4838833247443317,0.3333333333333333,0.5042768748293418,2
20,3,12,0.8333333333333334,0.9244046464212797,0.8333333333333334,0.9174133507760767,0.8333333333333334,0.9073148126218947,0.75,0.8358482349153755,0.75,0.8731351450231247,2
20,3,6,0.5,0.6377619299312265,0.8333333333333334,0.6980156006369382,0.6666666666666666,0.6924537233410264,0.3333333333333333,0.5135466703225282,0.3333333333333333,0.5524798113939113,2
20,3,12,0.9166666666666666,0.9352799952027064,0.8333333333333334,0.9158597295215872,0.8333333333333334,0.9158597295215872,0.75,0.8746887662776142,0.75,0.8715815237686351,2
20,3,6,0.6666666666666666,0.732313843961728,0.6666666666666666,0.7119202938767178,0.6666666666666666,0.7119202938767178,0.5,0.5626765864364164,0.5,0.5793622183241519,2
20,3,12,0.9166666666666666,0.9399408589661752,0.75,0.9080916232491394,0.75,0.9080916232491394,0.75,0.8218656436249696,0.75,0.8715815237686351,2
20,3,6,0.5,0.6377619299312265,0.8333333333333334,0.7119202938767178,0.6666666666666666,0.5719463819296028,0.3333333333333333,0.49500707933615545,0.3333333333333333,0.5042768748293418,2
20,3,12,0.8333333333333334,0.8793496300410827,0.6666666666666666,0.848277204951292,0.6666666666666666,0.848277204951292,0.75,0.8358482349153755,0.75,0.8715815237686351,2
20,3,6,0.6666666666666666,0.6868918460451146,0.8333333333333334,0.7693930259344738,0.8333333333333334,0.7693930259344738,0.5,0.5228164658157147,0.5,0.563603565985735,2
20,3,12,0.8333333333333334,0.9049843807401602,0.75,0.8412859093060889,0.75,0.8630366068689427,0.75,0.8358482349153755,0.75,0.8731351450231247,2
20,3,6,0.8333333333333334,0.7879326169208466,1.0,0.8092531465551756,0.8333333333333334,0.7795898009769788,0.6666666666666666,0.7573422917933315,0.6666666666666666,0.7795898009769788,3
20,3,12,0.9166666666666666,0.9306191314392378,1.0,0.9663524202924973,0.9166666666666666,0.9368336164571961,0.6666666666666666,0.8187584011159905,0.6666666666666666,0.8311873711519068,3
20,3,6,0.3333333333333333,0.68318392784784,0.8333333333333334,0.7916405351181213,0.8333333333333334,0.7916405351181213,0.5,0.7045044574821687,0.5,0.7045044574821687,3
20,3,12,0.9166666666666666,0.9492625864931123,0.8333333333333334,0.9290655101847483,0.8333333333333334,0.9011003276039364,0.75,0.8459467730695576,0.75,0.8941090319587335,3
20,3,6,0.8333333333333334,0.7795898009769788,1.0,0.8036912692592635,0.8333333333333334,0.7934944942167584,0.8333333333333334,0.7795898009769788,0.8333333333333334,0.7795898009769788,3
20,3,12,0.6666666666666666,0.8770191981593486,0.6666666666666666,0.8335178030336413,0.6666666666666666,0.8335178030336413,0.6666666666666666,0.8630366068689427,0.6666666666666666,0.8770191981593486,3
20,3,6,0.6666666666666666,0.7721739645824296,0.8333333333333334,0.7916405351181213,0.8333333333333334,0.7916405351181213,0.6666666666666666,0.7573422917933315,0.6666666666666666,0.7758818827797043,3
20,3,12,0.9166666666666666,0.9446017227296438,0.9166666666666666,0.9531466396293363,1.0,0.9632451777835183,0.8333333333333334,0.8770191981593486,0.8333333333333334,0.8972162744677126,3
20,3,6,0.6666666666666666,0.7554883326946942,0.8333333333333334,0.7953484533153957,0.8333333333333334,0.7953484533153957,0.6666666666666666,0.7499264553987822,0.6666666666666666,0.7777358418783417,3
20,3,12,0.9166666666666666,0.953923450256581,0.9166666666666666,0.9578075033928048,0.8333333333333334,0.9267350783030139,0.75,0.8475003943240472,0.75,0.8925554107042439,3
20,3,6,0.8333333333333334,0.7795898009769788,0.8333333333333334,0.7934944942167584,0.8333333333333334,0.7814437600756161,0.8333333333333334,0.7795898009769788,0.8333333333333334,0.7814437600756161,3
20,3,12,0.8333333333333334,0.9399408589661752,0.8333333333333334,0.9150829188943423,0.8333333333333334,0.9150829188943423,0.75,0.929842320811993,0.75,0.9376104270844408,3
20,3,6,0.5,0.7165551916233112,0.8333333333333334,0.7721739645824296,0.6666666666666666,0.7545613531453755,0.6666666666666666,0.7248980075671789,0.6666666666666666,0.7304598848630908,3
20,3,12,0.9166666666666666,0.9523698290020914,0.9166666666666666,0.967906041546987,0.9166666666666666,0.9609147459017842,0.75,0.8218656436249696,0.75,0.8607061749872083,3
20,3,6,0.8333333333333334,0.7897865760194839,0.8333333333333334,0.8018373101606263,0.8333333333333334,0.8018373101606263,0.6666666666666666,0.7629041690892433,0.6666666666666666,0.774027923681067,3
20,3,12,0.9166666666666666,0.9616915565290286,1.0,0.9663524202924973,1.0,0.9663524202924973,0.8333333333333334,0.9205205932850558,0.8333333333333334,0.9267350783030139,3
20,3,6,0.8333333333333334,0.7415836394549143,0.3333333333333333,0.6238572366914468,0.3333333333333333,0.6238572366914468,0.3333333333333333,0.4532929996168165,0.3333333333333333,0.5738003410282401,4
20,3,12,0.9166666666666666,0.9267350783030139,0.8333333333333334,0.9119756763853633,0.75,0.8218656436249696,0.6666666666666666,0.707674481419988,0.6666666666666666,0.7356396640007998,4
20,3,6,0.6666666666666666,0.7499264553987822,0.8333333333333334,0.7972024124140331,0.8333333333333334,0.7972024124140331,0.6666666666666666,0.7045044574821687,0.6666666666666666,0.7082123756794434,4
20,3,12,0.8333333333333334,0.9049843807401602,0.9166666666666666,0.967906041546987,0.8333333333333334,0.9259582676757693,0.75,0.8700279025141455,0.75,0.8886713575680202,4
20,3,6,0.6666666666666666,0.7499264553987822,0.8333333333333334,0.7953484533153957,0.6666666666666666,0.7675390668358364,0.6666666666666666,0.7082123756794434,0.6666666666666666,0.7100663347780807,4
20,3,12,0.8333333333333334,0.899546706349447,0.9166666666666666,0.9469321546113779,0.8333333333333334,0.9383872377116855,0.6666666666666666,0.8366250455426204,0.6666666666666666,0.8397322880515995,4
20,3,6,0.6666666666666666,0.7045044574821687,0.6666666666666666,0.748072496300145,0.6666666666666666,0.748072496300145,0.3333333333333333,0.5302323022102639,0.3333333333333333,0.5598956477884605,4
20,3,12,0.9166666666666666,0.9236278357940348,0.9166666666666666,0.9469321546113779,0.9166666666666666,0.9469321546113779,0.6666666666666666,0.7573903615636535,0.6666666666666666,0.776033816617528,4
20,3,6,0.6666666666666666,0.7045044574821687,0.16666666666666666,0.47554050880046395,0.16666666666666666,0.47554050880046395,0.3333333333333333,0.5228164658157147,0.3333333333333333,0.5598956477884605,4
20,3,12,0.9166666666666666,0.9065380019946498,0.75,0.7923468397896682,0.75,0.7923468397896682,0.6666666666666666,0.7154425876924358,0.6666666666666666,0.7822483016354863,4
20,3,6,0.6666666666666666,0.7045044574821687,0.5,0.6785490301012469,0.5,0.6785490301012469,0.3333333333333333,0.5459909545486809,0.3333333333333333,0.4903721815895622,4
20,3,12,1.0,0.9383872377116855,0.9166666666666666,0.919743782657811,0.9166666666666666,0.919743782657811,0.6666666666666666,0.7014599964020299,0.6666666666666666,0.7340860427463104,4
20,3,6,0.8333333333333334,0.735094782609684,0.3333333333333333,0.6331270321846333,0.5,0.6841109073971586,0.16666666666666666,0.5033498952800233,0.16666666666666666,0.5126196907732096,4
20,3,12,0.9166666666666666,0.8886713575680202,0.75,0.7659352784633461,0.75,0.7659352784633461,0.6666666666666666,0.6610658437853016,0.6666666666666666,0.6952455113840716,4
20,3,6,0.6666666666666666,0.7045044574821687,0.16666666666666666,0.45514695871545374,0.3333333333333333,0.6470317254244129,0.3333333333333333,0.5765812796761961,0.3333333333333333,0.589558993366657,4
20,3,12,0.9166666666666666,0.8894481681952648,0.5833333333333334,0.7604976040726326,0.5833333333333334,0.6727180031939732,0.6666666666666666,0.7294251789828416,0.6666666666666666,0.7356396640007998,4
20,3,6,0.16666666666666666,0.46627071330727754,1.0,0.8055452283579009,1.0,0.8055452283579009,0.16666666666666666,0.29385251713400984,0.16666666666666666,0.30683023082447086,5
20,3,12,0.6666666666666666,0.7426309596460029,0.75,0.8902249788225097,0.75,0.9080916232491394,0.5,0.5119182033543053,0.5,0.570955811024908,5
20,3,6,0.3333333333333333,0.5524798113939113,0.8333333333333334,0.7972024124140331,0.8333333333333334,0.7972024124140331,0.16666666666666666,0.34854431054380974,0.16666666666666666,0.3541061878397217,5
20,3,12,0.75,0.8071062417073189,0.75,0.9065380019946498,0.75,0.9065380019946498,0.5,0.5274544158992007,0.5,0.5989209936057198,5
20,3,6,0.5,0.6637173573121484,0.8333333333333334,0.7972024124140331,0.6666666666666666,0.7536343735960569,0.5,0.589558993366657,0.5,0.5951208706625689,5
20,3,12,0.75,0.8381786667971098,0.8333333333333334,0.9018771382311813,0.9166666666666666,0.9383872377116855,0.75,0.8187584011159905,0.75,0.8467235836968023,5
20,3,6,0.5,0.5914129524652942,0.8333333333333334,0.7360217621590027,0.8333333333333334,0.7360217621590027,0.3333333333333333,0.3837695334179182,0.3333333333333333,0.42641059268657583,5
20,3,12,0.6666666666666666,0.7356396640007998,0.6666666666666666,0.827303318015683,0.6666666666666666,0.8358482349153755,0.5,0.5662949472614394,0.5,0.591152887333272,5
20,3,6,0.16666666666666666,0.46812467240591477,0.8333333333333334,0.722117068919223,0.8333333333333334,0.722117068919223,0.16666666666666666,0.3837695334179182,0.16666666666666666,0.39489328800974194,5
20,3,12,0.75,0.8008917566893609,0.5833333333333334,0.7993381354348713,0.6666666666666666,0.8412859093060889,0.5,0.5662949472614394,0.5,0.5973673723512303,5
20,3,6,0.6666666666666666,0.7147012325246738,0.8333333333333334,0.7953484533153957,0.8333333333333334,0.7953484533153957,0.5,0.6359079708325891,0.5,0.6470317254244129,5
20,3,12,0.75,0.8335178030336413,0.8333333333333334,0.9228510251667901,0.9166666666666666,0.9391640483389304,0.75,0.8350714242881307,0.75,0.8583757431054739,5
20,3,6,0.3333333333333333,0.4709056110538707,0.8333333333333334,0.7026504983835313,0.8333333333333334,0.7536343735960569,0.16666666666666666,0.34483639234653524,0.16666666666666666,0.3541061878397217,5
20,3,12,0.75,0.8055526204528293,0.9166666666666666,0.9282886995575035,0.9166666666666666,0.9282886995575035,0.5,0.5196863096267531,0.5,0.5818311598063348,5
20,3,6,0.3333333333333333,0.5274513635623079,0.3333333333333333,0.34483639234653524,0.3333333333333333,0.34483639234653524,0.16666666666666666,0.3763536970233691,0.16666666666666666,0.39489328800974194,5
20,3,12,0.6666666666666666,0.7581671721908982,0.5833333333333334,0.7092281026744776,0.6666666666666666,0.827303318015683,0.5,0.5321152796626694,0.5,0.5756166747883766,5
20,3,6,0.6666666666666666,0.7601232304412874,0.8333333333333334,0.7972024124140331,0.8333333333333334,0.7972024124140331,0.6666666666666666,0.75826927134265,0.6666666666666666,0.7656851077371992,6
20,3,12,0.9166666666666666,0.9562538821383153,0.9166666666666666,0.9523698290020914,0.8333333333333334,0.8746887662776142,0.9166666666666666,0.9438249121023989,0.9166666666666666,0.9609147459017842,6
20,3,6,1.0,0.7981293919633516,0.8333333333333334,0.7814437600756161,0.8333333333333334,0.7814437600756161,0.5,0.602536707057118,0.5,0.6229302571421281,6
20,3,12,0.8333333333333334,0.9088684338763842,0.8333333333333334,0.919743782657811,0.8333333333333334,0.919743782657811,0.75,0.8350714242881307,0.75,0.861482985614453,6
20,3,6,0.8333333333333334,0.7527073940467383,0.8333333333333334,0.7832977191742535,0.8333333333333334,0.7832977191742535,0.5,0.5617496068870977,0.5,0.5858510751693825,6
20,3,12,0.8333333333333334,0.9057611913674051,0.8333333333333334,0.9267350783030139,0.8333333333333334,0.9267350783030139,0.6666666666666666,0.8016685673166055,0.6666666666666666,0.8094366735890532,6
20,3,6,0.8333333333333334,0.7527073940467383,0.5,0.6229302571421281,0.5,0.6229302571421281,0.5,0.5710194023802841,0.5,0.5858510751693825,6
20,3,12,0.8333333333333334,0.9259582676757693,0.8333333333333334,0.9368336164571961,0.8333333333333334,0.9368336164571961,0.6666666666666666,0.8133207267252771,0.6666666666666666,0.8288569392701726,6
20,3,6,0.6666666666666666,0.7341678030603653,0.8333333333333334,0.7777358418783417,0.8333333333333334,0.7777358418783417,0.5,0.4875912429416063,0.5,0.5005689566320672,6
20,3,12,0.75,0.9088684338763842,0.75,0.9189669720305661,0.75,0.9189669720305661,0.5833333333333334,0.7791410591265071,0.5833333333333334,0.8195352117432352,6
20,3,6,0.8333333333333334,0.7703200054837925,0.5,0.621076298043491,0.5,0.621076298043491,0.5,0.602536707057118,0.5,0.6229302571421281,6
20,3,12,0.8333333333333334,0.9135292976398529,0.8333333333333334,0.878572819413838,0.8333333333333334,0.9368336164571961,0.6666666666666666,0.8032221885710952,0.6666666666666666,0.8156511586070114,6
20,3,6,0.6666666666666666,0.7341678030603653,0.6666666666666666,0.6590824595655552,0.8333333333333334,0.7119202938767178,0.3333333333333333,0.40045516530565384,0.3333333333333333,0.3337126377547115,6
20,3,12,0.75,0.8777960087865933,0.75,0.9088684338763842,0.5833333333333334,0.834294613660886,0.5833333333333334,0.7542831190546745,0.5833333333333334,0.7946772716714026,6
20,3,6,0.8333333333333334,0.7666120872865179,0.6666666666666666,0.7258249871164975,0.6666666666666666,0.7258249871164975,0.5,0.5979018093105248,0.5,0.6053176457050738,6
20,3,12,0.8333333333333334,0.9096452445036289,0.8333333333333334,0.9057611913674051,0.8333333333333334,0.9057611913674051,0.75,0.8521612580875157,0.75,0.8599293643599635,6
20,3,6,0.8333333333333334,0.7879326169208466,0.6666666666666666,0.748072496300145,0.8333333333333334,0.7953484533153957,0.6666666666666666,0.6859648664957959,0.6666666666666666,0.7119202938767178,7
20,3,12,0.8333333333333334,0.9368336164571961,0.9166666666666666,0.9578075033928048,0.9166666666666666,0.9407176695934198,0.6666666666666666,0.865367038750677,0.6666666666666666,0.8731351450231247,7
20,3,6,0.5,0.6952346619889823,0.8333333333333334,0.8111071056538126,0.8333333333333334,0.7953484533153957,0.3333333333333333,0.621076298043491,0.3333333333333333,0.6173683798462164,7
20,3,12,0.8333333333333334,0.865367038750677,0.9166666666666666,0.9593611246472945,0.8333333333333334,0.9461553439841334,0.8333333333333334,0.8669206600051664,0.8333333333333334,0.8777960087865933,7
20,3,6,0.6666666666666666,0.732313843961728,0.6666666666666666,0.6757680914532908,0.6666666666666666,0.7165551916233112,0.6666666666666666,0.6952346619889823,0.6666666666666666,0.7082123756794434,7
20,3,12,0.8333333333333334,0.9345031845754617,1.0,0.9663524202924973,1.0,0.9663524202924973,0.75,0.8661438493779217,0.75,0.895662653213223,7
20,3,6,0.5,0.706358416580806,0.6666666666666666,0.7675390668358364,0.5,0.7026504983835313,0.5,0.6952346619889823,0.5,0.706358416580806,7
20,3,12,0.75,0.8381786667971098,0.8333333333333334,0.9477089652386228,0.9166666666666666,0.9430481014751542,0.75,0.8397322880515995,0.75,0.8350714242881307,7
20,3,6,0.5,0.7045044574821687,0.6666666666666666,0.7693930259344738,0.5,0.7378757212576399,0.5,0.7443645781028705,0.5,0.7499264553987822,7
20,3,12,0.75,0.8335178030336413,0.9166666666666666,0.9593611246472945,0.8333333333333334,0.9414944802206647,0.75,0.8366250455426204,0.75,0.8428395305605785,7
20,3,6,0.8333333333333334,0.7860786578222094,0.8333333333333334,0.6887458051437517,0.8333333333333334,0.7258249871164975,0.5,0.5014959361813859,0.5,0.6034636866064367,7
20,3,12,0.9166666666666666,0.9515930183748468,0.8333333333333334,0.9306191314392378,0.8333333333333334,0.9306191314392378,0.6666666666666666,0.8622597962416979,0.6666666666666666,0.8700279025141455,7
20,3,6,0.6666666666666666,0.7758818827797043,1.0,0.8036912692592635,1.0,0.8036912692592635,0.5,0.5052038543786604,0.5,0.6053176457050738,7
20,3,12,0.9166666666666666,0.9453785333568886,0.9166666666666666,0.9609147459017842,0.9166666666666666,0.9523698290020914,0.75,0.8824568725500619,0.75,0.9073148126218947,7
20,3,6,0.3333333333333333,0.6488856845230502,0.8333333333333334,0.8092531465551756,0.8333333333333334,0.8092531465551756,0.5,0.7045044574821687,0.5,0.7100663347780807,7
20,3,12,0.8333333333333334,0.8645902281234322,0.9166666666666666,0.9562538821383153,0.9166666666666666,0.9562538821383153,0.75,0.8311873711519068,0.75,0.834294613660886,7
20,3,6,1.0,0.8092531465551756,0.8333333333333334,0.7814437600756161,0.6666666666666666,0.6683522550587417,0.6666666666666666,0.6711331937066976,0.6666666666666666,0.6729871528053349,8
20,3,12,0.75,0.9150829188943423,0.6666666666666666,0.8451699624423127,0.75,0.8894481681952648,0.75,0.8552685005964948,0.75,0.8987698957222022,8
20,3,6,1.0,0.8092531465551756,0.6666666666666666,0.7360217621590027,0.6666666666666666,0.6785490301012469,0.6666666666666666,0.6822569482985213,0.6666666666666666,0.6822569482985213,8
20,3,12,0.8333333333333334,0.9383872377116855,0.75,0.8925554107042439,0.75,0.9073148126218947,0.75,0.8537148793420054,0.75,0.8987698957222022,8
20,3,6,1.0,0.8092531465551756,0.6666666666666666,0.7378757212576399,0.8333333333333334,0.7832977191742535,0.6666666666666666,0.6729871528053349,0.6666666666666666,0.6729871528053349,8
20,3,12,0.8333333333333334,0.9290655101847483,0.75,0.9080916232491394,0.75,0.8513844474602711,0.6666666666666666,0.7985613248076264,0.6666666666666666,0.8296337498974173,8
20,3,6,0.8333333333333334,0.8092531465551756,0.8333333333333334,0.7832977191742535,0.6666666666666666,0.6841109073971586,0.6666666666666666,0.615514420747579,0.6666666666666666,0.62849213443804,8
20,3,12,0.8333333333333334,0.9391640483389304,0.8333333333333334,0.9166365401488319,0.75,0.9026539488584261,0.5833333333333334,0.7946772716714026,0.5833333333333334,0.7993381354348713,8
20,3,6,0.5,0.6859648664957959,0.8333333333333334,0.774027923681067,0.8333333333333334,0.774027923681067,0.5,0.6525936027203249,0.5,0.6766950710026095,8
20,3,12,0.8333333333333334,0.8529380687147605,0.9166666666666666,0.953923450256581,0.9166666666666666,0.9609147459017842,0.75,0.8024453779438504,0.75,0.8350714242881307,8
20,3,6,1.0,0.8092531465551756,0.6666666666666666,0.7378757212576399,0.5,0.6071716048037112,0.6666666666666666,0.6173683798462164,0.6666666666666666,0.62849213443804,8
20,3,12,0.8333333333333334,0.9368336164571961,0.75,0.8964394638404679,0.75,0.8894481681952648,0.6666666666666666,0.8078830523345638,0.6666666666666666,0.8280801286429279,8
20,3,6,0.8333333333333334,0.7536343735960569,0.6666666666666666,0.6785490301012469,0.6666666666666666,0.748072496300145,0.6666666666666666,0.6173683798462164,0.6666666666666666,0.6266381753394027,8
20,3,12,0.75,0.919743782657811,0.75,0.8832336831773067,0.6666666666666666,0.8490540155785367,0.75,0.8039989991983398,0.75,0.8506076368330263,8
20,3,6,1.0,0.8092531465551756,0.3333333333333333,0.5209625067170774,0.5,0.6229302571421281,0.6666666666666666,0.6711331937066976,0.6666666666666666,0.6711331937066976,8
20,3,12,0.8333333333333334,0.9360568058299513,0.5833333333333334,0.7597207934453879,0.5833333333333334,0.7597207934453879,0.6666666666666666,0.8179815904887457,0.6666666666666666,0.8506076368330263,8
20,3,6,0.8333333333333334,0.7675390668358364,0.8333333333333334,0.7832977191742535,1.0,0.8111071056538126,0.5,0.6470317254244129,0.5,0.667425275509423,9
20,3,12,0.8333333333333334,0.8762423875321038,1.0,0.967906041546987,0.9166666666666666,0.9593611246472945,0.6666666666666666,0.7869091653989548,0.6666666666666666,0.8350714242881307,9
20,3,6,0.8333333333333334,0.7489994758494636,0.6666666666666666,0.7777358418783417,0.6666666666666666,0.7499264553987822,0.3333333333333333,0.5033498952800233,0.3333333333333333,0.5070578134772977,9
20,3,12,0.8333333333333334,0.8777960087865933,1.0,0.9647987990380079,1.0,0.9647987990380079,0.6666666666666666,0.8241960755067039,0.6666666666666666,0.8335178030336413,9
20,3,6,0.8333333333333334,0.7693930259344738,0.6666666666666666,0.7517804144974195,0.6666666666666666,0.7554883326946942,0.5,0.6507396436216875,0.5,0.667425275509423,9
20,3,12,0.8333333333333334,0.8762423875321038,0.9166666666666666,0.9523698290020914,0.9166666666666666,0.9609147459017842,0.6666666666666666,0.7977845141803817,0.6666666666666666,0.8335178030336413,9
20,3,6,0.6666666666666666,0.7499264553987822,0.8333333333333334,0.7972024124140331,0.8333333333333334,0.7972024124140331,0.5,0.6618633982135111,0.5,0.667425275509423,9
20,3,12,0.75,0.8599293643599635,0.9166666666666666,0.9236278357940348,0.9166666666666666,0.9446017227296438,0.6666666666666666,0.8148743479797668,0.6666666666666666,0.7993381354348713,9
20,3,6,0.8333333333333334,0.7675390668358364,0.6666666666666666,0.7536343735960569,0.6666666666666666,0.7397296803562773,0.5,0.641469848128501,0.5,0.6692792346080604,9
20,3,12,0.75,0.8599293643599635,1.0,0.9632451777835183,1.0,0.9632451777835183,0.6666666666666666,0.827303318015683,0.6666666666666666,0.8008917566893609,9
20,3,6,0.8333333333333334,0.7675390668358364,0.8333333333333334,0.7814437600756161,0.8333333333333334,0.7814437600756161,0.5,0.5951208706625689,0.5,0.5988287888598435,9
20,3,12,0.75,0.8568221218509844,1.0,0.9647987990380079,1.0,0.9647987990380079,0.6666666666666666,0.7799178697537518,0.6666666666666666,0.834294613660886,9
20,3,6,0.8333333333333334,0.7462185372015077,0.8333333333333334,0.7832977191742535,0.8333333333333334,0.7832977191742535,0.6666666666666666,0.6905997642423891,0.6666666666666666,0.6905997642423891,9
20,3,12,0.8333333333333334,0.8754655769048589,1.0,0.9601379352745393,0.9166666666666666,0.9547002608838258,0.75,0.8350714242881307,0.75,0.8412859093060889,9
20,3,6,0.8333333333333334,0.7619771895399248,1.0,0.8036912692592635,1.0,0.8036912692592635,0.8333333333333334,0.7619771895399248,0.8333333333333334,0.7619771895399248,9
20,3,12,0.9166666666666666,0.9492625864931123,0.9166666666666666,0.9547002608838258,0.8333333333333334,0.8979930850949573,0.8333333333333334,0.9104220551308738,0.8333333333333334,0.9228510251667901,9
20,3,6,0.6666666666666666,0.7647581281878805,0.8333333333333334,0.7536343735960569,0.8333333333333334,0.7536343735960569,0.5,0.7128472734260366,0.5,0.7184091507219484,10
20,3,12,0.9166666666666666,0.9461553439841334,0.75,0.8746887662776142,0.8333333333333334,0.9158597295215872,0.8333333333333334,0.9430481014751542,0.8333333333333334,0.953923450256581,10
20,3,6,0.6666666666666666,0.7211900893699044,0.5,0.7378757212576399,0.5,0.7378757212576399,0.6666666666666666,0.7211900893699044,0.6666666666666666,0.7397296803562773,10
20,3,12,0.9166666666666666,0.9461553439841334,0.9166666666666666,0.9438249121023989,0.8333333333333334,0.8964394638404679,0.9166666666666666,0.9461553439841334,0.9166666666666666,0.967906041546987,10
20,3,6,0.5,0.6776220505519281,0.5,0.6664982959601043,0.5,0.6850378869464773,0.3333333333333333,0.5191085476184402,0.3333333333333333,0.5413560568020876,10
20,3,12,0.9166666666666666,0.9088684338763842,0.75,0.8436163411878232,0.75,0.8436163411878232,0.6666666666666666,0.7838019228899757,0.6666666666666666,0.8319641817791517,10
20,3,6,0.5,0.6498126640723688,0.8333333333333334,0.7814437600756161,0.8333333333333334,0.7814437600756161,0.3333333333333333,0.521889486266396,0.3333333333333333,0.5163276089704841,10
20,3,12,0.75,0.8109902948435429,1.0,0.9616915565290286,1.0,0.9616915565290286,0.6666666666666666,0.7434077702732476,0.6666666666666666,0.7636048465816118,10
20,3,6,0.6666666666666666,0.7554883326946942,0.5,0.6442507867764569,0.5,0.6442507867764569,0.6666666666666666,0.7554883326946942,0.6666666666666666,0.7795898009769788,10
20,3,12,0.9166666666666666,0.9461553439841334,1.0,0.9663524202924973,1.0,0.9663524202924973,0.8333333333333334,0.9430481014751542,0.8333333333333334,0.953923450256581,10
20,3,6,0.6666666666666666,0.7388027008069586,0.8333333333333334,0.7397296803562773,0.8333333333333334,0.7397296803562773,0.5,0.680402989199884,0.5,0.680402989199884,10
20,3,12,0.8333333333333334,0.8777960087865933,0.6666666666666666,0.8754655769048589,0.6666666666666666,0.8754655769048589,0.75,0.8358482349153755,0.75,0.8436163411878232,10
20,3,6,0.6666666666666666,0.7174821711726299,0.5,0.7184091507219484,0.5,0.7184091507219484,0.6666666666666666,0.7174821711726299,0.6666666666666666,0.7415836394549143,10
20,3,12,0.9166666666666666,0.9523698290020914,0.9166666666666666,0.9609147459017842,0.9166666666666666,0.9609147459017842,0.8333333333333334,0.8832336831773067,0.8333333333333334,0.8941090319587335,10
20,3,6,0.5,0.6887458051437517,0.8333333333333334,0.7972024124140331,0.8333333333333334,0.7972024124140331,0.5,0.6192223389448536,0.5,0.6266381753394027,10
20,3,12,0.75,0.8179815904887457,1.0,0.9632451777835183,1.0,0.9632451777835183,0.75,0.8086598629618085,0.75,0.8568221218509844,10
20,3,6,0.8333333333333334,0.8055452283579009,0.8333333333333334,0.7832977191742535,0.8333333333333334,0.7832977191742535,0.5,0.7035774779328501,0.5,0.7165551916233112,11
20,3,12,0.8333333333333334,0.9492625864931123,0.8333333333333334,0.9383872377116855,0.8333333333333334,0.9313959420664826,0.6666666666666666,0.8871177363135305,0.6666666666666666,0.9150829188943423,11
20,3,6,0.6666666666666666,0.7360217621590027,0.6666666666666666,0.7137742529753552,0.6666666666666666,0.7239710280178603,0.3333333333333333,0.6201493184941722,0.3333333333333333,0.6220032775928095,11
20,3,12,0.8333333333333334,0.950816207747602,0.8333333333333334,0.9228510251667901,0.8333333333333334,0.9228510251667901,0.6666666666666666,0.8824568725500619,0.6666666666666666,0.9104220551308738,11
20,3,6,0.8333333333333334,0.7795898009769788,0.3333333333333333,0.55340679094323,0.5,0.7202631098205856,0.3333333333333333,0.6479587049737315,0.3333333333333333,0.6535205822696434,11
20,3,12,0.8333333333333334,0.9492625864931123,0.5833333333333334,0.8249728861339488,0.6666666666666666,0.8863409256862858,0.5833333333333334,0.8117671054707877,0.5833333333333334,0.8226424542522145,11
20,3,6,0.6666666666666666,0.722117068919223,0.8333333333333334,0.7832977191742535,0.8333333333333334,0.7832977191742535,0.5,0.7119202938767178,0.5,0.7304598848630908,11
20,3,12,0.75,0.9313959420664826,0.75,0.9073148126218947,0.75,0.9073148126218947,0.6666666666666666,0.8715815237686351,0.6666666666666666,0.9073148126218947,11
20,3,6,0.8333333333333334,0.8055452283579009,0.8333333333333334,0.7832977191742535,0.8333333333333334,0.7693930259344738,0.3333333333333333,0.6340540117339519,0.3333333333333333,0.6525936027203249,11
20,3,12,0.8333333333333334,0.950816207747602,0.8333333333333334,0.9228510251667901,0.8333333333333334,0.9329495633209722,0.6666666666666666,0.8855641150590411,0.6666666666666666,0.9104220551308738,11
20,3,6,0.6666666666666666,0.7360217621590027,0.8333333333333334,0.7536343735960569,0.8333333333333334,0.7536343735960569,0.3333333333333333,0.5830701365214265,0.3333333333333333,0.6034636866064367,11
20,3,12,0.8333333333333334,0.950816207747602,0.8333333333333334,0.9267350783030139,0.8333333333333334,0.9267350783030139,0.5833333333333334,0.861482985614453,0.5833333333333334,0.9143061082670977,11
20,3,6,0.6666666666666666,0.7731009441317482,0.8333333333333334,0.7814437600756161,0.8333333333333334,0.7100663347780807,0.5,0.7758818827797043,0.5,0.8092531465551756,11
20,3,12,0.75,0.9368336164571961,0.75,0.9228510251667901,0.75,0.9228510251667901,0.5833333333333334,0.8692510918869008,0.5833333333333334,0.8987698957222022,11
20,3,6,0.6666666666666666,0.7953484533153957,0.6666666666666666,0.774027923681067,0.6666666666666666,0.75826927134265,0.6666666666666666,0.7629041690892433,0.6666666666666666,0.7832977191742535,11
20,3,12,0.8333333333333334,0.950816207747602,0.9166666666666666,0.9632451777835183,0.8333333333333334,0.9119756763853633,0.6666666666666666,0.9042075701129155,0.6666666666666666,0.9104220551308738,11
20,3,6,0.5,0.6655713164107858,1.0,0.8111071056538126,0.8333333333333334,0.7814437600756161,0.6666666666666666,0.6702062141573789,0.6666666666666666,0.6776220505519281,12
20,3,12,0.9166666666666666,0.8599293643599635,0.8333333333333334,0.9228510251667901,0.9166666666666666,0.9469321546113779,0.8333333333333334,0.8700279025141455,0.8333333333333334,0.8746887662776142,12
20,3,6,0.8333333333333334,0.6924537233410264,1.0,0.8055452283579009,1.0,0.8055452283579009,0.6666666666666666,0.5580416886898232,0.6666666666666666,0.5747273205775587,12
20,3,12,0.75,0.8319641817791517,0.75,0.9042075701129155,0.75,0.9042075701129155,0.6666666666666666,0.8109902948435429,0.6666666666666666,0.817204779861501,12
20,3,6,0.6666666666666666,0.6943076824396638,1.0,0.8092531465551756,1.0,0.8092531465551756,0.6666666666666666,0.6943076824396638,0.6666666666666666,0.7128472734260366,12
20,3,12,0.9166666666666666,0.9065380019946498,0.75,0.8972162744677126,0.75,0.8972162744677126,0.8333333333333334,0.8731351450231247,0.8333333333333334,0.8746887662776142,12
20,3,6,0.8333333333333334,0.7304598848630908,1.0,0.8036912692592635,1.0,0.8036912692592635,0.5,0.5441369954500435,0.5,0.5700924228309655,12
20,3,12,0.75,0.8350714242881307,0.75,0.9251814570485245,0.6666666666666666,0.8809032512955723,0.6666666666666666,0.8475003943240472,0.6666666666666666,0.8552685005964948,12
20,3,6,0.8333333333333334,0.7119202938767178,1.0,0.8111071056538126,1.0,0.8111071056538126,0.5,0.48573728384296894,0.5,0.4931531202375181,12
20,3,12,0.75,0.8133207267252771,0.75,0.919743782657811,0.6666666666666666,0.8886713575680202,0.6666666666666666,0.7993381354348713,0.6666666666666666,0.8257496967611936,12
20,3,6,0.8333333333333334,0.722117068919223,1.0,0.8092531465551756,1.0,0.8092531465551756,0.6666666666666666,0.5784352387748333,0.6666666666666666,0.6136604616489417,12
20,3,12,0.5833333333333334,0.8280801286429279,0.8333333333333334,0.929842320811993,0.6666666666666666,0.8902249788225097,0.5833333333333334,0.817204779861501,0.5833333333333334,0.8265265073884384,12
20,3,6,0.8333333333333334,0.68318392784784,0.8333333333333334,0.7758818827797043,1.0,0.8055452283579009,0.5,0.5163276089704841,0.5,0.5496988727459554,12
20,3,12,0.6666666666666666,0.8412859093060889,0.6666666666666666,0.8692510918869008,0.8333333333333334,0.9562538821383153,0.6666666666666666,0.817204779861501,0.6666666666666666,0.8420627199333338,12
20,3,6,0.6666666666666666,0.6331270321846333,1.0,0.8092531465551756,1.0,0.8092531465551756,0.5,0.5320862613089011,0.5,0.5357941795061757,12
20,3,12,0.6666666666666666,0.817204779861501,0.8333333333333334,0.9438249121023989,0.8333333333333334,0.9438249121023989,0.6666666666666666,0.8234192648794592,0.6666666666666666,0.848277204951292,12
20,3,6,0.8333333333333334,0.7897865760194839,0.8333333333333334,0.7795898009769788,0.8333333333333334,0.7832977191742535,0.8333333333333334,0.7897865760194839,0.8333333333333334,0.7972024124140331,13
20,3,12,0.9166666666666666,0.9531466396293363,0.9166666666666666,0.9407176695934198,0.9166666666666666,0.9407176695934198,0.9166666666666666,0.9111988657581186,0.9166666666666666,0.9329495633209722,13
20,3,6,0.8333333333333334,0.7795898009769788,0.6666666666666666,0.7082123756794434,0.6666666666666666,0.7082123756794434,0.6666666666666666,0.6868918460451146,0.6666666666666666,0.6980156006369382,13
20,3,12,0.9166666666666666,0.9547002608838258,0.8333333333333334,0.9383872377116855,0.8333333333333334,0.9469321546113779,0.6666666666666666,0.7892395972806893,0.6666666666666666,0.8047758098255846,13
20,3,6,0.8333333333333334,0.7842246987235721,0.8333333333333334,0.8092531465551756,0.8333333333333334,0.8092531465551756,0.8333333333333334,0.7842246987235721,0.8333333333333334,0.7953484533153957,13
20,3,12,0.9166666666666666,0.9531466396293363,0.9166666666666666,0.9383872377116855,0.9166666666666666,0.9383872377116855,0.9166666666666666,0.9111988657581186,0.9166666666666666,0.9313959420664826,13
20,3,6,0.8333333333333334,0.7814437600756161,0.8333333333333334,0.7972024124140331,0.8333333333333334,0.7972024124140331,0.6666666666666666,0.6887458051437517,0.6666666666666666,0.6980156006369382,13
20,3,12,0.8333333333333334,0.9368336164571961,0.8333333333333334,0.9282886995575035,0.8333333333333334,0.9282886995575035,0.6666666666666666,0.7783642484992623,0.6666666666666666,0.8001149460621161,13
20,3,6,0.8333333333333334,0.7916405351181213,0.8333333333333334,0.7536343735960569,1.0,0.8111071056538126,0.8333333333333334,0.722117068919223,0.8333333333333334,0.7258249871164975,13
20,3,12,0.9166666666666666,0.9282886995575035,0.9166666666666666,0.9523698290020914,0.9166666666666666,0.9523698290020914,0.8333333333333334,0.8902249788225097,0.8333333333333334,0.8871177363135305,13
20,3,6,0.8333333333333334,0.7897865760194839,0.6666666666666666,0.654447561818962,0.8333333333333334,0.6702062141573789,0.8333333333333334,0.7035774779328501,0.8333333333333334,0.7276789462151347,13
20,3,12,0.9166666666666666,0.9267350783030139,0.9166666666666666,0.9174133507760767,0.8333333333333334,0.9088684338763842,0.8333333333333334,0.8405090986788442,0.8333333333333334,0.8715815237686351,13
20,3,6,0.8333333333333334,0.7795898009769788,0.6666666666666666,0.7276789462151347,0.6666666666666666,0.7276789462151347,0.8333333333333334,0.7795898009769788,0.8333333333333334,0.7795898009769788,13
20,3,12,0.9166666666666666,0.9562538821383153,0.75,0.9026539488584261,0.75,0.9026539488584261,0.9166666666666666,0.9547002608838258,0.9166666666666666,0.9609147459017842,13
20,3,6,0.8333333333333334,0.7934944942167584,0.6666666666666666,0.748072496300145,0.6666666666666666,0.748072496300145,0.6666666666666666,0.6868918460451146,0.6666666666666666,0.6980156006369382,13
20,3,12,0.9166666666666666,0.9593611246472945,0.8333333333333334,0.8871177363135305,0.8333333333333334,0.8871177363135305,0.75,0.8645902281234322,0.75,0.8832336831773067,13
20,3,6,0.8333333333333334,0.8036912692592635,0.8333333333333334,0.7832977191742535,0.8333333333333334,0.7832977191742535,0.6666666666666666,0.6238572366914468,0.6666666666666666,0.6590824595655552,14
20,3,12,0.8333333333333334,0.9376104270844408,0.75,0.9026539488584261,0.75,0.9026539488584261,0.6666666666666666,0.8187584011159905,0.6666666666666666,0.8575989324782292,14
20,3,6,0.8333333333333334,0.8018373101606263,0.6666666666666666,0.7397296803562773,0.8333333333333334,0.7814437600756161,0.5,0.5209625067170774,0.5,0.5024229157307045,14
20,3,12,0.8333333333333334,0.9383872377116855,0.8333333333333334,0.9282886995575035,0.8333333333333334,0.9282886995575035,0.6666666666666666,0.8475003943240472,0.6666666666666666,0.8475003943240472,14
20,3,6,0.8333333333333334,0.8018373101606263,0.8333333333333334,0.7675390668358364,0.8333333333333334,0.7675390668358364,0.5,0.5311592817595825,0.5,0.5812161774227893,14
20,3,12,0.9166666666666666,0.9492625864931123,0.75,0.9057611913674051,0.75,0.912752487012608,0.75,0.8327409924063964,0.75,0.8700279025141455,14
20,3,6,0.6666666666666666,0.7499264553987822,0.6666666666666666,0.6943076824396638,0.6666666666666666,0.6766950710026095,0.5,0.6294191139873587,0.5,0.6349809912832706,14
20,3,12,0.8333333333333334,0.9461553439841334,0.8333333333333334,0.9166365401488319,0.8333333333333334,0.9166365401488319,0.8333333333333334,0.9119756763853633,0.8333333333333334,0.950816207747602,14
20,3,6,0.8333333333333334,0.7907135555688025,1.0,0.8092531465551756,1.0,0.8092531465551756,0.5,0.45514695871545374,0.5,0.45514695871545374,14
20,3,12,0.8333333333333334,0.9290655101847483,0.9166666666666666,0.9492625864931123,0.8333333333333334,0.9236278357940348,0.6666666666666666,0.7333092321190655,0.6666666666666666,0.7876859760261996,14
20,3,6,0.8333333333333334,0.8092531465551756,0.6666666666666666,0.7258249871164975,0.8333333333333334,0.7675390668358364,0.6666666666666666,0.6164414002968976,0.6666666666666666,0.6609364186641926,14
20,3,12,0.8333333333333334,0.9352799952027064,0.8333333333333334,0.9236278357940348,0.75,0.8793496300410827,0.75,0.8622597962416979,0.75,0.8700279025141455,14
20,3,6,0.6666666666666666,0.7425106190042331,0.8333333333333334,0.7693930259344738,0.8333333333333334,0.7693930259344738,0.5,0.6164414002968976,0.5,0.6312730730859959,14
20,3,12,0.9166666666666666,0.9228510251667901,0.75,0.8863409256862858,0.8333333333333334,0.9135292976398529,0.8333333333333334,0.8630366068689427,0.8333333333333334,0.8972162744677126,14
20,3,6,0.8333333333333334,0.8018373101606263,0.8333333333333334,0.7777358418783417,0.8333333333333334,0.7777358418783417,0.5,0.4644167542086402,0.5,0.482956345195013,14
20,3,12,0.9166666666666666,0.9523698290020914,0.75,0.8941090319587335,0.75,0.8941090319587335,0.6666666666666666,0.8257496967611936,0.6666666666666666,0.8459467730695576,14
20,3,6,0.6666666666666666,0.7517804144974195,0.8333333333333334,0.7554883326946942,0.8333333333333334,0.7554883326946942,0.3333333333333333,0.5079847930266165,0.3333333333333333,0.5302323022102639,15
20,3,12,0.8333333333333334,0.8746887662776142,0.8333333333333334,0.8972162744677126,0.8333333333333334,0.8972162744677126,0.5833333333333334,0.7239875045921282,0.5833333333333334,0.7208802620831491,15
20,3,6,0.6666666666666666,0.7517804144974195,0.16666666666666666,0.1918847667089591,0.3333333333333333,0.4366073677290809,0.3333333333333333,0.22247509183647435,0.3333333333333333,0.4412422654756741,15
20,3,12,0.8333333333333334,0.8746887662776142,0.4166666666666667,0.5375529540533828,0.5833333333333334,0.7573903615636535,0.5833333333333334,0.6338774718317346,0.5833333333333334,0.7317556108645759,15
20,3,6,0.8333333333333334,0.7879326169208466,0.8333333333333334,0.7953484533153957,0.8333333333333334,0.7953484533153957,0.16666666666666666,0.275312926147637,0.16666666666666666,0.28087480344354887,15
20,3,12,0.8333333333333334,0.8669206600051664,0.5833333333333334,0.8280801286429279,0.75,0.8731351450231247,0.5833333333333334,0.6540745481400987,0.5833333333333334,0.7674888997178355,15
20,3,6,0.6666666666666666,0.7656851077371992,0.8333333333333334,0.6822569482985213,0.8333333333333334,0.6822569482985213,0.16666666666666666,0.2716050079503624,0.16666666666666666,0.28272876254218615,15
20,3,12,0.8333333333333334,0.9150829188943423,0.6666666666666666,0.8327409924063964,0.6666666666666666,0.8529380687147605,0.5,0.6408687674769376,0.5,0.6797092988391762,15
20,3,6,0.6666666666666666,0.7082123756794434,0.6666666666666666,0.7619771895399248,0.6666666666666666,0.7619771895399248,0.5,0.6664982959601043,0.5,0.6664982959601043,15
20,3,12,0.6666666666666666,0.827303318015683,0.8333333333333334,0.9352799952027064,0.8333333333333334,0.9352799952027064,0.5833333333333334,0.7348628533735551,0.5833333333333334,0.7410773383915132,15
20,3,6,0.6666666666666666,0.7619771895399248,0.8333333333333334,0.7517804144974195,0.8333333333333334,0.7517804144974195,0.16666666666666666,0.511692711223891,0.16666666666666666,0.524670424914352,15
20,3,12,0.8333333333333334,0.8669206600051664,0.9166666666666666,0.9547002608838258,0.8333333333333334,0.9220742145395454,0.6666666666666666,0.8016685673166055,0.6666666666666666,0.7643816572088564,15
20,3,6,0.6666666666666666,0.7601232304412874,0.8333333333333334,0.7832977191742535,0.8333333333333334,0.7832977191742535,0.3333333333333333,0.5395020977034503,0.3333333333333333,0.4412422654756741,15
20,3,12,0.8333333333333334,0.8793496300410827,0.8333333333333334,0.895662653213223,0.8333333333333334,0.895662653213223,0.5833333333333334,0.7037904282837641,0.5833333333333334,0.711558534556212,15
20,3,6,0.6666666666666666,0.7656851077371992,0.8333333333333334,0.7953484533153957,0.8333333333333334,0.7953484533153957,0.16666666666666666,0.47646748834978253,0.16666666666666666,0.524670424914352,15
20,3,12,0.8333333333333334,0.8762423875321038,0.8333333333333334,0.9236278357940348,0.8333333333333334,0.9026539488584261,0.5833333333333334,0.7488454446639611,0.5833333333333334,0.7643816572088564,15
20,3,6,0.6666666666666666,0.7388027008069586,0.6666666666666666,0.7443645781028705,0.6666666666666666,0.7443645781028705,0.5,0.6822569482985213,0.5,0.6822569482985213,16
20,3,12,0.8333333333333334,0.9360568058299513,0.9166666666666666,0.967906041546987,0.9166666666666666,0.967906041546987,0.75,0.8925554107042439,0.75,0.9158597295215872,16
20,3,6,0.5,0.722117068919223,0.6666666666666666,0.6943076824396638,0.5,0.6692792346080604,0.5,0.722117068919223,0.5,0.722117068919223,16
20,3,12,0.8333333333333334,0.8886713575680202,0.8333333333333334,0.9150829188943423,0.8333333333333334,0.9368336164571961,0.75,0.8374018561698652,0.75,0.8607061749872083,16
20,3,6,0.6666666666666666,0.7341678030603653,0.8333333333333334,0.8092531465551756,0.8333333333333334,0.8092531465551756,0.6666666666666666,0.7341678030603653,0.6666666666666666,0.7415836394549143,16
20,3,12,0.8333333333333334,0.9438249121023989,0.9166666666666666,0.953923450256581,0.8333333333333334,0.9438249121023989,0.8333333333333334,0.929842320811993,0.8333333333333334,0.9453785333568886,16
20,3,6,0.5,0.696161641538301,0.6666666666666666,0.7415836394549143,0.5,0.7100663347780807,0.5,0.696161641538301,0.5,0.696161641538301,16
20,3,12,0.8333333333333334,0.9282886995575035,0.8333333333333334,0.8964394638404679,0.8333333333333334,0.9096452445036289,0.8333333333333334,0.8902249788225097,0.8333333333333334,0.9228510251667901,16
20,3,6,0.6666666666666666,0.7202631098205856,0.8333333333333334,0.7972024124140331,0.8333333333333334,0.8092531465551756,0.5,0.6683522550587417,0.5,0.6683522550587417,16
20,3,12,0.8333333333333334,0.9453785333568886,0.9166666666666666,0.950816207747602,0.9166666666666666,0.967906041546987,0.6666666666666666,0.844393151815068,0.6666666666666666,0.8397322880515995,16
20,3,6,0.5,0.6618633982135111,0.8333333333333334,0.6563015209175994,0.6666666666666666,0.6053176457050738,0.5,0.6507396436216875,0.5,0.6507396436216875,16
20,3,12,0.9166666666666666,0.950816207747602,0.9166666666666666,0.9663524202924973,0.9166666666666666,0.9663524202924973,0.6666666666666666,0.7985613248076264,0.6666666666666666,0.7923468397896682,16
20,3,6,0.6666666666666666,0.7406566599055958,0.8333333333333334,0.7638311486385619,0.8333333333333334,0.7638311486385619,0.5,0.6627903777628298,0.5,0.6627903777628298,16
20,3,12,0.8333333333333334,0.9422712908479094,0.8333333333333334,0.9383872377116855,0.8333333333333334,0.9383872377116855,0.75,0.8847873044317963,0.75,0.8925554107042439,16
20,3,6,0.6666666666666666,0.7388027008069586,1.0,0.8092531465551756,1.0,0.8092531465551756,0.6666666666666666,0.7388027008069586,0.6666666666666666,0.7499264553987822,16
20,3,12,0.8333333333333334,0.9282886995575035,0.9166666666666666,0.9609147459017842,0.9166666666666666,0.9609147459017842,0.9166666666666666,0.9492625864931123,0.9166666666666666,0.9647987990380079,16
20,3,6,0.6666666666666666,0.7276789462151347,0.8333333333333334,0.7953484533153957,0.6666666666666666,0.7638311486385619,0.5,0.5728733614789215,0.5,0.5839971160707451,17
20,3,12,0.8333333333333334,0.9150829188943423,0.9166666666666666,0.9212974039123005,0.9166666666666666,0.9368336164571961,0.6666666666666666,0.7814714910082414,0.6666666666666666,0.8234192648794592,17
20,3,6,0.5,0.7656851077371992,0.6666666666666666,0.7258249871164975,0.6666666666666666,0.7258249871164975,0.5,0.6600094391148739,0.5,0.6785490301012469,17
20,3,12,1.0,0.953923450256581,0.8333333333333334,0.9368336164571961,0.8333333333333334,0.9368336164571961,0.75,0.8552685005964948,0.75,0.878572819413838,17
20,3,6,0.8333333333333334,0.7953484533153957,0.8333333333333334,0.8111071056538126,1.0,0.8092531465551756,0.6666666666666666,0.6627903777628298,0.6666666666666666,0.6683522550587417,17
20,3,12,0.75,0.8964394638404679,0.8333333333333334,0.9469321546113779,0.8333333333333334,0.9469321546113779,0.5833333333333334,0.8498308262057814,0.5833333333333334,0.8700279025141455,17
20,3,6,0.8333333333333334,0.7842246987235721,0.6666666666666666,0.7619771895399248,0.6666666666666666,0.7619771895399248,0.5,0.5589686682391418,0.5,0.5700924228309655,17
20,3,12,0.8333333333333334,0.9088684338763842,0.8333333333333334,0.9143061082670977,0.8333333333333334,0.9143061082670977,0.6666666666666666,0.8195352117432352,0.6666666666666666,0.844393151815068,17
20,3,6,0.6666666666666666,0.774027923681067,0.8333333333333334,0.7972024124140331,0.8333333333333334,0.7972024124140331,0.5,0.5589686682391418,0.5,0.5700924228309655,17
20,3,12,0.8333333333333334,0.9166365401488319,0.8333333333333334,0.9578075033928048,0.8333333333333334,0.9578075033928048,0.6666666666666666,0.7814714910082414,0.6666666666666666,0.8389554774243546,17
20,3,6,0.6666666666666666,0.7397296803562773,0.6666666666666666,0.7638311486385619,0.6666666666666666,0.7638311486385619,0.3333333333333333,0.47461352925114525,0.3333333333333333,0.5524798113939113,17
20,3,12,0.8333333333333334,0.9181901614033214,0.9166666666666666,0.9477089652386228,0.9166666666666666,0.9477089652386228,0.75,0.8032221885710952,0.75,0.8575989324782292,17
20,3,6,0.8333333333333334,0.7656851077371992,1.0,0.8092531465551756,1.0,0.8092531465551756,0.6666666666666666,0.6776220505519281,0.6666666666666666,0.6980156006369382,17
20,3,12,0.75,0.899546706349447,0.9166666666666666,0.9578075033928048,0.9166666666666666,0.9578075033928048,0.5833333333333334,0.8498308262057814,0.5833333333333334,0.868474281259656,17
20,3,6,0.8333333333333334,0.7675390668358364,1.0,0.8111071056538126,1.0,0.8111071056538126,0.8333333333333334,0.7619771895399248,0.8333333333333334,0.7675390668358364,17
20,3,12,0.75,0.8948858425859783,0.8333333333333334,0.950816207747602,0.8333333333333334,0.950816207747602,0.6666666666666666,0.8723583343958798,0.6666666666666666,0.8754655769048589,17
20,3,6,0.8333333333333334,0.7953484533153957,0.8333333333333334,0.7972024124140331,0.8333333333333334,0.7972024124140331,0.6666666666666666,0.6563015209175994,0.6666666666666666,0.6581554800162366,18
20,3,12,0.8333333333333334,0.9352799952027064,0.8333333333333334,0.953923450256581,0.8333333333333334,0.953923450256581,0.6666666666666666,0.8366250455426204,0.6666666666666666,0.8568221218509844,18
20,3,6,1.0,0.8111071056538126,0.8333333333333334,0.7137742529753552,0.8333333333333334,0.7554883326946942,0.6666666666666666,0.6396158890298638,0.6666666666666666,0.6581554800162366,18
20,3,12,0.8333333333333334,0.9391640483389304,0.8333333333333334,0.9174133507760767,0.75,0.8715815237686351,0.5833333333333334,0.7721497634813042,0.5833333333333334,0.7861323547717102,18
20,3,6,0.8333333333333334,0.7656851077371992,0.8333333333333334,0.8092531465551756,0.6666666666666666,0.7832977191742535,0.5,0.5617496068870977,0.5,0.5617496068870977,18
20,3,12,0.75,0.8925554107042439,0.8333333333333334,0.9383872377116855,0.8333333333333334,0.9383872377116855,0.75,0.8661438493779217,0.75,0.8987698957222022,18
20,3,6,0.8333333333333334,0.7934944942167584,0.6666666666666666,0.7693930259344738,0.6666666666666666,0.8111071056538126,0.6666666666666666,0.6127334820996231,0.6666666666666666,0.6127334820996231,18
20,3,12,0.75,0.9376104270844408,0.8333333333333334,0.9143061082670977,0.75,0.8902249788225097,0.6666666666666666,0.8583757431054739,0.6666666666666666,0.8630366068689427,18
20,3,6,1.0,0.8092531465551756,0.6666666666666666,0.6442507867764569,0.6666666666666666,0.6442507867764569,0.6666666666666666,0.7184091507219484,0.6666666666666666,0.7239710280178603,18
20,3,12,0.8333333333333334,0.9329495633209722,0.75,0.8467235836968023,0.75,0.8467235836968023,0.5833333333333334,0.814097537352522,0.5833333333333334,0.8327409924063964,18
20,3,6,0.6666666666666666,0.6989425801862569,0.8333333333333334,0.7656851077371992,0.8333333333333334,0.7517804144974195,0.5,0.667425275509423,0.5,0.6748411119039721,18
20,3,12,0.8333333333333334,0.9119756763853633,0.9166666666666666,0.9547002608838258,0.9166666666666666,0.9477089652386228,0.75,0.865367038750677,0.75,0.8948858425859783,18
20,3,6,1.0,0.8111071056538126,0.8333333333333334,0.7972024124140331,0.8333333333333334,0.7972024124140331,0.6666666666666666,0.6118065025503046,0.6666666666666666,0.6247842162407654,18
20,3,12,0.8333333333333334,0.9438249121023989,0.8333333333333334,0.9329495633209722,0.8333333333333334,0.9329495633209722,0.5833333333333334,0.7721497634813042,0.5833333333333334,0.7892395972806893,18
20,3,6,1.0,0.8111071056538126,0.8333333333333334,0.7554883326946942,0.8333333333333334,0.7554883326946942,0.8333333333333334,0.7536343735960569,0.8333333333333334,0.7554883326946942,18
20,3,12,0.8333333333333334,0.9422712908479094,0.8333333333333334,0.9469321546113779,0.8333333333333334,0.9469321546113779,0.6666666666666666,0.8257496967611936,0.6666666666666666,0.8521612580875157,18
20,3,6,0.6666666666666666,0.748072496300145,0.6666666666666666,0.7832977191742535,0.6666666666666666,0.7832977191742535,0.5,0.6053176457050738,0.5,0.6053176457050738,19
20,3,12,0.8333333333333334,0.8319641817791517,1.0,0.967906041546987,1.0,0.967906041546987,0.8333333333333334,0.7923468397896682,0.8333333333333334,0.8575989324782292,19
20,3,6,0.5,0.6173683798462164,0.8333333333333334,0.7795898009769788,0.8333333333333334,0.7795898009769788,0.3333333333333333,0.4838833247443317,0.3333333333333333,0.4875912429416063,19
20,3,12,0.8333333333333334,0.8257496967611936,0.9166666666666666,0.9376104270844408,0.9166666666666666,0.9376104270844408,0.75,0.7698193315995698,0.75,0.7962308929258921,19
20,3,6,0.6666666666666666,0.7425106190042331,0.5,0.7100663347780807,0.5,0.7239710280178603,0.5,0.6053176457050738,0.5,0.6053176457050738,19
20,3,12,0.8333333333333334,0.8350714242881307,0.9166666666666666,0.9181901614033214,0.9166666666666666,0.9313959420664826,0.8333333333333334,0.8280801286429279,0.8333333333333334,0.8560453112237397,19
20,3,6,0.5,0.6451777663257756,0.8333333333333334,0.7953484533153957,0.8333333333333334,0.7953484533153957,0.5,0.5839971160707451,0.5,0.5914129524652942,19
20,3,12,0.8333333333333334,0.8179815904887457,1.0,0.967906041546987,0.9166666666666666,0.953923450256581,0.8333333333333334,0.7838019228899757,0.8333333333333334,0.8428395305605785,19
20,3,6,0.3333333333333333,0.6340540117339519,0.6666666666666666,0.7832977191742535,0.6666666666666666,0.7832977191742535,0.3333333333333333,0.6590824595655552,0.3333333333333333,0.6627903777628298,19
20,3,12,0.9166666666666666,0.9174133507760767,1.0,0.967906041546987,1.0,0.967906041546987,0.9166666666666666,0.9282886995575035,0.9166666666666666,0.9609147459017842,19
20,3,6,0.6666666666666666,0.7341678030603653,0.8333333333333334,0.8018373101606263,0.8333333333333334,0.8018373101606263,0.5,0.49222614068819953,0.5,0.5293053226609452,19
20,3,12,0.9166666666666666,0.8979930850949573,0.9166666666666666,0.950816207747602,0.9166666666666666,0.950816207747602,0.8333333333333334,0.797007703553137,0.8333333333333334,0.8544916899692501,19
20,3,6,0.3333333333333333,0.6451777663257756,0.8333333333333334,0.8111071056538126,0.8333333333333334,0.8111071056538126,0.3333333333333333,0.6553745413682807,0.3333333333333333,0.6627903777628298,19
20,3,12,0.9166666666666666,0.929842320811993,1.0,0.967906041546987,1.0,0.967906041546987,0.8333333333333334,0.8754655769048589,0.8333333333333334,0.8878945469407754,19
20,3,6,0.5,0.6034636866064367,0.8333333333333334,0.8092531465551756,0.8333333333333334,0.8092531465551756,0.5,0.5042768748293418,0.5,0.5154006294211656,19
20,3,12,0.8333333333333334,0.8195352117432352,0.9166666666666666,0.9578075033928048,0.9166666666666666,0.9578075033928048,0.8333333333333334,0.7853555441444654,0.8333333333333334,0.844393151815068,19
20,4,6,0.8333333333333334,0.7545613531453755,0.5,0.5033498952800233,0.6666666666666666,0.6257111957900842,0.5,0.48573728384296894,0.5,0.5172545885198029,0
20,4,12,0.8333333333333334,0.9088684338763842,0.8333333333333334,0.8987698957222022,0.8333333333333334,0.8987698957222022,0.5833333333333334,0.7123353451834568,0.5833333333333334,0.7371932852552895,0
20,4,6,0.5,0.667425275509423,0.6666666666666666,0.6349809912832706,0.8333333333333334,0.7675390668358364,0.5,0.5172545885198029,0.5,0.5432100159007248,0
20,4,12,0.8333333333333334,0.9088684338763842,0.6666666666666666,0.8715815237686351,0.75,0.8979930850949573,0.6666666666666666,0.7232106939648836,0.6666666666666666,0.7775874378720177,0
20,4,6,0.6666666666666666,0.7369487417083213,0.6666666666666666,0.7119202938767178,0.6666666666666666,0.7119202938767178,0.5,0.5265243840129893,0.5,0.5413560568020876,0
20,4,12,0.8333333333333334,0.9073148126218947,0.75,0.9143061082670977,0.75,0.9143061082670977,0.6666666666666666,0.7799178697537518,0.6666666666666666,0.8203120223704801,0
20,4,6,0.8333333333333334,0.7499264553987822,1.0,0.8111071056538126,1.0,0.8111071056538126,0.5,0.40787100170020296,0.5,0.5969748297612062,0
20,4,12,0.8333333333333334,0.8381786667971098,0.75,0.8676974706324111,0.8333333333333334,0.8933322213314886,0.5,0.7107817239289671,0.5,0.741854149018758,0
20,4,6,0.5,0.6609364186641926,0.8333333333333334,0.7916405351181213,0.8333333333333334,0.7916405351181213,0.3333333333333333,0.5802891978734706,0.3333333333333333,0.5839971160707451,0
20,4,12,0.8333333333333334,0.929842320811993,0.75,0.9321727526937273,0.8333333333333334,0.9360568058299513,0.6666666666666666,0.8521612580875157,0.6666666666666666,0.8972162744677126,0
20,4,6,0.8333333333333334,0.654447561818962,0.8333333333333334,0.6729871528053349,0.8333333333333334,0.6451777663257756,0.6666666666666666,0.6164414002968976,0.6666666666666666,0.6423968276778197,0
20,4,12,0.8333333333333334,0.8467235836968023,0.6666666666666666,0.7814714910082414,0.6666666666666666,0.7814714910082414,0.5833333333333334,0.5189094989995082,0.5833333333333334,0.7239875045921282,0
20,4,6,0.5,0.5561877295911859,0.6666666666666666,0.6646443368614672,0.5,0.5969748297612062,0.5,0.5469179340979995,0.5,0.5728733614789215,0
20,4,12,0.8333333333333334,0.8964394638404679,0.5833333333333334,0.8203120223704801,0.5833333333333334,0.8544916899692501,0.75,0.8537148793420054,0.75,0.9111988657581186,0
20,4,6,0.5,0.6609364186641926,0.6666666666666666,0.7397296803562773,0.6666666666666666,0.6609364186641926,0.3333333333333333,0.524670424914352,0.3333333333333333,0.5302323022102639,0
20,4,12,0.75,0.9189669720305661,0.8333333333333334,0.9438249121023989,0.8333333333333334,0.9438249121023989,0.6666666666666666,0.8692510918869008,0.6666666666666666,0.8972162744677126,0
20,4,6,1.0,0.8111071056538126,0.6666666666666666,0.748072496300145,0.8333333333333334,0.7953484533153957,0.6666666666666666,0.7545613531453755,0.6666666666666666,0.7693930259344738,1
20,4,12,0.9166666666666666,0.9399408589661752,0.9166666666666666,0.9609147459017842,0.9166666666666666,0.9609147459017842,0.8333333333333334,0.8731351450231247,0.8333333333333334,0.9212974039123005,1
20,4,6,0.6666666666666666,0.7656851077371992,0.8333333333333334,0.75826927134265,0.8333333333333334,0.7972024124140331,0.5,0.6099525434516672,0.5,0.6173683798462164,1
20,4,12,0.9166666666666666,0.9484857758658676,0.9166666666666666,0.9593611246472945,0.9166666666666666,0.9593611246472945,0.6666666666666666,0.8311873711519068,0.6666666666666666,0.8451699624423127,1
20,4,6,0.5,0.6220032775928095,1.0,0.8092531465551756,1.0,0.8092531465551756,0.5,0.5663845046336908,0.5,0.5700924228309655,1
20,4,12,0.75,0.8661438493779217,0.8333333333333334,0.9042075701129155,0.8333333333333334,0.9236278357940348,0.75,0.8280801286429279,0.75,0.8669206600051664,1
20,4,6,0.8333333333333334,0.7415836394549143,0.6666666666666666,0.6905997642423891,0.6666666666666666,0.6905997642423891,0.5,0.6127334820996231,0.5,0.6201493184941722,1
20,4,12,0.8333333333333334,0.8777960087865933,0.8333333333333334,0.8964394638404679,0.8333333333333334,0.8886713575680202,0.6666666666666666,0.7410773383915132,0.6666666666666666,0.8047758098255846,1
20,4,6,0.8333333333333334,0.7619771895399248,0.6666666666666666,0.7499264553987822,0.6666666666666666,0.7378757212576399,0.5,0.6182953593955349,0.5,0.6201493184941722,1
20,4,12,0.9166666666666666,0.8987698957222022,0.75,0.8358482349153755,0.75,0.8770191981593486,0.6666666666666666,0.7465150127822267,0.6666666666666666,0.7744801953630386,1
20,4,6,0.6666666666666666,0.6498126640723688,0.8333333333333334,0.7638311486385619,0.8333333333333334,0.7777358418783417,0.6666666666666666,0.6080985843530299,0.6666666666666666,0.6192223389448536,1
20,4,12,0.75,0.8335178030336413,0.9166666666666666,0.9244046464212797,0.9166666666666666,0.9360568058299513,0.75,0.8203120223704801,0.75,0.8669206600051664,1
20,4,6,1.0,0.8111071056538126,0.16666666666666666,0.4495850814195419,0.5,0.706358416580806,0.3333333333333333,0.4801754065470571,0.3333333333333333,0.48202936564569443,1
20,4,12,0.9166666666666666,0.9453785333568886,0.75,0.8886713575680202,0.8333333333333334,0.9383872377116855,0.75,0.8910017894497545,0.75,0.8832336831773067,1
20,4,6,1.0,0.8111071056538126,0.8333333333333334,0.7972024124140331,0.8333333333333334,0.7972024124140331,0.8333333333333334,0.7953484533153957,0.8333333333333334,0.7972024124140331,1
20,4,12,0.9166666666666666,0.9399408589661752,0.8333333333333334,0.9469321546113779,0.8333333333333334,0.9469321546113779,0.9166666666666666,0.9205205932850558,0.9166666666666666,0.9313959420664826,1
20,4,6,0.8333333333333334,0.7814437600756161,0.3333333333333333,0.5858510751693825,0.3333333333333333,0.5154006294211656,0.6666666666666666,0.7128472734260366,0.6666666666666666,0.7258249871164975,2
20,4,12,0.9166666666666666,0.9492625864931123,0.75,0.8304105605246621,0.75,0.8078830523345638,0.75,0.7985613248076264,0.75,0.8187584011159905,2
20,4,6,0.8333333333333334,0.7814437600756161,0.5,0.6609364186641926,0.6666666666666666,0.7554883326946942,0.8333333333333334,0.7165551916233112,0.8333333333333334,0.7258249871164975,2
20,4,12,0.9166666666666666,0.9547002608838258,0.8333333333333334,0.9290655101847483,0.75,0.8366250455426204,0.75,0.8645902281234322,0.75,0.8910017894497545,2
20,4,6,0.6666666666666666,0.7499264553987822,0.5,0.7397296803562773,0.5,0.7397296803562773,0.5,0.5719463819296028,0.5,0.5793622183241519,2
20,4,12,1.0,0.9554770715110704,0.8333333333333334,0.8871177363135305,0.8333333333333334,0.8871177363135305,0.5833333333333334,0.6804861094664209,0.5833333333333334,0.6929150795023373,2
20,4,6,0.5,0.7276789462151347,0.8333333333333334,0.8111071056538126,0.8333333333333334,0.8111071056538126,0.0,0.4838833247443317,0.0,0.48202936564569443,2
20,4,12,0.9166666666666666,0.9306191314392378,0.8333333333333334,0.9337263739482169,0.8333333333333334,0.9337263739482169,0.6666666666666666,0.762828035954367,0.6666666666666666,0.7814714910082414,2
20,4,6,0.5,0.7239710280178603,0.6666666666666666,0.7832977191742535,0.5,0.7378757212576399,0.3333333333333333,0.6535205822696434,0.3333333333333333,0.6590824595655552,2
20,4,12,1.0,0.9523698290020914,0.9166666666666666,0.9438249121023989,0.9166666666666666,0.9609147459017842,0.6666666666666666,0.7861323547717102,0.6666666666666666,0.8001149460621161,2
20,4,6,1.0,0.8073991874565382,0.16666666666666666,0.2818017829928675,0.3333333333333333,0.3596680651356335,0.8333333333333334,0.6998695597355756,0.8333333333333334,0.722117068919223,2
20,4,12,0.9166666666666666,0.9547002608838258,0.6666666666666666,0.7449613915277371,0.6666666666666666,0.6804861094664209,0.6666666666666666,0.8024453779438504,0.6666666666666666,0.810213484216298,2
20,4,6,0.6666666666666666,0.7211900893699044,0.6666666666666666,0.6646443368614672,0.6666666666666666,0.6646443368614672,0.6666666666666666,0.6229302571421281,0.6666666666666666,0.6470317254244129,2
20,4,12,0.9166666666666666,0.9166365401488319,0.8333333333333334,0.9158597295215872,0.8333333333333334,0.9158597295215872,0.8333333333333334,0.8195352117432352,0.8333333333333334,0.8552685005964948,2
20,4,6,0.6666666666666666,0.732313843961728,0.5,0.5839971160707451,0.3333333333333333,0.5070578134772977,0.3333333333333333,0.5255974044636706,0.3333333333333333,0.5441369954500435,2
20,4,12,0.9166666666666666,0.9181901614033214,0.75,0.861482985614453,0.75,0.861482985614453,0.75,0.7876859760261996,0.75,0.8513844474602711,2
20,4,6,0.3333333333333333,0.6257111957900842,0.3333333333333333,0.5283783431116266,0.5,0.6423968276778197,0.16666666666666666,0.4013821448549724,0.16666666666666666,0.41435985854543345,3
20,4,12,0.6666666666666666,0.7698193315995698,0.5833333333333334,0.7962308929258921,0.6666666666666666,0.8086598629618085,0.5833333333333334,0.6711643819394837,0.5833333333333334,0.7006831857747852,3
20,4,6,0.5,0.5738003410282401,0.5,0.6108795230009858,0.3333333333333333,0.6229302571421281,0.16666666666666666,0.4013821448549724,0.16666666666666666,0.41435985854543345,3
20,4,12,0.75,0.7573903615636535,0.6666666666666666,0.8412859093060889,0.75,0.8521612580875157,0.5833333333333334,0.6362079037134689,0.5833333333333334,0.6936918901295821,3
20,4,6,0.6666666666666666,0.7536343735960569,0.6666666666666666,0.6924537233410264,0.6666666666666666,0.6924537233410264,0.6666666666666666,0.7462185372015077,0.6666666666666666,0.7536343735960569,3
20,4,12,0.8333333333333334,0.9477089652386228,0.8333333333333334,0.9383872377116855,0.75,0.9158597295215872,0.6666666666666666,0.8024453779438504,0.6666666666666666,0.827303318015683,3
20,4,6,0.5,0.621076298043491,0.5,0.6090255639023484,0.6666666666666666,0.6841109073971586,0.16666666666666666,0.3995281857563352,0.16666666666666666,0.4106519403481589,3
20,4,12,0.6666666666666666,0.7527294978001848,0.6666666666666666,0.8412859093060889,0.75,0.8941090319587335,0.5833333333333334,0.6268861761865316,0.5833333333333334,0.6828165413481554,3
20,4,6,0.8333333333333334,0.7814437600756161,0.8333333333333334,0.8111071056538126,0.8333333333333334,0.8111071056538126,0.5,0.6053176457050738,0.5,0.6053176457050738,3
20,4,12,0.9166666666666666,0.9422712908479094,0.9166666666666666,0.9593611246472945,0.8333333333333334,0.9352799952027064,0.75,0.844393151815068,0.75,0.8692510918869008,3
20,4,6,0.6666666666666666,0.7721739645824296,0.6666666666666666,0.7693930259344738,0.6666666666666666,0.7202631098205856,0.5,0.6748411119039721,0.5,0.680402989199884,3
20,4,12,0.75,0.878572819413838,0.9166666666666666,0.9321727526937273,0.8333333333333334,0.912752487012608,0.6666666666666666,0.7907932185351788,0.6666666666666666,0.8094366735890532,3
20,4,6,0.16666666666666666,0.5014959361813859,0.16666666666666666,0.37728067657268777,0.3333333333333333,0.5914129524652942,0.16666666666666666,0.3995281857563352,0.16666666666666666,0.4125058994467962,3
20,4,12,0.75,0.7907932185351788,0.5833333333333334,0.834294613660886,0.6666666666666666,0.8552685005964948,0.5,0.5934833192150065,0.5,0.6307702293227556,3
20,4,6,0.8333333333333334,0.748072496300145,0.6666666666666666,0.6470317254244129,0.6666666666666666,0.722117068919223,0.5,0.5979018093105248,0.5,0.6053176457050738,3
20,4,12,0.9166666666666666,0.9345031845754617,0.8333333333333334,0.8948858425859783,0.8333333333333334,0.895662653213223,0.75,0.8156511586070114,0.75,0.8607061749872083,3
20,4,6,0.6666666666666666,0.7619771895399248,0.6666666666666666,0.7777358418783417,0.6666666666666666,0.7777358418783417,0.3333333333333333,0.5422830363514062,0.3333333333333333,0.6516666231710061,4
20,4,12,0.9166666666666666,0.9360568058299513,0.75,0.9026539488584261,0.8333333333333334,0.9143061082670977,0.6666666666666666,0.8490540155785367,0.6666666666666666,0.8583757431054739,4
20,4,6,0.6666666666666666,0.7536343735960569,0.8333333333333334,0.8111071056538126,0.6666666666666666,0.7953484533153957,0.6666666666666666,0.602536707057118,0.6666666666666666,0.6451777663257756,4
20,4,12,0.75,0.9003235169766918,0.9166666666666666,0.953923450256581,0.9166666666666666,0.953923450256581,0.6666666666666666,0.8506076368330263,0.6666666666666666,0.8568221218509844,4
20,4,6,0.5,0.7248980075671789,0.3333333333333333,0.6359079708325891,0.3333333333333333,0.6359079708325891,0.16666666666666666,0.5293053226609452,0.16666666666666666,0.5367211590554943,4
20,4,12,0.8333333333333334,0.9477089652386228,0.8333333333333334,0.9034307594856708,0.8333333333333334,0.9034307594856708,0.6666666666666666,0.762828035954367,0.6666666666666666,0.783025112262731,4
20,4,6,0.5,0.7304598848630908,0.5,0.6943076824396638,0.3333333333333333,0.6118065025503046,0.3333333333333333,0.6312730730859959,0.3333333333333333,0.6479587049737315,4
20,4,12,0.8333333333333334,0.9477089652386228,0.9166666666666666,0.9523698290020914,0.9166666666666666,0.9523698290020914,0.6666666666666666,0.8389554774243546,0.6666666666666666,0.8964394638404679,4
20,4,6,0.6666666666666666,0.7619771895399248,0.3333333333333333,0.602536707057118,0.3333333333333333,0.602536707057118,0.3333333333333333,0.6266381753394027,0.3333333333333333,0.6451777663257756,4
20,4,12,0.8333333333333334,0.9438249121023989,0.9166666666666666,0.9352799952027064,0.9166666666666666,0.9352799952027064,0.6666666666666666,0.8210888329977248,0.6666666666666666,0.8459467730695576,4
20,4,6,0.6666666666666666,0.6989425801862569,1.0,0.8092531465551756,0.8333333333333334,0.7184091507219484,0.5,0.5747273205775587,0.5,0.5747273205775587,4
20,4,12,0.8333333333333334,0.9018771382311813,0.8333333333333334,0.9376104270844408,0.75,0.8933322213314886,0.6666666666666666,0.7892395972806893,0.6666666666666666,0.8436163411878232,4
20,4,6,0.5,0.7147012325246738,0.5,0.722117068919223,0.5,0.722117068919223,0.3333333333333333,0.6461047458750943,0.3333333333333333,0.6479587049737315,4
20,4,12,0.8333333333333334,0.9383872377116855,0.75,0.8809032512955723,0.8333333333333334,0.9220742145395454,0.6666666666666666,0.8241960755067039,0.6666666666666666,0.8459467730695576,4
20,4,6,0.6666666666666666,0.7156282120739925,0.5,0.7360217621590027,0.6666666666666666,0.7378757212576399,0.5,0.6711331937066976,0.5,0.6729871528053349,4
20,4,12,0.9166666666666666,0.9414944802206647,0.9166666666666666,0.9391640483389304,0.9166666666666666,0.950816207747602,0.9166666666666666,0.9290655101847483,0.9166666666666666,0.967906041546987,4
20,4,6,0.8333333333333334,0.7758818827797043,0.8333333333333334,0.7953484533153957,0.8333333333333334,0.7953484533153957,0.5,0.55340679094323,0.5,0.5793622183241519,5
20,4,12,0.9166666666666666,0.929842320811993,0.8333333333333334,0.9313959420664826,0.75,0.9073148126218947,0.5,0.7037904282837641,0.5,0.7581671721908982,5
20,4,6,0.6666666666666666,0.7267519666658162,0.8333333333333334,0.8092531465551756,0.6666666666666666,0.7119202938767178,0.5,0.6062446252543926,0.5,0.6247842162407654,5
20,4,12,0.9166666666666666,0.953923450256581,0.8333333333333334,0.9422712908479094,0.8333333333333334,0.9174133507760767,0.75,0.8599293643599635,0.75,0.8863409256862858,5
20,4,6,0.5,0.6507396436216875,0.6666666666666666,0.7425106190042331,0.6666666666666666,0.7425106190042331,0.3333333333333333,0.6303460935366774,0.3333333333333333,0.6377619299312265,5
20,4,12,0.8333333333333334,0.8902249788225097,0.9166666666666666,0.9647987990380079,0.9166666666666666,0.9647987990380079,0.75,0.8249728861339488,0.75,0.8824568725500619,5
20,4,6,0.6666666666666666,0.6423968276778197,0.6666666666666666,0.7499264553987822,0.5,0.6609364186641926,0.3333333333333333,0.5914129524652942,0.3333333333333333,0.5858510751693825,5
20,4,12,0.75,0.8638134174961873,0.9166666666666666,0.9376104270844408,0.8333333333333334,0.9174133507760767,0.75,0.8436163411878232,0.75,0.8777960087865933,5
20,4,6,0.3333333333333333,0.602536707057118,0.6666666666666666,0.7360217621590027,0.6666666666666666,0.7554883326946942,0.3333333333333333,0.6016097275077993,0.3333333333333333,0.6071716048037112,5
20,4,12,0.6666666666666666,0.797007703553137,0.9166666666666666,0.9407176695934198,0.9166666666666666,0.9228510251667901,0.5833333333333334,0.7519526871729402,0.5833333333333334,0.7612744146998773,5
20,4,6,0.5,0.6637173573121484,0.6666666666666666,0.7814437600756161,0.6666666666666666,0.748072496300145,0.3333333333333333,0.6349809912832706,0.3333333333333333,0.6349809912832706,5
20,4,12,0.8333333333333334,0.8770191981593486,0.8333333333333334,0.9104220551308738,0.9166666666666666,0.9290655101847483,0.5833333333333334,0.7503990659184505,0.5833333333333334,0.7597207934453879,5
20,4,6,0.6666666666666666,0.7758818827797043,0.8333333333333334,0.7258249871164975,0.8333333333333334,0.7119202938767178,0.3333333333333333,0.5469179340979995,0.3333333333333333,0.5580416886898232,5
20,4,12,0.9166666666666666,0.9461553439841334,0.5833333333333334,0.8467235836968023,0.75,0.8948858425859783,0.8333333333333334,0.8746887662776142,0.8333333333333334,0.9259582676757693,5
20,4,6,0.8333333333333334,0.7703200054837925,0.8333333333333334,0.7953484533153957,0.8333333333333334,0.7258249871164975,0.3333333333333333,0.4634897746593215,0.3333333333333333,0.46905165195523346,5
20,4,12,0.8333333333333334,0.899546706349447,0.8333333333333334,0.9220742145395454,0.8333333333333334,0.9212974039123005,0.5,0.7333092321190655,0.5,0.7566135509364088,5
20,4,6,0.6666666666666666,0.7638311486385619,0.6666666666666666,0.6859648664957959,0.6666666666666666,0.6859648664957959,0.5,0.6016097275077993,0.5,0.722117068919223,6
20,4,12,1.0,0.9570306927655601,0.9166666666666666,0.9407176695934198,0.9166666666666666,0.9407176695934198,0.75,0.8389554774243546,0.75,0.848277204951292,6
20,4,6,0.6666666666666666,0.7248980075671789,0.6666666666666666,0.6247842162407654,0.6666666666666666,0.6247842162407654,0.8333333333333334,0.7388027008069586,0.8333333333333334,0.7499264553987822,6
20,4,12,0.8333333333333334,0.9337263739482169,0.8333333333333334,0.8941090319587335,0.8333333333333334,0.8700279025141455,0.8333333333333334,0.8871177363135305,0.8333333333333334,0.9057611913674051,6
20,4,6,0.8333333333333334,0.7795898009769788,0.8333333333333334,0.7972024124140331,0.6666666666666666,0.7276789462151347,0.8333333333333334,0.7953484533153957,0.8333333333333334,0.7972024124140331,6
20,4,12,0.9166666666666666,0.9663524202924973,0.75,0.895662653213223,0.75,0.895662653213223,0.75,0.929842320811993,0.75,0.9018771382311813,6
20,4,6,0.8333333333333334,0.8092531465551756,0.5,0.706358416580806,0.6666666666666666,0.7276789462151347,0.5,0.7313868644124095,0.5,0.7536343735960569,6
20,4,12,1.0,0.9616915565290286,0.5833333333333334,0.8179815904887457,0.75,0.9422712908479094,0.6666666666666666,0.8506076368330263,0.6666666666666666,0.8568221218509844,6
20,4,6,0.6666666666666666,0.7675390668358364,0.8333333333333334,0.8111071056538126,0.8333333333333334,0.8111071056538126,0.6666666666666666,0.75826927134265,0.6666666666666666,0.7675390668358364,6
20,4,12,0.9166666666666666,0.9547002608838258,0.9166666666666666,0.9337263739482169,0.9166666666666666,0.9337263739482169,0.75,0.8746887662776142,0.75,0.8855641150590411,6
20,4,6,0.6666666666666666,0.7675390668358364,0.8333333333333334,0.8111071056538126,0.8333333333333334,0.8111071056538126,0.5,0.748072496300145,0.5,0.7536343735960569,6
20,4,12,0.9166666666666666,0.9337263739482169,0.8333333333333334,0.9003235169766918,0.8333333333333334,0.9003235169766918,0.75,0.8622597962416979,0.75,0.8746887662776142,6
20,4,6,0.8333333333333334,0.7536343735960569,0.6666666666666666,0.7378757212576399,0.6666666666666666,0.6646443368614672,0.8333333333333334,0.7536343735960569,0.8333333333333334,0.7536343735960569,6
20,4,12,0.8333333333333334,0.8979930850949573,0.75,0.9259582676757693,0.75,0.9259582676757693,0.8333333333333334,0.9111988657581186,0.8333333333333334,0.9376104270844408,6
20,4,6,0.8333333333333334,0.7795898009769788,0.8333333333333334,0.7656851077371992,0.8333333333333334,0.7656851077371992,0.8333333333333334,0.7517804144974195,0.8333333333333334,0.7517804144974195,6
20,4,12,0.9166666666666666,0.9352799952027064,0.75,0.8723583343958798,0.6666666666666666,0.8638134174961873,0.8333333333333334,0.9119756763853633,0.8333333333333334,0.9337263739482169,6
20,4,6,0.5,0.6470317254244129,0.8333333333333334,0.8092531465551756,0.6666666666666666,0.7397296803562773,0.16666666666666666,0.5126196907732096,0.16666666666666666,0.5348671999568572,7
20,4,12,1.0,0.9492625864931123,0.8333333333333334,0.929842320811993,0.75,0.895662653213223,0.8333333333333334,0.8374018561698652,0.8333333333333334,0.8669206600051664,7
20,4,6,0.5,0.6498126640723688,0.8333333333333334,0.7972024124140331,0.8333333333333334,0.7972024124140331,0.3333333333333333,0.5265243840129893,0.3333333333333333,0.5469179340979995,7
20,4,12,1.0,0.9446017227296438,0.9166666666666666,0.967906041546987,0.9166666666666666,0.950816207747602,0.8333333333333334,0.8109902948435429,0.8333333333333334,0.8669206600051664,7
20,4,6,0.8333333333333334,0.7805167805262974,0.6666666666666666,0.5839971160707451,0.6666666666666666,0.5839971160707451,0.6666666666666666,0.7054314370314874,0.6666666666666666,0.7184091507219484,7
20,4,12,0.9166666666666666,0.9562538821383153,0.75,0.8397322880515995,0.75,0.8397322880515995,0.75,0.8910017894497545,0.75,0.912752487012608,7
20,4,6,0.8333333333333334,0.7916405351181213,0.8333333333333334,0.7814437600756161,0.6666666666666666,0.7341678030603653,0.6666666666666666,0.732313843961728,0.6666666666666666,0.7360217621590027,7
20,4,12,0.9166666666666666,0.9647987990380079,0.8333333333333334,0.9042075701129155,0.8333333333333334,0.9042075701129155,0.75,0.8700279025141455,0.75,0.8886713575680202,7
20,4,6,0.8333333333333334,0.7916405351181213,0.8333333333333334,0.7258249871164975,0.8333333333333334,0.7258249871164975,0.6666666666666666,0.719336130271267,0.6666666666666666,0.7378757212576399,7
20,4,12,0.9166666666666666,0.9562538821383153,0.75,0.8886713575680202,0.75,0.8886713575680202,0.8333333333333334,0.8910017894497545,0.8333333333333334,0.9065380019946498,7
20,4,6,0.8333333333333334,0.7601232304412874,0.6666666666666666,0.6998695597355756,0.6666666666666666,0.6998695597355756,0.5,0.5070578134772977,0.5,0.5163276089704841,7
20,4,12,0.9166666666666666,0.9570306927655601,0.8333333333333334,0.912752487012608,0.8333333333333334,0.912752487012608,0.75,0.7884627866534445,0.75,0.8645902281234322,7
20,4,6,0.8333333333333334,0.7564153122440127,0.8333333333333334,0.7777358418783417,0.8333333333333334,0.7953484533153957,0.6666666666666666,0.7174821711726299,0.6666666666666666,0.7360217621590027,7
20,4,12,0.9166666666666666,0.9531466396293363,0.75,0.8925554107042439,0.75,0.8925554107042439,0.8333333333333334,0.8770191981593486,0.8333333333333334,0.8894481681952648,7
20,4,6,0.6666666666666666,0.7100663347780807,0.8333333333333334,0.7916405351181213,0.6666666666666666,0.7341678030603653,0.3333333333333333,0.5395020977034503,0.3333333333333333,0.5487718931966367,7
20,4,12,1.0,0.9461553439841334,0.9166666666666666,0.9313959420664826,0.8333333333333334,0.9088684338763842,0.8333333333333334,0.834294613660886,0.8333333333333334,0.865367038750677,7
20,4,6,0.8333333333333334,0.7832977191742535,0.8333333333333334,0.7814437600756161,0.8333333333333334,0.7814437600756161,0.6666666666666666,0.6720601732560162,0.6666666666666666,0.6943076824396638,8
20,4,12,0.9166666666666666,0.9383872377116855,0.9166666666666666,0.9244046464212797,0.9166666666666666,0.9244046464212797,0.75,0.8607061749872083,0.75,0.9135292976398529,8
20,4,6,0.8333333333333334,0.7721739645824296,0.8333333333333334,0.7758818827797043,0.6666666666666666,0.6646443368614672,0.5,0.6590824595655552,0.5,0.6609364186641926,8
20,4,12,0.8333333333333334,0.9220742145395454,0.8333333333333334,0.9181901614033214,0.75,0.9306191314392378,0.8333333333333334,0.8948858425859783,0.8333333333333334,0.9181901614033214,8
20,4,6,0.8333333333333334,0.7527073940467383,0.6666666666666666,0.696161641538301,0.5,0.5691654432816469,0.6666666666666666,0.6192223389448536,0.6666666666666666,0.6692792346080604,8
20,4,12,0.9166666666666666,0.9407176695934198,0.75,0.8855641150590411,0.75,0.8855641150590411,0.75,0.8335178030336413,0.75,0.8475003943240472,8
20,4,6,0.8333333333333334,0.7758818827797043,0.8333333333333334,0.7832977191742535,0.6666666666666666,0.6386889094805451,0.6666666666666666,0.7072853961301246,0.6666666666666666,0.7276789462151347,8
20,4,12,0.9166666666666666,0.950816207747602,0.8333333333333334,0.9228510251667901,0.75,0.9352799952027064,0.8333333333333334,0.8948858425859783,0.8333333333333334,0.9228510251667901,8
20,4,6,0.8333333333333334,0.7758818827797043,0.8333333333333334,0.7832977191742535,0.8333333333333334,0.7832977191742535,0.5,0.5617496068870977,0.5,0.5654575250843723,8
20,4,12,0.8333333333333334,0.9461553439841334,0.9166666666666666,0.9399408589661752,0.9166666666666666,0.9399408589661752,0.8333333333333334,0.8871177363135305,0.8333333333333334,0.9212974039123005,8
20,4,6,0.8333333333333334,0.7258249871164975,0.8333333333333334,0.7832977191742535,0.8333333333333334,0.7832977191742535,0.6666666666666666,0.6720601732560162,0.6666666666666666,0.696161641538301,8
20,4,12,0.8333333333333334,0.8894481681952648,0.75,0.9003235169766918,0.75,0.9003235169766918,0.75,0.8568221218509844,0.75,0.9003235169766918,8
20,4,6,0.6666666666666666,0.68318392784784,0.8333333333333334,0.7953484533153957,0.8333333333333334,0.7953484533153957,0.6666666666666666,0.68318392784784,0.6666666666666666,0.6980156006369382,8
20,4,12,0.9166666666666666,0.929842320811993,0.8333333333333334,0.9399408589661752,0.8333333333333334,0.9313959420664826,0.8333333333333334,0.8910017894497545,0.8333333333333334,0.9313959420664826,8
20,4,6,0.6666666666666666,0.709139355228762,0.6666666666666666,0.7972024124140331,0.6666666666666666,0.7972024124140331,0.5,0.5255974044636706,0.5,0.5033498952800233,8
20,4,12,0.9166666666666666,0.9329495633209722,0.8333333333333334,0.929842320811993,0.8333333333333334,0.929842320811993,0.75,0.8179815904887457,0.75,0.8490540155785367,8
20,4,6,0.8333333333333334,0.7656851077371992,0.8333333333333334,0.7972024124140331,0.8333333333333334,0.7675390668358364,0.6666666666666666,0.7072853961301246,0.6666666666666666,0.7202631098205856,9
20,4,12,0.9166666666666666,0.9593611246472945,0.9166666666666666,0.953923450256581,0.9166666666666666,0.953923450256581,0.75,0.8475003943240472,0.75,0.8521612580875157,9
20,4,6,0.8333333333333334,0.7675390668358364,1.0,0.8111071056538126,0.8333333333333334,0.7675390668358364,0.6666666666666666,0.6980156006369382,0.6666666666666666,0.7202631098205856,9
20,4,12,0.9166666666666666,0.9523698290020914,0.9166666666666666,0.9306191314392378,0.9166666666666666,0.9306191314392378,0.8333333333333334,0.8754655769048589,0.8333333333333334,0.9111988657581186,9
20,4,6,0.8333333333333334,0.7675390668358364,1.0,0.8111071056538126,0.8333333333333334,0.7972024124140331,0.5,0.615514420747579,0.5,0.6173683798462164,9
20,4,12,0.8333333333333334,0.9422712908479094,0.8333333333333334,0.8987698957222022,0.8333333333333334,0.8987698957222022,0.8333333333333334,0.8622597962416979,0.8333333333333334,0.9011003276039364,9
20,4,6,0.8333333333333334,0.7934944942167584,0.8333333333333334,0.7693930259344738,0.6666666666666666,0.7202631098205856,0.6666666666666666,0.696161641538301,0.6666666666666666,0.7202631098205856,9
20,4,12,0.9166666666666666,0.950816207747602,0.9166666666666666,0.9352799952027064,0.9166666666666666,0.9352799952027064,0.8333333333333334,0.817204779861501,0.8333333333333334,0.8948858425859783,9
20,4,6,0.8333333333333334,0.7675390668358364,0.8333333333333334,0.7675390668358364,0.8333333333333334,0.7675390668358364,0.6666666666666666,0.696161641538301,0.6666666666666666,0.7202631098205856,9
20,4,12,0.9166666666666666,0.9492625864931123,0.75,0.8840104938045514,0.75,0.8840104938045514,0.8333333333333334,0.8467235836968023,0.8333333333333334,0.8669206600051664,9
20,4,6,0.8333333333333334,0.7675390668358364,0.6666666666666666,0.7378757212576399,0.8333333333333334,0.7832977191742535,0.6666666666666666,0.696161641538301,0.6666666666666666,0.7202631098205856,9
20,4,12,0.9166666666666666,0.9461553439841334,0.8333333333333334,0.8708047131413904,0.8333333333333334,0.8708047131413904,0.75,0.834294613660886,0.75,0.8327409924063964,9
20,4,6,0.8333333333333334,0.7675390668358364,0.8333333333333334,0.7972024124140331,0.8333333333333334,0.7814437600756161,0.6666666666666666,0.7147012325246738,0.6666666666666666,0.7202631098205856,9
20,4,12,0.9166666666666666,0.950816207747602,1.0,0.967906041546987,1.0,0.967906041546987,0.6666666666666666,0.8063294310800742,0.6666666666666666,0.8187584011159905,9
20,4,6,0.8333333333333334,0.7619771895399248,0.8333333333333334,0.7693930259344738,0.8333333333333334,0.7693930259344738,0.8333333333333334,0.7397296803562773,0.8333333333333334,0.7693930259344738,9
20,4,12,0.9166666666666666,0.9515930183748468,0.9166666666666666,0.9399408589661752,0.8333333333333334,0.9104220551308738,0.75,0.8762423875321038,0.75,0.868474281259656,9
20,4,6,0.8333333333333334,0.7536343735960569,0.8333333333333334,0.7953484533153957,0.8333333333333334,0.7953484533153957,0.5,0.563603565985735,0.5,0.5617496068870977,10
20,4,12,0.75,0.9096452445036289,0.8333333333333334,0.9547002608838258,0.8333333333333334,0.9547002608838258,0.6666666666666666,0.7542831190546745,0.6666666666666666,0.7791410591265071,10
20,4,6,0.6666666666666666,0.7554883326946942,0.6666666666666666,0.7045044574821687,0.6666666666666666,0.6525936027203249,0.5,0.6266381753394027,0.5,0.6266381753394027,10
20,4,12,0.8333333333333334,0.9189669720305661,0.75,0.8793496300410827,0.8333333333333334,0.8715815237686351,0.6666666666666666,0.844393151815068,0.6666666666666666,0.8692510918869008,10
20,4,6,0.6666666666666666,0.7258249871164975,0.6666666666666666,0.7007965392848943,0.5,0.6201493184941722,0.6666666666666666,0.709139355228762,0.6666666666666666,0.7239710280178603,10
20,4,12,0.8333333333333334,0.9313959420664826,0.8333333333333334,0.9321727526937273,0.75,0.8607061749872083,0.75,0.8840104938045514,0.75,0.8948858425859783,10
20,4,6,0.8333333333333334,0.7397296803562773,0.8333333333333334,0.7239710280178603,0.8333333333333334,0.7675390668358364,0.5,0.537648138604813,0.5,0.5617496068870977,10
20,4,12,0.75,0.899546706349447,0.8333333333333334,0.9500393971203572,0.75,0.9111988657581186,0.5833333333333334,0.7364164746280446,0.5833333333333334,0.7845787335172205,10
20,4,6,0.8333333333333334,0.7972024124140331,0.6666666666666666,0.6627903777628298,0.6666666666666666,0.6627903777628298,0.5,0.6164414002968976,0.5,0.5478449136473181,10
20,4,12,0.8333333333333334,0.9306191314392378,0.75,0.8847873044317963,0.75,0.8948858425859783,0.5833333333333334,0.7907932185351788,0.5833333333333334,0.7923468397896682,10
20,4,6,0.8333333333333334,0.7953484533153957,0.6666666666666666,0.6590824595655552,0.6666666666666666,0.6590824595655552,0.5,0.5830701365214265,0.5,0.6257111957900842,10
20,4,12,0.8333333333333334,0.9111988657581186,0.75,0.8816800619228172,0.75,0.8816800619228172,0.5833333333333334,0.7379700958825343,0.5833333333333334,0.762828035954367,10
20,4,6,0.8333333333333334,0.7536343735960569,0.6666666666666666,0.7675390668358364,0.8333333333333334,0.7972024124140331,0.6666666666666666,0.6368349503819077,0.6666666666666666,0.6609364186641926,10
20,4,12,0.75,0.9042075701129155,0.8333333333333334,0.9399408589661752,0.8333333333333334,0.9469321546113779,0.5833333333333334,0.7348628533735551,0.5833333333333334,0.7550599296819192,10
20,4,6,0.8333333333333334,0.7536343735960569,0.6666666666666666,0.6609364186641926,0.6666666666666666,0.6609364186641926,0.5,0.5849240956200639,0.5,0.6238572366914468,10
20,4,12,0.75,0.9011003276039364,0.6666666666666666,0.8770191981593486,0.6666666666666666,0.8490540155785367,0.6666666666666666,0.7806946803809967,0.6666666666666666,0.8226424542522145,10
20,4,6,0.8333333333333334,0.7758818827797043,0.6666666666666666,0.7119202938767178,0.6666666666666666,0.7397296803562773,0.5,0.5663845046336908,0.5,0.5700924228309655,11
20,4,12,0.75,0.8902249788225097,0.6666666666666666,0.8591525537327188,0.6666666666666666,0.8591525537327188,0.6666666666666666,0.8133207267252771,0.6666666666666666,0.8412859093060889,11
20,4,6,0.6666666666666666,0.7156282120739925,0.5,0.5932669115639315,0.6666666666666666,0.7082123756794434,0.5,0.667425275509423,0.5,0.6692792346080604,11
20,4,12,0.9166666666666666,0.9562538821383153,0.8333333333333334,0.8669206600051664,0.8333333333333334,0.8886713575680202,0.75,0.8071062417073189,0.75,0.8179815904887457,11
20,4,6,0.6666666666666666,0.7471455167508264,0.6666666666666666,0.7119202938767178,0.6666666666666666,0.7119202938767178,0.6666666666666666,0.6887458051437517,0.6666666666666666,0.6924537233410264,11
20,4,12,0.9166666666666666,0.9562538821383153,0.75,0.8319641817791517,0.8333333333333334,0.899546706349447,0.8333333333333334,0.8645902281234322,0.8333333333333334,0.8661438493779217,11
20,4,6,0.8333333333333334,0.7647581281878805,0.6666666666666666,0.7675390668358364,0.6666666666666666,0.7675390668358364,0.6666666666666666,0.7128472734260366,0.6666666666666666,0.722117068919223,11
20,4,12,0.9166666666666666,0.9578075033928048,0.75,0.8793496300410827,0.75,0.8793496300410827,0.8333333333333334,0.8568221218509844,0.8333333333333334,0.8708047131413904,11
20,4,6,0.6666666666666666,0.693380702890345,0.8333333333333334,0.7536343735960569,0.8333333333333334,0.7536343735960569,0.5,0.6220032775928095,0.5,0.6312730730859959,11
20,4,12,0.8333333333333334,0.9236278357940348,0.75,0.899546706349447,0.75,0.899546706349447,0.75,0.8669206600051664,0.75,0.8886713575680202,11
20,4,6,0.8333333333333334,0.774027923681067,0.6666666666666666,0.6785490301012469,0.6666666666666666,0.7045044574821687,0.8333333333333334,0.7388027008069586,0.8333333333333334,0.7499264553987822,11
20,4,12,0.9166666666666666,0.9477089652386228,0.75,0.9096452445036289,0.75,0.9096452445036289,0.8333333333333334,0.8459467730695576,0.8333333333333334,0.8692510918869008,11
20,4,6,0.6666666666666666,0.7174821711726299,0.6666666666666666,0.732313843961728,0.6666666666666666,0.732313843961728,0.5,0.6637173573121484,0.5,0.667425275509423,11
20,4,12,0.9166666666666666,0.9515930183748468,0.9166666666666666,0.9111988657581186,0.9166666666666666,0.9111988657581186,0.8333333333333334,0.8583757431054739,0.8333333333333334,0.8661438493779217,11
20,4,6,0.6666666666666666,0.7174821711726299,0.8333333333333334,0.7795898009769788,0.6666666666666666,0.748072496300145,0.5,0.6637173573121484,0.5,0.6748411119039721,11
20,4,12,0.9166666666666666,0.9547002608838258,0.8333333333333334,0.8941090319587335,0.8333333333333334,0.9119756763853633,0.8333333333333334,0.8560453112237397,0.8333333333333334,0.8700279025141455,11
20,4,6,0.6666666666666666,0.7638311486385619,0.8333333333333334,0.7953484533153957,0.6666666666666666,0.696161641538301,0.3333333333333333,0.524670424914352,0.3333333333333333,0.5302323022102639,12
20,4,12,0.9166666666666666,0.9275118889302588,0.75,0.9073148126218947,0.75,0.9073148126218947,0.6666666666666666,0.8319641817791517,0.6666666666666666,0.8599293643599635,12
20,4,6,0.6666666666666666,0.7397296803562773,1.0,0.8092531465551756,0.8333333333333334,0.7972024124140331,0.16666666666666666,0.4792484269977385,0.16666666666666666,0.48666426339228763,12
20,4,12,0.8333333333333334,0.9026539488584261,0.8333333333333334,0.9321727526937273,0.8333333333333334,0.9321727526937273,0.6666666666666666,0.8381786667971098,0.6666666666666666,0.8599293643599635,12
20,4,6,0.6666666666666666,0.7082123756794434,0.6666666666666666,0.7693930259344738,0.8333333333333334,0.7832977191742535,0.3333333333333333,0.3828425538685996,0.3333333333333333,0.4495850814195419,12
20,4,12,1.0,0.9477089652386228,0.8333333333333334,0.9329495633209722,0.8333333333333334,0.9329495633209722,0.8333333333333334,0.7923468397896682,0.8333333333333334,0.8793496300410827,12
20,4,6,0.8333333333333334,0.7378757212576399,0.6666666666666666,0.7832977191742535,0.6666666666666666,0.7832977191742535,0.5,0.5209625067170774,0.5,0.5357941795061757,12
20,4,12,1.0,0.9477089652386228,0.9166666666666666,0.9453785333568886,0.8333333333333334,0.919743782657811,0.8333333333333334,0.8311873711519068,0.8333333333333334,0.8544916899692501,12
20,4,6,0.6666666666666666,0.7777358418783417,1.0,0.8092531465551756,0.8333333333333334,0.7953484533153957,0.3333333333333333,0.5098387521252536,0.3333333333333333,0.5302323022102639,12
20,4,12,0.8333333333333334,0.9011003276039364,0.8333333333333334,0.9181901614033214,0.75,0.8972162744677126,0.6666666666666666,0.8156511586070114,0.6666666666666666,0.848277204951292,12
20,4,6,0.6666666666666666,0.7082123756794434,0.3333333333333333,0.5459909545486809,0.3333333333333333,0.5459909545486809,0.3333333333333333,0.48573728384296894,0.3333333333333333,0.49500707933615545,12
20,4,12,0.9166666666666666,0.9267350783030139,0.5833333333333334,0.7340860427463104,0.5833333333333334,0.7340860427463104,0.5833333333333334,0.6804861094664209,0.5833333333333334,0.6975759432658061,12
20,4,6,0.8333333333333334,0.7248980075671789,0.6666666666666666,0.7656851077371992,0.6666666666666666,0.7656851077371992,0.3333333333333333,0.49593405888547404,0.3333333333333333,0.508911772575935,12
20,4,12,1.0,0.9461553439841334,1.0,0.9663524202924973,1.0,0.9663524202924973,0.8333333333333334,0.8071062417073189,0.8333333333333334,0.8475003943240472,12
20,4,6,0.5,0.6664982959601043,0.8333333333333334,0.7972024124140331,0.8333333333333334,0.7972024124140331,0.3333333333333333,0.5098387521252536,0.3333333333333333,0.5302323022102639,12
20,4,12,0.75,0.8754655769048589,0.8333333333333334,0.9321727526937273,0.8333333333333334,0.9321727526937273,0.6666666666666666,0.8265265073884384,0.6666666666666666,0.8700279025141455,12
20,4,6,0.8333333333333334,0.7879326169208466,0.8333333333333334,0.7842246987235721,0.8333333333333334,0.7795898009769788,0.5,0.6257111957900842,0.5,0.6257111957900842,13
20,4,12,0.9166666666666666,0.9414944802206647,0.9166666666666666,0.9593611246472945,0.9166666666666666,0.950816207747602,0.8333333333333334,0.9135292976398529,0.8333333333333334,0.9352799952027064,13
20,4,6,0.6666666666666666,0.8092531465551756,0.8333333333333334,0.7814437600756161,0.8333333333333334,0.7814437600756161,0.5,0.6433238072271383,0.5,0.6507396436216875,13
20,4,12,0.9166666666666666,0.9212974039123005,0.8333333333333334,0.9057611913674051,0.8333333333333334,0.9096452445036289,0.75,0.7775874378720177,0.75,0.8428395305605785,13
20,4,6,0.8333333333333334,0.7072853961301246,1.0,0.8092531465551756,0.8333333333333334,0.7675390668358364,0.6666666666666666,0.6535205822696434,0.6666666666666666,0.6590824595655552,13
20,4,12,0.9166666666666666,0.9104220551308738,0.9166666666666666,0.9531466396293363,0.8333333333333334,0.9391640483389304,0.9166666666666666,0.9057611913674051,0.9166666666666666,0.9352799952027064,13
20,4,6,0.8333333333333334,0.722117068919223,0.5,0.6090255639023484,0.5,0.6368349503819077,0.8333333333333334,0.7035774779328501,0.8333333333333334,0.7202631098205856,13
20,4,12,0.8333333333333334,0.8910017894497545,0.8333333333333334,0.8847873044317963,0.75,0.8195352117432352,0.75,0.8529380687147605,0.75,0.8793496300410827,13
20,4,6,0.6666666666666666,0.8018373101606263,0.6666666666666666,0.7638311486385619,0.6666666666666666,0.6943076824396638,0.3333333333333333,0.5181815680691215,0.3333333333333333,0.5181815680691215,13
20,4,12,0.9166666666666666,0.9500393971203572,0.75,0.8700279025141455,0.8333333333333334,0.895662653213223,0.75,0.776033816617528,0.75,0.8257496967611936,13
20,4,6,0.6666666666666666,0.6943076824396638,1.0,0.8018373101606263,0.8333333333333334,0.732313843961728,0.6666666666666666,0.6590824595655552,0.6666666666666666,0.6572285004669179,13
20,4,12,0.9166666666666666,0.9119756763853633,0.9166666666666666,0.9515930183748468,0.8333333333333334,0.9492625864931123,0.9166666666666666,0.9057611913674051,0.9166666666666666,0.9275118889302588,13
20,4,6,0.6666666666666666,0.7842246987235721,0.8333333333333334,0.8111071056538126,0.8333333333333334,0.7832977191742535,0.5,0.6043906661557553,0.5,0.6136604616489417,13
20,4,12,1.0,0.953923450256581,0.8333333333333334,0.9042075701129155,0.8333333333333334,0.9042075701129155,0.75,0.7915700291624235,0.75,0.844393151815068,13
20,4,6,0.6666666666666666,0.7934944942167584,0.6666666666666666,0.7656851077371992,0.6666666666666666,0.6702062141573789,0.3333333333333333,0.47646748834978253,0.3333333333333333,0.47646748834978253,13
20,4,12,1.0,0.9570306927655601,0.75,0.8801264406683276,0.75,0.8801264406683276,0.75,0.7900164079079339,0.75,0.844393151815068,13
20,4,6,0.8333333333333334,0.7934944942167584,0.8333333333333334,0.8111071056538126,0.8333333333333334,0.7415836394549143,0.6666666666666666,0.6572285004669179,0.6666666666666666,0.6720601732560162,14
20,4,12,0.9166666666666666,0.9453785333568886,0.8333333333333334,0.9228510251667901,0.75,0.8972162744677126,0.75,0.8436163411878232,0.75,0.8544916899692501,14
20,4,6,0.8333333333333334,0.7684660463851551,0.8333333333333334,0.7100663347780807,0.8333333333333334,0.6785490301012469,0.6666666666666666,0.615514420747579,0.6666666666666666,0.6136604616489417,14
20,4,12,0.8333333333333334,0.9290655101847483,0.8333333333333334,0.9212974039123005,0.8333333333333334,0.9212974039123005,0.75,0.8568221218509844,0.75,0.8987698957222022,14
20,4,6,0.8333333333333334,0.7721739645824296,0.6666666666666666,0.7499264553987822,0.5,0.5969748297612062,0.5,0.5775082592255146,0.5,0.5812161774227893,14
20,4,12,0.9166666666666666,0.9259582676757693,0.75,0.9011003276039364,0.6666666666666666,0.8886713575680202,0.75,0.7573903615636535,0.75,0.8910017894497545,14
20,4,6,0.8333333333333334,0.7897865760194839,0.6666666666666666,0.7239710280178603,0.8333333333333334,0.7499264553987822,0.5,0.6683522550587417,0.5,0.6702062141573789,14
20,4,12,1.0,0.9554770715110704,1.0,0.9632451777835183,0.9166666666666666,0.950816207747602,0.8333333333333334,0.8086598629618085,0.8333333333333334,0.8319641817791517,14
20,4,6,0.6666666666666666,0.7656851077371992,0.6666666666666666,0.7100663347780807,0.6666666666666666,0.7341678030603653,0.5,0.732313843961728,0.5,0.7360217621590027,14
20,4,12,1.0,0.9477089652386228,1.0,0.9663524202924973,1.0,0.9663524202924973,0.75,0.7900164079079339,0.75,0.7946772716714026,14
20,4,6,0.8333333333333334,0.7814437600756161,0.8333333333333334,0.7832977191742535,0.8333333333333334,0.7693930259344738,0.6666666666666666,0.6572285004669179,0.6666666666666666,0.6720601732560162,14
20,4,12,0.9166666666666666,0.9275118889302588,0.8333333333333334,0.9228510251667901,0.8333333333333334,0.9244046464212797,0.75,0.8296337498974173,0.75,0.8746887662776142,14
20,4,6,0.8333333333333334,0.7814437600756161,0.8333333333333334,0.8111071056538126,0.8333333333333334,0.8111071056538126,0.6666666666666666,0.6664982959601043,0.6666666666666666,0.6720601732560162,14
20,4,12,0.9166666666666666,0.9593611246472945,0.8333333333333334,0.9011003276039364,0.75,0.8871177363135305,0.8333333333333334,0.8676974706324111,0.8333333333333334,0.8941090319587335,14
20,4,6,0.8333333333333334,0.7564153122440127,0.8333333333333334,0.7100663347780807,0.8333333333333334,0.7100663347780807,0.6666666666666666,0.6776220505519281,0.6666666666666666,0.696161641538301,14
20,4,12,0.9166666666666666,0.9515930183748468,0.8333333333333334,0.9244046464212797,0.75,0.9073148126218947,0.6666666666666666,0.8319641817791517,0.6666666666666666,0.8490540155785367,14
20,4,6,0.8333333333333334,0.7758818827797043,0.6666666666666666,0.7517804144974195,0.6666666666666666,0.7517804144974195,0.3333333333333333,0.3735727583754132,0.3333333333333333,0.3735727583754132,15
20,4,12,0.8333333333333334,0.899546706349447,0.9166666666666666,0.967906041546987,0.9166666666666666,0.967906041546987,0.6666666666666666,0.7550599296819192,0.6666666666666666,0.8094366735890532,15
20,4,6,0.8333333333333334,0.7814437600756161,0.6666666666666666,0.7656851077371992,0.6666666666666666,0.7656851077371992,0.5,0.48944520204024355,0.5,0.5302323022102639,15
20,4,12,0.9166666666666666,0.9446017227296438,0.75,0.9174133507760767,0.75,0.878572819413838,0.5833333333333334,0.7410773383915132,0.5833333333333334,0.7550599296819192,15
20,4,6,0.3333333333333333,0.6572285004669179,0.6666666666666666,0.6998695597355756,0.6666666666666666,0.6998695597355756,0.3333333333333333,0.6423968276778197,0.3333333333333333,0.6609364186641926,15
20,4,12,0.9166666666666666,0.9376104270844408,0.8333333333333334,0.929842320811993,0.8333333333333334,0.9228510251667901,0.6666666666666666,0.8700279025141455,0.6666666666666666,0.9073148126218947,15
20,4,6,0.8333333333333334,0.7638311486385619,0.6666666666666666,0.7693930259344738,0.6666666666666666,0.7693930259344738,0.5,0.5877050342680197,0.5,0.5969748297612062,15
20,4,12,0.9166666666666666,0.9461553439841334,0.8333333333333334,0.9073148126218947,0.8333333333333334,0.9073148126218947,0.5833333333333334,0.7597207934453879,0.5833333333333334,0.7535063084274296,15
20,4,6,0.6666666666666666,0.680402989199884,0.8333333333333334,0.6859648664957959,0.6666666666666666,0.621076298043491,0.3333333333333333,0.42455663358793855,0.3333333333333333,0.43568038817976223,15
20,4,12,0.9166666666666666,0.9228510251667901,0.75,0.8669206600051664,0.75,0.8669206600051664,0.6666666666666666,0.7977845141803817,0.6666666666666666,0.8428395305605785,15
20,4,6,0.8333333333333334,0.7619771895399248,0.8333333333333334,0.7795898009769788,0.8333333333333334,0.7795898009769788,0.3333333333333333,0.41621381764407084,0.3333333333333333,0.41992173584134534,15
20,4,12,0.9166666666666666,0.9228510251667901,0.75,0.8917786000769992,0.75,0.8731351450231247,0.6666666666666666,0.7636048465816118,0.6666666666666666,0.8226424542522145,15
20,4,6,0.8333333333333334,0.7619771895399248,0.6666666666666666,0.7656851077371992,0.6666666666666666,0.7656851077371992,0.5,0.5209625067170774,0.5,0.5302323022102639,15
20,4,12,0.9166666666666666,0.9430481014751542,0.8333333333333334,0.9313959420664826,0.8333333333333334,0.9313959420664826,0.5833333333333334,0.7193266408286596,0.5833333333333334,0.7426309596460029,15
20,4,6,0.8333333333333334,0.8111071056538126,0.5,0.582143156972108,0.5,0.582143156972108,0.5,0.667425275509423,0.5,0.6785490301012469,15
20,4,12,0.9166666666666666,0.9593611246472945,0.6666666666666666,0.8638134174961873,0.6666666666666666,0.8490540155785367,0.6666666666666666,0.8195352117432352,0.6666666666666666,0.8350714242881307,15
20,4,6,0.5,0.641469848128501,0.8333333333333334,0.7972024124140331,0.6666666666666666,0.7304598848630908,0.5,0.6340540117339519,0.5,0.6451777663257756,16
20,4,12,1.0,0.9166365401488319,0.9166666666666666,0.9438249121023989,0.9166666666666666,0.9438249121023989,0.75,0.7806946803809967,0.75,0.793123650416913,16
20,4,6,0.8333333333333334,0.7527073940467383,0.5,0.5941938911132503,0.5,0.5469179340979995,0.6666666666666666,0.6470317254244129,0.6666666666666666,0.6748411119039721,16
20,4,12,0.9166666666666666,0.9461553439841334,0.9166666666666666,0.9399408589661752,0.9166666666666666,0.9399408589661752,0.75,0.7799178697537518,0.75,0.8498308262057814,16
20,4,6,0.8333333333333334,0.7304598848630908,0.5,0.5979018093105248,0.6666666666666666,0.5802891978734706,0.5,0.472759570152508,0.5,0.4801754065470571,16
20,4,12,0.8333333333333334,0.9119756763853633,0.8333333333333334,0.9469321546113779,0.8333333333333334,0.9469321546113779,0.6666666666666666,0.7441845809004923,0.6666666666666666,0.762828035954367,16
20,4,6,0.6666666666666666,0.7415836394549143,0.5,0.5802891978734706,0.5,0.6748411119039721,0.3333333333333333,0.6498126640723688,0.3333333333333333,0.6627903777628298,16
20,4,12,0.9166666666666666,0.9119756763853633,0.75,0.9088684338763842,0.75,0.8972162744677126,0.5833333333333334,0.7270947471011074,0.5833333333333334,0.8078830523345638,16
20,4,6,0.6666666666666666,0.6535205822696434,0.5,0.621076298043491,0.6666666666666666,0.6053176457050738,0.5,0.550625852295274,0.5,0.5561877295911859,16
20,4,12,0.8333333333333334,0.9275118889302588,0.8333333333333334,0.9244046464212797,0.8333333333333334,0.8886713575680202,0.6666666666666666,0.6999063751475404,0.6666666666666666,0.724764315219373,16
20,4,6,0.8333333333333334,0.7415836394549143,0.6666666666666666,0.7638311486385619,0.5,0.6637173573121484,0.6666666666666666,0.6525936027203249,0.6666666666666666,0.6748411119039721,16
20,4,12,0.9166666666666666,0.9430481014751542,0.9166666666666666,0.9399408589661752,0.9166666666666666,0.9399408589661752,0.6666666666666666,0.7356396640007998,0.6666666666666666,0.7325324214918207,16
20,4,6,0.8333333333333334,0.7777358418783417,0.8333333333333334,0.7675390668358364,0.6666666666666666,0.7360217621590027,0.5,0.6340540117339519,0.5,0.6377619299312265,16
20,4,12,0.9166666666666666,0.9135292976398529,0.6666666666666666,0.844393151815068,0.6666666666666666,0.8203120223704801,0.75,0.9003235169766918,0.75,0.9251814570485245,16
20,4,6,0.5,0.6433238072271383,0.8333333333333334,0.7832977191742535,0.6666666666666666,0.7276789462151347,0.5,0.641469848128501,0.5,0.6451777663257756,16
20,4,12,0.9166666666666666,0.912752487012608,0.9166666666666666,0.9352799952027064,0.9166666666666666,0.9352799952027064,0.75,0.8094366735890532,0.75,0.8234192648794592,16
20,4,6,0.6666666666666666,0.7304598848630908,0.3333333333333333,0.42641059268657583,0.5,0.5487718931966367,0.6666666666666666,0.5663845046336908,0.6666666666666666,0.5775082592255146,17
20,4,12,0.8333333333333334,0.9042075701129155,0.6666666666666666,0.6890310263661136,0.75,0.7838019228899757,0.6666666666666666,0.6626194650397912,0.6666666666666666,0.6672803288032599,17
20,4,6,0.8333333333333334,0.7035774779328501,0.6666666666666666,0.774027923681067,0.6666666666666666,0.7638311486385619,0.5,0.5543337704925486,0.5,0.5932669115639315,17
20,4,12,1.0,0.9430481014751542,0.9166666666666666,0.912752487012608,0.8333333333333334,0.9057611913674051,0.8333333333333334,0.8824568725500619,0.8333333333333334,0.9042075701129155,17
20,4,6,0.6666666666666666,0.7517804144974195,0.8333333333333334,0.774027923681067,0.6666666666666666,0.6609364186641926,0.3333333333333333,0.4644167542086402,0.3333333333333333,0.5126196907732096,17
20,4,12,0.75,0.9205205932850558,0.75,0.9174133507760767,0.75,0.8847873044317963,0.6666666666666666,0.8047758098255846,0.6666666666666666,0.8311873711519068,17
20,4,6,0.8333333333333334,0.8111071056538126,0.6666666666666666,0.6924537233410264,0.6666666666666666,0.6924537233410264,0.6666666666666666,0.7276789462151347,0.6666666666666666,0.6090255639023484,17
20,4,12,0.8333333333333334,0.9143061082670977,0.75,0.8498308262057814,0.6666666666666666,0.8055526204528293,0.5833333333333334,0.7131121558107014,0.5833333333333334,0.7193266408286596,17
20,4,6,0.6666666666666666,0.7415836394549143,0.6666666666666666,0.6943076824396638,0.6666666666666666,0.6943076824396638,0.6666666666666666,0.6173683798462164,0.6666666666666666,0.7137742529753552,17
20,4,12,0.8333333333333334,0.8917786000769992,0.8333333333333334,0.9011003276039364,0.8333333333333334,0.8622597962416979,0.6666666666666666,0.7333092321190655,0.6666666666666666,0.7333092321190655,17
20,4,6,0.6666666666666666,0.7415836394549143,0.6666666666666666,0.6887458051437517,0.6666666666666666,0.6887458051437517,0.6666666666666666,0.7693930259344738,0.6666666666666666,0.7693930259344738,17
20,4,12,0.8333333333333334,0.9057611913674051,0.8333333333333334,0.8397322880515995,0.8333333333333334,0.8467235836968023,0.6666666666666666,0.7239875045921282,0.6666666666666666,0.7395237171370237,17
20,4,6,0.8333333333333334,0.8036912692592635,0.6666666666666666,0.7397296803562773,0.6666666666666666,0.7397296803562773,0.8333333333333334,0.7934944942167584,0.8333333333333334,0.7972024124140331,17
20,4,12,0.9166666666666666,0.9663524202924973,0.75,0.8917786000769992,0.75,0.9244046464212797,0.9166666666666666,0.9547002608838258,0.9166666666666666,0.9609147459017842,17
20,4,6,0.6666666666666666,0.667425275509423,0.6666666666666666,0.7814437600756161,0.6666666666666666,0.6859648664957959,0.3333333333333333,0.5413560568020876,0.3333333333333333,0.5598956477884605,17
20,4,12,0.9166666666666666,0.9399408589661752,0.75,0.868474281259656,0.75,0.8902249788225097,0.75,0.8506076368330263,0.75,0.844393151815068,17
20,4,6,0.6666666666666666,0.7638311486385619,0.6666666666666666,0.7536343735960569,0.5,0.7082123756794434,0.5,0.6247842162407654,0.5,0.6340540117339519,18
20,4,12,0.8333333333333334,0.8723583343958798,0.8333333333333334,0.9313959420664826,0.8333333333333334,0.9313959420664826,0.6666666666666666,0.7527294978001848,0.6666666666666666,0.7791410591265071,18
20,4,6,0.8333333333333334,0.7860786578222094,0.6666666666666666,0.7202631098205856,0.6666666666666666,0.7202631098205856,0.3333333333333333,0.5154006294211656,0.3333333333333333,0.5154006294211656,18
20,4,12,0.75,0.8855641150590411,0.6666666666666666,0.8086598629618085,0.6666666666666666,0.8086598629618085,0.75,0.8016685673166055,0.75,0.8513844474602711,18
20,4,6,0.8333333333333334,0.7860786578222094,0.8333333333333334,0.7304598848630908,0.6666666666666666,0.6785490301012469,0.5,0.6136604616489417,0.5,0.6377619299312265,18
20,4,12,0.8333333333333334,0.8801264406683276,0.75,0.9337263739482169,0.75,0.9360568058299513,0.75,0.8366250455426204,0.75,0.878572819413838,18
20,4,6,0.8333333333333334,0.7860786578222094,0.5,0.667425275509423,0.5,0.6182953593955349,0.5,0.5969748297612062,0.5,0.6322000526353145,18
20,4,12,0.9166666666666666,0.9585843140200497,0.75,0.8847873044317963,0.8333333333333334,0.912752487012608,0.75,0.8296337498974173,0.75,0.8840104938045514,18
20,4,6,0.6666666666666666,0.748072496300145,0.3333333333333333,0.49686103843479273,0.5,0.5237434453650334,0.3333333333333333,0.4931531202375181,0.3333333333333333,0.49686103843479273,18
20,4,12,1.0,0.9383872377116855,0.75,0.8032221885710952,0.75,0.8032221885710952,0.6666666666666666,0.7566135509364088,0.6666666666666666,0.7737033847357938,18
20,4,6,0.8333333333333334,0.7916405351181213,0.6666666666666666,0.6637173573121484,0.6666666666666666,0.7258249871164975,0.5,0.5988287888598435,0.5,0.6359079708325891,18
20,4,12,0.8333333333333334,0.9135292976398529,0.8333333333333334,0.861482985614453,0.75,0.8490540155785367,0.6666666666666666,0.7542831190546745,0.6666666666666666,0.7698193315995698,18
20,4,6,0.8333333333333334,0.7953484533153957,0.8333333333333334,0.6998695597355756,0.6666666666666666,0.6470317254244129,0.8333333333333334,0.7443645781028705,0.8333333333333334,0.7554883326946942,18
20,4,12,0.9166666666666666,0.9391640483389304,0.75,0.9181901614033214,0.75,0.9181901614033214,0.6666666666666666,0.8824568725500619,0.6666666666666666,0.8886713575680202,18
20,4,6,0.8333333333333334,0.7916405351181213,0.8333333333333334,0.6943076824396638,0.6666666666666666,0.5682384637323282,0.5,0.5988287888598435,0.5,0.6377619299312265,18
20,4,12,0.9166666666666666,0.9352799952027064,0.6666666666666666,0.8032221885710952,0.6666666666666666,0.8032221885710952,0.75,0.834294613660886,0.75,0.8855641150590411,18
20,4,6,0.8333333333333334,0.7693930259344738,0.6666666666666666,0.6711331937066976,0.6666666666666666,0.6711331937066976,0.6666666666666666,0.6887458051437517,0.6666666666666666,0.6943076824396638,19
20,4,12,0.9166666666666666,0.9469321546113779,0.8333333333333334,0.9244046464212797,0.8333333333333334,0.9244046464212797,0.6666666666666666,0.7923468397896682,0.6666666666666666,0.817204779861501,19
20,4,6,0.6666666666666666,0.7638311486385619,0.6666666666666666,0.7276789462151347,0.6666666666666666,0.7276789462151347,0.6666666666666666,0.6887458051437517,0.6666666666666666,0.6943076824396638,19
20,4,12,0.9166666666666666,0.9438249121023989,0.75,0.8770191981593486,0.8333333333333334,0.9228510251667901,0.6666666666666666,0.7907932185351788,0.6666666666666666,0.797007703553137,19
20,4,6,0.6666666666666666,0.7638311486385619,0.6666666666666666,0.7276789462151347,0.6666666666666666,0.7276789462151347,0.6666666666666666,0.709139355228762,0.6666666666666666,0.7276789462151347,19
20,4,12,0.9166666666666666,0.9570306927655601,0.6666666666666666,0.827303318015683,0.75,0.878572819413838,0.6666666666666666,0.8008917566893609,0.6666666666666666,0.8024453779438504,19
20,4,6,0.6666666666666666,0.7832977191742535,0.8333333333333334,0.7934944942167584,0.8333333333333334,0.7415836394549143,0.6666666666666666,0.7832977191742535,0.6666666666666666,0.7832977191742535,19
20,4,12,0.9166666666666666,0.9461553439841334,0.9166666666666666,0.919743782657811,0.9166666666666666,0.919743782657811,0.8333333333333334,0.8871177363135305,0.8333333333333334,0.9088684338763842,19
20,4,6,0.6666666666666666,0.7675390668358364,0.6666666666666666,0.7100663347780807,0.8333333333333334,0.7536343735960569,0.8333333333333334,0.7953484533153957,0.8333333333333334,0.7953484533153957,19
20,4,12,0.8333333333333334,0.9492625864931123,0.9166666666666666,0.9181901614033214,0.8333333333333334,0.912752487012608,0.8333333333333334,0.8746887662776142,0.8333333333333334,0.9057611913674051,19
20,4,6,0.6666666666666666,0.7814437600756161,0.6666666666666666,0.6664982959601043,0.6666666666666666,0.6664982959601043,0.6666666666666666,0.7165551916233112,0.6666666666666666,0.7276789462151347,19
20,4,12,0.9166666666666666,0.9515930183748468,0.8333333333333334,0.9228510251667901,0.8333333333333334,0.9228510251667901,0.6666666666666666,0.7923468397896682,0.6666666666666666,0.797007703553137,19
20,4,6,0.6666666666666666,0.7119202938767178,0.5,0.5830701365214265,0.5,0.5830701365214265,0.6666666666666666,0.6813299687492026,0.6666666666666666,0.6924537233410264,19
20,4,12,0.9166666666666666,0.9345031845754617,0.8333333333333334,0.9212974039123005,0.8333333333333334,0.9212974039123005,0.6666666666666666,0.8086598629618085,0.6666666666666666,0.8241960755067039,19
20,4,6,0.6666666666666666,0.7638311486385619,0.6666666666666666,0.6720601732560162,0.6666666666666666,0.6720601732560162,0.6666666666666666,0.6887458051437517,0.6666666666666666,0.6943076824396638,19
20,4,12,0.8333333333333334,0.9461553439841334,0.8333333333333334,0.9189669720305661,0.8333333333333334,0.9189669720305661,0.6666666666666666,0.7876859760261996,0.6666666666666666,0.7985613248076264,19
20,5,6,0.5,0.5830701365214265,0.5,0.511692711223891,0.5,0.511692711223891,0.16666666666666666,0.3031223126271963,0.16666666666666666,0.3049762717258336,0
20,5,12,1.0,0.9119756763853633,0.8333333333333334,0.9065380019946498,0.8333333333333334,0.9065380019946498,0.75,0.677378866957442,0.75,0.7861323547717102,0
20,5,6,0.5,0.5700924228309655,0.8333333333333334,0.735094782609684,0.6666666666666666,0.6553745413682807,0.3333333333333333,0.34854431054380974,0.3333333333333333,0.35225222874108436,0
20,5,12,0.9166666666666666,0.9088684338763842,0.8333333333333334,0.9290655101847483,0.8333333333333334,0.9290655101847483,0.6666666666666666,0.6610658437853016,0.6666666666666666,0.7636048465816118,0
20,5,6,0.8333333333333334,0.7165551916233112,0.8333333333333334,0.7953484533153957,0.8333333333333334,0.7619771895399248,0.5,0.5932669115639315,0.5,0.6062446252543926,0
20,5,12,0.8333333333333334,0.9158597295215872,0.8333333333333334,0.9282886995575035,0.8333333333333334,0.8987698957222022,0.5833333333333334,0.7604976040726326,0.5833333333333334,0.7667120890905907,0
20,5,6,1.0,0.7981293919633516,0.8333333333333334,0.8111071056538126,0.8333333333333334,0.7953484533153957,0.6666666666666666,0.6794760096505654,0.6666666666666666,0.6850378869464773,0
20,5,12,0.8333333333333334,0.9003235169766918,0.6666666666666666,0.9663524202924973,0.6666666666666666,0.9663524202924973,0.6666666666666666,0.8156511586070114,0.6666666666666666,0.8513844474602711,0
20,5,6,0.8333333333333334,0.7777358418783417,0.8333333333333334,0.6813299687492026,0.6666666666666666,0.6498126640723688,0.6666666666666666,0.6553745413682807,0.6666666666666666,0.6646443368614672,0
20,5,12,0.75,0.8855641150590411,0.75,0.8840104938045514,0.75,0.8840104938045514,0.6666666666666666,0.8226424542522145,0.6666666666666666,0.844393151815068,0
20,5,6,1.0,0.8036912692592635,0.8333333333333334,0.7953484533153957,0.8333333333333334,0.7972024124140331,0.5,0.6043906661557553,0.5,0.6080985843530299,0
20,5,12,0.8333333333333334,0.9220742145395454,0.8333333333333334,0.9422712908479094,0.8333333333333334,0.9422712908479094,0.6666666666666666,0.848277204951292,0.6666666666666666,0.8917786000769992,0
20,5,6,0.6666666666666666,0.7341678030603653,0.6666666666666666,0.621076298043491,0.6666666666666666,0.621076298043491,0.3333333333333333,0.34854431054380974,0.3333333333333333,0.3874774516151928,0
20,5,12,0.9166666666666666,0.9391640483389304,0.6666666666666666,0.8568221218509844,0.6666666666666666,0.8568221218509844,0.5,0.7154425876924358,0.5,0.7309788002373312,0
20,5,6,0.8333333333333334,0.7721739645824296,0.6666666666666666,0.7536343735960569,0.6666666666666666,0.7536343735960569,0.5,0.6396158890298638,0.5,0.6433238072271383,0
20,5,12,0.8333333333333334,0.9259582676757693,0.75,0.8607061749872083,0.5833333333333334,0.7325324214918207,0.6666666666666666,0.7783642484992623,0.6666666666666666,0.8109902948435429,0
20,5,6,0.8333333333333334,0.7443645781028705,1.0,0.8092531465551756,1.0,0.8092531465551756,0.3333333333333333,0.5756543001268773,0.3333333333333333,0.5812161774227893,1
20,5,12,0.9166666666666666,0.9469321546113779,0.8333333333333334,0.9088684338763842,0.75,0.878572819413838,0.75,0.8436163411878232,0.75,0.8700279025141455,1
20,5,6,0.8333333333333334,0.7619771895399248,0.6666666666666666,0.7378757212576399,0.6666666666666666,0.7378757212576399,0.5,0.6201493184941722,0.5,0.6220032775928095,1
20,5,12,0.9166666666666666,0.9422712908479094,0.8333333333333334,0.8832336831773067,0.8333333333333334,0.8832336831773067,0.5,0.632323850577245,0.5,0.6960223220113164,1
20,5,6,0.6666666666666666,0.7211900893699044,0.5,0.6359079708325891,0.5,0.6359079708325891,0.5,0.6201493184941722,0.5,0.6331270321846333,1
20,5,12,0.8333333333333334,0.9034307594856708,0.6666666666666666,0.8257496967611936,0.6666666666666666,0.8257496967611936,0.75,0.8731351450231247,0.75,0.9088684338763842,1
20,5,6,0.8333333333333334,0.7656851077371992,0.6666666666666666,0.7693930259344738,0.6666666666666666,0.7554883326946942,0.5,0.5941938911132503,0.5,0.6108795230009858,1
20,5,12,0.9166666666666666,0.9391640483389304,0.75,0.8412859093060889,0.75,0.8412859093060889,0.6666666666666666,0.7962308929258921,0.6666666666666666,0.8039989991983398,1
20,5,6,0.8333333333333334,0.7304598848630908,0.6666666666666666,0.7258249871164975,0.6666666666666666,0.7656851077371992,0.3333333333333333,0.49964197708274866,0.3333333333333333,0.5107657316745724,1
20,5,12,0.9166666666666666,0.9376104270844408,0.75,0.8816800619228172,0.75,0.8816800619228172,0.8333333333333334,0.8513844474602711,0.8333333333333334,0.9088684338763842,1
20,5,6,1.0,0.8073991874565382,0.6666666666666666,0.7554883326946942,0.5,0.6386889094805451,0.5,0.5775082592255146,0.5,0.5775082592255146,1
20,5,12,0.9166666666666666,0.9391640483389304,0.8333333333333334,0.9212974039123005,0.75,0.8358482349153755,0.5,0.7426309596460029,0.5,0.7379700958825343,1
20,5,6,1.0,0.8018373101606263,0.8333333333333334,0.7814437600756161,0.6666666666666666,0.7554883326946942,0.5,0.5941938911132503,0.5,0.6108795230009858,1
20,5,12,0.8333333333333334,0.9477089652386228,0.8333333333333334,0.9042075701129155,0.8333333333333334,0.9282886995575035,0.5833333333333334,0.7838019228899757,0.5833333333333334,0.8024453779438504,1
20,5,6,0.6666666666666666,0.6952346619889823,0.5,0.5061308339279792,0.5,0.5571147091405044,0.5,0.5459909545486809,0.5,0.5330132408582198,1
20,5,12,0.9166666666666666,0.9026539488584261,0.75,0.8071062417073189,0.75,0.8071062417073189,0.6666666666666666,0.6688339500577494,0.6666666666666666,0.7061208601654984,1
20,5,6,0.6666666666666666,0.586778054718701,0.6666666666666666,0.7045044574821687,0.6666666666666666,0.7007965392848943,0.5,0.3726457788260945,0.5,0.3744997379247318,2
20,5,12,0.75,0.8350714242881307,0.6666666666666666,0.8203120223704801,0.6666666666666666,0.7806946803809967,0.5,0.5647413260069498,0.5,0.639315146222448,2
20,5,6,1.0,0.8036912692592635,0.6666666666666666,0.7202631098205856,0.6666666666666666,0.6850378869464773,0.5,0.44773112232090456,0.5,0.5738003410282401,2
20,5,12,0.9166666666666666,0.9119756763853633,0.6666666666666666,0.8832336831773067,0.6666666666666666,0.8832336831773067,0.5833333333333334,0.7791410591265071,0.5833333333333334,0.8071062417073189,2
20,5,6,0.8333333333333334,0.7758818827797043,0.6666666666666666,0.7972024124140331,0.5,0.7119202938767178,0.6666666666666666,0.6748411119039721,0.6666666666666666,0.6785490301012469,2
20,5,12,0.9166666666666666,0.9352799952027064,0.8333333333333334,0.950816207747602,0.8333333333333334,0.8979930850949573,0.75,0.8894481681952648,0.75,0.912752487012608,2
20,5,6,0.6666666666666666,0.6553745413682807,0.5,0.4217756949399826,0.6666666666666666,0.5385751181541317,0.5,0.3930393289111047,0.5,0.40972496079884024,2
20,5,12,0.75,0.8583757431054739,0.5833333333333334,0.6657267075487703,0.5833333333333334,0.6657267075487703,0.5833333333333334,0.5561964091072573,0.5833333333333334,0.660289033158057,2
20,5,6,0.8333333333333334,0.6980156006369382,0.6666666666666666,0.7758818827797043,0.6666666666666666,0.706358416580806,0.5,0.3086841899231082,0.5,0.5738003410282401,2
20,5,12,0.8333333333333334,0.9259582676757693,0.75,0.9143061082670977,0.75,0.9143061082670977,0.5,0.7527294978001848,0.5,0.7542831190546745,2
20,5,6,0.6666666666666666,0.7378757212576399,0.3333333333333333,0.5005689566320672,0.3333333333333333,0.5005689566320672,0.3333333333333333,0.4505120609688606,0.3333333333333333,0.4634897746593215,2
20,5,12,0.8333333333333334,0.9259582676757693,0.75,0.8529380687147605,0.8333333333333334,0.878572819413838,0.5,0.6214485017958182,0.5,0.6338774718317346,2
20,5,6,0.5,0.706358416580806,0.6666666666666666,0.7554883326946942,0.6666666666666666,0.7276789462151347,0.3333333333333333,0.5348671999568572,0.3333333333333333,0.5496988727459554,2
20,5,12,1.0,0.9321727526937273,0.8333333333333334,0.8878945469407754,0.8333333333333334,0.8878945469407754,0.75,0.7651584678361013,0.75,0.8024453779438504,2
20,5,6,0.5,0.7202631098205856,0.5,0.7082123756794434,0.5,0.6646443368614672,0.3333333333333333,0.5450639749993621,0.3333333333333333,0.550625852295274,2
20,5,12,0.9166666666666666,0.9399408589661752,0.75,0.8599293643599635,0.75,0.8599293643599635,0.75,0.7853555441444654,0.75,0.8552685005964948,2
20,5,6,0.5,0.62849213443804,0.5,0.6108795230009858,0.6666666666666666,0.7795898009769788,0.3333333333333333,0.6071716048037112,0.3333333333333333,0.6220032775928095,3
20,5,12,0.9166666666666666,0.9212974039123005,0.5833333333333334,0.6835933519754,0.6666666666666666,0.7239875045921282,0.8333333333333334,0.7884627866534445,0.8333333333333334,0.8257496967611936,3
20,5,6,0.6666666666666666,0.6970886210876195,0.8333333333333334,0.7638311486385619,0.8333333333333334,0.7638311486385619,0.8333333333333334,0.7508534349481009,0.8333333333333334,0.7656851077371992,3
20,5,12,0.9166666666666666,0.9267350783030139,0.75,0.8412859093060889,0.8333333333333334,0.9088684338763842,0.75,0.8630366068689427,0.75,0.8723583343958798,3
20,5,6,0.5,0.6915267437917079,0.5,0.6924537233410264,0.5,0.6924537233410264,0.3333333333333333,0.49871499753342996,0.3333333333333333,0.49871499753342996,3
20,5,12,0.9166666666666666,0.9228510251667901,0.8333333333333334,0.9042075701129155,0.75,0.8412859093060889,0.6666666666666666,0.7333092321190655,0.6666666666666666,0.7892395972806893,3
20,5,6,0.5,0.6655713164107858,0.5,0.6924537233410264,0.6666666666666666,0.7258249871164975,0.3333333333333333,0.508911772575935,0.3333333333333333,0.508911772575935,3
20,5,12,0.9166666666666666,0.9088684338763842,0.75,0.8871177363135305,0.75,0.8599293643599635,0.6666666666666666,0.7068976707927432,0.6666666666666666,0.745738202154982,3
20,5,6,0.5,0.6498126640723688,0.8333333333333334,0.7619771895399248,0.8333333333333334,0.7619771895399248,0.6666666666666666,0.6868918460451146,0.6666666666666666,0.6868918460451146,3
20,5,12,0.9166666666666666,0.9329495633209722,0.8333333333333334,0.9189669720305661,0.8333333333333334,0.9049843807401602,0.75,0.8840104938045514,0.75,0.9011003276039364,3
20,5,6,0.6666666666666666,0.7425106190042331,0.5,0.5515528318445926,0.5,0.5515528318445926,0.16666666666666666,0.35132524919176567,0.16666666666666666,0.366156921980864,3
20,5,12,1.0,0.9585843140200497,0.75,0.9174133507760767,0.75,0.865367038750677,0.5833333333333334,0.6711643819394837,0.5833333333333334,0.7193266408286596,3
20,5,6,0.6666666666666666,0.7462185372015077,0.5,0.5598956477884605,0.5,0.5265243840129893,0.16666666666666666,0.36430296288222674,0.16666666666666666,0.4273375722358945,3
20,5,12,1.0,0.9616915565290286,0.75,0.8358482349153755,0.75,0.8428395305605785,0.5833333333333334,0.6253325549320421,0.5833333333333334,0.7496222552912057,3
20,5,6,0.5,0.6868918460451146,0.6666666666666666,0.7397296803562773,0.5,0.6470317254244129,0.3333333333333333,0.5571147091405044,0.3333333333333333,0.5663845046336908,3
20,5,12,0.9166666666666666,0.9337263739482169,0.75,0.8731351450231247,0.75,0.8731351450231247,0.75,0.7698193315995698,0.75,0.7884627866534445,3
20,5,6,0.6666666666666666,0.7378757212576399,0.5,0.5756543001268773,0.5,0.5756543001268773,0.3333333333333333,0.46627071330727754,0.3333333333333333,0.4792484269977385,4
20,5,12,0.8333333333333334,0.9383872377116855,0.75,0.8917786000769992,0.8333333333333334,0.9212974039123005,0.6666666666666666,0.7317556108645759,0.6666666666666666,0.762828035954367,4
20,5,6,0.8333333333333334,0.7619771895399248,0.6666666666666666,0.6553745413682807,0.8333333333333334,0.7675390668358364,0.8333333333333334,0.7369487417083213,0.8333333333333334,0.7536343735960569,4
20,5,12,0.9166666666666666,0.9166365401488319,0.8333333333333334,0.8878945469407754,0.8333333333333334,0.8878945469407754,0.6666666666666666,0.7566135509364088,0.6666666666666666,0.8265265073884384,4
20,5,6,0.6666666666666666,0.7295329053137721,0.6666666666666666,0.7258249871164975,0.6666666666666666,0.7258249871164975,0.5,0.586778054718701,0.5,0.6034636866064367,4
20,5,12,0.75,0.8894481681952648,0.9166666666666666,0.9042075701129155,0.9166666666666666,0.9220742145395454,0.5833333333333334,0.7131121558107014,0.5833333333333334,0.7333092321190655,4
20,5,6,0.8333333333333334,0.7777358418783417,0.6666666666666666,0.7693930259344738,0.6666666666666666,0.6980156006369382,0.6666666666666666,0.6748411119039721,0.6666666666666666,0.680402989199884,4
20,5,12,1.0,0.9585843140200497,0.8333333333333334,0.8762423875321038,0.9166666666666666,0.899546706349447,0.8333333333333334,0.899546706349447,0.8333333333333334,0.919743782657811,4
20,5,6,0.6666666666666666,0.7795898009769788,0.3333333333333333,0.5330132408582198,0.3333333333333333,0.5330132408582198,0.16666666666666666,0.40787100170020296,0.16666666666666666,0.4115789198974776,4
20,5,12,0.8333333333333334,0.9399408589661752,0.75,0.8544916899692501,0.75,0.8544916899692501,0.5833333333333334,0.6843701626026448,0.5833333333333334,0.7278715577283521,4
20,5,6,0.8333333333333334,0.7638311486385619,0.8333333333333334,0.6989425801862569,0.8333333333333334,0.7499264553987822,0.5,0.5098387521252536,0.5,0.5858510751693825,4
20,5,12,0.8333333333333334,0.9096452445036289,0.9166666666666666,0.9220742145395454,1.0,0.9616915565290286,0.6666666666666666,0.7465150127822267,0.6666666666666666,0.8164279692342563,4
20,5,6,0.8333333333333334,0.7777358418783417,0.3333333333333333,0.5552607500418671,0.3333333333333333,0.5552607500418671,0.5,0.693380702890345,0.5,0.7026504983835313,4
20,5,12,1.0,0.9585843140200497,0.8333333333333334,0.9111988657581186,0.8333333333333334,0.8809032512955723,0.75,0.8358482349153755,0.75,0.8405090986788442,4
20,5,6,0.6666666666666666,0.7425106190042331,0.6666666666666666,0.7972024124140331,0.6666666666666666,0.7165551916233112,0.6666666666666666,0.6525936027203249,0.6666666666666666,0.6822569482985213,4
20,5,12,0.75,0.8925554107042439,0.8333333333333334,0.8987698957222022,0.9166666666666666,0.9228510251667901,0.5833333333333334,0.7869091653989548,0.5833333333333334,0.8055526204528293,4
20,5,6,0.8333333333333334,0.7972024124140331,0.6666666666666666,0.7656851077371992,0.6666666666666666,0.7656851077371992,0.6666666666666666,0.6461047458750943,0.6666666666666666,0.6683522550587417,5
20,5,12,0.9166666666666666,0.9290655101847483,0.5833333333333334,0.797007703553137,0.6666666666666666,0.8498308262057814,0.6666666666666666,0.8047758098255846,0.6666666666666666,0.8296337498974173,5
20,5,6,0.8333333333333334,0.7897865760194839,0.8333333333333334,0.8111071056538126,0.8333333333333334,0.8111071056538126,0.6666666666666666,0.7304598848630908,0.6666666666666666,0.7397296803562773,5
20,5,12,0.9166666666666666,0.9352799952027064,0.8333333333333334,0.8925554107042439,0.8333333333333334,0.8925554107042439,0.8333333333333334,0.8793496300410827,0.8333333333333334,0.8902249788225097,5
20,5,6,0.8333333333333334,0.7972024124140331,0.5,0.5756543001268773,0.6666666666666666,0.7656851077371992,0.5,0.6006827479584808,0.5,0.6247842162407654,5
20,5,12,0.9166666666666666,0.9337263739482169,0.6666666666666666,0.8148743479797668,0.6666666666666666,0.8032221885710952,0.6666666666666666,0.7985613248076264,0.6666666666666666,0.8249728861339488,5
20,5,6,0.8333333333333334,0.7638311486385619,0.8333333333333334,0.8111071056538126,0.8333333333333334,0.8111071056538126,0.6666666666666666,0.7258249871164975,0.6666666666666666,0.7258249871164975,5
20,5,12,1.0,0.9601379352745393,0.8333333333333334,0.9096452445036289,0.8333333333333334,0.9096452445036289,0.8333333333333334,0.9189669720305661,0.8333333333333334,0.9282886995575035,5
20,5,6,0.8333333333333334,0.7972024124140331,0.5,0.6396158890298638,0.5,0.6396158890298638,0.5,0.6090255639023484,0.5,0.6294191139873587,5
20,5,12,0.9166666666666666,0.9399408589661752,0.75,0.8436163411878232,0.75,0.8436163411878232,0.6666666666666666,0.8094366735890532,0.6666666666666666,0.8280801286429279,5
20,5,6,0.6666666666666666,0.7147012325246738,0.6666666666666666,0.7795898009769788,0.6666666666666666,0.6822569482985213,0.5,0.6136604616489417,0.5,0.6136604616489417,5
20,5,12,0.8333333333333334,0.8809032512955723,0.75,0.9042075701129155,0.6666666666666666,0.8568221218509844,0.75,0.8366250455426204,0.75,0.8537148793420054,5
20,5,6,0.6666666666666666,0.7202631098205856,0.6666666666666666,0.6108795230009858,0.6666666666666666,0.6108795230009858,0.3333333333333333,0.3633759833329081,0.3333333333333333,0.40787100170020296,5
20,5,12,0.9166666666666666,0.8917786000769992,0.75,0.8630366068689427,0.75,0.8630366068689427,0.6666666666666666,0.7302019896100864,0.6666666666666666,0.7659352784633461,5
20,5,6,0.6666666666666666,0.7045044574821687,0.5,0.4644167542086402,0.6666666666666666,0.5756543001268773,0.3333333333333333,0.46534373375795884,0.3333333333333333,0.5339402204075384,5
20,5,12,1.0,0.9368336164571961,0.6666666666666666,0.7636048465816118,0.6666666666666666,0.7636048465816118,0.6666666666666666,0.728648368355597,0.6666666666666666,0.7674888997178355,5
20,5,6,0.6666666666666666,0.6488856845230502,0.5,0.6442507867764569,0.3333333333333333,0.5395020977034503,0.6666666666666666,0.6349809912832706,0.6666666666666666,0.6368349503819077,6
20,5,12,0.6666666666666666,0.8226424542522145,0.8333333333333334,0.8871177363135305,0.8333333333333334,0.8599293643599635,0.5833333333333334,0.8063294310800742,0.5833333333333334,0.7845787335172205,6
20,5,6,0.6666666666666666,0.7471455167508264,1.0,0.8073991874565382,1.0,0.8073991874565382,0.5,0.6405428685791823,0.5,0.6479587049737315,6
20,5,12,0.9166666666666666,0.9469321546113779,0.6666666666666666,0.8708047131413904,0.6666666666666666,0.8708047131413904,0.8333333333333334,0.9368336164571961,0.8333333333333334,0.9492625864931123,6
20,5,6,0.6666666666666666,0.7619771895399248,0.6666666666666666,0.7814437600756161,0.8333333333333334,0.7972024124140331,0.3333333333333333,0.5839971160707451,0.3333333333333333,0.537648138604813,6
20,5,12,0.8333333333333334,0.9158597295215872,0.8333333333333334,0.899546706349447,0.8333333333333334,0.8941090319587335,0.6666666666666666,0.7939004610441577,0.6666666666666666,0.8109902948435429,6
20,5,6,1.0,0.8092531465551756,0.5,0.7082123756794434,0.6666666666666666,0.7832977191742535,0.5,0.5756543001268773,0.5,0.5756543001268773,6
20,5,12,0.9166666666666666,0.9616915565290286,0.8333333333333334,0.9337263739482169,0.8333333333333334,0.9337263739482169,0.6666666666666666,0.814097537352522,0.6666666666666666,0.8311873711519068,6
20,5,6,0.5,0.6553745413682807,0.5,0.7619771895399248,0.6666666666666666,0.7675390668358364,0.3333333333333333,0.6145874411982604,0.3333333333333333,0.6294191139873587,6
20,5,12,0.75,0.9166365401488319,0.9166666666666666,0.9663524202924973,0.9166666666666666,0.9383872377116855,0.6666666666666666,0.8257496967611936,0.6666666666666666,0.8630366068689427,6
20,5,6,0.5,0.6247842162407654,0.5,0.7082123756794434,0.5,0.7202631098205856,0.16666666666666666,0.47461352925114525,0.16666666666666666,0.4783214474484198,6
20,5,12,0.8333333333333334,0.8979930850949573,0.75,0.8801264406683276,0.75,0.9212974039123005,0.5833333333333334,0.7946772716714026,0.5833333333333334,0.8226424542522145,6
20,5,6,0.5,0.6868918460451146,0.6666666666666666,0.7832977191742535,0.6666666666666666,0.7832977191742535,0.3333333333333333,0.5747273205775587,0.3333333333333333,0.5524798113939113,6
20,5,12,0.8333333333333334,0.9189669720305661,0.9166666666666666,0.9282886995575035,0.75,0.8583757431054739,0.6666666666666666,0.7799178697537518,0.6666666666666666,0.8047758098255846,6
20,5,6,0.6666666666666666,0.7313868644124095,0.8333333333333334,0.7508534349481009,0.8333333333333334,0.7369487417083213,0.6666666666666666,0.7406566599055958,0.6666666666666666,0.7425106190042331,6
20,5,12,0.9166666666666666,0.9438249121023989,0.6666666666666666,0.8451699624423127,0.6666666666666666,0.8451699624423127,0.75,0.8241960755067039,0.75,0.8366250455426204,6
20,5,6,0.8333333333333334,0.7795898009769788,0.8333333333333334,0.7814437600756161,0.8333333333333334,0.6841109073971586,0.8333333333333334,0.7795898009769788,0.8333333333333334,0.7795898009769788,7
20,5,12,0.9166666666666666,0.9492625864931123,0.8333333333333334,0.9174133507760767,0.8333333333333334,0.8840104938045514,0.8333333333333334,0.9244046464212797,0.8333333333333334,0.9228510251667901,7
20,5,6,0.6666666666666666,0.748072496300145,0.5,0.5469179340979995,0.3333333333333333,0.39860120620701656,0.5,0.5839971160707451,0.5,0.5914129524652942,7
20,5,12,0.8333333333333334,0.9135292976398529,0.6666666666666666,0.8661438493779217,0.6666666666666666,0.8544916899692501,0.5833333333333334,0.7185498302014148,0.5833333333333334,0.7775874378720177,7
20,5,6,0.8333333333333334,0.7795898009769788,0.6666666666666666,0.6145874411982604,0.6666666666666666,0.7239710280178603,0.5,0.6757680914532908,0.5,0.696161641538301,7
20,5,12,0.8333333333333334,0.8746887662776142,0.6666666666666666,0.8731351450231247,0.6666666666666666,0.9003235169766918,0.75,0.899546706349447,0.75,0.9352799952027064,7
20,5,6,0.8333333333333334,0.7795898009769788,0.8333333333333334,0.7934944942167584,1.0,0.8073991874565382,0.8333333333333334,0.7777358418783417,0.8333333333333334,0.7795898009769788,7
20,5,12,0.9166666666666666,0.9601379352745393,0.9166666666666666,0.9578075033928048,0.8333333333333334,0.8762423875321038,0.75,0.8296337498974173,0.75,0.8498308262057814,7
20,5,6,1.0,0.8092531465551756,0.6666666666666666,0.7415836394549143,0.6666666666666666,0.7415836394549143,0.8333333333333334,0.7638311486385619,0.8333333333333334,0.7675390668358364,7
20,5,12,0.75,0.9251814570485245,0.9166666666666666,0.9275118889302588,0.8333333333333334,0.8972162744677126,0.75,0.9205205932850558,0.75,0.929842320811993,7
20,5,6,0.8333333333333334,0.7703200054837925,0.8333333333333334,0.8111071056538126,0.5,0.7675390668358364,0.5,0.5812161774227893,0.5,0.696161641538301,7
20,5,12,0.9166666666666666,0.9096452445036289,0.6666666666666666,0.8700279025141455,0.6666666666666666,0.878572819413838,0.6666666666666666,0.7799178697537518,0.6666666666666666,0.848277204951292,7
20,5,6,0.6666666666666666,0.7165551916233112,0.6666666666666666,0.7082123756794434,0.5,0.7165551916233112,0.5,0.6776220505519281,0.5,0.696161641538301,7
20,5,12,0.9166666666666666,0.9049843807401602,0.6666666666666666,0.8731351450231247,0.6666666666666666,0.9236278357940348,0.75,0.9104220551308738,0.75,0.9337263739482169,7
20,5,6,0.6666666666666666,0.7397296803562773,0.3333333333333333,0.5265243840129893,0.5,0.6423968276778197,0.5,0.5914129524652942,0.5,0.5914129524652942,7
20,5,12,0.8333333333333334,0.9174133507760767,0.6666666666666666,0.8459467730695576,0.6666666666666666,0.8459467730695576,0.6666666666666666,0.7799178697537518,0.6666666666666666,0.8296337498974173,7
20,5,6,0.5,0.6924537233410264,0.0,0.3763536970233691,0.3333333333333333,0.4570009178140911,0.16666666666666666,0.5385751181541317,0.16666666666666666,0.5552607500418671,8
20,5,12,0.8333333333333334,0.8886713575680202,0.5833333333333334,0.7309788002373312,0.6666666666666666,0.8063294310800742,0.5833333333333334,0.6571817906490778,0.5833333333333334,0.6851469732298896,8
20,5,6,0.8333333333333334,0.7879326169208466,0.6666666666666666,0.68318392784784,0.6666666666666666,0.6720601732560162,0.5,0.6294191139873587,0.5,0.6368349503819077,8
20,5,12,0.75,0.8840104938045514,1.0,0.9647987990380079,0.9166666666666666,0.8855641150590411,0.75,0.8591525537327188,0.75,0.8917786000769992,8
20,5,6,0.8333333333333334,0.7462185372015077,0.6666666666666666,0.7517804144974195,0.6666666666666666,0.7378757212576399,0.3333333333333333,0.35503316738904034,0.3333333333333333,0.366156921980864,8
20,5,12,0.9166666666666666,0.9585843140200497,0.75,0.8723583343958798,0.75,0.8544916899692501,0.5,0.7006831857747852,0.5,0.677378866957442,8
20,5,6,0.6666666666666666,0.7184091507219484,0.3333333333333333,0.6850378869464773,0.3333333333333333,0.7360217621590027,0.5,0.6442507867764569,0.5,0.6553745413682807,8
20,5,12,0.8333333333333334,0.8972162744677126,1.0,0.9616915565290286,0.9166666666666666,0.9477089652386228,0.75,0.8086598629618085,0.75,0.861482985614453,8
20,5,6,0.6666666666666666,0.7341678030603653,0.6666666666666666,0.6859648664957959,0.6666666666666666,0.696161641538301,0.3333333333333333,0.4013821448549724,0.3333333333333333,0.4236296540386199,8
20,5,12,0.8333333333333334,0.9407176695934198,0.6666666666666666,0.7573903615636535,0.75,0.8156511586070114,0.5833333333333334,0.6486368737493853,0.5833333333333334,0.707674481419988,8
20,5,6,0.3333333333333333,0.6090255639023484,0.8333333333333334,0.7119202938767178,0.8333333333333334,0.7258249871164975,0.3333333333333333,0.5580416886898232,0.3333333333333333,0.6322000526353145,8
20,5,12,0.9166666666666666,0.9049843807401602,0.8333333333333334,0.8925554107042439,0.75,0.8265265073884384,0.75,0.8304105605246621,0.75,0.8599293643599635,8
20,5,6,0.6666666666666666,0.6887458051437517,0.3333333333333333,0.49408009978683676,0.5,0.5274513635623079,0.16666666666666666,0.39211234936178607,0.16666666666666666,0.4013821448549724,8
20,5,12,0.8333333333333334,0.9119756763853633,0.6666666666666666,0.8692510918869008,0.75,0.9220742145395454,0.5833333333333334,0.7053440495382537,0.5833333333333334,0.7737033847357938,8
20,5,6,0.6666666666666666,0.7267519666658162,0.6666666666666666,0.7258249871164975,0.6666666666666666,0.7258249871164975,0.3333333333333333,0.5719463819296028,0.3333333333333333,0.6053176457050738,8
20,5,12,0.8333333333333334,0.8894481681952648,0.75,0.9042075701129155,0.6666666666666666,0.8715815237686351,0.6666666666666666,0.817204779861501,0.6666666666666666,0.8529380687147605,8
20,5,6,0.8333333333333334,0.7934944942167584,0.5,0.6053176457050738,0.6666666666666666,0.6627903777628298,0.5,0.6451777663257756,0.5,0.654447561818962,9
20,5,12,0.75,0.9096452445036289,0.5833333333333334,0.7814714910082414,0.5833333333333334,0.7814714910082414,0.6666666666666666,0.8187584011159905,0.6666666666666666,0.8436163411878232,9
20,5,6,0.6666666666666666,0.748072496300145,0.8333333333333334,0.7953484533153957,0.8333333333333334,0.7953484533153957,0.6666666666666666,0.6989425801862569,0.6666666666666666,0.7119202938767178,9
20,5,12,0.8333333333333334,0.9220742145395454,0.75,0.9313959420664826,0.8333333333333334,0.919743782657811,0.6666666666666666,0.7659352784633461,0.6666666666666666,0.7845787335172205,9
20,5,6,0.5,0.6887458051437517,0.8333333333333334,0.7916405351181213,0.8333333333333334,0.7916405351181213,0.5,0.5969748297612062,0.5,0.6118065025503046,9
20,5,12,0.8333333333333334,0.8917786000769992,0.8333333333333334,0.9236278357940348,0.8333333333333334,0.9236278357940348,0.75,0.7845787335172205,0.75,0.8063294310800742,9
20,5,6,0.8333333333333334,0.7035774779328501,0.6666666666666666,0.7675390668358364,0.6666666666666666,0.7499264553987822,0.16666666666666666,0.5747273205775587,0.16666666666666666,0.5802891978734706,9
20,5,12,0.8333333333333334,0.9446017227296438,0.8333333333333334,0.8816800619228172,0.8333333333333334,0.8816800619228172,0.6666666666666666,0.7814714910082414,0.6666666666666666,0.8467235836968023,9
20,5,6,0.6666666666666666,0.7341678030603653,0.6666666666666666,0.7100663347780807,0.8333333333333334,0.7360217621590027,0.6666666666666666,0.6433238072271383,0.6666666666666666,0.6488856845230502,9
20,5,12,0.9166666666666666,0.953923450256581,0.8333333333333334,0.929842320811993,0.8333333333333334,0.929842320811993,0.75,0.8241960755067039,0.75,0.8537148793420054,9
20,5,6,0.6666666666666666,0.7035774779328501,0.5,0.7397296803562773,0.5,0.7397296803562773,0.16666666666666666,0.5728733614789215,0.16666666666666666,0.5747273205775587,9
20,5,12,0.8333333333333334,0.9446017227296438,0.8333333333333334,0.9251814570485245,0.8333333333333334,0.9251814570485245,0.6666666666666666,0.7985613248076264,0.6666666666666666,0.8575989324782292,9
20,5,6,0.6666666666666666,0.722117068919223,0.8333333333333334,0.7276789462151347,0.6666666666666666,0.7119202938767178,0.5,0.4838833247443317,0.5,0.44865810187022326,9
20,5,12,0.8333333333333334,0.9446017227296438,0.75,0.8715815237686351,0.6666666666666666,0.8319641817791517,0.6666666666666666,0.7667120890905907,0.6666666666666666,0.7682657103450802,9
20,5,6,0.8333333333333334,0.774027923681067,1.0,0.8111071056538126,0.8333333333333334,0.7693930259344738,0.6666666666666666,0.6257111957900842,0.6666666666666666,0.6423968276778197,9
20,5,12,0.8333333333333334,0.9360568058299513,0.9166666666666666,0.9593611246472945,0.8333333333333334,0.8575989324782292,0.75,0.7597207934453879,0.75,0.8156511586070114,9
20,5,6,0.6666666666666666,0.7082123756794434,0.3333333333333333,0.5960478502118874,0.3333333333333333,0.5960478502118874,0.5,0.5311592817595825,0.5,0.55340679094323,10
20,5,12,0.75,0.8420627199333338,0.75,0.7884627866534445,0.6666666666666666,0.6696107606849941,0.5833333333333334,0.6129035848961257,0.5833333333333334,0.622225312423063,10
20,5,6,0.6666666666666666,0.7286059257644535,0.8333333333333334,0.7675390668358364,0.6666666666666666,0.6702062141573789,0.6666666666666666,0.7072853961301246,0.6666666666666666,0.7258249871164975,10
20,5,12,0.8333333333333334,0.8754655769048589,0.75,0.9111988657581186,0.75,0.9111988657581186,0.6666666666666666,0.8296337498974173,0.6666666666666666,0.8529380687147605,10
20,5,6,0.6666666666666666,0.6776220505519281,0.3333333333333333,0.5163276089704841,0.3333333333333333,0.4625627951100029,0.5,0.5487718931966367,0.5,0.550625852295274,10
20,5,12,0.75,0.8265265073884384,0.75,0.797007703553137,0.6666666666666666,0.673494813821218,0.6666666666666666,0.6672803288032599,0.6666666666666666,0.7340860427463104,10
20,5,6,0.6666666666666666,0.7443645781028705,0.5,0.6868918460451146,0.5,0.6868918460451146,0.16666666666666666,0.40879798124952155,0.16666666666666666,0.3939663084604233,10
20,5,12,0.8333333333333334,0.8925554107042439,0.8333333333333334,0.8645902281234322,0.8333333333333334,0.8645902281234322,0.6666666666666666,0.6890310263661136,0.6666666666666666,0.758943982818143,10
20,5,6,0.8333333333333334,0.8055452283579009,0.5,0.6664982959601043,0.6666666666666666,0.7202631098205856,0.6666666666666666,0.6683522550587417,0.6666666666666666,0.6943076824396638,10
20,5,12,0.9166666666666666,0.9446017227296438,0.5833333333333334,0.7426309596460029,0.6666666666666666,0.7597207934453879,0.6666666666666666,0.7923468397896682,0.6666666666666666,0.8125439160980323,10
20,5,6,0.6666666666666666,0.7165551916233112,0.6666666666666666,0.6507396436216875,0.6666666666666666,0.6507396436216875,0.0,0.3225888831628878,0.0,0.31702700586697596,10
20,5,12,0.8333333333333334,0.895662653213223,0.8333333333333334,0.8925554107042439,0.8333333333333334,0.8925554107042439,0.5,0.6028050467419437,0.5,0.6214485017958182,10
20,5,6,0.6666666666666666,0.7147012325246738,0.6666666666666666,0.6053176457050738,0.5,0.4875912429416063,0.6666666666666666,0.6915267437917079,0.6666666666666666,0.7119202938767178,10
20,5,12,0.9166666666666666,0.9049843807401602,0.75,0.8700279025141455,0.75,0.8700279025141455,0.6666666666666666,0.7224338833376387,0.6666666666666666,0.7379700958825343,10
20,5,6,0.6666666666666666,0.6924537233410264,0.8333333333333334,0.7397296803562773,0.6666666666666666,0.6127334820996231,0.5,0.5487718931966367,0.5,0.5524798113939113,10
20,5,12,0.8333333333333334,0.8552685005964948,0.75,0.8987698957222022,0.6666666666666666,0.8249728861339488,0.6666666666666666,0.7410773383915132,0.6666666666666666,0.7814714910082414,10
20,5,6,0.5,0.537648138604813,0.8333333333333334,0.7517804144974195,0.8333333333333334,0.7517804144974195,0.5,0.5432100159007248,0.5,0.5413560568020876,11
20,5,12,0.9166666666666666,0.861482985614453,0.9166666666666666,0.9143061082670977,0.9166666666666666,0.9065380019946498,0.9166666666666666,0.8630366068689427,0.9166666666666666,0.9329495633209722,11
20,5,6,0.6666666666666666,0.5979018093105248,1.0,0.8111071056538126,1.0,0.8111071056538126,0.5,0.4579278973634097,0.5,0.5024229157307045,11
20,5,12,0.8333333333333334,0.9080916232491394,0.8333333333333334,0.9469321546113779,0.75,0.9057611913674051,0.8333333333333334,0.868474281259656,0.8333333333333334,0.919743782657811,11
20,5,6,0.8333333333333334,0.7425106190042331,0.8333333333333334,0.7119202938767178,0.8333333333333334,0.7119202938767178,0.8333333333333334,0.6563015209175994,0.8333333333333334,0.680402989199884,11
20,5,12,0.9166666666666666,0.9212974039123005,0.8333333333333334,0.9282886995575035,0.8333333333333334,0.9228510251667901,0.8333333333333334,0.895662653213223,0.8333333333333334,0.9158597295215872,11
20,5,6,0.5,0.6841109073971586,0.6666666666666666,0.7202631098205856,0.8333333333333334,0.7638311486385619,0.5,0.6322000526353145,0.5,0.6563015209175994,11
20,5,12,0.9166666666666666,0.9166365401488319,0.9166666666666666,0.9609147459017842,0.8333333333333334,0.919743782657811,0.6666666666666666,0.8241960755067039,0.6666666666666666,0.8366250455426204,11
20,5,6,0.6666666666666666,0.7211900893699044,0.6666666666666666,0.7378757212576399,0.6666666666666666,0.7202631098205856,0.5,0.49500707933615545,0.5,0.6247842162407654,11
20,5,12,0.9166666666666666,0.9345031845754617,0.75,0.8599293643599635,0.8333333333333334,0.9290655101847483,0.75,0.8288569392701726,0.75,0.8739119556503695,11
20,5,6,0.8333333333333334,0.7397296803562773,0.3333333333333333,0.3828425538685996,0.3333333333333333,0.3828425538685996,0.3333333333333333,0.49593405888547404,0.3333333333333333,0.5126196907732096,11
20,5,12,0.8333333333333334,0.9461553439841334,0.5833333333333334,0.8241960755067039,0.5833333333333334,0.7573903615636535,0.5,0.7946772716714026,0.5,0.8133207267252771,11
20,5,6,1.0,0.8111071056538126,0.16666666666666666,0.31702700586697596,0.16666666666666666,0.31702700586697596,0.5,0.5367211590554943,0.5,0.5441369954500435,11
20,5,12,0.9166666666666666,0.9663524202924973,0.5833333333333334,0.8047758098255846,0.5833333333333334,0.8133207267252771,0.5,0.7045672389110089,0.5,0.810213484216298,11
20,5,6,0.5,0.6312730730859959,0.6666666666666666,0.7165551916233112,0.6666666666666666,0.7165551916233112,0.6666666666666666,0.7045044574821687,0.6666666666666666,0.7360217621590027,11
20,5,12,0.8333333333333334,0.8863409256862858,0.9166666666666666,0.9407176695934198,0.9166666666666666,0.9407176695934198,0.6666666666666666,0.8304105605246621,0.6666666666666666,0.8366250455426204,11
20,5,6,0.6666666666666666,0.7693930259344738,0.8333333333333334,0.7693930259344738,0.6666666666666666,0.6646443368614672,0.5,0.7202631098205856,0.5,0.7258249871164975,12
20,5,12,1.0,0.9585843140200497,0.8333333333333334,0.9018771382311813,0.8333333333333334,0.9282886995575035,0.75,0.8016685673166055,0.75,0.8296337498974173,12
20,5,6,0.6666666666666666,0.7795898009769788,0.8333333333333334,0.7675390668358364,0.8333333333333334,0.7675390668358364,0.3333333333333333,0.5886320138173384,0.3333333333333333,0.5775082592255146,12
20,5,12,1.0,0.9632451777835183,0.8333333333333334,0.8979930850949573,0.8333333333333334,0.8979930850949573,0.75,0.8234192648794592,0.75,0.8218656436249696,12
20,5,6,1.0,0.8111071056538126,0.5,0.6247842162407654,0.5,0.6247842162407654,0.3333333333333333,0.4273375722358945,0.3333333333333333,0.4532929996168165,12
20,5,12,0.8333333333333334,0.950816207747602,0.6666666666666666,0.8669206600051664,0.6666666666666666,0.8669206600051664,0.5833333333333334,0.810213484216298,0.5833333333333334,0.861482985614453,12
20,5,6,0.8333333333333334,0.7953484533153957,0.8333333333333334,0.7953484533153957,0.8333333333333334,0.7953484533153957,0.5,0.6294191139873587,0.5,0.6294191139873587,12
20,5,12,0.9166666666666666,0.9492625864931123,0.8333333333333334,0.9228510251667901,0.8333333333333334,0.9228510251667901,0.8333333333333334,0.8412859093060889,0.8333333333333334,0.8708047131413904,12
20,5,6,0.6666666666666666,0.7462185372015077,0.5,0.6692792346080604,0.5,0.7026504983835313,0.5,0.6080985843530299,0.5,0.615514420747579,12
20,5,12,0.8333333333333334,0.9003235169766918,0.8333333333333334,0.8591525537327188,0.8333333333333334,0.8917786000769992,0.6666666666666666,0.7721497634813042,0.6666666666666666,0.8063294310800742,12
20,5,6,0.8333333333333334,0.7916405351181213,0.8333333333333334,0.7972024124140331,0.6666666666666666,0.7239710280178603,0.5,0.5580416886898232,0.5,0.5710194023802841,12
20,5,12,0.9166666666666666,0.9414944802206647,0.9166666666666666,0.9453785333568886,0.75,0.8855641150590411,0.75,0.8063294310800742,0.75,0.8156511586070114,12
20,5,6,0.8333333333333334,0.7897865760194839,0.8333333333333334,0.7795898009769788,0.6666666666666666,0.7276789462151347,0.5,0.5728733614789215,0.5,0.5524798113939113,12
20,5,12,1.0,0.953923450256581,0.8333333333333334,0.895662653213223,0.75,0.8902249788225097,0.6666666666666666,0.783025112262731,0.6666666666666666,0.7954540822986473,12
20,5,6,1.0,0.8073991874565382,0.3333333333333333,0.5802891978734706,0.3333333333333333,0.5802891978734706,0.3333333333333333,0.46812467240591477,0.3333333333333333,0.46812467240591477,12
20,5,12,0.9166666666666666,0.9663524202924973,0.75,0.9011003276039364,0.75,0.8661438493779217,0.75,0.7636048465816118,0.75,0.8179815904887457,12
20,5,6,0.8333333333333334,0.7666120872865179,0.6666666666666666,0.8073991874565382,0.6666666666666666,0.8073991874565382,0.6666666666666666,0.7128472734260366,0.6666666666666666,0.722117068919223,13
20,5,12,0.8333333333333334,0.9492625864931123,0.9166666666666666,0.9593611246472945,0.8333333333333334,0.9244046464212797,0.75,0.9228510251667901,0.75,0.9383872377116855,13
20,5,6,0.8333333333333334,0.7471455167508264,0.6666666666666666,0.7276789462151347,0.5,0.6127334820996231,0.5,0.6053176457050738,0.5,0.6405428685791823,13
20,5,12,0.75,0.878572819413838,0.8333333333333334,0.9088684338763842,0.8333333333333334,0.9158597295215872,0.5833333333333334,0.7690425209723251,0.5833333333333334,0.7799178697537518,13
20,5,6,0.6666666666666666,0.7721739645824296,0.8333333333333334,0.7814437600756161,0.6666666666666666,0.6627903777628298,0.8333333333333334,0.7842246987235721,0.8333333333333334,0.7972024124140331,13
20,5,12,0.9166666666666666,0.950816207747602,0.75,0.9166365401488319,0.75,0.9166365401488319,0.8333333333333334,0.9135292976398529,0.8333333333333334,0.9244046464212797,13
20,5,6,0.8333333333333334,0.7638311486385619,0.6666666666666666,0.7258249871164975,0.6666666666666666,0.7258249871164975,0.5,0.5181815680691215,0.5,0.5422830363514062,13
20,5,12,0.9166666666666666,0.9205205932850558,0.8333333333333334,0.9352799952027064,0.75,0.8754655769048589,0.75,0.8428395305605785,0.75,0.878572819413838,13
20,5,6,0.6666666666666666,0.7109933143273992,0.8333333333333334,0.7972024124140331,0.6666666666666666,0.7832977191742535,0.5,0.6776220505519281,0.5,0.6887458051437517,13
20,5,12,0.8333333333333334,0.9477089652386228,0.8333333333333334,0.9368336164571961,0.75,0.9267350783030139,0.6666666666666666,0.8894481681952648,0.6666666666666666,0.912752487012608,13
20,5,6,0.5,0.6813299687492026,0.5,0.6794760096505654,0.5,0.6294191139873587,0.3333333333333333,0.5293053226609452,0.3333333333333333,0.5311592817595825,13
20,5,12,0.9166666666666666,0.8878945469407754,0.8333333333333334,0.950816207747602,0.8333333333333334,0.9306191314392378,0.75,0.8008917566893609,0.75,0.8521612580875157,13
20,5,6,0.8333333333333334,0.7536343735960569,0.6666666666666666,0.6349809912832706,0.5,0.6238572366914468,0.5,0.6776220505519281,0.5,0.6868918460451146,13
20,5,12,1.0,0.9663524202924973,0.75,0.7977845141803817,0.6666666666666666,0.7325324214918207,0.75,0.8560453112237397,0.75,0.8669206600051664,13
20,5,6,0.8333333333333334,0.7638311486385619,0.6666666666666666,0.7517804144974195,0.6666666666666666,0.7517804144974195,0.5,0.5969748297612062,0.5,0.621076298043491,13
20,5,12,0.8333333333333334,0.9003235169766918,0.75,0.9352799952027064,0.75,0.9352799952027064,0.6666666666666666,0.8257496967611936,0.6666666666666666,0.8475003943240472,13
20,5,6,0.6666666666666666,0.6850378869464773,0.16666666666666666,0.4811023860963758,0.3333333333333333,0.6294191139873587,0.3333333333333333,0.4532929996168165,0.3333333333333333,0.5923399320146129,14
20,5,12,0.8333333333333334,0.8692510918869008,0.5,0.7239875045921282,0.5833333333333334,0.7690425209723251,0.5833333333333334,0.6408687674769376,0.5833333333333334,0.6579586012763226,14
20,5,6,0.6666666666666666,0.7026504983835313,0.3333333333333333,0.5302323022102639,0.3333333333333333,0.5302323022102639,0.3333333333333333,0.47554050880046395,0.3333333333333333,0.4811023860963758,14
20,5,12,0.8333333333333334,0.8226424542522145,0.6666666666666666,0.7309788002373312,0.6666666666666666,0.6804861094664209,0.5,0.6028050467419437,0.5,0.6198948805413287,14
20,5,6,0.6666666666666666,0.6970886210876195,0.3333333333333333,0.47183259060318933,0.3333333333333333,0.4115789198974776,0.16666666666666666,0.21969415318851843,0.16666666666666666,0.24564958056944042,14
20,5,12,0.8333333333333334,0.7838019228899757,0.5833333333333334,0.5958137510967407,0.5833333333333334,0.6167876380323497,0.5833333333333334,0.6097963423871466,0.5833333333333334,0.6331006612044898,14
20,5,6,0.5,0.6776220505519281,0.6666666666666666,0.7536343735960569,0.6666666666666666,0.7536343735960569,0.3333333333333333,0.5330132408582198,0.3333333333333333,0.5441369954500435,14
20,5,12,0.8333333333333334,0.8506076368330263,0.8333333333333334,0.8715815237686351,0.8333333333333334,0.8715815237686351,0.5,0.595036940469496,0.5,0.577947106670111,14
20,5,6,0.6666666666666666,0.6813299687492026,0.8333333333333334,0.7554883326946942,0.8333333333333334,0.7675390668358364,0.5,0.5154006294211656,0.5,0.5598956477884605,14
20,5,12,0.75,0.861482985614453,0.8333333333333334,0.9391640483389304,0.6666666666666666,0.8638134174961873,0.5833333333333334,0.7993381354348713,0.5833333333333334,0.8537148793420054,14
20,5,6,0.6666666666666666,0.7128472734260366,0.16666666666666666,0.3967472471083792,0.3333333333333333,0.46719769285659607,0.3333333333333333,0.5237434453650334,0.3333333333333333,0.5404290772527689,14
20,5,12,0.8333333333333334,0.7884627866534445,0.5833333333333334,0.6595122225308121,0.5833333333333334,0.5126950139815502,0.5833333333333334,0.6331006612044898,0.5833333333333334,0.6579586012763226,14
20,5,6,0.6666666666666666,0.6794760096505654,0.6666666666666666,0.7536343735960569,0.6666666666666666,0.722117068919223,0.3333333333333333,0.3846965129672369,0.3333333333333333,0.5367211590554943,14
20,5,12,0.8333333333333334,0.8001149460621161,0.8333333333333334,0.9181901614033214,0.8333333333333334,0.8917786000769992,0.6666666666666666,0.6843701626026448,0.6666666666666666,0.6859237838571345,14
20,5,6,0.6666666666666666,0.5997557684091622,0.3333333333333333,0.5997557684091622,0.3333333333333333,0.5997557684091622,0.3333333333333333,0.49222614068819953,0.3333333333333333,0.5126196907732096,14
20,5,12,0.9166666666666666,0.8226424542522145,0.6666666666666666,0.7333092321190655,0.6666666666666666,0.7333092321190655,0.6666666666666666,0.6750484350757076,0.6666666666666666,0.6797092988391762,14
20,5,6,0.8333333333333334,0.7916405351181213,0.16666666666666666,0.40879798124952155,0.3333333333333333,0.35781410603699626,0.5,0.5886320138173384,0.5,0.5107657316745724,15
20,5,12,0.9166666666666666,0.9282886995575035,0.5833333333333334,0.7775874378720177,0.5833333333333334,0.7775874378720177,0.5,0.7224338833376387,0.5,0.7503990659184505,15
20,5,6,0.8333333333333334,0.7972024124140331,0.0,0.3420554536985793,0.16666666666666666,0.34854431054380974,0.3333333333333333,0.5126196907732096,0.3333333333333333,0.5126196907732096,15
20,5,12,0.8333333333333334,0.899546706349447,0.5833333333333334,0.639315146222448,0.5833333333333334,0.7791410591265071,0.5833333333333334,0.7387469065097789,0.5833333333333334,0.6859237838571345,15
20,5,6,0.6666666666666666,0.7119202938767178,0.6666666666666666,0.6748411119039721,0.8333333333333334,0.6887458051437517,0.3333333333333333,0.4783214474484198,0.3333333333333333,0.5098387521252536,15
20,5,12,1.0,0.9492625864931123,0.75,0.9368336164571961,0.75,0.9368336164571961,0.8333333333333334,0.8661438493779217,0.8333333333333334,0.9453785333568886,15
20,5,6,0.8333333333333334,0.7842246987235721,0.3333333333333333,0.36244900378358946,0.3333333333333333,0.5367211590554943,0.5,0.602536707057118,0.5,0.6192223389448536,15
20,5,12,1.0,0.9477089652386228,0.5833333333333334,0.666503518176015,0.6666666666666666,0.8226424542522145,0.5,0.762828035954367,0.5,0.7768106272447729,15
20,5,6,0.5,0.6646443368614672,0.6666666666666666,0.7795898009769788,0.5,0.680402989199884,0.5,0.6498126640723688,0.5,0.6776220505519281,15
20,5,12,0.8333333333333334,0.9345031845754617,0.8333333333333334,0.9453785333568886,0.75,0.9080916232491394,0.8333333333333334,0.8847873044317963,0.8333333333333334,0.8987698957222022,15
20,5,6,0.8333333333333334,0.7972024124140331,0.3333333333333333,0.5014959361813859,0.5,0.615514420747579,0.3333333333333333,0.4532929996168165,0.3333333333333333,0.4532929996168165,15
20,5,12,0.9166666666666666,0.9150829188943423,0.6666666666666666,0.8078830523345638,0.6666666666666666,0.8824568725500619,0.5,0.7224338833376387,0.5,0.7488454446639611,15
20,5,6,0.6666666666666666,0.7109933143273992,0.8333333333333334,0.8073991874565382,0.6666666666666666,0.6080985843530299,0.5,0.5524798113939113,0.5,0.589558993366657,15
20,5,12,0.9166666666666666,0.9469321546113779,0.75,0.9228510251667901,0.75,0.9111988657581186,0.8333333333333334,0.9065380019946498,0.8333333333333334,0.9438249121023989,15
20,5,6,0.6666666666666666,0.7527073940467383,0.6666666666666666,0.6386889094805451,0.5,0.5496988727459554,0.3333333333333333,0.44587716322226734,0.3333333333333333,0.47183259060318933,15
20,5,12,0.9166666666666666,0.9352799952027064,0.75,0.8630366068689427,0.6666666666666666,0.8210888329977248,0.6666666666666666,0.6649498969215255,0.6666666666666666,0.6944687007568268,15
20,5,6,0.8333333333333334,0.7601232304412874,0.6666666666666666,0.5988287888598435,0.8333333333333334,0.7638311486385619,0.8333333333333334,0.7035774779328501,0.8333333333333334,0.7258249871164975,16
20,5,12,0.75,0.9205205932850558,0.75,0.8902249788225097,0.75,0.8700279025141455,0.5833333333333334,0.7721497634813042,0.5833333333333334,0.8078830523345638,16
20,5,6,0.3333333333333333,0.6451777663257756,0.5,0.6247842162407654,0.6666666666666666,0.6785490301012469,0.16666666666666666,0.42919153133453175,0.16666666666666666,0.43846132682771816,16
20,5,12,0.8333333333333334,0.8809032512955723,0.75,0.8218656436249696,0.75,0.8218656436249696,0.5833333333333334,0.6719411925667286,0.5833333333333334,0.7061208601654984,16
20,5,6,0.8333333333333334,0.7545613531453755,0.8333333333333334,0.7499264553987822,0.8333333333333334,0.7499264553987822,0.6666666666666666,0.5997557684091622,0.6666666666666666,0.6071716048037112,16
20,5,12,0.75,0.8964394638404679,0.75,0.895662653213223,0.6666666666666666,0.8537148793420054,0.5833333333333334,0.7651584678361013,0.5833333333333334,0.793123650416913,16
20,5,6,0.8333333333333334,0.7545613531453755,0.8333333333333334,0.6980156006369382,0.8333333333333334,0.6980156006369382,0.6666666666666666,0.5784352387748333,0.6666666666666666,0.5914129524652942,16
20,5,12,0.8333333333333334,0.9376104270844408,0.6666666666666666,0.8381786667971098,0.75,0.8715815237686351,0.5833333333333334,0.7814714910082414,0.5833333333333334,0.8001149460621161,16
20,5,6,0.8333333333333334,0.75826927134265,0.6666666666666666,0.7045044574821687,0.6666666666666666,0.7045044574821687,0.8333333333333334,0.7147012325246738,0.8333333333333334,0.7258249871164975,16
20,5,12,0.8333333333333334,0.9376104270844408,0.75,0.9065380019946498,0.75,0.9065380019946498,0.5833333333333334,0.7845787335172205,0.5833333333333334,0.8094366735890532,16
20,5,6,0.8333333333333334,0.75826927134265,0.8333333333333334,0.7536343735960569,0.8333333333333334,0.7536343735960569,0.8333333333333334,0.7202631098205856,0.8333333333333334,0.722117068919223,16
20,5,12,0.75,0.9220742145395454,0.8333333333333334,0.8972162744677126,0.8333333333333334,0.8972162744677126,0.5,0.7224338833376387,0.5,0.7255411258466179,16
20,5,6,0.8333333333333334,0.7471455167508264,0.6666666666666666,0.696161641538301,0.6666666666666666,0.696161641538301,0.6666666666666666,0.5849240956200639,0.6666666666666666,0.6090255639023484,16
20,5,12,0.75,0.899546706349447,0.75,0.8941090319587335,0.75,0.8809032512955723,0.5833333333333334,0.797007703553137,0.5833333333333334,0.8249728861339488,16
20,5,6,0.8333333333333334,0.7972024124140331,0.6666666666666666,0.6507396436216875,0.6666666666666666,0.6507396436216875,0.5,0.5163276089704841,0.5,0.5181815680691215,16
20,5,12,0.9166666666666666,0.9593611246472945,0.75,0.9026539488584261,0.75,0.9026539488584261,0.4166666666666667,0.660289033158057,0.4166666666666667,0.6742716244484629,16
20,5,6,0.5,0.7026504983835313,0.3333333333333333,0.5524798113939113,0.3333333333333333,0.5524798113939113,0.3333333333333333,0.5904859729159757,0.3333333333333333,0.6016097275077993,17
20,5,12,0.8333333333333334,0.9119756763853633,0.75,0.8513844474602711,0.75,0.8513844474602711,0.6666666666666666,0.7395237171370237,0.6666666666666666,0.7566135509364088,17
20,5,6,0.6666666666666666,0.7795898009769788,0.6666666666666666,0.7258249871164975,0.5,0.7045044574821687,0.6666666666666666,0.7795898009769788,0.6666666666666666,0.7814437600756161,17
20,5,12,0.9166666666666666,0.9531466396293363,0.75,0.8964394638404679,0.75,0.8964394638404679,0.75,0.8972162744677126,0.75,0.9111988657581186,17
20,5,6,0.6666666666666666,0.7202631098205856,0.16666666666666666,0.4495850814195419,0.16666666666666666,0.42084871539066393,0.3333333333333333,0.5747273205775587,0.3333333333333333,0.5839971160707451,17
20,5,12,0.9166666666666666,0.9251814570485245,0.75,0.8381786667971098,0.75,0.8397322880515995,0.75,0.7814714910082414,0.75,0.8125439160980323,17
20,5,6,0.6666666666666666,0.7499264553987822,0.5,0.5552607500418671,0.8333333333333334,0.7916405351181213,0.5,0.6127334820996231,0.5,0.6423968276778197,17
20,5,12,0.9166666666666666,0.9414944802206647,0.75,0.8490540155785367,0.8333333333333334,0.8793496300410827,0.6666666666666666,0.7659352784633461,0.6666666666666666,0.7814714910082414,17
20,5,6,0.8333333333333334,0.8055452283579009,0.5,0.5802891978734706,0.6666666666666666,0.6924537233410264,0.6666666666666666,0.6952346619889823,0.6666666666666666,0.7082123756794434,17
20,5,12,0.9166666666666666,0.9275118889302588,0.6666666666666666,0.8661438493779217,0.6666666666666666,0.8661438493779217,0.75,0.8125439160980323,0.75,0.8047758098255846,17
20,5,6,0.8333333333333334,0.8055452283579009,0.6666666666666666,0.6581554800162366,0.6666666666666666,0.5598956477884605,0.5,0.524670424914352,0.5,0.5580416886898232,17
20,5,12,0.8333333333333334,0.9150829188943423,0.6666666666666666,0.8210888329977248,0.75,0.844393151815068,0.6666666666666666,0.7690425209723251,0.6666666666666666,0.8420627199333338,17
20,5,6,0.8333333333333334,0.7916405351181213,0.8333333333333334,0.7953484533153957,0.8333333333333334,0.7953484533153957,0.6666666666666666,0.6229302571421281,0.6666666666666666,0.621076298043491,17
20,5,12,0.9166666666666666,0.9376104270844408,0.8333333333333334,0.929842320811993,0.75,0.919743782657811,0.6666666666666666,0.7838019228899757,0.6666666666666666,0.8241960755067039,17
20,5,6,0.6666666666666666,0.7388027008069586,0.5,0.7100663347780807,0.6666666666666666,0.7554883326946942,0.16666666666666666,0.48481030429365035,0.16666666666666666,0.4421692450249928,17
20,5,12,1.0,0.9647987990380079,0.8333333333333334,0.9111988657581186,0.8333333333333334,0.9111988657581186,0.6666666666666666,0.7597207934453879,0.6666666666666666,0.8001149460621161,17
20,5,6,0.5,0.6748411119039721,1.0,0.8073991874565382,1.0,0.8073991874565382,0.5,0.589558993366657,0.5,0.6192223389448536,18
20,5,12,0.9166666666666666,0.9228510251667901,0.8333333333333334,0.9166365401488319,0.8333333333333334,0.9166365401488319,0.75,0.7923468397896682,0.75,0.814097537352522,18
20,5,6,0.5,0.6989425801862569,0.5,0.5969748297612062,0.6666666666666666,0.6850378869464773,0.3333333333333333,0.586778054718701,0.3333333333333333,0.5960478502118874,18
20,5,12,0.9166666666666666,0.9376104270844408,0.75,0.9205205932850558,0.75,0.9205205932850558,0.6666666666666666,0.817204779861501,0.6666666666666666,0.8638134174961873,18
20,5,6,0.6666666666666666,0.7174821711726299,0.5,0.5154006294211656,0.5,0.5154006294211656,0.3333333333333333,0.5728733614789215,0.3333333333333333,0.5802891978734706,18
20,5,12,0.9166666666666666,0.9407176695934198,0.5833333333333334,0.7737033847357938,0.5833333333333334,0.8257496967611936,0.6666666666666666,0.8311873711519068,0.6666666666666666,0.865367038750677,18
20,5,6,0.8333333333333334,0.7897865760194839,0.8333333333333334,0.6859648664957959,0.8333333333333334,0.6859648664957959,0.5,0.5191085476184402,0.5,0.5302323022102639,18
20,5,12,0.8333333333333334,0.929842320811993,0.75,0.8575989324782292,0.75,0.8575989324782292,0.5833333333333334,0.7270947471011074,0.5833333333333334,0.7721497634813042,18
20,5,6,0.6666666666666666,0.6507396436216875,0.8333333333333334,0.6943076824396638,0.8333333333333334,0.6943076824396638,0.5,0.550625852295274,0.5,0.5673114841830096,18
20,5,12,0.75,0.8902249788225097,0.75,0.8327409924063964,0.75,0.8226424542522145,0.6666666666666666,0.8063294310800742,0.6666666666666666,0.8436163411878232,18
20,5,6,0.6666666666666666,0.7517804144974195,0.6666666666666666,0.7415836394549143,0.6666666666666666,0.722117068919223,0.6666666666666666,0.7304598848630908,0.6666666666666666,0.7360217621590027,18
20,5,12,0.9166666666666666,0.9321727526937273,0.8333333333333334,0.9469321546113779,0.8333333333333334,0.9469321546113779,0.6666666666666666,0.7573903615636535,0.6666666666666666,0.7853555441444654,18
20,5,6,0.5,0.6970886210876195,0.6666666666666666,0.7100663347780807,0.5,0.6034636866064367,0.3333333333333333,0.5765812796761961,0.3333333333333333,0.5765812796761961,18
20,5,12,0.9166666666666666,0.9329495633209722,0.6666666666666666,0.9096452445036289,0.6666666666666666,0.9096452445036289,0.6666666666666666,0.848277204951292,0.6666666666666666,0.8871177363135305,18
20,5,6,0.5,0.6896727846930705,0.6666666666666666,0.7656851077371992,0.6666666666666666,0.7795898009769788,0.3333333333333333,0.5793622183241519,0.3333333333333333,0.5960478502118874,18
20,5,12,0.9166666666666666,0.9391640483389304,0.9166666666666666,0.9477089652386228,0.8333333333333334,0.9492625864931123,0.6666666666666666,0.8405090986788442,0.6666666666666666,0.8715815237686351,18
20,5,6,0.8333333333333334,0.7916405351181213,0.8333333333333334,0.7972024124140331,0.6666666666666666,0.7137742529753552,0.5,0.7007965392848943,0.5,0.7082123756794434,19
20,5,12,1.0,0.967906041546987,0.8333333333333334,0.9174133507760767,0.8333333333333334,0.9174133507760767,0.8333333333333334,0.9135292976398529,0.8333333333333334,0.9383872377116855,19
20,5,6,0.6666666666666666,0.7341678030603653,0.3333333333333333,0.46812467240591477,0.3333333333333333,0.46812467240591477,0.5,0.5877050342680197,0.5,0.6118065025503046,19
20,5,12,0.9166666666666666,0.9515930183748468,0.75,0.9212974039123005,0.75,0.9096452445036289,0.5833333333333334,0.7123353451834568,0.5833333333333334,0.7620512253271221,19
20,5,6,0.6666666666666666,0.7619771895399248,0.5,0.5561877295911859,0.5,0.5561877295911859,0.3333333333333333,0.6164414002968976,0.3333333333333333,0.6349809912832706,19
20,5,12,0.75,0.8987698957222022,0.75,0.8374018561698652,0.75,0.8521612580875157,0.6666666666666666,0.7441845809004923,0.6666666666666666,0.8203120223704801,19
20,5,6,0.6666666666666666,0.7341678030603653,0.5,0.6108795230009858,0.5,0.6108795230009858,0.3333333333333333,0.5385751181541317,0.3333333333333333,0.5404290772527689,19
20,5,12,0.8333333333333334,0.9205205932850558,0.6666666666666666,0.7946772716714026,0.6666666666666666,0.7946772716714026,0.6666666666666666,0.7721497634813042,0.6666666666666666,0.8280801286429279,19
20,5,6,0.6666666666666666,0.7360217621590027,0.6666666666666666,0.6841109073971586,0.5,0.6034636866064367,0.5,0.6080985843530299,0.5,0.6192223389448536,19
20,5,12,0.9166666666666666,0.9523698290020914,0.75,0.8568221218509844,0.75,0.8568221218509844,0.5833333333333334,0.7721497634813042,0.5833333333333334,0.8156511586070114,19
20,5,6,0.6666666666666666,0.7397296803562773,0.5,0.6108795230009858,0.5,0.6108795230009858,0.3333333333333333,0.5385751181541317,0.3333333333333333,0.5441369954500435,19
20,5,12,0.8333333333333334,0.9111988657581186,0.5833333333333334,0.7674888997178355,0.5833333333333334,0.7845787335172205,0.6666666666666666,0.7573903615636535,0.6666666666666666,0.7946772716714026,19
20,5,6,1.0,0.8092531465551756,0.8333333333333334,0.7953484533153957,0.8333333333333334,0.7953484533153957,0.8333333333333334,0.7258249871164975,0.8333333333333334,0.7239710280178603,19
20,5,12,0.9166666666666666,0.9453785333568886,0.9166666666666666,0.9104220551308738,0.8333333333333334,0.8925554107042439,0.6666666666666666,0.8412859093060889,0.6666666666666666,0.8428395305605785,19
20,5,6,0.6666666666666666,0.7536343735960569,0.6666666666666666,0.6563015209175994,0.6666666666666666,0.6563015209175994,0.5,0.5404290772527689,0.5,0.5441369954500435,19
20,5,12,0.9166666666666666,0.8987698957222022,0.6666666666666666,0.8886713575680202,0.6666666666666666,0.8436163411878232,0.5,0.6548513587673435,0.5,0.7092281026744776,19
